lat,lon,event_date,event_date_start,event_date_end,event_date_count,event_date_status,event_date_raw,event_time_raw,inspection_date,inspection_date_raw,District,DSD,GND_Name,Risk_Level,HR_Priorit,Reference_,Ref_No,Ref_Code,GND_Num,Const_Type,Disast_Nat,Temp_Recom,Damage_Lvl,Revisit,Other_Btns,Field,Count_HR_P,Count_HR_1,Count_HR_2,Count_HR,Count_MR,Count_LR,Total_Risk,GND,ADM2_EN,event_key,rain_1d_mm,rain_3d_mm,rain_7d_mm,rain_14d_mm,rain_30d_mm,max_daily_rain_7d_mm,rainfall_days_7d,rainfall_source,rainfall_status,static_index,distance_to_static_km,soil_clay_0_30,soil_sand_0_30,soil_silt_0_30,soil_oc_0_30,soil_ph_0_30,soil_bd_0_30,soil_awc_0_30,soil_clay_gradient,soil_cec_0_30,soil_clay_60_100,fold,block_id,label,spatial_match_within_1km,event_observed,static_susceptibility_label,previous_event_count,total_events_at_static_location
7.153525,80.789001,2025-11-27,2025-11-27,2025-11-27,1,parsed_single,2025.11.27,,2026-01-25,2026.01.25,Nuwara Eliya,හඟුරන්කෙත ප්රා.ලේ.කො,දොඩම්කුඹුර,HR1,HR1,,NBRI/NE/HKD/2026/LY/68),NBRI/NE/HKD/2026/LY/68),,House / නිවාස,Slope failures / බැවුම් අස්ථාවරවීම්,Resettle / නැවත පදිංචිකිරීම,Fully / පුර්ණහානි,,,,1.0,,,,4.0,,5,,Nuwara Eliya,7.15352_80.789_2025-11-27,174.86,286.79,402.72,545.25,616.84,174.86,7.0,NASA POWER PRECTOTCORR / MERRA-2,ok,4,0.3461254090930014,22.30682,57.88093,18.38064,1.51489,5.55341,1.28142,0.05545,7.89976,14.52311,28.72892,3,67_72,1,True,1,1,0,1
6.993756,80.747054,2025-11-27,2025-11-27,2025-11-27,1,parsed_single,2025.11.27,,2026-06-07,2026.06.07,Nuwara Eliya,නුවරඑළිය ප්රා.ලේ.කො,ටොප්පාස්,HR2,HR2,,NBRI/NE/NED/2026/VKG/82),NBRI/NE/NED/2026/VKG/82),535ජේ,House / නිවාස,Other / වෙනත් (වෙනත් කරුණු යටතේ සදහන් කරන්න),Resettle / නැවත පදිංචිකිරීම,Partially / අර්ධහානි,0.0,ඇළ මාර්ගයක පිහිටා තිබීම,,,1.0,,,,,1,,Nuwara Eliya,6.99376_80.74705_2025-11-27,174.86,286.79,402.72,545.25,616.84,174.86,7.0,NASA POWER PRECTOTCORR / MERRA-2,ok,7,0.1307551666757999,25.90272,51.73974,21.23204,2.30208,5.31695,1.16079,0.06869,4.58613,15.78921,29.25217,3,65_66,1,True,1,1,0,1
6.967445,80.783106,2025-11-27,2025-11-27,2025-11-27,1,parsed_single,2025-11-27 00:00:00,,2026-01-09,2026-01-09 00:00:00,Nuwara Eliya,නුවරඑළිය ප්රා.ලේ.කො,මධ්‍යම නුවරඑළිය,HR3,HR3,,NBRI/NE/NED/2026/IC/20),NBRI/NE/NED/2026/IC/20),535ඩී,House / නිවාස,Landslide / නායයෑම්,Resettle / නැවත පදිංචිකිරීම,Minor or No Damages / සුළුහානි හෝ හානි නොමැති,,,,,,3.0,,16.0,,19,,Nuwara Eliya,6.96744_80.78311_2025-11-27,174.86,286.79,402.72,545.25,616.84,174.86,7.0,NASA POWER PRECTOTCORR / MERRA-2,ok,17,0.0806160081157873,26.55217,50.17258,22.22463,2.30459,5.26265,1.13945,0.07061,5.48296,15.84766,30.96726,4,67_65,1,True,1,1,0,1
6.93734,80.79996,2025-11-27,2025-11-27,2025-11-27,1,parsed_single,2025.11.27,,2026-01-31,2026.01.31,Nuwara Eliya,නුවරඑළිය ප්රා.ලේ.කො,සිිතාඑළිය,HR2,HR2,,NBRI/NE/NED/2026/RR/102),NBRI/NE/NED/2026/RR/102),,House / නිවාස,Other / වෙනත් (වෙනත් කරුණු යටතේ සදහන් කරන්න),Resettle / නැවත පදිංචිකිරීම,Partially / අර්ධහානි,,බෑවුම අස්‍ථාවරවීම සහ නිම්නයේ මැද පිහිටා ඇත.,,,1.0,,,,,1,,Nuwara Eliya,6.93734_80.79996_2025-11-27,174.86,286.79,402.72,545.25,616.84,174.86,7.0,NASA POWER PRECTOTCORR / MERRA-2,ok,18,0.1163340251879215,27.06117,49.23904,22.72717,2.15972,5.29643,1.12593,0.07512,4.13297,15.00636,30.36993,0,67_64,1,True,1,1,0,1
7.078676,80.776533,2025-11-27,2025-11-27,2025-11-27,1,parsed_single,2025-11-27 00:00:00,,2026-01-20,2026-01-20 00:00:00,Nuwara Eliya,මතුරට ප්රා.ලේ.කො,ගොඩිගමුව,HR2,HR2,,NBRI/NE/HKD[Mathurata]/2026/DSDD/76),NBRI/NE/HKD[Mathurata]/2026/DSDD/76),,House / නිවාස,Cutting failure / කණ්ඩි අස්ථාවරවීම්,Resettle / නැවත පදිංචිකිරීම,Partially / අර්ධහානි,,,,,1.0,4.0,,,,5,,Nuwara Eliya,7.07868_80.77653_2025-11-27,174.86,286.79,402.72,545.25,616.84,174.86,7.0,NASA POWER PRECTOTCORR / MERRA-2,ok,20,0.4887054471280437,23.58312,53.86381,20.85088,2.14274,5.30717,1.21159,0.0629,9.23868,15.31111,31.0002,4,66_69,1,True,1,1,0,5
7.081666,80.779317,2025-11-27,2025-11-27,2025-11-27,1,parsed_single,2025.11.27,,2025-12-22,2025.12.22,Nuwara Eliya,මතුරට ප්රා.ලේ.කො,රත්යාය,HR3,HR3,,NBRI/NE/HKD[Mathurata]/2026/DMCP/සංශෝධන/133),NBRI/NE/HKD[Mathurata]/2026/DMCP/සංශෝධන/133),,House / නිවාස,Slope failures / බැවුම් අස්ථාවරවීම්,Resettle / නැවත පදිංචිකිරීම,Minor or No Damages / සුළුහානි හෝ හානි නොමැති,,,,,,5.0,,3.0,,8,,Nuwara Eliya,7.08167_80.77932_2025-11-27,174.86,286.79,402.72,545.25,616.84,174.86,7.0,NASA POWER PRECTOTCORR / MERRA-2,ok,20,0.062304803935498,23.58312,53.86381,20.85088,2.14274,5.30717,1.21159,0.0629,9.23868,15.31111,31.0002,4,66_69,1,True,1,1,0,5
7.087363,80.784085,2025-11-27,2025-11-27,2025-11-27,1,parsed_single,2025-11-27 00:00:00,,2025-12-12,2025-12-12 00:00:00,Nuwara Eliya,හඟුරන්කෙත ප්රා.ලේ.කො,මාර්තුවෙල - දොඩම්කෑල්ල,HR1,HR1,,NBRI/NE/HKD/2025/DMCP/15-REV,NBRI/NE/HKD/2025/DMCP/15-REV,511 / B,House / නිවාස,Cutting failure / කණ්ඩි අස්ථාවරවීම්,Resettle / නැවත පදිංචිකිරීම,Fully / පුර්ණහානි,,,,2.0,,,,,,2,,Nuwara Eliya,7.08736_80.78408_2025-11-27,174.86,286.79,402.72,545.25,616.84,174.86,7.0,NASA POWER PRECTOTCORR / MERRA-2,ok,20,0.7892010265243933,23.58312,53.86381,20.85088,2.14274,5.30717,1.21159,0.0629,9.23868,15.31111,31.0002,4,66_69,1,True,1,1,0,5
7.081377,80.779915,2025-11-28,2025-11-28,2025-11-28,1,parsed_single,2025-11-28 00:00:00,,2025-12-12,2025-12-12 00:00:00,Nuwara Eliya,මතුරට ප්රා.ලේ.කො,රත්යාය,HR3,HR3,,NBRI/NE/HKD[Mathurata]/2025/DMCP/13 -Rev,NBRI/NE/HKD[Mathurata]/2025/DMCP/13 -Rev,,House / නිවාස,Landslide / නායයෑම්,Resettle / නැවත පදිංචිකිරීම,Minor or No Damages / සුළුහානි හෝ හානි නොමැති,,,,,,17.0,,,,17,,Nuwara Eliya,7.08138_80.77992_2025-11-28,64.6,322.04,457.49,601.37,680.32,174.86,7.0,NASA POWER PRECTOTCORR / MERRA-2,ok,20,0.1235943794111829,23.58312,53.86381,20.85088,2.14274,5.30717,1.21159,0.0629,9.23868,15.31111,31.0002,4,66_69,1,True,1,1,3,5
7.082684,80.781387,2025-11-28,2025-11-28,2025-11-28,1,parsed_single,2025.11.28,,2025-12-22,2025.12.22,Nuwara Eliya,මතුරට ප්රා.ලේ.කො,රත්යාය,HR3,HR3,,NBRI/NE/HKD[Mathurata]/2026/DMCP/127),NBRI/NE/HKD[Mathurata]/2026/DMCP/127),,House / නිවාස,Slope failures / බැවුම් අස්ථාවරවීම්,Resettle / නැවත පදිංචිකිරීම,Minor or No Damages / සුළුහානි හෝ හානි නොමැති,,,,,,7.0,,6.0,,13,,Nuwara Eliya,7.08268_80.78139_2025-11-28,64.6,322.04,457.49,601.37,680.32,174.86,7.0,NASA POWER PRECTOTCORR / MERRA-2,ok,20,0.2503189155025203,23.58312,53.86381,20.85088,2.14274,5.30717,1.21159,0.0629,9.23868,15.31111,31.0002,4,66_69,1,True,1,1,3,5
7.05544,80.562558,2025-11-27,2025-11-27,2025-11-27,1,parsed_single,2025.11.27 සහ ඉන් පෙර සිටම,,2026-06-03,2026.06.03,Nuwara Eliya,කොත්මලේ බටහිර ප්රා.ලේ.කො,රුවන්පුර,HR3,HR3,,NBRI/NE/KTD[West]/2026/VKG/105),NBRI/NE/KTD[West]/2026/VKG/105),460 සී,House / නිවාස,Slope failures / බැවුම් අස්ථාවරවීම්,Resettle / නැවත පදිංචිකිරීම,Minor or No Damages / සුළුහානි හෝ හානි නොමැති,,,,,,2.0,,1.0,,3,,Nuwara Eliya,7.05544_80.56256_2025-11-27,174.86,286.79,402.72,545.25,616.84,174.86,7.0,NASA POWER PRECTOTCORR / MERRA-2,ok,23,0.3407406588604482,22.67658,59.8658,16.50526,1.59633,5.29489,1.28226,0.06175,0.70977,12.99082,22.09113,0,58_68,1,True,1,1,0,2
7.057912,80.561161,2025-11-27,2025-11-27,2025-11-27,1,parsed_single,2025-11-27 00:00:00,,2026-01-22,2026.01.22,Nuwara Eliya,කොත්මලේ බටහිර ප්රා.ලේ.කො,රුවන්පුර,HR1,HR1,,NBRI/NE/KTD(West)/2026/KLKT/89),NBRI/NE/KTD(West)/2026/KLKT/89),460 සි,House / නිවාස,Slope failures / බැවුම් අස්ථාවරවීම්,Resettle / නැවත පදිංචිකිරීම,Fully / පුර්ණහානි,,,,1.0,,,,,,1,,Nuwara Eliya,7.05791_80.56116_2025-11-27,174.86,286.79,402.72,545.25,616.84,174.86,7.0,NASA POWER PRECTOTCORR / MERRA-2,ok,23,0.0301176818264221,22.67658,59.8658,16.50526,1.59633,5.29489,1.28226,0.06175,0.70977,12.99082,22.09113,0,58_68,1,True,1,1,0,2
7.13222,80.735145,2025-11-27,2025-11-27,2025-11-27,1,parsed_single,2025.11.27,,2026-05-15,2026.05.15,Nuwara Eliya,හඟුරන්කෙත ප්රා.ලේ.කො,බඹරගම බටහිර,HR3,HR3,,NBRI/NE/HKD/2026/VKG/59),NBRI/NE/HKD/2026/VKG/59),499/එෆ්,House / නිවාස,Landslide / නායයෑම්,Resettle / නැවත පදිංචිකිරීම,Minor or No Damages / සුළුහානි හෝ හානි නොමැති,,,,,,1.0,,,,1,,Nuwara Eliya,7.13222_80.73514_2025-11-27,174.86,286.79,402.72,545.25,616.84,174.86,7.0,NASA POWER PRECTOTCORR / MERRA-2,ok,25,0.6079319032866969,23.70821,55.42167,19.40175,1.525,5.47023,1.26106,0.05702,6.14666,14.2202,28.28372,1,65_71,1,True,1,1,0,1
7.110902,80.779809,2025-11-27,2025-11-27,2025-11-27,1,parsed_single,2025.11.27,,2026-03-29,2026.03.29,Nuwara Eliya,හඟුරන්කෙත ප්රා.ලේ.කො,රුක්වුඩ්,HR1,HR1,,NBRI/NE/HKD/2026/SMK/181),NBRI/NE/HKD/2026/SMK/181),,House / නිවාස,Landslide / නායයෑම්,Resettle / නැවත පදිංචිකිරීම,Fully / පුර්ණහානි,,,,1.0,,,,11.0,,12,,Nuwara Eliya,7.1109_80.77981_2025-11-27,174.86,286.79,402.72,545.25,616.84,174.86,7.0,NASA POWER PRECTOTCORR / MERRA-2,ok,29,0.2503073280806919,23.26308,54.84448,20.00308,1.51113,5.39772,1.25821,0.05821,9.40262,14.16452,30.5572,4,66_70,1,True,1,1,0,1
7.157147,80.790788,2025-11-27,2025-11-27,2025-11-27,1,parsed_single,2025-11-27 00:00:00,,2026-01-11,2026-01-11 00:00:00,Nuwara Eliya,හඟුරන්කෙත ප්රා.ලේ.කො,දොඩම්කුඹුර,HR3,HR3,,NBRI/NE/HKD/2026/LY/43),NBRI/NE/HKD/2026/LY/43),492 B,House / නිවාස,Other / වෙනත් (වෙනත් කරුණු යටතේ සදහන් කරන්න),Resettle / නැවත පදිංචිකිරීම,Minor or No Damages / සුළුහානි හෝ හානි නොමැති,,,,,,1.0,,1.0,,2,,Nuwara Eliya,7.15715_80.79079_2025-11-27,174.86,286.79,402.72,545.25,616.84,174.86,7.0,NASA POWER PRECTOTCORR / MERRA-2,ok,31,0.0952227590515347,22.30682,57.88093,18.38064,1.51489,5.55341,1.28142,0.05545,7.89976,14.52311,28.72892,3,67_72,1,True,1,1,0,1
7.02343,80.838948,2025-11-27,2025-11-27,2025-11-27,1,parsed_single,2025-11-27 00:00:00,,2025-12-21,2025-12-21 00:00:00,Nuwara Eliya,වලපනේ ප්රා.ලේ.කො,බෲක්සයිඩ්,HR1,HR1,,NBRI/NE/WLD/20/2025/PTG/76 -Rev,NBRI/NE/WLD/20/2025/PTG/76 -Rev,,House / නිවාස,Slope failures / බැවුම් අස්ථාවරවීම්,Resettle / නැවත පදිංචිකිරීම,Fully / පුර්ණහානි,,,,1.0,,3.0,,2.0,,6,,Nuwara Eliya,7.02343_80.83895_2025-11-27,174.86,286.79,402.72,545.25,616.84,174.86,7.0,NASA POWER PRECTOTCORR / MERRA-2,ok,45,0.6927983556857803,20.52753,57.57856,19.80143,2.15013,5.45687,1.19002,0.06496,13.91472,15.39088,33.12336,2,69_67,1,True,1,1,0,1
7.006144,80.869393,2025-11-27,2025-11-27,2025-11-27,1,parsed_single,2025-11-27 00:00:00,,2025-12-25,2025-12-25 00:00:00,Nuwara Eliya,වලපනේ ප්රා.ලේ.කො,සෙනරත්පුර,HR3,HR3,,NBRI/NE/WLD/2025/SMK/54,NBRI/NE/WLD/2025/SMK/54,533 බී,House / නිවාස,Slope failures / බැවුම් අස්ථාවරවීම්,Resettle / නැවත පදිංචිකිරීම,Minor or No Damages / සුළුහානි හෝ හානි නොමැති,,,,,,2.0,,5.0,2.0,9,,Nuwara Eliya,7.00614_80.86939_2025-11-27,174.86,286.79,402.72,545.25,616.84,174.86,7.0,NASA POWER PRECTOTCORR / MERRA-2,ok,48,0.1451776207969132,19.42849,58.08323,20.02096,2.18293,5.42612,1.17551,0.06783,17.45563,15.39727,35.61278,3,70_66,1,True,1,1,0,1
7.14788,80.741942,2025-11-27,2025-11-27,2025-11-27,1,parsed_single,2025-11-27 00:00:00,,2025-12-26,2025-12-26 00:00:00,Nuwara Eliya,හඟුරන්කෙත ප්රා.ලේ.කො,අගප්පල වසම,HR1,HR1,,NBRI/NE/HKD/2025/LY/සංශෝධන/25),NBRI/NE/HKD/2025/LY/සංශෝධන/25),498 බී,House / නිවාස,Cutting failure / කණ්ඩි අස්ථාවරවීම්,Resettle / නැවත පදිංචිකිරීම,Fully / පුර්ණහානි,,,,1.0,1.0,,,8.0,,10,,Nuwara Eliya,7.14788_80.74194_2025-11-27,174.86,286.79,402.72,545.25,616.84,174.86,7.0,NASA POWER PRECTOTCORR / MERRA-2,ok,49,0.7536270696921692,23.35209,55.86067,19.26493,1.52365,5.47989,1.26125,0.05613,6.79757,14.22297,28.53297,1,65_71,1,True,1,1,0,1
6.915715,80.739791,2025-11-29,2025-11-29,2025-11-29,1,parsed_single,2025.11.29,,2026-03-19,2026.03.19,Nuwara Eliya,නුවරඑළිය ප්රා.ලේ.කො,කිරිමැටිය,HR1,HR1,,NBRI/NE/NED/2026/DMCP/123),NBRI/NE/NED/2026/DMCP/123),476/ඒ,House / නිවාස,Slope failures / බැවුම් අස්ථාවරවීම්,Resettle / නැවත පදිංචිකිරීම,Fully / පුර්ණහානි,0.0,,,1.0,,1.0,,,,2,,Nuwara Eliya,6.91572_80.73979_2025-11-29,5.63,245.09,439.52,593.5699999999999,685.3900000000001,174.86,7.0,NASA POWER PRECTOTCORR / MERRA-2,ok,50,0.0502627009016423,28.8348,47.85898,22.96183,2.24984,5.28537,1.14766,0.0698,1.26927,15.33901,29.33163,4,65_63,1,True,1,1,0,1
6.917015,80.751668,2025-11-27,2025-11-27,2025-11-27,1,parsed_single,2025.11.27,,2026-04-26,2026.04.26,Nuwara Eliya,නුවරඑළිය ප්රා.ලේ.කො,පැරකුම්පුර,HR2,HR2,,NBRI/NE/NED/2026/DSDD/271),NBRI/NE/NED/2026/DSDD/271),,House / නිවාස,Slope failures / බැවුම් අස්ථාවරවීම්,Resettle / නැවත පදිංචිකිරීම,Minor or No Damages / සුළුහානි හෝ හානි නොමැති,0.0,,,,2.0,3.0,,9.0,,14,,Nuwara Eliya,6.91702_80.75167_2025-11-27,174.86,286.79,402.72,545.25,616.84,174.86,7.0,NASA POWER PRECTOTCORR / MERRA-2,ok,61,0.2715194530658126,28.90101,47.55399,23.15212,2.25429,5.28223,1.14495,0.07057,1.31718,15.34021,29.47151,4,65_63,1,True,1,1,0,2
6.917902,80.749447,2025-11-27,2025-11-27,2025-11-27,1,parsed_single,2025.11.27,,2026-07-08,2026.07.08,Nuwara Eliya,නුවරඑළිය ප්රා.ලේ.කො,පැරකුම්පුර,HR2,HR2,,NBRI/NE/NED/2026/WGMSS/112),NBRI/NE/NED/2026/WGMSS/112),476/බී,House / නිවාස,Slope failures / බැවුම් අස්ථාවරවීම්,Resettle / නැවත පදිංචිකිරීම,Partially / අර්ධහානි,,,,,2.0,,,8.0,,10,,Nuwara Eliya,6.9179_80.74945_2025-11-27,174.86,286.79,402.72,545.25,616.84,174.86,7.0,NASA POWER PRECTOTCORR / MERRA-2,ok,61,0.0336182348543826,28.90101,47.55399,23.15212,2.25429,5.28223,1.14495,0.07057,1.31718,15.34021,29.47151,4,65_63,1,True,1,1,0,2
6.974152,80.800544,2025-11-27,2025-11-27,2025-11-27,1,parsed_single,2025.11.27,,2026-03-19,2026.03.19,Nuwara Eliya,නුවරඑළිය ප්රා.ලේ.කො,පීඩෲ වත්ත,HR3,HR3,,NBRI/NE/NED/2026/DSDD/218),NBRI/NE/NED/2026/DSDD/218),534/එච්,House / නිවාස,Slope failures / බැවුම් අස්ථාවරවීම්,Resettle / නැවත පදිංචිකිරීම,Minor or No Damages / සුළුහානි හෝ හානි නොමැති,0.0,,,,,4.0,,8.0,,12,,Nuwara Eliya,6.97415_80.80054_2025-11-27,174.86,286.79,402.72,545.25,616.84,174.86,7.0,NASA POWER PRECTOTCORR / MERRA-2,ok,71,0.0057550026752063,25.31296,51.53587,21.78987,2.29287,5.26641,1.14188,0.07054,7.4614,15.84981,31.58435,4,67_65,1,True,1,1,0,2
6.975371,80.800953,2025-11-27,2025-11-27,2025-11-27,1,parsed_single,2025.11.27,,2026-03-19,2026.03.19,Nuwara Eliya,නුවරඑළිය ප්රා.ලේ.කො,පීඩෲ -,HR3,HR3,,NBRI/NE/NED/2026/DSDD/217),NBRI/NE/NED/2026/DSDD/217),534/එච්,House / නිවාස,Other / වෙනත් (වෙනත් කරුණු යටතේ සදහන් කරන්න),Resettle / නැවත පදිංචිකිරීම,Minor or No Damages / සුළුහානි හෝ හානි නොමැති,0.0,ඇළ ඉවුර අස්ථාවර වීම,,,,6.0,,1.0,,7,,Nuwara Eliya,6.97537_80.80095_2025-11-27,174.86,286.79,402.72,545.25,616.84,174.86,7.0,NASA POWER PRECTOTCORR / MERRA-2,ok,71,0.1398293268550355,25.31296,51.53587,21.78987,2.29287,5.26641,1.14188,0.07054,7.4614,15.84981,31.58435,4,67_65,1,True,1,1,0,2
7.01087,80.6694,2025-11-27,2025-11-27,2025-11-27,1,parsed_single,2025.11.27,,2026-01-22,2026.01.22,Nuwara Eliya,කොත්මලේ නැගෙනහිර ප්රා.ලේ.කො,ශීන් ගම,HR1,HR1,,NBRI/NE/KTD[East]/2026/RR/68),NBRI/NE/KTD[East]/2026/RR/68),468ජේ,House / නිවාස,Other / වෙනත් (වෙනත් කරුණු යටතේ සදහන් කරන්න),Resettle / නැවත පදිංචිකිරීම,Fully / පුර්ණහානි,,ආතති පැලුම්,,1.0,1.0,3.0,,2.0,,7,,Nuwara Eliya,7.01087_80.6694_2025-11-27,174.86,286.79,402.72,545.25,616.84,174.86,7.0,NASA POWER PRECTOTCORR / MERRA-2,ok,72,0.1952681244927195,25.2366,54.24916,19.64559,2.23104,5.30944,1.18197,0.06556,2.73059,14.69228,26.5901,1,62_67,1,True,1,1,0,1
7.08174,80.649667,2025-11-27,2025-11-27,2025-11-27,1,parsed_single,2025.11.27,,2026-02-02,2026.02.02,Nuwara Eliya,කොත්මලේ නැගෙනහිර ප්රා.ලේ.කො,රජ ඇළ,HR1,HR1,,NBRI/NE/KTD[East]/2026/KLKT/102),NBRI/NE/KTD[East]/2026/KLKT/102),456ඊ,House / නිවාස,Slope failures / බැවුම් අස්ථාවරවීම්,Resettle / නැවත පදිංචිකිරීම,Fully / පුර්ණහානි,,,,1.0,,,,2.0,,3,,Nuwara Eliya,7.08174_80.64967_2025-11-27,174.86,286.79,402.72,545.25,616.84,174.86,7.0,NASA POWER PRECTOTCORR / MERRA-2,ok,74,0.2027171157721663,24.45845,55.30863,19.17138,1.49063,5.38533,1.24886,0.06476,2.88488,14.22084,26.30622,4,62_69,1,True,1,1,0,1
6.963448,80.759985,2025-11-27,2025-11-27,2025-11-27,1,parsed_single,2025.11.27,,2026-06-02,2026.06.02,Nuwara Eliya,නුවරඑළිය ප්රා.ලේ.කො,යුනික්විව්,HR3,HR3,,NBRI/NE/NED/2026/LSG/40),NBRI/NE/NED/2026/LSG/40),,House / නිවාස,Other / වෙනත් (වෙනත් කරුණු යටතේ සදහන් කරන්න),Resettle / නැවත පදිංචිකිරීම,Minor or No Damages / සුළුහානි හෝ හානි නොමැති,0.0,,,,,42.0,,,,42,,Nuwara Eliya,6.96345_80.75998_2025-11-27,174.86,286.79,402.72,545.25,616.84,174.86,7.0,NASA POWER PRECTOTCORR / MERRA-2,ok,80,0.2444093712055788,27.01344,49.96761,22.06689,2.34736,5.28097,1.13985,0.07132,3.97068,15.79455,29.95306,1,66_65,1,True,1,1,0,2
6.96452,80.76041,2025-11-27,2025-11-27,2025-11-27,1,parsed_single,2025.11.27,,2026-06-02,2026.06.02,Nuwara Eliya,නුවරඑළිය ප්රා.ලේ.කො,නුවරඑළිය බටහිර,HR2,HR2,,NBRI/NE/NED/2026/DSDD/311),NBRI/NE/NED/2026/DSDD/311),,House / නිවාස,Other / වෙනත් (වෙනත් කරුණු යටතේ සදහන් කරන්න),Resettle / නැවත පදිංචිකිරීම,Partially / අර්ධහානි,0.0,නිම්නය අසල අස්ථාවර වීම,,,1.0,9.0,,,,10,,Nuwara Eliya,6.96452_80.76041_2025-11-27,174.86,286.79,402.72,545.25,616.84,174.86,7.0,NASA POWER PRECTOTCORR / MERRA-2,ok,80,0.2513687659011842,27.01344,49.96761,22.06689,2.34736,5.28097,1.13985,0.07132,3.97068,15.79455,29.95306,1,66_65,1,True,1,1,0,2
7.071185,80.672634,2025-11-27,2025-11-27,2025-11-27,1,parsed_single,2025-11-27 00:00:00,,2026-01-02,2026-01-02 00:00:00,Nuwara Eliya,කොත්මලේ නැගෙනහිර ප්රා.ලේ.කො,පනම්ගම්මන,HR2,HR2,,NBRI/NE/KTD[East]/2026/KLKT/62),NBRI/NE/KTD[East]/2026/KLKT/62),473,House / නිවාස,Slope failures / බැවුම් අස්ථාවරවීම්,Resettle / නැවත පදිංචිකිරීම,Partially / අර්ධහානි,,,,,1.0,,,2.0,,3,,Nuwara Eliya,7.07118_80.67263_2025-11-27,174.86,286.79,402.72,545.25,616.84,174.86,7.0,NASA POWER PRECTOTCORR / MERRA-2,ok,84,0.2672119410932893,24.68674,54.92613,19.32407,2.07121,5.31354,1.21078,0.06745,2.65051,14.58241,26.25882,4,62_69,1,True,1,1,0,2
7.073173,80.668358,2025-11-27,2025-11-27,2025-11-27,1,parsed_single,2025.11.27,,2026-02-16,2026.02.16,Nuwara Eliya,කොත්මලේ නැගෙනහිර ප්රා.ලේ.කො,දෙලුම්තලාමඩ / පනංගම්මන,HR3,HR3,,NBRI/NE/KTD[East]/2026/SMK/141),NBRI/NE/KTD[East]/2026/SMK/141),,House / නිවාස,Other / වෙනත් (වෙනත් කරුණු යටතේ සදහන් කරන්න),Resettle / නැවත පදිංචිකිරීම,Minor or No Damages / සුළුහානි හෝ හානි නොමැති,,ආතති පැලුම්,,,,1.0,,10.0,,11,,Nuwara Eliya,7.07317_80.66836_2025-11-27,174.86,286.79,402.72,545.25,616.84,174.86,7.0,NASA POWER PRECTOTCORR / MERRA-2,ok,84,0.2538552573470478,24.68674,54.92613,19.32407,2.07121,5.31354,1.21078,0.06745,2.65051,14.58241,26.25882,4,62_69,1,True,1,1,0,2
7.131462,80.717697,2025-11-27,2025-11-27,2025-11-27,1,parsed_single,2025-11-27 00:00:00,,2025-12-10,2025-12-10 00:00:00,Nuwara Eliya,හඟුරන්කෙත ප්රා.ලේ.කො,හෝප්වත්ත,HR3,HR3,,NBRI/NE/HKD/2025/SMK/11-Rev,NBRI/NE/HKD/2025/SMK/11-Rev,501 G,House / නිවාස,Other / වෙනත් (වෙනත් කරුණු යටතේ සදහන් කරන්න),Resettle / නැවත පදිංචිකිරීම,Minor or No Damages / සුළුහානි හෝ හානි නොමැති,,,,,,1.0,,1.0,,2,,Nuwara Eliya,7.13146_80.7177_2025-11-27,174.86,286.79,402.72,545.25,616.84,174.86,7.0,NASA POWER PRECTOTCORR / MERRA-2,ok,90,0.4461742472074424,23.94448,55.414,19.28752,1.52255,5.4765,1.26328,0.05759,5.13648,14.21709,27.64363,3,64_71,1,True,1,1,0,1
7.056772,80.873094,2025-11-27,2025-11-27,2025-11-27,1,parsed_single,2025-11-27 00:00:00,,2025-12-26,2025-12-26 00:00:00,Nuwara Eliya,වලපනේ ප්රා.ලේ.කො,හරස්බැද්ද දකුණ,HR2,HR2,,NBRI/NE/WLD/2025/SMK/60),NBRI/NE/WLD/2025/SMK/60),,House / නිවාස,Slope failures / බැවුම් අස්ථාවරවීම්,Resettle / නැවත පදිංචිකිරීම,Partially / අර්ධහානි,,,,,1.0,,,,,1,,Nuwara Eliya,7.05677_80.87309_2025-11-27,174.86,286.79,402.72,545.25,616.84,174.86,7.0,NASA POWER PRECTOTCORR / MERRA-2,ok,91,0.3635773320210906,20.24214,57.86399,19.70049,2.21124,5.45433,1.2023,0.06343,15.77016,16.04201,34.67698,1,70_68,1,True,1,1,0,4
7.057253,80.872166,2025-11-27,2025-11-27,2025-11-27,1,parsed_single,2025.11.27,,2026-03-25,2026.03.25,Nuwara Eliya,වලපනේ ප්රා.ලේ.කො,මහපතන,HR3,HR3,,NBRI/NE/WLD/2026/DSDD/227),NBRI/NE/WLD/2026/DSDD/227),516/ඩී,House / නිවාස,Other / වෙනත් (වෙනත් කරුණු යටතේ සදහන් කරන්න),Resettle / නැවත පදිංචිකිරීම,Minor or No Damages / සුළුහානි හෝ හානි නොමැති,,නිම්න මාර්ගයක් තුළ පිහිටීම ( නිවාස ඉරිතැලීම),,,,1.0,,3.0,,4,,Nuwara Eliya,7.05725_80.87217_2025-11-27,174.86,286.79,402.72,545.25,616.84,174.86,7.0,NASA POWER PRECTOTCORR / MERRA-2,ok,91,0.3703349270315611,20.24214,57.86399,19.70049,2.21124,5.45433,1.2023,0.06343,15.77016,16.04201,34.67698,1,70_68,1,True,1,1,0,4
7.059967,80.874677,2025-11-27,2025-11-27,2025-11-27,1,parsed_single,2025-11-27 00:00:00,7.10 pm,2025-12-14,2025-12-14 00:00:00,Nuwara Eliya,වලපනේ ප්රා.ලේ.කො,මහපතන,HR1,HR1,,NBRI/NE/WLD/2026/SMK/සංගශෝධනය/26) – Rev (ii),NBRI/NE/WLD/2026/SMK/සංගශෝධනය/26) – Rev (ii),516 ඩී,House / නිවාස,Landslide / නායයෑම්,Resettle / නැවත පදිංචිකිරීම,Fully / පුර්ණහානි,,,,2.0,4.0,,,16.0,,22,,Nuwara Eliya,7.05997_80.87468_2025-11-27,174.86,286.79,402.72,545.25,616.84,174.86,7.0,NASA POWER PRECTOTCORR / MERRA-2,ok,91,0.0432280168657791,20.24214,57.86399,19.70049,2.21124,5.45433,1.2023,0.06343,15.77016,16.04201,34.67698,1,70_68,1,True,1,1,0,4
7.060018,80.872723,2025-11-27,2025-11-27,2025-11-27,1,parsed_single,2025-11-27 00:00:00,6.30 pm,2025-12-14,2025-12-14 00:00:00,Nuwara Eliya,වලපනේ ප්රා.ලේ.කො,මහපතන,HR1,HR1,,NBRI/NE/WLD/2025/SMK/28 - Rev,NBRI/NE/WLD/2025/SMK/28 - Rev,516 ඩී,House / නිවාස,Landslide / නායයෑම්,Resettle / නැවත පදිංචිකිරීම,Fully / පුර්ණහානි,,,,6.0,,,,,,6,,Nuwara Eliya,7.06002_80.87272_2025-11-27,174.86,286.79,402.72,545.25,616.84,174.86,7.0,NASA POWER PRECTOTCORR / MERRA-2,ok,91,0.1777917733955315,20.24214,57.86399,19.70049,2.21124,5.45433,1.2023,0.06343,15.77016,16.04201,34.67698,1,70_68,1,True,1,1,0,4
6.976263,80.809717,2025-11-27,2025-11-27,2025-11-27,1,parsed_single,2025.11.27,,2026-02-08,2026.02.08,Nuwara Eliya,නුවරඑළිය ප්රා.ලේ.කො,ගල්පාලම,HR3,HR3,,NBRI/NE/NED/2026/VK/06),NBRI/NE/NED/2026/VK/06),534 /ඒ,House / නිවාස,Slope failures / බැවුම් අස්ථාවරවීම්,Resettle / නැවත පදිංචිකිරීම,Minor or No Damages / සුළුහානි හෝ හානි නොමැති,0.0,,,,,1.0,,4.0,,5,,Nuwara Eliya,6.97626_80.80972_2025-11-27,174.86,286.79,402.72,545.25,616.84,174.86,7.0,NASA POWER PRECTOTCORR / MERRA-2,ok,101,0.3617581827765521,25.31296,51.53587,21.78987,2.29287,5.26641,1.14188,0.07054,7.4614,15.84981,31.58435,4,67_65,1,True,1,1,0,1
6.937903,80.689125,2025-11-27,2025-11-27,2025-11-27,1,parsed_single,2025-11-27 00:00:00,,2025-12-06,2025-12-06 00:00:00,Nuwara Eliya,නුවරඑළිය ප්රා.ලේ.කො,රත්නගිරිය,HR1,HR1,,NBRI/NE/NED/2025/SMK/සංශෝධනය/07(i),NBRI/NE/NED/2025/SMK/සංශෝධනය/07(i),,House / නිවාස,Slope failures / බැවුම් අස්ථාවරවීම්,Resettle / නැවත පදිංචිකිරීම,Fully / පුර්ණහානි,,,,3.0,,,,,,3,,Nuwara Eliya,6.9379_80.68912_2025-11-27,174.86,286.79,402.72,545.25,616.84,174.86,7.0,NASA POWER PRECTOTCORR / MERRA-2,ok,114,0.1041990505720792,29.80849,48.18089,22.16662,2.33265,5.19123,1.16913,0.0624,0.66647,15.30552,29.8901,3,63_64,1,True,1,1,0,1
7.160667,80.809156,2025-11-26,2025-11-26,2025-11-26,1,parsed_single,2025.11.26,,2026-02-23,2026.02.23,Nuwara Eliya,හඟුරන්කෙත ප්රා.ලේ.කො,උඩකන්ද / උඩගලඋඩ,HR3,HR3,,NBRI/NE/HKD/2026/WGMSS/32),NBRI/NE/HKD/2026/WGMSS/32),489/සී,House / නිවාස,Slope failures / බැවුම් අස්ථාවරවීම්,Resettle / නැවත පදිංචිකිරීම,Minor or No Damages / සුළුහානි හෝ හානි නොමැති,,ගල් පෙරලීම්,,,,3.0,,1.0,,4,,Nuwara Eliya,7.16067_80.80916_2025-11-26,82.58,168.03,233.01,381.89,442.44,82.58,7.0,NASA POWER PRECTOTCORR / MERRA-2,ok,123,0.2324905872434786,22.07476,58.40295,18.11376,1.4736,5.6021,1.28679,0.05371,8.29239,14.13178,28.97662,3,67_72,1,True,1,1,0,1
7.075625,80.778592,2025-11-27,2025-11-27,2025-11-27,1,parsed_single,2025.11.27,,2025-12-22,2025.12.22,Nuwara Eliya,මතුරට ප්රා.ලේ.කො,ගොඩිගමුව,HR3,HR3,,NBRI/NE/HKD[Mathurata]/2026/DMCP/සංශෝධනය/132),NBRI/NE/HKD[Mathurata]/2026/DMCP/සංශෝධනය/132),,House / නිවාස,Slope failures / බැවුම් අස්ථාවරවීම්,Resettle / නැවත පදිංචිකිරීම,Minor or No Damages / සුළුහානි හෝ හානි නොමැති,,,,,,1.0,,15.0,,16,,Nuwara Eliya,7.07562_80.77859_2025-11-27,174.86,286.79,402.72,545.25,616.84,174.86,7.0,NASA POWER PRECTOTCORR / MERRA-2,ok,126,0.4894627864361278,22.42737,55.46066,20.37519,2.0696,5.4537,1.23393,0.06115,9.59242,15.1775,30.27143,4,67_69,1,True,1,1,0,2
7.076185,80.783404,2025-11-27,2025-11-27,2025-11-27,1,parsed_single,2025-11-27 00:00:00,,2026-01-20,2026-01-20 00:00:00,Nuwara Eliya,මතුරට ප්රා.ලේ.කො,මානකොළ,HR3,HR3,,NBRI/NE/HKD[Mathurata]/2026/DSDD/80),NBRI/NE/HKD[Mathurata]/2026/DSDD/80),,House / නිවාස,Slope failures / බැවුම් අස්ථාවරවීම්,Resettle / නැවත පදිංචිකිරීම,Minor or No Damages / සුළුහානි හෝ හානි නොමැති,,නිම්න මාර්ගයේ බෑවුම් අස්ථාවරවීම,,,,1.0,,,,1,,Nuwara Eliya,7.07618_80.7834_2025-11-27,174.86,286.79,402.72,545.25,616.84,174.86,7.0,NASA POWER PRECTOTCORR / MERRA-2,ok,126,0.051935295752862,22.42737,55.46066,20.37519,2.0696,5.4537,1.23393,0.06115,9.59242,15.1775,30.27143,4,67_69,1,True,1,1,0,2
7.131013,80.784547,2025-11-27,2025-11-27,2025-11-27,1,parsed_single,2025.11.27,,2026-03-09,2026.03.09,Nuwara Eliya,මතුරට ප්රා.ලේ.කො,උදලුමඩ,HR3,HR3,,NBRI/NE/HKD[Mathurata]/2026/WGMSS/25),NBRI/NE/HKD[Mathurata]/2026/WGMSS/25),482/ඒ,House / නිවාස,"Cutting failure / කණ්ඩි අස්ථාවරවීම්, Rock fall / ගල් පෙරලීම්",Resettle / නැවත පදිංචිකිරීම,Minor or No Damages / සුළුහානි හෝ හානි නොමැති,,,,,,1.0,,,,1,,Nuwara Eliya,7.13101_80.78455_2025-11-27,174.86,286.79,402.72,545.25,616.84,174.86,7.0,NASA POWER PRECTOTCORR / MERRA-2,ok,127,0.0573037312373711,22.90186,56.39347,19.09398,1.52434,5.50772,1.27463,0.05709,8.43175,14.52506,29.63132,2,67_71,1,True,1,1,0,1
7.13645,80.85477,2025-11-27,2025-11-27,2025-11-27,1,parsed_single,2025.11.27,,2026-05-05,2026.05.05,Nuwara Eliya,වලපනේ ප්රා.ලේ.කො,පන්නල,HR3,HR3,,NBRI/NE/WLD/2026/DMCP/139),NBRI/NE/WLD/2026/DMCP/139),,House / නිවාස,Slope failures / බැවුම් අස්ථාවරවීම්,Resettle / නැවත පදිංචිකිරීම,Minor or No Damages / සුළුහානි හෝ හානි නොමැති,,,,,,1.0,,,,1,,Nuwara Eliya,7.13645_80.85477_2025-11-27,174.86,286.79,402.72,545.25,616.84,174.86,7.0,NASA POWER PRECTOTCORR / MERRA-2,ok,132,0.3416203865350118,19.34558,61.11978,18.07371,1.49432,5.61557,1.29892,0.05466,10.7614,14.71069,28.88795,4,69_71,1,True,1,1,0,1
7.12219,80.819586,2025-11-27,2025-11-27,2025-11-27,1,parsed_single,2025.11.27,,2026-02-09,2026.02.09,Nuwara Eliya,වලපනේ ප්රා.ලේ.කො,ඉලුක්පැලැස්ස,HR2,HR2,,NBRI/NE/WLD/2026/LY/124),NBRI/NE/WLD/2026/LY/124),,House / නිවාස,Rock fall / ගල් පෙරලීම්,Resettle / නැවත පදිංචිකිරීම,Partially / අර්ධහානි,,,,,1.0,,,,,1,,Nuwara Eliya,7.12219_80.81959_2025-11-27,174.86,286.79,402.72,545.25,616.84,174.86,7.0,NASA POWER PRECTOTCORR / MERRA-2,ok,136,0.3943961566787388,21.69544,57.68391,19.16762,2.11855,5.48222,1.24393,0.05858,9.70356,15.66968,30.0237,2,68_71,1,True,1,1,0,1
7.126839,80.780843,2025-11-27,2025-11-27,2025-11-27,1,parsed_single,2025-11-27 00:00:00,,2025-12-05,2025-12-05 00:00:00,Nuwara Eliya,මතුරට ප්රා.ලේ.කො,ඇහැළ මල්පේ,HR2,HR2,,NBRI/NE/HKD[Mathurata]/2025/KLKT/36),NBRI/NE/HKD[Mathurata]/2025/KLKT/36),483ඒ,House / නිවාස,Slope failures / බැවුම් අස්ථාවරවීම්,Resettle / නැවත පදිංචිකිරීම,Partially / අර්ධහානි,,ගල් පෙරලිම්,,,1.0,,,1.0,,2,,Nuwara Eliya,7.12684_80.78084_2025-11-27,174.86,286.79,402.72,545.25,616.84,174.86,7.0,NASA POWER PRECTOTCORR / MERRA-2,ok,145,0.4534009672021136,23.07129,55.59876,19.58225,1.5073,5.41537,1.26063,0.05772,8.65749,14.164,29.81326,4,66_71,1,True,1,1,0,2
7.131072,80.777196,2025-11-27,2025-11-27,2025-11-27,1,parsed_single,2025.11.27,,2026-01-28,2026.01.28,Nuwara Eliya,මතුරට ප්රා.ලේ.කො,උදලුමඩ,HR3,HR3,,NBRI/NE/HKD[Mathurata]/2026/LY/90),NBRI/NE/HKD[Mathurata]/2026/LY/90),482 ඒ,House / නිවාස,Slope failures / බැවුම් අස්ථාවරවීම්,Resettle / නැවත පදිංචිකිරීම,Minor or No Damages / සුළුහානි හෝ හානි නොමැති,,,,,,1.0,,,,1,,Nuwara Eliya,7.13107_80.7772_2025-11-27,174.86,286.79,402.72,545.25,616.84,174.86,7.0,NASA POWER PRECTOTCORR / MERRA-2,ok,145,0.689015752931652,23.07129,55.59876,19.58225,1.5073,5.41537,1.26063,0.05772,8.65749,14.164,29.81326,4,66_71,1,True,1,1,0,2
6.87276,80.60925,2025-11-27,2025-11-27,2025-11-27,1,parsed_single,2025.11.27,,2026-01-29,2026.01.29,Nuwara Eliya,නොර්වුඩ් ප්රා.ලේ.කො,දික්ඔය දකුණ,HR2,HR2,,NBRI/NE/ABD(Norwood)/2026/LY/71,NBRI/NE/ABD(Norwood)/2026/LY/71,319ඒ,House / නිවාස,Landslide / නායයෑම්,Resettle / නැවත පදිංචිකිරීම,Partially / අර්ධහානි,,,,,4.0,,,3.0,,7,,Nuwara Eliya,6.87276_80.60925_2025-11-27,174.86,286.79,402.72,545.25,616.84,174.86,7.0,NASA POWER PRECTOTCORR / MERRA-2,ok,147,0.195974433318901,23.36608,58.38895,17.03335,2.25652,5.17821,1.22431,0.06148,2.63309,14.24282,23.5128,2,60_61,1,True,1,1,0,1
7.0806,80.665075,2025-11-27,2025-11-27,2025-11-27,1,parsed_single,2025-11-27 00:00:00,,2026-01-12,2026-01-12 00:00:00,Nuwara Eliya,කොත්මලේ නැගෙනහිර ප්රා.ලේ.කො,කටුකිතුල,HR1,HR1,,NBRI/NE/KTD[East]/2026/KLKT/63),NBRI/NE/KTD[East]/2026/KLKT/63),474 ඊ,House / නිවාස,Slope failures / බැවුම් අස්ථාවරවීම්,Resettle / නැවත පදිංචිකිරීම,Fully / පුර්ණහානි,,,,1.0,,,,,,1,,Nuwara Eliya,7.0806_80.66508_2025-11-27,174.86,286.79,402.72,545.25,616.84,174.86,7.0,NASA POWER PRECTOTCORR / MERRA-2,ok,171,0.3668213132494538,24.37349,55.2659,19.28571,1.49757,5.37617,1.2439,0.06427,3.29207,14.22292,26.60687,4,62_69,1,True,1,1,0,1
7.100326,80.804693,2025-11-27,2025-11-27,2025-11-27,1,parsed_single,2025-11-27 00:00:00,Night,2025-12-11,2025-12-11 00:00:00,Nuwara Eliya,වලපනේ ප්රා.ලේ.කො,වැටකේගම,HR1,HR1,,NBRI/NE/WLD/2025/SMK/17 -Rev,NBRI/NE/WLD/2025/SMK/17 -Rev,,House / නිවාස,Landslide / නායයෑම්,Resettle / නැවත පදිංචිකිරීම,Fully / පුර්ණහානි,,,,2.0,1.0,3.0,,4.0,,10,,Nuwara Eliya,7.10033_80.80469_2025-11-27,174.86,286.79,402.72,545.25,616.84,174.86,7.0,NASA POWER PRECTOTCORR / MERRA-2,ok,176,0.05092050686581,21.54209,56.98032,19.75985,2.04901,5.49355,1.24283,0.05964,10.07931,15.17687,29.9697,4,67_70,1,True,1,1,0,2
7.101138,80.8063,2025-11-27,2025-11-27,2025-11-27,1,parsed_single,2025.11.27,,2026-06-01,2026. 06.15,Nuwara Eliya,වලපනේ ප්රා.ලේ.කො,ලදුපිට,HR1,HR1,,NBRI/NE/WLD/2026/DMCP/153),NBRI/NE/WLD/2026/DMCP/153),,House / නිවාස,Landslide / නායයෑම්,Resettle / නැවත පදිංචිකිරීම,Fully / පුර්ණහානි,,,,1.0,,17.0,,19.0,,37,,Nuwara Eliya,7.10114_80.8063_2025-11-27,174.86,286.79,402.72,545.25,616.84,174.86,7.0,NASA POWER PRECTOTCORR / MERRA-2,ok,176,0.1941464246082309,21.54209,56.98032,19.75985,2.04901,5.49355,1.24283,0.05964,10.07931,15.17687,29.9697,4,67_70,1,True,1,1,0,2
6.982732,80.760104,2025-11-27,2025-11-27,2025-11-27,1,parsed_single,2025.11.27,,2026-02-08,2026.02.08,Nuwara Eliya,නුවරඑළිය ප්රා.ලේ.කො,බඹරකැලේ,HR3,HR3,,NBRI/NE/NED/2026/KH/07),NBRI/NE/NED/2026/KH/07),535කේ,House / නිවාස,Slope failures / බැවුම් අස්ථාවරවීම්,Resettle / නැවත පදිංචිකිරීම,Minor or No Damages / සුළුහානි හෝ හානි නොමැති,0.0,,,,,1.0,,1.0,,2,,Nuwara Eliya,6.98273_80.7601_2025-11-27,174.86,286.79,402.72,545.25,616.84,174.86,7.0,NASA POWER PRECTOTCORR / MERRA-2,ok,200,0.1755940664106315,26.20026,51.19955,21.50544,2.31801,5.30299,1.1531,0.0697,4.58771,15.79154,29.61359,1,66_65,1,True,1,1,0,1
7.088818,80.815989,2025-11-27,2025-11-27,2025-11-27,1,parsed_single,2025.11.27,,2026-06-15,2026.06.15,Nuwara Eliya,වලපනේ ප්රා.ලේ.කො,ගලබඩ,HR3,HR3,,NBRI/NE/WLD/2026/KATD/28),NBRI/NE/WLD/2026/KATD/28),505/සී,House / නිවාස,Other / වෙනත් (වෙනත් කරුණු යටතේ සදහන් කරන්න),Resettle / නැවත පදිංචිකිරීම,Minor or No Damages / සුළුහානි හෝ හානි නොමැති,,ගල් පෙරලීමේ අවදානම,,,,14.0,,,,14,,Nuwara Eliya,7.08882_80.81599_2025-11-27,174.86,286.79,402.72,545.25,616.84,174.86,7.0,NASA POWER PRECTOTCORR / MERRA-2,ok,204,0.0917387944915789,21.23809,57.32239,19.75404,2.06267,5.47999,1.23651,0.0604,10.51138,15.17907,30.22499,1,68_69,1,True,1,1,0,1
7.002866,80.892142,2025-11-26,2025-11-26,2025-11-26,1,parsed_single,2025.11.26,,2025-12-24,2025.12.24,Nuwara Eliya,නිල්දණ්ඩහින්න ප්රා.ලේ.කො,"සූර්යපතන, පහළ කොටස",HR1,HR1,,NBRI/NE/WLD (Nildandahinna)/2025/DMCP/31,NBRI/NE/WLD (Nildandahinna)/2025/DMCP/31,,House / නිවාස,Landslide / නායයෑම්,Resettle / නැවත පදිංචිකිරීම,Fully / පුර්ණහානි,,,,1.0,3.0,27.0,,23.0,,54,,Nuwara Eliya,7.00287_80.89214_2025-11-26,82.58,168.03,233.01,381.89,442.44,82.58,7.0,NASA POWER PRECTOTCORR / MERRA-2,ok,206,0.2903216291723177,17.61721,59.35479,20.14319,2.0294,5.43005,1.19192,0.06829,21.86824,15.18598,38.13731,1,71_66,1,True,1,1,0,1
7.029593,80.644073,2025-11-27,2025-11-27,2025-11-27,1,parsed_single,2025.11.27,,2026-05-26,2026.05.26,Nuwara Eliya,කොත්මලේ බටහිර ප්රා.ලේ.කො,මල්දෙණිය,HR3,HR3,,NBRI/NE/KTD[West]/2026/WGMSS/83),NBRI/NE/KTD[West]/2026/WGMSS/83),466/ඒ,House / නිවාස,Slope failures / බැවුම් අස්ථාවරවීම්,Resettle / නැවත පදිංචිකිරීම,Minor or No Damages / සුළුහානි හෝ හානි නොමැති,,,,,,1.0,,10.0,,11,,Nuwara Eliya,7.02959_80.64407_2025-11-27,174.86,286.79,402.72,545.25,616.84,174.86,7.0,NASA POWER PRECTOTCORR / MERRA-2,ok,212,0.5181706929439983,24.34254,56.01035,18.61212,2.2371,5.28234,1.20206,0.06669,2.48853,14.61522,25.39345,4,61_67,1,True,1,1,0,3
7.03425,80.6413,2025-11-27,2025-11-27,2025-11-27,1,parsed_single,2025-11-27 00:00:00,,2026-01-21,2026-01-21 00:00:00,Nuwara Eliya,කොත්මලේ බටහිර ප්රා.ලේ.කො,කටාරන්දන,HR3,HR3,,NBRI/NE/KTD[West]/2026/KLKT/82),NBRI/NE/KTD[West]/2026/KLKT/82),466 / බී,House / නිවාස,Slope failures / බැවුම් අස්ථාවරවීම්,Resettle / නැවත පදිංචිකිරීම,Minor or No Damages / සුළුහානි හෝ හානි නොමැති,,,,,,2.0,,,,2,,Nuwara Eliya,7.03425_80.6413_2025-11-27,174.86,286.79,402.72,545.25,616.84,174.86,7.0,NASA POWER PRECTOTCORR / MERRA-2,ok,212,0.2087903077555074,24.34254,56.01035,18.61212,2.2371,5.28234,1.20206,0.06669,2.48853,14.61522,25.39345,4,61_67,1,True,1,1,0,3
7.035905,80.637297,2025-11-27,2025-11-27,2025-11-27,1,parsed_single,2025.11.27,,2026-05-29,2026.05.29,Nuwara Eliya,කොත්මලේ බටහිර ප්රා.ලේ.කො,රොජසන්ගම දකුණ,HR2,HR2,,NBRI/NE/KTD[West]/2026/WGMSS/89),NBRI/NE/KTD[West]/2026/WGMSS/89),465/ඩී,House / නිවාස,Rock fall / ගල් පෙරලීම්,Resettle / නැවත පදිංචිකිරීම,Partially / අර්ධහානි,,,,,1.0,1.0,,1.0,,3,,Nuwara Eliya,7.0359_80.6373_2025-11-27,174.86,286.79,402.72,545.25,616.84,174.86,7.0,NASA POWER PRECTOTCORR / MERRA-2,ok,212,0.5093659892182671,24.34254,56.01035,18.61212,2.2371,5.28234,1.20206,0.06669,2.48853,14.61522,25.39345,4,61_67,1,True,1,1,0,3
7.053894,80.673706,2025-11-27,2025-11-27,2025-11-27,1,parsed_single,2025.11.27,,,2026.04.31,Nuwara Eliya,කොත්මලේ නැගෙනහිර ප්රා.ලේ.කො,අඹතලාව,HR3,HR3,,NBRI/NE/KTD[East]/2026/DSDD/277),NBRI/NE/KTD[East]/2026/DSDD/277),,House / නිවාස,Other / වෙනත් (වෙනත් කරුණු යටතේ සදහන් කරන්න),Resettle / නැවත පදිංචිකිරීම,Minor or No Damages / සුළුහානි හෝ හානි නොමැති,,,,,,2.0,,24.0,,26,,Nuwara Eliya,7.05389_80.67371_2025-11-27,174.86,286.79,402.72,545.25,616.84,174.86,7.0,NASA POWER PRECTOTCORR / MERRA-2,ok,213,0.0377306147186322,24.66993,54.88377,19.48314,2.09553,5.29294,1.2017,0.06758,2.63079,14.58447,26.30458,4,62_68,1,True,1,1,0,1
6.982387,80.747008,2025-11-27,2025-11-27,2025-11-27,1,parsed_single,2025.11.27,,2026-03-19,2026.03.19,Nuwara Eliya,නුවරඑළිය ප්රා.ලේ.කො,ශාන්තිපුර,HR2,HR2,,NBRI/NE/NED/2026/DSDD/219),NBRI/NE/NED/2026/DSDD/219),535එම්,House / නිවාස,Slope failures / බැවුම් අස්ථාවරවීම්,Resettle / නැවත පදිංචිකිරීම,Partially / අර්ධහානි,0.0,,,,1.0,2.0,,12.0,,15,,Nuwara Eliya,6.98239_80.74701_2025-11-27,174.86,286.79,402.72,545.25,616.84,174.86,7.0,NASA POWER PRECTOTCORR / MERRA-2,ok,221,0.0220536772184103,26.30059,51.2283,21.44703,2.31512,5.30721,1.15486,0.06918,4.16831,15.78998,29.30241,4,65_65,1,True,1,1,0,1
6.943508,80.795957,2025-11-27,2025-11-27,2025-11-27,1,parsed_single,2025-11-27 00:00:00,,2025-11-30,2025-11-30 00:00:00,Nuwara Eliya,නුවරඑළිය ප්රා.ලේ.කො,සීතාඑළිය,HR3,HR3,,NBRI/NE/NED/2025/KLKT/01/REV),NBRI/NE/NED/2025/KLKT/01/REV),478/ඒ,House / නිවාස,Other / වෙනත් (වෙනත් කරුණු යටතේ සදහන් කරන්න),Resettle / නැවත පදිංචිකිරීම,Minor or No Damages / සුළුහානි හෝ හානි නොමැති,,,,,,2.0,,13.0,,15,,Nuwara Eliya,6.94351_80.79596_2025-11-27,174.86,286.79,402.72,545.25,616.84,174.86,7.0,NASA POWER PRECTOTCORR / MERRA-2,ok,222,0.3207135882526567,27.21895,49.06576,22.75788,2.24358,5.30835,1.12993,0.07393,4.06117,15.61212,30.41022,0,67_64,1,True,1,1,0,1
7.024066,80.907605,2025-11-27,2025-11-27,2025-11-27,1,parsed_single,2025.11.27,,2026-01-03,2026.01.03,Nuwara Eliya,නිල්දණ්ඩහින්න ප්රා.ලේ.කො,ඇඹුලම්පහ,HR3,HR3,,NBRI/NE/WLD[Nildandahinna]/2025/LY/37,NBRI/NE/WLD[Nildandahinna]/2025/LY/37,531ඒ,House / නිවාස,Slope failures / බැවුම් අස්ථාවරවීම්,Resettle / නැවත පදිංචිකිරීම,Minor or No Damages / සුළුහානි හෝ හානි නොමැති,,(ස්ථීර පදිංචියක් නොමැත),,,,3.0,,14.0,,17,,Nuwara Eliya,7.02407_80.9076_2025-11-27,174.86,286.79,402.72,545.25,616.84,174.86,7.0,NASA POWER PRECTOTCORR / MERRA-2,ok,234,0.6119405323871906,16.8554,60.40785,19.76836,2.15308,5.45111,1.20865,0.06563,23.54219,15.84846,39.00111,3,71_67,1,True,1,1,0,2
7.025399,80.907987,2025-11-27,2025-11-27,2025-11-27,1,parsed_single,2025.11.27,,2026-02-18,2026.02.18,Nuwara Eliya,නිල්දණ්ඩහින්න ප්රා.ලේ.කො,ඇඹුලම්පහ,HR2,HR2,,NBRI/NE/WLD[Nildandahinna]/2026/DMCP/98),NBRI/NE/WLD[Nildandahinna]/2026/DMCP/98),531ඒ,House / නිවාස,Slope failures / බැවුම් අස්ථාවරවීම්,Resettle / නැවත පදිංචිකිරීම,Partially / අර්ධහානි,,,,,1.0,,,2.0,,3,,Nuwara Eliya,7.0254_80.90799_2025-11-27,174.86,286.79,402.72,545.25,616.84,174.86,7.0,NASA POWER PRECTOTCORR / MERRA-2,ok,234,0.4655996047742707,16.8554,60.40785,19.76836,2.15308,5.45111,1.20865,0.06563,23.54219,15.84846,39.00111,3,71_67,1,True,1,1,0,2
7.103519,80.911397,2025-11-27,2025-11-27,2025-11-27,1,parsed_single,2025.11.27,,2026-01-23,2026.01.23,Nuwara Eliya,නිල්දණ්ඩහින්න ප්රා.ලේ.කො,කලගන්වත්ත,HR1,HR1,,NBRI/NE/WLD[Nildandahinna]/2026/SMK/102),NBRI/NE/WLD[Nildandahinna]/2026/SMK/102),519,House / නිවාස,Other / වෙනත් (වෙනත් කරුණු යටතේ සදහන් කරන්න),Resettle / නැවත පදිංචිකිරීම,Fully / පුර්ණහානි,,ආතති පැලුම්,,1.0,,,,8.0,,9,,Nuwara Eliya,7.10352_80.9114_2025-11-27,174.86,286.79,402.72,545.25,616.84,174.86,7.0,NASA POWER PRECTOTCORR / MERRA-2,ok,235,0.0638835935102599,16.51088,63.85368,17.69452,1.957,5.60714,1.28018,0.06131,14.16363,14.52316,29.45365,3,71_70,1,True,1,1,0,1
7.095273,80.802895,2025-11-27,2025-11-27,2025-11-27,1,parsed_single,2025-11-27 00:00:00,රාත්‍රිි 8.30 – 10.00,2025-12-17,2025.12.17,Nuwara Eliya,වලපනේ ප්රා.ලේ.කො,නාපටවෙල,HR1,HR1,,NBRI/NE/WLD/2025/SMK/55),NBRI/NE/WLD/2025/SMK/55),,House / නිවාස,Landslide / නායයෑම්,Resettle / නැවත පදිංචිකිරීම,Fully / පුර්ණහානි,,,,12.0,,5.0,,,,17,,Nuwara Eliya,7.09527_80.8029_2025-11-27,174.86,286.79,402.72,545.25,616.84,174.86,7.0,NASA POWER PRECTOTCORR / MERRA-2,ok,236,0.0411449180922127,21.54209,56.98032,19.75985,2.04901,5.49355,1.24283,0.05964,10.07931,15.17687,29.9697,4,67_70,1,True,1,1,0,1
7.016737,80.896676,2025-11-26,2025-11-26,2025-11-26,1,parsed_single,2025.11.26,,2025-12-26,2025.12.26,Nuwara Eliya,නිල්දණ්ඩහින්න ප්රා.ලේ.කො,උඩුපුස්සැල්ලාව,HR2,HR2,,NBRI/NE/WLD[Nildandahinna]/2025/DMCP/සංශෝධන/39(II),NBRI/NE/WLD[Nildandahinna]/2025/DMCP/සංශෝධන/39(II),533 එච්,House / නිවාස,Rock fall / ගල් පෙරලීම්,Resettle / නැවත පදිංචිකිරීම,Partially / අර්ධහානි,,,,,2.0,8.0,,1.0,18.0,29,,Nuwara Eliya,7.01674_80.89668_2025-11-26,82.58,168.03,233.01,381.89,442.44,82.58,7.0,NASA POWER PRECTOTCORR / MERRA-2,ok,243,0.2946404625711364,15.35054,60.38254,20.61408,2.0161,5.44331,1.19674,0.06764,31.40341,15.18582,45.21454,3,71_67,1,True,1,1,0,1
6.869752,80.615725,2025-11-27,2025-11-27,2025-11-27,1,parsed_single,2025-11-27 00:00:00,,2026-02-26,2026-02-26 00:00:00,Nuwara Eliya,නොර්වුඩ් ප්රා.ලේ.කො,දික්ඔය,HR3,HR3,,NBRI/NE/ABD[Norwood]/2026/DSDD/185),NBRI/NE/ABD[Norwood]/2026/DSDD/185),319,(වෙනත් කරුණු යටතේ සටහන් කරන්න),Other / වෙනත් (වෙනත් කරුණු යටතේ සදහන් කරන්න),Resettle / නැවත පදිංචිකිරීම,Minor or No Damages / සුළුහානි හෝ හානි නොමැති,,"ආතති පැලුම් හා නිමානය තුල පිහිටීම්,RDA නිළ නිවාස , බට්ටල්ගල්ල වත්ත, පහල කොටස, දික්ඔය",,,,2.0,,,,2,,Nuwara Eliya,6.86975_80.61572_2025-11-27,174.86,286.79,402.72,545.25,616.84,174.86,7.0,NASA POWER PRECTOTCORR / MERRA-2,ok,247,0.4045130934370098,23.36608,58.38895,17.03335,2.25652,5.17821,1.22431,0.06148,2.63309,14.24282,23.5128,2,60_61,1,True,1,1,0,1
7.05322,80.79046,2025-11-27,2025-11-27,2025-11-27,1,parsed_single,2025.11.27,,2026-02-18,2026.02.18,Nuwara Eliya,මතුරට ප්රා.ලේ.කො,ගුඩ්වුඩ්,HR3,HR3,,NBRI/NE/HKD[Mathurata]/2026/DSDD/159),NBRI/NE/HKD[Mathurata]/2026/DSDD/159),,House / නිවාස,Rock fall / ගල් පෙරලීම්,Resettle / නැවත පදිංචිකිරීම,Minor or No Damages / සුළුහානි හෝ හානි නොමැති,,,,,,2.0,,,,2,,Nuwara Eliya,7.05322_80.79046_2025-11-27,174.86,286.79,402.72,545.25,616.84,174.86,7.0,NASA POWER PRECTOTCORR / MERRA-2,ok,264,0.3194488548899362,22.60328,55.34622,20.57841,2.10948,5.41048,1.21547,0.06321,8.79419,15.18155,30.03279,1,67_68,1,True,1,1,0,2
7.055483,80.787835,2025-11-27,2025-11-27,2025-11-27,1,parsed_single,2025-11-27 00:00:00,,2025-12-10,2025-12-10 00:00:00,Nuwara Eliya,මතුරට ප්රා.ලේ.කො,"ලබුහේන්වල , ගුඩ්වුඩ්",HR3,HR3,,NBRI/NE/HKD[Mathurata]/2025/PTG/26 - Rev,NBRI/NE/HKD[Mathurata]/2025/PTG/26 - Rev,,House / නිවාස,Other / වෙනත් (වෙනත් කරුණු යටතේ සදහන් කරන්න),Resettle / නැවත පදිංචිකිරීම,Minor or No Damages / සුළුහානි හෝ හානි නොමැති,,,,,,1.0,,9.0,,10,,Nuwara Eliya,7.05548_80.78784_2025-11-27,174.86,286.79,402.72,545.25,616.84,174.86,7.0,NASA POWER PRECTOTCORR / MERRA-2,ok,264,0.5772069791662708,22.60328,55.34622,20.57841,2.10948,5.41048,1.21547,0.06321,8.79419,15.18155,30.03279,1,67_68,1,True,1,1,0,2
7.032945,80.655915,2025-11-27,2025-11-27,2025-11-27,1,parsed_single,2025.11.27,,2026-02-12,2026.02.12,Nuwara Eliya,කොත්මලේ නැගෙනහිර ප්රා.ලේ.කො,කුඹල්ඔළුව,HR1,HR1,,NBRI/NE/KTD[East]/2026/SMK/146),NBRI/NE/KTD[East]/2026/SMK/146),469,House / නිවාස,Other / වෙනත් (වෙනත් කරුණු යටතේ සදහන් කරන්න),Resettle / නැවත පදිංචිකිරීම,Fully / පුර්ණහානි,,ආතති පැලුම්,,1.0,2.0,8.0,,7.0,,18,,Nuwara Eliya,7.03294_80.65591_2025-11-27,174.86,286.79,402.72,545.25,616.84,174.86,7.0,NASA POWER PRECTOTCORR / MERRA-2,ok,278,0.0648323187915666,24.64539,55.44311,18.87262,2.24333,5.27837,1.1987,0.06666,2.71819,14.61729,25.92223,1,62_67,1,True,1,1,0,1
6.984906,80.751693,2025-11-27,2025-11-27,2025-11-27,1,parsed_single,2025.11.27,,2026-02-08,2026.02.08,Nuwara Eliya,නුවරඑළිය ප්රා.ලේ.කො,බඹරකැලේ,HR3,HR3,,NBRI/NE/NED/2026/KHS/09),NBRI/NE/NED/2026/KHS/09),535කේ,House / නිවාස,Other / වෙනත් (වෙනත් කරුණු යටතේ සදහන් කරන්න),Resettle / නැවත පදිංචිකිරීම,Minor or No Damages / සුළුහානි හෝ හානි නොමැති,0.0,නිම්නය අසල නිවාස පිහිටීම,,,,1.0,,8.0,,9,,Nuwara Eliya,6.98491_80.75169_2025-11-27,174.86,286.79,402.72,545.25,616.84,174.86,7.0,NASA POWER PRECTOTCORR / MERRA-2,ok,292,0.2783672304605545,26.20026,51.19955,21.50544,2.31801,5.30299,1.1531,0.0697,4.58771,15.79154,29.61359,3,65_66,1,True,1,1,0,1
7.212561,80.778666,2025-11-27,2025-11-27,2025-11-27,1,parsed_single,2025.11.27,,2026-01-29,2026.01.29,Nuwara Eliya,හඟුරන්කෙත ප්රා.ලේ.කො,අධිකාරිගම,HR1,HR1,,NBRI/NE/HKD/2026/DMCP/78),NBRI/NE/HKD/2026/DMCP/78),486සී,House / නිවාස,Slope failures / බැවුම් අස්ථාවරවීම්,Resettle / නැවත පදිංචිකිරීම,Fully / පුර්ණහානි,,,,1.0,,,,5.0,,6,,Nuwara Eliya,7.21256_80.77867_2025-11-27,174.86,286.79,402.72,545.25,616.84,174.86,7.0,NASA POWER PRECTOTCORR / MERRA-2,ok,310,0.5038888660368543,21.06917,60.88558,16.6563,1.06211,5.77497,1.33846,0.05479,7.15821,13.63426,27.02934,0,67_74,1,True,1,1,0,1
7.017684,80.650857,2025-11-27,2025-11-27,2025-11-27,1,parsed_single,2025.11.27,,2026-06-16,2026.06.16,Nuwara Eliya,කොත්මලේ නැගෙනහිර ප්රා.ලේ.කො,බෝගහවෙල,HR3,HR3,,NBRI/NE/KTD[East]/2026/VKG/95),NBRI/NE/KTD[East]/2026/VKG/95),468/ඩී,House / නිවාස,Other / වෙනත් (වෙනත් කරුණු යටතේ සදහන් කරන්න),Resettle / නැවත පදිංචිකිරීම,Minor or No Damages / සුළුහානි හෝ හානි නොමැති,0.0,අවදානම් සහගත ලෙස නිම්න මාර්ගයක් තුළ පිහිටීම,,,,5.0,,7.0,,12,,Nuwara Eliya,7.01768_80.65086_2025-11-27,174.86,286.79,402.72,545.25,616.84,174.86,7.0,NASA POWER PRECTOTCORR / MERRA-2,ok,324,0.050126946619205,24.60543,55.50202,18.90532,2.25471,5.27196,1.19413,0.06667,2.62581,14.6183,25.81049,1,62_67,1,True,1,1,0,1
7.04671,80.696108,2025-11-27,2025-11-27,2025-11-27,1,parsed_single,2025-11-27 00:00:00,Morning,2025-12-13,2025-12-13 00:00:00,Nuwara Eliya,කොත්මලේ නැගෙනහිර ප්රා.ලේ.කො,රම්බොඩ,HR2,HR2,,NBRI/NE/KTD[East]-41/2025/RR/11 - Rev,NBRI/NE/KTD[East]-41/2025/RR/11 - Rev,474,House / නිවාස,Slope failures / බැවුම් අස්ථාවරවීම්,Resettle / නැවත පදිංචිකිරීම,Partially / අර්ධහානි,,,,,1.0,6.0,,1.0,,8,,Nuwara Eliya,7.04671_80.69611_2025-11-27,174.86,286.79,402.72,545.25,616.84,174.86,7.0,NASA POWER PRECTOTCORR / MERRA-2,ok,328,0.6209282837192299,25.20955,53.73055,19.841,2.19428,5.33209,1.20194,0.06562,4.21186,14.69392,27.85275,3,64_68,1,True,1,1,0,1
7.05649,80.81132,2025-11-27,2025-11-27,2025-11-27,1,parsed_single,2025-11-27 00:00:00,8.30 am,2025-12-12,2025-12-12 00:00:00,Nuwara Eliya,මතුරට ප්රා.ලේ.කො,ගෝනකැලේ,HR1,HR1,,NBRI/NE/HKD[Mathurata]/2025/SMK/16 -Rev,NBRI/NE/HKD[Mathurata]/2025/SMK/16 -Rev,508 B,House / නිවාස,Landslide / නායයෑම්,Resettle / නැවත පදිංචිකිරීම,Fully / පුර්ණහානි,,,,1.0,,,,3.0,,4,,Nuwara Eliya,7.05649_80.81132_2025-11-27,174.86,286.79,402.72,545.25,616.84,174.86,7.0,NASA POWER PRECTOTCORR / MERRA-2,ok,330,0.1527517193837789,21.47139,56.70321,20.19219,2.10006,5.43116,1.21912,0.06275,10.65733,15.18325,30.75873,1,68_68,1,True,1,1,0,1
7.105461,80.923034,2025-11-27,2025-11-27,2025-11-27,1,parsed_single,2025.11.27,,2026-01-01,2026.01.01,Nuwara Eliya,නිල්දණ්ඩහින්න ප්රා.ලේ.කො,උඩුමාදුර උතුර 518 බී,HR2,HR2,,NBRI/NE/WLD[Nildandahinna]/2025/SMK/සං‍ශෝධන/64 (ii),NBRI/NE/WLD[Nildandahinna]/2025/SMK/සං‍ශෝධන/64 (ii),,House / නිවාස,Slope failures / බැවුම් අස්ථාවරවීම්,Resettle / නැවත පදිංචිකිරීම,Partially / අර්ධහානි,,ගල් පෙරලීම්,,,1.0,,,2.0,,3,,Nuwara Eliya,7.10546_80.92303_2025-11-27,174.86,286.79,402.72,545.25,616.84,174.86,7.0,NASA POWER PRECTOTCORR / MERRA-2,ok,335,0.0109345759212385,15.56912,65.59981,16.88597,1.30356,5.67339,1.32789,0.05874,14.84143,13.75203,29.22359,0,72_70,1,True,1,1,0,1
7.097263,80.918302,2025-11-27,2025-11-27,2025-11-27,1,parsed_single,2025.11.27,,2025-12-23,2025.12.23,Nuwara Eliya,නිල්දණ්ඩහින්න ප්රා.ලේ.කො,උඩමාදුර,HR1,HR1,,NBRI/NE/WLD[Nildandahinna]/2025/SMK/46,NBRI/NE/WLD[Nildandahinna]/2025/SMK/46,,House / නිවාස,Other / වෙනත් (වෙනත් කරුණු යටතේ සදහන් කරන්න),Resettle / නැවත පදිංචිකිරීම,Fully / පුර්ණහානි,,ගිලා බැසිම,,2.0,1.0,,,4.0,,7,,Nuwara Eliya,7.09726_80.9183_2025-11-27,174.86,286.79,402.72,545.25,616.84,174.86,7.0,NASA POWER PRECTOTCORR / MERRA-2,ok,342,0.3658816232762391,16.29012,63.95737,17.74421,1.96688,5.59536,1.27662,0.0621,14.6919,14.52464,29.77274,0,72_70,1,True,1,1,0,2
7.09812,80.923959,2025-11-27,2025-11-27,2025-11-27,1,parsed_single,2025.11.27,,2025-12-23,2025.12.23,Nuwara Eliya,නිල්දණ්ඩහින්න ප්රා.ලේ.කො,උඩමාදුර,HR1,HR1,,NBRI/NE/WLD[Nildandahinna]/2025/SMK/44,NBRI/NE/WLD[Nildandahinna]/2025/SMK/44,,House / නිවාස,Landslide / නායයෑම්,Resettle / නැවත පදිංචිකිරීම,Fully / පුර්ණහානි,,ගිලා බැසිම,,1.0,,,,4.0,,5,,Nuwara Eliya,7.09812_80.92396_2025-11-27,174.86,286.79,402.72,545.25,616.84,174.86,7.0,NASA POWER PRECTOTCORR / MERRA-2,ok,342,0.6112235616996092,16.29012,63.95737,17.74421,1.96688,5.59536,1.27662,0.0621,14.6919,14.52464,29.77274,0,72_70,1,True,1,1,0,2
7.0658,80.675632,2025-11-27,2025-11-27,2025-11-27,1,parsed_single,2025-11-27 00:00:00,රාත්‍රී 8.20 පමණ,2026-01-06,2026-01-06 00:00:00,Nuwara Eliya,කොත්මලේ නැගෙනහිර ප්රා.ලේ.කො,පනම්ගම්මන,HR1,HR1,,NBRI/NE/KTD[East]/2025/KLKT/39),NBRI/NE/KTD[East]/2025/KLKT/39),,Business / ව්‍යාපාරික ස්ථානය,Landslide / නායයෑම්,Resettle / නැවත පදිංචිකිරීම,Fully / පුර්ණහානි,,,,1.0,,2.0,,,,3,,Nuwara Eliya,7.0658_80.67563_2025-11-27,174.86,286.79,402.72,545.25,616.84,174.86,7.0,NASA POWER PRECTOTCORR / MERRA-2,ok,350,0.1708706595644708,24.68674,54.92613,19.32407,2.07121,5.31354,1.21078,0.06745,2.65051,14.58241,26.25882,4,62_69,1,True,1,1,0,2
7.06647,80.674209,2025-11-27,2025-11-27,2025-11-27,1,parsed_single,2025-11-27 00:00:00,,2026-01-06,2026-01-06 00:00:00,Nuwara Eliya,කොත්මලේ නැගෙනහිර ප්රා.ලේ.කො,පනම්ගම්මන,HR2,HR2,,NBRI/NE/KTD[East]/2025/KLKT/38),NBRI/NE/KTD[East]/2025/KLKT/38),,House / නිවාස,Slope failures / බැවුම් අස්ථාවරවීම්,Resettle / නැවත පදිංචිකිරීම,Partially / අර්ධහානි,,,,,1.0,1.0,,3.0,,5,,Nuwara Eliya,7.06647_80.67421_2025-11-27,174.86,286.79,402.72,545.25,616.84,174.86,7.0,NASA POWER PRECTOTCORR / MERRA-2,ok,350,0.1113046170180417,24.68674,54.92613,19.32407,2.07121,5.31354,1.21078,0.06745,2.65051,14.58241,26.25882,4,62_69,1,True,1,1,0,2
7.042798,80.643112,2025-11-27,2025-11-27,2025-11-27,1,parsed_single,2025.11.27,,2025-12-08,2025.12.08,Nuwara Eliya,කොත්මලේ බටහිර ප්රා.ලේ.කො,කලපිටිය බටහිර,HR1,HR1,,NBRI/NE/KTD[West]/2026/PTG/18-REV),NBRI/NE/KTD[West]/2026/PTG/18-REV),,House / නිවාස,Cutting failure / කණ්ඩි අස්ථාවරවීම්,Resettle / නැවත පදිංචිකිරීම,Fully / පුර්ණහානි,,බෑවුම් අස්ථාවර වීම,,1.0,,,,1.0,,2,,Nuwara Eliya,7.0428_80.64311_2025-11-27,174.86,286.79,402.72,545.25,616.84,174.86,7.0,NASA POWER PRECTOTCORR / MERRA-2,ok,354,0.0193144856678885,24.47111,55.83422,18.6207,2.22609,5.28827,1.20629,0.06673,2.53349,14.61428,25.55431,3,61_68,1,True,1,1,0,1
7.068918,80.892541,2025-11-26,2025-11-26,2025-11-26,1,parsed_single,2025-11-26 00:00:00,,2026-01-13,2026-01-13 00:00:00,Nuwara Eliya,නිල්දණ්ඩහින්න ප්රා.ලේ.කො,දෙනමුරේ,HR1,HR1,,NBRI/NE/WLD(Nildandahinna)/DMCP/54),NBRI/NE/WLD(Nildandahinna)/DMCP/54),524/,House / නිවාස,Slope failures / බැවුම් අස්ථාවරවීම්,Resettle / නැවත පදිංචිකිරීම,Fully / පුර්ණහානි,,,,1.0,,6.0,,10.0,,17,,Nuwara Eliya,7.06892_80.89254_2025-11-26,82.58,168.03,233.01,381.89,442.44,82.58,7.0,NASA POWER PRECTOTCORR / MERRA-2,ok,355,0.6444322791333678,18.55234,60.30385,18.84922,2.1829,5.50749,1.21848,0.06266,16.90692,15.73375,34.12032,1,70_69,1,True,1,1,0,1
7.070117,80.676286,2025-11-27,2025-11-27,2025-11-27,1,parsed_single,2025.11.27,,2026-07-31,2026.07.31,Nuwara Eliya,කොත්මලේ නැගෙනහිර ප්රා.ලේ.කො,පනම්ගම්මන,HR3,HR3,,NBRI/NE/KTD[East]/2026/WGMSS/138),NBRI/NE/KTD[East]/2026/WGMSS/138),473,House / නිවාස,Other / වෙනත් (වෙනත් කරුණු යටතේ සදහන් කරන්න),Resettle / නැවත පදිංචිකිරීම,Minor or No Damages / සුළුහානි හෝ හානි නොමැති,0.0,ජල ගැලීම සහ නිම්න මාර්ගයේ පිහිටා තිබීම,,,,2.0,,12.0,,14,,Nuwara Eliya,7.07012_80.67629_2025-11-27,174.86,286.79,402.72,545.25,616.84,174.86,7.0,NASA POWER PRECTOTCORR / MERRA-2,ok,357,0.3384857850936318,24.72627,54.7003,19.46475,2.07574,5.31242,1.20829,0.06735,3.02413,14.58446,26.62468,1,63_69,1,True,1,1,0,2
7.071,80.68263,2025-11-27,2025-11-27,2025-11-27,1,parsed_single,2025-11-27 00:00:00,6.00 PM,2025-12-11,2025-12-11 00:00:00,Nuwara Eliya,කොත්මලේ නැගෙනහිර ප්රා.ලේ.කො,රම්බොඩ,HR1,HR1,,NBRI/NE/KTD[East]-48/2025/RR/18)-Rev,NBRI/NE/KTD[East]-48/2025/RR/18)-Rev,474,House / නිවාස,Slope failures / බැවුම් අස්ථාවරවීම්,Resettle / නැවත පදිංචිකිරීම,Fully / පුර්ණහානි,,,,1.0,6.0,1.0,,,,8,,Nuwara Eliya,7.071_80.68263_2025-11-27,174.86,286.79,402.72,545.25,616.84,174.86,7.0,NASA POWER PRECTOTCORR / MERRA-2,ok,357,0.3816247744852905,24.72627,54.7003,19.46475,2.07574,5.31242,1.20829,0.06735,3.02413,14.58446,26.62468,1,63_69,1,True,1,1,0,2
6.974158,80.795416,2025-11-27,2025-11-27,2025-11-27,1,parsed_single,2025.11.27,,2026-03-19,2026.03.19,Nuwara Eliya,නුවරඑළිය ප්රා.ලේ.කො,පීඩෲ වත්ත,HR3,HR3,,NBRI/NE/NED/2026/DSDD/216),NBRI/NE/NED/2026/DSDD/216),534/එච්,House / නිවාස,Slope failures / බැවුම් අස්ථාවරවීම්,Resettle / නැවත පදිංචිකිරීම,Minor or No Damages / සුළුහානි හෝ හානි නොමැති,0.0,,,,,11.0,,3.0,,14,,Nuwara Eliya,6.97416_80.79542_2025-11-27,174.86,286.79,402.72,545.25,616.84,174.86,7.0,NASA POWER PRECTOTCORR / MERRA-2,ok,358,0.2629125224473151,25.7031,51.15271,21.88991,2.292,5.26839,1.14247,0.07024,6.77816,15.8484,31.31418,4,67_65,1,True,1,1,0,2
6.976183,80.797763,2025-11-27,2025-11-27,2025-11-27,1,parsed_single,2025-11-27 00:00:00,,2025-11-29,2025-11-29 00:00:00,Nuwara Eliya,නුවරඑළිය ප්රා.ලේ.කො,පීඩෘෘ,HR1,HR1,,NBRI/NE/NED/2025/SMK/02,NBRI/NE/NED/2025/SMK/02,534 එච්,House / නිවාස,Landslide / නායයෑම්,Resettle / නැවත පදිංචිකිරීම,Fully / පුර්ණහානි,,,,10.0,,26.0,,,,36,,Nuwara Eliya,6.97618_80.79776_2025-11-27,174.86,286.79,402.72,545.25,616.84,174.86,7.0,NASA POWER PRECTOTCORR / MERRA-2,ok,358,0.2787704067167199,25.7031,51.15271,21.88991,2.292,5.26839,1.14247,0.07024,6.77816,15.8484,31.31418,4,67_65,1,True,1,1,0,2
7.044971,80.875646,2025-11-27,2025-11-27,2025-11-27,1,parsed_single,2025.11.27 සහ මීට පෙර සිටම,,2026-07-09,2026.07.09,Nuwara Eliya,වලපනේ ප්රා.ලේ.කො,හරස්බැද්ද උතුර,HR3,HR3,,NBRI/NE/WLD/2026/VKG/104),NBRI/NE/WLD/2026/VKG/104),526/බී,House / නිවාස,Other / වෙනත් (වෙනත් කරුණු යටතේ සදහන් කරන්න),Resettle / නැවත පදිංචිකිරීම,Minor or No Damages / සුළුහානි හෝ හානි නොමැති,,ඉහළ බෑවුම් ප්‍රදේශයේ ආතති පැලුම් මතුවීම,,,,3.0,,23.0,,26,,Nuwara Eliya,7.04497_80.87565_2025-11-27,174.86,286.79,402.72,545.25,616.84,174.86,7.0,NASA POWER PRECTOTCORR / MERRA-2,ok,360,0.0115979529851172,18.39733,59.62553,19.4117,2.13571,5.48313,1.19629,0.06457,19.08104,15.39268,36.09597,1,70_68,1,True,1,1,0,1
7.086789,80.651577,2025-11-28,2025-11-28,2025-11-28,1,parsed_single,2025.11.28,,2026-02-02,2026.02.02,Nuwara Eliya,කොත්මලේ නැගෙනහිර ප්රා.ලේ.කො,රජඇළ,HR1,HR1,,NBRI/NE/KTD[East]/2026/KLKT/103),NBRI/NE/KTD[East]/2026/KLKT/103),456ඊ,House / නිවාස,Slope failures / බැවුම් අස්ථාවරවීම්,Resettle / නැවත පදිංචිකිරීම,Fully / පුර්ණහානි,,,,1.0,,,,,,1,,Nuwara Eliya,7.08679_80.65158_2025-11-28,64.6,322.04,457.49,601.37,680.32,174.86,7.0,NASA POWER PRECTOTCORR / MERRA-2,ok,362,0.2356348059413086,24.45845,55.30863,19.17138,1.49063,5.38533,1.24886,0.06476,2.88488,14.22084,26.30622,4,62_69,1,True,1,1,0,1
6.922192,80.51605,2025-11-27,2025-11-27,2025-11-27,1,parsed_single,2025.11.27,,2026-04-20,2026.04.20,Nuwara Eliya,අඹගමුව ප්රා.ලේ.කො,විදුලිපුර උතුර,HR3,HR3,,NBRI/NE/ABD/2026/VKG/41,NBRI/NE/ABD/2026/VKG/41,315/ඩී,House / නිවාස,Slope failures / බැවුම් අස්ථාවරවීම්,Resettle / නැවත පදිංචිකිරීම,Minor or No Damages / සුළුහානි හෝ හානි නොමැති,,,,,,2.0,,1.0,,3,,Nuwara Eliya,6.92219_80.51605_2025-11-27,174.86,286.79,402.72,545.25,616.84,174.86,7.0,NASA POWER PRECTOTCORR / MERRA-2,ok,376,0.0909993207879585,19.13272,66.00538,13.42566,2.1583,5.06544,1.27573,0.0594,3.28791,13.3856,20.37574,4,57_63,1,True,1,1,0,1
7.01056,80.666982,2025-11-27,2025-11-27,2025-11-27,1,parsed_single,2025-11-27 00:00:00,,2026-01-02,2026-01-02 00:00:00,Nuwara Eliya,කොත්මලේ නැගෙනහිර ප්රා.ලේ.කො,ෂීන් ගම,HR1,HR1,,NBRI/NE/KTD[East]/2026/LY/38),NBRI/NE/KTD[East]/2026/LY/38),468ජේ,House / නිවාස,Landslide / නායයෑම්,Resettle / නැවත පදිංචිකිරීම,Fully / පුර්ණහානි,,,,1.0,6.0,1.0,,12.0,,20,,Nuwara Eliya,7.01056_80.66698_2025-11-27,174.86,286.79,402.72,545.25,616.84,174.86,7.0,NASA POWER PRECTOTCORR / MERRA-2,ok,383,0.1216961983944653,24.98678,54.82822,19.26121,2.27301,5.26043,1.18566,0.06676,2.71528,14.62147,26.3106,2,62_66,1,True,1,1,0,1
6.929895,80.691314,2025-12-01,2025-12-01,2025-12-01,1,parsed_single,2025-12-01 00:00:00,,2025-12-07,2025-12-07 00:00:00,Nuwara Eliya,නුවරඑළිය ප්රා.ලේ.කො,ලබලියර් වත්ත,HR3,HR3,,NBRI/NE/NED/2025/DSDD/05,NBRI/NE/NED/2025/DSDD/05,,House / නිවාස,Slope failures / බැවුම් අස්ථාවරවීම්,Resettle / නැවත පදිංචිකිරීම,Minor or No Damages / සුළුහානි හෝ හානි නොමැති,,,,,,4.0,,4.0,,8,,Nuwara Eliya,6.9299_80.69131_2025-12-01,0.13,5.95,357.34,532.4200000000001,685.6900000000002,174.86,5.0,NASA POWER PRECTOTCORR / MERRA-2,ok,398,0.434217285969191,29.80849,48.18089,22.16662,2.33265,5.19123,1.16913,0.0624,0.66647,15.30552,29.8901,3,63_64,1,True,1,1,0,1
6.977459,80.780268,2025-11-27,2025-11-27,2025-11-27,1,parsed_single,2025-11-27 00:00:00,,,"2025.12.28 , 2025.12.29",Nuwara Eliya,නුවරඑළිය ප්රා.ලේ.කො,හාවාඑළිය උතුර,HR1,HR1,,NBRI/NE/NED/2025/SMK/63/සංශෝධන ii),NBRI/NE/NED/2025/SMK/63/සංශෝධන ii),535 ජී,House / නිවාස,Slope failures / බැවුම් අස්ථාවරවීම්,Resettle / නැවත පදිංචිකිරීම,Fully / පුර්ණහානි,,,,1.0,,3.0,,43.0,45.0,92,,Nuwara Eliya,6.97746_80.78027_2025-11-27,174.86,286.79,402.72,545.25,616.84,174.86,7.0,NASA POWER PRECTOTCORR / MERRA-2,ok,411,0.0634128428587859,26.29562,50.65081,21.98572,2.28885,5.27388,1.14436,0.06954,5.60988,15.84553,30.77012,1,66_65,1,True,1,1,0,1
6.945386,80.543395,2026-08-03,2026-08-03,2026-08-03,1,parsed_single,2026.08.03,,2026-08-07,2026.08.07,Nuwara Eliya,අඹගමුව ප්රා.ලේ.කො,වටවල,HR3,HR3,,NBRI/NE/ABD/2026/LSG/68),NBRI/NE/ABD/2026/LSG/68),320/ එෆ්,House / නිවාස,Other / වෙනත් (වෙනත් කරුණු යටතේ සදහන් කරන්න),Resettle / නැවත පදිංචිකිරීම,Minor or No Damages / සුළුහානි හෝ හානි නොමැති,,සුන්බුන් ගලන මාර්ගය,,,,3.0,,13.0,,16,,Nuwara Eliya,6.94539_80.5434_2026-08-03,34.43,57.19,70.59,73.72,97.5,34.43,7.0,NASA POWER PRECTOTCORR / MERRA-2,ok,417,0.2614921731074806,16.93399,68.62755,13.13225,2.25751,5.11482,1.23477,0.06238,2.39542,13.40856,17.61549,4,58_64,1,True,1,1,0,1
7.074747,80.652747,2025-11-27,2025-11-27,2025-11-27,1,parsed_single,2025.11.27,,2026-05-10,2026.05.10,Nuwara Eliya,කොත්මලේ නැගෙනහිර ප්රා.ලේ.කො,ගොඹුරුඔය,HR3,HR3,,NBRI/NE/KTD[East]/2026/SMK/219),NBRI/NE/KTD[East]/2026/SMK/219),,House / නිවාස,Slope failures / බැවුම් අස්ථාවරවීම්,Resettle / නැවත පදිංචිකිරීම,Minor or No Damages / සුළුහානි හෝ හානි නොමැති,0.0,,,,,1.0,,,,1,,Nuwara Eliya,7.07475_80.65275_2025-11-27,174.86,286.79,402.72,545.25,616.84,174.86,7.0,NASA POWER PRECTOTCORR / MERRA-2,ok,419,0.0170083666403445,24.35038,55.42733,19.18836,1.49535,5.37596,1.24596,0.06454,2.98363,14.22114,26.31801,4,62_69,1,True,1,1,0,1
7.034552,80.666355,2025-11-27,2025-11-27,2025-11-27,1,parsed_single,2025-11-27 00:00:00,රාත්‍රී 7.15 – 7.30,2025-12-26,2025-12-26 00:00:00,Nuwara Eliya,කොත්මලේ නැගෙනහිර ප්රා.ලේ.කො,මැදකන්ද,HR1,HR1,,NBRI/NE/KTD[East]/2025/KLKT/16),NBRI/NE/KTD[East]/2025/KLKT/16),469 සී,House / නිවාස,Landslide / නායයෑම්,Resettle / නැවත පදිංචිකිරීම,Fully / පුර්ණහානි,,,,4.0,1.0,6.0,,46.0,,57,,Nuwara Eliya,7.03455_80.66636_2025-11-27,174.86,286.79,402.72,545.25,616.84,174.86,7.0,NASA POWER PRECTOTCORR / MERRA-2,ok,422,0.6589852845647673,24.91782,54.91101,19.12293,2.24957,5.27423,1.19537,0.06665,2.97474,14.61937,26.44496,1,62_67,1,True,1,1,0,2
7.031478,80.662045,2025-11-28,2025-11-28,2025-11-28,1,parsed_single,2025.11.28,,2026-05-10,2026.05.10,Nuwara Eliya,කොත්මලේ නැගෙනහිර ප්රා.ලේ.කො,මැදකන්ද,HR2,HR2,,NBRI/NE/KTD[East]/2026/DSDD/296),NBRI/NE/KTD[East]/2026/DSDD/296),469/සී,House / නිවාස,Other / වෙනත් (වෙනත් කරුණු යටතේ සදහන් කරන්න),Resettle / නැවත පදිංචිකිරීම,Partially / අර්ධහානි,0.0,"බෑවුම් අස්ථාවරතා ,ආතති පැලුම් ,ගල් පෙරලිම",,,1.0,1.0,,6.0,,8,,Nuwara Eliya,7.03148_80.66205_2025-11-28,64.6,322.04,457.49,601.37,680.32,174.86,7.0,NASA POWER PRECTOTCORR / MERRA-2,ok,422,0.1280928621218191,24.91782,54.91101,19.12293,2.24957,5.27423,1.19537,0.06665,2.97474,14.61937,26.44496,1,62_67,1,True,1,1,1,2
7.063928,80.63409,2025-11-27,2025-11-27,2025-11-27,1,parsed_single,2025-11-27 00:00:00,,2026-01-06,2026-01-06 00:00:00,Nuwara Eliya,කොත්මලේ නැගෙනහිර ප්රා.ලේ.කො,මාස්වෙල,HR2,HR2,,NBRI/NE/KTD[East]/2025/LY/35),NBRI/NE/KTD[East]/2025/LY/35),,House / නිවාස,Slope failures / බැවුම් අස්ථාවරවීම්,Resettle / නැවත පදිංචිකිරීම,Partially / අර්ධහානි,,,,,1.0,1.0,,3.0,,5,,Nuwara Eliya,7.06393_80.63409_2025-11-27,174.86,286.79,402.72,545.25,616.84,174.86,7.0,NASA POWER PRECTOTCORR / MERRA-2,ok,423,0.0916285206409226,24.10011,56.65901,18.1471,1.57335,5.3548,1.21718,0.06561,2.16959,14.07381,24.80771,3,61_68,1,True,1,1,0,1
7.075025,80.819993,2025-11-27,2025-11-27,2025-11-27,1,parsed_single,2025-11-27 00:00:00,Morning,2025-12-19,2025-12-19 00:00:00,Nuwara Eliya,වලපනේ ප්රා.ලේ.කො,උකුතුලේ නැගෙනහිර,HR1,HR1,,NBRI/NE/WLD/19/2025/SMK/39 -Rev,NBRI/NE/WLD/19/2025/SMK/39 -Rev,,House / නිවාස,Landslide / නායයෑම්,Resettle / නැවත පදිංචිකිරීම,Fully / පුර්ණහානි,,,,2.0,2.0,6.0,,,,10,,Nuwara Eliya,7.07502_80.81999_2025-11-27,174.86,286.79,402.72,545.25,616.84,174.86,7.0,NASA POWER PRECTOTCORR / MERRA-2,ok,425,0.3116479220805478,20.93077,57.61498,19.77222,2.07633,5.4668,1.2301,0.06119,11.07531,15.18134,30.58448,1,68_69,1,True,1,1,0,1
7.027443,80.664202,2025-11-27,2025-11-27,2025-11-27,1,parsed_single,2025-11-27 00:00:00,,2026-02-16,2026 /02/16,Nuwara Eliya,කොත්මලේ නැගෙනහිර ප්රා.ලේ.කො,මැදකන්ද,HR3,HR3,,NBRI/NE/KTD[East]/2026/KLKT/116),NBRI/NE/KTD[East]/2026/KLKT/116),,House / නිවාස,Slope failures / බැවුම් අස්ථාවරවීම්,Resettle / නැවත පදිංචිකිරීම,Minor or No Damages / සුළුහානි හෝ හානි නොමැති,,,,,,8.0,,8.0,,16,,Nuwara Eliya,7.02744_80.6642_2025-11-27,174.86,286.79,402.72,545.25,616.84,174.86,7.0,NASA POWER PRECTOTCORR / MERRA-2,ok,438,0.13809217220729,24.91782,54.91101,19.12293,2.24957,5.27423,1.19537,0.06665,2.97474,14.61937,26.44496,1,62_67,1,True,1,1,0,2
7.026146,80.66385,2025-11-28,2025-11-28,2025-11-28,1,parsed_single,2025-11-28 00:00:00,,2025-12-20,2025-12-20 00:00:00,Nuwara Eliya,කොත්මලේ නැගෙනහිර ප්රා.ලේ.කො,මැදකන්ද,HR1,HR1,,NBRI/NE/KTD[East] /2025/PTG/80 - REV),NBRI/NE/KTD[East] /2025/PTG/80 - REV),469 / සී,House / නිවාස,Other / වෙනත් (වෙනත් කරුණු යටතේ සදහන් කරන්න),Resettle / නැවත පදිංචිකිරීම,Fully / පුර්ණහානි,,ආතති පැලුම්,,2.0,,1.0,,9.0,,12,,Nuwara Eliya,7.02615_80.66385_2025-11-28,64.6,322.04,457.49,601.37,680.32,174.86,7.0,NASA POWER PRECTOTCORR / MERRA-2,ok,438,0.0768663292316013,24.91782,54.91101,19.12293,2.24957,5.27423,1.19537,0.06665,2.97474,14.61937,26.44496,1,62_67,1,True,1,1,1,2
7.157112,80.728561,2025-11-27,2025-11-27,2025-11-27,1,parsed_single,2025.11.27,,2026-01-27,2026.01.27,Nuwara Eliya,හඟුරන්කෙත ප්රා.ලේ.කො,මැදගම,HR2,HR2,,NBRI/NE/HKD/2026/SMK/113),NBRI/NE/HKD/2026/SMK/113),500බී,House / නිවාස,Slope failures / බැවුම් අස්ථාවරවීම්,Resettle / නැවත පදිංචිකිරීම,Partially / අර්ධහානි,,,,,1.0,,,6.0,,7,,Nuwara Eliya,7.15711_80.72856_2025-11-27,174.86,286.79,402.72,545.25,616.84,174.86,7.0,NASA POWER PRECTOTCORR / MERRA-2,ok,446,0.4213526243169549,23.41561,56.23968,18.90466,1.51667,5.50731,1.26591,0.05634,5.20079,14.21989,27.1377,4,65_72,1,True,1,1,0,1
7.001765,80.616995,2025-11-27,2025-11-27,2025-11-27,1,parsed_single,2025.11.27,,2026-01-27,2026.01.27,Nuwara Eliya,කොත්මලේ බටහිර ප්රා.ලේ.කො,බෙරමාන උතුර,HR3,HR3,,NBRI/NE/KTD[West]/2026/KLKT/120),NBRI/NE/KTD[West]/2026/KLKT/120),467/ඩී,House / නිවාස,Slope failures / බැවුම් අස්ථාවරවීම්,Resettle / නැවත පදිංචිකිරීම,Minor or No Damages / සුළුහානි හෝ හානි නොමැති,,,,,,1.0,,2.0,1.0,4,,Nuwara Eliya,7.00176_80.617_2025-11-27,174.86,286.79,402.72,545.25,616.84,174.86,7.0,NASA POWER PRECTOTCORR / MERRA-2,ok,451,0.1179808635303527,21.32438,60.80568,16.92311,2.27752,5.22136,1.20015,0.06351,1.50582,14.32877,21.51229,3,60_66,1,True,1,1,0,1
7.119112,80.790406,2025-11-27,2025-11-27,2025-11-27,1,parsed_single,2025.11.27,,2026-02-17,2026.02.17,Nuwara Eliya,මතුරට ප්රා.ලේ.කො,දෙහිපේ,HR2,HR2,,NBRI/NE/HKD[Mathurata]/2026/DSDD/163),NBRI/NE/HKD[Mathurata]/2026/DSDD/163),,House / නිවාස,Slope failures / බැවුම් අස්ථාවරවීම්,Resettle / නැවත පදිංචිකිරීම,Partially / අර්ධහානි,,,,,1.0,1.0,,1.0,,3,,Nuwara Eliya,7.11911_80.79041_2025-11-27,174.86,286.79,402.72,545.25,616.84,174.86,7.0,NASA POWER PRECTOTCORR / MERRA-2,ok,457,0.2679669332506291,21.96456,57.07444,19.26019,1.48932,5.51593,1.27792,0.05702,9.61303,14.33592,29.85373,4,67_70,1,True,1,1,0,3
7.119208,80.791394,2025-11-27,2025-11-27,2025-11-27,1,parsed_single,2025.11.27,,2026-02-18,2026.02.18,Nuwara Eliya,මතුරට ප්රා.ලේ.කො,දෙහිපේ,HR3,HR3,,NBRI/NE/HKD[Mathurata]/2026/DSDD/162),NBRI/NE/HKD[Mathurata]/2026/DSDD/162),,House / නිවාස,Other / වෙනත් (වෙනත් කරුණු යටතේ සදහන් කරන්න),Resettle / නැවත පදිංචිකිරීම,Minor or No Damages / සුළුහානි හෝ හානි නොමැති,,,,,,1.0,,2.0,,3,,Nuwara Eliya,7.11921_80.79139_2025-11-27,174.86,286.79,402.72,545.25,616.84,174.86,7.0,NASA POWER PRECTOTCORR / MERRA-2,ok,457,0.2329892343509768,21.96456,57.07444,19.26019,1.48932,5.51593,1.27792,0.05702,9.61303,14.33592,29.85373,4,67_70,1,True,1,1,0,3
7.118736,80.791287,2025-11-28,2025-11-28,2025-11-28,1,parsed_single,28/11/2025,,2025-12-28,28/12/2025,Nuwara Eliya,හඟුරන්කෙත ප්රා.ලේ.කො,දෙනිපේ -,HR2,HR2,,NBRI/NE/HKD/2026/IC/09,NBRI/NE/HKD/2026/IC/09,481,House / නිවාස,Other / වෙනත් (වෙනත් කරුණු යටතේ සදහන් කරන්න),Resettle / නැවත පදිංචිකිරීම,Partially / අර්ධහානි,,භුමි ගිලා බැසිම,,,1.0,1.0,,2.0,,4,,Nuwara Eliya,7.11874_80.79129_2025-11-28,64.6,322.04,457.49,601.37,680.32,174.86,7.0,NASA POWER PRECTOTCORR / MERRA-2,ok,457,0.1853764834758065,21.96456,57.07444,19.26019,1.48932,5.51593,1.27792,0.05702,9.61303,14.33592,29.85373,4,67_70,1,True,1,1,2,3
7.08932,80.86041,2025-11-27,2025-11-27,2025-11-27,1,parsed_single,2025.11.27,,2025-12-09,2025.12.09,Nuwara Eliya,වලපනේ ප්රා.ලේ.කො,කන්දේගම,HR1,HR1,,NBRI/NE/WLD/2025/SMK/09  -Rev(II),NBRI/NE/WLD/2025/SMK/09  -Rev(II),515 සී / වලපනේ 515 බී,House / නිවාස,Landslide / නායයෑම්,Resettle / නැවත පදිංචිකිරීම,Fully / පුර්ණහානි,,ගල් පෙරලිම්,,7.0,6.0,1.0,,10.0,,24,,Nuwara Eliya,7.08932_80.86041_2025-11-27,174.86,286.79,402.72,545.25,616.84,174.86,7.0,NASA POWER PRECTOTCORR / MERRA-2,ok,460,0.3754435476807334,19.98612,59.01541,19.26819,2.09553,5.50204,1.23612,0.06046,12.00668,15.7043,30.72445,2,69_70,1,True,1,1,0,1
7.067763,80.668279,2025-11-27,2025-11-27,2025-11-27,1,parsed_single,2025-11-27 00:00:00,,2025-12-16,2025-12-16 00:00:00,Nuwara Eliya,කොත්මලේ නැගෙනහිර ප්රා.ලේ.කො,පනම්ගම්මන,HR2,HR2,,NBRI/NE/KTD[east]/2025/DSDD/සංශෝධන19(ii))-Rev,NBRI/NE/KTD[east]/2025/DSDD/සංශෝධන19(ii))-Rev,,House / නිවාස,Slope failures / බැවුම් අස්ථාවරවීම්,Resettle / නැවත පදිංචිකිරීම,Partially / අර්ධහානි,,,,,8.0,5.0,,12.0,,25,,Nuwara Eliya,7.06776_80.66828_2025-11-27,174.86,286.79,402.72,545.25,616.84,174.86,7.0,NASA POWER PRECTOTCORR / MERRA-2,ok,465,0.1773497990388286,24.68674,54.92613,19.32407,2.07121,5.31354,1.21078,0.06745,2.65051,14.58241,26.25882,4,62_69,1,True,1,1,0,1
7.037886,80.661456,2025-11-27,2025-11-27,2025-11-27,1,parsed_single,2025.11.27,,2026-03-12,2026.03.12,Nuwara Eliya,කොත්මලේ නැගෙනහිර ප්රා.ලේ.කො,නියම්ගන්දොර,HR3,HR3,,NBRI/NE/KTD[East]/2026/DSDD/207),NBRI/NE/KTD[East]/2026/DSDD/207),470,House / නිවාස,Landslide / නායයෑම්,Resettle / නැවත පදිංචිකිරීම,Minor or No Damages / සුළුහානි හෝ හානි නොමැති,,,,,,8.0,,,,8,,Nuwara Eliya,7.03789_80.66146_2025-11-27,174.86,286.79,402.72,545.25,616.84,174.86,7.0,NASA POWER PRECTOTCORR / MERRA-2,ok,469,0.3205911378408556,24.93742,54.888,19.07345,2.23801,5.28136,1.20004,0.0666,3.06118,14.61837,26.52714,1,62_67,1,True,1,1,0,1
7.027079,80.656565,2025-11-27,2025-11-27,2025-11-27,1,parsed_single,2025-11-27 00:00:00,,2026-01-26,2026-01-26 00:00:00,Nuwara Eliya,කොත්මලේ නැගෙනහිර ප්රා.ලේ.කො,කිරිදිවෙල,HR1,HR1,,NBRI/NE/KTD[East]/2026/DSDD/98),NBRI/NE/KTD[East]/2026/DSDD/98),,House / නිවාස,Slope failures / බැවුම් අස්ථාවරවීම්,Resettle / නැවත පදිංචිකිරීම,Fully / පුර්ණහානි,,,,1.0,1.0,,,17.0,,19,,Nuwara Eliya,7.02708_80.65656_2025-11-27,174.86,286.79,402.72,545.25,616.84,174.86,7.0,NASA POWER PRECTOTCORR / MERRA-2,ok,470,0.451011056526663,24.64539,55.44311,18.87262,2.24333,5.27837,1.1987,0.06666,2.71819,14.61729,25.92223,1,62_67,1,True,1,1,0,2
7.030028,80.652768,2025-11-27,2025-11-27,2025-11-27,1,parsed_single,2025.11.27,,2026-06-11,2026.06.11,Nuwara Eliya,කොත්මලේ නැගෙනහිර ප්රා.ලේ.කො,කිරිදිවෙල,HR3,HR3,,NBRI/NE/KTD[East]/2026/WGMSS/100),NBRI/NE/KTD[East]/2026/WGMSS/100),469/බී,House / නිවාස,Other / වෙනත් (වෙනත් කරුණු යටතේ සදහන් කරන්න),Resettle / නැවත පදිංචිකිරීම,Minor or No Damages / සුළුහානි හෝ හානි නොමැති,0.0,"නිම්න මාර්ගයකට ඉතා ආසන්නයේ පිහිටීම සහ බෑවුම් අස්ථාවර වීමේ අවදානම
ජල ගැලීම සහ සුන්බුන් ගලනය",,,,1.0,,4.0,,5,,Nuwara Eliya,7.03003_80.65277_2025-11-27,174.86,286.79,402.72,545.25,616.84,174.86,7.0,NASA POWER PRECTOTCORR / MERRA-2,ok,470,0.203723160340639,24.64539,55.44311,18.87262,2.24333,5.27837,1.1987,0.06666,2.71819,14.61729,25.92223,1,62_67,1,True,1,1,0,2
7.065826,80.682824,2025-11-27,2025-11-27,2025-11-27,1,parsed_single,2025.11.27,,2026-07-08,2026.07.08,Nuwara Eliya,කොත්මලේ නැගෙනහිර ප්රා.ලේ.කො,නවනගරය,HR3,HR3,,NBRI/NE/KTD[East]/2026/KATD/42),NBRI/NE/KTD[East]/2026/KATD/42),471/ඒ,House / නිවාස,Other / වෙනත් (වෙනත් කරුණු යටතේ සදහන් කරන්න),Resettle / නැවත පදිංචිකිරීම,Minor or No Damages / සුළුහානි හෝ හානි නොමැති,0.0,ඇළ මාර්ගය සහිත සක්‍රිය නිම්න ප්‍රදේශය තුළ නිවස පිහිටා තිබීම,,,,2.0,,10.0,,12,,Nuwara Eliya,7.06583_80.68282_2025-11-27,174.86,286.79,402.72,545.25,616.84,174.86,7.0,NASA POWER PRECTOTCORR / MERRA-2,ok,472,0.0600924290302681,24.72627,54.7003,19.46475,2.07574,5.31242,1.20829,0.06735,3.02413,14.58446,26.62468,1,63_69,1,True,1,1,0,1
7.07439,80.651607,2025-11-27,2025-11-27,2025-11-27,1,parsed_single,2025.11.27,,2026-05-07,2026.05.07,Nuwara Eliya,කොත්මලේ නැගෙනහිර ප්රා.ලේ.කො,මාවෙළ කන්ද,HR1,HR1,,NBRI/NE/KTD[East]/2026/DMCP/136),NBRI/NE/KTD[East]/2026/DMCP/136),456 සී,House / නිවාස,Landslide / නායයෑම්,Resettle / නැවත පදිංචිකිරීම,Fully / පුර්ණහානි,0.0,,,1.0,,,,,,1,,Nuwara Eliya,7.07439_80.65161_2025-11-27,174.86,286.79,402.72,545.25,616.84,174.86,7.0,NASA POWER PRECTOTCORR / MERRA-2,ok,483,0.0966483013467836,24.35038,55.42733,19.18836,1.49535,5.37596,1.24596,0.06454,2.98363,14.22114,26.31801,4,62_69,1,True,1,1,0,1
7.062111,80.679273,2025-11-27,2025-11-27,2025-11-27,1,parsed_single,2025-11-27 00:00:00,,2025-12-30,2025-12-30 00:00:00,Nuwara Eliya,කොත්මලේ නැගෙනහිර ප්රා.ලේ.කො,සංගිලිපාලම,HR1,HR1,,NBRI/NE/KTD[East]/2025/KLKT/20),NBRI/NE/KTD[East]/2025/KLKT/20),471 ඒ,House / නිවාස,Slope failures / බැවුම් අස්ථාවරවීම්,Resettle / නැවත පදිංචිකිරීම,Fully / පුර්ණහානි,,,,1.0,,,,3.0,,4,,Nuwara Eliya,7.06211_80.67927_2025-11-27,174.86,286.79,402.72,545.25,616.84,174.86,7.0,NASA POWER PRECTOTCORR / MERRA-2,ok,486,0.1244546877342777,24.7446,54.63788,19.5608,2.08807,5.30142,1.20366,0.06745,3.01715,14.5855,26.67954,1,63_68,1,True,1,1,0,1
7.069565,80.684153,2025-11-27,2025-11-27,2025-11-27,1,parsed_single,2025.11.27,,2026-02-03,2026.02.03,Nuwara Eliya,කොත්මලේ නැගෙනහිර ප්රා.ලේ.කො,රම්බොඩ,HR1,HR1,,NBRI/NE/KTD[East]/2026/LY/76),NBRI/NE/KTD[East]/2026/LY/76),474 /,House / නිවාස,Slope failures / බැවුම් අස්ථාවරවීම්,Resettle / නැවත පදිංචිකිරීම,Fully / පුර්ණහානි,,,,1.0,,,,,,1,,Nuwara Eliya,7.06956_80.68415_2025-11-27,174.86,286.79,402.72,545.25,616.84,174.86,7.0,NASA POWER PRECTOTCORR / MERRA-2,ok,488,0.3707904649045894,24.72627,54.7003,19.46475,2.07574,5.31242,1.20829,0.06735,3.02413,14.58446,26.62468,1,63_69,1,True,1,1,0,2
7.07022,80.68408,2025-11-27,2025-11-27,2025-11-27,1,parsed_single,2025-11-27 00:00:00,,2025-12-11,2025-12-11 00:00:00,Nuwara Eliya,කොත්මලේ නැගෙනහිර ප්රා.ලේ.කො,රම්බොඩ,HR3,HR3,,NBRI/NE/KTD[East]-47/2025/RR/17)-Rev,NBRI/NE/KTD[East]-47/2025/RR/17)-Rev,474,House / නිවාස,Slope failures / බැවුම් අස්ථාවරවීම්,Resettle / නැවත පදිංචිකිරීම,Minor or No Damages / සුළුහානි හෝ හානි නොමැති,,,,,,4.0,,,,4,,Nuwara Eliya,7.07022_80.68408_2025-11-27,174.86,286.79,402.72,545.25,616.84,174.86,7.0,NASA POWER PRECTOTCORR / MERRA-2,ok,488,0.4426702845645778,24.72627,54.7003,19.46475,2.07574,5.31242,1.20829,0.06735,3.02413,14.58446,26.62468,1,63_69,1,True,1,1,0,2
6.980078,80.753957,2025-11-28,2025-11-28,2025-11-28,1,parsed_single,2025.11.28,,2026-02-08,2026.02.08,Nuwara Eliya,නුවරඑළිය ප්රා.ලේ.කො,කලාපුර,HR1,HR1,,NBRI/NE/NED/2026/WGMSS/02),NBRI/NE/NED/2026/WGMSS/02),535එන්,House / නිවාස,Slope failures / බැවුම් අස්ථාවරවීම්,Resettle / නැවත පදිංචිකිරීම,Fully / පුර්ණහානි,0.0,,,1.0,,,,6.0,,7,,Nuwara Eliya,6.98008_80.75396_2025-11-28,64.6,322.04,457.49,601.37,680.32,174.86,7.0,NASA POWER PRECTOTCORR / MERRA-2,ok,491,0.0934615594477156,26.20026,51.19955,21.50544,2.31801,5.30299,1.1531,0.0697,4.58771,15.79154,29.61359,4,65_65,1,True,1,1,0,1
7.081775,80.667711,2025-11-27,2025-11-27,2025-11-27,1,parsed_single,2025-11-27 00:00:00,,2026-01-12,2026.01.12,Nuwara Eliya,කොත්මලේ නැගෙනහිර ප්රා.ලේ.කො,කටුකිතුල,HR1,HR1,,NBRI/NE/KTD[East]/2026/KLKT/64),NBRI/NE/KTD[East]/2026/KLKT/64),474 ඊ,House / නිවාස,Slope failures / බැවුම් අස්ථාවරවීම්,Resettle / නැවත පදිංචිකිරීම,Fully / පුර්ණහානි,,,,1.0,4.0,,,2.0,,7,,Nuwara Eliya,7.08178_80.66771_2025-11-27,174.86,286.79,402.72,545.25,616.84,174.86,7.0,NASA POWER PRECTOTCORR / MERRA-2,ok,494,0.5365419564200019,24.43685,55.47082,19.0893,1.51125,5.34595,1.25119,0.06199,3.69332,13.9626,26.99562,4,62_69,1,True,1,1,0,1
7.052975,80.57031,2025-11-27,2025-11-27,2025-11-27,1,parsed_single,2025-11-27 00:00:00,,2026-01-22,2026.01.22,Nuwara Eliya,කොත්මලේ බටහිර ප්රා.ලේ.කො,රුවන්පුර,HR3,HR3,,NBRI/NE/KTD[West]/2026/KLKT/94),NBRI/NE/KTD[West]/2026/KLKT/94),460 සි,House / නිවාස,Slope failures / බැවුම් අස්ථාවරවීම්,Resettle / නැවත පදිංචිකිරීම,Minor or No Damages / සුළුහානි හෝ හානි නොමැති,,,,,,1.0,,,,1,,Nuwara Eliya,7.05298_80.57031_2025-11-27,174.86,286.79,402.72,545.25,616.84,174.86,7.0,NASA POWER PRECTOTCORR / MERRA-2,ok,499,0.1897927215821643,22.30667,60.33039,16.40522,1.60188,5.29766,1.27918,0.06095,0.8363,12.99153,21.82991,0,59_68,1,True,1,1,0,1
7.066831,80.676784,2025-11-27,2025-11-27,2025-11-27,1,parsed_single,2025-11-27 00:00:00,ප.ව.9.05,2025-12-24,2025-12-24 00:00:00,Nuwara Eliya,කොත්මලේ නැගෙනහිර ප්රා.ලේ.කො,සංගිලිපාලම,HR2,HR2,,NBRI/NE/KTD[East]/2025/KLKT/12,NBRI/NE/KTD[East]/2025/KLKT/12,,House / නිවාස,Slope failures / බැවුම් අස්ථාවරවීම්,Resettle / නැවත පදිංචිකිරීම,Partially / අර්ධහානි,,,,,1.0,4.0,,,,5,,Nuwara Eliya,7.06683_80.67678_2025-11-27,174.86,286.79,402.72,545.25,616.84,174.86,7.0,NASA POWER PRECTOTCORR / MERRA-2,ok,502,0.1184790430454964,24.72627,54.7003,19.46475,2.07574,5.31242,1.20829,0.06735,3.02413,14.58446,26.62468,1,63_69,1,True,1,1,0,1
7.052456,80.570912,2025-11-28,2025-11-28,2025-11-28,1,parsed_single,2025.11.28,,2026-01-22,2026.01.22,Nuwara Eliya,කොත්මලේ බටහිර ප්රා.ලේ.කො,රුවන්පුර,HR1,HR1,,NBRI/NE/KTD[West]/2026/KLKT/96),NBRI/NE/KTD[West]/2026/KLKT/96),460සී,House / නිවාස,Slope failures / බැවුම් අස්ථාවරවීම්,Resettle / නැවත පදිංචිකිරීම,Fully / පුර්ණහානි,,,,1.0,,,,,,1,,Nuwara Eliya,7.05246_80.57091_2025-11-28,64.6,322.04,457.49,601.37,680.32,174.86,7.0,NASA POWER PRECTOTCORR / MERRA-2,ok,520,0.2587503171820506,22.30667,60.33039,16.40522,1.60188,5.29766,1.27918,0.06095,0.8363,12.99153,21.82991,0,59_68,1,True,1,1,0,1
7.125769,80.825746,2025-11-27,2025-11-27,2025-11-27,1,parsed_single,2025.11.27,,2026-02-10,2026.02.10,Nuwara Eliya,වලපනේ ප්රා.ලේ.කො,ආදාවල,HR1,HR1,,NBRI/NE/WLD/2026/LY/103),NBRI/NE/WLD/2026/LY/103),,House / නිවාස,Other / වෙනත් (වෙනත් කරුණු යටතේ සදහන් කරන්න),Resettle / නැවත පදිංචිකිරීම,Fully / පුර්ණහානි,,සුන්බුන් ගලනය වීමේ අවදානම,,1.0,,2.0,,3.0,,6,,Nuwara Eliya,7.12577_80.82575_2025-11-27,174.86,286.79,402.72,545.25,616.84,174.86,7.0,NASA POWER PRECTOTCORR / MERRA-2,ok,526,0.0382588593963526,21.69544,57.68391,19.16762,2.11855,5.48222,1.24393,0.05858,9.70356,15.66968,30.0237,2,68_71,1,True,1,1,0,1
7.04219,80.651601,2025-11-27,2025-11-27,2025-11-27,1,parsed_single,2025.11.27,,2026-02-12,2026.02.12,Nuwara Eliya,කොත්මලේ බටහිර ප්රා.ලේ.කො,කලපිටිය,HR2,HR2,,NBRI/NE/KTD[West]/2026/DSDD/142),NBRI/NE/KTD[West]/2026/DSDD/142),,House / නිවාස,Slope failures / බැවුම් අස්ථාවරවීම්,Resettle / නැවත පදිංචිකිරීම,Partially / අර්ධහානි,,,,,1.0,,,5.0,,6,,Nuwara Eliya,7.04219_80.6516_2025-11-27,174.86,286.79,402.72,545.25,616.84,174.86,7.0,NASA POWER PRECTOTCORR / MERRA-2,ok,531,0.4336093263887666,24.47111,55.83422,18.6207,2.22609,5.28827,1.20629,0.06673,2.53349,14.61428,25.55431,4,62_68,1,True,1,1,0,3
7.04399,80.650961,2025-11-27,2025-11-27,2025-11-27,1,parsed_single,2025-11-27 00:00:00,,2025-02-05,2025-02-05 00:00:00,Nuwara Eliya,කොත්මලේ බටහිර ප්රා.ලේ.කො,කල්පිටිය නැගෙනහිර,HR3,HR3,,NBRI/NE/KTD[West]/2026/DMCP/86),NBRI/NE/KTD[West]/2026/DMCP/86),,House / නිවාස,Other / වෙනත් (වෙනත් කරුණු යටතේ සදහන් කරන්න),Resettle / නැවත පදිංචිකිරීම,Minor or No Damages / සුළුහානි හෝ හානි නොමැති,,සුළු හානි පිටුපස ඇති බැවුම් අස්ථාවර වී සුන්බුන් ගලනය වී ඇත .,,,,2.0,,,,2,,Nuwara Eliya,7.04399_80.65096_2025-11-27,174.86,286.79,402.72,545.25,616.84,174.86,7.0,NASA POWER PRECTOTCORR / MERRA-2,ok,531,0.3645251594309036,24.47111,55.83422,18.6207,2.22609,5.28827,1.20629,0.06673,2.53349,14.61428,25.55431,4,62_68,1,True,1,1,0,3
7.04645,80.645162,2025-11-27,2025-11-27,2025-11-27,1,parsed_single,2025-11-27 00:00:00,,2025-12-08,2025-12-08 00:00:00,Nuwara Eliya,කොත්මලේ බටහිර ප්රා.ලේ.කො,කලපිටිය බටහිර,HR3,HR3,,NBRI/NE/KTD[West]/2025/PTG/19 - Rev,NBRI/NE/KTD[West]/2025/PTG/19 - Rev,,House / නිවාස,Landslide / නායයෑම්,Resettle / නැවත පදිංචිකිරීම,Minor or No Damages / සුළුහානි හෝ හානි නොමැති,,,,,,3.0,,26.0,,29,,Nuwara Eliya,7.04645_80.64516_2025-11-27,174.86,286.79,402.72,545.25,616.84,174.86,7.0,NASA POWER PRECTOTCORR / MERRA-2,ok,531,0.4712168486452474,24.47111,55.83422,18.6207,2.22609,5.28827,1.20629,0.06673,2.53349,14.61428,25.55431,4,62_68,1,True,1,1,0,3
7.070584,80.558355,2025-11-27,2025-11-27,2025-11-27,1,parsed_single,2025-11-27 00:00:00,,2026-01-16,2026-01-16 00:00:00,Nuwara Eliya,කොත්මලේ බටහිර ප්රා.ලේ.කො,පහළ ගොරකඔය,HR2,HR2,,NBRI/NE/KTD(West)/2026/KLKT/66),NBRI/NE/KTD(West)/2026/KLKT/66),,House / නිවාස,Slope failures / බැවුම් අස්ථාවරවීම්,Resettle / නැවත පදිංචිකිරීම,Partially / අර්ධහානි,,,,,1.0,,,1.0,,2,,Nuwara Eliya,7.07058_80.55836_2025-11-27,174.86,286.79,402.72,545.25,616.84,174.86,7.0,NASA POWER PRECTOTCORR / MERRA-2,ok,532,0.5006554488399118,23.77345,58.24053,17.07376,1.58837,5.30025,1.27909,0.06315,0.46585,12.99154,23.00246,2,58_69,1,True,1,1,0,3
7.071545,80.556613,2025-11-27,2025-11-27,2025-11-27,1,parsed_single,2025.11.27,,2026-06-03,2026.06.03,Nuwara Eliya,කොත්මලේ බටහිර ප්රා.ලේ.කො,පොල්වතුර,HR3,HR3,,NBRI/NE/KTD[West]/2026/VKG/80),NBRI/NE/KTD[West]/2026/VKG/80),460/කේ,House / නිවාස,Slope failures / බැවුම් අස්ථාවරවීම්,Resettle / නැවත පදිංචිකිරීම,Minor or No Damages / සුළුහානි හෝ හානි නොමැති,,,,,,1.0,,,,1,,Nuwara Eliya,7.07154_80.55661_2025-11-27,174.86,286.79,402.72,545.25,616.84,174.86,7.0,NASA POWER PRECTOTCORR / MERRA-2,ok,532,0.5646995982120814,23.77345,58.24053,17.07376,1.58837,5.30025,1.27909,0.06315,0.46585,12.99154,23.00246,2,58_69,1,True,1,1,0,3
7.071685,80.565012,2025-11-27,2025-11-27,2025-11-27,1,parsed_single,2025.11.27,,2026-01-16,2026.01.16,Nuwara Eliya,කොත්මලේ බටහිර ප්රා.ලේ.කො,පහළ ගොරකඔය,HR2,HR2,,NBRI/NE/KTD[West]/2026/KLKT/සංශෝධනය/72),NBRI/NE/KTD[West]/2026/KLKT/සංශෝධනය/72),,House / නිවාස,Slope failures / බැවුම් අස්ථාවරවීම්,Resettle / නැවත පදිංචිකිරීම,Partially / අර්ධහානි,,,,,5.0,1.0,,16.0,,22,,Nuwara Eliya,7.07168_80.56501_2025-11-27,174.86,286.79,402.72,545.25,616.84,174.86,7.0,NASA POWER PRECTOTCORR / MERRA-2,ok,532,0.5385432840715684,23.77345,58.24053,17.07376,1.58837,5.30025,1.27909,0.06315,0.46585,12.99154,23.00246,2,58_69,1,True,1,1,0,3
7.125822,80.826619,2025-11-27,2025-11-27,2025-11-27,1,parsed_single,2025.11.27,,2026-02-09,2026.02.09,Nuwara Eliya,වලපනේ ප්රා.ලේ.කො,ආදාවල,HR1,HR1,,NBRI/NE/WLD/2026/LY/116),NBRI/NE/WLD/2026/LY/116),513,House / නිවාස,Landslide / නායයෑම්,Resettle / නැවත පදිංචිකිරීම,Fully / පුර්ණහානි,,NBRO/31/NE/WLD/LI19/9177 අංක යටතේ වාර්තාවක් නිකුත් කර ඇති,,2.0,,,,,,2,,Nuwara Eliya,7.12582_80.82662_2025-11-27,174.86,286.79,402.72,545.25,616.84,174.86,7.0,NASA POWER PRECTOTCORR / MERRA-2,ok,533,0.0567222204525222,21.69544,57.68391,19.16762,2.11855,5.48222,1.24393,0.05858,9.70356,15.66968,30.0237,2,68_71,1,True,1,1,0,1
7.055771,80.936098,2025-11-27,2025-11-27,2025-11-27,1,parsed_single,2025.11.27,,2026-01-30,2026.01.30,Nuwara Eliya,නිල්දණ්ඩහින්න ප්රා.ලේ.කො,කන්දෙයාය,HR1,HR1,,NBRI/NE/WLD[Nildandahinna]/2026/LY/73,NBRI/NE/WLD[Nildandahinna]/2026/LY/73,527සී,House / නිවාස,Other / වෙනත් (වෙනත් කරුණු යටතේ සදහන් කරන්න),Resettle / නැවත පදිංචිකිරීම,Fully / පුර්ණහානි,,කණ්ඩි අස්ථාවරවීම බෑවුම් අස්ථාවරවීමක් දක්වා වර්ධනය වීම,,1.0,,,,,,1,,Nuwara Eliya,7.05577_80.9361_2025-11-27,174.86,286.79,402.72,545.25,616.84,174.86,7.0,NASA POWER PRECTOTCORR / MERRA-2,ok,537,0.424787682525212,17.00524,62.27855,18.33705,2.03153,5.53465,1.24324,0.06299,16.85973,15.51759,32.61275,1,72_68,1,True,1,1,0,1
7.070759,80.797336,2025-11-27,2025-11-27,2025-11-27,1,parsed_single,2025.11.27,,2026-06-18,2026.06.18,Nuwara Eliya,මතුරට ප්රා.ලේ.කො,අම්පිටිගොඩ,HR3,HR3,,NBRI/NE/HKD[Mathurata]/2026/WGMSS/104),NBRI/NE/HKD[Mathurata]/2026/WGMSS/104),508/ඩී,House / නිවාස,Landslide / නායයෑම්,Resettle / නැවත පදිංචිකිරීම,Minor or No Damages / සුළුහානි හෝ හානි නොමැති,,,,,,4.0,,4.0,,8,,Nuwara Eliya,7.07076_80.79734_2025-11-27,174.86,286.79,402.72,545.25,616.84,174.86,7.0,NASA POWER PRECTOTCORR / MERRA-2,ok,542,0.1138878735238873,22.11407,55.93933,20.30214,2.08426,5.44115,1.22688,0.0619,9.73453,15.17986,30.30148,4,67_69,1,True,1,1,0,1
7.09058,80.797601,2025-11-27,2025-11-27,2025-11-27,1,parsed_single,2025-11-27 00:00:00,,2026-01-11,2026-01-11 00:00:00,Nuwara Eliya,මතුරට ප්රා.ලේ.කො,උඩ පදියපැලැල්ල,HR2,HR2,,NBRI/NE/HKD(Mathurata)/2026/KLKT-54),NBRI/NE/HKD(Mathurata)/2026/KLKT-54),510/ඒ,House / නිවාස,Slope failures / බැවුම් අස්ථාවරවීම්,Resettle / නැවත පදිංචිකිරීම,Partially / අර්ධහානි,,,,,1.0,,,3.0,,4,,Nuwara Eliya,7.09058_80.7976_2025-11-27,174.86,286.79,402.72,545.25,616.84,174.86,7.0,NASA POWER PRECTOTCORR / MERRA-2,ok,544,0.245439149865404,22.01726,56.10996,20.11336,2.05889,5.47251,1.23857,0.06044,9.96214,15.17719,30.23936,4,67_69,1,True,1,1,0,1
7.111274,80.797057,2025-11-27,2025-11-27,2025-11-27,1,parsed_single,2025.11.27,,2026-05-09,2026.05.09,Nuwara Eliya,මතුරට ප්රා.ලේ.කො,බෝධිමල්කඩ,HR3,HR3,,NBRI/NE/HKD[Mathurata]/2026/WGMSS/72),NBRI/NE/HKD[Mathurata]/2026/WGMSS/72),481/ඒ,House / නිවාස,Slope failures / බැවුම් අස්ථාවරවීම්,Resettle / නැවත පදිංචිකිරීම,Minor or No Damages / සුළුහානි හෝ හානි නොමැති,,,,,,1.0,,1.0,,2,,Nuwara Eliya,7.11127_80.79706_2025-11-27,174.86,286.79,402.72,545.25,616.84,174.86,7.0,NASA POWER PRECTOTCORR / MERRA-2,ok,554,0.2509926947020117,21.83649,56.62025,19.77455,2.03563,5.50798,1.24888,0.05892,9.71977,15.1748,29.76631,4,67_70,1,True,1,1,0,1
7.017391,80.626393,2025-11-27,2025-11-27,2025-11-27,1,parsed_single,2025.11.27,,2026-01-27,2026.01.27,Nuwara Eliya,කොත්මලේ බටහිර ප්රා.ලේ.කො,රාවණාගොඩ බටහිර,HR3,HR3,,NBRI/NE/KTD[West]/2026/KLKT/සංශෝධන/100),NBRI/NE/KTD[West]/2026/KLKT/සංශෝධන/100),467ඊ,House / නිවාස,Slope failures / බැවුම් අස්ථාවරවීම්,Resettle / නැවත පදිංචිකිරීම,Minor or No Damages / සුළුහානි හෝ හානි නොමැති,,,,,,5.0,,9.0,,14,,Nuwara Eliya,7.01739_80.62639_2025-11-27,174.86,286.79,402.72,545.25,616.84,174.86,7.0,NASA POWER PRECTOTCORR / MERRA-2,ok,562,0.1514081458166983,23.41234,57.5841,17.98992,2.23529,5.28527,1.20276,0.06671,2.0751,14.61198,24.0561,4,61_67,1,True,1,1,0,1
7.103286,80.804261,2025-11-27,2025-11-27,2025-11-27,1,parsed_single,2025.11.27,,2026-02-17,2026.02.17,Nuwara Eliya,වලපනේ ප්රා.ලේ.කො,වැටකේගම,HR2,HR2,,NBRI/NE/WLD/2026/SMK/147),NBRI/NE/WLD/2026/SMK/147),,House / නිවාස,Cutting failure / කණ්ඩි අස්ථාවරවීම්,Resettle / නැවත පදිංචිකිරීම,Partially / අර්ධහානි,,ඉරිතැලීම්,,,1.0,1.0,,7.0,,9,,Nuwara Eliya,7.10329_80.80426_2025-11-27,174.86,286.79,402.72,545.25,616.84,174.86,7.0,NASA POWER PRECTOTCORR / MERRA-2,ok,564,0.0781677613097167,21.43989,57.29916,19.5629,2.0377,5.51182,1.24786,0.05885,9.86238,15.17566,29.6523,4,67_70,1,True,1,1,0,1
7.186458,80.771902,2025-11-27,2025-11-27,2025-11-27,1,parsed_single,2025-11-27 00:00:00,,2025-12-12,2025-12-12 00:00:00,Nuwara Eliya,හඟුරන්කෙත ප්රා.ලේ.කො,පුස්සලමංකඩ,HR2,HR2,,NBRI/NE/HKD/2025/DMCP/35),NBRI/NE/HKD/2025/DMCP/35),495 ඒ,House / නිවාස,Landslide / නායයෑම්,Resettle / නැවත පදිංචිකිරීම,Partially / අර්ධහානි,,,,,4.0,,,36.0,,40,,Nuwara Eliya,7.18646_80.7719_2025-11-27,174.86,286.79,402.72,545.25,616.84,174.86,7.0,NASA POWER PRECTOTCORR / MERRA-2,ok,566,0.6443088881704718,22.65279,58.0047,18.02919,1.52726,5.628,1.28332,0.05336,6.5174,14.58359,27.86571,0,66_73,1,True,1,1,0,1
7.045416,80.599277,2025-11-28,2025-11-28,2025-11-28,1,parsed_single,2025-11-28 00:00:00,Night,2025-12-11,2025-12-11 00:00:00,Nuwara Eliya,කොත්මලේ බටහිර ප්රා.ලේ.කො,හරංගල දකුණ,HR3,HR3,,NBRI/NE/KTD[West]/2025/DSDD/​12 - Rev,NBRI/NE/KTD[West]/2025/DSDD/​12 - Rev,461 / ඒ,House / නිවාස,Slope failures / බැවුම් අස්ථාවරවීම්,Resettle / නැවත පදිංචිකිරීම,Minor or No Damages / සුළුහානි හෝ හානි නොමැති,,,,,,2.0,,1.0,,3,,Nuwara Eliya,7.04542_80.59928_2025-11-28,64.6,322.04,457.49,601.37,680.32,174.86,7.0,NASA POWER PRECTOTCORR / MERRA-2,ok,576,0.2913345673342056,22.8475,59.55416,16.67785,2.15768,5.25413,1.23,0.06286,0.2542,13.35308,21.7982,1,60_68,1,True,1,1,0,1
7.02635,80.880612,2025-11-27,2025-11-27,2025-11-27,1,parsed_single,2025-11-27 00:00:00,,2026-01-22,2026-01-22 00:00:00,Nuwara Eliya,වලපනේ ප්රා.ලේ.කො,මන්ත්‍රීතැන්න,HR3,HR3,,NBRI/NE/WLD/2026/PTG/173),NBRI/NE/WLD/2026/PTG/173),,House / නිවාස,Landslide / නායයෑම්,Resettle / නැවත පදිංචිකිරීම,Minor or No Damages / සුළුහානි හෝ හානි නොමැති,,,,,,1.0,,3.0,,4,,Nuwara Eliya,7.02635_80.88061_2025-11-27,174.86,286.79,402.72,545.25,616.84,174.86,7.0,NASA POWER PRECTOTCORR / MERRA-2,ok,580,0.0330212913790048,18.13054,59.21321,19.88167,2.15853,5.45253,1.18504,0.06638,21.28707,15.39593,38.03347,2,70_67,1,True,1,1,0,1
7.147436,80.78375,2025-11-27,2025-11-27,2025-11-27,1,parsed_single,2025-11-27 00:00:00,,2026-01-15,2026-01-15 00:00:00,Nuwara Eliya,හඟුරන්කෙත ප්රා.ලේ.කො,රිකිල්ලගස්කඩ,HR1,HR1,,NBRI/NE/HKD/2026/DMCP/සංශෝධනය/66),NBRI/NE/HKD/2026/DMCP/සංශෝධනය/66),492 ඒ,House / නිවාස,Landslide / නායයෑම්,Resettle / නැවත පදිංචිකිරීම,Fully / පුර්ණහානි,,,,3.0,5.0,10.0,,14.0,,32,,Nuwara Eliya,7.14744_80.78375_2025-11-27,174.86,286.79,402.72,545.25,616.84,174.86,7.0,NASA POWER PRECTOTCORR / MERRA-2,ok,582,0.1472464994868671,22.7527,56.94816,18.76786,1.51948,5.5284,1.27778,0.05647,7.93002,14.5238,29.08065,3,67_72,1,True,1,1,0,1
7.141525,80.759173,2025-11-27,2025-11-27,2025-11-27,1,parsed_single,2025.11.27,,2026-04-06,2026.04.06,Nuwara Eliya,හඟුරන්කෙත ප්රා.ලේ.කො,මාකෙම්පේ,HR1,HR1,,NBRI/NE/HKD/2026/DSDD/250),NBRI/NE/HKD/2026/DSDD/250),,House / නිවාස,Slope failures / බැවුම් අස්ථාවරවීම්,Resettle / නැවත පදිංචිකිරීම,Fully / පුර්ණහානි,,,,1.0,,,,9.0,,10,,Nuwara Eliya,7.14152_80.75917_2025-11-27,174.86,286.79,402.72,545.25,616.84,174.86,7.0,NASA POWER PRECTOTCORR / MERRA-2,ok,587,0.3190727502260578,23.24041,55.90254,19.31573,1.52534,5.47485,1.25999,0.05588,7.36342,14.2244,28.95787,4,66_71,1,True,1,1,0,2
7.142552,80.753561,2025-11-27,2025-11-27,2025-11-27,1,parsed_single,2025.11.27,,2026-03-11,2026.03.11,Nuwara Eliya,හඟුරන්කෙත ප්රා.ලේ.කො,පුරාණගම,HR3,HR3,,NBRI/NE/HKD/2026/DSDD/202),NBRI/NE/HKD/2026/DSDD/202),498/ඊ,House / නිවාස,Slope failures / බැවුම් අස්ථාවරවීම්,Resettle / නැවත පදිංචිකිරීම,Minor or No Damages / සුළුහානි හෝ හානි නොමැති,,,,,,1.0,,5.0,,6,,Nuwara Eliya,7.14255_80.75356_2025-11-27,174.86,286.79,402.72,545.25,616.84,174.86,7.0,NASA POWER PRECTOTCORR / MERRA-2,ok,587,0.6434712342736325,23.24041,55.90254,19.31573,1.52534,5.47485,1.25999,0.05588,7.36342,14.2244,28.95787,4,66_71,1,True,1,1,0,2
7.073414,80.654126,2025-11-27,2025-11-27,2025-11-27,1,parsed_single,2025.11.27,,2026-02-06,2026.02.06,Nuwara Eliya,කොත්මලේ නැගෙනහිර ප්රා.ලේ.කො,හෙල්සිරිගම,HR3,HR3,,NBRI/NE/KTD[East]/2026/LY/97),NBRI/NE/KTD[East]/2026/LY/97),474ඩී,House / නිවාස,Other / වෙනත් (වෙනත් කරුණු යටතේ සදහන් කරන්න),Resettle / නැවත පදිංචිකිරීම,Minor or No Damages / සුළුහානි හෝ හානි නොමැති,,ජල බුබුළු මතුවීම,,,,1.0,,,,1,,Nuwara Eliya,7.07341_80.65413_2025-11-27,174.86,286.79,402.72,545.25,616.84,174.86,7.0,NASA POWER PRECTOTCORR / MERRA-2,ok,590,0.13626555813538,24.57582,55.38643,19.05089,2.06209,5.31459,1.21585,0.06775,2.00515,14.57832,25.58314,4,62_69,1,True,1,1,0,1
7.070045,80.643981,2025-11-27,2025-11-27,2025-11-27,1,parsed_single,2025-11-27 00:00:00,,2026-01-06,2026-01-06 00:00:00,Nuwara Eliya,කොත්මලේ නැගෙනහිර ප්රා.ලේ.කො,මාවෙල නැගෙනහිර සහ මාවෙල කන්ද,HR3,HR3,,NBRI/NE/KTD[East]/2026/LY/51),NBRI/NE/KTD[East]/2026/LY/51),,House / නිවාස,Slope failures / බැවුම් අස්ථාවරවීම්,Resettle / නැවත පදිංචිකිරීම,Minor or No Damages / සුළුහානි හෝ හානි නොමැති,,,,,,3.0,,,,3,,Nuwara Eliya,7.07004_80.64398_2025-11-27,174.86,286.79,402.72,545.25,616.84,174.86,7.0,NASA POWER PRECTOTCORR / MERRA-2,ok,620,0.2235216058618873,24.38734,56.14674,18.33177,1.57003,5.36075,1.24519,0.06559,2.3424,14.07519,25.25279,1,61_69,1,True,1,1,0,2
7.071731,80.644118,2025-11-27,2025-11-27,2025-11-27,1,parsed_single,2025-11-27 00:00:00,,2026-01-06,2026-01-06 00:00:00,Nuwara Eliya,කොත්මලේ නැගෙනහිර ප්රා.ලේ.කො,මාවෙල නැගෙනහිර,HR2,HR2,,NBRI/NE/KTD[East]/2025/LY/36),NBRI/NE/KTD[East]/2025/LY/36),456,House / නිවාස,Landslide / නායයෑම්,Resettle / නැවත පදිංචිකිරීම,Partially / අර්ධහානි,,,,,1.0,,,4.0,,5,,Nuwara Eliya,7.07173_80.64412_2025-11-27,174.86,286.79,402.72,545.25,616.84,174.86,7.0,NASA POWER PRECTOTCORR / MERRA-2,ok,620,0.30276816830481,24.38734,56.14674,18.33177,1.57003,5.36075,1.24519,0.06559,2.3424,14.07519,25.25279,1,61_69,1,True,1,1,0,2
7.138658,80.797226,2025-11-27,2025-11-27,2025-11-27,1,parsed_single,2025.11.27,,2026-01-28,2026.01.28,Nuwara Eliya,මතුරට ප්රා.ලේ.කො,මකුරුප්ප,HR1,HR1,,NBRI/NE/HKD[Mathurata]/2026/LY/86),NBRI/NE/HKD[Mathurata]/2026/LY/86),484බිි,House / නිවාස,Cutting failure / කණ්ඩි අස්ථාවරවීම්,Resettle / නැවත පදිංචිකිරීම,Fully / පුර්ණහානි,,,,3.0,,,,1.0,,4,,Nuwara Eliya,7.13866_80.79723_2025-11-27,174.86,286.79,402.72,545.25,616.84,174.86,7.0,NASA POWER PRECTOTCORR / MERRA-2,ok,633,0.2075731001776246,22.57463,56.87734,18.97255,1.52468,5.51353,1.27485,0.05673,8.77819,14.52574,29.71412,2,67_71,1,True,1,1,0,1
7.060168,80.653468,2025-11-27,2025-11-27,2025-11-27,1,parsed_single,2025.11.27,,2026-05-26,2026.05.26,Nuwara Eliya,කොත්මලේ බටහිර ප්රා.ලේ.කො,වෑතලාව,HR3,HR3,,NBRI/NE/KTD[West]/2026/VKG/67),NBRI/NE/KTD[West]/2026/VKG/67),465/ඊ,House / නිවාස,Slope failures / බැවුම් අස්ථාවරවීම්,Resettle / නැවත පදිංචිකිරීම,Minor or No Damages / සුළුහානි හෝ හානි නොමැති,0.0,,,,,1.0,,1.0,2.0,4,,Nuwara Eliya,7.06017_80.65347_2025-11-27,174.86,286.79,402.72,545.25,616.84,174.86,7.0,NASA POWER PRECTOTCORR / MERRA-2,ok,639,0.283798603532932,24.34832,56.04641,18.47076,1.57795,5.35388,1.21173,0.06509,2.68971,14.07753,25.54145,4,62_68,1,True,1,1,0,1
7.07415,80.67882,2025-11-27,2025-11-27,2025-11-27,1,parsed_single,2025-11-27 00:00:00,,2026-01-24,2026-01-24 00:00:00,Nuwara Eliya,කොත්මලේ නැගෙනහිර ප්රා.ලේ.කො,කරගස්තලාව,HR1,HR1,,NBRI/NE/KTD[East]/2026/LY/64),NBRI/NE/KTD[East]/2026/LY/64),"474/ ඒ,",House / නිවාස,Slope failures / බැවුම් අස්ථාවරවීම්,Resettle / නැවත පදිංචිකිරීම,Fully / පුර්ණහානි,,,,1.0,2.0,,,1.0,,4,,Nuwara Eliya,7.07415_80.67882_2025-11-27,174.86,286.79,402.72,545.25,616.84,174.86,7.0,NASA POWER PRECTOTCORR / MERRA-2,ok,640,0.1376072023763176,24.43523,55.30139,19.2141,1.51346,5.34542,1.24945,0.06162,4.09946,13.96449,27.34866,1,63_69,1,True,1,1,0,2
7.074155,80.678825,2025-11-27,2025-11-27,2025-11-27,1,parsed_single,2025.11.27,,2026-01-24,2026.01.24,Nuwara Eliya,කොත්මලේ නැගෙනහිර ප්රා.ලේ.කො,කරගස්තලාව,HR1,HR1,,NBRI/NE/KTD[East]/2026/LY/63),NBRI/NE/KTD[East]/2026/LY/63),474 / ඒ,House / නිවාස,Slope failures / බැවුම් අස්ථාවරවීම්,Resettle / නැවත පදිංචිකිරීම,Fully / පුර්ණහානි,,,,1.0,1.0,1.0,,3.0,,6,,Nuwara Eliya,7.07416_80.67882_2025-11-27,174.86,286.79,402.72,545.25,616.84,174.86,7.0,NASA POWER PRECTOTCORR / MERRA-2,ok,640,0.1372767864414372,24.43523,55.30139,19.2141,1.51346,5.34542,1.24945,0.06162,4.09946,13.96449,27.34866,1,63_69,1,True,1,1,0,2
7.034955,80.706632,2025-11-27,2025-11-27,2025-11-27,1,parsed_single,2025-11-27 00:00:00,,2025-12-26,2025-12-26 00:00:00,Nuwara Eliya,කොත්මලේ නැගෙනහිර ප්රා.ලේ.කො,පලාගොල්ල,HR1,HR1,,NBRI/NE/KTD[East]/2025/DSDD/38),NBRI/NE/KTD[East]/2025/DSDD/38),,House / නිවාස,Slope failures / බැවුම් අස්ථාවරවීම්,Resettle / නැවත පදිංචිකිරීම,Fully / පුර්ණහානි,,,,1.0,,15.0,,9.0,,25,,Nuwara Eliya,7.03496_80.70663_2025-11-27,174.86,286.79,402.72,545.25,616.84,174.86,7.0,NASA POWER PRECTOTCORR / MERRA-2,ok,641,0.1165179986972465,24.85328,53.89672,20.14338,2.21661,5.31523,1.19518,0.0666,3.9126,15.42003,27.38647,3,64_67,1,True,1,1,0,2
7.03643,80.706645,2025-11-27,2025-11-27,2025-11-27,1,parsed_single,2025.11.27,,2026-05-04,2026.05.04,Nuwara Eliya,කොත්මලේ නැගෙනහිර ප්රා.ලේ.කො,පලාගොල්ල,HR3,HR3,,NBRI/NE/KTD[East]/2026/DSDD/272),NBRI/NE/KTD[East]/2026/DSDD/272),474සී,House / නිවාස,Rock fall / ගල් පෙරලීම්,Resettle / නැවත පදිංචිකිරීම,Minor or No Damages / සුළුහානි හෝ හානි නොමැති,,ගල් පෙරළීම / කණ්ඩි අස්ථාවරවීම,,,,4.0,,4.0,,8,,Nuwara Eliya,7.03643_80.70664_2025-11-27,174.86,286.79,402.72,545.25,616.84,174.86,7.0,NASA POWER PRECTOTCORR / MERRA-2,ok,641,0.0527117415040671,24.85328,53.89672,20.14338,2.21661,5.31523,1.19518,0.0666,3.9126,15.42003,27.38647,3,64_67,1,True,1,1,0,2
7.007774,80.833672,2025-11-26,2025-11-26,2025-11-26,1,parsed_single,2025.11.26,,2026-02-02,2026.02.02,Nuwara Eliya,වලපනේ ප්රා.ලේ.කො,බෲක්සයිඩ්,HR1,HR1,,NBRI/NE/WLD/2026/SMK/120),NBRI/NE/WLD/2026/SMK/120),33 / 0,House / නිවාස,Other / වෙනත් (වෙනත් කරුණු යටතේ සදහන් කරන්න),Resettle / නැවත පදිංචිකිරීම,Fully / පුර්ණහානි,,සුන්බුන් ගලනය,,4.0,,,,,,4,,Nuwara Eliya,7.00777_80.83367_2025-11-26,82.58,168.03,233.01,381.89,442.44,82.58,7.0,NASA POWER PRECTOTCORR / MERRA-2,ok,643,0.0796458426927921,22.35044,55.08134,20.71963,2.12327,5.38882,1.17073,0.06806,11.79179,15.38004,32.99977,1,68_66,1,True,1,1,0,1
7.173387,80.778706,2025-11-27,2025-11-27,2025-11-27,1,parsed_single,2025.11.27,,2026-02-23,2026.02.23,Nuwara Eliya,හඟුරන්කෙත ප්රා.ලේ.කො,දැලිවල,HR3,HR3,,NBRI/NE/HKD/2026/DMCP/සංශෝධන/106),NBRI/NE/HKD/2026/DMCP/සංශෝධන/106),494ඩී,House / නිවාස,Landslide / නායයෑම්,Resettle / නැවත පදිංචිකිරීම,Minor or No Damages / සුළුහානි හෝ හානි නොමැති,,,,,,1.0,,19.0,,20,,Nuwara Eliya,7.17339_80.77871_2025-11-27,174.86,286.79,402.72,545.25,616.84,174.86,7.0,NASA POWER PRECTOTCORR / MERRA-2,ok,652,0.3949282848206593,22.75632,57.54754,18.34003,1.53215,5.60834,1.28037,0.05392,6.94114,14.58456,28.32658,0,66_73,1,True,1,1,0,2
7.175739,80.780632,2025-11-28,2025-11-28,2025-11-28,1,parsed_single,2025-11-28 00:00:00,,2025-12-11,2025-12-11 00:00:00,Nuwara Eliya,හඟුරන්කෙත ප්රා.ලේ.කො,මිරහන්පේ,HR1,HR1,,NBRI/NE/HKD/2025/DMCP/11-Rev,NBRI/NE/HKD/2025/DMCP/11-Rev,,House / නිවාස,Landslide / නායයෑම්,Resettle / නැවත පදිංචිකිරීම,Fully / පුර්ණහානි,,ගල් පෙරලීම්,,11.0,,,,,,11,,Nuwara Eliya,7.17574_80.78063_2025-11-28,64.6,322.04,457.49,601.37,680.32,174.86,7.0,NASA POWER PRECTOTCORR / MERRA-2,ok,652,0.1104361373065168,22.75632,57.54754,18.34003,1.53215,5.60834,1.28037,0.05392,6.94114,14.58456,28.32658,0,66_73,1,True,1,1,1,2
7.16544,80.754337,2025-11-27,2025-11-27,2025-11-27,1,parsed_single,2025-11-27 00:00:00,,2026-01-10,2026-01-10 00:00:00,Nuwara Eliya,හඟුරන්කෙත ප්රා.ලේ.කො,හපුවල,HR2,HR2,,NBRI/NE/HKD/2026/LY/47),NBRI/NE/HKD/2026/LY/47),,House / නිවාස,Slope failures / බැවුම් අස්ථාවරවීම්,Resettle / නැවත පදිංචිකිරීම,Partially / අර්ධහානි,,,,,4.0,,,,,4,,Nuwara Eliya,7.16544_80.75434_2025-11-27,174.86,286.79,402.72,545.25,616.84,174.86,7.0,NASA POWER PRECTOTCORR / MERRA-2,ok,653,0.6250587359256355,23.06815,56.78013,18.69754,1.51566,5.51831,1.26583,0.0553,5.7516,14.22265,27.34209,4,65_72,1,True,1,1,0,1
7.152334,80.781199,2025-11-27,2025-11-27,2025-11-27,1,parsed_single,2025-11-27 00:00:00,,2026-01-15,2026.01.15,Nuwara Eliya,හඟුරන්කෙත ප්රා.ලේ.කො,වලලෙවල,HR1,HR1,,NBRI/NE/HKD/2026/DMCP/සංශෝධනය/68),NBRI/NE/HKD/2026/DMCP/සංශෝධනය/68),492 සී,House / නිවාස,Slope failures / බැවුම් අස්ථාවරවීම්,Resettle / නැවත පදිංචිකිරීම,Fully / පුර්ණහානි,,,,3.0,,5.0,,3.0,,11,,Nuwara Eliya,7.15233_80.7812_2025-11-27,174.86,286.79,402.72,545.25,616.84,174.86,7.0,NASA POWER PRECTOTCORR / MERRA-2,ok,654,0.1618646549313849,22.77455,56.88787,18.89928,1.54262,5.57114,1.27465,0.05458,8.35967,14.58693,29.63585,0,66_72,1,True,1,1,0,2
7.153185,80.778629,2025-11-27,2025-11-27,2025-11-27,1,parsed_single,2025.11.27,,2026-01-28,2026.01.28,Nuwara Eliya,හඟුරන්කෙත ප්රා.ලේ.කො,දොළුගල,HR2,HR2,,NBRI/NE/HKD/2026/DMCP/75),NBRI/NE/HKD/2026/DMCP/75),494ඒ,House / නිවාස,Cutting failure / කණ්ඩි අස්ථාවරවීම්,Resettle / නැවත පදිංචිකිරීම,Partially / අර්ධහානි,,,,,1.0,1.0,,3.0,,5,,Nuwara Eliya,7.15318_80.77863_2025-11-27,174.86,286.79,402.72,545.25,616.84,174.86,7.0,NASA POWER PRECTOTCORR / MERRA-2,ok,654,0.4393855080615511,22.77455,56.88787,18.89928,1.54262,5.57114,1.27465,0.05458,8.35967,14.58693,29.63585,0,66_72,1,True,1,1,0,2
7.159847,80.777759,2025-11-26,2025-11-26,2025-11-26,1,parsed_single,2025.11.26,,2026-01-25,2026.01.25,Nuwara Eliya,හඟුරන්කෙත ප්රා.ලේ.කො,මාදන්වල,HR1,HR1,,NBRI/NE/HKD/2026/DMCP/72),NBRI/NE/HKD/2026/DMCP/72),,House / නිවාස,Slope failures / බැවුම් අස්ථාවරවීම්,Resettle / නැවත පදිංචිකිරීම,Fully / පුර්ණහානි,,,,1.0,2.0,2.0,,2.0,,7,,Nuwara Eliya,7.15985_80.77776_2025-11-26,82.58,168.03,233.01,381.89,442.44,82.58,7.0,NASA POWER PRECTOTCORR / MERRA-2,ok,657,0.0443743232527274,22.88754,57.05748,18.64988,1.53714,5.58807,1.27735,0.05447,7.3915,14.58554,28.83579,0,66_72,1,True,1,1,0,2
7.160612,80.779422,2025-11-27,2025-11-27,2025-11-27,1,parsed_single,2025.11.27,,2026-08-18,2026.08.18,Nuwara Eliya,හඟුරන්කෙත ප්රා.ලේ.කො,මාදන්වෙල,HR3,HR3,,NBRI/NE/HKD/2026/LSG/76,NBRI/NE/HKD/2026/LSG/76,493,House / නිවාස,Slope failures / බැවුම් අස්ථාවරවීම්,Resettle / නැවත පදිංචිකිරීම,Minor or No Damages / සුළුහානි හෝ හානි නොමැති,,,,,,1.0,,4.0,,5,,Nuwara Eliya,7.16061_80.77942_2025-11-27,174.86,286.79,402.72,545.25,616.84,174.86,7.0,NASA POWER PRECTOTCORR / MERRA-2,ok,657,0.2299071485571918,22.88754,57.05748,18.64988,1.53714,5.58807,1.27735,0.05447,7.3915,14.58554,28.83579,0,66_72,1,True,1,1,1,2
7.020948,80.723615,2025-11-27,2025-11-27,2025-11-27,1,parsed_single,2025.11.27,,2026-07-02,2026.07.02,Nuwara Eliya,කොත්මලේ නැගෙනහිර ප්රා.ලේ.කො,ලබුකැලේ,HR3,HR3,,NBRI/NE/KTD[East]/2026/WGMSS/108),NBRI/NE/KTD[East]/2026/WGMSS/108),474/ අයි,House / නිවාස,Other / වෙනත් (වෙනත් කරුණු යටතේ සදහන් කරන්න),Resettle / නැවත පදිංචිකිරීම,Minor or No Damages / සුළුහානි හෝ හානි නොමැති,0.0,"ඇළ මාර්ගයට ඉතා ආසන්නයෙන් පිහිටීම, බෑවුම් අස්ථාවර වීමේ අවදානම",,,,1.0,,29.0,,30,,Nuwara Eliya,7.02095_80.72361_2025-11-27,174.86,286.79,402.72,545.25,616.84,174.86,7.0,NASA POWER PRECTOTCORR / MERRA-2,ok,658,0.2165731020496885,25.2006,53.26946,20.52728,2.24486,5.29003,1.18687,0.06745,3.88318,15.42361,27.78595,3,64_67,1,True,1,1,0,2
7.022638,80.722237,2025-11-27,2025-11-27,2025-11-27,1,parsed_single,2025.11.27,,2026-07-02,2026.07.02,Nuwara Eliya,කොත්මලේ නැගෙනහිර ප්රා.ලේ.කො,ලබුකැලේ,HR3,HR3,,NBRI/NE/KTD[East]/2026/WGMSS/109),NBRI/NE/KTD[East]/2026/WGMSS/109),474/අයි,House / නිවාස,Other / වෙනත් (වෙනත් කරුණු යටතේ සදහන් කරන්න),Resettle / නැවත පදිංචිකිරීම,Minor or No Damages / සුළුහානි හෝ හානි නොමැති,0.0,ඇළ මාර්ගයට ඉතා ආසන්නයේ පිහිටීම,,,,1.0,,17.0,,18,,Nuwara Eliya,7.02264_80.72224_2025-11-27,174.86,286.79,402.72,545.25,616.84,174.86,7.0,NASA POWER PRECTOTCORR / MERRA-2,ok,658,0.3259293619502152,25.2006,53.26946,20.52728,2.24486,5.29003,1.18687,0.06745,3.88318,15.42361,27.78595,3,64_67,1,True,1,1,0,2
7.016198,80.825626,2025-11-27,2025-11-27,2025-11-27,1,parsed_single,2025.11.27,,2026-03-13,2026.03.13,Nuwara Eliya,නුවරඑළිය ප්රා.ලේ.කො,කද‌පොළ,HR1,HR1,,NBRI/NE/NED/2026/DMCP/සංශෝධන/122(ii),NBRI/NE/NED/2026/DMCP/සංශෝධන/122(ii),,House / නිවාස,Landslide / නායයෑම්,Resettle / නැවත පදිංචිකිරීම,Fully / පුර්ණහානි,0.0,,,4.0,5.0,47.0,,33.0,,89,,Nuwara Eliya,7.0162_80.82563_2025-11-27,174.86,286.79,402.72,545.25,616.84,174.86,7.0,NASA POWER PRECTOTCORR / MERRA-2,ok,659,0.2526640154815043,22.56197,54.96486,20.6871,2.11029,5.39739,1.17585,0.06718,11.25178,15.37796,32.63565,1,68_67,1,True,1,1,0,1
7.17229,80.774917,2025-11-27,2025-11-27,2025-11-27,1,parsed_single,2025.11.27,,2026-05-15,2026.05.15,Nuwara Eliya,හඟුරන්කෙත ප්රා.ලේ.කො,දමුණුමෑය,HR3,HR3,,NBRI/NE/HKD/2026/VKG/58),NBRI/NE/HKD/2026/VKG/58),494,House / නිවාස,Other / වෙනත් (වෙනත් කරුණු යටතේ සදහන් කරන්න),Resettle / නැවත පදිංචිකිරීම,Minor or No Damages / සුළුහානි හෝ හානි නොමැති,,දිය උල්පත් මතුවීම/නායයෑම් අවදානම,,,,1.0,,1.0,,2,,Nuwara Eliya,7.17229_80.77492_2025-11-27,174.86,286.79,402.72,545.25,616.84,174.86,7.0,NASA POWER PRECTOTCORR / MERRA-2,ok,660,0.4185112937124093,22.75632,57.54754,18.34003,1.53215,5.60834,1.28037,0.05392,6.94114,14.58456,28.32658,0,66_73,1,True,1,1,0,3
7.174094,80.774725,2025-11-27,2025-11-27,2025-11-27,1,parsed_single,2025.11.27,,2026-03-11,2026.03.11,Nuwara Eliya,හඟුරන්කෙත ප්රා.ලේ.කො,රත්මැටිය,HR3,HR3,,NBRI/NE/HKD/2026/DMCP/සංශෝධන/120),NBRI/NE/HKD/2026/DMCP/සංශෝධන/120),494/සී,House / නිවාස,Landslide / නායයෑම්,Resettle / නැවත පදිංචිකිරීම,Minor or No Damages / සුළුහානි හෝ හානි නොමැති,,,,,,12.0,,2.0,,14,,Nuwara Eliya,7.17409_80.77472_2025-11-27,174.86,286.79,402.72,545.25,616.84,174.86,7.0,NASA POWER PRECTOTCORR / MERRA-2,ok,660,0.2241974197058946,22.75632,57.54754,18.34003,1.53215,5.60834,1.28037,0.05392,6.94114,14.58456,28.32658,0,66_73,1,True,1,1,0,3
7.174659,80.774878,2025-11-27,2025-11-27,2025-11-27,1,parsed_single,2025.11.27,,2026-01-23,2026.01.23,Nuwara Eliya,හඟුරන්කෙත ප්රා.ලේ.කො,දමුණුමෑය,HR1,HR1,,NBRI/NE/HKD/2026/BBW/11),NBRI/NE/HKD/2026/BBW/11),494,House / නිවාස,Slope failures / බැවුම් අස්ථාවරවීම්,Resettle / නැවත පදිංචිකිරීම,Fully / පුර්ණහානි,,,,1.0,,,,,,1,,Nuwara Eliya,7.17466_80.77488_2025-11-27,174.86,286.79,402.72,545.25,616.84,174.86,7.0,NASA POWER PRECTOTCORR / MERRA-2,ok,660,0.1816186658551305,22.75632,57.54754,18.34003,1.53215,5.60834,1.28037,0.05392,6.94114,14.58456,28.32658,0,66_73,1,True,1,1,0,3
7.146769,80.776983,2025-11-27,2025-11-27,2025-11-27,1,parsed_single,2025.11.27,,2026-03-11,2026-03-11 00:00:00,Nuwara Eliya,හඟුරන්කෙත ප්රා.ලේ.කො,රත්මැටිය,HR1,HR1,,NBRI/NE/HKD/2026/WGMSS/36),NBRI/NE/HKD/2026/WGMSS/36),494/සී,House / නිවාස,Slope failures / බැවුම් අස්ථාවරවීම්,Resettle / නැවත පදිංචිකිරීම,Fully / පුර්ණහානි,,,,1.0,1.0,,,4.0,,6,,Nuwara Eliya,7.14677_80.77698_2025-11-27,174.86,286.79,402.72,545.25,616.84,174.86,7.0,NASA POWER PRECTOTCORR / MERRA-2,ok,661,0.136059314868137,22.46305,57.47146,18.48777,1.45019,5.57651,1.28517,0.05461,7.98033,13.60798,28.7934,0,66_72,1,True,1,1,0,3
7.145088,80.77705,2025-11-28,2025-11-28,2025-11-28,1,parsed_single,2025-11-28 00:00:00,,2025-12-20,2025-12-20 00:00:00,Nuwara Eliya,හඟුරන්කෙත ප්රා.ලේ.කො,ලබුහේන,HR2,HR2,,NBRI/NE/HKD-16/2025/DMCP/27-Rev,NBRI/NE/HKD-16/2025/DMCP/27-Rev,498 I,House / නිවාස,Landslide / නායයෑම්,Resettle / නැවත පදිංචිකිරීම,Partially / අර්ධහානි,,,,,20.0,2.0,,1.0,,23,,Nuwara Eliya,7.14509_80.77705_2025-11-28,64.6,322.04,457.49,601.37,680.32,174.86,7.0,NASA POWER PRECTOTCORR / MERRA-2,ok,661,0.3060105906390572,22.46305,57.47146,18.48777,1.45019,5.57651,1.28517,0.05461,7.98033,13.60798,28.7934,0,66_72,1,True,1,1,1,3
7.151733,80.774107,2025-11-28,2025-11-28,2025-11-28,1,parsed_single,2025-11-28 00:00:00,,2025-12-10,2025-12-10 00:00:00,Nuwara Eliya,හඟුරන්කෙත ප්රා.ලේ.කො,රත්මැටිය,HR3,HR3,,NBRI/NE/HKD/2025/DMCP/17-REV,NBRI/NE/HKD/2025/DMCP/17-REV,,House / නිවාස,Landslide / නායයෑම්,Resettle / නැවත පදිංචිකිරීම,Minor or No Damages / සුළුහානි හෝ හානි නොමැති,,,,,,10.0,,,,10,,Nuwara Eliya,7.15173_80.77411_2025-11-28,64.6,322.04,457.49,601.37,680.32,174.86,7.0,NASA POWER PRECTOTCORR / MERRA-2,ok,661,0.5034148014860598,22.46305,57.47146,18.48777,1.45019,5.57651,1.28517,0.05461,7.98033,13.60798,28.7934,0,66_72,1,True,1,1,1,3
7.157197,80.774353,2025-11-27,2025-11-27,2025-11-27,1,parsed_single,2025.11.27,,2026-01-28,2026.01.28,Nuwara Eliya,හඟුරන්කෙත ප්රා.ලේ.කො,දොළුගල,HR2,HR2,,NBRI/NE/HKD/2026/DMCP/77),NBRI/NE/HKD/2026/DMCP/77),494ඒ,House / නිවාස,Slope failures / බැවුම් අස්ථාවරවීම්,Resettle / නැවත පදිංචිකිරීම,Partially / අර්ධහානි,,,,,1.0,3.0,,7.0,,11,,Nuwara Eliya,7.1572_80.77435_2025-11-27,174.86,286.79,402.72,545.25,616.84,174.86,7.0,NASA POWER PRECTOTCORR / MERRA-2,ok,663,0.4349469798832877,22.88754,57.05748,18.64988,1.53714,5.58807,1.27735,0.05447,7.3915,14.58554,28.83579,0,66_72,1,True,1,1,0,1
7.124402,80.785103,2025-11-27,2025-11-27,2025-11-27,1,parsed_single,2025.11.27,,2026-03-09,2026.03.09,Nuwara Eliya,මතුරට ප්රා.ලේ.කො,විල්වල,HR2,HR2,,NBRI/NE/HKD[Mathurata]/2026/DSDD/194),NBRI/NE/HKD[Mathurata]/2026/DSDD/194),483,House / නිවාස,"Other / වෙනත් (වෙනත් කරුණු යටතේ සදහන් කරන්න), Slope failures / බැවුම් අස්ථාවරවීම්",Resettle / නැවත පදිංචිකිරීම,Partially / අර්ධහානි,,"බෑවුම අස්‍ථාවරවීම, නාය ගලන මාර්ගය",,,1.0,,,,,1,,Nuwara Eliya,7.1244_80.7851_2025-11-27,174.86,286.79,402.72,545.25,616.84,174.86,7.0,NASA POWER PRECTOTCORR / MERRA-2,ok,665,0.2161497089370064,22.15675,57.03629,19.1306,1.48424,5.52894,1.28154,0.05673,8.89618,14.33448,29.32232,2,67_71,1,True,1,1,0,2
7.12674,80.786135,2025-11-27,2025-11-27,2025-11-27,1,parsed_single,2025.11.27 සහ ඉන්පෙර සිටම,,2026-08-01,2026.08.01,Nuwara Eliya,මතුරට ප්රා.ලේ.කො,ඇහැළමල්පේ,HR3,HR3,,NBRI/NE/HKD[Mathurata]/2026/VKG/113),NBRI/NE/HKD[Mathurata]/2026/VKG/113),483/ඒ,House / නිවාස,Other / වෙනත් (වෙනත් කරුණු යටතේ සදහන් කරන්න),Resettle / නැවත පදිංචිකිරීම,Minor or No Damages / සුළුහානි හෝ හානි නොමැති,,නායයෑමේ සහ ගල් පෙරළීමේ අවධානම,,,,1.0,,7.0,,8,,Nuwara Eliya,7.12674_80.78614_2025-11-27,174.86,286.79,402.72,545.25,616.84,174.86,7.0,NASA POWER PRECTOTCORR / MERRA-2,ok,665,0.460864940083723,22.15675,57.03629,19.1306,1.48424,5.52894,1.28154,0.05673,8.89618,14.33448,29.32232,2,67_71,1,True,1,1,0,2
7.165474,80.760873,2025-11-28,2025-11-28,2025-11-28,1,parsed_single,2025-11-28 00:00:00,,2025-12-12,2025-12-12 00:00:00,Nuwara Eliya,හඟුරන්කෙත ප්රා.ලේ.කො,දැලිවල,HR2,HR2,,NBRI/NE/HKD/2025/DMCP/09-REV,NBRI/NE/HKD/2025/DMCP/09-REV,494 ඩී,House / නිවාස,Landslide / නායයෑම්,Resettle / නැවත පදිංචිකිරීම,Partially / අර්ධහානි,,ගල් පෙරලීම්,,,9.0,,,,,9,,Nuwara Eliya,7.16547_80.76087_2025-11-28,64.6,322.04,457.49,601.37,680.32,174.86,7.0,NASA POWER PRECTOTCORR / MERRA-2,ok,667,0.623794285563116,23.18043,56.98002,18.42847,1.53187,5.60369,1.27911,0.05488,5.77713,14.58384,27.55761,0,66_72,1,True,1,1,0,1
7.102845,80.805372,2025-11-27,2025-11-27,2025-11-27,1,parsed_single,2025.11.27,,2025-12-11,2025.12.11,Nuwara Eliya,වලපනේ ප්රා.ලේ.කො,වැටකේගම,HR1,HR1,,NBRI/NE/WLD/2025/SMK/18 – Rev(II),NBRI/NE/WLD/2025/SMK/18 – Rev(II),,House / නිවාස,Landslide / නායයෑම්,Resettle / නැවත පදිංචිකිරීම,Fully / පුර්ණහානි,,,,3.0,2.0,1.0,,4.0,,10,,Nuwara Eliya,7.10284_80.80537_2025-11-27,174.86,286.79,402.72,545.25,616.84,174.86,7.0,NASA POWER PRECTOTCORR / MERRA-2,ok,682,0.1373030855977412,21.43989,57.29916,19.5629,2.0377,5.51182,1.24786,0.05885,9.86238,15.17566,29.6523,4,67_70,1,True,1,1,0,2
7.103234,80.805311,2025-11-27,2025-11-27,2025-11-27,1,parsed_single,2025-11-27 00:00:00,,2025-12-18,2025-12-18 00:00:00,Nuwara Eliya,වලපනේ ප්රා.ලේ.කො,වැටකේගම,HR1,HR1,,NBRI/NE/WLD/2025/DMCP/23,NBRI/NE/WLD/2025/DMCP/23,505 ඊ,House / නිවාස,Slope failures / බැවුම් අස්ථාවරවීම්,Resettle / නැවත පදිංචිකිරීම,Fully / පුර්ණහානි,,,,1.0,,1.0,,3.0,,5,,Nuwara Eliya,7.10323_80.80531_2025-11-27,174.86,286.79,402.72,545.25,616.84,174.86,7.0,NASA POWER PRECTOTCORR / MERRA-2,ok,682,0.0938515155492226,21.43989,57.29916,19.5629,2.0377,5.51182,1.24786,0.05885,9.86238,15.17566,29.6523,4,67_70,1,True,1,1,0,2
7.119166,80.818231,2025-11-26,2025-11-26,2025-11-26,1,parsed_single,2025-11-26 00:00:00,2.30 AM,2026-06-15,2026.06.15,Nuwara Eliya,වලපනේ ප්රා.ලේ.කො,උණගොල්ල,HR1,HR1,,NBRI/NE/WLD/2025/LY/සංශෝධන/31),NBRI/NE/WLD/2025/LY/සංශෝධන/31),506 - ඒ,House / නිවාස,Slope failures / බැවුම් අස්ථාවරවීම්,Resettle / නැවත පදිංචිකිරීම,Fully / පුර්ණහානි,,,,3.0,1.0,26.0,,37.0,,67,,Nuwara Eliya,7.11917_80.81823_2025-11-26,82.58,168.03,233.01,381.89,442.44,82.58,7.0,NASA POWER PRECTOTCORR / MERRA-2,ok,683,0.4558262667475408,20.96276,58.25508,19.17179,2.02879,5.53451,1.25184,0.05795,9.80481,15.17527,29.24694,0,68_70,1,True,1,1,0,2
7.117753,80.816513,2025-11-27,2025-11-27,2025-11-27,1,parsed_single,2025-11-27 00:00:00,2.10 am,2025-12-11,2025-12-11 00:00:00,Nuwara Eliya,වලපනේ ප්රා.ලේ.කො,උණගොල්ල,HR3,HR3,,NBRI/NE/WLD/2025/DMCP/10 - Rev,NBRI/NE/WLD/2025/DMCP/10 - Rev,506 ඒ,House / නිවාස,Landslide / නායයෑම්,Resettle / නැවත පදිංචිකිරීම,Minor or No Damages / සුළුහානි හෝ හානි නොමැති,,,,,,13.0,,,,13,,Nuwara Eliya,7.11775_80.81651_2025-11-27,174.86,286.79,402.72,545.25,616.84,174.86,7.0,NASA POWER PRECTOTCORR / MERRA-2,ok,683,0.2367138453462064,20.96276,58.25508,19.17179,2.02879,5.53451,1.25184,0.05795,9.80481,15.17527,29.24694,0,68_70,1,True,1,1,1,2
7.141516,80.779392,2025-11-27,2025-11-27,2025-11-27,1,parsed_single,2025-11-27 00:00:00,,2026-01-10,2026-01-10 00:00:00,Nuwara Eliya,මතුරට ප්රා.ලේ.කො,උඩුවෙල පතන,HR2,HR2,,NBRI/NE/HKD[Mathurata]/2026/KLKT/සංශෝධනය/59),NBRI/NE/HKD[Mathurata]/2026/KLKT/සංශෝධනය/59),482 සී,House / නිවාස,Slope failures / බැවුම් අස්ථාවරවීම්,Resettle / නැවත පදිංචිකිරීම,Partially / අර්ධහානි,,,,,1.0,2.0,,14.0,,17,,Nuwara Eliya,7.14152_80.77939_2025-11-27,174.86,286.79,402.72,545.25,616.84,174.86,7.0,NASA POWER PRECTOTCORR / MERRA-2,ok,685,0.1429989133396644,22.46305,57.47146,18.48777,1.45019,5.57651,1.28517,0.05461,7.98033,13.60798,28.7934,4,66_71,1,True,1,1,0,2
7.141956,80.777107,2025-11-27,2025-11-27,2025-11-27,1,parsed_single,2025.11.27,,2026-07-15,2026.07.15,Nuwara Eliya,හඟුරන්කෙත ප්රා.ලේ.කො,රිකිල්ලගස්කඩ,HR2,HR2,,NBRI/NE/HKD/2026/KATD/48),NBRI/NE/HKD/2026/KATD/48),492/ඒ,House / නිවාස,Slope failures / බැවුම් අස්ථාවරවීම්,Resettle / නැවත පදිංචිකිරීම,Partially / අර්ධහානි,,,,,1.0,1.0,,4.0,,6,,Nuwara Eliya,7.14196_80.77711_2025-11-27,174.86,286.79,402.72,545.25,616.84,174.86,7.0,NASA POWER PRECTOTCORR / MERRA-2,ok,685,0.1315858183939165,22.46305,57.47146,18.48777,1.45019,5.57651,1.28517,0.05461,7.98033,13.60798,28.7934,4,66_71,1,True,1,1,0,2
7.164128,80.772551,2025-11-28,2025-11-28,2025-11-28,1,parsed_single,2025-11-28 00:00:00,,2025-12-12,2025-12-12 00:00:00,Nuwara Eliya,හඟුරන්කෙත ප්රා.ලේ.කො,දැලිවල,HR3,HR3,,NBRI/NE/HKD/2025/DMCP/21-REV,NBRI/NE/HKD/2025/DMCP/21-REV,494 ඩී,House / නිවාස,Landslide / නායයෑම්,Resettle / නැවත පදිංචිකිරීම,Minor or No Damages / සුළුහානි හෝ හානි නොමැති,,,,,,6.0,,,,6,,Nuwara Eliya,7.16413_80.77255_2025-11-28,64.6,322.04,457.49,601.37,680.32,174.86,7.0,NASA POWER PRECTOTCORR / MERRA-2,ok,688,0.272872734763205,23.12556,56.74819,18.6997,1.53692,5.58513,1.27681,0.05494,6.84851,14.58515,28.51589,0,66_72,1,True,1,1,0,1
7.167357,80.772681,2025-11-27,2025-11-27,2025-11-27,1,parsed_single,2025.11.27 උදේ 6.10 පමණ,,2026-01-13,2026-01-13 00:00:00,Nuwara Eliya,හඟුරන්කෙත ප්රා.ලේ.කො,දැලිවල,HR2,HR2,,NBRI/NE/HKD/2026/IC/14),NBRI/NE/HKD/2026/IC/14),494 ඩී,House / නිවාස,Other / වෙනත් (වෙනත් කරුණු යටතේ සදහන් කරන්න),Resettle / නැවත පදිංචිකිරීම,Partially / අර්ධහානි,,කදුරු මාර්ගයක මැදිව කණ්ඩි කඩා වැටීම,,,1.0,,,9.0,,10,,Nuwara Eliya,7.16736_80.77268_2025-11-27,174.86,286.79,402.72,545.25,616.84,174.86,7.0,NASA POWER PRECTOTCORR / MERRA-2,ok,689,0.3275645083107146,23.12556,56.74819,18.6997,1.53692,5.58513,1.27681,0.05494,6.84851,14.58515,28.51589,0,66_72,1,True,1,1,0,1
7.031581,80.592806,2025-11-28,2025-11-28,2025-11-28,1,parsed_single,2025-11-28 00:00:00,Morning,2025-12-12,2025-12-12 00:00:00,Nuwara Eliya,කොත්මලේ බටහිර ප්රා.ලේ.කො,තෙලිස්සාගල,HR2,HR2,,NBRI/NE/KTD[West]/2025/DSDD/​සංශෝධන/18 - Rev,NBRI/NE/KTD[West]/2025/DSDD/​සංශෝධන/18 - Rev,460 I,House / නිවාස,Slope failures / බැවුම් අස්ථාවරවීම්,Resettle / නැවත පදිංචිකිරීම,Partially / අර්ධහානි,,,,,2.0,2.0,,10.0,,14,,Nuwara Eliya,7.03158_80.59281_2025-11-28,64.6,322.04,457.49,601.37,680.32,174.86,7.0,NASA POWER PRECTOTCORR / MERRA-2,ok,690,0.0357513916675861,22.34609,60.26379,16.47152,2.16708,5.2504,1.21726,0.06247,0.3124,13.35335,21.34929,0,60_67,1,True,1,1,0,1
7.097578,80.856035,2025-11-27,2025-11-27,2025-11-27,1,parsed_single,2025-11-27 00:00:00,,2026-01-15,2026-01-15 00:00:00,Nuwara Eliya,වලපනේ ප්රා.ලේ.කො,මුලහල්කැලේ,HR1,HR1,,NBRI/NE/WLD/2026/SMK/88),NBRI/NE/WLD/2026/SMK/88),,House / නිවාස,Slope failures / බැවුම් අස්ථාවරවීම්,Resettle / නැවත පදිංචිකිරීම,Fully / පුර්ණහානි,,,,1.0,,,,1.0,,2,,Nuwara Eliya,7.09758_80.85604_2025-11-27,174.86,286.79,402.72,545.25,616.84,174.86,7.0,NASA POWER PRECTOTCORR / MERRA-2,ok,691,0.541932696870734,19.98612,59.01541,19.26819,2.09553,5.50204,1.23612,0.06046,12.00668,15.7043,30.72445,2,69_70,1,True,1,1,0,2
7.100123,80.860011,2025-11-27,2025-11-27,2025-11-27,1,parsed_single,2025.11.27,,2026-03-25,2026.03.25,Nuwara Eliya,වලපනේ ප්රා.ලේ.කො,තැන්නෙහේන්වල,HR3,HR3,,NBRI/NE/WLD/2026/DSDD/231),NBRI/NE/WLD/2026/DSDD/231),514/ඩී,House / නිවාස,Slope failures / බැවුම් අස්ථාවරවීම්,Resettle / නැවත පදිංචිකිරීම,Minor or No Damages / සුළුහානි හෝ හානි නොමැති,,,,,,1.0,,1.0,,2,,Nuwara Eliya,7.10012_80.86001_2025-11-27,174.86,286.79,402.72,545.25,616.84,174.86,7.0,NASA POWER PRECTOTCORR / MERRA-2,ok,691,0.4998146678803112,19.98612,59.01541,19.26819,2.09553,5.50204,1.23612,0.06046,12.00668,15.7043,30.72445,2,69_70,1,True,1,1,0,2
7.060298,80.786575,2025-11-27,2025-11-27,2025-11-27,1,parsed_single,2025-11-27 00:00:00,,2025-12-10,2025-12-10 00:00:00,Nuwara Eliya,මතුරට ප්රා.ලේ.කො,ලබුහේන් වෙල - මැටිබැමිය,HR3,HR3,,NBRI/NE/HKD[Mathurata]/2025/PTG/24 -Rev,NBRI/NE/HKD[Mathurata]/2025/PTG/24 -Rev,,House / නිවාස,Slope failures / බැවුම් අස්ථාවරවීම්,Resettle / නැවත පදිංචිකිරීම,Minor or No Damages / සුළුහානි හෝ හානි නොමැති,,ගල් පෙරලිම්,,,,2.0,,13.0,,15,,Nuwara Eliya,7.0603_80.78658_2025-11-27,174.86,286.79,402.72,545.25,616.84,174.86,7.0,NASA POWER PRECTOTCORR / MERRA-2,ok,692,0.2636372021425466,22.50436,55.45529,20.4863,2.09601,5.42461,1.22169,0.06253,9.05896,15.1802,30.08536,1,67_68,1,True,1,1,0,1
7.076308,80.878752,2025-11-27,2025-11-27,2025-11-27,1,parsed_single,2025-11-27 00:00:00,,2026-01-08,2026-01-08 00:00:00,Nuwara Eliya,වලපනේ ප්රා.ලේ.කො,වැරැල්ලපතන,HR3,HR3,,NBRI/NE/WLD/2026/DSDD/49),NBRI/NE/WLD/2026/DSDD/49),,House / නිවාස,Slope failures / බැවුම් අස්ථාවරවීම්,Resettle / නැවත පදිංචිකිරීම,Minor or No Damages / සුළුහානි හෝ හානි නොමැති,,,,,,1.0,,8.0,,9,,Nuwara Eliya,7.07631_80.87875_2025-11-27,174.86,286.79,402.72,545.25,616.84,174.86,7.0,NASA POWER PRECTOTCORR / MERRA-2,ok,693,0.0051155113302687,18.92707,60.12581,18.78394,2.17306,5.51831,1.22294,0.06178,15.66859,15.73193,33.25009,1,70_69,1,True,1,1,0,1
7.029412,80.846739,2025-11-27,2025-11-27,2025-11-27,1,parsed_single,2025.11.27,,2026-02-02,2026.02.02,Nuwara Eliya,වලපනේ ප්රා.ලේ.කො,බෲක්සයිඩ්,HR2,HR2,,NBRI/NE/WLD/2026/SMK/123),NBRI/NE/WLD/2026/SMK/123),33 / 0,House / නිවාස,Other / වෙනත් (වෙනත් කරුණු යටතේ සදහන් කරන්න),Resettle / නැවත පදිංචිකිරීම,Partially / අර්ධහානි,,සුන්බුන් ගලනය,,,1.0,,,,,1,,Nuwara Eliya,7.02941_80.84674_2025-11-27,174.86,286.79,402.72,545.25,616.84,174.86,7.0,NASA POWER PRECTOTCORR / MERRA-2,ok,695,0.0183026970123397,20.03966,58.01386,19.73794,2.1496,5.45903,1.19001,0.06512,15.14329,15.3918,33.85586,2,69_67,1,True,1,1,0,1
6.953582,80.475436,2026-08-03,2026-08-03,2026-08-03,1,parsed_single,2026.08.03 උදෑසන 10.45 පමණ,,2026-08-04,2026.08.04,Nuwara Eliya,අඹගමුව ප්රා.ලේ.කො,කෙහෙල්අරාව,HR1,HR1,,NBRI/NE/ABD/2026/VKG/115),NBRI/NE/ABD/2026/VKG/115),316/ජී,House / නිවාස,Slope failures / බැවුම් අස්ථාවරවීම්,Resettle / නැවත පදිංචිකිරීම,Fully / පුර්ණහානි,,,,1.0,,,,,,1,,Nuwara Eliya,6.95358_80.47544_2026-08-03,34.43,57.19,70.59,73.72,97.5,34.43,7.0,NASA POWER PRECTOTCORR / MERRA-2,ok,703,0.3256169057830856,19.98493,64.64713,13.95825,2.04224,5.09807,1.2586,0.05994,3.05423,12.658,21.33161,4,55_64,1,True,1,1,0,1
7.095149,80.865156,2025-11-27,2025-11-27,2025-11-27,1,parsed_single,2025.11.27,,2026-05-05,2026.05.05,Nuwara Eliya,වලපනේ ප්රා.ලේ.කො,වලපනේ,HR1,HR1,,NBRI/NE/WLD/2026/DMCP/138),NBRI/NE/WLD/2026/DMCP/138),515/බී,House / නිවාස,Other / වෙනත් (වෙනත් කරුණු යටතේ සදහන් කරන්න),Resettle / නැවත පදිංචිකිරීම,Fully / පුර්ණහානි,,ව්‍යූහාත්මක අස්ථාවරතා,,1.0,,,,,,1,,Nuwara Eliya,7.09515_80.86516_2025-11-27,174.86,286.79,402.72,545.25,616.84,174.86,7.0,NASA POWER PRECTOTCORR / MERRA-2,ok,709,0.4922804002504382,19.14712,60.12319,19.04657,2.13781,5.49131,1.24461,0.06028,13.30359,15.52628,31.23626,4,70_70,1,True,1,1,0,1
7.05412,80.875021,2025-11-27,2025-11-27,2025-11-27,1,parsed_single,2025.11.27,,2025-12-14,2025.12.14,Nuwara Eliya,වලපනේ ප්රා.ලේ.කො,හරස්බැද්ද,HR1,HR1,,NBRI/NE/WLD/2025/SMK/29/-Rev(II),NBRI/NE/WLD/2025/SMK/29/-Rev(II),526,House / නිවාස,Landslide / නායයෑම්,Resettle / නැවත පදිංචිකිරීම,Fully / පුර්ණහානි,,,,3.0,8.0,6.0,,,,17,,Nuwara Eliya,7.05412_80.87502_2025-11-27,174.86,286.79,402.72,545.25,616.84,174.86,7.0,NASA POWER PRECTOTCORR / MERRA-2,ok,714,0.5089611933958713,18.55717,59.83221,19.16299,2.12437,5.49979,1.20226,0.06362,17.82799,15.39089,35.00879,1,70_68,1,True,1,1,0,1
7.100988,80.881336,2025-11-27,2025-11-27,2025-11-27,1,parsed_single,2025-11-27 00:00:00,,2026-04-03,2026-04-03 00:00:00,Nuwara Eliya,වලපනේ ප්රා.ලේ.කො,කැන්දගොල්ල,HR3,HR3,,NBRI/NE/WLD/2026/WGMSS/50),NBRI/NE/WLD/2026/WGMSS/50),516 /A,House / නිවාස,Slope failures / බැවුම් අස්ථාවරවීම්,Resettle / නැවත පදිංචිකිරීම,Minor or No Damages / සුළුහානි හෝ හානි නොමැති,,,,,,2.0,,2.0,,4,,Nuwara Eliya,7.10099_80.88134_2025-11-27,174.86,286.79,402.72,545.25,616.84,174.86,7.0,NASA POWER PRECTOTCORR / MERRA-2,ok,724,0.8943396784639102,18.60972,61.08055,18.55686,2.07338,5.55048,1.24832,0.05956,12.74713,15.39811,30.09826,4,70_70,1,True,1,1,0,1
7.137964,80.750781,2025-11-27,2025-11-27,2025-11-27,1,parsed_single,2025.11.27,,2026-02-02,2026.02.02,Nuwara Eliya,හඟුරන්කෙත ප්රා.ලේ.කො,අගප්පල,HR3,HR3,,NBRI/NE/HKD/2026/DSDD/119),NBRI/NE/HKD/2026/DSDD/119),,House / නිවාස,Slope failures / බැවුම් අස්ථාවරවීම්,Resettle / නැවත පදිංචිකිරීම,Minor or No Damages / සුළුහානි හෝ හානි නොමැති,,,,,,1.0,,1.0,,2,,Nuwara Eliya,7.13796_80.75078_2025-11-27,174.86,286.79,402.72,545.25,616.84,174.86,7.0,NASA POWER PRECTOTCORR / MERRA-2,ok,726,0.4580458885227489,23.35209,55.86067,19.26493,1.52365,5.47989,1.26125,0.05613,6.79757,14.22297,28.53297,1,65_71,1,True,1,1,0,1
7.05343,80.677276,2025-11-27,2025-11-27,2025-11-27,1,parsed_single,2025.11.27,,2026-04-26,2026.04.26,Nuwara Eliya,කොත්මලේ නැගෙනහිර ප්රා.ලේ.කො,අඹතලාව,HR3,HR3,,NBRI/NE/KTD[East]/2026/SMK/198),NBRI/NE/KTD[East]/2026/SMK/198),470 /ඒ,House / නිවාස,Slope failures / බැවුම් අස්ථාවරවීම්,Resettle / නැවත පදිංචිකිරීම,Minor or No Damages / සුළුහානි හෝ හානි නොමැති,,,,,,2.0,,,,2,,Nuwara Eliya,7.05343_80.67728_2025-11-27,174.86,286.79,402.72,545.25,616.84,174.86,7.0,NASA POWER PRECTOTCORR / MERRA-2,ok,732,0.263028472136564,24.66993,54.88377,19.48314,2.09553,5.29294,1.2017,0.06758,2.63079,14.58447,26.30458,1,63_68,1,True,1,1,0,1
7.087636,80.863534,2025-11-27,2025-11-27,2025-11-27,1,parsed_single,2025.11.27,,2025-12-09,2025.12.09,Nuwara Eliya,වලපනේ ප්රා.ලේ.කො,කන්දේගම,HR1,HR1,,NBRI/NE/WLD/2026/SMK/10 – Rev (සංශෝධන - (ii) ),NBRI/NE/WLD/2026/SMK/10 – Rev (සංශෝධන - (ii) ),515 සී,House / නිවාස,Slope failures / බැවුම් අස්ථාවරවීම්,Resettle / නැවත පදිංචිකිරීම,Fully / පුර්ණහානි,,,,2.0,,,,35.0,,37,,Nuwara Eliya,7.08764_80.86353_2025-11-27,174.86,286.79,402.72,545.25,616.84,174.86,7.0,NASA POWER PRECTOTCORR / MERRA-2,ok,737,0.3433487592576817,20.68958,58.10907,19.26901,2.17646,5.49929,1.21992,0.06071,13.27043,16.03574,32.6074,1,69_69,1,True,1,1,0,2
7.0936,80.8654,2025-11-27,2025-11-27,2025-11-27,1,parsed_single,2025-11-27 00:00:00,,2025-12-09,2025-12-09 00:00:00,Nuwara Eliya,වලපනේ ප්රා.ලේ.කො,කන්දේගම,HR2,HR2,,NBRI/NE/WLD/2025/JMH/02/සංශෝධන/Rev(II),NBRI/NE/WLD/2025/JMH/02/සංශෝධන/Rev(II),515 / සී,House / නිවාස,Slope failures / බැවුම් අස්ථාවරවීම්,Resettle / නැවත පදිංචිකිරීම,Partially / අර්ධහානි,,,,,1.0,,,8.0,,9,,Nuwara Eliya,7.0936_80.8654_2025-11-27,174.86,286.79,402.72,545.25,616.84,174.86,7.0,NASA POWER PRECTOTCORR / MERRA-2,ok,737,0.365659208178378,20.68958,58.10907,19.26901,2.17646,5.49929,1.21992,0.06071,13.27043,16.03574,32.6074,1,69_69,1,True,1,1,0,2
7.074488,80.709507,2025-11-27,2025-11-27,2025-11-27,1,parsed_single,2025-11-27 00:00:00,,2026-01-02,2026-01-02 00:00:00,Nuwara Eliya,කොත්මලේ නැගෙනහිර ප්රා.ලේ.කො,පොටොෆ්,HR3,HR3,,NBRI/NE/KTD[East]/2025/KLKT/28),NBRI/NE/KTD[East]/2025/KLKT/28),474 එම්,House / නිවාස,Cutting failure / කණ්ඩි අස්ථාවරවීම්,Resettle / නැවත පදිංචිකිරීම,Minor or No Damages / සුළුහානි හෝ හානි නොමැති,,,,,,1.0,,4.0,,5,,Nuwara Eliya,7.07449_80.70951_2025-11-27,174.86,286.79,402.72,545.25,616.84,174.86,7.0,NASA POWER PRECTOTCORR / MERRA-2,ok,741,0.2821343475608945,24.87112,53.80461,20.18465,2.13303,5.32627,1.21042,0.06245,5.30105,14.57775,28.8518,3,64_69,1,True,1,1,0,1
7.075718,80.89555,2025-11-27,2025-11-27,2025-11-27,1,parsed_single,2025.11.27,,2026-05-25,2026.05.25,Nuwara Eliya,නිල්දණ්ඩහින්න ප්රා.ලේ.කො,දබ්බරේ,HR3,HR3,,NBRI/NE/WLD[Nildandahinna]/2026/LSG/34),NBRI/NE/WLD[Nildandahinna]/2026/LSG/34),524/ඩී,House / නිවාස,Slope failures / බැවුම් අස්ථාවරවීම්,Resettle / නැවත පදිංචිකිරීම,Minor or No Damages / සුළුහානි හෝ හානි නොමැති,,,,,,1.0,,2.0,,3,,Nuwara Eliya,7.07572_80.89555_2025-11-27,174.86,286.79,402.72,545.25,616.84,174.86,7.0,NASA POWER PRECTOTCORR / MERRA-2,ok,742,0.1316577337800021,18.30054,61.00179,18.47224,2.16916,5.5335,1.22732,0.06161,16.31544,15.73011,33.30456,3,71_69,1,True,1,1,0,2
7.079395,80.899067,2025-11-27,2025-11-27,2025-11-27,1,parsed_single,2025-11-27 00:00:00,,2026-01-12,2026-01-12 00:00:00,Nuwara Eliya,නිල්දණ්ඩහින්න ප්රා.ලේ.කො,දබ්බරේ,HR2,HR2,,NBRI/NE/WLD[Nildandahinna]/2026/SMK/79),NBRI/NE/WLD[Nildandahinna]/2026/SMK/79),524 ඩී,House / නිවාස,"Rock fall / ගල් පෙරලීම්, Slope failures / බැවුම් අස්ථාවරවීම්",Resettle / නැවත පදිංචිකිරීම,Partially / අර්ධහානි,,,,,1.0,2.0,,29.0,,32,,Nuwara Eliya,7.0794_80.89907_2025-11-27,174.86,286.79,402.72,545.25,616.84,174.86,7.0,NASA POWER PRECTOTCORR / MERRA-2,ok,742,0.4538434460408148,18.30054,61.00179,18.47224,2.16916,5.5335,1.22732,0.06161,16.31544,15.73011,33.30456,3,71_69,1,True,1,1,0,2
7.086558,80.659289,2025-11-27,2025-11-27,2025-11-27,1,parsed_single,2025.11.27,,2026-07-06,2026.07.06,Nuwara Eliya,කොත්මලේ නැගෙනහිර ප්රා.ලේ.කො,කොත්මල්ගම,HR3,HR3,,NBRI/NE/KTD[East]/2026/WGMSS/110),NBRI/NE/KTD[East]/2026/WGMSS/110),474/ජී,House / නිවාස,Other / වෙනත් (වෙනත් කරුණු යටතේ සදහන් කරන්න),Resettle / නැවත පදිංචිකිරීම,Minor or No Damages / සුළුහානි හෝ හානි නොමැති,0.0,නිම්න මාර්ගය තුළ පිහිටීම,,,,1.0,,11.0,,12,,Nuwara Eliya,7.08656_80.65929_2025-11-27,174.86,286.79,402.72,545.25,616.84,174.86,7.0,NASA POWER PRECTOTCORR / MERRA-2,ok,745,0.0172591969071684,24.43941,55.20839,19.24538,1.49271,5.38624,1.24692,0.06445,3.19742,14.22261,26.55411,4,62_69,1,True,1,1,0,1
7.076513,80.669145,2025-11-27,2025-11-27,2025-11-27,1,parsed_single,2025-11-27 00:00:00,,2025-12-16,2025-12-16 00:00:00,Nuwara Eliya,කොත්මලේ නැගෙනහිර ප්රා.ලේ.කො,දෙලුම්තලාමඩ,HR1,HR1,,NBRI/NE/KTD[East]/2025/SMK/31-Rev,NBRI/NE/KTD[East]/2025/SMK/31-Rev,,House / නිවාස,Landslide / නායයෑම්,Resettle / නැවත පදිංචිකිරීම,Fully / පුර්ණහානි,,,,4.0,16.0,,,,,20,,Nuwara Eliya,7.07651_80.66914_2025-11-27,174.86,286.79,402.72,545.25,616.84,174.86,7.0,NASA POWER PRECTOTCORR / MERRA-2,ok,751,0.0041136633252957,24.43685,55.47082,19.0893,1.51125,5.34595,1.25119,0.06199,3.69332,13.9626,26.99562,4,62_69,1,True,1,1,0,1
7.00594,80.68932,2025-11-26,2025-11-26,2025-11-26,1,parsed_single,2025-11-26 00:00:00,,2025-12-11,2025-12-11 00:00:00,Nuwara Eliya,කොත්මලේ නැගෙනහිර ප්රා.ලේ.කො,ඩන්සිනන්,HR3,HR3,,NBRI/NE/KTD[East]/2025/LY/11) - Rev,NBRI/NE/KTD[East]/2025/LY/11) - Rev,,House / නිවාස,Landslide / නායයෑම්,Resettle / නැවත පදිංචිකිරීම,Minor or No Damages / සුළුහානි හෝ හානි නොමැති,,,,,,3.0,,4.0,,7,,Nuwara Eliya,7.00594_80.68932_2025-11-26,82.58,168.03,233.01,381.89,442.44,82.58,7.0,NASA POWER PRECTOTCORR / MERRA-2,ok,754,0.1875975144084121,25.4312,53.53566,20.31182,2.25849,5.28681,1.17935,0.06694,2.44378,15.42004,26.71222,0,63_66,1,True,1,1,0,2
7.005897,80.689286,2025-11-27,2025-11-27,2025-11-27,1,parsed_single,2025-11-27 00:00:00,,2025-12-14,2025-12-14 00:00:00,Nuwara Eliya,කොත්මලේ නැගෙනහිර ප්රා.ලේ.කො,නියම්ගන්දොර,HR1,HR1,,(NBRI/NE/KTD[East]/2025/PTG/සංශෝධන08(iii)-REV (iii),(NBRI/NE/KTD[East]/2025/PTG/සංශෝධන08(iii)-REV (iii),,House / නිවාස,Landslide / නායයෑම්,Resettle / නැවත පදිංචිකිරීම,Fully / පුර්ණහානි,,,,3.0,4.0,11.0,,,,18,,Nuwara Eliya,7.0059_80.68929_2025-11-27,174.86,286.79,402.72,545.25,616.84,174.86,7.0,NASA POWER PRECTOTCORR / MERRA-2,ok,754,0.1927137121978604,25.4312,53.53566,20.31182,2.25849,5.28681,1.17935,0.06694,2.44378,15.42004,26.71222,0,63_66,1,True,1,1,1,2
7.141152,80.785306,2025-11-27,2025-11-27,2025-11-27,1,parsed_single,2025.11.27,,2026-03-05,2026.03.05,Nuwara Eliya,මතුරට ප්රා.ලේ.කො,දෙණිකේ,HR3,HR3,,NBRI/NE/HKD[Mathurata]2026/DSDD/199),NBRI/NE/HKD[Mathurata]2026/DSDD/199),,House / නිවාස,Slope failures / බැවුම් අස්ථාවරවීම්,Resettle / නැවත පදිංචිකිරීම,Minor or No Damages / සුළුහානි හෝ හානි නොමැති,,,,,,1.0,,3.0,,4,,Nuwara Eliya,7.14115_80.78531_2025-11-27,174.86,286.79,402.72,545.25,616.84,174.86,7.0,NASA POWER PRECTOTCORR / MERRA-2,ok,755,0.3567054579767398,22.7527,56.94816,18.76786,1.51948,5.5284,1.27778,0.05647,7.93002,14.5238,29.08065,2,67_71,1,True,1,1,0,1
7.149365,80.78088,2025-11-27,2025-11-27,2025-11-27,1,parsed_single,2025.11.27,,2026-05-24,2026.05.24,Nuwara Eliya,හඟුරන්කෙත ප්රා.ලේ.කො,රිකිල්ලගස්කඩ,HR1,HR1,,NBRI/NE/HKD/2026/VKG/65),NBRI/NE/HKD/2026/VKG/65),492/ඒ,House / නිවාස,Slope failures / බැවුම් අස්ථාවරවීම්,Resettle / නැවත පදිංචිකිරීම,Fully / පුර්ණහානි,,,,1.0,,,,,,1,,Nuwara Eliya,7.14936_80.78088_2025-11-27,174.86,286.79,402.72,545.25,616.84,174.86,7.0,NASA POWER PRECTOTCORR / MERRA-2,ok,758,0.1701998387811837,22.7527,56.94816,18.76786,1.51948,5.5284,1.27778,0.05647,7.93002,14.5238,29.08065,0,66_72,1,True,1,1,0,1
7.127314,80.71235,2025-11-28,2025-11-28,2025-11-28,1,parsed_single,2025-11-28 00:00:00,,2025-12-10,2025-12-10 00:00:00,Nuwara Eliya,හඟුරන්කෙත ප්රා.ලේ.කො,හෝප්වත්ත,HR1,HR1,,NBRI/NE/HKD/2025/SMK/සංශෝධන/12 - Rev(iii),NBRI/NE/HKD/2025/SMK/සංශෝධන/12 - Rev(iii),501 G,House / නිවාස,Landslide / නායයෑම්,Resettle / නැවත පදිංචිකිරීම,Fully / පුර්ණහානි,,,,9.0,2.0,12.0,,,,23,,Nuwara Eliya,7.12731_80.71235_2025-11-28,64.6,322.04,457.49,601.37,680.32,174.86,7.0,NASA POWER PRECTOTCORR / MERRA-2,ok,768,0.1531142884492499,24.05338,55.1184,19.47996,1.52697,5.45993,1.26056,0.05782,5.4823,14.21731,28.08173,3,64_71,1,True,1,1,0,1
7.071658,80.550723,2025-11-27,2025-11-27,2025-11-27,1,parsed_single,2025/11/27-29,,2026-05-26,2026-05-26 00:00:00,Nuwara Eliya,කොත්මලේ බටහිර ප්රා.ලේ.කො,මල්ලන්ද,HR2,HR2,,NBRI/NE/KTD[West]/2026/DMCP/සංශෝධන/148),NBRI/NE/KTD[West]/2026/DMCP/සංශෝධන/148),460,House / නිවාස,Slope failures / බැවුම් අස්ථාවරවීම්,Resettle / නැවත පදිංචිකිරීම,Minor or No Damages / සුළුහානි හෝ හානි නොමැති,,,,,1.0,1.0,,25.0,,27,,Nuwara Eliya,7.07166_80.55072_2025-11-27,174.86,286.79,402.72,545.25,616.84,174.86,7.0,NASA POWER PRECTOTCORR / MERRA-2,ok,773,0.3456108246880419,23.0446,59.40467,16.60627,1.59102,5.2916,1.28504,0.06258,0.57554,12.99016,22.34465,2,58_69,1,True,1,1,0,1
7.080501,80.908902,2025-11-26,2025-11-26,2025-11-26,1,parsed_single,2025.11.26,,2025-12-26,2025.12.26,Nuwara Eliya,නිල්දණ්ඩහින්න ප්රා.ලේ.කො,අඹන්ඇල්ල,HR2,HR2,,NBRI/NE/WLD[Nildandahinna]2025/PTG/94,NBRI/NE/WLD[Nildandahinna]2025/PTG/94,523,House / නිවාස,Other / වෙනත් (වෙනත් කරුණු යටතේ සදහන් කරන්න),Resettle / නැවත පදිංචිකිරීම,Partially / අර්ධහානි,,ගිලා බැසීම්,,,3.0,,,7.0,,10,,Nuwara Eliya,7.0805_80.9089_2025-11-26,82.58,168.03,233.01,381.89,442.44,82.58,7.0,NASA POWER PRECTOTCORR / MERRA-2,ok,774,0.2399657304834195,18.0484,61.40679,18.30259,2.16709,5.542,1.22988,0.06149,16.42135,15.72904,33.1752,3,71_69,1,True,1,1,0,1
7.110922,80.784752,2025-11-27,2025-11-27,2025-11-27,1,parsed_single,2025-11-27 00:00:00,,2026-01-19,2026-01-19 00:00:00,Nuwara Eliya,හඟුරන්කෙත ප්රා.ලේ.කො,රුක්වුඩ්,HR1,HR1,,NBRI/NE/HKD/2026/DMCP/58),NBRI/NE/HKD/2026/DMCP/58),501එෆ්,House / නිවාස,Landslide / නායයෑම්,Resettle / නැවත පදිංචිකිරීම,Fully / පුර්ණහානි,,,,3.0,2.0,1.0,,11.0,,17,,Nuwara Eliya,7.11092_80.78475_2025-11-27,174.86,286.79,402.72,545.25,616.84,174.86,7.0,NASA POWER PRECTOTCORR / MERRA-2,ok,781,0.1569309558228597,22.34728,56.3882,19.48621,1.48829,5.51044,1.27861,0.05727,9.46538,14.33497,29.94818,4,67_70,1,True,1,1,0,1
7.02946,80.716974,2025-11-27,2025-11-27,2025-11-27,1,parsed_single,2025.11.27,,2026-07-14,2026.07.14,Nuwara Eliya,කොත්මලේ නැගෙනහිර ප්රා.ලේ.කො,ලබුකැලේ,HR3,HR3,,NBRI/NE/KTD[East]/2026/LSG/58),NBRI/NE/KTD[East]/2026/LSG/58),474/අයි,House / නිවාස,Other / වෙනත් (වෙනත් කරුණු යටතේ සදහන් කරන්න),Resettle / නැවත පදිංචිකිරීම,Minor or No Damages / සුළුහානි හෝ හානි නොමැති,0.0,නිම්න ආශ්‍රිත කලාපය සහ ගංවතුර අවදානම් තත්ත්වය,,,,1.0,,8.0,,9,,Nuwara Eliya,7.02946_80.71697_2025-11-27,174.86,286.79,402.72,545.25,616.84,174.86,7.0,NASA POWER PRECTOTCORR / MERRA-2,ok,782,0.5318567757010035,24.99889,53.71123,20.25579,2.22897,5.305,1.1899,0.06686,3.72901,15.42092,27.39771,3,64_67,1,True,1,1,0,2
7.029975,80.715075,2025-11-27,2025-11-27,2025-11-27,1,parsed_single,2025.11.27,,2026-07-14,2026.07.14,Nuwara Eliya,කොත්මලේ නැගෙනහිර ප්රා.ලේ.කො,ලබුකැලේ,HR1,HR1,,NBRI/NE/KTD[East]/2026/WGMSS/124),NBRI/NE/KTD[East]/2026/WGMSS/124),474/අයි,House / නිවාස,Slope failures / බැවුම් අස්ථාවරවීම්,Resettle / නැවත පදිංචිකිරීම,Fully / පුර්ණහානි,0.0,,,1.0,,,,7.0,,8,,Nuwara Eliya,7.02998_80.71508_2025-11-27,174.86,286.79,402.72,545.25,616.84,174.86,7.0,NASA POWER PRECTOTCORR / MERRA-2,ok,782,0.3374717634925016,24.99889,53.71123,20.25579,2.22897,5.305,1.1899,0.06686,3.72901,15.42092,27.39771,3,64_67,1,True,1,1,0,2
7.009557,80.683373,2025-11-27,2025-11-27,2025-11-27,1,parsed_single,2025.11.27,,2026-07-23,2026.07.23,Nuwara Eliya,කොත්මලේ නැගෙනහිර ප්රා.ලේ.කො,උතුරු පූඩළුඔය,HR2,HR2,,NBRI/NE/KTD[East]/2026/LSG/61),NBRI/NE/KTD[East]/2026/LSG/61),468/ඊ,House / නිවාස,Other / වෙනත් (වෙනත් කරුණු යටතේ සදහන් කරන්න),Resettle / නැවත පදිංචිකිරීම,Partially / අර්ධහානි,0.0,නායයෑම්/ බෑවුම් අස්ථාවරවීම/ ගල්‌ පෙරළීම,,,8.0,,,,,8,,Nuwara Eliya,7.00956_80.68337_2025-11-27,174.86,286.79,402.72,545.25,616.84,174.86,7.0,NASA POWER PRECTOTCORR / MERRA-2,ok,797,0.3149948369338424,25.01851,54.24754,19.94992,2.24239,5.30158,1.18773,0.06642,2.41925,15.41727,26.23536,0,63_66,1,True,1,1,0,2
7.015362,80.682082,2025-11-27,2025-11-27,2025-11-27,1,parsed_single,2025-11-27 00:00:00,,2025-12-20,2025-12-20 00:00:00,Nuwara Eliya,කොත්මලේ නැගෙනහිර ප්රා.ලේ.කො,උතුරු පූඩළුඔය,HR1,HR1,,NBRI/NE/KTD[East]/2025/DSDD/37),NBRI/NE/KTD[East]/2025/DSDD/37),468 - ඊ,House / නිවාස,Landslide / නායයෑම්,Resettle / නැවත පදිංචිකිරීම,Fully / පුර්ණහානි,,,,2.0,,1.0,,8.0,,11,,Nuwara Eliya,7.01536_80.68208_2025-11-27,174.86,286.79,402.72,545.25,616.84,174.86,7.0,NASA POWER PRECTOTCORR / MERRA-2,ok,797,0.749161273314104,25.01851,54.24754,19.94992,2.24239,5.30158,1.18773,0.06642,2.41925,15.41727,26.23536,0,63_66,1,True,1,1,0,2
7.054183,80.932632,2025-11-27,2025-11-27,2025-11-27,1,parsed_single,2025.11.27,,2026-03-31,2026.03.31,Nuwara Eliya,නිල්දණ්ඩහින්න ප්රා.ලේ.කො,කන්දෙයාය,HR3,HR3,,NBRI/NE/WLD[Nildandahinna]/2026/DSDD/238),NBRI/NE/WLD[Nildandahinna]/2026/DSDD/238),527/සී,House / නිවාස,Slope failures / බැවුම් අස්ථාවරවීම්,Resettle / නැවත පදිංචිකිරීම,Minor or No Damages / සුළුහානි හෝ හානි නොමැති,,,,,,1.0,,1.0,,2,,Nuwara Eliya,7.05418_80.93263_2025-11-27,174.86,286.79,402.72,545.25,616.84,174.86,7.0,NASA POWER PRECTOTCORR / MERRA-2,ok,804,0.1162212357271758,16.96959,62.05913,18.50674,2.04167,5.5177,1.23814,0.06387,17.48121,15.51972,33.18783,1,72_68,1,True,1,1,0,1
7.061992,80.887101,2025-11-27,2025-11-27,2025-11-27,1,parsed_single,2025-11-27 00:00:00,,2025-12-28,2025-12-28 00:00:00,Nuwara Eliya,වලපනේ ප්රා.ලේ.කො,මොරබැද්ද,HR3,HR3,,NBRI/NE/WLD/2026/IC/12),NBRI/NE/WLD/2026/IC/12),526 සී,House / නිවාස,Slope failures / බැවුම් අස්ථාවරවීම්,Resettle / නැවත පදිංචිකිරීම,Minor or No Damages / සුළුහානි හෝ හානි නොමැති,,ගල් පෙරලිම්,,,,3.0,,20.0,,23,,Nuwara Eliya,7.06199_80.8871_2025-11-27,174.86,286.79,402.72,545.25,616.84,174.86,7.0,NASA POWER PRECTOTCORR / MERRA-2,ok,806,0.1636598746428267,18.45937,60.05798,19.07875,2.19479,5.48946,1.21186,0.06362,17.94267,15.73645,35.05159,1,70_68,1,True,1,1,0,1
7.07151,80.781624,2025-11-27,2025-11-27,2025-11-27,1,parsed_single,2025.11.27,,2026-01-26,2026.01.26,Nuwara Eliya,මතුරට ප්රා.ලේ.කො,මානකොළ,HR1,HR1,,NBRI/NE/HKD[Mathurata]/2026/SMK/107),NBRI/NE/HKD[Mathurata]/2026/SMK/107),,House / නිවාස,Slope failures / බැවුම් අස්ථාවරවීම්,Resettle / නැවත පදිංචිකිරීම,Fully / පුර්ණහානි,,,,1.0,,,,14.0,,15,,Nuwara Eliya,7.07151_80.78162_2025-11-27,174.86,286.79,402.72,545.25,616.84,174.86,7.0,NASA POWER PRECTOTCORR / MERRA-2,ok,809,0.3800270834644413,22.44624,55.49358,20.4184,2.0827,5.43898,1.22786,0.06184,9.32187,15.17884,30.16271,4,67_69,1,True,1,1,0,1
7.081099,80.78723,2025-11-27,2025-11-27,2025-11-27,1,parsed_single,2025.11.27,,2026-05-09,2026.05.09,Nuwara Eliya,මතුරට ප්රා.ලේ.කො,මාර්තුවෙල,HR3,HR3,,NBRI/NE/HKD[Mathurata]/2026/DSDD/290),NBRI/NE/HKD[Mathurata]/2026/DSDD/290),511/බී,House / නිවාස,Other / වෙනත් (වෙනත් කරුණු යටතේ සදහන් කරන්න),Resettle / නැවත පදිංචිකිරීම,Minor or No Damages / සුළුහානි හෝ හානි නොමැති,,ආතති පැලුම් සහ ගිලා බැසීම,,,,1.0,,22.0,,23,,Nuwara Eliya,7.0811_80.78723_2025-11-27,174.86,286.79,402.72,545.25,616.84,174.86,7.0,NASA POWER PRECTOTCORR / MERRA-2,ok,810,0.4476493569036189,22.42737,55.46066,20.37519,2.0696,5.4537,1.23393,0.06115,9.59242,15.1775,30.27143,4,67_69,1,True,1,1,0,2
7.082881,80.7854,2025-11-27,2025-11-27,2025-11-27,1,parsed_single,2025-11-27 00:00:00,,2025-12-12,2025-12-12 00:00:00,Nuwara Eliya,මතුරට ප්රා.ලේ.කො,මාර්තුවෙල,HR3,HR3,,NBRI/NE/HKD[Mathurata]/2025/DMCP/16 - Rev,NBRI/NE/HKD[Mathurata]/2025/DMCP/16 - Rev,511 B,House / නිවාස,Landslide / නායයෑම්,Resettle / නැවත පදිංචිකිරීම,Minor or No Damages / සුළුහානි හෝ හානි නොමැති,,ගල් පෙරලිම්,,,,8.0,,,,8,,Nuwara Eliya,7.08288_80.7854_2025-11-27,174.86,286.79,402.72,545.25,616.84,174.86,7.0,NASA POWER PRECTOTCORR / MERRA-2,ok,810,0.6501302790993585,22.42737,55.46066,20.37519,2.0696,5.4537,1.23393,0.06115,9.59242,15.1775,30.27143,4,67_69,1,True,1,1,0,2
7.102111,80.642162,2025-11-27,2025-11-27,2025-11-27,1,parsed_single,2025-11-27 00:00:00,,2026-03-04,2026-03-04 00:00:00,Nuwara Eliya,කොත්මලේ නැගෙනහිර ප්රා.ලේ.කො,නවකඩදොර,HR1,HR1,,NBRI/NE/KTD[East]/2026/DSDD/179),NBRI/NE/KTD[East]/2026/DSDD/179),456/ඒ,House / නිවාස,Slope failures / බැවුම් අස්ථාවරවීම්,Resettle / නැවත පදිංචිකිරීම,Fully / පුර්ණහානි,,,,2.0,,,,3.0,1.0,6,,Nuwara Eliya,7.10211_80.64216_2025-11-27,174.86,286.79,402.72,545.25,616.84,174.86,7.0,NASA POWER PRECTOTCORR / MERRA-2,ok,812,0.0153583891503968,24.77698,55.07077,19.09558,1.47965,5.40253,1.25612,0.06556,2.32465,14.21852,26.07951,2,61_70,1,True,1,1,0,1
7.006743,80.68126,2025-11-27,2025-11-27,2025-11-27,1,parsed_single,2025-11-27 00:00:00,,2026-01-09,2026-01-09 00:00:00,Nuwara Eliya,කොත්මලේ නැගෙනහිර ප්රා.ලේ.කො,ශීන් වත්ත,HR3,HR3,,NBRI/NE/KTD[East]/2026/KLKT/46),NBRI/NE/KTD[East]/2026/KLKT/46),,House / නිවාස,Slope failures / බැවුම් අස්ථාවරවීම්,Resettle / නැවත පදිංචිකිරීම,Minor or No Damages / සුළුහානි හෝ හානි නොමැති,,,,,,1.0,,2.0,,3,,Nuwara Eliya,7.00674_80.68126_2025-11-27,174.86,286.79,402.72,545.25,616.84,174.86,7.0,NASA POWER PRECTOTCORR / MERRA-2,ok,818,0.0837195626942447,25.22242,53.99212,20.08044,2.2542,5.29271,1.18255,0.0666,2.2152,15.41815,26.27312,0,63_66,1,True,1,1,0,2
7.006844,80.680632,2025-11-28,2025-11-28,2025-11-28,1,parsed_single,2025-11-28 00:00:00,,2026-01-09,2026-01-09 00:00:00,Nuwara Eliya,කොත්මලේ නැගෙනහිර ප්රා.ලේ.කො,ශීන් වත්ත,HR3,HR3,,NBRI/NE/KTD(East)/2026/KLKT/55),NBRI/NE/KTD(East)/2026/KLKT/55),,House / නිවාස,Slope failures / බැවුම් අස්ථාවරවීම්,Resettle / නැවත පදිංචිකිරීම,Minor or No Damages / සුළුහානි හෝ හානි නොමැති,,,,,,3.0,,,,3,,Nuwara Eliya,7.00684_80.68063_2025-11-28,64.6,322.04,457.49,601.37,680.32,174.86,7.0,NASA POWER PRECTOTCORR / MERRA-2,ok,818,0.0204431246097467,25.22242,53.99212,20.08044,2.2542,5.29271,1.18255,0.0666,2.2152,15.41815,26.27312,0,63_66,1,True,1,1,1,2
7.130905,80.724265,2025-11-27,2025-11-27,2025-11-27,1,parsed_single,2025-11-27 00:00:00,,2025-12-24,2025-12-24 00:00:00,Nuwara Eliya,හඟුරන්කෙත ප්රා.ලේ.කො,හදවලපිටිය,HR1,HR1,,NBRI/NE/HKD/2025/IC/01,NBRI/NE/HKD/2025/IC/01,,House / නිවාස,Landslide / නායයෑම්,Resettle / නැවත පදිංචිකිරීම,Fully / පුර්ණහානි,,,,2.0,1.0,1.0,,5.0,,9,,Nuwara Eliya,7.1309_80.72426_2025-11-27,174.86,286.79,402.72,545.25,616.84,174.86,7.0,NASA POWER PRECTOTCORR / MERRA-2,ok,819,0.5234498544956674,23.70821,55.42167,19.40175,1.525,5.47023,1.26106,0.05702,6.14666,14.2202,28.28372,1,65_71,1,True,1,1,0,2
7.132522,80.728467,2025-11-29,2025-11-29,2025-11-29,1,parsed_single,2025-11-29 00:00:00,,2025-12-24,2025-12-24 00:00:00,Nuwara Eliya,හඟුරන්කෙත ප්රා.ලේ.කො,හදවලපිටිය,HR2,HR2,,NBRI/NE/HKD/2025/IC/04 ),NBRI/NE/HKD/2025/IC/04 ),,House / නිවාස,Landslide / නායයෑම්,Resettle / නැවත පදිංචිකිරීම,Partially / අර්ධහානි,,,,,1.0,1.0,,2.0,,4,,Nuwara Eliya,7.13252_80.72847_2025-11-29,5.63,245.09,439.52,593.5699999999999,685.3900000000001,174.86,7.0,NASA POWER PRECTOTCORR / MERRA-2,ok,819,0.0261955474267372,23.70821,55.42167,19.40175,1.525,5.47023,1.26106,0.05702,6.14666,14.2202,28.28372,1,65_71,1,True,1,1,1,2
7.127255,80.795473,2025-11-27,2025-11-27,2025-11-27,1,parsed_single,2025.11.27,,2026-02-14,2026.02.14,Nuwara Eliya,මතුරට ප්රා.ලේ.කො,කළුඅත්තනගොල්ල,HR3,HR3,,NBRI/NE/HKD[Mathurata]/2026/SMK/139),NBRI/NE/HKD[Mathurata]/2026/SMK/139),,House / නිවාස,Other / වෙනත් (වෙනත් කරුණු යටතේ සදහන් කරන්න),Resettle / නැවත පදිංචිකිරීම,Minor or No Damages / සුළුහානි හෝ හානි නොමැති,,ආතති පැලුම්,,,,3.0,,8.0,,11,,Nuwara Eliya,7.12726_80.79547_2025-11-27,174.86,286.79,402.72,545.25,616.84,174.86,7.0,NASA POWER PRECTOTCORR / MERRA-2,ok,834,0.4257165390964826,21.82128,57.58043,18.97151,1.48507,5.53371,1.28112,0.05647,9.16466,14.33533,29.3471,2,67_71,1,True,1,1,0,1
6.973258,80.788671,2025-12-27,2025-12-27,2025-12-27,1,parsed_single,2025-12-27 00:00:00,,2025-12-27,2025-12-27 00:00:00,Nuwara Eliya,නුවරඑළිය ප්රා.ලේ.කො,පීඩෲ,HR1,HR1,,NBRI/NE/NED/2025/BBW/02),NBRI/NE/NED/2025/BBW/02),534 / H,House / නිවාස,Landslide / නායයෑම්,Resettle / නැවත පදිංචිකිරීම,Fully / පුර්ණහානි,,,,1.0,1.0,6.0,,6.0,,14,,Nuwara Eliya,6.97326_80.78867_2025-12-27,0.27,1.6800000000000002,10.05,78.25999999999998,397.33,4.59,3.0,NASA POWER PRECTOTCORR / MERRA-2,ok,837,0.3565971009208032,26.0322,50.85516,21.95638,2.29067,5.27087,1.14329,0.06991,6.16071,15.84698,31.0442,4,67_65,1,True,1,1,0,1
6.839264,80.609352,2025-11-27,2025-11-27,2025-11-27,1,parsed_single,2025.11.27,,2026-02-26,2026.02.26,Nuwara Eliya,නොර්වුඩ් ප්රා.ලේ.කො,නෝර්වුඩ්,HR2,HR2,,NBRI/NE/ABD[Norwood]/2026/SMK/160),NBRI/NE/ABD[Norwood]/2026/SMK/160),320,House / නිවාස,Other / වෙනත් (වෙනත් කරුණු යටතේ සදහන් කරන්න),Resettle / නැවත පදිංචිකිරීම,Partially / අර්ධහානි,,භුමි ගිලා බැසිම,,,1.0,,,7.0,1.0,9,,Nuwara Eliya,6.83926_80.60935_2025-11-27,174.86,286.79,402.72,545.25,616.84,174.86,7.0,NASA POWER PRECTOTCORR / MERRA-2,ok,843,0.0933906693117966,23.01688,59.1593,16.2429,2.28019,5.08971,1.23844,0.06155,3.81672,13.42999,23.4673,3,60_60,1,True,1,1,0,1
6.975501,80.742138,2025-11-27,2025-11-27,2025-11-27,1,parsed_single,2025.11.27,,2026-01-31,2026.01.31,Nuwara Eliya,නුවරඑළිය ප්රා.ලේ.කො,ශාන්තිපුර,HR1,HR1,,NBRI/NE/NED/2026/DMCP/80),NBRI/NE/NED/2026/DMCP/80),535එම්,House / නිවාස,Slope failures / බැවුම් අස්ථාවරවීම්,Resettle / නැවත පදිංචිකිරීම,Fully / පුර්ණහානි,,,,2.0,1.0,,,1.0,,4,,Nuwara Eliya,6.9755_80.74214_2025-11-27,174.86,286.79,402.72,545.25,616.84,174.86,7.0,NASA POWER PRECTOTCORR / MERRA-2,ok,846,0.2120791558641331,26.73848,50.65952,21.68395,2.32819,5.29774,1.14896,0.06968,3.71662,15.79075,29.35907,4,65_65,1,True,1,1,0,1
6.894948,80.746968,2025-11-27,2025-11-27,2025-11-27,1,parsed_single,2025.11.27 සහ ඊට පෙර සිටම,,2026-07-05,2026.07.05,Nuwara Eliya,තලවකැලේ ප්රා.ලේ.කො,ලිපකැලේ,HR3,HR3,,NBRI/NE/NED[Thalawakele]/2026/VKG/99),NBRI/NE/NED[Thalawakele]/2026/VKG/99),,House / නිවාස,Other / වෙනත් (වෙනත් කරුණු යටතේ සදහන් කරන්න),Resettle / නැවත පදිංචිකිරීම,Minor or No Damages / සුළුහානි හෝ හානි නොමැති,,නායයෑමක සුන්බුන් ගලනයක් මගින් හානි සිදුවීම,,,,11.0,,,,11,,Nuwara Eliya,6.89495_80.74697_2025-11-27,174.86,286.79,402.72,545.25,616.84,174.86,7.0,NASA POWER PRECTOTCORR / MERRA-2,ok,847,0.1171047147607216,28.73244,47.79529,23.05523,2.26623,5.27556,1.14419,0.07117,0.97961,15.33824,28.91406,1,65_62,1,True,1,1,0,1
7.038435,80.863046,2025-11-27,2025-11-27,2025-11-27,1,parsed_single,2025.11.27,,2026-01-30,2026.01.30,Nuwara Eliya,වලපනේ ප්රා.ලේ.කො,පළල්පතන,HR2,HR2,,NBRI/NE/WLD/2026/DSDD/129),NBRI/NE/WLD/2026/DSDD/129),526ඒ,House / නිවාස,Slope failures / බැවුම් අස්ථාවරවීම්,Resettle / නැවත පදිංචිකිරීම,Partially / අර්ධහානි,,,,,2.0,4.0,,3.0,,9,,Nuwara Eliya,7.03844_80.86305_2025-11-27,174.86,286.79,402.72,545.25,616.84,174.86,7.0,NASA POWER PRECTOTCORR / MERRA-2,ok,851,0.1067963763072177,19.4535,58.73274,19.50793,2.13707,5.47633,1.19573,0.06439,16.21997,15.39118,34.31285,4,69_68,1,True,1,1,0,2
7.041236,80.864936,2025-11-27,2025-11-27,2025-11-27,1,parsed_single,2025.11.27,,2026-05-05,2026.05.05,Nuwara Eliya,වලපනේ ප්රා.ලේ.කො,පළල්පතන,HR2,HR2,,NBRI/NE/WLD/2026/VKG/52),NBRI/NE/WLD/2026/VKG/52),526/ඒ,House / නිවාස,Landslide / නායයෑම්,Resettle / නැවත පදිංචිකිරීම,Partially / අර්ධහානි,,,,,2.0,1.0,,,,3,,Nuwara Eliya,7.04124_80.86494_2025-11-27,174.86,286.79,402.72,545.25,616.84,174.86,7.0,NASA POWER PRECTOTCORR / MERRA-2,ok,851,0.3577687481815556,19.4535,58.73274,19.50793,2.13707,5.47633,1.19573,0.06439,16.21997,15.39118,34.31285,4,69_68,1,True,1,1,0,2
7.096209,80.874903,2025-11-27,2025-11-27,2025-11-27,1,parsed_single,2025-11-27 00:00:00,,2026-01-12,2026-01-12 00:00:00,Nuwara Eliya,වලපනේ ප්රා.ලේ.කො,කැන්දගොල්ල,HR2,HR2,,NBRI/NE/WLD/2026/DSDD/61),NBRI/NE/WLD/2026/DSDD/61),,House / නිවාස,Slope failures / බැවුම් අස්ථාවරවීම්,Resettle / නැවත පදිංචිකිරීම,Partially / අර්ධහානි,,,,,1.0,3.0,,1.0,,5,,Nuwara Eliya,7.09621_80.8749_2025-11-27,174.86,286.79,402.72,545.25,616.84,174.86,7.0,NASA POWER PRECTOTCORR / MERRA-2,ok,852,0.6059506898930294,18.31874,61.22736,18.62455,2.0843,5.53679,1.24395,0.06041,13.54486,15.39991,30.62487,4,70_70,1,True,1,1,0,1
7.073033,80.635797,2025-11-27,2025-11-27,2025-11-27,1,parsed_single,2025.11.27,,2026-06-16,2026.06.16,Nuwara Eliya,කොත්මලේ නැගෙනහිර ප්රා.ලේ.කො,මාවෙල බටහිර,HR3,HR3,,NBRI/NE/KTD[East]/2026/WGMSS/105),NBRI/NE/KTD[East]/2026/WGMSS/105),456/ඩී,House / නිවාස,Other / වෙනත් (වෙනත් කරුණු යටතේ සදහන් කරන්න),Resettle / නැවත පදිංචිකිරීම,Minor or No Damages / සුළුහානි හෝ හානි නොමැති,0.0,බෑවුම් අස්ථාවරවීමේ සහ ගල් පෙරලීමේ අවදානම,,,,8.0,,6.0,,14,,Nuwara Eliya,7.07303_80.6358_2025-11-27,174.86,286.79,402.72,545.25,616.84,174.86,7.0,NASA POWER PRECTOTCORR / MERRA-2,ok,859,0.1620347569755621,24.2958,55.73014,19.0105,1.49084,5.37439,1.25011,0.06515,2.44511,14.21761,25.79908,1,61_69,1,True,1,1,0,1
7.05458,80.700106,2025-11-27,2025-11-27,2025-11-27,1,parsed_single,2025.11.27 සහ ඊට පෙර අවස්ථාවන් කිහිපයකදී,,,2026.02.16 සහ ඊට පෙර අවස්ථාවන් කිහිපයකදී,Nuwara Eliya,කොත්මලේ නැගෙනහිර ප්රා.ලේ.කො,රම්බොඩ,HR1,HR1,,NBRI/NE/KTD[East]/2026/LY/161),NBRI/NE/KTD[East]/2026/LY/161),474,House / නිවාස,Slope failures / බැවුම් අස්ථාවරවීම්,Resettle / නැවත පදිංචිකිරීම,Fully / පුර්ණහානි,0.0,,,1.0,,,,,,1,,Nuwara Eliya,7.05458_80.70011_2025-11-27,174.86,286.79,402.72,545.25,616.84,174.86,7.0,NASA POWER PRECTOTCORR / MERRA-2,ok,883,0.1476496312431153,24.97635,53.84347,20.16118,2.14223,5.31873,1.20729,0.06275,4.75195,14.57699,28.52778,1,63_68,1,True,1,1,0,1
7.047767,80.664583,2025-11-27,2025-11-27,2025-11-27,1,parsed_single,2025-11-27 00:00:00,,2025-12-11,2025-12-11 00:00:00,Nuwara Eliya,කොත්මලේ නැගෙනහිර ප්රා.ලේ.කො,නියම්ගන්දොර,HR3,HR3,,NBRI/NE/KTD[East]/2026/KLKT/130),NBRI/NE/KTD[East]/2026/KLKT/130),470,House / නිවාස,Other / වෙනත් (වෙනත් කරුණු යටතේ සදහන් කරන්න),Resettle / නැවත පදිංචිකිරීම,Minor or No Damages / සුළුහානි හෝ හානි නොමැති,,සුනුපහන් පාංශු ස්ථරය අස්ථාවරවීම,,,,2.0,,4.0,,6,,Nuwara Eliya,7.04777_80.66458_2025-11-27,174.86,286.79,402.72,545.25,616.84,174.86,7.0,NASA POWER PRECTOTCORR / MERRA-2,ok,889,0.0177051089544381,24.5375,55.22623,19.30339,2.09044,5.29483,1.20459,0.06763,2.3204,14.58238,25.89546,4,62_68,1,True,1,1,0,1
7.07267,80.688317,2025-11-27,2025-11-27,2025-11-27,1,parsed_single,2025.11.27,,2026-07-01,2026.07.01,Nuwara Eliya,කොත්මලේ නැගෙනහිර ප්රා.ලේ.කො,රම්බොඩ,HR3,HR3,,NBRI/NE/KTD[East]/2026/SMK/229),NBRI/NE/KTD[East]/2026/SMK/229),,House / නිවාස,Rock fall / ගල් පෙරලීම්,Resettle / නැවත පදිංචිකිරීම,Minor or No Damages / සුළුහානි හෝ හානි නොමැති,0.0,,,,,4.0,,,,4,,Nuwara Eliya,7.07267_80.68832_2025-11-27,174.86,286.79,402.72,545.25,616.84,174.86,7.0,NASA POWER PRECTOTCORR / MERRA-2,ok,903,0.2484739343138139,24.91971,54.14628,19.91159,2.12581,5.33471,1.21463,0.06244,4.36386,14.57386,28.08538,1,63_69,1,True,1,1,0,1
7.066715,80.694468,2025-11-27,2025-11-27,2025-11-27,1,parsed_single,2025-11-27 00:00:00,,2025-12-15,2025-12-15 00:00:00,Nuwara Eliya,කොත්මලේ නැගෙනහිර ප්රා.ලේ.කො,රම්බොඩ සහ රම්බොඩගම,HR1,HR1,,NBRI/NE/KTD[East]/2025/LY/සංශෝධනය/15(ii)),NBRI/NE/KTD[East]/2025/LY/සංශෝධනය/15(ii)),,House / නිවාස,Landslide / නායයෑම්,Resettle / නැවත පදිංචිකිරීම,Fully / පුර්ණහානි,,"බෑවුම් අස්ථාවර වීම,ගල් පෙරලීම්",,24.0,5.0,19.0,,,,48,,Nuwara Eliya,7.06672_80.69447_2025-11-27,174.86,286.79,402.72,545.25,616.84,174.86,7.0,NASA POWER PRECTOTCORR / MERRA-2,ok,905,0.4795439922815375,24.91971,54.14628,19.91159,2.12581,5.33471,1.21463,0.06244,4.36386,14.57386,28.08538,1,63_69,1,True,1,1,0,6
7.066844,80.693377,2025-11-27,2025-11-27,2025-11-27,1,parsed_single,2025.11.27,,2025-12-24,2025.12.24,Nuwara Eliya,කොත්මලේ නැගෙනහිර ප්රා.ලේ.කො,රම්බොඩ,HR3,HR3,,NBRI/NE/KTD[East]/2025/KLKT/ සංශෝධන/09,NBRI/NE/KTD[East]/2025/KLKT/ සංශෝධන/09,474,House / නිවාස,Landslide / නායයෑම්,Resettle / නැවත පදිංචිකිරීම,Minor or No Damages / සුළුහානි හෝ හානි නොමැති,,,,,,6.0,,34.0,,40,,Nuwara Eliya,7.06684_80.69338_2025-11-27,174.86,286.79,402.72,545.25,616.84,174.86,7.0,NASA POWER PRECTOTCORR / MERRA-2,ok,905,0.3588647132938898,24.91971,54.14628,19.91159,2.12581,5.33471,1.21463,0.06244,4.36386,14.57386,28.08538,1,63_69,1,True,1,1,0,6
7.067333,80.689656,2025-11-27,2025-11-27,2025-11-27,1,parsed_single,2025.11.27,,2026-02-03,2026.02.03,Nuwara Eliya,කොත්මලේ නැගෙනහිර ප්රා.ලේ.කො,රම්බොඩ,HR3,HR3,,NBRI/NE/KTD[East]/2026/LY/78),NBRI/NE/KTD[East]/2026/LY/78),474,House / නිවාස,Rock fall / ගල් පෙරලීම්,Resettle / නැවත පදිංචිකිරීම,Minor or No Damages / සුළුහානි හෝ හානි නොමැති,,,,,,1.0,,,,1,,Nuwara Eliya,7.06733_80.68966_2025-11-27,174.86,286.79,402.72,545.25,616.84,174.86,7.0,NASA POWER PRECTOTCORR / MERRA-2,ok,905,0.0732850751083406,24.91971,54.14628,19.91159,2.12581,5.33471,1.21463,0.06244,4.36386,14.57386,28.08538,1,63_69,1,True,1,1,0,6
7.068245,80.689265,2025-11-27,2025-11-27,2025-11-27,1,parsed_single,2025.11.27,,2026-02-03,2026.02.03,Nuwara Eliya,කොත්මලේ නැගෙනහිර ප්රා.ලේ.කො,රම්බොඩ,HR1,HR1,,NBRI/NE/KTD[East]/2026/LY/79),NBRI/NE/KTD[East]/2026/LY/79),474,House / නිවාස,Cutting failure / කණ්ඩි අස්ථාවරවීම්,Resettle / නැවත පදිංචිකිරීම,Fully / පුර්ණහානි,,,,1.0,,,,,,1,,Nuwara Eliya,7.06824_80.68927_2025-11-27,174.86,286.79,402.72,545.25,616.84,174.86,7.0,NASA POWER PRECTOTCORR / MERRA-2,ok,905,0.1802930894337679,24.91971,54.14628,19.91159,2.12581,5.33471,1.21463,0.06244,4.36386,14.57386,28.08538,1,63_69,1,True,1,1,0,6
7.06847,80.690125,2025-11-27,2025-11-27,2025-11-27,1,parsed_single,2025.11.27,,2026-02-16,2026.02.16,Nuwara Eliya,කොත්මලේ නැගෙනහිර ප්රා.ලේ.කො,රම්බොඩ,HR3,HR3,,NBRI/NE/KTD[East]/2026/LY/126),NBRI/NE/KTD[East]/2026/LY/126),,House / නිවාස,Rock fall / ගල් පෙරලීම්,Resettle / නැවත පදිංචිකිරීම,Minor or No Damages / සුළුහානි හෝ හානි නොමැති,,,,,,2.0,,,,2,,Nuwara Eliya,7.06847_80.69012_2025-11-27,174.86,286.79,402.72,545.25,616.84,174.86,7.0,NASA POWER PRECTOTCORR / MERRA-2,ok,905,0.1783118747177695,24.91971,54.14628,19.91159,2.12581,5.33471,1.21463,0.06244,4.36386,14.57386,28.08538,1,63_69,1,True,1,1,0,6
7.068614,80.689815,2025-11-27,2025-11-27,2025-11-27,1,parsed_single,2025.11.27,,,2026.04.18 සහ 2026.04.19,Nuwara Eliya,කොත්මලේ නැගෙනහිර ප්රා.ලේ.කො,රම්බොඩ,HR3,HR3,,NBRI/NE/KTD[East]/2026/VKG/45),NBRI/NE/KTD[East]/2026/VKG/45),474,House / නිවාස,Other / වෙනත් (වෙනත් කරුණු යටතේ සදහන් කරන්න),Resettle / නැවත පදිංචිකිරීම,Minor or No Damages / සුළුහානි හෝ හානි නොමැති,,නායයෑමක සුන්බුන් ගලනය වූ නිම්න මාර්ගයක පිහිටීම,,,,14.0,,7.0,,21,,Nuwara Eliya,7.06861_80.68982_2025-11-27,174.86,286.79,402.72,545.25,616.84,174.86,7.0,NASA POWER PRECTOTCORR / MERRA-2,ok,905,0.197312582015693,24.91971,54.14628,19.91159,2.12581,5.33471,1.21463,0.06244,4.36386,14.57386,28.08538,1,63_69,1,True,1,1,0,6
7.065914,80.812929,2025-11-27,2025-11-27,2025-11-27,1,parsed_single,2025.11.27,,2026-05-09,2026.05.09,Nuwara Eliya,මතුරට ප්රා.ලේ.කො,මෙරිගෝල්ඩ්,HR2,HR2,,NBRI/NE/HKD[Mathurata]/2026/WGMSS/69),NBRI/NE/HKD[Mathurata]/2026/WGMSS/69),509/ඒ,House / නිවාස,"Landslide / නායයෑම්, Rock fall / ගල් පෙරලීම්",Resettle / නැවත පදිංචිකිරීම,Partially / අර්ධහානි,,,,,3.0,3.0,,,,6,,Nuwara Eliya,7.06591_80.81293_2025-11-27,174.86,286.79,402.72,545.25,616.84,174.86,7.0,NASA POWER PRECTOTCORR / MERRA-2,ok,906,0.2915489274123853,21.3853,56.90232,20.05205,2.08729,5.44689,1.22506,0.06198,10.66423,15.18183,30.61858,1,68_69,1,True,1,1,0,2
7.066025,80.813047,2025-11-27,2025-11-27,2025-11-27,1,parsed_single,2025-11-27 00:00:00,,2025-12-12,2025-12-12 00:00:00,Nuwara Eliya,මතුරට ප්රා.ලේ.කො,මේරිගෝල්ඩ්,HR1,HR1,,NBRI/NE/HKD[Mathurata]/2025/SMK/30 - Rev,NBRI/NE/HKD[Mathurata]/2025/SMK/30 - Rev,509 A,House / නිවාස,Other / වෙනත් (වෙනත් කරුණු යටතේ සදහන් කරන්න),Resettle / නැවත පදිංචිකිරීම,Fully / පුර්ණහානි,,,,1.0,,1.0,,1.0,,3,,Nuwara Eliya,7.06602_80.81305_2025-11-27,174.86,286.79,402.72,545.25,616.84,174.86,7.0,NASA POWER PRECTOTCORR / MERRA-2,ok,906,0.300631685502491,21.3853,56.90232,20.05205,2.08729,5.44689,1.22506,0.06198,10.66423,15.18183,30.61858,1,68_69,1,True,1,1,0,2
7.011572,80.903925,2025-11-27,2025-11-27,2025-11-27,1,parsed_single,2025.11.27,,2025-12-23,2025.12.23,Nuwara Eliya,නිල්දණ්ඩහින්න ප්රා.ලේ.කො,අඹලියද්ද,HR1,HR1,,NBRI/NE/WLD[Nildandahinna] /2025/LY/සංශෝධනය/20),NBRI/NE/WLD[Nildandahinna] /2025/LY/සංශෝධනය/20),531,House / නිවාස,Landslide / නායයෑම්,Resettle / නැවත පදිංචිකිරීම,Fully / පුර්ණහානි,,,,2.0,1.0,3.0,,8.0,,14,,Nuwara Eliya,7.01157_80.90392_2025-11-27,174.86,286.79,402.72,545.25,616.84,174.86,7.0,NASA POWER PRECTOTCORR / MERRA-2,ok,907,0.5655103021277725,15.35054,60.38254,20.61408,2.0161,5.44331,1.19674,0.06764,31.40341,15.18582,45.21454,3,71_67,1,True,1,1,0,4
7.014396,80.903239,2025-11-27,2025-11-27,2025-11-27,1,parsed_single,2025.11.27,,2026-03-04,2026.03.04,Nuwara Eliya,නිල්දණ්ඩහින්න ප්රා.ලේ.කො,අඹලියද්ද,HR3,HR3,,NBRI/NE/WLD[Nildandahinna]/2026/SMK/163),NBRI/NE/WLD[Nildandahinna]/2026/SMK/163),,House / නිවාස,Slope failures / බැවුම් අස්ථාවරවීම්,Resettle / නැවත පදිංචිකිරීම,Minor or No Damages / සුළුහානි හෝ හානි නොමැති,,,,,,1.0,,22.0,,23,,Nuwara Eliya,7.0144_80.90324_2025-11-27,174.86,286.79,402.72,545.25,616.84,174.86,7.0,NASA POWER PRECTOTCORR / MERRA-2,ok,907,0.2837887286020501,15.35054,60.38254,20.61408,2.0161,5.44331,1.19674,0.06764,31.40341,15.18582,45.21454,3,71_67,1,True,1,1,0,4
7.014642,80.904101,2025-11-27,2025-11-27,2025-11-27,1,parsed_single,2025.11.27,,2026-01-30,2026.01.30,Nuwara Eliya,නිල්දණ්ඩහින්න ප්රා.ලේ.කො,අඹලියද්ද,HR1,HR1,,NBRI/NE/WLD[Nildandahinna]/2026/LY/75),NBRI/NE/WLD[Nildandahinna]/2026/LY/75),531,House / නිවාස,Other / වෙනත් (වෙනත් කරුණු යටතේ සදහන් කරන්න),Resettle / නැවත පදිංචිකිරීම,Fully / පුර්ණහානි,,කණ්ඩි අස්‍ථාවරවීම (අර්ධ හානි)/ බෑවුම් අස්ථාවර වීම (SF),,1.0,,,,,,1,,Nuwara Eliya,7.01464_80.9041_2025-11-27,174.86,286.79,402.72,545.25,616.84,174.86,7.0,NASA POWER PRECTOTCORR / MERRA-2,ok,907,0.355726841858077,15.35054,60.38254,20.61408,2.0161,5.44331,1.19674,0.06764,31.40341,15.18582,45.21454,3,71_67,1,True,1,1,0,4
7.015817,80.901103,2025-11-27,2025-11-27,2025-11-27,1,parsed_single,2025-11-27 00:00:00,,2026-03-04,2026-03-04 00:00:00,Nuwara Eliya,නිල්දණ්ඩහින්න ප්රා.ලේ.කො,අඹලියද්ද,HR3,HR3,,NBRI/NE/WLD[Nildandahinna]/2026/DMCP/152),NBRI/NE/WLD[Nildandahinna]/2026/DMCP/152),,House / නිවාස,Landslide / නායයෑම්,Resettle / නැවත පදිංචිකිරීම,Minor or No Damages / සුළුහානි හෝ හානි නොමැති,,,,,,10.0,,,,10,,Nuwara Eliya,7.01582_80.9011_2025-11-27,174.86,286.79,402.72,545.25,616.84,174.86,7.0,NASA POWER PRECTOTCORR / MERRA-2,ok,907,3.3572310475349795e-06,15.35054,60.38254,20.61408,2.0161,5.44331,1.19674,0.06764,31.40341,15.18582,45.21454,3,71_67,1,True,1,1,0,4
7.093806,80.79708,2025-11-27,2025-11-27,2025-11-27,1,parsed_single,2025-11-27 00:00:00,,2026-01-11,2026-01-11 00:00:00,Nuwara Eliya,මතුරට ප්රා.ලේ.කො,උඩපදියපැලැල්ල,HR3,HR3,,NBRI/NE/HKD[Mathurata]/2026/KLKT/60),NBRI/NE/HKD[Mathurata]/2026/KLKT/60),,House / නිවාස,Cutting failure / කණ්ඩි අස්ථාවරවීම්,Resettle / නැවත පදිංචිකිරීම,Minor or No Damages / සුළුහානි හෝ හානි නොමැති,,ගල් පෙරලිම්,,,,3.0,,9.0,,12,,Nuwara Eliya,7.09381_80.79708_2025-11-27,174.86,286.79,402.72,545.25,616.84,174.86,7.0,NASA POWER PRECTOTCORR / MERRA-2,ok,909,0.2574462523961588,21.54209,56.98032,19.75985,2.04901,5.49355,1.24283,0.05964,10.07931,15.17687,29.9697,4,67_70,1,True,1,1,0,2
7.094397,80.79708,2025-11-27,2025-11-27,2025-11-27,1,parsed_single,2025-11-27 00:00:00,,2026-01-11,2026-01-11 00:00:00,Nuwara Eliya,මතුරට ප්රා.ලේ.කො,උඩපදියපැලැල්ල,HR3,HR3,,NBRI/NE/HKD[Mathurata]/2026/KLKT/61),NBRI/NE/HKD[Mathurata]/2026/KLKT/61),,House / නිවාස,Cutting failure / කණ්ඩි අස්ථාවරවීම්,Resettle / නැවත පදිංචිකිරීම,Minor or No Damages / සුළුහානි හෝ හානි නොමැති,,ගල් පෙරලිම්,,,,3.0,,6.0,,9,,Nuwara Eliya,7.0944_80.79708_2025-11-27,174.86,286.79,402.72,545.25,616.84,174.86,7.0,NASA POWER PRECTOTCORR / MERRA-2,ok,909,0.2651228734403655,21.54209,56.98032,19.75985,2.04901,5.49355,1.24283,0.05964,10.07931,15.17687,29.9697,4,67_70,1,True,1,1,0,2
7.162817,80.844593,2025-11-27,2025-11-27,2025-11-27,1,parsed_single,2025.11.27,,2026-02-13,2026.02.13,Nuwara Eliya,වලපනේ ප්රා.ලේ.කො,පන්නල,HR2,HR2,,NBRI/NE/WLD/2026/DSDD/145),NBRI/NE/WLD/2026/DSDD/145),,House / නිවාස,Slope failures / බැවුම් අස්ථාවරවීම්,Resettle / නැවත පදිංචිකිරීම,Partially / අර්ධහානි,,,,,1.0,,,2.0,,3,,Nuwara Eliya,7.16282_80.84459_2025-11-27,174.86,286.79,402.72,545.25,616.84,174.86,7.0,NASA POWER PRECTOTCORR / MERRA-2,ok,912,0.2954371221234136,19.06071,61.82617,17.70336,1.25691,5.70178,1.32537,0.05623,9.93552,14.38577,27.76889,4,69_72,1,True,1,1,0,1
6.809881,80.61276,2025-11-27,2025-11-27,2025-11-27,1,parsed_single,2025.11.27,,2026-03-27,2026.03.27,Nuwara Eliya,නොර්වුඩ් ප්රා.ලේ.කො,මහනෙලු,HR1,HR1,,NBRI/NE/ABD[Norwood]/2026/LY/142),NBRI/NE/ABD[Norwood]/2026/LY/142),320/කේ,House / නිවාස,Other / වෙනත් (වෙනත් කරුණු යටතේ සදහන් කරන්න),Resettle / නැවත පදිංචිකිරීම,Fully / පුර්ණහානි,,නිවාස ඉරිතැලීම,,1.0,,1.0,,,,2,,Nuwara Eliya,6.80988_80.61276_2025-11-27,174.86,286.79,402.72,545.25,616.84,174.86,7.0,NASA POWER PRECTOTCORR / MERRA-2,ok,913,0.0669991167634633,23.26772,58.80323,16.10487,2.28719,5.10192,1.23831,0.06178,4.15597,13.4323,23.48088,4,60_59,1,True,1,1,0,1
7.117642,80.895565,2025-11-27,2025-11-27,2025-11-27,1,parsed_single,2025.11.27,,2026-05-05,2026.05.05,Nuwara Eliya,නිල්දණ්ඩහින්න ප්රා.ලේ.කො,ගල්කැටිවල,HR2,HR2,,NBRI/NE/WLD[Nildandahinna]/2026/SMK/203),NBRI/NE/WLD[Nildandahinna]/2026/SMK/203),,House / නිවාස,"Slope failures / බැවුම් අස්ථාවරවීම්, Rock fall / ගල් පෙරලීම්",Resettle / නැවත පදිංචිකිරීම,Partially / අර්ධහානි,,,,,1.0,,,,,1,,Nuwara Eliya,7.11764_80.89557_2025-11-27,174.86,286.79,402.72,545.25,616.84,174.86,7.0,NASA POWER PRECTOTCORR / MERRA-2,ok,918,0.263459433616413,17.23257,63.38197,17.64418,1.49379,5.61808,1.29746,0.05615,13.70984,14.41041,29.7684,1,71_71,1,True,1,1,0,2
7.119135,80.895049,2025-11-27,2025-11-27,2025-11-27,1,parsed_single,2025.11.27,දවල් 1.00 – 2.00,,2026.01.01 - 2026.01.02,Nuwara Eliya,නිල්දණ්ඩහින්න ප්රා.ලේ.කො,"හපුගහපිටිය , ගල්කැටිවල , මීරියබැද්ද",HR1,HR1,,NBRI/NE/WLD[Nildandahinna]/2025/DSDD/43,NBRI/NE/WLD[Nildandahinna]/2025/DSDD/43,,House / නිවාස,Landslide / නායයෑම්,Resettle / නැවත පදිංචිකිරීම,Fully / පුර්ණහානි,,භුමි ගිලා බැසිම (GS)/රැඳවුම් ව්‍යුහයන් අස්‍ථාවරවීම,,3.0,2.0,4.0,,26.0,,35,,Nuwara Eliya,7.11914_80.89505_2025-11-27,174.86,286.79,402.72,545.25,616.84,174.86,7.0,NASA POWER PRECTOTCORR / MERRA-2,ok,918,0.2565002419529306,17.23257,63.38197,17.64418,1.49379,5.61808,1.29746,0.05615,13.70984,14.41041,29.7684,1,71_71,1,True,1,1,0,2
6.825426,80.518568,2025-11-28,2025-11-28,2025-11-28,1,parsed_single,2025.11.28,පෙ.ව. 11 පමණ,2025-12-04,2025.12.04,Nuwara Eliya,නොර්වුඩ් ප්රා.ලේ.කො,සිතගඟුල,HR2,HR2,,NBRI/NE/ABD[Norwood]/2025/SMK/04/REV,NBRI/NE/ABD[Norwood]/2025/SMK/04/REV,320 බී,House / නිවාස,Landslide / නායයෑම්,Resettle / නැවත පදිංචිකිරීම,Partially / අර්ධහානි,,,,,4.0,,,,,4,,Nuwara Eliya,6.82543_80.51857_2025-11-28,64.6,322.04,457.49,601.37,680.32,174.86,7.0,NASA POWER PRECTOTCORR / MERRA-2,ok,920,0.1981658499759037,20.31106,64.89875,13.13259,2.62206,5.00714,1.2711,0.05605,5.64144,12.25263,22.89222,0,57_60,1,True,1,1,0,1
7.126164,80.726674,2025-11-27,2025-11-27,2025-11-27,1,parsed_single,2025-11-27 00:00:00,9.45 PM,2025-12-10,2025-12-10 00:00:00,Nuwara Eliya,හඟුරන්කෙත ප්රා.ලේ.කො,හෝප්වත්ත,HR1,HR1,,NBRI/NE/HKD/2025/SMK/13-REV,NBRI/NE/HKD/2025/SMK/13-REV,501 G,House / නිවාස,Landslide / නායයෑම්,Resettle / නැවත පදිංචිකිරීම,Fully / පුර්ණහානි,,,,1.0,4.0,,,,,5,,Nuwara Eliya,7.12616_80.72667_2025-11-27,174.86,286.79,402.72,545.25,616.84,174.86,7.0,NASA POWER PRECTOTCORR / MERRA-2,ok,922,0.4761802979208402,23.84122,55.03723,19.63537,1.52939,5.45263,1.25841,0.05732,6.55651,14.22041,28.78053,1,65_71,1,True,1,1,0,4
7.127233,80.727134,2025-11-27,2025-11-27,2025-11-27,1,parsed_single,2025.11.27,,2026-03-17,2026.03.17,Nuwara Eliya,හඟුරන්කෙත ප්රා.ලේ.කො,හෝප්,HR3,HR3,,NBRI/NE/HKD/2026/DSDD/213),NBRI/NE/HKD/2026/DSDD/213),501/ජී,House / නිවාස,Slope failures / බැවුම් අස්ථාවරවීම්,Resettle / නැවත පදිංචිකිරීම,Minor or No Damages / සුළුහානි හෝ හානි නොමැති,,,,,,16.0,,6.0,,22,,Nuwara Eliya,7.12723_80.72713_2025-11-27,174.86,286.79,402.72,545.25,616.84,174.86,7.0,NASA POWER PRECTOTCORR / MERRA-2,ok,922,0.387961074290849,23.84122,55.03723,19.63537,1.52939,5.45263,1.25841,0.05732,6.55651,14.22041,28.78053,1,65_71,1,True,1,1,0,4
7.128356,80.729973,2025-11-27,2025-11-27,2025-11-27,1,parsed_single,2025.11.27,,2026-08-18,2026.08.18,Nuwara Eliya,හඟුරන්කෙත ප්රා.ලේ.කො,හදවලපිටිය,HR3,HR3,,NBRI/NE/HKD/2026/LSG/86,NBRI/NE/HKD/2026/LSG/86,499/ඒ,House / නිවාස,Slope failures / බැවුම් අස්ථාවරවීම්,Resettle / නැවත පදිංචිකිරීම,Minor or No Damages / සුළුහානි හෝ හානි නොමැති,,,,,,1.0,,3.0,,4,,Nuwara Eliya,7.12836_80.72997_2025-11-27,174.86,286.79,402.72,545.25,616.84,174.86,7.0,NASA POWER PRECTOTCORR / MERRA-2,ok,922,0.0735677547921881,23.84122,55.03723,19.63537,1.52939,5.45263,1.25841,0.05732,6.55651,14.22041,28.78053,1,65_71,1,True,1,1,0,4
7.12934,80.729014,2025-11-27,2025-11-27,2025-11-27,1,parsed_single,2025.11.27,,2026-01-30,2026.01.30,Nuwara Eliya,හඟුරන්කෙත ප්රා.ලේ.කො,හදවලපිටිය,HR3,HR3,,NBRI/NE/HKD/2026/DMCP/සංශෝධනය/79),NBRI/NE/HKD/2026/DMCP/සංශෝධනය/79),499ඒ,House / නිවාස,Landslide / නායයෑම්,Resettle / නැවත පදිංචිකිරීම,Minor or No Damages / සුළුහානි හෝ හානි නොමැති,,,,,,2.0,,6.0,,8,,Nuwara Eliya,7.12934_80.72901_2025-11-27,174.86,286.79,402.72,545.25,616.84,174.86,7.0,NASA POWER PRECTOTCORR / MERRA-2,ok,922,0.2236168326536735,23.84122,55.03723,19.63537,1.52939,5.45263,1.25841,0.05732,6.55651,14.22041,28.78053,1,65_71,1,True,1,1,0,4
7.081034,80.794223,2025-11-27,2025-11-27,2025-11-27,1,parsed_single,2025-11-27 00:00:00,8.00 am-9.00 am,2025-12-09,2025-12-09 00:00:00,Nuwara Eliya,මතුරට ප්රා.ලේ.කො,වැල්ලගිරිය,HR3,HR3,,NBRI/NE/HKD[Mathurata]/2025/PTG/23 - Rev,NBRI/NE/HKD[Mathurata]/2025/PTG/23 - Rev,,House / නිවාස,Slope failures / බැවුම් අස්ථාවරවීම්,Resettle / නැවත පදිංචිකිරීම,Minor or No Damages / සුළුහානි හෝ හානි නොමැති,,,,,,4.0,,,,4,,Nuwara Eliya,7.08103_80.79422_2025-11-27,174.86,286.79,402.72,545.25,616.84,174.86,7.0,NASA POWER PRECTOTCORR / MERRA-2,ok,923,0.3414428625471174,22.06232,56.01831,20.21204,2.07139,5.45647,1.23284,0.06117,9.87797,15.1785,30.2908,4,67_69,1,True,1,1,0,4
7.081398,80.791859,2025-11-27,2025-11-27,2025-11-27,1,parsed_single,2025-11-27 00:00:00,,2025-12-12,2025-12-12 00:00:00,Nuwara Eliya,මතුරට ප්රා.ලේ.කො,ඉඩම්පිටිය,HR2,HR2,,NBRI/NE/HKD[Mathurata]/2025/DMCP/සංශෝධන/12 -Rev,NBRI/NE/HKD[Mathurata]/2025/DMCP/සංශෝධන/12 -Rev,510,House / නිවාස,Landslide / නායයෑම්,Resettle / නැවත පදිංචිකිරීම,Partially / අර්ධහානි,,,,,2.0,1.0,,,,3,,Nuwara Eliya,7.0814_80.79186_2025-11-27,174.86,286.79,402.72,545.25,616.84,174.86,7.0,NASA POWER PRECTOTCORR / MERRA-2,ok,923,0.0925633049041404,22.06232,56.01831,20.21204,2.07139,5.45647,1.23284,0.06117,9.87797,15.1785,30.2908,4,67_69,1,True,1,1,0,4
7.081536,80.794,2025-11-27,2025-11-27,2025-11-27,1,parsed_single,2025.11.27,,2026-03-05,2026.03.05,Nuwara Eliya,මතුරට ප්රා.ලේ.කො,වැල්ලගිරිය,HR3,HR3,,NBRI/NE/HKD[Mathurata]/2026/DSDD/197),NBRI/NE/HKD[Mathurata]/2026/DSDD/197),512,House / නිවාස,Other / වෙනත් (වෙනත් කරුණු යටතේ සදහන් කරන්න),Resettle / නැවත පදිංචිකිරීම,Minor or No Damages / සුළුහානි හෝ හානි නොමැති,,නායයෑමක සුන්බුන් ගලනය,,,,1.0,,6.0,,7,,Nuwara Eliya,7.08154_80.794_2025-11-27,174.86,286.79,402.72,545.25,616.84,174.86,7.0,NASA POWER PRECTOTCORR / MERRA-2,ok,923,0.3037643230110695,22.06232,56.01831,20.21204,2.07139,5.45647,1.23284,0.06117,9.87797,15.1785,30.2908,4,67_69,1,True,1,1,0,4
7.08566,80.786436,2025-11-27,2025-11-27,2025-11-27,1,parsed_single,2025.11.27,,2026-05-09,2026.05.09,Nuwara Eliya,මතුරට ප්රා.ලේ.කො,මාර්තුවෙල,HR3,HR3,,NBRI/NE/HKD[Mathurata]/2026/DSDD/291),NBRI/NE/HKD[Mathurata]/2026/DSDD/291),511/බී,House / නිවාස,Slope failures / බැවුම් අස්ථාවරවීම්,Resettle / නැවත පදිංචිකිරීම,Minor or No Damages / සුළුහානි හෝ හානි නොමැති,,,,,,9.0,,4.0,,13,,Nuwara Eliya,7.08566_80.78644_2025-11-27,174.86,286.79,402.72,545.25,616.84,174.86,7.0,NASA POWER PRECTOTCORR / MERRA-2,ok,923,0.6720104007542836,22.06232,56.01831,20.21204,2.07139,5.45647,1.23284,0.06117,9.87797,15.1785,30.2908,4,67_69,1,True,1,1,0,4
7.139164,80.744045,2025-11-27,2025-11-27,2025-11-27,1,parsed_single,2025.11.27,,2026-07-30,2026.07.30,Nuwara Eliya,හඟුරන්කෙත ප්රා.ලේ.කො,බඹරගම නැගෙනහිර,HR3,HR3,,NBRI/NE/HKD/2026/LSG/72),NBRI/NE/HKD/2026/LSG/72),499/ඊ,House / නිවාස,Slope failures / බැවුම් අස්ථාවරවීම්,Resettle / නැවත පදිංචිකිරීම,Minor or No Damages / සුළුහානි හෝ හානි නොමැති,,,,,,2.0,,1.0,,3,,Nuwara Eliya,7.13916_80.74404_2025-11-27,174.86,286.79,402.72,545.25,616.84,174.86,7.0,NASA POWER PRECTOTCORR / MERRA-2,ok,927,0.10850293726886,23.50206,55.37044,19.55317,1.52776,5.46105,1.25885,0.05652,7.31355,14.22316,29.11027,1,65_71,1,True,1,1,0,1
7.076957,80.862993,2025-11-27,2025-11-27,2025-11-27,1,parsed_single,2025-11-27 00:00:00,,,2026.01.13 සහ 2026.01.14,Nuwara Eliya,වලපනේ ප්රා.ලේ.කො,මහඌව / කන්දේගම,HR1,HR1,,NBRI/NE/WLD/2026/SMK/81),NBRI/NE/WLD/2026/SMK/81),,House / නිවාස,Slope failures / බැවුම් අස්ථාවරවීම්,Resettle / නැවත පදිංචිකිරීම,Fully / පුර්ණහානි,,,,1.0,2.0,1.0,,15.0,,19,,Nuwara Eliya,7.07696_80.86299_2025-11-27,174.86,286.79,402.72,545.25,616.84,174.86,7.0,NASA POWER PRECTOTCORR / MERRA-2,ok,929,0.2507744965073222,20.70826,57.83916,19.45819,2.18823,5.48147,1.2139,0.06166,13.79111,16.0378,33.14613,1,69_69,1,True,1,1,0,4
7.081365,80.863913,2025-11-27,2025-11-27,2025-11-27,1,parsed_single,2025-11-27 00:00:00,සවස 3.00 සහ රාත්‍රී,2026-01-13,2026-01-13 00:00:00,Nuwara Eliya,වලපනේ ප්රා.ලේ.කො,මහඌව / කන්දේගම,HR1,HR1,,NBRI/NE/WLD/2026/SMK/83),NBRI/NE/WLD/2026/SMK/83),,House / නිවාස,Slope failures / බැවුම් අස්ථාවරවීම්,Resettle / නැවත පදිංචිකිරීම,Fully / පුර්ණහානි,,,,1.0,4.0,5.0,,3.0,,13,,Nuwara Eliya,7.08136_80.86391_2025-11-27,174.86,286.79,402.72,545.25,616.84,174.86,7.0,NASA POWER PRECTOTCORR / MERRA-2,ok,929,0.2523206718345726,20.70826,57.83916,19.45819,2.18823,5.48147,1.2139,0.06166,13.79111,16.0378,33.14613,1,69_69,1,True,1,1,0,4
7.08166,80.866714,2025-11-27,2025-11-27,2025-11-27,1,parsed_single,2025-11-27 00:00:00,,2026-01-13,2026-01-13 00:00:00,Nuwara Eliya,වලපනේ ප්රා.ලේ.කො,මහඌව / කන්දේගම,HR2,HR2,,NBRI/NE/WLD/2026/SMK/84),NBRI/NE/WLD/2026/SMK/84),,House / නිවාස,Slope failures / බැවුම් අස්ථාවරවීම්,Resettle / නැවත පදිංචිකිරීම,Partially / අර්ධහානි,,,,,1.0,1.0,,,,2,,Nuwara Eliya,7.08166_80.86671_2025-11-27,174.86,286.79,402.72,545.25,616.84,174.86,7.0,NASA POWER PRECTOTCORR / MERRA-2,ok,929,0.4392257006254135,20.70826,57.83916,19.45819,2.18823,5.48147,1.2139,0.06166,13.79111,16.0378,33.14613,1,69_69,1,True,1,1,0,4
7.0841,80.8589,2025-11-28,2025-11-28,2025-11-28,1,parsed_single,2025-11-28 00:00:00,,2025-11-28,2025-11-28 00:00:00,Nuwara Eliya,වලපනේ ප්රා.ලේ.කො,කන්දේගම,HR2,HR2,,NBRI/NE/WLD/2025/JMH/03,NBRI/NE/WLD/2025/JMH/03,515/ සී,House / නිවාස,Landslide / නායයෑම්,Resettle / නැවත පදිංචිකිරීම,Partially / අර්ධහානි,,,,,6.0,,,12.0,,18,,Nuwara Eliya,7.0841_80.8589_2025-11-28,64.6,322.04,457.49,601.37,680.32,174.86,7.0,NASA POWER PRECTOTCORR / MERRA-2,ok,929,0.765396677051028,20.70826,57.83916,19.45819,2.18823,5.48147,1.2139,0.06166,13.79111,16.0378,33.14613,1,69_69,1,True,1,1,3,4
7.059849,80.805202,2025-11-27,2025-11-27,2025-11-27,1,parsed_single,2025-11-27 00:00:00,,2025-12-15,2025-12-15 00:00:00,Nuwara Eliya,මතුරට ප්රා.ලේ.කො,බොමැල්ලගොඩ / අම්පිටිගොඩ / දුනුකේබැද්ද / කැටයාපතන / ගෝනකැලේ,HR1,HR1,,NBRI/NE/HKD[Mathurata]/2025/SMK/සංශෝධන/32 - Rev,NBRI/NE/HKD[Mathurata]/2025/SMK/සංශෝධන/32 - Rev,,House / නිවාස,Landslide / නායයෑම්,Resettle / නැවත පදිංචිකිරීම,Fully / පුර්ණහානි,,,,10.0,5.0,,,4.0,,19,,Nuwara Eliya,7.05985_80.8052_2025-11-27,174.86,286.79,402.72,545.25,616.84,174.86,7.0,NASA POWER PRECTOTCORR / MERRA-2,ok,932,0.0105729175105799,21.84208,56.2553,20.29883,2.09877,5.42852,1.21992,0.06269,10.08567,15.18224,30.52009,1,67_68,1,True,1,1,0,2
7.061727,80.8081,2025-11-27,2025-11-27,2025-11-27,1,parsed_single,2025-11-27 00:00:00,,2025-12-25,2025-12-25 00:00:00,Nuwara Eliya,මතුරට ප්රා.ලේ.කො,ගෝනකැලේ,HR2,HR2,,NBRI/NE/HKD[Mathurata]/2025/DSDD/36),NBRI/NE/HKD[Mathurata]/2025/DSDD/36),508 / B,House / නිවාස,Slope failures / බැවුම් අස්ථාවරවීම්,Resettle / නැවත පදිංචිකිරීම,Partially / අර්ධහානි,,,,,1.0,21.0,,22.0,,44,,Nuwara Eliya,7.06173_80.8081_2025-11-27,174.86,286.79,402.72,545.25,616.84,174.86,7.0,NASA POWER PRECTOTCORR / MERRA-2,ok,932,0.3922597122129479,21.84208,56.2553,20.29883,2.09877,5.42852,1.21992,0.06269,10.08567,15.18224,30.52009,1,67_68,1,True,1,1,0,2
7.139745,80.8103,2025-11-27,2025-11-27,2025-11-27,1,parsed_single,2025.11.27,,2026-02-10,2026.02.10,Nuwara Eliya,මතුරට ප්රා.ලේ.කො,බෝගමුව,HR3,HR3,,NBRI/NE/HKD[Mathurata]/2026/DSDD/138),NBRI/NE/HKD[Mathurata]/2026/DSDD/138),,House / නිවාස,Landslide / නායයෑම්,Resettle / නැවත පදිංචිකිරීම,Minor or No Damages / සුළුහානි හෝ හානි නොමැති,,,,,,5.0,,7.0,,12,,Nuwara Eliya,7.13974_80.8103_2025-11-27,174.86,286.79,402.72,545.25,616.84,174.86,7.0,NASA POWER PRECTOTCORR / MERRA-2,ok,938,0.3167722943072929,22.11406,57.84557,18.57128,1.52007,5.53902,1.27858,0.05572,8.70524,14.52501,29.31558,2,67_71,1,True,1,1,0,2
7.145305,80.808799,2025-11-27,2025-11-27,2025-11-27,1,parsed_single,2025.11.27,,2026-03-12,2026.03.12,Nuwara Eliya,හඟුරන්කෙත ප්රා.ලේ.කො,දිඹුල්කුඹුර,HR2,HR2,,NBRI/NE/HKD/2026/DMCP/119),NBRI/NE/HKD/2026/DMCP/119),484ඩී,House / නිවාස,Slope failures / බැවුම් අස්ථාවරවීම්,Resettle / නැවත පදිංචිකිරීම,Partially / අර්ධහානි,,බෑවුම් අස්ථාවරවීම / භූමි ගිලා බැසීම,,,3.0,2.0,,4.0,,9,,Nuwara Eliya,7.1453_80.8088_2025-11-27,174.86,286.79,402.72,545.25,616.84,174.86,7.0,NASA POWER PRECTOTCORR / MERRA-2,ok,938,0.624414730546791,22.11406,57.84557,18.57128,1.52007,5.53902,1.27858,0.05572,8.70524,14.52501,29.31558,2,67_71,1,True,1,1,0,2
7.149378,80.816808,2025-11-28,2025-11-28,2025-11-28,1,parsed_single,2025-11-28 00:00:00,5.30 am,2025-12-09,2025-12-09 00:00:00,Nuwara Eliya,මතුරට ප්රා.ලේ.කො,මොරගොල්ල,HR1,HR1,,NBRI/NE/HKD[Mathurata]/2025/LY/09  - Rev,NBRI/NE/HKD[Mathurata]/2025/LY/09  - Rev,491A,House / නිවාස,Slope failures / බැවුම් අස්ථාවරවීම්,Resettle / නැවත පදිංචිකිරීම,Fully / පුර්ණහානි,,,,5.0,3.0,3.0,,8.0,,19,,Nuwara Eliya,7.14938_80.81681_2025-11-28,64.6,322.04,457.49,601.37,680.32,174.86,7.0,NASA POWER PRECTOTCORR / MERRA-2,ok,944,0.3898123917085861,21.42959,58.87029,18.29968,1.50328,5.57644,1.28661,0.0553,8.4199,14.857,28.54082,1,68_72,1,True,1,1,0,1
7.063588,80.872382,2025-11-26,2025-11-26,2025-11-26,1,parsed_single,2025-11-26 00:00:00,,2025-12-31,2025-12-31 00:00:00,Nuwara Eliya,වලපනේ ප්රා.ලේ.කො,මහඌව,HR3,HR3,,NBRI/NE/WLD/2025/LY/32),NBRI/NE/WLD/2025/LY/32),515 / ඊ,House / නිවාස,Slope failures / බැවුම් අස්ථාවරවීම්,Resettle / නැවත පදිංචිකිරීම,Minor or No Damages / සුළුහානි හෝ හානි නොමැති,,,,,,5.0,,2.0,,7,,Nuwara Eliya,7.06359_80.87238_2025-11-26,82.58,168.03,233.01,381.89,442.44,82.58,7.0,NASA POWER PRECTOTCORR / MERRA-2,ok,961,0.0403115107452194,20.24214,57.86399,19.70049,2.21124,5.45433,1.2023,0.06343,15.77016,16.04201,34.67698,1,70_68,1,True,1,1,0,1
7.020985,80.904971,2025-11-26,2025-11-26,2025-11-26,1,parsed_single,2025.11.26,,2026-01-30,2026.01.30,Nuwara Eliya,නිල්දණ්ඩහින්න ප්රා.ලේ.කො,අඹලියද්ද,HR1,HR1,,NBRI/NE/WLD[Nildandahinna]/2026/LY/92),NBRI/NE/WLD[Nildandahinna]/2026/LY/92),531,House / නිවාස,Cutting failure / කණ්ඩි අස්ථාවරවීම්,Resettle / නැවත පදිංචිකිරීම,Fully / පුර්ණහානි,,,,1.0,,,,3.0,,4,,Nuwara Eliya,7.02098_80.90497_2025-11-26,82.58,168.03,233.01,381.89,442.44,82.58,7.0,NASA POWER PRECTOTCORR / MERRA-2,ok,963,0.2238696661205304,16.08822,60.45467,20.15064,2.1635,5.43434,1.20314,0.06659,27.35473,15.8503,41.98314,3,71_67,1,True,1,1,0,1
7.066622,80.798074,2025-11-27,2025-11-27,2025-11-27,1,parsed_single,2025-11-27 00:00:00,,2025-12-15,2025-12-15 00:00:00,Nuwara Eliya,මතුරට ප්රා.ලේ.කො,බොමැල්ලගොඩ / අම්පිටිගොඩ,HR1,HR1,,NBRI/NE/HKD[Mathurata]/2025/SMK/33 - Rev,NBRI/NE/HKD[Mathurata]/2025/SMK/33 - Rev,,House / නිවාස,Slope failures / බැවුම් අස්ථාවරවීම්,Resettle / නැවත පදිංචිකිරීම,Fully / පුර්ණහානි,,,,1.0,4.0,4.0,,5.0,,14,,Nuwara Eliya,7.06662_80.79807_2025-11-27,174.86,286.79,402.72,545.25,616.84,174.86,7.0,NASA POWER PRECTOTCORR / MERRA-2,ok,964,0.1280195534570272,22.11407,55.93933,20.30214,2.08426,5.44115,1.22688,0.0619,9.73453,15.17986,30.30148,4,67_69,1,True,1,1,0,1
7.012501,80.898795,2025-11-27,2025-11-27,2025-11-27,1,parsed_single,2025.11.27,,2026-02-17,2026.02.17,Nuwara Eliya,නිල්දණ්ඩහින්න ප්රා.ලේ.කො,සූරියගහපතන පහළ,HR2,HR2,,NBRI/NE/WLD[Nildandahinna]/2026/DMCP/96),NBRI/NE/WLD[Nildandahinna]/2026/DMCP/96),533/ එෆ්,House / නිවාස,"Slope failures / බැවුම් අස්ථාවරවීම්, Rock fall / ගල් පෙරලීම්",Resettle / නැවත පදිංචිකිරීම,Partially / අර්ධහානි,,,,,1.0,1.0,,9.0,,11,,Nuwara Eliya,7.0125_80.8988_2025-11-27,174.86,286.79,402.72,545.25,616.84,174.86,7.0,NASA POWER PRECTOTCORR / MERRA-2,ok,967,0.1916634670950933,15.35054,60.38254,20.61408,2.0161,5.44331,1.19674,0.06764,31.40341,15.18582,45.21454,3,71_67,1,True,1,1,0,1
7.078867,80.877109,2025-11-27,2025-11-27,2025-11-27,1,parsed_single,2025-11-27 00:00:00,,2026-01-11,2026-01-11 00:00:00,Nuwara Eliya,වලපනේ ප්රා.ලේ.කො,වැරැල්ලපතන,HR2,HR2,,NBRI/NE/WLD/2026/DSDD/72),NBRI/NE/WLD/2026/DSDD/72),,House / නිවාස,Slope failures / බැවුම් අස්ථාවරවීම්,Resettle / නැවත පදිංචිකිරීම,Partially / අර්ධහානි,,ගල් පෙරලිම්,,,1.0,,,1.0,,2,,Nuwara Eliya,7.07887_80.87711_2025-11-27,174.86,286.79,402.72,545.25,616.84,174.86,7.0,NASA POWER PRECTOTCORR / MERRA-2,ok,968,0.1274899936442945,18.92707,60.12581,18.78394,2.17306,5.51831,1.22294,0.06178,15.66859,15.73193,33.25009,1,70_69,1,True,1,1,0,1
7.05121,80.68543,2025-11-27,2025-11-27,2025-11-27,1,parsed_single,2025.11.27,,2026-06-09,2026.06.09,Nuwara Eliya,කොත්මලේ නැගෙනහිර ප්රා.ලේ.කො,මල්හෑව,HR3,HR3,,NBRI/NE/KTD[East]/2026/KATD/26),NBRI/NE/KTD[East]/2026/KATD/26),472/ඒ,House / නිවාස,Other / වෙනත් (වෙනත් කරුණු යටතේ සදහන් කරන්න),Resettle / නැවත පදිංචිකිරීම,Minor or No Damages / සුළුහානි හෝ හානි නොමැති,0.0,කණ්ඩි අස්ථාවරවීම බෑවුම් අස්ථාවරවීමක් දක්වා වර්ධනය,,,,3.0,,20.0,,23,,Nuwara Eliya,7.05121_80.68543_2025-11-27,174.86,286.79,402.72,545.25,616.84,174.86,7.0,NASA POWER PRECTOTCORR / MERRA-2,ok,970,0.3655974991417438,25.1664,53.98191,19.67537,2.19001,5.33683,1.19609,0.06542,3.82412,14.69194,27.44945,1,63_68,1,True,1,1,0,2
7.051329,80.691796,2025-11-28,2025-11-28,2025-11-28,1,parsed_single,2025-11-28 00:00:00,,2025-12-20,2025-12-20 00:00:00,Nuwara Eliya,කොත්මලේ නැගෙනහිර ප්රා.ලේ.කො,මල්හෑව,HR3,HR3,,NBRI/NE/KTD[East]-53/2025/PTG/සංශෝධනය/79) - Rev,NBRI/NE/KTD[East]-53/2025/PTG/සංශෝධනය/79) - Rev,472 / ඒ,House / නිවාස,Landslide / නායයෑම්,Resettle / නැවත පදිංචිකිරීම,Minor or No Damages / සුළුහානි හෝ හානි නොමැති,,,,,,10.0,,,,10,,Nuwara Eliya,7.05133_80.6918_2025-11-28,64.6,322.04,457.49,601.37,680.32,174.86,7.0,NASA POWER PRECTOTCORR / MERRA-2,ok,970,0.337245325169172,25.1664,53.98191,19.67537,2.19001,5.33683,1.19609,0.06542,3.82412,14.69194,27.44945,1,63_68,1,True,1,1,1,2
7.018458,80.900569,2025-11-27,2025-11-27,2025-11-27,1,parsed_single,2025.11.27,,2025-12-23,2025.12.23,Nuwara Eliya,නිල්දණ්ඩහින්න ප්රා.ලේ.කො,අඹලියද්ද,HR3,HR3,,NBRI/NE/WLD[Nildandahinna]/2025/LY/21,NBRI/NE/WLD[Nildandahinna]/2025/LY/21,531,House / නිවාස,Slope failures / බැවුම් අස්ථාවරවීම්,Resettle / නැවත පදිංචිකිරීම,Minor or No Damages / සුළුහානි හෝ හානි නොමැති,,,,,,1.0,,9.0,,10,,Nuwara Eliya,7.01846_80.90057_2025-11-27,174.86,286.79,402.72,545.25,616.84,174.86,7.0,NASA POWER PRECTOTCORR / MERRA-2,ok,973,0.235307913998805,15.53605,60.24948,20.61554,2.16826,5.42381,1.1985,0.06686,31.26268,15.85176,45.25754,3,71_67,1,True,1,1,0,1
6.965774,80.50398,2025-11-27,2025-11-27,2025-11-27,1,parsed_single,2025.11.27 (නිතර නිතර ගල් පෙරළීම් සිදුවේ.),,2026-05-20,2026.05.20,Nuwara Eliya,අඹගමුව ප්රා.ලේ.කො,දෙහිගස්තැන්න,HR2,HR2,,NBRI/NE/ABD/2026/SMK/222),NBRI/NE/ABD/2026/SMK/222),,House / නිවාස,Rock fall / ගල් පෙරලීම්,Resettle / නැවත පදිංචිකිරීම,Minor or No Damages / සුළුහානි හෝ හානි නොමැති,,ඇළ ඉවුරු ඛාදනය / සුනුපහන් පාංශු ස්ථරය අසංතතික ස්ථායිකරණය වීම,,,1.0,4.0,,17.0,,22,,Nuwara Eliya,6.96577_80.50398_2025-11-27,174.86,286.79,402.72,545.25,616.84,174.86,7.0,NASA POWER PRECTOTCORR / MERRA-2,ok,976,0.2540745714319576,18.70787,66.53521,13.51763,2.17079,5.12737,1.27948,0.0625,2.0898,12.79013,19.1573,0,56_65,1,True,1,1,0,1
7.130874,80.844106,2025-11-07,2025-11-07,2025-11-07,1,parsed_single,2025-11-07 00:00:00,11.0 7 AM,2026-01-03,2026.01.03,Nuwara Eliya,වලපනේ ප්රා.ලේ.කො,ඉහළ පන්නල,HR3,HR3,,NBRI/NE/WLD/2025/DMCP/සංශෝධන/48),NBRI/NE/WLD/2025/DMCP/සංශෝධන/48),513 ඩී,House / නිවාස,Landslide / නායයෑම්,Resettle / නැවත පදිංචිකිරීම,Minor or No Damages / සුළුහානි හෝ හානි නොමැති,,,,,,3.0,,20.0,,23,,Nuwara Eliya,7.13087_80.84411_2025-11-07,5.69,15.560000000000002,19.8,38.7,320.53000000000003,7.71,4.0,NASA POWER PRECTOTCORR / MERRA-2,ok,978,0.4390603274459829,19.82235,60.23853,18.40994,1.50094,5.59065,1.29284,0.05548,10.75295,14.71367,29.28716,4,69_71,1,True,1,1,0,1
6.976429,80.873384,2025-11-27,2025-11-27,2025-11-27,1,parsed_single,2025-11-27 00:00:00,,2026-01-11,2026-01-11 00:00:00,Nuwara Eliya,නිල්දණ්ඩහින්න ප්රා.ලේ.කො,උඩුපුස්සැල්ලාව උතුර,HR3,HR3,,NBRI/NE/WLD[Nildandahinna]/2026/SMK/69),NBRI/NE/WLD[Nildandahinna]/2026/SMK/69),533 ඊ,House / නිවාස,Landslide / නායයෑම්,Resettle / නැවත පදිංචිකිරීම,Minor or No Damages / සුළුහානි හෝ හානි නොමැති,,,,,,2.0,,35.0,,37,,Nuwara Eliya,6.97643_80.87338_2025-11-27,174.86,286.79,402.72,545.25,616.84,174.86,7.0,NASA POWER PRECTOTCORR / MERRA-2,ok,979,0.8002495726719319,19.33759,58.17067,20.095,2.05388,5.40819,1.18403,0.0696,15.73375,15.18639,33.87902,3,70_66,1,True,1,1,0,2
6.983345,80.875009,2025-11-27,2025-11-27,2025-11-27,1,parsed_single,2025.11.27,,2026-06-14,2026.06.14,Nuwara Eliya,නිල්දණ්ඩහින්න ප්රා.ලේ.කො,ඩෙල්මාර්,HR3,HR3,,NBRI/NE/WLD[Nildandahinna]/2026/VKG/88),NBRI/NE/WLD[Nildandahinna]/2026/VKG/88),,Religiou / ආගමික ස්ථානය,Other / වෙනත් (වෙනත් කරුණු යටතේ සදහන් කරන්න),Resettle / නැවත පදිංචිකිරීම,Minor or No Damages / සුළුහානි හෝ හානි නොමැති,,කණ්ඩි අස්‍ථාවරවීම (CF) බෑවුම් අස්ථාවරත්වයක් දක්වා වර්ධනය වීම,,,,1.0,,,,1,,Nuwara Eliya,6.98334_80.87501_2025-11-27,174.86,286.79,402.72,545.25,616.84,174.86,7.0,NASA POWER PRECTOTCORR / MERRA-2,ok,979,0.0108295605790579,19.33759,58.17067,20.095,2.05388,5.40819,1.18403,0.0696,15.73375,15.18639,33.87902,3,70_66,1,True,1,1,0,2
7.075659,80.637564,2025-11-27,2025-11-27,2025-11-27,1,parsed_single,2025-11-27 00:00:00,,2026-01-18,2026.01.18,Nuwara Eliya,කොත්මලේ නැගෙනහිර ප්රා.ලේ.කො,මාවෙල බටහිර,HR2,HR2,,NBRI/NE/KTD[East]/2026/KLKT/97),NBRI/NE/KTD[East]/2026/KLKT/97),,House / නිවාස,Rock fall / ගල් පෙරලීම්,Resettle / නැවත පදිංචිකිරීම,Partially / අර්ධහානි,,,,,4.0,,,,,4,,Nuwara Eliya,7.07566_80.63756_2025-11-27,174.86,286.79,402.72,545.25,616.84,174.86,7.0,NASA POWER PRECTOTCORR / MERRA-2,ok,980,0.1490897756306916,24.2958,55.73014,19.0105,1.49084,5.37439,1.25011,0.06515,2.44511,14.21761,25.79908,1,61_69,1,True,1,1,0,2
7.076688,80.637771,2025-11-27,2025-11-27,2025-11-27,1,parsed_single,2025-11-27 00:00:00,,2026-01-18,2026-01-18 00:00:00,Nuwara Eliya,කොත්මලේ නැගෙනහිර ප්රා.ලේ.කො,මාවෙල බටහිර,HR2,HR2,,NBRI/NE/KTD[East]/2026/KLKT/67),NBRI/NE/KTD[East]/2026/KLKT/67),,House / නිවාස,Slope failures / බැවුම් අස්ථාවරවීම්,Resettle / නැවත පදිංචිකිරීම,Partially / අර්ධහානි,,,,,2.0,2.0,,3.0,,7,,Nuwara Eliya,7.07669_80.63777_2025-11-27,174.86,286.79,402.72,545.25,616.84,174.86,7.0,NASA POWER PRECTOTCORR / MERRA-2,ok,980,0.1712770101930385,24.2958,55.73014,19.0105,1.49084,5.37439,1.25011,0.06515,2.44511,14.21761,25.79908,1,61_69,1,True,1,1,0,2
7.136852,80.75798,2025-11-27,2025-11-27,2025-11-27,1,parsed_single,2025.11.27,,2026-04-06,2026.04.06,Nuwara Eliya,හඟුරන්කෙත ප්රා.ලේ.කො,මාකෙම්පේ,HR3,HR3,,NBRI/NE/HKD/2026/DSDD/251),NBRI/NE/HKD/2026/DSDD/251),,House / නිවාස,Other / වෙනත් (වෙනත් කරුණු යටතේ සදහන් කරන්න),Resettle / නැවත පදිංචිකිරීම,Minor or No Damages / සුළුහානි හෝ හානි නොමැති,,සුන්බුන් ගලනය වීම,,,,1.0,,9.0,,10,,Nuwara Eliya,7.13685_80.75798_2025-11-27,174.86,286.79,402.72,545.25,616.84,174.86,7.0,NASA POWER PRECTOTCORR / MERRA-2,ok,981,0.3831225404121474,23.39241,55.37326,19.62269,1.52939,5.45594,1.2576,0.0563,7.90585,14.22461,29.54389,4,66_71,1,True,1,1,0,3
7.139739,80.761844,2025-11-27,2025-11-27,2025-11-27,1,parsed_single,2025.11.27,,2026-01-25,2026.01.25,Nuwara Eliya,හඟුරන්කෙත ප්රා.ලේ.කො,මාකෙම්පේ,HR1,HR1,,NBRI/NE/HKD/2026/SMK/106),NBRI/NE/HKD/2026/SMK/106),,House / නිවාස,Slope failures / බැවුම් අස්ථාවරවීම්,Resettle / නැවත පදිංචිකිරීම,Fully / පුර්ණහානි,,,,1.0,,,,4.0,,5,,Nuwara Eliya,7.13974_80.76184_2025-11-27,174.86,286.79,402.72,545.25,616.84,174.86,7.0,NASA POWER PRECTOTCORR / MERRA-2,ok,981,0.3704834337910309,23.39241,55.37326,19.62269,1.52939,5.45594,1.2576,0.0563,7.90585,14.22461,29.54389,4,66_71,1,True,1,1,0,3
7.13975,80.76104,2025-11-27,2025-11-27,2025-11-27,1,parsed_single,2025-11-27 00:00:00,,2026-01-22,2026-01-22 00:00:00,Nuwara Eliya,හඟුරන්කෙත ප්රා.ලේ.කො,මාකෙම්පේ,HR1,HR1,,NBRI/NE/HKD/2026/DMCP/63),NBRI/NE/HKD/2026/DMCP/63),498 සී,House / නිවාස,Slope failures / බැවුම් අස්ථාවරවීම්,Resettle / නැවත පදිංචිකිරීම,Fully / පුර්ණහානි,,,,1.0,,3.0,,1.0,,5,,Nuwara Eliya,7.13975_80.76104_2025-11-27,174.86,286.79,402.72,545.25,616.84,174.86,7.0,NASA POWER PRECTOTCORR / MERRA-2,ok,981,0.3712921856933758,23.39241,55.37326,19.62269,1.52939,5.45594,1.2576,0.0563,7.90585,14.22461,29.54389,4,66_71,1,True,1,1,0,3
7.073254,80.889418,2025-11-27,2025-11-27,2025-11-27,1,parsed_single,2025-11-27 00:00:00,,2026-01-08,2026-01-08 00:00:00,Nuwara Eliya,නිල්දණ්ඩහින්න ප්රා.ලේ.කො,ගොරඩිගොල්ල,HR1,HR1,,NBRI/NE/WLD(Nildandahinna)2026/DMCP/70),NBRI/NE/WLD(Nildandahinna)2026/DMCP/70),524 බී,House / නිවාස,Landslide / නායයෑම්,Resettle / නැවත පදිංචිකිරීම,Fully / පුර්ණහානි,,,,4.0,,8.0,,7.0,,19,,Nuwara Eliya,7.07325_80.88942_2025-11-27,174.86,286.79,402.72,545.25,616.84,174.86,7.0,NASA POWER PRECTOTCORR / MERRA-2,ok,983,0.2878192769338594,18.59488,60.57418,18.6324,2.17115,5.5256,1.225,0.0617,16.05942,15.73107,33.3261,1,70_69,1,True,1,1,0,1
7.057198,80.90699,2025-11-27,2025-11-27,2025-11-27,1,parsed_single,2025.11.27,6.30 PM,2026-01-01,2026.01.01,Nuwara Eliya,නිල්දණ්ඩහින්න ප්රා.ලේ.කො,දෙමටාරාමය,HR3,HR3,,NBRI/NE/WLD[Nildandahinna]/2025/DMCP/45,NBRI/NE/WLD[Nildandahinna]/2025/DMCP/45,518 එෆ්,House / නිවාස,Landslide / නායයෑම්,Resettle / නැවත පදිංචිකිරීම,Minor or No Damages / සුළුහානි හෝ හානි නොමැති,,,,,,10.0,,,,10,,Nuwara Eliya,7.0572_80.90699_2025-11-27,174.86,286.79,402.72,545.25,616.84,174.86,7.0,NASA POWER PRECTOTCORR / MERRA-2,ok,986,0.4778734251824144,17.88458,60.91208,18.74057,2.1899,5.50605,1.21701,0.0634,18.36492,15.73446,34.92322,2,71_68,1,True,1,1,0,1
6.988265,80.904618,2025-11-27,2025-11-27,2025-11-27,1,parsed_single,2025.11.27,,2026-01-01,2026.01.01,Nuwara Eliya,නිල්දණ්ඩහින්න ප්රා.ලේ.කො,සෙන්මාග්‍රට්,HR2,HR2,,NBRI/NE/WLD[Nildandahinna]/2026/IC/11),NBRI/NE/WLD[Nildandahinna]/2026/IC/11),,House / නිවාස,Landslide / නායයෑම්,Resettle / නැවත පදිංචිකිරීම,Partially / අර්ධහානි,,,,,5.0,1.0,,26.0,,32,,Nuwara Eliya,6.98826_80.90462_2025-11-27,174.86,286.79,402.72,545.25,616.84,174.86,7.0,NASA POWER PRECTOTCORR / MERRA-2,ok,991,0.1912879880089039,17.68892,59.6141,19.95509,2.06382,5.4498,1.19349,0.06866,19.49903,15.66557,35.91512,1,71_66,1,True,1,1,0,1
6.974984,80.783969,2025-11-27,2025-11-27,2025-11-27,1,parsed_single,2025-11-27 00:00:00,,2026-01-09,2026-01-09 00:00:00,Nuwara Eliya,නුවරඑළිය ප්රා.ලේ.කො,හාවාඑළිය නැගෙනහිර,HR3,HR3,,NBRI/NE/NED/2026/DMCP/71),NBRI/NE/NED/2026/DMCP/71),535 එච්,House / නිවාස,Rock fall / ගල් පෙරලීම්,Resettle / නැවත පදිංචිකිරීම,Minor or No Damages / සුළුහානි හෝ හානි නොමැති,,,,,,5.0,,9.0,,14,,Nuwara Eliya,6.97498_80.78397_2025-11-27,174.86,286.79,402.72,545.25,616.84,174.86,7.0,NASA POWER PRECTOTCORR / MERRA-2,ok,993,0.2932165921257967,26.0322,50.85516,21.95638,2.29067,5.27087,1.14329,0.06991,6.16071,15.84698,31.0442,4,67_65,1,True,1,1,0,2
6.976042,80.784391,2025-11-27,2025-11-27,2025-11-27,1,parsed_single,2025-11-27 00:00:00,,2025-12-29,2025-12-29 00:00:00,Nuwara Eliya,නුවරඑළිය ප්රා.ලේ.කො,,HR1,HR1,,NBRI/NE/NED/2025/SMK/61),NBRI/NE/NED/2025/SMK/61),535 - එච්,House / නිවාස,Slope failures / බැවුම් අස්ථාවරවීම්,Resettle / නැවත පදිංචිකිරීම,Fully / පුර්ණහානි,,,,1.0,,,,2.0,,3,,Nuwara Eliya,6.97604_80.78439_2025-11-27,174.86,286.79,402.72,545.25,616.84,174.86,7.0,NASA POWER PRECTOTCORR / MERRA-2,ok,993,0.1701294219248026,26.0322,50.85516,21.95638,2.29067,5.27087,1.14329,0.06991,6.16071,15.84698,31.0442,4,67_65,1,True,1,1,0,2
7.049694,80.873028,2025-11-27,2025-11-27,2025-11-27,1,parsed_single,2025-11-27 00:00:00,,2025-12-15,2025-12-15 00:00:00,Nuwara Eliya,වලපනේ ප්රා.ලේ.කො,හරස්බැද්ද,HR1,HR1,,NBRI/NE/WLD/2025/SMK/27 - Rev,NBRI/NE/WLD/2025/SMK/27 - Rev,526,House / නිවාස,Cutting failure / කණ්ඩි අස්ථාවරවීම්,Resettle / නැවත පදිංචිකිරීම,Fully / පුර්ණහානි,,,,1.0,,3.0,,,,4,,Nuwara Eliya,7.04969_80.87303_2025-11-27,174.86,286.79,402.72,545.25,616.84,174.86,7.0,NASA POWER PRECTOTCORR / MERRA-2,ok,994,0.0302238753534405,18.99436,59.41279,19.24099,2.12493,5.49557,1.20179,0.06358,16.77963,15.39028,34.39874,1,70_68,1,True,1,1,0,2
7.054669,80.874534,2025-11-27,2025-11-27,2025-11-27,1,parsed_single,2025.11.27,,2026-05-05,2026.05.05,Nuwara Eliya,වලපනේ ප්රා.ලේ.කො,හරස්බැද්ද,HR2,HR2,,NBRI/NE/WLD/2026/DMCP/143),NBRI/NE/WLD/2026/DMCP/143),,House / නිවාස,Slope failures / බැවුම් අස්ථාවරවීම්,Resettle / නැවත පදිංචිකිරීම,Partially / අර්ධහානි,,,,,2.0,1.0,,3.0,,6,,Nuwara Eliya,7.05467_80.87453_2025-11-27,174.86,286.79,402.72,545.25,616.84,174.86,7.0,NASA POWER PRECTOTCORR / MERRA-2,ok,994,0.5549522770218046,18.99436,59.41279,19.24099,2.12493,5.49557,1.20179,0.06358,16.77963,15.39028,34.39874,1,70_68,1,True,1,1,0,2
7.071599,80.638359,2025-11-27,2025-11-27,2025-11-27,1,parsed_single,2025-11-27 00:00:00,,2026-01-19,2026-01-19 00:00:00,Nuwara Eliya,කොත්මලේ නැගෙනහිර ප්රා.ලේ.කො,මාවෙල බටහිර,HR1,HR1,,NBRI/NE/KTD[East]/2026/KLKT/68),NBRI/NE/KTD[East]/2026/KLKT/68),,House / නිවාස,Slope failures / බැවුම් අස්ථාවරවීම්,Resettle / නැවත පදිංචිකිරීම,Fully / පුර්ණහානි,,,,1.0,,,,,,1,,Nuwara Eliya,7.0716_80.63836_2025-11-27,174.86,286.79,402.72,545.25,616.84,174.86,7.0,NASA POWER PRECTOTCORR / MERRA-2,ok,1007,0.0861911842153083,24.09091,55.99996,18.96648,1.49534,5.36692,1.24741,0.06483,2.53363,14.2179,25.70058,1,61_69,1,True,1,1,0,2
7.072318,80.638844,2025-11-27,2025-11-27,2025-11-27,1,parsed_single,2025-11-27 00:00:00,,2026-01-18,2026-01-18 00:00:00,Nuwara Eliya,කොත්මලේ නැගෙනහිර ප්රා.ලේ.කො,මාවෙල බටහිර,HR1,HR1,,NBRI/NE/KTD[East]/2026/KLKT/69),NBRI/NE/KTD[East]/2026/KLKT/69),,House / නිවාස,Slope failures / බැවුම් අස්ථාවරවීම්,Resettle / නැවත පදිංචිකිරීම,Fully / පුර්ණහානි,,,,1.0,,,,2.0,,3,,Nuwara Eliya,7.07232_80.63884_2025-11-27,174.86,286.79,402.72,545.25,616.84,174.86,7.0,NASA POWER PRECTOTCORR / MERRA-2,ok,1007,0.013032377328484,24.09091,55.99996,18.96648,1.49534,5.36692,1.24741,0.06483,2.53363,14.2179,25.70058,1,61_69,1,True,1,1,0,2
7.065668,80.666907,2025-11-27,2025-11-27,2025-11-27,1,parsed_single,2025.11.27,,2026-06-19,2026.06.19,Nuwara Eliya,කොත්මලේ නැගෙනහිර ප්රා.ලේ.කො,පනම්ගම්මන,HR3,HR3,,NBRI/NE/KTD[East]/2026/LSG/47),NBRI/NE/KTD[East]/2026/LSG/47),473,House / නිවාස,Other / වෙනත් (වෙනත් කරුණු යටතේ සදහන් කරන්න),Resettle / නැවත පදිංචිකිරීම,Minor or No Damages / සුළුහානි හෝ හානි නොමැති,0.0,අධික බැවුම සහ නිම්න ආශ්‍රිත කලාපය,,,,3.0,,15.0,,18,,Nuwara Eliya,7.06567_80.66691_2025-11-27,174.86,286.79,402.72,545.25,616.84,174.86,7.0,NASA POWER PRECTOTCORR / MERRA-2,ok,1014,0.3152848315402232,24.63615,55.15521,19.18604,2.06666,5.31426,1.2133,0.06759,2.31198,14.58036,25.91214,4,62_69,1,True,1,1,0,1
7.075766,80.674108,2025-11-27,2025-11-27,2025-11-27,1,parsed_single,2025-11-27 00:00:00,23.27,2025-12-29,2025-12-29 00:00:00,Nuwara Eliya,කොත්මලේ නැගෙනහිර ප්රා.ලේ.කො,කරගස්තලාව,HR2,HR2,,NBRI/NE/KTD[East]/2025/KLKT/15),NBRI/NE/KTD[East]/2025/KLKT/15),474 ඒ,House / නිවාස,Slope failures / බැවුම් අස්ථාවරවීම්,Resettle / නැවත පදිංචිකිරීම,Partially / අර්ධහානි,,,,,1.0,1.0,,,,2,,Nuwara Eliya,7.07577_80.67411_2025-11-27,174.86,286.79,402.72,545.25,616.84,174.86,7.0,NASA POWER PRECTOTCORR / MERRA-2,ok,1015,0.2444851629318566,24.43685,55.47082,19.0893,1.51125,5.34595,1.25119,0.06199,3.69332,13.9626,26.99562,4,62_69,1,True,1,1,0,1
7.072908,80.657004,2025-11-27,2025-11-27,2025-11-27,1,parsed_single,2025.11.27,,2026-07-19,2026.07.19,Nuwara Eliya,කොත්මලේ නැගෙනහිර ප්රා.ලේ.කො,ගොඹුරුඔය,HR3,HR3,,NBRI/NE/KTD[East]/2026/LSG/57),NBRI/NE/KTD[East]/2026/LSG/57),473/සී,House / නිවාස,Other / වෙනත් (වෙනත් කරුණු යටතේ සදහන් කරන්න),Resettle / නැවත පදිංචිකිරීම,Minor or No Damages / සුළුහානි හෝ හානි නොමැති,0.0,නිම්නය ආශ්‍රිත කලාපය/ බෑවුම් අස්ථාවරවීම,,,,1.0,,9.0,,10,,Nuwara Eliya,7.07291_80.657_2025-11-27,174.86,286.79,402.72,545.25,616.84,174.86,7.0,NASA POWER PRECTOTCORR / MERRA-2,ok,1016,0.2790311013378198,24.57582,55.38643,19.05089,2.06209,5.31459,1.21585,0.06775,2.00515,14.57832,25.58314,4,62_69,1,True,1,1,0,1
7.046588,80.78341,2025-11-27,2025-11-27,2025-11-27,1,parsed_single,2025.11.27,,2026-01-21,2026.01.21,Nuwara Eliya,මතුරට ප්රා.ලේ.කො,මැදවෙල,HR1,HR1,,NBRI/NE/WLD (Mathurata) /2026/IC/26,NBRI/NE/WLD (Mathurata) /2026/IC/26,512/ජි,House / නිවාස,Slope failures / බැවුම් අස්ථාවරවීම්,Resettle / නැවත පදිංචිකිරීම,Fully / පුර්ණහානි,,,,1.0,,,,3.0,,4,,Nuwara Eliya,7.04659_80.78341_2025-11-27,174.86,286.79,402.72,545.25,616.84,174.86,7.0,NASA POWER PRECTOTCORR / MERRA-2,ok,1021,0.629462888865814,23.77803,53.87485,20.98336,2.1824,5.2728,1.19375,0.06466,8.17772,15.31498,30.60233,1,66_68,1,True,1,1,0,1
7.057853,80.769713,2025-11-27,2025-11-27,2025-11-27,1,parsed_single,2025-11-27 00:00:00,,2025-12-24,2025-12-24 00:00:00,Nuwara Eliya,මතුරට ප්රා.ලේ.කො,එළමුල්ල,HR2,HR2,,NBRI/NE/HKD (Mathurata) /2025/DSDD/33),NBRI/NE/HKD (Mathurata) /2025/DSDD/33),511/E,House / නිවාස,Other / වෙනත් (වෙනත් කරුණු යටතේ සදහන් කරන්න),Resettle / නැවත පදිංචිකිරීම,Partially / අර්ධහානි,,,,,1.0,3.0,,4.0,,8,,Nuwara Eliya,7.05785_80.76971_2025-11-27,174.86,286.79,402.72,545.25,616.84,174.86,7.0,NASA POWER PRECTOTCORR / MERRA-2,ok,1035,0.3911045575937771,23.88611,53.80209,20.89389,2.16635,5.28748,1.20147,0.06397,7.96812,15.31203,30.38024,1,66_68,1,True,1,1,0,1
7.037783,80.708233,2025-11-27,2025-11-27,2025-11-27,1,parsed_single,2025.11.27,,2026-07-18,2026.07.18,Nuwara Eliya,කොත්මලේ නැගෙනහිර ප්රා.ලේ.කො,පලාගොල්ල,HR3,HR3,,NBRI/NE/KTD[East]/2026/VKG/109),NBRI/NE/KTD[East]/2026/VKG/109),474/සී,House / නිවාස,Landslide / නායයෑම්,Resettle / නැවත පදිංචිකිරීම,Minor or No Damages / සුළුහානි හෝ හානි නොමැති,0.0,,,,,8.0,,27.0,,35,,Nuwara Eliya,7.03778_80.70823_2025-11-27,174.86,286.79,402.72,545.25,616.84,174.86,7.0,NASA POWER PRECTOTCORR / MERRA-2,ok,1037,0.2215820497608443,24.85328,53.89672,20.14338,2.21661,5.31523,1.19518,0.0666,3.9126,15.42003,27.38647,3,64_67,1,True,1,1,0,2
7.035111,80.708128,2025-11-28,2025-11-28,2025-11-28,1,parsed_single,2025-11-28 00:00:00,,2025-12-09,2025-12-09 00:00:00,Nuwara Eliya,නුවරඑළිය ප්රා.ලේ.කො,පලාගොල්ල,HR1,HR1,,NBRI/NE/NED/2025/DMCP/08/REV,NBRI/NE/NED/2025/DMCP/08/REV,74,House / නිවාස,"Landslide / නායයෑම්, Slope failures / බැවුම් අස්ථාවරවීම්, Cutting failure / කණ්ඩි අස්ථාවරවීම්",Resettle / නැවත පදිංචිකිරීම,Fully / පුර්ණහානි,,,,1.0,,,,,,1,,Nuwara Eliya,7.03511_80.70813_2025-11-28,64.6,322.04,457.49,601.37,680.32,174.86,7.0,NASA POWER PRECTOTCORR / MERRA-2,ok,1037,0.076566941738568,24.85328,53.89672,20.14338,2.21661,5.31523,1.19518,0.0666,3.9126,15.42003,27.38647,3,64_67,1,True,1,1,1,2
7.079098,80.641136,2025-11-26,2025-11-26,2025-11-26,1,parsed_single,2025-11-26 00:00:00,,2026-01-18,2026-01-18 00:00:00,Nuwara Eliya,කොත්මලේ නැගෙනහිර ප්රා.ලේ.කො,නව මොරපේ,HR3,HR3,,NBRI/NE/KTD[East]/2026/LY/සංශෝධන/55),NBRI/NE/KTD[East]/2026/LY/සංශෝධන/55),456ඩී,House / නිවාස,Landslide / නායයෑම්,Resettle / නැවත පදිංචිකිරීම,Minor or No Damages / සුළුහානි හෝ හානි නොමැති,,,,,,2.0,,3.0,,5,,Nuwara Eliya,7.0791_80.64114_2025-11-26,82.58,168.03,233.01,381.89,442.44,82.58,7.0,NASA POWER PRECTOTCORR / MERRA-2,ok,1038,0.3595497612570584,24.2958,55.73014,19.0105,1.49084,5.37439,1.25011,0.06515,2.44511,14.21761,25.79908,1,61_69,1,True,1,1,0,1
7.057058,80.848957,2025-11-27,2025-11-27,2025-11-27,1,parsed_single,2025-11-27 00:00:00,,2025-12-24,2025-12-24 00:00:00,Nuwara Eliya,වලපනේ ප්රා.ලේ.කො,හයිෆොරස්ට්,HR1,HR1,,NBRI/NE/WLD/2025/SMK/47,NBRI/NE/WLD/2025/SMK/47,504 බී,House / නිවාස,Landslide / නායයෑම්,Resettle / නැවත පදිංචිකිරීම,Fully / පුර්ණහානි,,,,4.0,,,,1.0,,5,,Nuwara Eliya,7.05706_80.84896_2025-11-27,174.86,286.79,402.72,545.25,616.84,174.86,7.0,NASA POWER PRECTOTCORR / MERRA-2,ok,1041,0.3229826206649326,21.17169,56.81701,19.9707,2.21344,5.43944,1.20107,0.06363,14.07155,16.04182,33.89085,4,69_68,1,True,1,0,0,3
7.058413,80.851257,2025-11-27,2025-11-27,2025-11-27,1,parsed_single,2025.11.27,,2026-04-27,2026.04.27,Nuwara Eliya,වලපනේ ප්රා.ලේ.කො,බින්ගන්තලාව,HR3,HR3,,NBRI/NE/WLD/2026/DMCP/142),NBRI/NE/WLD/2026/DMCP/142),,House / නිවාස,Slope failures / බැවුම් අස්ථාවරවීම්,Resettle / නැවත පදිංචිකිරීම,Minor or No Damages / සුළුහානි හෝ හානි නොමැති,,,,,,5.0,,,,5,,Nuwara Eliya,7.05841_80.85126_2025-11-27,174.86,286.79,402.72,545.25,616.84,174.86,7.0,NASA POWER PRECTOTCORR / MERRA-2,ok,1041,0.0346800603931783,21.17169,56.81701,19.9707,2.21344,5.43944,1.20107,0.06363,14.07155,16.04182,33.89085,4,69_68,1,True,1,0,0,3
7.059857,80.847689,2025-11-27,2025-11-27,2025-11-27,1,parsed_single,2025-11-27 00:00:00,,2025-12-24,2025-12-24 00:00:00,Nuwara Eliya,වලපනේ ප්රා.ලේ.කො,හයිෆොරස්ට්,HR1,HR1,,NBRI/NE/WLD/2025/SMK/49),NBRI/NE/WLD/2025/SMK/49),504 බී,House / නිවාස,Slope failures / බැවුම් අස්ථාවරවීම්,Resettle / නැවත පදිංචිකිරීම,Fully / පුර්ණහානි,,,,6.0,,,,14.0,,20,,Nuwara Eliya,7.05986_80.84769_2025-11-27,174.86,286.79,402.72,545.25,616.84,174.86,7.0,NASA POWER PRECTOTCORR / MERRA-2,ok,1041,0.4589093006023132,21.17169,56.81701,19.9707,2.21344,5.43944,1.20107,0.06363,14.07155,16.04182,33.89085,4,69_68,1,True,1,0,0,3
7.073056,80.775833,2025-11-27,2025-11-27,2025-11-27,1,parsed_single,2025-11-27 00:00:00,,2026-01-20,2026-01-20 00:00:00,Nuwara Eliya,මතුරට ප්රා.ලේ.කො,ගොඩිගමුව,HR2,HR2,,NBRI/NE/HKD[Mathurata]/2026/IC/30),NBRI/NE/HKD[Mathurata]/2026/IC/30),511   ඩී,House / නිවාස,Slope failures / බැවුම් අස්ථාවරවීම්,Resettle / නැවත පදිංචිකිරීම,Partially / අර්ධහානි,,,,,1.0,,,6.0,,7,,Nuwara Eliya,7.07306_80.77583_2025-11-27,174.86,286.79,402.72,545.25,616.84,174.86,7.0,NASA POWER PRECTOTCORR / MERRA-2,ok,1048,0.7836534661094497,23.81998,53.78739,20.85467,2.15309,5.29882,1.20744,0.06342,8.34223,15.31076,30.52681,4,66_69,1,True,1,0,0,1
6.938489,80.686823,2025-11-27,2025-11-27,2025-11-27,1,parsed_single,2025-11-27 00:00:00,6.00 - 6.30,2025-12-07,2025-12-07 00:00:00,Nuwara Eliya,නුවරඑළිය ප්රා.ලේ.කො,රත්නගිරි ජනපදය,HR3,HR3,,NBRI/NE/NED/2025/DSDD/06/සංශෝධන/Rev),NBRI/NE/NED/2025/DSDD/06/සංශෝධන/Rev),,House / නිවාස,Slope failures / බැවුම් අස්ථාවරවීම්,Resettle / නැවත පදිංචිකිරීම,Minor or No Damages / සුළුහානි හෝ හානි නොමැති,,,,,,1.0,,,,1,,Nuwara Eliya,6.93849_80.68682_2025-11-27,174.86,286.79,402.72,545.25,616.84,174.86,7.0,NASA POWER PRECTOTCORR / MERRA-2,ok,1053,0.2124095659892984,29.58379,48.68611,21.9157,2.32644,5.19503,1.17349,0.06157,0.52855,15.30322,29.51112,3,63_64,1,True,1,0,0,1
7.111168,80.832481,2025-11-27,2025-11-27,2025-11-27,1,parsed_single,2025-11-27 00:00:00,,2026-01-21,2026-01-21 00:00:00,Nuwara Eliya,වලපනේ ප්රා.ලේ.කො,මඩුමාන,HR1,HR1,,NBRI/NE/WLD/2026/LY/60),NBRI/NE/WLD/2026/LY/60),506 ඒ,House / නිවාස,Other / වෙනත් (වෙනත් කරුණු යටතේ සදහන් කරන්න),Resettle / නැවත පදිංචිකිරීම,Fully / පුර්ණහානි,,කණ්ඩි අස්‍ථාවරවීම බෑවුම් අස්ථාවරතාවක් දක්වා වර්ධනය වී ඇත.,,1.0,,,,,,1,,Nuwara Eliya,7.11117_80.83248_2025-11-27,174.86,286.79,402.72,545.25,616.84,174.86,7.0,NASA POWER PRECTOTCORR / MERRA-2,ok,1100,0.3535859230994399,20.35935,58.93922,19.09666,2.04312,5.52385,1.24585,0.05862,10.74157,15.17794,29.70775,0,68_70,1,True,1,0,0,1
7.068231,80.714152,2025-11-27,2025-11-27,2025-11-27,1,parsed_single,2025-11-27 00:00:00,,2026-01-02,2026-01-02 00:00:00,Nuwara Eliya,කොත්මලේ නැගෙනහිර ප්රා.ලේ.කො,පොටොෆ්,HR3,HR3,,NBRI/NE/KTD[East]/2025/KLKT/29),NBRI/NE/KTD[East]/2025/KLKT/29),474 එම්,House / නිවාස,Cutting failure / කණ්ඩි අස්ථාවරවීම්,Resettle / නැවත පදිංචිකිරීම,Minor or No Damages / සුළුහානි හෝ හානි නොමැති,,,,,,4.0,,,,4,,Nuwara Eliya,7.06823_80.71415_2025-11-27,174.86,286.79,402.72,545.25,616.84,174.86,7.0,NASA POWER PRECTOTCORR / MERRA-2,ok,1146,0.193065100734431,24.82732,53.63825,20.32576,2.13656,5.32152,1.20844,0.06248,5.84022,14.57966,29.27538,3,64_69,1,True,1,0,0,1
7.068938,80.918604,2025-11-27,2025-11-27,2025-11-27,1,parsed_single,2025.11.27,,2026-01-01,2026.01.01,Nuwara Eliya,නිල්දණ්ඩහින්න ප්රා.ලේ.කො,දෙමටරාව,HR3,HR3,,NBRI/NE/WLD[Nildandahinna]/2025/KLKT/33,NBRI/NE/WLD[Nildandahinna]/2025/KLKT/33,518 එෆ්,House / නිවාස,Landslide / නායයෑම්,Resettle / නැවත පදිංචිකිරීම,Minor or No Damages / සුළුහානි හෝ හානි නොමැති,,,,,,3.0,,14.0,,17,,Nuwara Eliya,7.06894_80.9186_2025-11-27,174.86,286.79,402.72,545.25,616.84,174.86,7.0,NASA POWER PRECTOTCORR / MERRA-2,ok,1174,0.4279013102455637,17.53543,61.88809,18.18971,2.09583,5.54396,1.23174,0.06293,17.35993,15.41169,33.6005,3,72_69,1,True,1,0,0,1
7.038561,80.593306,2025-11-28,2025-11-28,2025-11-28,1,parsed_single,2025-11-28 00:00:00,,2025-12-08,2025-12-08 00:00:00,Nuwara Eliya,කොත්මලේ බටහිර ප්රා.ලේ.කො,හුණුගල්ඔය,HR1,HR1,,NBRI/NE/KTD[West]/2025/DMCP/06 -Rev,NBRI/NE/KTD[West]/2025/DMCP/06 -Rev,460 එච්,House / නිවාස,Landslide / නායයෑම්,Resettle / නැවත පදිංචිකිරීම,Fully / පුර්ණහානි,,,,1.0,,,,1.0,,2,,Nuwara Eliya,7.03856_80.59331_2025-11-28,64.6,322.04,457.49,601.37,680.32,174.86,7.0,NASA POWER PRECTOTCORR / MERRA-2,ok,1233,0.3149004719148698,22.8475,59.55416,16.67785,2.15768,5.25413,1.23,0.06286,0.2542,13.35308,21.7982,0,60_67,1,True,1,0,0,1
7.009989,80.831251,2025-11-27,2025-11-27,2025-11-27,1,parsed_single,2025.11.27,,2026-02-02,2026.02.02,Nuwara Eliya,වලපනේ ප්රා.ලේ.කො,බෲක්සයිඩ්,HR3,HR3,,NBRI/NE/WLD/2026/SMK/118),NBRI/NE/WLD/2026/SMK/118),33 / 0,House / නිවාස,Other / වෙනත් (වෙනත් කරුණු යටතේ සදහන් කරන්න),Resettle / නැවත පදිංචිකිරීම,Minor or No Damages / සුළුහානි හෝ හානි නොමැති,,සුන්බුන් ගලනය,,,,3.0,,,,3,,Nuwara Eliya,7.00999_80.83125_2025-11-27,174.86,286.79,402.72,545.25,616.84,174.86,7.0,NASA POWER PRECTOTCORR / MERRA-2,ok,1243,0.2611173101707382,22.08192,55.43908,20.58149,2.11012,5.40068,1.17591,0.0673,12.25626,15.37897,33.14265,1,68_67,1,True,1,0,0,1
7.110235,80.917462,2025-11-27,2025-11-27,2025-11-27,1,parsed_single,2025.11.27,,2026-05-05,2026.05.05,Nuwara Eliya,නිල්දණ්ඩහින්න ප්රා.ලේ.කො,තෙරිපැහැ,HR2,HR2,,NBRI/NE/WLD[Nildandahinna]/2026/LY/152),NBRI/NE/WLD[Nildandahinna]/2026/LY/152),521/සී,House / නිවාස,Other / වෙනත් (වෙනත් කරුණු යටතේ සදහන් කරන්න),Resettle / නැවත පදිංචිකිරීම,Partially / අර්ධහානි,,බෑවුම් අස්ථාවරවීම (නායයෑම් පූර්ව ලක්ෂණ),,,2.0,,,1.0,,3,,Nuwara Eliya,7.11024_80.91746_2025-11-27,174.86,286.79,402.72,545.25,616.84,174.86,7.0,NASA POWER PRECTOTCORR / MERRA-2,ok,1269,0.4279706850131414,15.7216,65.10877,17.25704,1.31913,5.68507,1.32136,0.05807,14.7397,13.86972,29.25469,3,71_70,1,True,1,0,0,1
6.985931,80.439913,2025-11-26,2025-11-26,2025-11-26,1,parsed_single,2025-11-26 00:00:00,,2026-01-26,2026.01.26,Nuwara Eliya,අඹගමුව ප්රා.ලේ.කො,කලුගල,HR1,HR1,,NBRI/NE/ABD/2026/PTG/203),NBRI/NE/ABD/2026/PTG/203),,House / නිවාස,Slope failures / බැවුම් අස්ථාවරවීම්,Resettle / නැවත පදිංචිකිරීම,Fully / පුර්ණහානි,,,,1.0,,,,,,1,,Nuwara Eliya,6.98593_80.43991_2025-11-26,82.58,168.03,233.01,381.89,442.44,82.58,7.0,NASA POWER PRECTOTCORR / MERRA-2,ok,1304,0.2957788149202391,20.42461,64.14372,13.96262,1.49176,5.1188,1.2749,0.05869,4.37701,12.29608,23.24568,3,54_66,1,True,1,0,0,1
7.088966,80.916482,2025-11-27,2025-11-27,2025-11-27,1,parsed_single,2025.11.27,,2026-01-01,2026.01.01,Nuwara Eliya,නිල්දණ්ඩහින්න ප්රා.ලේ.කො,උඩමාදුර,HR3,HR3,,NBRI/NE/WLD[Nildandahinna]/2025/SMK/70,NBRI/NE/WLD[Nildandahinna]/2025/SMK/70,,House / නිවාස,Slope failures / බැවුම් අස්ථාවරවීම්,Resettle / නැවත පදිංචිකිරීම,Minor or No Damages / සුළුහානි හෝ හානි නොමැති,,,,,,8.0,,6.0,,14,,Nuwara Eliya,7.08897_80.91648_2025-11-27,174.86,286.79,402.72,545.25,616.84,174.86,7.0,NASA POWER PRECTOTCORR / MERRA-2,ok,1312,0.3161674999733492,16.87268,63.0672,18.20334,2.13229,5.52934,1.25347,0.06093,15.32132,15.22108,31.06289,3,72_69,1,True,1,0,0,2
7.09374,80.920646,2025-11-27,2025-11-27,2025-11-27,1,parsed_single,2025.11.27,,2025-12-23,2025.12.23,Nuwara Eliya,නිල්දණ්ඩහින්න ප්රා.ලේ.කො,උඩමාදුර,HR1,HR1,,NBRI/NE/WLD[Nildandahinna]/2025/SMK/48,NBRI/NE/WLD[Nildandahinna]/2025/SMK/48,518 A,House / නිවාස,Landslide / නායයෑම්,Resettle / නැවත පදිංචිකිරීම,Fully / පුර්ණහානි,,,,2.0,1.0,1.0,,9.0,,13,,Nuwara Eliya,7.09374_80.92065_2025-11-27,174.86,286.79,402.72,545.25,616.84,174.86,7.0,NASA POWER PRECTOTCORR / MERRA-2,ok,1312,0.5501673099665837,16.87268,63.0672,18.20334,2.13229,5.52934,1.25347,0.06093,15.32132,15.22108,31.06289,3,72_69,1,True,1,0,0,2
7.162197,80.821171,2025-11-27,2025-11-27,2025-11-27,1,parsed_single,2025-11-27 00:00:00,,2026-01-21,2026.01.21,Nuwara Eliya,හඟුරන්කෙත ප්රා.ලේ.කො,ගලඋඩ - දකුණ /උතුර,HR2,HR2,,NBRI/NE/HKD/2026/PTG/182),NBRI/NE/HKD/2026/PTG/182),489/E,House / නිවාස,Rock fall / ගල් පෙරලීම්,Resettle / නැවත පදිංචිකිරීම,Partially / අර්ධහානි,,,,,1.0,1.0,,3.0,,5,,Nuwara Eliya,7.1622_80.82117_2025-11-27,174.86,286.79,402.72,545.25,616.84,174.86,7.0,NASA POWER PRECTOTCORR / MERRA-2,ok,1315,0.1959365380905684,20.9677,59.75506,17.96779,1.49734,5.60161,1.29145,0.05433,8.44548,14.85522,28.19508,1,68_72,1,True,1,0,0,1
6.951439,80.716936,2025-11-27,2025-11-27,2025-11-27,1,parsed_single,2025.11.27,,2026-03-19,2026.03.19,Nuwara Eliya,නුවරඑළිය ප්රා.ලේ.කො,බන්ගලාහත,HR3,HR3,,NBRI/NE/NED/2026/WGMSS/33),NBRI/NE/NED/2026/WGMSS/33),476/සිි,House / නිවාස,Rock fall / ගල් පෙරලීම්,Resettle / නැවත පදිංචිකිරීම,Minor or No Damages / සුළුහානි හෝ හානි නොමැති,0.0,නිම්නයක පිහිටා ඇත./ ගල් පෙරළීම,,,,2.0,,,,2,,Nuwara Eliya,6.95144_80.71694_2025-11-27,174.86,286.79,402.72,545.25,616.84,174.86,7.0,NASA POWER PRECTOTCORR / MERRA-2,ok,1338,0.4954011697426258,28.39868,49.05231,22.19598,2.354,5.28561,1.14352,0.06931,1.45059,15.78837,28.97901,4,64_64,1,True,1,0,0,1
6.905841,80.669558,2025-11-27,2025-11-27,2025-11-27,1,parsed_single,2025.11.27,,2026-02-16,2026.02.16,Nuwara Eliya,තලවකැලේ ප්රා.ලේ.කො,නාගසේන,HR2,HR2,,NBRI/NE/NED[Thalawakale]/2026/DSDD/153),NBRI/NE/NED[Thalawakale]/2026/DSDD/153),,House / නිවාස,Slope failures / බැවුම් අස්ථාවරවීම්,Resettle / නැවත පදිංචිකිරීම,Partially / අර්ධහානි,,,,,1.0,2.0,,1.0,,4,,Nuwara Eliya,6.90584_80.66956_2025-11-27,174.86,286.79,402.72,545.25,616.84,174.86,7.0,NASA POWER PRECTOTCORR / MERRA-2,ok,1365,0.3077008005584105,30.14225,48.04356,22.27483,2.29608,5.23214,1.18064,0.0624,-0.58549,15.16249,28.95438,3,62_63,1,True,1,0,0,1
7.04201,80.62928,2025-11-27,2025-11-27,2025-11-27,1,parsed_single,2025-11-27 00:00:00,,2026-01-20,2026.01.20,Nuwara Eliya,කොත්මලේ බටහිර ප්රා.ලේ.කො,රොජසන්ගම උතුර සහ රොජසන්ගම දකුණ,HR1,HR1,,NBRI/NE/KTD[West]/2026/KLKT/84),NBRI/NE/KTD[West]/2026/KLKT/84),,House / නිවාස,Slope failures / බැවුම් අස්ථාවරවීම්,Resettle / නැවත පදිංචිකිරීම,Fully / පුර්ණහානි,,,,2.0,,,,6.0,,8,,Nuwara Eliya,7.04201_80.62928_2025-11-27,174.86,286.79,402.72,545.25,616.84,174.86,7.0,NASA POWER PRECTOTCORR / MERRA-2,ok,1368,0.2801942539870852,23.92797,56.85671,18.14993,2.21436,5.29425,1.21252,0.06696,2.10712,14.61025,24.59555,3,61_68,1,True,1,0,0,1
7.179,80.80946,2025-11-27,2025-11-27,2025-11-27,1,parsed_single,2025-11-27 00:00:00,,2026-01-21,2026-01-21 00:00:00,Nuwara Eliya,හඟුරන්කෙත ප්රා.ලේ.කො,ගලඋඩ - උතුර,HR1,HR1,,NBRI/NE/HKD/2026/PTG/191),NBRI/NE/HKD/2026/PTG/191),,House / නිවාස,Landslide / නායයෑම්,Resettle / නැවත පදිංචිකිරීම,Fully / පුර්ණහානි,,,,2.0,,,,,,2,,Nuwara Eliya,7.179_80.80946_2025-11-27,174.86,286.79,402.72,545.25,616.84,174.86,7.0,NASA POWER PRECTOTCORR / MERRA-2,ok,1369,0.8138478935038724,20.86991,59.917,17.76962,1.29725,5.67269,1.31141,0.05523,9.19944,13.58965,28.70561,4,68_73,1,True,1,0,0,1
7.088832,80.829835,2025-11-27,2025-11-27,2025-11-27,1,parsed_single,2025.11.27,,2026-04-27,2026.04.27,Nuwara Eliya,වලපනේ ප්රා.ලේ.කො,කුරුඳු ඔය,HR1,HR1,,NBRI/NE/WLD/2026/DMCP/144),NBRI/NE/WLD/2026/DMCP/144),504 ඊ,House / නිවාස,Slope failures / බැවුම් අස්ථාවරවීම්,Resettle / නැවත පදිංචිකිරීම,Fully / පුර්ණහානි,,,,1.0,,,,1.0,,2,,Nuwara Eliya,7.08883_80.82984_2025-11-27,174.86,286.79,402.72,545.25,616.84,174.86,7.0,NASA POWER PRECTOTCORR / MERRA-2,ok,1469,0.2999809184739084,20.49058,58.36522,19.47021,2.06584,5.48798,1.23512,0.06033,11.32857,15.18075,30.43015,1,68_69,1,True,1,0,0,1
7.159836,80.764631,2025-11-27,2025-11-27,2025-11-27,1,parsed_single,2025.11.27,,2026-03-30,2026.03.30,Nuwara Eliya,හඟුරන්කෙත ප්රා.ලේ.කො,හපුවල,HR3,HR3,,NBRI/NE/HKD/2026/VKG/39),NBRI/NE/HKD/2026/VKG/39),496,House / නිවාස,Other / වෙනත් (වෙනත් කරුණු යටතේ සදහන් කරන්න),Resettle / නැවත පදිංචිකිරීම,Minor or No Damages / සුළුහානි හෝ හානි නොමැති,,ස්වභාවික නිම්න මාර්ගයක පිහිටීම,,,,1.0,,6.0,,7,,Nuwara Eliya,7.15984_80.76463_2025-11-27,174.86,286.79,402.72,545.25,616.84,174.86,7.0,NASA POWER PRECTOTCORR / MERRA-2,ok,1509,0.1363677109449133,23.12556,56.74819,18.6997,1.53692,5.58513,1.27681,0.05494,6.84851,14.58515,28.51589,0,66_72,1,True,1,0,0,1
7.062858,80.770739,2025-11-27,2025-11-27,2025-11-27,1,parsed_single,2025-11-27 00:00:00,,2026-01-12,2026-01-12 00:00:00,Nuwara Eliya,මතුරට ප්රා.ලේ.කො,කැටහිර,HR3,HR3,,NBRI/NE/HKD[Mathurata]/2026/LY/49),NBRI/NE/HKD[Mathurata]/2026/LY/49),511එෆ්,House / නිවාස,Landslide / නායයෑම්,Resettle / නැවත පදිංචිකිරීම,Minor or No Damages / සුළුහානි හෝ හානි නොමැති,,,,,,3.0,,4.0,,7,,Nuwara Eliya,7.06286_80.77074_2025-11-27,174.86,286.79,402.72,545.25,616.84,174.86,7.0,NASA POWER PRECTOTCORR / MERRA-2,ok,1523,0.1598124799819807,23.67542,53.96085,20.90445,2.16907,5.28405,1.19972,0.06407,8.48923,15.3137,30.68421,1,66_68,1,True,1,0,0,1
7.091977,80.684577,2025-11-27,2025-11-27,2025-11-27,1,parsed_single,2025-11-27 00:00:00,,2026-01-02,2026-01-02 00:00:00,Nuwara Eliya,කොත්මලේ නැගෙනහිර ප්රා.ලේ.කො,හෙල්බොඩ උතුර,HR3,HR3,,NBRI/NE/KTD[East]/2025/KLKT/32),NBRI/NE/KTD[East]/2025/KLKT/32),,House / නිවාස,Slope failures / බැවුම් අස්ථාවරවීම්,Resettle / නැවත පදිංචිකිරීම,Minor or No Damages / සුළුහානි හෝ හානි නොමැති,,,,,,1.0,,3.0,,4,,Nuwara Eliya,7.09198_80.68458_2025-11-27,174.86,286.79,402.72,545.25,616.84,174.86,7.0,NASA POWER PRECTOTCORR / MERRA-2,ok,1552,0.2979713818108538,24.43525,55.35161,19.12658,1.50836,5.35586,1.25291,0.06166,4.00814,13.964,27.22657,1,63_69,1,True,1,0,0,1
6.971878,80.632325,2025-11-27,2025-11-27,2025-11-27,1,parsed_single,2025-11-27 00:00:00,,2025-12-17,2025-12-17 00:00:00,Nuwara Eliya,කොත්මලේ නැගෙනහිර ප්රා.ලේ.කො,දුණුකේදෙණිය,HR3,HR3,,NBRI/NE/KTD[East]/2025/KLKT/04,NBRI/NE/KTD[East]/2025/KLKT/04,468 B,House / නිවාස,Landslide / නායයෑම්,Resettle / නැවත පදිංචිකිරීම,Minor or No Damages / සුළුහානි හෝ හානි නොමැති,,,,,,8.0,,,,8,,Nuwara Eliya,6.97188_80.63232_2025-11-27,174.86,286.79,402.72,545.25,616.84,174.86,7.0,NASA POWER PRECTOTCORR / MERRA-2,ok,1576,0.3123066305949323,21.86887,59.99451,17.34843,2.31584,5.20016,1.1836,0.0634,1.36333,14.33348,21.91786,0,61_65,1,True,1,0,0,1
7.078598,80.645048,2025-11-27,2025-11-27,2025-11-27,1,parsed_single,2025.11.27,,2026-05-10,2026.05.10,Nuwara Eliya,කොත්මලේ නැගෙනහිර ප්රා.ලේ.කො,රජඇළ,HR3,HR3,,NBRI/NE/KTD[East]/2026/VKG/53),NBRI/NE/KTD[East]/2026/VKG/53),,House / නිවාස,Other / වෙනත් (වෙනත් කරුණු යටතේ සදහන් කරන්න),Resettle / නැවත පදිංචිකිරීම,Minor or No Damages / සුළුහානි හෝ හානි නොමැති,0.0,නිම්න මාර්ගයක පිහිටීම,,,,2.0,,2.0,,4,,Nuwara Eliya,7.0786_80.64505_2025-11-27,174.86,286.79,402.72,545.25,616.84,174.86,7.0,NASA POWER PRECTOTCORR / MERRA-2,ok,1588,0.2507188089204885,24.32415,55.58229,19.09662,1.4931,5.37536,1.24804,0.06483,2.70221,14.21937,26.04917,1,61_69,1,True,1,0,0,1
7.004244,80.811862,2025-11-27,2025-11-27,2025-11-27,1,parsed_single,2025-11-27 00:00:00,,2025-12-13,2025-12-13 00:00:00,Nuwara Eliya,නුවරඑළිය ප්රා.ලේ.කො,පාර්ක්,HR1,HR1,,NBRI/NE/NED/2025/SMK/24,NBRI/NE/NED/2025/SMK/24,534 ජී,House / නිවාස,Landslide / නායයෑම්,Resettle / නැවත පදිංචිකිරීම,Fully / පුර්ණහානි,,,,1.0,5.0,,,,,6,,Nuwara Eliya,7.00424_80.81186_2025-11-27,174.86,286.79,402.72,545.25,616.84,174.86,7.0,NASA POWER PRECTOTCORR / MERRA-2,ok,1611,0.1245592193911145,23.70112,53.4328,21.28198,2.26171,5.2832,1.15709,0.06805,9.78861,15.68387,32.39563,1,68_66,1,True,1,0,0,1
7.127445,80.918182,2025-11-27,2025-11-27,2025-11-27,1,parsed_single,2025.11.27,,2026-01-29,2026.01.29,Nuwara Eliya,නිල්දණ්ඩහින්න ප්රා.ලේ.කො,දුලන,HR1,HR1,,NBRI/NE/WLD[Nildandahinna]/2026/DSDD/115),NBRI/NE/WLD[Nildandahinna]/2026/DSDD/115),,House / නිවාස,Slope failures / බැවුම් අස්ථාවරවීම්,Resettle / නැවත පදිංචිකිරීම,Fully / පුර්ණහානි,,,,1.0,,,,,,1,,Nuwara Eliya,7.12744_80.91818_2025-11-27,174.86,286.79,402.72,545.25,616.84,174.86,7.0,NASA POWER PRECTOTCORR / MERRA-2,ok,1653,0.3607991656373588,15.65482,65.41071,17.08869,1.31408,5.70181,1.32627,0.05739,14.35158,13.86723,28.81692,1,71_71,1,True,1,0,0,2
7.127491,80.918195,2025-11-27,2025-11-27,2025-11-27,1,parsed_single,2025.11.27,,2026-05-05,2026.05.05,Nuwara Eliya,නිල්දණ්ඩහින්න ප්රා.ලේ.කො,දුලන,HR3,HR3,,NBRI/NE/WLD[Nildandahinna]/2026/LY/148),NBRI/NE/WLD[Nildandahinna]/2026/LY/148),521/බී,House / නිවාස,Slope failures / බැවුම් අස්ථාවරවීම්,Resettle / නැවත පදිංචිකිරීම,Minor or No Damages / සුළුහානි හෝ හානි නොමැති,,,,,,1.0,,,,1,,Nuwara Eliya,7.12749_80.9182_2025-11-27,174.86,286.79,402.72,545.25,616.84,174.86,7.0,NASA POWER PRECTOTCORR / MERRA-2,ok,1653,0.3585400026283741,15.65482,65.41071,17.08869,1.31408,5.70181,1.32627,0.05739,14.35158,13.86723,28.81692,1,71_71,1,True,1,0,0,2
7.176516,80.785028,2025-11-27,2025-11-27,2025-11-27,1,parsed_single,2025-11-27 00:00:00,,2025-12-29,2025-12-29 00:00:00,Nuwara Eliya,හඟුරන්කෙත ප්රා.ලේ.කො,උඩවත්තකුඹුර,HR2,HR2,,NBRI/NE/HKD/2026/DMCP/55),NBRI/NE/HKD/2026/DMCP/55),494 / එෆ්,House / නිවාස,Landslide / නායයෑම්,Resettle / නැවත පදිංචිකිරීම,Partially / අර්ධහානි,,,,,6.0,3.0,,,,9,,Nuwara Eliya,7.17652_80.78503_2025-11-27,174.86,286.79,402.72,545.25,616.84,174.86,7.0,NASA POWER PRECTOTCORR / MERRA-2,ok,1768,0.3143792215186888,21.75862,59.05998,17.69304,1.35043,5.68113,1.30737,0.05499,7.2651,13.88331,27.65882,4,67_73,1,True,1,0,0,1
7.082688,80.919238,2025-11-27,2025-11-27,2025-11-27,1,parsed_single,2025.11.27,,2026-05-25,2026.05.25,Nuwara Eliya,නිල්දණ්ඩහින්න ප්රා.ලේ.කො,කොස්ගොල්ල,HR2,HR2,,NBRI/NE/WLD[Nildandahinna]/2026/KATD/15),NBRI/NE/WLD[Nildandahinna]/2026/KATD/15),518/ඒ,House / නිවාස,Slope failures / බැවුම් අස්ථාවරවීම්,Resettle / නැවත පදිංචිකිරීම,Partially / අර්ධහානි,,,,,1.0,,,2.0,,3,,Nuwara Eliya,7.08269_80.91924_2025-11-27,174.86,286.79,402.72,545.25,616.84,174.86,7.0,NASA POWER PRECTOTCORR / MERRA-2,ok,1790,0.541155645659423,17.83798,61.78858,18.12434,2.16496,5.55107,1.23267,0.06134,16.38308,15.72788,32.94374,3,71_69,1,True,1,0,0,1
7.06431,80.624561,2025-11-27,2025-11-27,2025-11-27,1,parsed_single,2025-11-27 00:00:00,,2025-12-19,2025-12-19 00:00:00,Nuwara Eliya,කොත්මලේ බටහිර ප්රා.ලේ.කො,රන්වන්තලාව,HR1,HR1,,NBRI/NE/KTD[West]-30/2025/LY/18 -Rev,NBRI/NE/KTD[West]-30/2025/LY/18 -Rev,,House / නිවාස,Landslide / නායයෑම්,Resettle / නැවත පදිංචිකිරීම,Fully / පුර්ණහානි,,,,1.0,9.0,2.0,,16.0,,28,,Nuwara Eliya,7.06431_80.62456_2025-11-27,174.86,286.79,402.72,545.25,616.84,174.86,7.0,NASA POWER PRECTOTCORR / MERRA-2,ok,1825,0.2552249390878224,24.55912,56.11014,18.415,1.49581,5.42118,1.24959,0.06525,0.4961,13.45535,23.66078,1,61_69,1,True,1,0,0,1
6.978164,80.799754,2025-11-27,2025-11-27,2025-11-27,1,parsed_single,2025-11-27 00:00:00,,2025-12-27,2025-12-27 00:00:00,Nuwara Eliya,නුවරඑළිය ප්රා.ලේ.කො,පීඩෲ,HR2,HR2,,NBRI/NE/NED/2025/LY/28),NBRI/NE/NED/2025/LY/28),534 - H,House / නිවාස,Slope failures / බැවුම් අස්ථාවරවීම්,Resettle / නැවත පදිංචිකිරීම,Partially / අර්ධහානි,,,,,2.0,,,2.0,,4,,Nuwara Eliya,6.97816_80.79975_2025-11-27,174.86,286.79,402.72,545.25,616.84,174.86,7.0,NASA POWER PRECTOTCORR / MERRA-2,ok,1836,0.4403869964449692,25.7031,51.15271,21.88991,2.292,5.26839,1.14247,0.07024,6.77816,15.8484,31.31418,4,67_65,1,True,1,0,0,1
7.084999,80.899699,2025-11-27,2025-11-27,2025-11-27,1,parsed_single,2025.11.27,,2026-02-13,2026.02.13,Nuwara Eliya,නිල්දණ්ඩහින්න ප්රා.ලේ.කො,නිල්දණ්ඩාහින්න,HR3,HR3,,NBRI/NE/WLD[Nildandahinna]/2026/VK/11),NBRI/NE/WLD[Nildandahinna]/2026/VK/11),524ඊ,House / නිවාස,Other / වෙනත් (වෙනත් කරුණු යටතේ සදහන් කරන්න),Resettle / නැවත පදිංචිකිරීම,Minor or No Damages / සුළුහානි හෝ හානි නොමැති,,නිම්න මාර්ගයක් ආසන්නයේ පිහිටීම,,,,2.0,,,,2,,Nuwara Eliya,7.085_80.8997_2025-11-27,174.86,286.79,402.72,545.25,616.84,174.86,7.0,NASA POWER PRECTOTCORR / MERRA-2,ok,1855,0.2940308855368304,18.31291,61.28818,18.26514,2.15775,5.5516,1.23371,0.06066,15.58039,15.72744,32.59526,3,71_69,1,True,1,0,0,1
7.055187,80.918221,2025-11-27,2025-11-27,2025-11-27,1,parsed_single,2025-11-27 00:00:00,,2026-02-24,2026-02-24 00:00:00,Nuwara Eliya,නිල්දණ්ඩහින්න ප්රා.ලේ.කො,මඩුල්ල උතුර,HR3,HR3,,NBRI/NE/WLD[Nildandahinna]/2026/DMCP/සංශෝධන/109,NBRI/NE/WLD[Nildandahinna]/2026/DMCP/සංශෝධන/109,524,House / නිවාස,Slope failures / බැවුම් අස්ථාවරවීම්,Resettle / නැවත පදිංචිකිරීම,Minor or No Damages / සුළුහානි හෝ හානි නොමැති,,,,,,3.0,,9.0,,12,,Nuwara Eliya,7.05519_80.91822_2025-11-27,174.86,286.79,402.72,545.25,616.84,174.86,7.0,NASA POWER PRECTOTCORR / MERRA-2,ok,1879,0.5311047997838376,17.71443,61.28723,18.54085,2.18735,5.51562,1.2201,0.06323,18.12809,15.73324,34.53384,2,71_68,1,True,1,0,0,3
7.055285,80.918315,2025-11-27,2025-11-27,2025-11-27,1,parsed_single,2025.11.27,ප.ව. 7.30,2025-12-27,2025.12.27,Nuwara Eliya,නිල්දණ්ඩහින්න ප්රා.ලේ.කො,මඩුල්ල උතුර,HR1,HR1,,NBRI/NE/WLD-(Nildandahinna) /2025/DMCP/30,NBRI/NE/WLD-(Nildandahinna) /2025/DMCP/30,527,House / නිවාස,Landslide / නායයෑම්,Resettle / නැවත පදිංචිකිරීම,Fully / පුර්ණහානි,,,,5.0,,8.0,,3.0,,16,,Nuwara Eliya,7.05528_80.91832_2025-11-27,174.86,286.79,402.72,545.25,616.84,174.86,7.0,NASA POWER PRECTOTCORR / MERRA-2,ok,1879,0.5356054214633139,17.71443,61.28723,18.54085,2.18735,5.51562,1.2201,0.06323,18.12809,15.73324,34.53384,2,71_68,1,True,1,0,0,3
7.058556,80.914662,2025-11-27,2025-11-27,2025-11-27,1,parsed_single,2025.11.27,-,2026-01-01,2026.01.01,Nuwara Eliya,නිල්දණ්ඩහින්න ප්රා.ලේ.කො,දෙමටාරාමය,HR3,HR3,,NBRI/NE/WLD[Nildandahinna]/2025/DMCP/44,NBRI/NE/WLD[Nildandahinna]/2025/DMCP/44,518 එෆ්,House / නිවාස,Cutting failure / කණ්ඩි අස්ථාවරවීම්,Resettle / නැවත පදිංචිකිරීම,Minor or No Damages / සුළුහානි හෝ හානි නොමැති,,,,,,9.0,,7.0,,16,,Nuwara Eliya,7.05856_80.91466_2025-11-27,174.86,286.79,402.72,545.25,616.84,174.86,7.0,NASA POWER PRECTOTCORR / MERRA-2,ok,1879,0.1562917425309921,17.71443,61.28723,18.54085,2.18735,5.51562,1.2201,0.06323,18.12809,15.73324,34.53384,2,71_68,1,True,1,0,0,3
7.053802,80.893417,2025-11-27,2025-11-27,2025-11-27,1,parsed_single,2025.11.27,,2026-02-05,2026.02.05,Nuwara Eliya,නිල්දණ්ඩහින්න ප්රා.ලේ.කො,උඩගම,HR2,HR2,,NBRI/NE/WLD[Nildandahinna]/2026/DSDD/126),NBRI/NE/WLD[Nildandahinna]/2026/DSDD/126),,House / නිවාස,Slope failures / බැවුම් අස්ථාවරවීම්,Resettle / නැවත පදිංචිකිරීම,Partially / අර්ධහානි,,,,,1.0,1.0,,8.0,,10,,Nuwara Eliya,7.0538_80.89342_2025-11-27,174.86,286.79,402.72,545.25,616.84,174.86,7.0,NASA POWER PRECTOTCORR / MERRA-2,ok,1909,0.7861540641102416,17.93237,60.30223,19.17605,2.20417,5.47929,1.20761,0.06449,19.7528,15.73828,36.32545,2,71_68,1,True,1,0,0,2
7.058373,80.90289,2025-11-27,2025-11-27,2025-11-27,1,parsed_single,2025.11.27,රාත්‍රී 7.18,2026-01-01,2026.01.01,Nuwara Eliya,නිල්දණ්ඩහින්න ප්රා.ලේ.කො,කරදගොල්ල,HR1,HR1,,NBRI/NE/WLD[Nildandahinna]/2025/PTG/සංශෝධනය/128 (ii),NBRI/NE/WLD[Nildandahinna]/2025/PTG/සංශෝධනය/128 (ii),525-බී,House / නිවාස,Slope failures / බැවුම් අස්ථාවරවීම්,Resettle / නැවත පදිංචිකිරීම,Fully / පුර්ණහානි,,,,1.0,,2.0,,31.0,,34,,Nuwara Eliya,7.05837_80.90289_2025-11-27,174.86,286.79,402.72,545.25,616.84,174.86,7.0,NASA POWER PRECTOTCORR / MERRA-2,ok,1909,0.6066047739708958,17.93237,60.30223,19.17605,2.20417,5.47929,1.20761,0.06449,19.7528,15.73828,36.32545,2,71_68,1,True,1,0,0,2
6.934603,80.682167,2025-11-27,2025-11-27,2025-11-27,1,parsed_single,2025.11.27,,2026-06-06,2026.06.06,Nuwara Eliya,නුවරඑළිය ප්රා.ලේ.කො,රත්නගිරිය,HR2,HR2,,NBRI/NE/NED/2026/LSG/41),NBRI/NE/NED/2026/LSG/41),475/ජිි,House / නිවාස,Other / වෙනත් (වෙනත් කරුණු යටතේ සදහන් කරන්න),Resettle / නැවත පදිංචිකිරීම,Partially / අර්ධහානි,0.0,අධික බෑවුම සහ නිම්න ආශ්‍රිත කලාප හේතුවෙන්,,,2.0,5.0,,6.0,,13,,Nuwara Eliya,6.9346_80.68217_2025-11-27,174.86,286.79,402.72,545.25,616.84,174.86,7.0,NASA POWER PRECTOTCORR / MERRA-2,ok,1931,0.2940123496834015,29.58379,48.68611,21.9157,2.32644,5.19503,1.17349,0.06157,0.52855,15.30322,29.51112,3,63_64,1,True,1,0,0,2
6.936357,80.683517,2025-11-28,2025-11-28,2025-11-28,1,parsed_single,2025-11-28 00:00:00,දවල් 2.30 - 3.00,2025-12-07,2025-12-07 00:00:00,Nuwara Eliya,නුවරඑළිය ප්රා.ලේ.කො,රත්නගිරිය,HR2,HR2,,NBRI/NE/NED[Thalawa]/2025/DSDD/07/සංශෝධන/Rev,NBRI/NE/NED[Thalawa]/2025/DSDD/07/සංශෝධන/Rev,,House / නිවාස,Slope failures / බැවුම් අස්ථාවරවීම්,Resettle / නැවත පදිංචිකිරීම,Partially / අර්ධහානි,,,,,3.0,,,,,3,,Nuwara Eliya,6.93636_80.68352_2025-11-28,64.6,322.04,457.49,601.37,680.32,174.86,7.0,NASA POWER PRECTOTCORR / MERRA-2,ok,1931,0.0637614869850579,29.58379,48.68611,21.9157,2.32644,5.19503,1.17349,0.06157,0.52855,15.30322,29.51112,3,63_64,1,True,1,0,1,2
7.056214,80.82831,2025-11-27,2025-11-27,2025-11-27,1,parsed_single,2025.11.27,,2025-12-24,2025.12.24,Nuwara Eliya,වලපනේ ප්රා.ලේ.කො,හයිෆොරස්ට්,HR1,HR1,,NBRI/NE/WLD/2025/SMK/සංශෝධන/50),NBRI/NE/WLD/2025/SMK/සංශෝධන/50),504 ඩී,House / නිවාස,Other / වෙනත් (වෙනත් කරුණු යටතේ සදහන් කරන්න),Resettle / නැවත පදිංචිකිරීම,Fully / පුර්ණහානි,,ආතති පැලුම්,,3.0,,,,6.0,,9,,Nuwara Eliya,7.05621_80.82831_2025-11-27,174.86,286.79,402.72,545.25,616.84,174.86,7.0,NASA POWER PRECTOTCORR / MERRA-2,ok,1932,0.3972833841214487,20.75477,57.39598,20.13863,2.11488,5.42139,1.2119,0.06366,12.08331,15.18663,31.57223,1,68_68,1,True,1,0,0,1
7.040158,80.91492,2025-11-27,2025-11-27,2025-11-27,1,parsed_single,2025.11.27,,2026-01-02,2026.01.02,Nuwara Eliya,නිල්දණ්ඩහින්න ප්රා.ලේ.කො,රූපහ නැගෙනහිර,HR1,HR1,,NBRI/NE/WLD[Nildandahinna]/2025/DMCP/47,NBRI/NE/WLD[Nildandahinna]/2025/DMCP/47,528 ඊ,House / නිවාස,Cutting failure / කණ්ඩි අස්ථාවරවීම්,Resettle / නැවත පදිංචිකිරීම,Fully / පුර්ණහානි,,,,1.0,2.0,3.0,,,,6,,Nuwara Eliya,7.04016_80.91492_2025-11-27,174.86,286.79,402.72,545.25,616.84,174.86,7.0,NASA POWER PRECTOTCORR / MERRA-2,ok,1942,0.9280041289031338,17.69523,60.71414,18.98654,2.20145,5.48819,1.2105,0.06436,19.74053,15.73719,36.08893,2,71_68,1,True,1,0,0,1
7.062492,80.945148,2025-11-27,2025-11-27,2025-11-27,1,parsed_single,2025.11.27,,2026-03-23,2026.03.23,Nuwara Eliya,නිල්දණ්ඩහින්න ප්රා.ලේ.කො,කන්දේයාය,HR1,HR1,,NBRI/NE/WLD[Nildandahinna]/2026/LY/138),NBRI/NE/WLD[Nildandahinna]/2026/LY/138),427/සී,House / නිවාස,Slope failures / බැවුම් අස්ථාවරවීම්,Resettle / නැවත පදිංචිකිරීම,Fully / පුර්ණහානි,,,,1.0,,,,,,1,,Nuwara Eliya,7.06249_80.94515_2025-11-27,197.46,282.28,366.78,487.29,569.36,197.46,7.0,NASA POWER PRECTOTCORR / MERRA-2,ok,2029,0.2323542777008111,16.89113,62.62784,18.13708,2.02749,5.54527,1.24836,0.06272,16.25704,15.51543,31.91845,1,72_68,1,True,1,0,0,1
7.184191,80.848385,2025-11-27,2025-11-27,2025-11-27,1,parsed_single,2025.11.27,,2026-02-13,2026.02.13,Nuwara Eliya,වලපනේ ප්රා.ලේ.කො,පන්නල,HR2,HR2,,NBRI/NE/WLD/2026/DSDD/146),NBRI/NE/WLD/2026/DSDD/146),,House / නිවාස,"Slope failures / බැවුම් අස්ථාවරවීම්, Rock fall / ගල් පෙරලීම්",Resettle / නැවත පදිංචිකිරීම,Partially / අර්ධහානි,,,,,1.0,1.0,,7.0,,9,,Nuwara Eliya,7.18419_80.84838_2025-11-27,174.86,286.79,402.72,545.25,616.84,174.86,7.0,NASA POWER PRECTOTCORR / MERRA-2,ok,2031,0.2843273900640978,17.58407,64.17291,16.9272,1.24659,5.78079,1.34233,0.05322,11.75953,13.51853,28.17031,2,69_73,1,True,1,0,0,1
7.081213,80.814601,2025-11-27,2025-11-27,2025-11-27,1,parsed_single,2025.11.27,,2026-02-25,2026.02.25,Nuwara Eliya,වලපනේ ප්රා.ලේ.කො,උකුතුලේ නැගෙනහිර,HR2,HR2,,NBRI/NE/WLD/2026/DMCP/124),NBRI/NE/WLD/2026/DMCP/124),517/ඒ,House / නිවාස,"Cutting failure / කණ්ඩි අස්ථාවරවීම්, Slope failures / බැවුම් අස්ථාවරවීම්",Resettle / නැවත පදිංචිකිරීම,Minor or No Damages / සුළුහානි හෝ හානි නොමැති,,,,,1.0,,,2.0,,3,,Nuwara Eliya,7.08121_80.8146_2025-11-27,174.86,286.79,402.72,545.25,616.84,174.86,7.0,NASA POWER PRECTOTCORR / MERRA-2,ok,2112,0.2625434546154768,21.23809,57.32239,19.75404,2.06267,5.47999,1.23651,0.0604,10.51138,15.17907,30.22499,1,68_69,1,True,1,0,0,1
7.075069,80.932841,2025-11-27,2025-11-27,2025-11-27,1,parsed_single,2025.11.27,,2026-02-22,2026.02.22,Nuwara Eliya,නිල්දණ්ඩහින්න ප්රා.ලේ.කො,යටිමාදුර,HR2,HR2,,NBRI/NE/WLD[Nildandahinna]/2026/DMCP/103),NBRI/NE/WLD[Nildandahinna]/2026/DMCP/103),518ඩී,House / නිවාස,Slope failures / බැවුම් අස්ථාවරවීම්,Resettle / නැවත පදිංචිකිරීම,Partially / අර්ධහානි,,,,,2.0,,,,,2,,Nuwara Eliya,7.07507_80.93284_2025-11-27,174.86,286.79,402.72,545.25,616.84,174.86,7.0,NASA POWER PRECTOTCORR / MERRA-2,ok,2117,0.1007515027821268,17.38425,62.51622,17.80779,2.08186,5.5714,1.24167,0.06186,16.46754,15.40673,32.58791,3,72_69,1,True,1,0,0,1
7.057446,80.762382,2025-11-27,2025-11-27,2025-11-27,1,parsed_single,2025.11.27,,2026-01-23,2026.01.23,Nuwara Eliya,මතුරට ප්රා.ලේ.කො,කබරගල,HR3,HR3,,NBRI/NE/HKD[Mathurata]/2026/DSDD/91),NBRI/NE/HKD[Mathurata]/2026/DSDD/91),,House / නිවාස,Rock fall / ගල් පෙරලීම්,Resettle / නැවත පදිංචිකිරීම,Minor or No Damages / සුළුහානි හෝ හානි නොමැති,,,,,,1.0,,3.0,,4,,Nuwara Eliya,7.05745_80.76238_2025-11-27,174.86,286.79,402.72,545.25,616.84,174.86,7.0,NASA POWER PRECTOTCORR / MERRA-2,ok,2164,0.2491773593565718,24.05891,53.73086,20.84968,2.16382,5.29135,1.20307,0.06387,7.40976,15.3104,30.02828,1,66_68,1,True,1,0,0,1
6.975721,80.662346,2025-11-27,2025-11-27,2025-11-27,1,parsed_single,2025.11.27,,2026-02-17,2026.02.17,Nuwara Eliya,අඹගමුව ප්රා.ලේ.කො,දගම්පිටිය,HR3,HR3,,NBRI/NE/ABD/2026/VK/20),NBRI/NE/ABD/2026/VK/20),316 එෆ්,House / නිවාස,Slope failures / බැවුම් අස්ථාවරවීම්,Resettle / නැවත පදිංචිකිරීම,Minor or No Damages / සුළුහානි හෝ හානි නොමැති,,,,,,2.0,,,,2,,Nuwara Eliya,6.97572_80.66235_2025-11-27,174.86,286.79,402.72,545.25,616.84,174.86,7.0,NASA POWER PRECTOTCORR / MERRA-2,ok,2187,0.4766097974749245,25.38687,54.28104,19.81686,2.32046,5.23025,1.16811,0.06805,1.3568,15.34732,25.62009,4,62_65,1,True,1,0,0,1
7.123701,80.914458,2025-11-27,2025-11-27,2025-11-27,1,parsed_single,2025-11-27 00:00:00,,2026-01-29,2026-01-29 00:00:00,Nuwara Eliya,නිල්දණ්ඩහින්න ප්රා.ලේ.කො,මල්ලාගම,HR1,HR1,,NBRI/NE/WLD[Nildandahinna]/2026/DSDD/111),NBRI/NE/WLD[Nildandahinna]/2026/DSDD/111),,House / නිවාස,Slope failures / බැවුම් අස්ථාවරවීම්,Resettle / නැවත පදිංචිකිරීම,Fully / පුර්ණහානි,,,,1.0,,,,2.0,,3,,Nuwara Eliya,7.1237_80.91446_2025-11-27,174.86,286.79,402.72,545.25,616.84,174.86,7.0,NASA POWER PRECTOTCORR / MERRA-2,ok,2210,0.2955872761310366,15.65482,65.41071,17.08869,1.31408,5.70181,1.32627,0.05739,14.35158,13.86723,28.81692,1,71_71,1,True,1,0,0,2
7.125579,80.915886,2025-11-27,2025-11-27,2025-11-27,1,parsed_single,2025.11.27,,2026-01-29,2026.01.29,Nuwara Eliya,නිල්දණ්ඩහින්න ප්රා.ලේ.කො,මල්ලාගම,HR2,HR2,,NBRI/NE/WLD[Nildandahinna]/2026/DSDD/113),NBRI/NE/WLD[Nildandahinna]/2026/DSDD/113),,House / නිවාස,Slope failures / බැවුම් අස්ථාවරවීම්,Resettle / නැවත පදිංචිකිරීම,Partially / අර්ධහානි,,,,,1.0,,,1.0,,2,,Nuwara Eliya,7.12558_80.91589_2025-11-27,174.86,286.79,402.72,545.25,616.84,174.86,7.0,NASA POWER PRECTOTCORR / MERRA-2,ok,2210,0.2379406632089707,15.65482,65.41071,17.08869,1.31408,5.70181,1.32627,0.05739,14.35158,13.86723,28.81692,1,71_71,1,True,1,0,0,2
7.060441,80.947658,2025-11-27,2025-11-27,2025-11-27,1,parsed_single,2025.11.27,,2026-03-31,2026.03.31,Nuwara Eliya,නිල්දණ්ඩහින්න ප්රා.ලේ.කො,කන්දෙයාය,HR3,HR3,,NBRI/NE/WLD[Nildandahinna]/2026/DSDD/239),NBRI/NE/WLD[Nildandahinna]/2026/DSDD/239),527/සී,House / නිවාස,Slope failures / බැවුම් අස්ථාවරවීම්,Resettle / නැවත පදිංචිකිරීම,Minor or No Damages / සුළුහානි හෝ හානි නොමැති,,,,,,1.0,,6.0,,7,,Nuwara Eliya,7.06044_80.94766_2025-11-27,197.46,282.28,366.78,487.29,569.36,197.46,7.0,NASA POWER PRECTOTCORR / MERRA-2,ok,2213,0.2665813370419443,16.89113,62.62784,18.13708,2.02749,5.54527,1.24836,0.06272,16.25704,15.51543,31.91845,1,73_68,1,True,1,0,0,1
6.98895,80.83411,2025-11-28,2025-11-28,2025-11-28,1,parsed_single,2025-11-28 00:00:00,උදේ 3.40,2025-12-14,2025-12-14 00:00:00,Nuwara Eliya,නුවරඑළිය ප්රා.ලේ.කො,‌කොන්කෝඩියා,HR2,HR2,,NBRI/NE/NED/2025/RR/02,NBRI/NE/NED/2025/RR/02,534 F,House / නිවාස,Slope failures / බැවුම් අස්ථාවරවීම්,Resettle / නැවත පදිංචිකිරීම,Partially / අර්ධහානි,,,,,1.0,,,1.0,,2,,Nuwara Eliya,6.98895_80.83411_2025-11-28,64.6,322.04,457.49,601.37,680.32,174.86,7.0,NASA POWER PRECTOTCORR / MERRA-2,ok,2307,0.2150872803399021,22.66042,54.6917,20.8582,2.13647,5.37763,1.16568,0.06881,11.20468,15.38104,32.77726,1,68_66,1,True,1,0,0,1
7.045382,80.57052,2025-11-27,2025-11-27,2025-11-27,1,parsed_single,2025.11.27,,2026-01-30,2026.01.30,Nuwara Eliya,වලපනේ ප්රා.ලේ.කො,පළල්පතන,HR2,HR2,,NBRI/NE/WLD]/2026/DSDD/118),NBRI/NE/WLD]/2026/DSDD/118),,House / නිවාස,Other / වෙනත් (වෙනත් කරුණු යටතේ සදහන් කරන්න),Resettle / නැවත පදිංචිකිරීම,Partially / අර්ධහානි,,බෑවුම් අස්ථාවර වූ නිම්නය අසළ,,,2.0,,,9.0,,11,,Nuwara Eliya,7.04538_80.57052_2025-11-27,174.86,286.79,402.72,545.25,616.84,174.86,7.0,NASA POWER PRECTOTCORR / MERRA-2,ok,2308,0.2436124919204857,21.71866,61.19328,16.11674,1.60589,5.29519,1.27815,0.06029,0.92304,12.99115,21.31077,0,59_68,1,True,1,0,0,1
7.169503,80.783403,2025-11-27,2025-11-27,2025-11-27,1,parsed_single,2025.11.27,,2026-03-21,2026.03.21,Nuwara Eliya,හඟුරන්කෙත ප්රා.ලේ.කො,කොට්ටල,HR3,HR3,,NBRI/NE/HKD/2026/DSDD/221),NBRI/NE/HKD/2026/DSDD/221),493/ඒ,House / නිවාස,"Cutting failure / කණ්ඩි අස්ථාවරවීම්, Rock fall / ගල් පෙරලීම්",Resettle / නැවත පදිංචිකිරීම,Minor or No Damages / සුළුහානි හෝ හානි නොමැති,,,,,,1.0,,2.0,,3,,Nuwara Eliya,7.1695_80.7834_2025-11-27,174.86,286.79,402.72,545.25,616.84,174.86,7.0,NASA POWER PRECTOTCORR / MERRA-2,ok,2322,0.4313956092560708,22.50388,57.88047,18.29725,1.53249,5.61086,1.28102,0.05344,7.4878,14.58487,28.64483,3,67_72,1,True,1,0,0,1
7.068362,80.926003,2025-11-27,2025-11-27,2025-11-27,1,parsed_single,2025.11.27,,2026-02-10,2026.02.10,Nuwara Eliya,නිල්දණ්ඩහින්න ප්රා.ලේ.කො,"තුංහිටියාව,යටිමාදුර,",HR1,HR1,,NBRI/NE/WLD[Nildandahinna]/2026/LY/105,NBRI/NE/WLD[Nildandahinna]/2026/LY/105,"518/ඊ,518/ඩිි",House / නිවාස,Other / වෙනත් (වෙනත් කරුණු යටතේ සදහන් කරන්න),Resettle / නැවත පදිංචිකිරීම,Fully / පුර්ණහානි,,සුන්බුන් ගලනය,,1.0,,,,17.0,,18,,Nuwara Eliya,7.06836_80.926_2025-11-27,174.86,286.79,402.72,545.25,616.84,174.86,7.0,NASA POWER PRECTOTCORR / MERRA-2,ok,2359,0.0619453472393521,17.53543,61.88809,18.18971,2.09583,5.54396,1.23174,0.06293,17.35993,15.41169,33.6005,3,72_69,1,True,1,0,0,1
6.936198,80.783728,2025-11-27,2025-11-27,2025-11-27,1,parsed_single,2025.11.27,,2026-02-19,2026.02.19,Nuwara Eliya,නුවරඑළිය ප්රා.ලේ.කො,රුවන්එළිය,HR1,HR1,,NBRI/NE/NED/2026/DSDD/164),NBRI/NE/NED/2026/DSDD/164),,House / නිවාස,Other / වෙනත් (වෙනත් කරුණු යටතේ සදහන් කරන්න),Resettle / නැවත පදිංචිකිරීම,Fully / පුර්ණහානි,0.0,නිවස අස්ථාවර වූ නිම්නයේ පිහිටීම,,1.0,,,,5.0,,6,,Nuwara Eliya,6.9362_80.78373_2025-11-27,174.86,286.79,402.72,545.25,616.84,174.86,7.0,NASA POWER PRECTOTCORR / MERRA-2,ok,2410,0.629897231508865,28.79585,47.20504,23.43042,2.25452,5.30369,1.14718,0.07364,2.14042,15.60979,30.23049,2,66_64,1,True,1,0,0,1
7.021211,80.673811,2025-11-27,2025-11-27,2025-11-27,1,parsed_single,2025-11-27 00:00:00,,2025-11-20,2025-11-20 00:00:00,Nuwara Eliya,කොත්මලේ නැගෙනහිර ප්රා.ලේ.කො,උතුරු පූඩළුඔය,HR2,HR2,,NBRI/NE/KTD[East]-55/2025/DSDD/28) - Rev,NBRI/NE/KTD[East]-55/2025/DSDD/28) - Rev,468 E,House / නිවාස,Slope failures / බැවුම් අස්ථාවරවීම්,Resettle / නැවත පදිංචිකිරීම,Partially / අර්ධහානි,,,,,1.0,1.0,,4.0,,6,,Nuwara Eliya,7.02121_80.67381_2025-11-27,174.86,286.79,402.72,545.25,616.84,174.86,7.0,NASA POWER PRECTOTCORR / MERRA-2,ok,2431,0.3494490502673079,25.12547,54.38983,19.54617,2.21846,5.31825,1.18709,0.06543,2.88469,14.69115,26.59798,1,62_67,1,True,1,0,0,1
7.063782,80.775375,2025-11-27,2025-11-27,2025-11-27,1,parsed_single,2025-11-27 00:00:00,,2026-01-05,2026-01-05 00:00:00,Nuwara Eliya,මතුරට ප්රා.ලේ.කො,කැටහිර,HR1,HR1,,NBRI/NE/HKD[Mathurata]/2025/KLKT/35),NBRI/NE/HKD[Mathurata]/2025/KLKT/35),511එෆ්,House / නිවාස,Slope failures / බැවුම් අස්ථාවරවීම්,Resettle / නැවත පදිංචිකිරීම,Fully / පුර්ණහානි,,,,1.0,,2.0,,,,3,,Nuwara Eliya,7.06378_80.77538_2025-11-27,174.86,286.79,402.72,545.25,616.84,174.86,7.0,NASA POWER PRECTOTCORR / MERRA-2,ok,2463,0.3021625077190012,23.60896,53.96631,20.85615,2.15584,5.29549,1.20568,0.06349,8.82862,15.31241,30.80581,4,66_69,1,True,1,0,0,1
6.998234,80.683053,2025-11-27,2025-11-27,2025-11-27,1,parsed_single,2025-11-27 00:00:00,,2026-01-09,2026-01-09 00:00:00,Nuwara Eliya,කොත්මලේ නැගෙනහිර ප්රා.ලේ.කො,ශීන් වත්ත,HR3,HR3,,NBRI/NE/KTD(East)/2026/KLKT/50),NBRI/NE/KTD(East)/2026/KLKT/50),,House / නිවාස,Slope failures / බැවුම් අස්ථාවරවීම්,Resettle / නැවත පදිංචිකිරීම,Minor or No Damages / සුළුහානි හෝ හානි නොමැති,,,,,,1.0,,,,1,,Nuwara Eliya,6.99823_80.68305_2025-11-27,174.86,286.79,402.72,545.25,616.84,174.86,7.0,NASA POWER PRECTOTCORR / MERRA-2,ok,2540,0.5086166298574342,25.22242,53.99212,20.08044,2.2542,5.29271,1.18255,0.0666,2.2152,15.41815,26.27312,0,63_66,1,True,1,0,0,1
7.092329,80.695983,2025-11-27,2025-11-27,2025-11-27,1,parsed_single,2025-11-27 00:00:00,,2025-12-22,2025-12-22 00:00:00,Nuwara Eliya,කොත්මලේ නැගෙනහිර ප්රා.ලේ.කො,කරගස්තලාව,HR1,HR1,,NBRI/NE/KTD[East]/2025/LY/සංශෝධන/19),NBRI/NE/KTD[East]/2025/LY/සංශෝධන/19),474 / ඒ,House / නිවාස,Landslide / නායයෑම්,Resettle / නැවත පදිංචිකිරීම,Fully / පුර්ණහානි,,,,4.0,3.0,4.0,,10.0,,21,,Nuwara Eliya,7.09233_80.69598_2025-11-27,174.86,286.79,402.72,545.25,616.84,174.86,7.0,NASA POWER PRECTOTCORR / MERRA-2,ok,2572,0.1659396300895985,24.35981,55.06183,19.37528,1.51233,5.35418,1.2499,0.06093,4.95821,13.9677,27.9714,1,63_69,1,True,1,0,0,2
7.092897,80.695847,2025-11-27,2025-11-27,2025-11-27,1,parsed_single,2025.11.27,,2026-04-20,2026.04.20,Nuwara Eliya,කොත්මලේ නැගෙනහිර ප්රා.ලේ.කො,කරගස්තලාව,HR2,HR2,,NBRI/NE/KTD[East]/2026/DSDD/255),NBRI/NE/KTD[East]/2026/DSDD/255),474/ඒ,House / නිවාස,Other / වෙනත් (වෙනත් කරුණු යටතේ සදහන් කරන්න),Resettle / නැවත පදිංචිකිරීම,Partially / අර්ධහානි,,ගලනය වන මාවතේ නිවාස පිහිටා තිබීම,,,1.0,3.0,,3.0,,7,,Nuwara Eliya,7.0929_80.69585_2025-11-27,174.86,286.79,402.72,545.25,616.84,174.86,7.0,NASA POWER PRECTOTCORR / MERRA-2,ok,2572,0.2297441659005731,24.35981,55.06183,19.37528,1.51233,5.35418,1.2499,0.06093,4.95821,13.9677,27.9714,1,63_69,1,True,1,0,0,2
7.188508,80.763362,2025-11-27,2025-11-27,2025-11-27,1,parsed_single,2025.11.27,,2026-02-23,2026.02.23,Nuwara Eliya,හඟුරන්කෙත ප්රා.ලේ.කො,යටිහගුරන්කෙත,HR3,HR3,,NBRI/NE/HKD/2026/DSDD/171),NBRI/NE/HKD/2026/DSDD/171),495බී,House / නිවාස,Other / වෙනත් (වෙනත් කරුණු යටතේ සදහන් කරන්න),Resettle / නැවත පදිංචිකිරීම,Minor or No Damages / සුළුහානි හෝ හානි නොමැති,,අවදානම් සහිත නිම්නයක පිහිටා තිබීම සහ දළ බෑවුම,,,,3.0,,,,3,,Nuwara Eliya,7.18851_80.76336_2025-11-27,174.86,286.79,402.72,545.25,616.84,174.86,7.0,NASA POWER PRECTOTCORR / MERRA-2,ok,2581,0.5187667898911761,22.86617,57.7094,18.0673,1.52706,5.62637,1.28257,0.05385,5.91031,14.5833,27.44934,0,66_73,1,True,1,0,0,1
7.183606,80.830361,2025-11-27,2025-11-27,2025-11-27,1,parsed_single,2025.11.27,,2026-05-11,2026.05.11,Nuwara Eliya,හඟුරන්කෙත ප්රා.ලේ.කො,ඇදිරිබැද්ද,HR1,HR1,,NBRI/NE/HKD/2026/VKG/55),NBRI/NE/HKD/2026/VKG/55),,House / නිවාස,Slope failures / බැවුම් අස්ථාවරවීම්,Resettle / නැවත පදිංචිකිරීම,Fully / පුර්ණහානි,,,,1.0,,,,,,1,,Nuwara Eliya,7.18361_80.83036_2025-11-27,174.86,286.79,402.72,545.25,616.84,174.86,7.0,NASA POWER PRECTOTCORR / MERRA-2,ok,2601,0.1383857163657974,19.15443,62.15682,17.43161,1.26021,5.73742,1.33668,0.05399,10.1705,13.82006,28.16651,4,68_73,1,True,1,0,0,1
6.960145,80.641481,2025-11-27,2025-11-27,2025-11-27,1,parsed_single,2025.11.27,,2026-07-08,2026.07.08,Nuwara Eliya,තලවකැලේ ප්රා.ලේ.කො,වටගොඩ,HR3,HR3,,NBRI/NE/NED[Thalawakele]/2026/KATD/38),NBRI/NE/NED[Thalawakele]/2026/KATD/38),,House / නිවාස,Slope failures / බැවුම් අස්ථාවරවීම්,Resettle / නැවත පදිංචිකිරීම,Minor or No Damages / සුළුහානි හෝ හානි නොමැති,,,,,,3.0,,5.0,,8,,Nuwara Eliya,6.96014_80.64148_2025-11-27,174.86,286.79,402.72,545.25,616.84,174.86,7.0,NASA POWER PRECTOTCORR / MERRA-2,ok,2616,0.2812777204245305,23.75323,57.01651,18.61806,2.23703,5.18546,1.18695,0.06564,0.98096,14.58529,23.50142,0,61_65,1,True,1,0,0,1
7.179488,80.79552,2025-11-28,2025-11-28,2025-11-28,1,parsed_single,2025-11-28 00:00:00,,2025-12-19,2025-12-19 00:00:00,Nuwara Eliya,හඟුරන්කෙත ප්රා.ලේ.කො,උඩවත්ත නැගෙනහිර,HR2,HR2,,NBRI/NE/HKD-15/2025/DMCP/26-Rev,NBRI/NE/HKD-15/2025/DMCP/26-Rev,489 ඒ,House / නිවාස,Landslide / නායයෑම්,Resettle / නැවත පදිංචිකිරීම,Partially / අර්ධහානි,,,,,6.0,56.0,,30.0,,92,,Nuwara Eliya,7.17949_80.79552_2025-11-28,64.6,322.04,457.49,601.37,680.32,174.86,7.0,NASA POWER PRECTOTCORR / MERRA-2,ok,2711,0.3002584243795956,22.22927,58.23781,18.25593,1.53295,5.6137,1.28167,0.05298,8.00912,14.58517,28.91966,4,67_73,1,True,1,0,0,1
7.065013,80.934471,2025-11-27,2025-11-27,2025-11-27,1,parsed_single,2025.11.27,,2026-01-30,2026.01.30,Nuwara Eliya,නිල්දණ්ඩහින්න ප්රා.ලේ.කො,කන්දෙයාය,HR1,HR1,,NBRI/NE/WLD[Nildandahinna]/2026/LY/74),NBRI/NE/WLD[Nildandahinna]/2026/LY/74),527සී,House / නිවාස,Slope failures / බැවුම් අස්ථාවරවීම්,Resettle / නැවත පදිංචිකිරීම,Fully / පුර්ණහානි,,,,1.0,1.0,,,,,2,,Nuwara Eliya,7.06501_80.93447_2025-11-27,174.86,286.79,402.72,545.25,616.84,174.86,7.0,NASA POWER PRECTOTCORR / MERRA-2,ok,2740,0.141654522542745,17.40559,62.23448,17.98809,2.09319,5.55402,1.23564,0.06275,17.00958,15.40975,33.13875,3,72_69,1,True,1,0,0,1
7.007259,80.904409,2025-11-26,2025-11-26,2025-11-26,1,parsed_single,2025-11-26 00:00:00,,2026-01-15,2026-01-15 00:00:00,Nuwara Eliya,නිල්දණ්ඩහින්න ප්රා.ලේ.කො,උඩුපුස්සැල්ලාව උතුර,HR2,HR2,,NBRI/NE/WLD[Nildandahinna]/2026/DSDD/74),NBRI/NE/WLD[Nildandahinna]/2026/DSDD/74),533ඩී,House / නිවාස,Slope failures / බැවුම් අස්ථාවරවීම්,Resettle / නැවත පදිංචිකිරීම,Partially / අර්ධහානි,,ගල් පෙරලීම්,,,2.0,14.0,,,,16,,Nuwara Eliya,7.00726_80.90441_2025-11-26,82.58,168.03,233.01,381.89,442.44,82.58,7.0,NASA POWER PRECTOTCORR / MERRA-2,ok,2786,0.7326094004390726,16.97918,59.93501,20.09842,2.05515,5.45634,1.19512,0.06808,22.87146,15.66574,38.50022,1,71_66,1,True,1,0,0,1
7.018778,80.730874,2025-11-27,2025-11-27,2025-11-27,1,parsed_single,2025.11.27,,2026-02-03,2026.02.03,Nuwara Eliya,කොත්මලේ නැගෙනහිර ප්රා.ලේ.කො,සමන්එළිය,HR1,HR1,,NBRI/NE/KTD[East]/2026/LY/77),NBRI/NE/KTD[East]/2026/LY/77),,House / නිවාස,Slope failures / බැවුම් අස්ථාවරවීම්,Resettle / නැවත පදිංචිකිරීම,Fully / පුර්ණහානි,,,,1.0,,,,,,1,,Nuwara Eliya,7.01878_80.73087_2025-11-27,174.86,286.79,402.72,545.25,616.84,174.86,7.0,NASA POWER PRECTOTCORR / MERRA-2,ok,2808,0.2568069248331236,24.50494,53.66256,20.85161,2.26474,5.31671,1.18482,0.0642,4.85552,15.64712,28.0042,2,65_67,1,True,1,0,0,1
7.07347,80.608652,2025-11-27,2025-11-27,2025-11-27,1,parsed_single,2025.11.27,,2026-07-21,2026.07.21,Nuwara Eliya,කොත්මලේ බටහිර ප්රා.ලේ.කො,කොටගේපිටිය උතුර,HR3,HR3,,NBRI/NE/KTD[West]/2026/VKG/110),NBRI/NE/KTD[West]/2026/VKG/110),459/බී,House / නිවාස,Rock fall / ගල් පෙරලීම්,Resettle / නැවත පදිංචිකිරීම,Minor or No Damages / සුළුහානි හෝ හානි නොමැති,,,,,,1.0,,16.0,1.0,18,,Nuwara Eliya,7.07347_80.60865_2025-11-27,174.86,286.79,402.72,545.25,616.84,174.86,7.0,NASA POWER PRECTOTCORR / MERRA-2,ok,2824,0.449931796628656,24.31898,56.58553,18.19382,1.4928,5.41647,1.25378,0.0661,0.30235,13.45329,23.25142,2,60_69,1,True,1,0,0,1
7.013316,80.922254,2025-11-26,2025-11-26,2025-11-26,1,parsed_single,2025.11.26,උදේ 6.00,2026-01-03,2026.01.03,Nuwara Eliya,නිල්දණ්ඩහින්න ප්රා.ලේ.කො,කුරුපනාවෙල,HR3,HR3,,NBRI/NE/WLD[Nildandahinna]/2025/DSDD/47,NBRI/NE/WLD[Nildandahinna]/2025/DSDD/47,,House / නිවාස,Slope failures / බැවුම් අස්ථාවරවීම්,Resettle / නැවත පදිංචිකිරීම,Minor or No Damages / සුළුහානි හෝ හානි නොමැති,,,,,,7.0,,4.0,,11,,Nuwara Eliya,7.01332_80.92225_2025-11-26,82.58,168.03,233.01,381.89,442.44,82.58,7.0,NASA POWER PRECTOTCORR / MERRA-2,ok,2859,0.1682368778031511,16.72371,60.52072,19.79582,2.04087,5.47743,1.20313,0.06707,22.55927,15.6636,37.92912,3,72_67,1,True,1,0,0,1
7.164751,80.761983,2025-11-27,2025-11-27,2025-11-27,1,parsed_single,2025-11-27 00:00:00,,2026-01-10,2026-01-10 00:00:00,Nuwara Eliya,හඟුරන්කෙත ප්රා.ලේ.කො,හපුවල,HR3,HR3,,NBRI/NE/HKD/2026/LY/45),NBRI/NE/HKD/2026/LY/45),,House / නිවාස,Slope failures / බැවුම් අස්ථාවරවීම්,Resettle / නැවත පදිංචිකිරීම,Minor or No Damages / සුළුහානි හෝ හානි නොමැති,,,,,,6.0,,7.0,,13,,Nuwara Eliya,7.16475_80.76198_2025-11-27,174.86,286.79,402.72,545.25,616.84,174.86,7.0,NASA POWER PRECTOTCORR / MERRA-2,ok,2861,0.6502248773495237,23.12556,56.74819,18.6997,1.53692,5.58513,1.27681,0.05494,6.84851,14.58515,28.51589,0,66_72,1,True,1,0,0,1
7.138818,80.823338,2025-11-27,2025-11-27,2025-11-27,1,parsed_single,2025.11.27,,2026-06-18,2026.06.18,Nuwara Eliya,මතුරට ප්රා.ලේ.කො,බෝධිවෙල,HR3,HR3,,NBRI/NE/HKD[Mathurata]/2026/LSG/46),NBRI/NE/HKD[Mathurata]/2026/LSG/46),484/ඊ,House / නිවාස,Other / වෙනත් (වෙනත් කරුණු යටතේ සදහන් කරන්න),Resettle / නැවත පදිංචිකිරීම,Minor or No Damages / සුළුහානි හෝ හානි නොමැති,,බෑවුම් අස්ථාවරවීම සහ අස්ථාවර පාෂාණ කුට්ටි පෙරළීම,,,,1.0,,5.0,,6,,Nuwara Eliya,7.13882_80.82334_2025-11-27,174.86,286.79,402.72,545.25,616.84,174.86,7.0,NASA POWER PRECTOTCORR / MERRA-2,ok,2876,0.2959416228369441,21.21254,58.89898,18.44011,1.50789,5.56428,1.28373,0.05564,9.13379,14.85836,29.02526,2,68_71,1,True,1,0,0,1
7.150269,80.768594,2025-11-27,2025-11-27,2025-11-27,1,parsed_single,2025.11.27,,2026-01-24,2026.01.24,Nuwara Eliya,හඟුරන්කෙත ප්රා.ලේ.කො,හපුගස්දෙනිය,HR1,HR1,,NBRI/NE/HKD/2026/SMK/104),NBRI/NE/HKD/2026/SMK/104),,House / නිවාස,"Slope failures / බැවුම් අස්ථාවරවීම්, Rock fall / ගල් පෙරලීම්",Resettle / නැවත පදිංචිකිරීම,Fully / පුර්ණහානි,,,,1.0,,,,8.0,1.0,10,,Nuwara Eliya,7.15027_80.76859_2025-11-27,174.86,286.79,402.72,545.25,616.84,174.86,7.0,NASA POWER PRECTOTCORR / MERRA-2,ok,2889,0.0848715885003431,22.98356,56.48026,19.05632,1.52323,5.4884,1.261,0.05517,7.39557,14.22557,28.81889,0,66_72,1,True,1,0,0,1
6.857822,80.744137,2025-11-26,2025-11-26,2025-11-26,1,parsed_single,2025-11-26 00:00:00,,2025-12-27,2025-12-27 00:00:00,Nuwara Eliya,තලවකැලේ ප්රා.ලේ.කො,ඩයගම බටහිර,HR2,HR2,,NBRI/NE/NED(THALAWAKALE)/2025/PTG/99),NBRI/NE/NED(THALAWAKALE)/2025/PTG/99),475 L,Religiou / ආගමික ස්ථානය,Landslide / නායයෑම්,Resettle / නැවත පදිංචිකිරීම,Partially / අර්ධහානි,,,,,4.0,2.0,,2.0,,8,,Nuwara Eliya,6.85782_80.74414_2025-11-26,82.58,168.03,233.01,381.89,442.44,82.58,7.0,NASA POWER PRECTOTCORR / MERRA-2,ok,2903,0.3429863601606794,26.97131,50.61828,21.75004,2.27619,5.21235,1.16049,0.07061,1.06577,14.56737,26.9425,4,65_61,1,True,1,0,0,1
7.140993,80.825511,2025-11-27,2025-11-27,2025-11-27,1,parsed_single,2025.11.27,,2026-02-10,2026.02.10,Nuwara Eliya,මතුරට ප්රා.ලේ.කො,රම්මල කදුර,HR3,HR3,,NBRI/NE/HKD[Mathurata]/2026/DSDD/137),NBRI/NE/HKD[Mathurata]/2026/DSDD/137),,House / නිවාස,Slope failures / බැවුම් අස්ථාවරවීම්,Resettle / නැවත පදිංචිකිරීම,Minor or No Damages / සුළුහානි හෝ හානි නොමැති,,බෑවුම අස්‍ථාවරවීම,,,,2.0,,,,2,,Nuwara Eliya,7.14099_80.82551_2025-11-27,174.86,286.79,402.72,545.25,616.84,174.86,7.0,NASA POWER PRECTOTCORR / MERRA-2,ok,2933,0.3558033215771319,21.21254,58.89898,18.44011,1.50789,5.56428,1.28373,0.05564,9.13379,14.85836,29.02526,2,68_71,1,True,1,0,0,1
6.874586,80.625756,2025-11-27,2025-11-27,2025-11-27,1,parsed_single,2025.11.27,,2026-02-26,2026.02.26,Nuwara Eliya,නොර්වුඩ් ප්රා.ලේ.කො,මේෆීල්ඩ්,HR3,HR3,,NBRI/NE/ABD[Norwood]/2026/DSDD/184),NBRI/NE/ABD[Norwood]/2026/DSDD/184),319/අයි,House / නිවාස,Slope failures / බැවුම් අස්ථාවරවීම්,Resettle / නැවත පදිංචිකිරීම,Minor or No Damages / සුළුහානි හෝ හානි නොමැති,,,,,,1.0,,4.0,,5,,Nuwara Eliya,6.87459_80.62576_2025-11-27,174.86,286.79,402.72,545.25,616.84,174.86,7.0,NASA POWER PRECTOTCORR / MERRA-2,ok,2975,0.3382771784067217,23.92213,57.43102,17.63153,2.25874,5.18138,1.21817,0.06192,2.28962,14.24592,24.05571,0,61_62,1,True,1,0,0,1
7.055437,80.836267,2025-11-27,2025-11-27,2025-11-27,1,parsed_single,2025-11-27 00:00:00,,2025-12-28,2025-12-28 00:00:00,Nuwara Eliya,වලපනේ ප්රා.ලේ.කො,මොරබැද්ද,HR3,HR3,,NBRI/NE/WLD/2025/PTG/98),NBRI/NE/WLD/2025/PTG/98),526 සී,House / නිවාස,Landslide / නායයෑම්,Resettle / නැවත පදිංචිකිරීම,Minor or No Damages / සුළුහානි හෝ හානි නොමැති,,,,,,2.0,,12.0,1.0,15,,Nuwara Eliya,7.05544_80.83627_2025-11-27,174.86,286.79,402.72,545.25,616.84,174.86,7.0,NASA POWER PRECTOTCORR / MERRA-2,ok,3023,0.3313960515418914,20.67476,57.63484,19.97673,2.10225,5.43733,1.21782,0.06284,11.97141,15.18516,31.33954,1,68_68,1,True,1,0,0,1
7.079423,80.82688,2025-11-27,2025-11-27,2025-11-27,1,parsed_single,2025-11-27 00:00:00,,2025-12-24,2025-12-24 00:00:00,Nuwara Eliya,වලපනේ ප්රා.ලේ.කො,හයිෆොරස්ට් 504 ඊ කුරුදුඔය,HR2,HR2,,NBRI/NE/WLD/2025/SMK/51,NBRI/NE/WLD/2025/SMK/51,504 ඊ,House / නිවාස,Other / වෙනත් (වෙනත් කරුණු යටතේ සදහන් කරන්න),Resettle / නැවත පදිංචිකිරීම,Partially / අර්ධහානි,,,,,2.0,,,2.0,,4,,Nuwara Eliya,7.07942_80.82688_2025-11-27,174.86,286.79,402.72,545.25,616.84,174.86,7.0,NASA POWER PRECTOTCORR / MERRA-2,ok,3063,0.1422693006191112,20.93077,57.61498,19.77222,2.07633,5.4668,1.2301,0.06119,11.07531,15.18134,30.58448,1,68_69,1,True,1,0,0,1
6.938664,80.536881,2025-11-27,2025-11-27,2025-11-27,1,parsed_single,2025.11.27,,2026-01-26,2026.01.26,Nuwara Eliya,අඹගමුව ප්රා.ලේ.කො,වටවල,HR3,HR3,,NBRI/NE/ABD/2026/PTG/206),NBRI/NE/ABD/2026/PTG/206),,House / නිවාස,Slope failures / බැවුම් අස්ථාවරවීම්,Resettle / නැවත පදිංචිකිරීම,Minor or No Damages / සුළුහානි හෝ හානි නොමැති,,,,,,1.0,,3.0,,4,,Nuwara Eliya,6.93866_80.53688_2025-11-27,174.86,286.79,402.72,545.25,616.84,174.86,7.0,NASA POWER PRECTOTCORR / MERRA-2,ok,3080,0.447065157914902,17.59495,67.71379,13.38576,2.267,5.10761,1.27311,0.06242,2.44524,13.40964,18.2142,3,57_64,1,True,1,0,0,1
7.040006,80.857214,2025-11-27,2025-11-27,2025-11-27,1,parsed_single,2025.11.27,,2026-01-30,2026.01.30,Nuwara Eliya,වලපනේ ප්රා.ලේ.කො,පළල්පතන,HR2,HR2,,NBRI/NE/WLD/2026/DSDD/117),NBRI/NE/WLD/2026/DSDD/117),526ඒ,House / නිවාස,Slope failures / බැවුම් අස්ථාවරවීම්,Resettle / නැවත පදිංචිකිරීම,Partially / අර්ධහානි,,,,,1.0,1.0,,6.0,,8,,Nuwara Eliya,7.04001_80.85721_2025-11-27,174.86,286.79,402.72,545.25,616.84,174.86,7.0,NASA POWER PRECTOTCORR / MERRA-2,ok,3107,0.2260467912951524,19.4535,58.73274,19.50793,2.13707,5.47633,1.19573,0.06439,16.21997,15.39118,34.31285,4,69_68,1,True,1,0,0,1
6.94054,80.712146,2025-11-27,2025-11-27,2025-11-27,1,parsed_single,2025.11.27,,2026-05-21,2026.05.21,Nuwara Eliya,නුවරඑළිය ප්රා.ලේ.කො,සමර්සෙට්,HR1,HR1,,NBRI/NE/NED/2026/WGMSS/79),NBRI/NE/NED/2026/WGMSS/79),475/ඩබ්,House / නිවාස,Landslide / නායයෑම්,Resettle / නැවත පදිංචිකිරීම,Fully / පුර්ණහානි,0.0,,,2.0,,,,4.0,,6,,Nuwara Eliya,6.94054_80.71215_2025-11-27,174.86,286.79,402.72,545.25,616.84,174.86,7.0,NASA POWER PRECTOTCORR / MERRA-2,ok,3167,0.3043540979065305,28.52658,49.0855,22.13637,2.34924,5.29095,1.17213,0.06861,1.16248,15.78678,28.84793,4,64_64,1,True,1,0,0,1
7.130217,80.922939,2025-11-27,2025-11-27,2025-11-27,1,parsed_single,2025.11.27,,2026-04-04,2026.04.04,Nuwara Eliya,නිල්දණ්ඩහින්න ප්රා.ලේ.කො,හෑගස්උල්ල,HR2,HR2,,NBRI/NE/WLD[Nildandahinna]/2026/SMK/179),NBRI/NE/WLD[Nildandahinna]/2026/SMK/179),521/ඒ,House / නිවාස,Slope failures / බැවුම් අස්ථාවරවීම්,Resettle / නැවත පදිංචිකිරීම,Partially / අර්ධහානි,,,,,1.0,,,3.0,,4,,Nuwara Eliya,7.13022_80.92294_2025-11-27,174.86,286.79,402.72,545.25,616.84,174.86,7.0,NASA POWER PRECTOTCORR / MERRA-2,ok,3195,0.6537127853199629,15.43961,66.23206,16.5141,1.29321,5.70671,1.33813,0.05737,14.0432,13.74684,28.32795,1,72_71,1,True,1,0,0,1
7.121194,80.812656,2025-11-27,2025-11-27,2025-11-27,1,parsed_single,2025.11.27,,2026-06-04,2026.06.04,Nuwara Eliya,වලපනේ ප්රා.ලේ.කො,උණගොල්ල,HR3,HR3,,NBRI/NE/WLD/2026/KATD/21),NBRI/NE/WLD/2026/KATD/21),506/ඒ,House / නිවාස,Other / වෙනත් (වෙනත් කරුණු යටතේ සදහන් කරන්න),Resettle / නැවත පදිංචිකිරීම,Minor or No Damages / සුළුහානි හෝ හානි නොමැති,,බෑවුම අස්‍ථාවරවීම / නිවාස ඉරිතැලීම,,,,2.0,,,,2,,Nuwara Eliya,7.12119_80.81266_2025-11-27,174.86,286.79,402.72,545.25,616.84,174.86,7.0,NASA POWER PRECTOTCORR / MERRA-2,ok,3250,0.248781117278438,20.96276,58.25508,19.17179,2.02879,5.53451,1.25184,0.05795,9.80481,15.17527,29.24694,2,68_71,1,True,1,0,0,1
6.847804,80.749638,2025-11-28,2025-11-28,2025-11-28,1,parsed_single,2025-11-28 00:00:00,,2025-12-25,2025-12-25 00:00:00,Nuwara Eliya,තලවකැලේ ප්රා.ලේ.කො,සැන්ඩ්‍රිගම් වත්ත,HR2,HR2,,NBRI/NE/NED[Thalawakale]/2025/IC/05),NBRI/NE/NED[Thalawakale]/2025/IC/05),,(වෙනත් කරුණු යටතේ සටහන් කරන්න),Landslide / නායයෑම්,Resettle / නැවත පදිංචිකිරීම,Partially / අර්ධහානි,,වතු අධිකාරි නිළ නිවාස,,,2.0,,,2.0,,4,,Nuwara Eliya,6.8478_80.74964_2025-11-28,64.6,322.04,457.49,601.37,680.32,174.86,7.0,NASA POWER PRECTOTCORR / MERRA-2,ok,3254,0.2872013411705196,26.64325,50.80131,21.79983,2.28397,5.21319,1.15912,0.07165,1.0225,14.56796,26.57007,4,65_61,1,True,1,0,0,1
7.19018,80.76554,2025-11-27,2025-11-27,2025-11-27,1,parsed_single,2025-11-27 00:00:00,,2025-02-06,2025-02-06 00:00:00,Nuwara Eliya,හඟුරන්කෙත ප්රා.ලේ.කො,පුස්සලමංකඩ,HR2,HR2,,NBRI/NE/HKD/2026/DMCP/88),NBRI/NE/HKD/2026/DMCP/88),495/ඒ,House / නිවාස,"Slope failures / බැවුම් අස්ථාවරවීම්, Rock fall / ගල් පෙරලීම්",Resettle / නැවත පදිංචිකිරීම,Partially / අර්ධහානි,,,,,1.0,,,1.0,,2,,Nuwara Eliya,7.19018_80.76554_2025-11-27,174.86,286.79,402.72,545.25,616.84,174.86,7.0,NASA POWER PRECTOTCORR / MERRA-2,ok,3278,0.2732084530313863,22.81566,58.20244,17.45542,1.38712,5.62836,1.28532,0.05505,6.4432,13.79429,27.90652,0,66_73,1,True,1,0,0,1
6.997559,80.67321,2025-11-27,2025-11-27,2025-11-27,1,parsed_single,2025-11-27 00:00:00,,2026-01-09,2026-01-09 00:00:00,Nuwara Eliya,කොත්මලේ නැගෙනහිර ප්රා.ලේ.කො,ශීන් වත්ත,HR3,HR3,,NBRI/NE/KTD(East)/2026/KLKT/49),NBRI/NE/KTD(East)/2026/KLKT/49),,House / නිවාස,Slope failures / බැවුම් අස්ථාවරවීම්,Resettle / නැවත පදිංචිකිරීම,Minor or No Damages / සුළුහානි හෝ හානි නොමැති,,,,,,1.0,,,,1,,Nuwara Eliya,6.99756_80.67321_2025-11-27,174.86,286.79,402.72,545.25,616.84,174.86,7.0,NASA POWER PRECTOTCORR / MERRA-2,ok,3285,0.1971517021679459,25.62717,53.79531,19.81824,2.28875,5.27736,1.1808,0.06547,2.40272,14.80912,26.71626,2,62_66,1,True,1,0,0,1
6.952238,80.674994,2025-11-27,2025-11-27,2025-11-27,1,parsed_single,2025-11-27 00:00:00,,2025-12-24,2025-12-24 00:00:00,Nuwara Eliya,තලවකැලේ ප්රා.ලේ.කො,ග්‍රටේ වෙස්ටර්න්,HR3,HR3,,NBRI/NE/NED/(THALWAKALE)/2025/LY/24,NBRI/NE/NED/(THALWAKALE)/2025/LY/24,475 Z,House / නිවාස,Landslide / නායයෑම්,Resettle / නැවත පදිංචිකිරීම,Partially / අර්ධහානි,,,,,,1.0,,2.0,,3,,Nuwara Eliya,6.95224_80.67499_2025-11-27,174.86,286.79,402.72,545.25,616.84,174.86,7.0,NASA POWER PRECTOTCORR / MERRA-2,ok,3287,0.6519438636840786,27.47915,51.11488,21.30532,2.31382,5.24884,1.15649,0.06763,0.64643,15.42314,27.2563,3,63_64,1,True,1,0,0,1
6.996583,80.795085,2025-11-27,2025-11-27,2025-11-27,1,parsed_single,2025-11-27 00:00:00,,2025-12-13,2025-12-13 00:00:00,Nuwara Eliya,නුවරඑළිය ප්රා.ලේ.කො,පාර්ක්,HR1,HR1,,NBRI/NE/NED/2025/SMK/25,NBRI/NE/NED/2025/SMK/25,534 G,House / නිවාස,Landslide / නායයෑම්,Resettle / නැවත පදිංචිකිරීම,Fully / පුර්ණහානි,,,,1.0,,,,3.0,,4,,Nuwara Eliya,6.99658_80.79508_2025-11-27,174.86,286.79,402.72,545.25,616.84,174.86,7.0,NASA POWER PRECTOTCORR / MERRA-2,ok,3297,0.4670310049414563,24.54327,52.63778,21.31378,2.25108,5.29399,1.15922,0.06816,8.47186,15.84629,31.638,4,67_66,1,True,1,0,0,4
6.997069,80.797443,2025-11-27,2025-11-27,2025-11-27,1,parsed_single,2025-11-27 00:00:00,,2025-12-15,2025-12-15 00:00:00,Nuwara Eliya,නුවරඑළිය ප්රා.ලේ.කො,මධ්‍යම කදපොල,HR1,HR1,,NBRI/NE/NED/2025/SMK/22,NBRI/NE/NED/2025/SMK/22,534 C,House / නිවාස,Cutting failure / කණ්ඩි අස්ථාවරවීම්,Resettle / නැවත පදිංචිකිරීම,Fully / පුර්ණහානි,,,,4.0,,,,,,4,,Nuwara Eliya,6.99707_80.79744_2025-11-27,174.86,286.79,402.72,545.25,616.84,174.86,7.0,NASA POWER PRECTOTCORR / MERRA-2,ok,3297,0.3836674974503606,24.54327,52.63778,21.31378,2.25108,5.29399,1.15922,0.06816,8.47186,15.84629,31.638,4,67_66,1,True,1,0,0,4
6.998178,80.792801,2025-11-27,2025-11-27,2025-11-27,1,parsed_single,2025-11-27 00:00:00,,2025-12-13,2025-12-13 00:00:00,Nuwara Eliya,නුවරඑළිය ප්රා.ලේ.කො,"මධ්‍යම කදපොල,ජයලංකා",HR1,HR1,,NBRI/NE/NED/2025/SMK/23,NBRI/NE/NED/2025/SMK/23,ජයලංකා 534 B සහ මධ්‍යම කදපොල 534 C,House / නිවාස,Landslide / නායයෑම්,Resettle / නැවත පදිංචිකිරීම,Fully / පුර්ණහානි,,,,1.0,2.0,,,,,3,,Nuwara Eliya,6.99818_80.7928_2025-11-27,174.86,286.79,402.72,545.25,616.84,174.86,7.0,NASA POWER PRECTOTCORR / MERRA-2,ok,3297,0.5027800553123938,24.54327,52.63778,21.31378,2.25108,5.29399,1.15922,0.06816,8.47186,15.84629,31.638,4,67_66,1,True,1,0,0,4
6.996682,80.796057,2025-11-28,2025-11-28,2025-11-28,1,parsed_single,2025-11-28 00:00:00,,2025-12-13,2025-12-13 00:00:00,Nuwara Eliya,නුවරඑළිය ප්රා.ලේ.කො,,HR1,HR1,,NBRI/NE/NED/2025/SMK/20,NBRI/NE/NED/2025/SMK/20,534 G,House / නිවාස,Slope failures / බැවුම් අස්ථාවරවීම්,Resettle / නැවත පදිංචිකිරීම,Fully / පුර්ණහානි,,,,1.0,6.0,,,,,7,,Nuwara Eliya,6.99668_80.79606_2025-11-28,64.6,322.04,457.49,601.37,680.32,174.86,7.0,NASA POWER PRECTOTCORR / MERRA-2,ok,3297,0.4255330347269312,24.54327,52.63778,21.31378,2.25108,5.29399,1.15922,0.06816,8.47186,15.84629,31.638,4,67_66,1,True,1,0,3,4
7.048942,80.605185,2025-11-28,2025-11-28,2025-11-28,1,parsed_single,2025-11-28 00:00:00,,2025-12-11,2025-12-11 00:00:00,Nuwara Eliya,කොත්මලේ බටහිර ප්රා.ලේ.කො,තිස්පනේ කන්ද,HR3,HR3,,NBRI/NE/KTD[West]/2025/DSDD/​13,NBRI/NE/KTD[West]/2025/DSDD/​13,,House / නිවාස,Slope failures / බැවුම් අස්ථාවරවීම්,Resettle / නැවත පදිංචිකිරීම,Minor or No Damages / සුළුහානි හෝ හානි නොමැති,,,,,,1.0,,10.0,,11,,Nuwara Eliya,7.04894_80.60519_2025-11-28,64.6,322.04,457.49,601.37,680.32,174.86,7.0,NASA POWER PRECTOTCORR / MERRA-2,ok,3309,0.2709982730797325,24.04671,56.80483,18.21891,2.14072,5.355,1.23225,0.06706,0.61983,13.99248,23.28198,1,60_68,1,True,1,0,0,1
7.175607,80.766114,2025-11-27,2025-11-27,2025-11-27,1,parsed_single,2025.11.27,රාත්‍රි 9.45  හෝ ඊට ආසන්න වේලාවකදී,2026-01-27,2026.01.27,Nuwara Eliya,හඟුරන්කෙත ප්රා.ලේ.කො,අඹලියද්ද,HR1,HR1,,NBRI/NE/HKD/2026/DMCP/69),NBRI/NE/HKD/2026/DMCP/69),469 ඒ්,House / නිවාස,Landslide / නායයෑම්,Resettle / නැවත පදිංචිකිරීම,Fully / පුර්ණහානි,,,,1.0,,1.0,,4.0,,6,,Nuwara Eliya,7.17561_80.76611_2025-11-27,174.86,286.79,402.72,545.25,616.84,174.86,7.0,NASA POWER PRECTOTCORR / MERRA-2,ok,3337,0.1077890646186898,22.98186,57.2466,18.38384,1.53194,5.60601,1.27973,0.05439,6.36891,14.58422,27.96176,0,66_73,1,True,1,0,0,1
7.07693,80.627593,2025-11-27,2025-11-27,2025-11-27,1,parsed_single,2025-11-27 00:00:00,,2026-01-19,2026-01-19 00:00:00,Nuwara Eliya,කොත්මලේ බටහිර ප්රා.ලේ.කො,උතුරු කොටගේපිටිය,HR2,HR2,,NBRI/NE/ KTD[West]/2026/LY/57),NBRI/NE/ KTD[West]/2026/LY/57),,House / නිවාස,Slope failures / බැවුම් අස්ථාවරවීම්,Resettle / නැවත පදිංචිකිරීම,Partially / අර්ධහානි,,,,,2.0,3.0,,3.0,,8,,Nuwara Eliya,7.07693_80.62759_2025-11-27,174.86,286.79,402.72,545.25,616.84,174.86,7.0,NASA POWER PRECTOTCORR / MERRA-2,ok,3414,0.5635915832074186,24.2958,55.73014,19.0105,1.49084,5.37439,1.25011,0.06515,2.44511,14.21761,25.79908,1,61_69,1,True,1,0,0,1
6.942871,80.695375,2025-11-27,2025-11-27,2025-11-27,1,parsed_single,2025.11.27,,2026-03-06,2026.03.06,Nuwara Eliya,තලවකැලේ ප්රා.ලේ.කො,බෙයාර්වෙල්,HR2,HR2,,NBRI/NE/NED[Thalawakale]/2026/DSDD/190),NBRI/NE/NED[Thalawakale]/2026/DSDD/190),,House / නිවාස,Slope failures / බැවුම් අස්ථාවරවීම්,Resettle / නැවත පදිංචිකිරීම,Partially / අර්ධහානි,,,,,1.0,,,,,1,,Nuwara Eliya,6.94287_80.69538_2025-11-27,174.86,286.79,402.72,545.25,616.84,174.86,7.0,NASA POWER PRECTOTCORR / MERRA-2,ok,3424,0.2873686678427884,28.60106,49.38439,21.93054,2.33918,5.30338,1.14495,0.06727,0.65534,15.78344,28.4562,3,63_64,1,True,1,0,0,1
7.14452,80.751657,2025-11-27,2025-11-27,2025-11-27,1,parsed_single,2025.11.27,,2026-03-11,2026.03.11,Nuwara Eliya,හඟුරන්කෙත ප්රා.ලේ.කො,පුරාණගම,HR2,HR2,,NBRI/NE/HKD/2026/DSDD/204),NBRI/NE/HKD/2026/DSDD/204),498/ඊ,House / නිවාස,Slope failures / බැවුම් අස්ථාවරවීම්,Resettle / නැවත පදිංචිකිරීම,Partially / අර්ධහානි,,,,,1.0,2.0,,,,3,,Nuwara Eliya,7.14452_80.75166_2025-11-27,174.86,286.79,402.72,545.25,616.84,174.86,7.0,NASA POWER PRECTOTCORR / MERRA-2,ok,3460,0.5375204614620245,23.10142,56.39024,19.02078,1.52133,5.49388,1.26234,0.05544,6.84135,14.2242,28.38492,4,65_72,1,True,1,0,0,2
7.148768,80.755985,2025-11-27,2025-11-27,2025-11-27,1,parsed_single,2025.11.27,,2026-02-02,2026.02.02,Nuwara Eliya,හඟුරන්කෙත ප්රා.ලේ.කො,අගප්පල,HR2,HR2,,NBRI/NE/HKD/2026/DSDD/121),NBRI/NE/HKD/2026/DSDD/121),,House / නිවාස,Slope failures / බැවුම් අස්ථාවරවීම්,Resettle / නැවත පදිංචිකිරීම,Partially / අර්ධහානි,,,,,1.0,,,4.0,,5,,Nuwara Eliya,7.14877_80.75598_2025-11-27,174.86,286.79,402.72,545.25,616.84,174.86,7.0,NASA POWER PRECTOTCORR / MERRA-2,ok,3460,0.3442605735979252,23.10142,56.39024,19.02078,1.52133,5.49388,1.26234,0.05544,6.84135,14.2242,28.38492,4,65_72,1,True,1,0,0,2
6.98718,80.83545,2025-11-26,2025-11-26,2025-11-26,1,parsed_single,2025-11-26 00:00:00,සවස 7.30,2025-12-14,2025-12-14 00:00:00,Nuwara Eliya,නුවරඑළිය ප්රා.ලේ.කො,‌කොන්කෝඩියා,HR1,HR1,,NBRI/NE/NED/2025/RR/03,NBRI/NE/NED/2025/RR/03,534 F,House / නිවාස,Cutting failure / කණ්ඩි අස්ථාවරවීම්,Resettle / නැවත පදිංචිකිරීම,Fully / පුර්ණහානි,,,,1.0,,1.0,,2.0,,4,,Nuwara Eliya,6.98718_80.83545_2025-11-26,82.58,168.03,233.01,381.89,442.44,82.58,7.0,NASA POWER PRECTOTCORR / MERRA-2,ok,3469,0.4070530145049268,22.53476,55.06333,20.54661,2.20596,5.40111,1.16076,0.06938,10.79729,15.56038,31.98311,1,68_66,1,True,1,0,0,1
7.088789,80.835472,2025-11-27,2025-11-27,2025-11-27,1,parsed_single,2025-11-27 00:00:00,,2025-12-26,2025-12-26 00:00:00,Nuwara Eliya,වලපනේ ප්රා.ලේ.කො,කුරුඳුඔය,HR3,HR3,,NBRI/NE/WLD/2025/SMK/56,NBRI/NE/WLD/2025/SMK/56,504/E,House / නිවාස,Cutting failure / කණ්ඩි අස්ථාවරවීම්,Resettle / නැවත පදිංචිකිරීම,Minor or No Damages / සුළුහානි හෝ හානි නොමැති,,ගල් පෙරලිම්,,,,1.0,,5.0,,6,,Nuwara Eliya,7.08879_80.83547_2025-11-27,174.86,286.79,402.72,545.25,616.84,174.86,7.0,NASA POWER PRECTOTCORR / MERRA-2,ok,3528,0.1695329169035793,20.49058,58.36522,19.47021,2.06584,5.48798,1.23512,0.06033,11.32857,15.18075,30.43015,1,68_69,1,True,1,0,0,1
7.055598,80.770766,2025-11-27,2025-11-27,2025-11-27,1,parsed_single,2025-11-27 00:00:00,,2025-12-21,2025-12-21 00:00:00,Nuwara Eliya,මතුරට ප්රා.ලේ.කො,කඩදොර,HR1,HR1,,NBRI/NE/HKD[Mathurata]-33/2025/RR/27 - Rev,NBRI/NE/HKD[Mathurata]-33/2025/RR/27 - Rev,459,House / නිවාස,Landslide / නායයෑම්,Resettle / නැවත පදිංචිකිරීම,Fully / පුර්ණහානි,,,,1.0,,1.0,,,,2,,Nuwara Eliya,7.0556_80.77077_2025-11-27,174.86,286.79,402.72,545.25,616.84,174.86,7.0,NASA POWER PRECTOTCORR / MERRA-2,ok,3535,0.4269334567427146,23.67542,53.96085,20.90445,2.16907,5.28405,1.19972,0.06407,8.48923,15.3137,30.68421,1,66_68,1,True,1,0,0,1
7.130498,80.752393,2025-11-27,2025-11-27,2025-11-27,1,parsed_single,2025.11.27,,2026-02-17,2026.02.17,Nuwara Eliya,හඟුරන්කෙත ප්රා.ලේ.කො,කරාමිදුල,HR2,HR2,,NBRI/NE/HKD/2026/BBW/13),NBRI/NE/HKD/2026/BBW/13),,House / නිවාස,Slope failures / බැවුම් අස්ථාවරවීම්,Resettle / නැවත පදිංචිකිරීම,Partially / අර්ධහානි,,,,,1.0,,,,,1,,Nuwara Eliya,7.1305_80.75239_2025-11-27,174.86,286.79,402.72,545.25,616.84,174.86,7.0,NASA POWER PRECTOTCORR / MERRA-2,ok,3584,0.1607605027606151,23.39241,55.37326,19.62269,1.52939,5.45594,1.2576,0.0563,7.90585,14.22461,29.54389,1,65_71,1,True,1,0,0,1
7.032779,80.886245,2025-11-27,2025-11-27,2025-11-27,1,parsed_single,2025-11-27 00:00:00,,2026-01-22,2026-01-22 00:00:00,Nuwara Eliya,වලපනේ ප්රා.ලේ.කො,පණ්ඩිතයාකුඹුර,HR3,HR3,,NBRI/NE/WLD/2026/PTG/189),NBRI/NE/WLD/2026/PTG/189),529 ඒ,School / පාසැල,Cutting failure / කණ්ඩි අස්ථාවරවීම්,Resettle / නැවත පදිංචිකිරීම,Minor or No Damages / සුළුහානි හෝ හානි නොමැති,,,,,,1.0,,1.0,,2,,Nuwara Eliya,7.03278_80.88624_2025-11-27,174.86,286.79,402.72,545.25,616.84,174.86,7.0,NASA POWER PRECTOTCORR / MERRA-2,ok,3599,0.2078371573287698,17.48499,59.92351,19.69461,2.14601,5.4709,1.19097,0.06557,22.76073,15.3951,38.82395,2,70_67,1,True,1,0,0,1
7.087255,80.670548,2025-11-27,2025-11-27,2025-11-27,1,parsed_single,2025-11-27 00:00:00,7.30 PM,2025-12-17,2025-12-17 00:00:00,Nuwara Eliya,කොත්මලේ නැගෙනහිර ප්රා.ලේ.කො,හෙල්බොඩ,HR1,HR1,,NBRI/NE/KTD[East]/2025/LY/16)-Rev,NBRI/NE/KTD[East]/2025/LY/16)-Rev,479 ජේ,House / නිවාස,Landslide / නායයෑම්,Resettle / නැවත පදිංචිකිරීම,Fully / පුර්ණහානි,,,,2.0,7.0,9.0,,19.0,,37,,Nuwara Eliya,7.08726_80.67055_2025-11-27,174.86,286.79,402.72,545.25,616.84,174.86,7.0,NASA POWER PRECTOTCORR / MERRA-2,ok,3619,0.552130598597888,24.4701,55.47486,19.01796,1.50629,5.3558,1.25452,0.06207,3.59595,13.96212,26.90368,4,62_69,1,True,1,0,0,1
7.127276,80.911899,2025-11-27,2025-11-27,2025-11-27,1,parsed_single,2025-11-27 00:00:00,,2026-01-29,2026-01-29 00:00:00,Nuwara Eliya,නිල්දණ්ඩහින්න ප්රා.ලේ.කො,දුලන,HR2,HR2,,NBRI/NE/WLD[Nildandahinna]/2026/DSDD/110),NBRI/NE/WLD[Nildandahinna]/2026/DSDD/110),,House / නිවාස,Rock fall / ගල් පෙරලීම්,Resettle / නැවත පදිංචිකිරීම,Partially / අර්ධහානි,,,,,3.0,,,3.0,,6,,Nuwara Eliya,7.12728_80.9119_2025-11-27,174.86,286.79,402.72,545.25,616.84,174.86,7.0,NASA POWER PRECTOTCORR / MERRA-2,ok,3708,0.0822271333826587,15.93139,64.99501,17.23083,1.31546,5.6949,1.32374,0.05748,14.26712,13.86894,28.98564,1,71_71,1,True,1,0,0,1
7.017858,80.913899,2025-11-26,2025-11-26,2025-11-26,1,parsed_single,2025.11.26,උදේ 6.00,2026-01-03,2026.1.03,Nuwara Eliya,නිල්දණ්ඩහින්න ප්රා.ලේ.කො,වතුලන්ද නැගෙනහිර,HR3,HR3,,NBRI/NE/WLD[Nildandahinna]/2025/DSDD/45,NBRI/NE/WLD[Nildandahinna]/2025/DSDD/45,,House / නිවාස,Slope failures / බැවුම් අස්ථාවරවීම්,Resettle / නැවත පදිංචිකිරීම,Minor or No Damages / සුළුහානි හෝ හානි නොමැති,,,,,,2.0,,2.0,,4,,Nuwara Eliya,7.01786_80.9139_2025-11-26,82.58,168.03,233.01,381.89,442.44,82.58,7.0,NASA POWER PRECTOTCORR / MERRA-2,ok,3805,0.2765578582189984,16.81083,60.59413,19.64061,2.15855,5.44703,1.20872,0.06622,22.72208,15.84845,38.16788,3,71_67,1,True,1,0,0,2
7.01807,80.914153,2025-11-27,2025-11-27,2025-11-27,1,parsed_single,2025.11.27,,2026-01-03,2026.01.03,Nuwara Eliya,නිල්දණ්ඩහින්න ප්රා.ලේ.කො,වතුලන්ද නැගෙනහිර,HR2,HR2,,NBRI/NE/WLD[Nildandahinna]/2025/SMK/74,NBRI/NE/WLD[Nildandahinna]/2025/SMK/74,,House / නිවාස,Slope failures / බැවුම් අස්ථාවරවීම්,Resettle / නැවත පදිංචිකිරීම,Partially / අර්ධහානි,,,,,2.0,,,3.0,1.0,6,,Nuwara Eliya,7.01807_80.91415_2025-11-27,174.86,286.79,402.72,545.25,616.84,174.86,7.0,NASA POWER PRECTOTCORR / MERRA-2,ok,3805,0.2693139058317302,16.81083,60.59413,19.64061,2.15855,5.44703,1.20872,0.06622,22.72208,15.84845,38.16788,3,71_67,1,True,1,0,1,2
6.947925,80.762981,2025-11-27,2025-11-27,2025-11-27,1,parsed_single,2025.11.27,,2026-03-19,2026.03.19,Nuwara Eliya,නුවරඑළිය ප්රා.ලේ.කො,බන්ගලාහත,HR2,HR2,,NBRI/NE/NED/2026/WGMSS/34),NBRI/NE/NED/2026/WGMSS/34),476/සිි,House / නිවාස,Slope failures / බැවුම් අස්ථාවරවීම්,Resettle / නැවත පදිංචිකිරීම,Partially / අර්ධහානි,0.0,,,,1.0,,,2.0,,3,,Nuwara Eliya,6.94792_80.76298_2025-11-27,174.86,286.79,402.72,545.25,616.84,174.86,7.0,NASA POWER PRECTOTCORR / MERRA-2,ok,3820,0.3667547227724391,27.9893,48.47383,22.85465,2.23971,5.31161,1.13356,0.07255,2.75194,15.60848,29.90152,2,66_64,1,True,1,0,0,1
7.113376,80.930145,2025-11-27,2025-11-27,2025-11-27,1,parsed_single,2025.11.27,,2026-02-24,2026.02.24,Nuwara Eliya,නිල්දණ්ඩහින්න ප්රා.ලේ.කො,බොලගන්දාවෙල,HR3,HR3,,NBRI/NE/WLD[Nildandahinna]/2026/DSDD/174),NBRI/NE/WLD[Nildandahinna]/2026/DSDD/174),521,House / නිවාස,Other / වෙනත් (වෙනත් කරුණු යටතේ සදහන් කරන්න),Resettle / නැවත පදිංචිකිරීම,Minor or No Damages / සුළුහානි හෝ හානි නොමැති,,නිම්නය අසල බෑවුම් අස්ථාවරතා,,,,1.0,,4.0,,5,,Nuwara Eliya,7.11338_80.93014_2025-11-27,174.86,286.79,402.72,545.25,616.84,174.86,7.0,NASA POWER PRECTOTCORR / MERRA-2,ok,3825,0.3108487191757118,15.51119,65.91168,16.69829,1.29835,5.69014,1.33303,0.05805,14.41915,13.74943,28.75885,0,72_70,1,True,1,0,0,1
7.095219,80.81926,2025-11-27,2025-11-27,2025-11-27,1,parsed_single,2025.11.27,,2026-06-15,2026.06.15,Nuwara Eliya,වලපනේ ප්රා.ලේ.කො,ගලබඩ,HR3,HR3,,NBRI/NE/WLD/2026/KATD/32),NBRI/NE/WLD/2026/KATD/32),505/සී,House / නිවාස,Other / වෙනත් (වෙනත් කරුණු යටතේ සදහන් කරන්න),Resettle / නැවත පදිංචිකිරීම,Minor or No Damages / සුළුහානි හෝ හානි නොමැති,,බෑවුම අස්‍ථාවරවීම,,,,3.0,,,,3,,Nuwara Eliya,7.09522_80.81926_2025-11-27,174.86,286.79,402.72,545.25,616.84,174.86,7.0,NASA POWER PRECTOTCORR / MERRA-2,ok,3889,0.114591557131099,20.78938,58.12871,19.42764,2.0527,5.50156,1.24115,0.05954,10.67176,15.17856,29.99807,0,68_70,1,True,1,0,0,1
7.037773,80.919553,2025-11-27,2025-11-27,2025-11-27,1,parsed_single,2025.11.27,,2026-02-22,2026.02.22,Nuwara Eliya,නිල්දණ්ඩහින්න ප්රා.ලේ.කො,මීපනාව,HR2,HR2,,NBRI/NE/WLD[Nildandahinna]/2026/VKG/24),NBRI/NE/WLD[Nildandahinna]/2026/VKG/24),528ඩී,House / නිවාස,Other / වෙනත් (වෙනත් කරුණු යටතේ සදහන් කරන්න),Resettle / නැවත පදිංචිකිරීම,Partially / අර්ධහානි,,භූමි ගිලා බැසීම,,,2.0,,,1.0,4.0,7,,Nuwara Eliya,7.03777_80.91955_2025-11-27,174.86,286.79,402.72,545.25,616.84,174.86,7.0,NASA POWER PRECTOTCORR / MERRA-2,ok,3949,0.3739994144057082,16.94326,61.51273,18.91936,2.05637,5.4899,1.2276,0.06504,19.23073,15.52406,34.87078,3,72_67,1,True,1,0,0,1
7.142761,80.726654,2025-11-27,2025-11-27,2025-11-27,1,parsed_single,2025.11.27,,2026-03-14,2026.03.14,Nuwara Eliya,හඟුරන්කෙත ප්රා.ලේ.කො,මලන්වත්ත,HR2,HR2,,NBRI/NE/HKD/2026/LSG/06),NBRI/NE/HKD/2026/LSG/06),503/ඒ,House / නිවාස,Other / වෙනත් (වෙනත් කරුණු යටතේ සදහන් කරන්න),Resettle / නැවත පදිංචිකිරීම,Partially / අර්ධහානි,,භුමි ගිලා බැසිම / නිවාස ඉරිතැලීම සහ භූමියේ ආතති පැලුම් ඇතිවීම,,,3.0,6.0,,2.0,,11,,Nuwara Eliya,7.14276_80.72665_2025-11-27,174.86,286.79,402.72,545.25,616.84,174.86,7.0,NASA POWER PRECTOTCORR / MERRA-2,ok,3969,0.2438290241325448,23.56691,55.82398,19.15741,1.52077,5.48849,1.26355,0.05669,5.69382,14.22002,27.73713,3,64_71,1,True,1,0,0,1
7.155314,80.748873,2025-11-26,2025-11-26,2025-11-26,1,parsed_single,2025.11.26,,2026-03-17,2026.03.17,Nuwara Eliya,හඟුරන්කෙත ප්රා.ලේ.කො,කොස්ගහදෙබල,HR1,HR1,,NBRI/NE/HKD/2026/DMCP/121),NBRI/NE/HKD/2026/DMCP/121),500/ඩී,House / නිවාස,Landslide / නායයෑම්,Resettle / නැවත පදිංචිකිරීම,Fully / පුර්ණහානි,,ගල් පෙරලීම්,,1.0,,4.0,,3.0,,8,,Nuwara Eliya,7.15531_80.74887_2025-11-26,82.58,168.03,233.01,381.89,442.44,82.58,7.0,NASA POWER PRECTOTCORR / MERRA-2,ok,3985,0.3951873784107075,23.20773,56.32878,18.98099,1.51962,5.49901,1.26358,0.05572,6.27909,14.2228,27.94528,4,65_72,1,True,1,0,0,1
6.963119,80.640509,2025-11-27,2025-11-27,2025-11-27,1,parsed_single,2025-11-27 00:00:00,,2025-12-03,2025-12-03 00:00:00,Nuwara Eliya,තලවකැලේ ප්රා.ලේ.කො,වටගොඩ,HR1,HR1,,NBRI/NE/NED/(THLAWAKALE)/2025/DSDD/01,NBRI/NE/NED/(THLAWAKALE)/2025/DSDD/01,,(වෙනත් කරුණු යටතේ සටහන් කරන්න),Landslide / නායයෑම්,Resettle / නැවත පදිංචිකිරීම,Fully / පුර්ණහානි,,MUSTER SHED,,7.0,3.0,,,5.0,,15,,Nuwara Eliya,6.96312_80.64051_2025-11-27,174.86,286.79,402.72,545.25,616.84,174.86,7.0,NASA POWER PRECTOTCORR / MERRA-2,ok,4009,0.2416768353843399,23.75323,57.01651,18.61806,2.23703,5.18546,1.18695,0.06564,0.98096,14.58529,23.50142,0,61_65,1,True,1,0,0,1
7.087965,80.894259,2025-11-27,2025-11-27,2025-11-27,1,parsed_single,2025.11.27,,2026-02-24,2026.02.24,Nuwara Eliya,නිල්දණ්ඩහින්න ප්රා.ලේ.කො,නිල්දණ්ඩාහින්න,HR2,HR2,,NBRI/NE/WLD[Nildandahinna]/2026/LY/114),NBRI/NE/WLD[Nildandahinna]/2026/LY/114),524/ඊ,House / නිවාස,Slope failures / බැවුම් අස්ථාවරවීම්,Resettle / නැවත පදිංචිකිරීම,Partially / අර්ධහානි,,,,,1.0,,,1.0,,2,,Nuwara Eliya,7.08796_80.89426_2025-11-27,174.86,286.79,402.72,545.25,616.84,174.86,7.0,NASA POWER PRECTOTCORR / MERRA-2,ok,4051,0.0838397425669147,18.31291,61.28818,18.26514,2.15775,5.5516,1.23371,0.06066,15.58039,15.72744,32.59526,3,71_69,1,True,1,0,0,1
6.984242,80.86104,2025-11-27,2025-11-27,2025-11-27,1,parsed_single,2025.11.27,,2026-01-05,2026.01.05,Nuwara Eliya,නිල්දණ්ඩහින්න ප්රා.ලේ.කො,ඩෙල්මාර්,HR2,HR2,,NBRI/NE/WLD[Nildandahinna]/2025/PTG/136,NBRI/NE/WLD[Nildandahinna]/2025/PTG/136,533එල්,House / නිවාස,Slope failures / බැවුම් අස්ථාවරවීම්,Resettle / නැවත පදිංචිකිරීම,Partially / අර්ධහානි,,,,,3.0,2.0,,3.0,,8,,Nuwara Eliya,6.98424_80.86104_2025-11-27,174.86,286.79,402.72,545.25,616.84,174.86,7.0,NASA POWER PRECTOTCORR / MERRA-2,ok,4105,0.1497075859068967,20.51442,57.0258,20.33314,2.07272,5.45254,1.16795,0.06908,13.76578,15.20992,33.13895,2,69_66,1,True,1,0,0,2
6.984908,80.862571,2025-11-27,2025-11-27,2025-11-27,1,parsed_single,2025.11.27,,2026-04-04,2026.04.04,Nuwara Eliya,නිල්දණ්ඩහින්න ප්රා.ලේ.කො,ඩෙල්මා,HR3,HR3,,NBRI/NE/WLD[Nildandahinna]/2026/SMK/178),NBRI/NE/WLD[Nildandahinna]/2026/SMK/178),533එල්,House / නිවාස,Other / වෙනත් (වෙනත් කරුණු යටතේ සදහන් කරන්න),Resettle / නැවත පදිංචිකිරීම,Minor or No Damages / සුළුහානි හෝ හානි නොමැති,,නායයම් සුන්බුන් ගලනය විය හැකි ස්වභාවික නිම්න මාර්ගයක් තුළ පිහිටා තිබීම.,,,,1.0,,3.0,,4,,Nuwara Eliya,6.98491_80.86257_2025-11-27,174.86,286.79,402.72,545.25,616.84,174.86,7.0,NASA POWER PRECTOTCORR / MERRA-2,ok,4105,0.3143835417176194,20.51442,57.0258,20.33314,2.07272,5.45254,1.16795,0.06908,13.76578,15.20992,33.13895,2,69_66,1,True,1,0,0,2
7.05075,80.627865,2025-11-27,2025-11-27,2025-11-27,1,parsed_single,2025.11.27,,2026-07-15,2026.07.15,Nuwara Eliya,කොත්මලේ බටහිර ප්රා.ලේ.කො,වටද්දර,HR2,HR2,,NBRI/NE/KTD[West]/2026/DSDD/320),NBRI/NE/KTD[West]/2026/DSDD/320),,House / නිවාස,Other / වෙනත් (වෙනත් කරුණු යටතේ සදහන් කරන්න),Resettle / නැවත පදිංචිකිරීම,Partially / අර්ධහානි,,අසංතතික ස්ථායිකරණය,,,3.0,,,,,3,,Nuwara Eliya,7.05075_80.62786_2025-11-27,174.86,286.79,402.72,545.25,616.84,174.86,7.0,NASA POWER PRECTOTCORR / MERRA-2,ok,4109,0.4109796612851965,24.19933,56.48424,18.23062,2.20399,5.29898,1.21621,0.06709,2.09128,14.6094,24.85036,3,61_68,1,True,1,0,0,2
7.05208,80.626611,2025-11-28,2025-11-28,2025-11-28,1,parsed_single,2025-11-28 00:00:00,Morning,2025-12-08,2025-12-08 00:00:00,Nuwara Eliya,කොත්මලේ බටහිර ප්රා.ලේ.කො,වටද්දර,HR3,HR3,,NBRI/NE/KTD[West]/2025/DSDD/​09 - Rev,NBRI/NE/KTD[West]/2025/DSDD/​09 - Rev,,House / නිවාස,Slope failures / බැවුම් අස්ථාවරවීම්,Resettle / නැවත පදිංචිකිරීම,Minor or No Damages / සුළුහානි හෝ හානි නොමැති,,,,,,1.0,,9.0,,10,,Nuwara Eliya,7.05208_80.62661_2025-11-28,64.6,322.04,457.49,601.37,680.32,174.86,7.0,NASA POWER PRECTOTCORR / MERRA-2,ok,4109,0.4537978540070737,24.19933,56.48424,18.23062,2.20399,5.29898,1.21621,0.06709,2.09128,14.6094,24.85036,3,61_68,1,True,1,0,1,2
6.844155,80.748291,2025-11-27,2025-11-27,2025-11-27,1,parsed_single,2025-11-27 00:00:00,,2025-12-25,2025-12-25 00:00:00,Nuwara Eliya,තලවකැලේ ප්රා.ලේ.කො,සැන්ඩිග්‍රාම,HR2,HR2,,NBRI/NE/NED(THALAWAKAKE)/2025/PTG/88,NBRI/NE/NED(THALAWAKAKE)/2025/PTG/88,,House / නිවාස,Other / වෙනත් (වෙනත් කරුණු යටතේ සදහන් කරන්න),Resettle / නැවත පදිංචිකිරීම,Partially / අර්ධහානි,,,,,1.0,,,,,1,,Nuwara Eliya,6.84416_80.74829_2025-11-27,174.86,286.79,402.72,545.25,616.84,174.86,7.0,NASA POWER PRECTOTCORR / MERRA-2,ok,4143,0.4598442045229243,26.28859,51.30491,21.57262,2.28512,5.21432,1.16587,0.07155,1.13772,14.56672,26.26334,0,65_60,1,True,1,0,0,1
7.068022,80.899459,2025-11-27,2025-11-27,2025-11-27,1,parsed_single,2025.11.27,,2026-04-17,2026.04.17,Nuwara Eliya,කොත්මලේ බටහිර ප්රා.ලේ.කො,කඩදොර,HR3,HR3,,NBRI/NE/KTD[West]/2026/DSDD/260),NBRI/NE/KTD[West]/2026/DSDD/260),459,House / නිවාස,Other / වෙනත් (වෙනත් කරුණු යටතේ සදහන් කරන්න),Resettle / නැවත පදිංචිකිරීම,Minor or No Damages / සුළුහානි හෝ හානි නොමැති,,ඇළ මාර්ගය අවහිර කර ඉදිකිරීම් සිදුකර ඇති අතර එහිදී පිරවුම් පස අසංතතික ස්ථායිකරණයට ලක් කර ඇත.,,,,1.0,,5.0,,6,,Nuwara Eliya,7.06802_80.89946_2025-11-27,174.86,286.79,402.72,545.25,616.84,174.86,7.0,NASA POWER PRECTOTCORR / MERRA-2,ok,4154,0.2281847131334098,18.24514,60.73822,18.68918,2.18071,5.51539,1.22083,0.06256,17.20444,15.73281,34.12456,3,71_69,1,True,1,0,0,1
6.931885,80.685674,2025-11-27,2025-11-27,2025-11-27,1,parsed_single,2025.11.27,,2026-01-31,2026.01.31,Nuwara Eliya,නුවරඑළිය ප්රා.ලේ.කො,රත්නගිරිය,HR2,HR2,,NBRI/NE/NED/2026/SMK/115),NBRI/NE/NED/2026/SMK/115),475ජී,House / නිවාස,Slope failures / බැවුම් අස්ථාවරවීම්,Resettle / නැවත පදිංචිකිරීම,Partially / අර්ධහානි,,,,,5.0,,,2.0,,7,,Nuwara Eliya,6.93188_80.68567_2025-11-27,174.86,286.79,402.72,545.25,616.84,174.86,7.0,NASA POWER PRECTOTCORR / MERRA-2,ok,4310,0.209187562908647,29.58379,48.68611,21.9157,2.32644,5.19503,1.17349,0.06157,0.52855,15.30322,29.51112,3,63_64,1,True,1,0,0,2
6.93484,80.68644,2025-11-27,2025-11-27,2025-11-27,1,parsed_single,2025.11.27,,2026-04-24,2026.04.24,Nuwara Eliya,නුවරඑළිය ප්රා.ලේ.කො,රත්නගිරිය,HR3,HR3,,NBRI/NE/NED/2026/DSDD/267),NBRI/NE/NED/2026/DSDD/267),,House / නිවාස,Other / වෙනත් (වෙනත් කරුණු යටතේ සදහන් කරන්න),Resettle / නැවත පදිංචිකිරීම,Minor or No Damages / සුළුහානි හෝ හානි නොමැති,0.0,රැදවුම් ව්‍යූහ අස්ථාවරවීම,,,,3.0,,14.0,,17,,Nuwara Eliya,6.93484_80.68644_2025-11-27,174.86,286.79,402.72,545.25,616.84,174.86,7.0,NASA POWER PRECTOTCORR / MERRA-2,ok,4310,0.1434124563988183,29.58379,48.68611,21.9157,2.32644,5.19503,1.17349,0.06157,0.52855,15.30322,29.51112,3,63_64,1,True,1,0,0,2
7.06433,80.559541,2025-11-27,2025-11-27,2025-11-27,1,parsed_single,2025-11-27 00:00:00,5.00 am-9.00 am,2025-12-06,2025-12-06 00:00:00,Nuwara Eliya,කොත්මලේ බටහිර ප්රා.ලේ.කො,ඉහළ ගොරකඔය,HR2,HR2,,NBRI/NE/KTD[West]/2025/DSDD/​04 -Rev,NBRI/NE/KTD[West]/2025/DSDD/​04 -Rev,460ජේ,House / නිවාස,Landslide / නායයෑම්,Resettle / නැවත පදිංචිකිරීම,Partially / අර්ධහානි,,,,,1.0,1.0,,1.0,,3,,Nuwara Eliya,7.06433_80.55954_2025-11-27,174.86,286.79,402.72,545.25,616.84,174.86,7.0,NASA POWER PRECTOTCORR / MERRA-2,ok,4318,0.3884844287532901,23.22537,59.05436,16.78639,1.59235,5.29749,1.28326,0.06244,0.59523,12.99119,22.55227,2,58_69,1,True,1,0,0,2
7.067479,80.560692,2025-11-27,2025-11-27,2025-11-27,1,parsed_single,2025.11.27,,2026-03-16,2026.03.16,Nuwara Eliya,කොත්මලේ බටහිර ප්රා.ලේ.කො,ඉහළ ගොරකඔය,HR3,HR3,,NBRI/NE/KTD[West]/2026/DSDD/210),NBRI/NE/KTD[West]/2026/DSDD/210),460/ජේ,House / නිවාස,Other / වෙනත් (වෙනත් කරුණු යටතේ සදහන් කරන්න),Resettle / නැවත පදිංචිකිරීම,Minor or No Damages / සුළුහානි හෝ හානි නොමැති,,නිම්නය අසල ආතති පැලුම්,,,,5.0,,7.0,,12,,Nuwara Eliya,7.06748_80.56069_2025-11-27,174.86,286.79,402.72,545.25,616.84,174.86,7.0,NASA POWER PRECTOTCORR / MERRA-2,ok,4318,0.116056600375291,23.22537,59.05436,16.78639,1.59235,5.29749,1.28326,0.06244,0.59523,12.99119,22.55227,2,58_69,1,True,1,0,0,2
7.122612,80.740528,2025-11-27,2025-11-27,2025-11-27,1,parsed_single,2025.11.27,,2026-05-24,2026.05.24,Nuwara Eliya,හඟුරන්කෙත ප්රා.ලේ.කො,දාරාඔය,HR2,HR2,,NBRI/NE/HKD/2026/LSG/31),NBRI/NE/HKD/2026/LSG/31),499/සී,House / නිවාස,Other / වෙනත් (වෙනත් කරුණු යටතේ සදහන් කරන්න),Resettle / නැවත පදිංචිකිරීම,Partially / අර්ධහානි,,අසංතතික ස්ථායිකරණය,,,4.0,1.0,,11.0,,16,,Nuwara Eliya,7.12261_80.74053_2025-11-27,174.86,286.79,402.72,545.25,616.84,174.86,7.0,NASA POWER PRECTOTCORR / MERRA-2,ok,4338,0.3502279262608966,23.88933,54.52661,19.98666,1.53515,5.4306,1.25458,0.05741,7.58729,14.22217,29.69966,1,65_71,1,True,1,0,0,1
7.097677,80.906295,2025-11-27,2025-11-27,2025-11-27,1,parsed_single,2025.11.27,,2026-02-21,2026.02.21,Nuwara Eliya,නිල්දණ්ඩහින්න ප්රා.ලේ.කො,උඩවෙල,HR2,HR2,,NBRI/NE/WLD[Nildandahinna]/2026/DMCP/105),NBRI/NE/WLD[Nildandahinna]/2026/DMCP/105),519/ඒ,House / නිවාස,Rock fall / ගල් පෙරලීම්,Resettle / නැවත පදිංචිකිරීම,Partially / අර්ධහානි,,නාය ගැලීම් මාර්ගය තුළ පිහිටා තිබීම,,,1.0,,,,,1,,Nuwara Eliya,7.09768_80.9063_2025-11-27,174.86,286.79,402.72,545.25,616.84,174.86,7.0,NASA POWER PRECTOTCORR / MERRA-2,ok,4375,0.4127987151519918,17.11611,62.94528,18.15499,2.12244,5.54105,1.25707,0.06012,14.74615,15.21957,30.71985,3,71_70,1,True,1,0,0,1
7.063734,80.766578,2025-11-27,2025-11-27,2025-11-27,1,parsed_single,2025-11-27 00:00:00,,2026-01-23,2026-01-23 00:00:00,Nuwara Eliya,මතුරට ප්රා.ලේ.කො,කබරගල,HR3,HR3,,NBRI/NE/HKD[Mathurata]/2026/DSDD/90,NBRI/NE/HKD[Mathurata]/2026/DSDD/90,,House / නිවාස,Slope failures / බැවුම් අස්ථාවරවීම්,Resettle / නැවත පදිංචිකිරීම,Minor or No Damages / සුළුහානි හෝ හානි නොමැති,,,,,,6.0,,,,6,,Nuwara Eliya,7.06373_80.76658_2025-11-27,174.86,286.79,402.72,545.25,616.84,174.86,7.0,NASA POWER PRECTOTCORR / MERRA-2,ok,4409,0.3134305143089648,23.88611,53.80209,20.89389,2.16635,5.28748,1.20147,0.06397,7.96812,15.31203,30.38024,1,66_68,1,True,1,0,0,2
7.067045,80.765536,2025-11-27,2025-11-27,2025-11-27,1,parsed_single,2025-11-27 00:00:00,,2026-01-12,2026-01-12 00:00:00,Nuwara Eliya,මතුරට ප්රා.ලේ.කො,කැටහිර,HR2,HR2,,NBRI/NE/HKD[Mathurata]/2026/LY/48),NBRI/NE/HKD[Mathurata]/2026/LY/48),511එෆ්,House / නිවාස,Landslide / නායයෑම්,Resettle / නැවත පදිංචිකිරීම,Partially / අර්ධහානි,,,,,1.0,,,11.0,,12,,Nuwara Eliya,7.06704_80.76554_2025-11-27,174.86,286.79,402.72,545.25,616.84,174.86,7.0,NASA POWER PRECTOTCORR / MERRA-2,ok,4409,0.6327606443527258,23.88611,53.80209,20.89389,2.16635,5.28748,1.20147,0.06397,7.96812,15.31203,30.38024,1,66_68,1,True,1,0,0,2
7.002022,80.452825,2026-08-03,2026-08-03,2026-08-03,1,parsed_single,2026.08.03 උදේ 9.00 – 9.30,,2026-08-06,2026.08.06,Nuwara Eliya,අඹගමුව ප්රා.ලේ.කො,පිටවල,HR1,HR1,,NBRI/NE/ABD/2026/KLKT/135),NBRI/NE/ABD/2026/KLKT/135),316/ඩිි,House / නිවාස,Slope failures / බැවුම් අස්ථාවරවීම්,Resettle / නැවත පදිංචිකිරීම,Fully / පුර්ණහානි,,,,1.0,4.0,,,,,5,,Nuwara Eliya,7.00202_80.45282_2026-08-03,34.43,57.19,70.59,73.72,97.5,34.43,7.0,NASA POWER PRECTOTCORR / MERRA-2,ok,4447,0.539295973038116,20.58202,63.57098,14.4111,1.48589,5.14943,1.30898,0.06009,3.94353,12.29825,23.00072,3,54_66,1,True,1,0,0,1
7.049372,80.600158,2025-11-27,2025-11-27,2025-11-27,1,parsed_single,2025.11.27,,2026-05-29,2026.05.29,Nuwara Eliya,කොත්මලේ බටහිර ප්රා.ලේ.කො,කිරිමැටියාව,HR3,HR3,,NBRI/NE/KTD[West]/2026/KATD/18),NBRI/NE/KTD[West]/2026/KATD/18),461/බී,House / නිවාස,Other / වෙනත් (වෙනත් කරුණු යටතේ සදහන් කරන්න),Resettle / නැවත පදිංචිකිරීම,Minor or No Damages / සුළුහානි හෝ හානි නොමැති,,ආතති පැලුම් / කණ්ඩි අස්ථාවරවීම බෑවුම් අස්ථාවරවීමක් දක්වා වර්ධනය,,,,1.0,,7.0,,8,,Nuwara Eliya,7.04937_80.60016_2025-11-27,174.86,286.79,402.72,545.25,616.84,174.86,7.0,NASA POWER PRECTOTCORR / MERRA-2,ok,4475,0.5445245576448536,24.04671,56.80483,18.21891,2.14072,5.355,1.23225,0.06706,0.61983,13.99248,23.28198,1,60_68,1,True,1,0,0,1
7.08009,80.672055,2025-11-27,2025-11-27,2025-11-27,1,parsed_single,2025-11-27 00:00:00,,2025-12-29,2025-12-29 00:00:00,Nuwara Eliya,කොත්මලේ නැගෙනහිර ප්රා.ලේ.කො,කටුකිතුල,HR2,HR2,,NBRI/NE/KTD[East]/2025/KLKT/19),NBRI/NE/KTD[East]/2025/KLKT/19),474 ඊ,House / නිවාස,Landslide / නායයෑම්,Resettle / නැවත පදිංචිකිරීම,Partially / අර්ධහානි,,,,,11.0,6.0,,8.0,,25,,Nuwara Eliya,7.08009_80.67206_2025-11-27,174.86,286.79,402.72,545.25,616.84,174.86,7.0,NASA POWER PRECTOTCORR / MERRA-2,ok,4479,0.2125981466829209,24.43685,55.47082,19.0893,1.51125,5.34595,1.25119,0.06199,3.69332,13.9626,26.99562,4,62_69,1,True,1,0,0,1
7.106421,80.89179,2025-11-27,2025-11-27,2025-11-27,1,parsed_single,2025.11.27,,2026-01-01,2026.01.01,Nuwara Eliya,නිල්දණ්ඩහින්න ප්රා.ලේ.කො,යොබුවෙල්තැන්න,HR1,HR1,,NBRI/NE/WLD[Nildandahinna]/2026/LY/41,NBRI/NE/WLD[Nildandahinna]/2026/LY/41,,House / නිවාස,Slope failures / බැවුම් අස්ථාවරවීම්,Resettle / නැවත පදිංචිකිරීම,Fully / පුර්ණහානි,,,,1.0,1.0,5.0,,6.0,,13,,Nuwara Eliya,7.10642_80.89179_2025-11-27,174.86,286.79,402.72,545.25,616.84,174.86,7.0,NASA POWER PRECTOTCORR / MERRA-2,ok,4514,0.2253437763900736,17.68187,62.36817,18.248,2.11406,5.54674,1.25831,0.05937,13.93118,15.2195,30.43309,3,71_70,1,True,1,0,0,2
7.107091,80.894113,2025-11-27,2025-11-27,2025-11-27,1,parsed_single,2025-11-27 00:00:00,,2026-01-19,2026-01-19 00:00:00,Nuwara Eliya,නිල්දණ්ඩහින්න ප්රා.ලේ.කො,ඇල්ලේකුඹුර,HR2,HR2,,NBRI/NE/WLD[Nildandahinna]/2026 /PTG/163),NBRI/NE/WLD[Nildandahinna]/2026 /PTG/163),,House / නිවාස,Rock fall / ගල් පෙරලීම්,Resettle / නැවත පදිංචිකිරීම,Partially / අර්ධහානි,,,,,1.0,,,5.0,,6,,Nuwara Eliya,7.10709_80.89411_2025-11-27,174.86,286.79,402.72,545.25,616.84,174.86,7.0,NASA POWER PRECTOTCORR / MERRA-2,ok,4514,0.2533928004429108,17.68187,62.36817,18.248,2.11406,5.54674,1.25831,0.05937,13.93118,15.2195,30.43309,3,71_70,1,True,1,0,0,2
7.133089,80.738484,2025-11-27,2025-11-27,2025-11-27,1,parsed_single,2025.11.27,,2026-03-17,2026.03.17,Nuwara Eliya,හඟුරන්කෙත ප්රා.ලේ.කො,වැටැස්තැන්න,HR3,HR3,,NBRI/NE/HKD/2026/WGMSS/30),NBRI/NE/HKD/2026/WGMSS/30),499/ඩී,House / නිවාස,Slope failures / බැවුම් අස්ථාවරවීම්,Resettle / නැවත පදිංචිකිරීම,Minor or No Damages / සුළුහානි හෝ හානි නොමැති,,,,,,3.0,,2.0,,5,,Nuwara Eliya,7.13309_80.73848_2025-11-27,174.86,286.79,402.72,545.25,616.84,174.86,7.0,NASA POWER PRECTOTCORR / MERRA-2,ok,4517,0.3992726262078079,23.60442,55.39582,19.47567,1.52632,5.46591,1.25998,0.05676,6.71767,14.22169,28.68142,1,65_71,1,True,1,0,0,1
7.045456,80.768405,2025-11-27,2025-11-27,2025-11-27,1,parsed_single,2025-11-27 00:00:00,,2026-01-14,2026-01-14 00:00:00,Nuwara Eliya,මතුරට ප්රා.ලේ.කො,හොරගොල්ල,HR2,HR2,,NBRI/NE/HKD[Mathurata]/2026/DSDD/70),NBRI/NE/HKD[Mathurata]/2026/DSDD/70),,House / නිවාස,Slope failures / බැවුම් අස්ථාවරවීම්,Resettle / නැවත පදිංචිකිරීම,Partially / අර්ධහානි,,ගල් පෙරලිම්,,,1.0,2.0,,,,3,,Nuwara Eliya,7.04546_80.7684_2025-11-27,174.86,286.79,402.72,545.25,616.84,174.86,7.0,NASA POWER PRECTOTCORR / MERRA-2,ok,4524,0.1894776384977051,23.99103,53.72563,20.96835,2.1797,5.27629,1.19548,0.06453,7.6356,15.3133,30.28529,1,66_68,1,True,1,0,0,2
7.047379,80.771507,2025-11-27,2025-11-27,2025-11-27,1,parsed_single,2025-11-27 00:00:00,,2026-01-13,2026-01-13 00:00:00,Nuwara Eliya,මතුරට ප්රා.ලේ.කො,එළමුල්ල,HR2,HR2,,NBRI/NE/HKD[Mathurata]/2026/DSDD/65),NBRI/NE/HKD[Mathurata]/2026/DSDD/65),,House / නිවාස,Other / වෙනත් (වෙනත් කරුණු යටතේ සදහන් කරන්න),Resettle / නැවත පදිංචිකිරීම,Partially / අර්ධහානි,,ආතති පැලුම්,,,1.0,1.0,,9.0,6.0,17,,Nuwara Eliya,7.04738_80.77151_2025-11-27,174.86,286.79,402.72,545.25,616.84,174.86,7.0,NASA POWER PRECTOTCORR / MERRA-2,ok,4524,0.2520725363621095,23.99103,53.72563,20.96835,2.1797,5.27629,1.19548,0.06453,7.6356,15.3133,30.28529,1,66_68,1,True,1,0,0,2
7.091448,80.637969,2025-11-27,2025-11-27,2025-11-27,1,parsed_single,2025.11.27,,2026-06-10,2026.06.10,Nuwara Eliya,කොත්මලේ නැගෙනහිර ප්රා.ලේ.කො,නවමොරපේ,HR3,HR3,,NBRI/NE/KTD[East]/2026/KATD/29),NBRI/NE/KTD[East]/2026/KATD/29),456/ඩී,House / නිවාස,Other / වෙනත් (වෙනත් කරුණු යටතේ සදහන් කරන්න),Resettle / නැවත පදිංචිකිරීම,Minor or No Damages / සුළුහානි හෝ හානි නොමැති,0.0,,,,,1.0,,39.0,,40,,Nuwara Eliya,7.09145_80.63797_2025-11-27,174.86,286.79,402.72,545.25,616.84,174.86,7.0,NASA POWER PRECTOTCORR / MERRA-2,ok,4573,0.35368351641573,24.50213,55.46775,19.04904,1.48641,5.38223,1.25276,0.06545,2.33438,14.21733,25.87997,1,61_69,1,True,1,0,0,1
6.900228,80.687798,2025-11-27,2025-11-27,2025-11-27,1,parsed_single,2025-11-27 00:00:00,,2026-01-02,2026-01-02 00:00:00,Nuwara Eliya,තලවකැලේ ප්රා.ලේ.කො,නාගසේන,HR2,HR2,,NBRI/NE/NED[Thalawakale]/2026/IC/13,NBRI/NE/NED[Thalawakale]/2026/IC/13,475 එච්,House / නිවාස,Other / වෙනත් (වෙනත් කරුණු යටතේ සදහන් කරන්න),Resettle / නැවත පදිංචිකිරීම,Partially / අර්ධහානි,,ඇළ ඉවුර අස්ථාවර වීම,,,1.0,,,1.0,,2,,Nuwara Eliya,6.90023_80.6878_2025-11-27,174.86,286.79,402.72,545.25,616.84,174.86,7.0,NASA POWER PRECTOTCORR / MERRA-2,ok,4602,0.202762727292537,29.75282,48.11873,22.39427,2.2346,5.21813,1.17221,0.06512,-0.17765,14.56211,28.8923,0,63_62,1,True,1,0,0,2
6.901406,80.685633,2025-11-27,2025-11-27,2025-11-27,1,parsed_single,2025.11.27,,2026-05-08,2026.05.08,Nuwara Eliya,තලවකැලේ ප්රා.ලේ.කො,නාගසේන,HR2,HR2,,NBRI/NE/NED[Thalawakale]/2026/DSDD/286),NBRI/NE/NED[Thalawakale]/2026/DSDD/286),475/එච්,House / නිවාස,Other / වෙනත් (වෙනත් කරුණු යටතේ සදහන් කරන්න),Resettle / නැවත පදිංචිකිරීම,Partially / අර්ධහානි,,ගං ඉවුරු ඛාදනය සහ භූමි අස්ථාවර වීම,,,1.0,,,3.0,,4,,Nuwara Eliya,6.90141_80.68563_2025-11-27,174.86,286.79,402.72,545.25,616.84,174.86,7.0,NASA POWER PRECTOTCORR / MERRA-2,ok,4602,0.444003844890538,29.75282,48.11873,22.39427,2.2346,5.21813,1.17221,0.06512,-0.17765,14.56211,28.8923,0,63_62,1,True,1,0,0,2
7.127883,80.905645,2025-11-27,2025-11-27,2025-11-27,1,parsed_single,2025.11.27,,2026-01-28,2026.01.28,Nuwara Eliya,නිල්දණ්ඩහින්න ප්රා.ලේ.කො,දුලන,HR3,HR3,,NBRI/NE/WLD[Nildandahinna]/2026/DSDD/සංශෝධන/105),NBRI/NE/WLD[Nildandahinna]/2026/DSDD/සංශෝධන/105),,House / නිවාස,Other / වෙනත් (වෙනත් කරුණු යටතේ සදහන් කරන්න),Resettle / නැවත පදිංචිකිරීම,Minor or No Damages / සුළුහානි හෝ හානි නොමැති,,නාය ගලන මාර්ගය,,,,2.0,,24.0,,26,,Nuwara Eliya,7.12788_80.90565_2025-11-27,174.86,286.79,402.72,545.25,616.84,174.86,7.0,NASA POWER PRECTOTCORR / MERRA-2,ok,4614,0.5117491818256803,15.93139,64.99501,17.23083,1.31546,5.6949,1.32374,0.05748,14.26712,13.86894,28.98564,1,71_71,1,True,1,0,0,1
7.047205,80.706805,2025-11-27,2025-11-27,2025-11-27,1,parsed_single,2025-11-27 00:00:00,,2025-12-29,2025-12-29 00:00:00,Nuwara Eliya,කොත්මලේ නැගෙනහිර ප්රා.ලේ.කො,වෙදමුල්ල,HR2,HR2,,NBRI/NE/KTD[East]/2025/DMCP/40),NBRI/NE/KTD[East]/2025/DMCP/40),474 - එල්,House / නිවාස,Slope failures / බැවුම් අස්ථාවරවීම්,Resettle / නැවත පදිංචිකිරීම,Partially / අර්ධහානි,,,,,4.0,26.0,,5.0,,35,,Nuwara Eliya,7.0472_80.7068_2025-11-27,174.86,286.79,402.72,545.25,616.84,174.86,7.0,NASA POWER PRECTOTCORR / MERRA-2,ok,4628,0.4902593039261711,25.20955,53.73055,19.841,2.19428,5.33209,1.20194,0.06562,4.21186,14.69392,27.85275,3,64_68,1,True,1,0,0,2
7.04909,80.707023,2025-11-27,2025-11-27,2025-11-27,1,parsed_single,2025-11-27 00:00:00,4.45 PM,2025-12-13,2025-12-13 00:00:00,Nuwara Eliya,කොත්මලේ නැගෙනහිර ප්රා.ලේ.කො,පලාගොල්ල,HR1,HR1,,NBRI/NE/KTD[East]-40/2025/RR/10)-Rev,NBRI/NE/KTD[East]-40/2025/RR/10)-Rev,474 සී,House / නිවාස,Slope failures / බැවුම් අස්ථාවරවීම්,Resettle / නැවත පදිංචිකිරීම,Fully / පුර්ණහානි,,,,1.0,2.0,,,1.0,,4,,Nuwara Eliya,7.04909_80.70702_2025-11-27,174.86,286.79,402.72,545.25,616.84,174.86,7.0,NASA POWER PRECTOTCORR / MERRA-2,ok,4628,0.3474857252810908,25.20955,53.73055,19.841,2.19428,5.33209,1.20194,0.06562,4.21186,14.69392,27.85275,3,64_68,1,True,1,0,0,2
7.034833,80.884878,2025-11-27,2025-11-27,2025-11-27,1,parsed_single,2025-11-27 00:00:00,,2026-01-22,2026-01-22 00:00:00,Nuwara Eliya,වලපනේ ප්රා.ලේ.කො,පණ්ඩිතයාකුඹුර,HR3,HR3,,NBRI/NE/WLD/2026/PTG/185),NBRI/NE/WLD/2026/PTG/185),529 ඒ,House / නිවාස,Cutting failure / කණ්ඩි අස්ථාවරවීම්,Resettle / නැවත පදිංචිකිරීම,Minor or No Damages / සුළුහානි හෝ හානි නොමැති,,,,,,1.0,,17.0,,18,,Nuwara Eliya,7.03483_80.88488_2025-11-27,174.86,286.79,402.72,545.25,616.84,174.86,7.0,NASA POWER PRECTOTCORR / MERRA-2,ok,4654,0.2809079798425955,18.39733,59.62553,19.4117,2.13571,5.48313,1.19629,0.06457,19.08104,15.39268,36.09597,2,70_67,1,True,1,0,0,1
7.017644,80.827604,2025-11-27,2025-11-27,2025-11-27,1,parsed_single,2025-11-27 00:00:00,,2025-12-21,2025.12.21,Nuwara Eliya,වලපනේ ප්රා.ලේ.කො,බෲක්සයිඩ්,HR1,HR1,,NBRI/NE/WLD/2026/DMCP/සංශෝධන/64),NBRI/NE/WLD/2026/DMCP/සංශෝධන/64),,House / නිවාස,Slope failures / බැවුම් අස්ථාවරවීම්,Resettle / නැවත පදිංචිකිරීම,Fully / පුර්ණහානි,,,,1.0,3.0,,,6.0,,10,,Nuwara Eliya,7.01764_80.8276_2025-11-27,174.86,286.79,402.72,545.25,616.84,174.86,7.0,NASA POWER PRECTOTCORR / MERRA-2,ok,4659,0.3398641308251766,22.32307,55.30405,20.54164,2.09696,5.40992,1.18132,0.06643,11.59146,15.37681,32.67901,1,68_67,1,True,1,0,0,2
7.019222,80.827176,2025-11-27,2025-11-27,2025-11-27,1,parsed_single,2025-11-27 00:00:00,Noon,2025-12-13,2025-12-13 00:00:00,Nuwara Eliya,වලපනේ ප්රා.ලේ.කො,බෲක්සයිඩ්,HR2,HR2,,NBRI/NE/WLD/2025/DMCP/18 -Rev,NBRI/NE/WLD/2025/DMCP/18 -Rev,533O,House / නිවාස,Slope failures / බැවුම් අස්ථාවරවීම්,Resettle / නැවත පදිංචිකිරීම,Partially / අර්ධහානි,,,,,12.0,,,5.0,,17,,Nuwara Eliya,7.01922_80.82718_2025-11-27,174.86,286.79,402.72,545.25,616.84,174.86,7.0,NASA POWER PRECTOTCORR / MERRA-2,ok,4659,0.1589055386897853,22.32307,55.30405,20.54164,2.09696,5.40992,1.18132,0.06643,11.59146,15.37681,32.67901,1,68_67,1,True,1,0,0,2
7.12393,80.736795,2025-11-27,2025-11-27,2025-11-27,1,parsed_single,2025.11.27,,2026-01-21,2026.01.21,Nuwara Eliya,හඟුරන්කෙත ප්රා.ලේ.කො,දාරාඔය,HR3,HR3,,NBRI/NE/HKD/2026/SMK/101),NBRI/NE/HKD/2026/SMK/101),,House / නිවාස,Other / වෙනත් (වෙනත් කරුණු යටතේ සදහන් කරන්න),Resettle / නැවත පදිංචිකිරීම,Minor or No Damages / සුළුහානි හෝ හානි නොමැති,,නායගලන මගෙහි පිහිටා ඇත,,,,2.0,,3.0,,5,,Nuwara Eliya,7.12393_80.7368_2025-11-27,174.86,286.79,402.72,545.25,616.84,174.86,7.0,NASA POWER PRECTOTCORR / MERRA-2,ok,4660,0.2906079078481166,23.74872,54.95229,19.73706,1.53063,5.44787,1.25739,0.0571,7.17426,14.22191,29.21159,1,65_71,1,True,1,0,0,1
6.831323,80.543634,2025-11-27,2025-11-27,2025-11-27,1,parsed_single,2025.11.27,සවස,2025-12-04,2025.12.04,Nuwara Eliya,නොර්වුඩ් ප්රා.ලේ.කො,සීතගගුල,HR3,HR3,,NBRI/NE/ABD[Norwood]/2025/DSDD/03 /REV,NBRI/NE/ABD[Norwood]/2025/DSDD/03 /REV,320 බී,House / නිවාස,Slope failures / බැවුම් අස්ථාවරවීම්,Resettle / නැවත පදිංචිකිරීම,Minor or No Damages / සුළුහානි හෝ හානි නොමැති,,,,,,3.0,,,,3,,Nuwara Eliya,6.83132_80.54363_2025-11-27,174.86,286.79,402.72,545.25,616.84,174.86,7.0,NASA POWER PRECTOTCORR / MERRA-2,ok,4669,0.4494850976342662,20.90426,63.22278,14.16704,2.40944,5.0744,1.26732,0.05895,4.35341,13.24941,21.73771,1,58_60,1,True,1,0,0,1
7.237053,80.772805,2025-11-27,2025-11-27,2025-11-27,1,parsed_single,2025.11.27,,2026-02-06,2026.02.06,Nuwara Eliya,හඟුරන්කෙත ප්රා.ලේ.කො,අඹේවෙල,HR3,HR3,,NBRI/NE/HKD/2026/WGMSS/01),NBRI/NE/HKD/2026/WGMSS/01),486 / බී,House / නිවාස,Cutting failure / කණ්ඩි අස්ථාවරවීම්,Resettle / නැවත පදිංචිකිරීම,Minor or No Damages / සුළුහානි හෝ හානි නොමැති,,කණ්ඩි අස්ථාවරවීම බෑවුම් අස්ථාවරවීමක් දක්වා වර්ධනය වීමේ අවදානම,,,,1.0,,1.0,,2,,Nuwara Eliya,7.23705_80.77281_2025-11-27,174.86,286.79,402.72,545.25,616.84,174.86,7.0,NASA POWER PRECTOTCORR / MERRA-2,ok,4686,0.2725869569391504,24.97457,57.74622,15.76812,1.17446,5.6238,1.32002,0.05289,6.66534,13.69296,30.567,0,66_75,1,True,1,0,0,1
7.129986,80.742058,2025-11-27,2025-11-27,2025-11-27,1,parsed_single,2025.11.27,,2026-03-17,2026.03.17,Nuwara Eliya,හඟුරන්කෙත ප්රා.ලේ.කො,වැටැස්තැන්න,HR3,HR3,,NBRI/NE/HKD/2026/WGMSS/29),NBRI/NE/HKD/2026/WGMSS/29),499/ඩී,House / නිවාස,Slope failures / බැවුම් අස්ථාවරවීම්,Resettle / නැවත පදිංචිකිරීම,Minor or No Damages / සුළුහානි හෝ හානි නොමැති,,,,,,1.0,,2.0,,3,,Nuwara Eliya,7.12999_80.74206_2025-11-27,174.86,286.79,402.72,545.25,616.84,174.86,7.0,NASA POWER PRECTOTCORR / MERRA-2,ok,4697,0.5747699631094547,23.65907,54.8535,19.84867,1.53197,5.44261,1.25634,0.0569,7.83148,14.22338,29.68166,1,65_71,1,True,1,0,0,1
7.076389,80.813889,2025-12-27,2025-12-27,2025-12-27,1,parsed_single,2025-12-27 00:00:00,,2026-01-06,2026-01-06 00:00:00,Nuwara Eliya,වලපනේ ප්රා.ලේ.කො,උකුතුලේ නැගෙනහිර,HR3,HR3,,NBRI/NE/WLD/2026/PTG/137),NBRI/NE/WLD/2026/PTG/137),507ඒ,House / නිවාස,Landslide / නායයෑම්,Resettle / නැවත පදිංචිකිරීම,Minor or No Damages / සුළුහානි හෝ හානි නොමැති,,,,,,2.0,,,,2,,Nuwara Eliya,7.07639_80.81389_2025-12-27,0.27,1.6800000000000002,10.05,78.25999999999998,397.33,4.59,3.0,NASA POWER PRECTOTCORR / MERRA-2,ok,4739,0.4284901846539873,21.3853,56.90232,20.05205,2.08729,5.44689,1.22506,0.06198,10.66423,15.18183,30.61858,1,68_69,1,True,1,0,0,1
7.093232,80.737025,2025-11-27,2025-11-27,2025-11-27,1,parsed_single,2025-11-27 00:00:00,,2026-01-11,2026-01-11 00:00:00,Nuwara Eliya,මතුරට ප්රා.ලේ.කො,උඩ පදියපැලැල්ල,HR1,HR1,,NBRI/NE/HKD/[Mathurata]2026/KLKT/52),NBRI/NE/HKD/[Mathurata]2026/KLKT/52),510 ඒ,House / නිවාස,Slope failures / බැවුම් අස්ථාවරවීම්,Resettle / නැවත පදිංචිකිරීම,Fully / පුර්ණහානි,,,,1.0,2.0,,,,,3,,Nuwara Eliya,7.09323_80.73702_2025-11-27,174.86,286.79,402.72,545.25,616.84,174.86,7.0,NASA POWER PRECTOTCORR / MERRA-2,ok,4789,0.1268201243321921,24.39558,53.739,20.27525,2.10391,5.35187,1.22107,0.06115,7.31206,14.57974,29.89069,4,65_70,1,True,1,0,0,1
7.117409,80.709166,2025-11-27,2025-11-27,2025-11-27,1,parsed_single,2025-11-27 00:00:00,,2026-01-02,2026-01-02 00:00:00,Nuwara Eliya,හඟුරන්කෙත ප්රා.ලේ.කො,හෝප්,HR2,HR2,,NBRI/NE/HKD/2025/SMK/76,NBRI/NE/HKD/2025/SMK/76,501ජී,(වෙනත් කරුණු යටතේ සටහන් කරන්න),"Slope failures / බැවුම් අස්ථාවරවීම්, Rock fall / ගල් පෙරලීම්",Resettle / නැවත පදිංචිකිරීම,Partially / අර්ධහානි,,Twin cottage අංක 10,,,1.0,,,2.0,2.0,5,,Nuwara Eliya,7.11741_80.70917_2025-11-27,174.86,286.79,402.72,545.25,616.84,174.86,7.0,NASA POWER PRECTOTCORR / MERRA-2,ok,4824,0.1682927498252688,24.1491,54.85648,19.65586,1.53158,5.44415,1.25766,0.05802,5.77464,14.21756,28.46075,0,64_70,1,True,1,0,0,1
7.065536,80.599549,2025-11-27,2025-11-27,2025-11-27,1,parsed_single,2025.11.27,,2026-05-04,2026.05.04,Nuwara Eliya,කොත්මලේ බටහිර ප්රා.ලේ.කො,කඩදොර,HR3,HR3,,NBRI/NE/KTD[West]/2026/LY/145),NBRI/NE/KTD[West]/2026/LY/145),459,House / නිවාස,Other / වෙනත් (වෙනත් කරුණු යටතේ සදහන් කරන්න),Resettle / නැවත පදිංචිකිරීම,Minor or No Damages / සුළුහානි හෝ හානි නොමැති,,"කණ්ඩි අස්ථාවරවීම බෑවුම් අස්ථාවරවීමක් දක්වා වර්ධනය වීම, ව්‍යූහාත්මක අස්ථාවරතා",,,,1.0,,5.0,8.0,14,,Nuwara Eliya,7.06554_80.59955_2025-11-27,174.86,286.79,402.72,545.25,616.84,174.86,7.0,NASA POWER PRECTOTCORR / MERRA-2,ok,4834,0.1660525399512561,24.20091,56.81391,18.0862,1.49133,5.41395,1.27232,0.06654,0.22378,13.45231,23.06122,2,60_69,1,True,1,0,0,1
7.04687,80.916963,2025-11-27,2025-11-27,2025-11-27,1,parsed_single,2025.11.27,රාත්‍රිය,2025-12-25,2025.12.25,Nuwara Eliya,නිල්දණ්ඩහින්න ප්රා.ලේ.කො,මඩුල්ල දකුණ,HR2,HR2,,NBRI/NE/WLD (Niladandahinna) /2025/DMCP/33,NBRI/NE/WLD (Niladandahinna) /2025/DMCP/33,527/A,House / නිවාස,Landslide / නායයෑම්,Resettle / නැවත පදිංචිකිරීම,Partially / අර්ධහානි,,,,,2.0,20.0,,2.0,,24,,Nuwara Eliya,7.04687_80.91696_2025-11-27,174.86,286.79,402.72,545.25,616.84,174.86,7.0,NASA POWER PRECTOTCORR / MERRA-2,ok,4867,0.7733746107537637,16.94326,61.51273,18.91936,2.05637,5.4899,1.2276,0.06504,19.23073,15.52406,34.87078,1,72_68,1,True,1,0,0,1
6.935252,80.68504,2025-11-29,2025-11-29,2025-11-29,1,parsed_single,2025-11-29 00:00:00,,2025-12-07,2025-12-07 00:00:00,Nuwara Eliya,නුවරඑළිය ප්රා.ලේ.කො,රත්නගිරිය ජනපදය,HR1,HR1,,NBRI/NE/NED/2025/SMK/08/REV),NBRI/NE/NED/2025/SMK/08/REV),,House / නිවාස,Slope failures / බැවුම් අස්ථාවරවීම්,Resettle / නැවත පදිංචිකිරීම,Fully / පුර්ණහානි,,,,1.0,,,,,,1,,Nuwara Eliya,6.93525_80.68504_2025-11-29,5.63,245.09,439.52,593.5699999999999,685.3900000000001,174.86,7.0,NASA POWER PRECTOTCORR / MERRA-2,ok,4872,0.0724006580026362,29.58379,48.68611,21.9157,2.32644,5.19503,1.17349,0.06157,0.52855,15.30322,29.51112,3,63_64,1,True,1,0,0,1
7.014828,80.829182,2025-11-27,2025-11-27,2025-11-27,1,parsed_single,2025.11.27,,2026-02-02,2026.02.02,Nuwara Eliya,වලපනේ ප්රා.ලේ.කො,බෲක්සයිඩ්,HR1,HR1,,NBRI/NE/WLD/2026/SMK/121),NBRI/NE/WLD/2026/SMK/121),33 / 0,House / නිවාස,Other / වෙනත් (වෙනත් කරුණු යටතේ සදහන් කරන්න),Resettle / නැවත පදිංචිකිරීම,Fully / පුර්ණහානි,,සුන්බුන් ගලනය,,3.0,,,,,,3,,Nuwara Eliya,7.01483_80.82918_2025-11-27,174.86,286.79,402.72,545.25,616.84,174.86,7.0,NASA POWER PRECTOTCORR / MERRA-2,ok,4973,0.3341392365397878,22.56197,54.96486,20.6871,2.11029,5.39739,1.17585,0.06718,11.25178,15.37796,32.63565,1,68_67,1,True,1,0,0,1
7.071181,80.604457,2025-11-27,2025-11-27,2025-11-27,1,parsed_single,2025-11-27 00:00:00,,2025-12-05,2025-12-05 00:00:00,Nuwara Eliya,කොත්මලේ බටහිර ප්රා.ලේ.කො,කඩදොර,HR2,HR2,,NBRI/NE/KTD[West]/2026/SMK/සංශෝධන/6(ii)),NBRI/NE/KTD[West]/2026/SMK/සංශෝධන/6(ii)),469,House / නිවාස,,Resettle / නැවත පදිංචිකිරීම,Partially / අර්ධහානි,,,,,3.0,3.0,,25.0,3.0,34,,Nuwara Eliya,7.07118_80.60446_2025-11-27,174.86,286.79,402.72,545.25,616.84,174.86,7.0,NASA POWER PRECTOTCORR / MERRA-2,ok,5088,0.149108889425272,24.31898,56.58553,18.19382,1.4928,5.41647,1.25378,0.0661,0.30235,13.45329,23.25142,2,60_69,1,True,1,0,0,1
7.048818,80.634506,2025-11-27,2025-11-27,2025-11-27,1,parsed_single,2025.11.27 උදේ 6.00,,2025-12-08,2025.12.08,Nuwara Eliya,කොත්මලේ බටහිර ප්රා.ලේ.කො,වටද්දර,HR2,HR2,,NBRI/NE/KTD(West)/2025/DSDD/08 - REV),NBRI/NE/KTD(West)/2025/DSDD/08 - REV),,House / නිවාස,,Resettle / නැවත පදිංචිකිරීම,Partially / අර්ධහානි,,,,,2.0,1.0,,,,3,,Nuwara Eliya,7.04882_80.63451_2025-11-27,174.86,286.79,402.72,545.25,616.84,174.86,7.0,NASA POWER PRECTOTCORR / MERRA-2,ok,5092,0.1620436453358111,24.41435,56.05828,18.43232,2.20955,5.29682,1.21334,0.06692,2.31026,14.61136,25.27571,3,61_68,1,True,1,0,0,2
7.051344,80.634896,2025-11-27,2025-11-27,2025-11-27,1,parsed_single,2025.11.27,,2026-07-15,2026.07.15,Nuwara Eliya,කොත්මලේ බටහිර ප්රා.ලේ.කො,වටද්දර,HR3,HR3,,NBRI/NE/KTD[West]/2026/SMK/230),NBRI/NE/KTD[West]/2026/SMK/230),,House / නිවාස,Other / වෙනත් (වෙනත් කරුණු යටතේ සදහන් කරන්න),Resettle / නැවත පදිංචිකිරීම,Minor or No Damages / සුළුහානි හෝ හානි නොමැති,,ආතති පැලුම්,,,,1.0,,11.0,,12,,Nuwara Eliya,7.05134_80.6349_2025-11-27,174.86,286.79,402.72,545.25,616.84,174.86,7.0,NASA POWER PRECTOTCORR / MERRA-2,ok,5092,0.1800395175261021,24.41435,56.05828,18.43232,2.20955,5.29682,1.21334,0.06692,2.31026,14.61136,25.27571,3,61_68,1,True,1,0,0,2
6.879123,80.528951,2025-11-27,2025-11-27,2025-11-27,1,parsed_single,2025.11.27,,2026-05-14,2026.05.14,Nuwara Eliya,නොර්වුඩ් ප්රා.ලේ.කො,මාවුස්සාකැලේ,HR3,HR3,,NBRI/NE/ABD[Norwood]/2026/VKG/61),NBRI/NE/ABD[Norwood]/2026/VKG/61),320/අයි,House / නිවාස,Other / වෙනත් (වෙනත් කරුණු යටතේ සදහන් කරන්න),Resettle / නැවත පදිංචිකිරීම,Minor or No Damages / සුළුහානි හෝ හානි නොමැති,,ඉවුරු ඛාදනය,,,,1.0,,3.0,,4,,Nuwara Eliya,6.87912_80.52895_2025-11-27,174.86,286.79,402.72,545.25,616.84,174.86,7.0,NASA POWER PRECTOTCORR / MERRA-2,ok,5118,0.2157892339163394,20.47202,64.05925,13.93963,2.19391,5.0489,1.26022,0.05889,3.53523,13.3914,21.4395,1,57_62,1,True,1,0,0,1
7.03104,80.883994,2025-11-27,2025-11-27,2025-11-27,1,parsed_single,2025-11-27 00:00:00,,2026-01-22,2026-01-22 00:00:00,Nuwara Eliya,වලපනේ ප්රා.ලේ.කො,මන්ත්‍රීතැන්න,HR3,HR3,,NBRI/NE/WLD/2026/PTG/174),NBRI/NE/WLD/2026/PTG/174),529,House / නිවාස,Landslide / නායයෑම්,Resettle / නැවත පදිංචිකිරීම,Minor or No Damages / සුළුහානි හෝ හානි නොමැති,,,,,,1.0,,2.0,,3,,Nuwara Eliya,7.03104_80.88399_2025-11-27,174.86,286.79,402.72,545.25,616.84,174.86,7.0,NASA POWER PRECTOTCORR / MERRA-2,ok,5136,0.316835367862457,18.22246,59.42658,19.66469,2.14712,5.46718,1.19047,0.0655,20.38507,15.3944,37.21996,2,70_67,1,True,1,0,0,1
7.07013,80.59534,2025-11-28,2025-11-28,2025-11-28,1,parsed_single,2025.11.28,,2026-06-03,2026.06.03,Nuwara Eliya,කොත්මලේ බටහිර ප්රා.ලේ.කො,නයාපාන,HR3,HR3,,NBRI/NE/KTD[West]/2026/DSDD/312),NBRI/NE/KTD[West]/2026/DSDD/312),,House / නිවාස,Other / වෙනත් (වෙනත් කරුණු යටතේ සදහන් කරන්න),Resettle / නැවත පදිංචිකිරීම,Minor or No Damages / සුළුහානි හෝ හානි නොමැති,,"ඇළ මාර්ගය ආසන්නයේ, පෙර සිදු වූ නායයෑම් හේතුවෙන් නිර්මාණය වූ කිදාවන් (Previous Scar)",,,,1.0,,6.0,,7,,Nuwara Eliya,7.07013_80.59534_2025-11-28,64.6,322.04,457.49,601.37,680.32,174.86,7.0,NASA POWER PRECTOTCORR / MERRA-2,ok,5152,0.1806166753410302,24.20091,56.81391,18.0862,1.49133,5.41395,1.27232,0.06654,0.22378,13.45231,23.06122,2,60_69,1,True,1,0,0,1
7.079226,80.915358,2025-11-27,2025-11-27,2025-11-27,1,parsed_single,2025.11.27,,2026-05-25,2026.05.25,Nuwara Eliya,නිල්දණ්ඩහින්න ප්රා.ලේ.කො,අඹන්අැල්ල,HR3,HR3,,NBRI/NE/WLD[Nildandahinna]/2026/LSG/35),NBRI/NE/WLD[Nildandahinna]/2026/LSG/35),523,House / නිවාස,Other / වෙනත් (වෙනත් කරුණු යටතේ සදහන් කරන්න),Resettle / නැවත පදිංචිකිරීම,Minor or No Damages / සුළුහානි හෝ හානි නොමැති,,බෑවුම් අස්ථාවරවීම / ගල් පෙරළීම,,,,2.0,,1.0,,3,,Nuwara Eliya,7.07923_80.91536_2025-11-27,174.86,286.79,402.72,545.25,616.84,174.86,7.0,NASA POWER PRECTOTCORR / MERRA-2,ok,5156,0.277549946558579,17.83798,61.78858,18.12434,2.16496,5.55107,1.23267,0.06134,16.38308,15.72788,32.94374,3,71_69,1,True,1,0,0,2
7.080013,80.914904,2025-11-27,2025-11-27,2025-11-27,1,parsed_single,2025.11.27,,2026-01-30,2026.01.30,Nuwara Eliya,නිල්දණ්ඩහින්න ප්රා.ලේ.කො,අඹංඇල්ල,HR2,HR2,,NBRI/NE/WLD[Nildandahinna]/2026/SMK/114),NBRI/NE/WLD[Nildandahinna]/2026/SMK/114),520/3,House / නිවාස,Other / වෙනත් (වෙනත් කරුණු යටතේ සදහන් කරන්න),Resettle / නැවත පදිංචිකිරීම,Partially / අර්ධහානි,,නිම්නය අසල කණ්ඩි අස්ථාවරවීම,,,3.0,,,5.0,,8,,Nuwara Eliya,7.08001_80.9149_2025-11-27,174.86,286.79,402.72,545.25,616.84,174.86,7.0,NASA POWER PRECTOTCORR / MERRA-2,ok,5156,0.3764557511238175,17.83798,61.78858,18.12434,2.16496,5.55107,1.23267,0.06134,16.38308,15.72788,32.94374,3,71_69,1,True,1,0,0,2
7.075382,80.612438,2025-11-27,2025-11-27,2025-11-27,1,parsed_single,2025-11-27 00:00:00,,2026-01-19,2026-01-19 00:00:00,Nuwara Eliya,කොත්මලේ බටහිර ප්රා.ලේ.කො,උතුරු කොටගේපිටිය,HR1,HR1,,NBRI/NE/ KTD[WEST]/2026/LY/58),NBRI/NE/ KTD[WEST]/2026/LY/58),459 /B,House / නිවාස,Landslide / නායයෑම්,Resettle / නැවත පදිංචිකිරීම,Fully / පුර්ණහානි,,නායයාම් සහ සුන්බුන් ගලනය වීමේ අවධානම,,1.0,,4.0,,26.0,,31,,Nuwara Eliya,7.07538_80.61244_2025-11-27,174.86,286.79,402.72,545.25,616.84,174.86,7.0,NASA POWER PRECTOTCORR / MERRA-2,ok,5170,0.1470854271243123,24.74384,55.91243,18.43282,1.48953,5.42314,1.25415,0.06603,0.32313,13.45437,23.70489,2,60_69,1,True,1,0,0,1
6.952263,80.690438,2025-11-27,2025-11-27,2025-11-27,1,parsed_single,2025-11-27 00:00:00,,2025-12-24,2025-12-24 00:00:00,Nuwara Eliya,තලවකැලේ ප්රා.ලේ.කො,ග්‍රටේ වෙස්ටර්න්,HR3,HR3,,NBRI/NE/NED/(THALWAKALE)/2025/LY/23,NBRI/NE/NED/(THALWAKALE)/2025/LY/23,475 Z,House / නිවාස,Landslide / නායයෑම්,Resettle / නැවත පදිංචිකිරීම,Minor or No Damages / සුළුහානි හෝ හානි නොමැති,,,,,,5.0,,1.0,,6,,Nuwara Eliya,6.95226_80.69044_2025-11-27,174.86,286.79,402.72,545.25,616.84,174.86,7.0,NASA POWER PRECTOTCORR / MERRA-2,ok,5213,0.0790227809229026,27.71274,50.5059,21.48534,2.32772,5.31272,1.14614,0.06694,1.1683,15.78256,27.96201,3,63_64,1,True,1,0,0,1
7.04258,80.78062,2025-11-27,2025-11-27,2025-11-27,1,parsed_single,2025.11.27,,2026-01-21,2026.01.21,Nuwara Eliya,මතුරට ප්රා.ලේ.කො,උඩවෙල,HR3,HR3,,NBRI/NE/HKD(Mathurata)/2026/IC/24,NBRI/NE/HKD(Mathurata)/2026/IC/24,512/ ඩී,House / නිවාස,Other / වෙනත් (වෙනත් කරුණු යටතේ සදහන් කරන්න),Resettle / නැවත පදිංචිකිරීම,Minor or No Damages / සුළුහානි හෝ හානි නොමැති,,සුන්බුන් ගලන මාර්ගය,,,,4.0,,,,4,,Nuwara Eliya,7.04258_80.78062_2025-11-27,174.86,286.79,402.72,545.25,616.84,174.86,7.0,NASA POWER PRECTOTCORR / MERRA-2,ok,5225,0.657196142296878,23.49982,54.15549,20.93441,2.25096,5.30746,1.18777,0.06453,8.00834,15.65268,29.92957,1,66_68,1,True,1,0,0,2
7.04371,80.77431,2025-11-27,2025-11-27,2025-11-27,1,parsed_single,2025-11-27 00:00:00,,2026-01-21,2026.01.21,Nuwara Eliya,මතුරට ප්රා.ලේ.කො,උඩවෙල,HR1,HR1,,NBRI/NE/HKD (Mathurata)/2026/IC/23),NBRI/NE/HKD (Mathurata)/2026/IC/23),512/ ඩී,House / නිවාස,Other / වෙනත් (වෙනත් කරුණු යටතේ සදහන් කරන්න),Resettle / නැවත පදිංචිකිරීම,Fully / පුර්ණහානි,,සුන්බුන් ගලන මාර්ගය,,1.0,,,,4.0,,5,,Nuwara Eliya,7.04371_80.77431_2025-11-27,174.86,286.79,402.72,545.25,616.84,174.86,7.0,NASA POWER PRECTOTCORR / MERRA-2,ok,5225,0.1282969580874512,23.49982,54.15549,20.93441,2.25096,5.30746,1.18777,0.06453,8.00834,15.65268,29.92957,1,66_68,1,True,1,0,0,2
6.997335,80.620688,2025-11-27,2025-11-27,2025-11-27,1,parsed_single,2025-11-27 00:00:00,,,2026 /01/27 හා 2026/02/27,Nuwara Eliya,කොත්මලේ බටහිර ප්රා.ලේ.කො,බෙරමාන උතුර,HR3,HR3,,NBRI/NE/KTD[West]/2026/KLKT/117),NBRI/NE/KTD[West]/2026/KLKT/117),,House / නිවාස,"Rock fall / ගල් පෙරලීම්, Slope failures / බැවුම් අස්ථාවරවීම්",Resettle / නැවත පදිංචිකිරීම,Minor or No Damages / සුළුහානි හෝ හානි නොමැති,,,,,,2.0,,4.0,,6,,Nuwara Eliya,6.99734_80.62069_2025-11-27,174.86,286.79,402.72,545.25,616.84,174.86,7.0,NASA POWER PRECTOTCORR / MERRA-2,ok,5245,0.0901784142718629,21.08047,61.18322,16.8162,2.28735,5.21583,1.19664,0.06327,1.47635,14.32932,21.23771,2,61_66,1,True,1,0,0,2
6.998057,80.620727,2025-11-27,2025-11-27,2025-11-27,1,parsed_single,2025.11.27,,2026-01-27,2026.01.27,Nuwara Eliya,කොත්මලේ බටහිර ප්රා.ලේ.කො,බෙරමාන උතුර,HR3,HR3,,NBRI/NE/KTD[West]/2026/KLKT/99),NBRI/NE/KTD[West]/2026/KLKT/99),467ඩී,House / නිවාස,Rock fall / ගල් පෙරලීම්,Resettle / නැවත පදිංචිකිරීම,Minor or No Damages / සුළුහානි හෝ හානි නොමැති,,,,,,2.0,,,,2,,Nuwara Eliya,6.99806_80.62073_2025-11-27,174.86,286.79,402.72,545.25,616.84,174.86,7.0,NASA POWER PRECTOTCORR / MERRA-2,ok,5245,0.1475903856438115,21.08047,61.18322,16.8162,2.28735,5.21583,1.19664,0.06327,1.47635,14.32932,21.23771,2,61_66,1,True,1,0,0,2
7.070445,80.601835,2025-11-27,2025-11-27,2025-11-27,1,parsed_single,2025-11-27 00:00:00,,2026-04-17,2026-04-17 00:00:00,Nuwara Eliya,කොත්මලේ බටහිර ප්රා.ලේ.කො,කඩදොර,HR3,HR3,,NBRI/NE/KTD[West]/2026/WGMSS/48),NBRI/NE/KTD[West]/2026/WGMSS/48),459,House / නිවාස,Other / වෙනත් (වෙනත් කරුණු යටතේ සදහන් කරන්න),Resettle / නැවත පදිංචිකිරීම,Minor or No Damages / සුළුහානි හෝ හානි නොමැති,,බෑවුම් අස්ථාවර වීම් හා ගල් පෙරලීම්,,,,2.0,,13.0,,15,,Nuwara Eliya,7.07044_80.60183_2025-11-27,174.86,286.79,402.72,545.25,616.84,174.86,7.0,NASA POWER PRECTOTCORR / MERRA-2,ok,5258,0.0991261253126555,24.20091,56.81391,18.0862,1.49133,5.41395,1.27232,0.06654,0.22378,13.45231,23.06122,2,60_69,1,True,1,0,0,1
7.122487,80.753619,2025-11-27,2025-11-27,2025-11-27,1,parsed_single,2025.11.27,,2026-01-25,2026.01.25,Nuwara Eliya,හඟුරන්කෙත ප්රා.ලේ.කො,මඩුමාන,HR1,HR1,,NBRI/NE/HKD/2026/SMK/105),NBRI/NE/HKD/2026/SMK/105),501 ඩී,House / නිවාස,Slope failures / බැවුම් අස්ථාවරවීම්,Resettle / නැවත පදිංචිකිරීම,Fully / පුර්ණහානි,,,,1.0,,,,7.0,,8,,Nuwara Eliya,7.12249_80.75362_2025-11-27,174.86,286.79,402.72,545.25,616.84,174.86,7.0,NASA POWER PRECTOTCORR / MERRA-2,ok,5284,0.3282384822050143,23.61613,54.59821,19.93385,1.50779,5.40553,1.26081,0.05844,8.39416,14.161,29.92016,1,65_71,1,True,1,0,0,1
7.056346,80.780325,2025-11-27,2025-11-27,2025-11-27,1,parsed_single,2025-11-27 00:00:00,,2025-12-10,2025-12-10 00:00:00,Nuwara Eliya,මතුරට ප්රා.ලේ.කො,ලබුහේන්වල,HR3,HR3,,NBRI/NE/HKD[Mathurata]/2025/PTG/25 -Rev,NBRI/NE/HKD[Mathurata]/2025/PTG/25 -Rev,,House / නිවාස,Other / වෙනත් (වෙනත් කරුණු යටතේ සදහන් කරන්න),Resettle / නැවත පදිංචිකිරීම,Minor or No Damages / සුළුහානි හෝ හානි නොමැති,,,,,,8.0,,3.0,,11,,Nuwara Eliya,7.05635_80.78033_2025-11-27,174.86,286.79,402.72,545.25,616.84,174.86,7.0,NASA POWER PRECTOTCORR / MERRA-2,ok,5286,0.4819648350316962,23.67542,53.96085,20.90445,2.16907,5.28405,1.19972,0.06407,8.48923,15.3137,30.68421,1,66_68,1,True,1,0,0,2
7.056912,80.779665,2025-11-27,2025-11-27,2025-11-27,1,parsed_single,2025.11.27,,2026-02-20,2026.02.20,Nuwara Eliya,මතුරට ප්රා.ලේ.කො,ලබුහේන්වල,HR1,HR1,,NBRI/NE/HKD[Mathurata]/2026/DMCP/සංශෝධන/129),NBRI/NE/HKD[Mathurata]/2026/DMCP/සංශෝධන/129),,House / නිවාස,Other / වෙනත් (වෙනත් කරුණු යටතේ සදහන් කරන්න),Resettle / නැවත පදිංචිකිරීම,Fully / පුර්ණහානි,,භුමි ගිලා බැසිම,,1.0,,2.0,,,,3,,Nuwara Eliya,7.05691_80.77966_2025-11-27,174.86,286.79,402.72,545.25,616.84,174.86,7.0,NASA POWER PRECTOTCORR / MERRA-2,ok,5286,0.4367709498351914,23.67542,53.96085,20.90445,2.16907,5.28405,1.19972,0.06407,8.48923,15.3137,30.68421,1,66_68,1,True,1,0,0,2
7.068185,80.913913,2025-11-27,2025-11-27,2025-11-27,1,parsed_single,2025.11.27,,2026-02-03,2026.02.03,Nuwara Eliya,නිල්දණ්ඩහින්න ප්රා.ලේ.කො,දෙමටඅරාව,HR1,HR1,,NBRI/NE/WLD[Nildandahinna]/2026/DMCP/81),NBRI/NE/WLD[Nildandahinna]/2026/DMCP/81),518 / එෆ්,House / නිවාස,Slope failures / බැවුම් අස්ථාවරවීම්,Resettle / නැවත පදිංචිකිරීම,Fully / පුර්ණහානි,,,,2.0,,,,,,2,,Nuwara Eliya,7.06818_80.91391_2025-11-27,174.86,286.79,402.72,545.25,616.84,174.86,7.0,NASA POWER PRECTOTCORR / MERRA-2,ok,5334,0.0220351149392548,17.79936,61.52478,18.32832,2.17611,5.53329,1.2264,0.06229,17.17769,15.73056,33.68459,3,71_69,1,True,1,0,0,2
7.071052,80.917346,2025-11-27,2025-11-27,2025-11-27,1,parsed_single,2025.11.27,,2026-03-31,2026.03.31,Nuwara Eliya,නිල්දණ්ඩහින්න ප්රා.ලේ.කො,දෙමටඅරාව,HR3,HR3,,NBRI/NE/WLD[Nildandahinna]/2026/DSDD/240),NBRI/NE/WLD[Nildandahinna]/2026/DSDD/240),518/එෆ්,House / නිවාස,Slope failures / බැවුම් අස්ථාවරවීම්,Resettle / නැවත පදිංචිකිරීම,Minor or No Damages / සුළුහානි හෝ හානි නොමැති,,,,,,2.0,,2.0,,4,,Nuwara Eliya,7.07105_80.91735_2025-11-27,174.86,286.79,402.72,545.25,616.84,174.86,7.0,NASA POWER PRECTOTCORR / MERRA-2,ok,5334,0.4736702911431601,17.79936,61.52478,18.32832,2.17611,5.53329,1.2264,0.06229,17.17769,15.73056,33.68459,3,71_69,1,True,1,0,0,2
7.019644,80.668496,2025-11-27,2025-11-27,2025-11-27,1,parsed_single,2025.11.27,,2026-07-23,2026.07.23,Nuwara Eliya,කොත්මලේ නැගෙනහිර ප්රා.ලේ.කො,උතුරු පූඩළුඔය,HR2,HR2,,NBRI/NE/KTD[East]/2026/LSG/60),NBRI/NE/KTD[East]/2026/LSG/60),468/ඊ,House / නිවාස,Other / වෙනත් (වෙනත් කරුණු යටතේ සදහන් කරන්න),Resettle / නැවත පදිංචිකිරීම,Partially / අර්ධහානි,0.0,"නායයෑම්, බෑවුම් අස්ථාවරතා",,,9.0,,,,,9,,Nuwara Eliya,7.01964_80.6685_2025-11-27,174.86,286.79,402.72,545.25,616.84,174.86,7.0,NASA POWER PRECTOTCORR / MERRA-2,ok,5344,0.1855463785364254,25.12547,54.38983,19.54617,2.21846,5.31825,1.18709,0.06543,2.88469,14.69115,26.59798,1,62_67,1,True,1,0,0,1
7.036261,80.771846,2025-11-27,2025-11-27,2025-11-27,1,parsed_single,2025-11-27 00:00:00,,2026-01-14,2026-01-14 00:00:00,Nuwara Eliya,මතුරට ප්රා.ලේ.කො,හොරගොල්ල,HR2,HR2,,NBRI/NE/HKD[Mathurata]/2026/DSDD/71),NBRI/NE/HKD[Mathurata]/2026/DSDD/71),,House / නිවාස,Other / වෙනත් (වෙනත් කරුණු යටතේ සදහන් කරන්න),Resettle / නැවත පදිංචිකිරීම,Partially / අර්ධහානි,,"ගිලා බැසීම් ,නිම්නය අසල",,,1.0,,,9.0,,10,,Nuwara Eliya,7.03626_80.77185_2025-11-27,174.86,286.79,402.72,545.25,616.84,174.86,7.0,NASA POWER PRECTOTCORR / MERRA-2,ok,5366,0.7344440632036973,23.49982,54.15549,20.93441,2.25096,5.30746,1.18777,0.06453,8.00834,15.65268,29.92957,1,66_68,1,True,1,0,0,1
7.017761,80.672813,2025-11-27,2025-11-27,2025-11-27,1,parsed_single,2025.11.27,,2026-05-13,2026.05.13,Nuwara Eliya,කොත්මලේ නැගෙනහිර ප්රා.ලේ.කො,උතුරු පූඩළුඔය,HR2,HR2,,NBRI/NE/KTD[East]/2026/LY/158),NBRI/NE/KTD[East]/2026/LY/158),,House / නිවාස,Slope failures / බැවුම් අස්ථාවරවීම්,Resettle / නැවත පදිංචිකිරීම,Partially / අර්ධහානි,0.0,,,,2.0,,,,,2,,Nuwara Eliya,7.01776_80.67281_2025-11-27,174.86,286.79,402.72,545.25,616.84,174.86,7.0,NASA POWER PRECTOTCORR / MERRA-2,ok,5370,0.2637195538809136,25.12547,54.38983,19.54617,2.21846,5.31825,1.18709,0.06543,2.88469,14.69115,26.59798,1,62_67,1,True,1,0,0,2
7.018127,80.669205,2025-12-27,2025-12-27,2025-12-27,1,parsed_single,2025-12-27 00:00:00,රාත්‍රී 11.00 – 12.00,2025-12-25,2025-12-25 00:00:00,Nuwara Eliya,කොත්මලේ නැගෙනහිර ප්රා.ලේ.කො,උතුරු පූඩළුඔය,HR2,HR2,,NBRI/NE/KTD[East]/2025/KLKT/13),NBRI/NE/KTD[East]/2025/KLKT/13),468,House / නිවාස,Landslide / නායයෑම්,Resettle / නැවත පදිංචිකිරීම,Partially / අර්ධහානි,,,,,16.0,8.0,,4.0,,28,,Nuwara Eliya,7.01813_80.66921_2025-12-27,0.27,1.6800000000000002,10.05,78.25999999999998,397.33,4.59,3.0,NASA POWER PRECTOTCORR / MERRA-2,ok,5370,0.172086382957647,25.12547,54.38983,19.54617,2.21846,5.31825,1.18709,0.06543,2.88469,14.69115,26.59798,1,62_67,1,True,1,0,1,2
7.033598,80.901734,2025-11-26,2025-11-26,2025-11-26,1,parsed_single,2025.11.26,,2026-01-01,2026.01.01,Nuwara Eliya,නිල්දණ්ඩහින්න ප්රා.ලේ.කො,මාතැටිල්ල,HR3,HR3,,NBRI/NE/WLD[Nildandahinna]/2025/LY/34,NBRI/NE/WLD[Nildandahinna]/2025/LY/34,528 - එෆ්,House / නිවාස,Rock fall / ගල් පෙරලීම්,Resettle / නැවත පදිංචිකිරීම,Minor or No Damages / සුළුහානි හෝ හානි නොමැති,,,,,,7.0,,10.0,,17,,Nuwara Eliya,7.0336_80.90173_2025-11-26,82.58,168.03,233.01,381.89,442.44,82.58,7.0,NASA POWER PRECTOTCORR / MERRA-2,ok,5403,0.2617270336386693,16.97676,60.01421,20.00168,2.15746,5.44164,1.20461,0.06585,24.28684,15.84972,39.84424,3,71_67,1,True,1,0,0,1
7.168418,80.881661,2025-11-27,2025-11-27,2025-11-27,1,parsed_single,2025-11-27 00:00:00,,2026-01-22,2026-01-22 00:00:00,Nuwara Eliya,හඟුරන්කෙත ප්රා.ලේ.කො,ගලඋඩ - දකුණ,HR3,HR3,,NBRI/NE/HKD/2026/PTG/179),NBRI/NE/HKD/2026/PTG/179),,House / නිවාස,Other / වෙනත් (වෙනත් කරුණු යටතේ සදහන් කරන්න),Resettle / නැවත පදිංචිකිරීම,Minor or No Damages / සුළුහානි හෝ හානි නොමැති,,භුමි ගිලා බැසීම් (GS),,,,2.0,,2.0,,4,,Nuwara Eliya,7.16842_80.88166_2025-11-27,174.86,286.79,402.72,545.25,616.84,174.86,7.0,NASA POWER PRECTOTCORR / MERRA-2,ok,5406,0.233016066140189,15.28973,67.01754,16.11561,0.98994,5.80838,1.37374,0.05565,12.97466,13.50121,27.03307,2,70_72,1,True,1,0,0,1
