sample_id,block_id,control_id,distance_to_static_km,dynamic_label,event_date,event_key,fold,lat,lon,max_daily_rain_7d_mm,rain_14d_mm,rain_1d_mm,rain_30d_mm,rain_3d_mm,rain_7d_mm,rainfall_days_7d,soil_awc_0_30,soil_bd_0_30,soil_cec_0_30,soil_clay_0_30,soil_clay_60_100,soil_clay_gradient,soil_oc_0_30,soil_ph_0_30,soil_sand_0_30,soil_silt_0_30,static_index,static_susceptibility_label
sample_00000,67_72,,0.3461254090930014,1,2025-11-27,7.15352_80.789_2025-11-27,3,7.153525,80.789001,174.86,545.25,174.86,616.84,286.79,402.72,7.0,0.05545,1.28142,14.52311,22.30682,28.72892,7.89976,1.51489,5.55341,57.88093,18.38064,4,1
sample_00001,65_66,,0.1307551666757999,1,2025-11-27,6.99376_80.74705_2025-11-27,3,6.993756,80.747054,174.86,545.25,174.86,616.84,286.79,402.72,7.0,0.06869,1.16079,15.78921,25.90272,29.25217,4.58613,2.30208,5.31695,51.73974,21.23204,7,1
sample_00002,67_65,,0.0806160081157873,1,2025-11-27,6.96744_80.78311_2025-11-27,4,6.967445,80.783106,174.86,545.25,174.86,616.84,286.79,402.72,7.0,0.07061,1.13945,15.84766,26.55217,30.96726,5.48296,2.30459,5.26265,50.17258,22.22463,17,1
sample_00003,67_64,,0.1163340251879215,1,2025-11-27,6.93734_80.79996_2025-11-27,0,6.93734,80.79996,174.86,545.25,174.86,616.84,286.79,402.72,7.0,0.07512,1.12593,15.00636,27.06117,30.36993,4.13297,2.15972,5.29643,49.23904,22.72717,18,1
sample_00004,66_69,,0.4887054471280437,1,2025-11-27,7.07868_80.77653_2025-11-27,4,7.078676,80.776533,174.86,545.25,174.86,616.84,286.79,402.72,7.0,0.0629,1.21159,15.31111,23.58312,31.0002,9.23868,2.14274,5.30717,53.86381,20.85088,20,1
sample_00005,66_69,,0.062304803935498,1,2025-11-27,7.08167_80.77932_2025-11-27,4,7.081666,80.779317,174.86,545.25,174.86,616.84,286.79,402.72,7.0,0.0629,1.21159,15.31111,23.58312,31.0002,9.23868,2.14274,5.30717,53.86381,20.85088,20,1
sample_00006,66_69,,0.7892010265243933,1,2025-11-27,7.08736_80.78408_2025-11-27,4,7.087363,80.784085,174.86,545.25,174.86,616.84,286.79,402.72,7.0,0.0629,1.21159,15.31111,23.58312,31.0002,9.23868,2.14274,5.30717,53.86381,20.85088,20,1
sample_00007,66_69,,0.1235943794111829,1,2025-11-28,7.08138_80.77992_2025-11-28,4,7.081377,80.779915,174.86,601.37,64.6,680.32,322.04,457.49,7.0,0.0629,1.21159,15.31111,23.58312,31.0002,9.23868,2.14274,5.30717,53.86381,20.85088,20,1
sample_00008,66_69,,0.2503189155025203,1,2025-11-28,7.08268_80.78139_2025-11-28,4,7.082684,80.781387,174.86,601.37,64.6,680.32,322.04,457.49,7.0,0.0629,1.21159,15.31111,23.58312,31.0002,9.23868,2.14274,5.30717,53.86381,20.85088,20,1
sample_00009,58_68,,0.3407406588604482,1,2025-11-27,7.05544_80.56256_2025-11-27,0,7.05544,80.562558,174.86,545.25,174.86,616.84,286.79,402.72,7.0,0.06175,1.28226,12.99082,22.67658,22.09113,0.70977,1.59633,5.29489,59.8658,16.50526,23,1
sample_00010,58_68,,0.0301176818264221,1,2025-11-27,7.05791_80.56116_2025-11-27,0,7.057912,80.561161,174.86,545.25,174.86,616.84,286.79,402.72,7.0,0.06175,1.28226,12.99082,22.67658,22.09113,0.70977,1.59633,5.29489,59.8658,16.50526,23,1
sample_00011,65_71,,0.6079319032866969,1,2025-11-27,7.13222_80.73514_2025-11-27,1,7.13222,80.735145,174.86,545.25,174.86,616.84,286.79,402.72,7.0,0.05702,1.26106,14.2202,23.70821,28.28372,6.14666,1.525,5.47023,55.42167,19.40175,25,1
sample_00012,66_70,,0.2503073280806919,1,2025-11-27,7.1109_80.77981_2025-11-27,4,7.110902,80.779809,174.86,545.25,174.86,616.84,286.79,402.72,7.0,0.05821,1.25821,14.16452,23.26308,30.5572,9.40262,1.51113,5.39772,54.84448,20.00308,29,1
sample_00013,67_72,,0.0952227590515347,1,2025-11-27,7.15715_80.79079_2025-11-27,3,7.157147,80.790788,174.86,545.25,174.86,616.84,286.79,402.72,7.0,0.05545,1.28142,14.52311,22.30682,28.72892,7.89976,1.51489,5.55341,57.88093,18.38064,31,1
sample_00014,69_67,,0.6927983556857803,1,2025-11-27,7.02343_80.83895_2025-11-27,2,7.02343,80.838948,174.86,545.25,174.86,616.84,286.79,402.72,7.0,0.06496,1.19002,15.39088,20.52753,33.12336,13.91472,2.15013,5.45687,57.57856,19.80143,45,1
sample_00015,70_66,,0.1451776207969132,1,2025-11-27,7.00614_80.86939_2025-11-27,3,7.006144,80.869393,174.86,545.25,174.86,616.84,286.79,402.72,7.0,0.06783,1.17551,15.39727,19.42849,35.61278,17.45563,2.18293,5.42612,58.08323,20.02096,48,1
sample_00016,65_71,,0.7536270696921692,1,2025-11-27,7.14788_80.74194_2025-11-27,1,7.14788,80.741942,174.86,545.25,174.86,616.84,286.79,402.72,7.0,0.05613,1.26125,14.22297,23.35209,28.53297,6.79757,1.52365,5.47989,55.86067,19.26493,49,1
sample_00017,65_63,,0.0502627009016423,1,2025-11-29,6.91572_80.73979_2025-11-29,4,6.915715,80.739791,174.86,593.5699999999999,5.63,685.3900000000001,245.09,439.52,7.0,0.0698,1.14766,15.33901,28.8348,29.33163,1.26927,2.24984,5.28537,47.85898,22.96183,50,1
sample_00018,65_63,,0.2715194530658126,1,2025-11-27,6.91702_80.75167_2025-11-27,4,6.917015,80.751668,174.86,545.25,174.86,616.84,286.79,402.72,7.0,0.07057,1.14495,15.34021,28.90101,29.47151,1.31718,2.25429,5.28223,47.55399,23.15212,61,1
sample_00019,65_63,,0.0336182348543826,1,2025-11-27,6.9179_80.74945_2025-11-27,4,6.917902,80.749447,174.86,545.25,174.86,616.84,286.79,402.72,7.0,0.07057,1.14495,15.34021,28.90101,29.47151,1.31718,2.25429,5.28223,47.55399,23.15212,61,1
sample_00020,67_65,,0.0057550026752063,1,2025-11-27,6.97415_80.80054_2025-11-27,4,6.974152,80.800544,174.86,545.25,174.86,616.84,286.79,402.72,7.0,0.07054,1.14188,15.84981,25.31296,31.58435,7.4614,2.29287,5.26641,51.53587,21.78987,71,1
sample_00021,67_65,,0.1398293268550355,1,2025-11-27,6.97537_80.80095_2025-11-27,4,6.975371,80.800953,174.86,545.25,174.86,616.84,286.79,402.72,7.0,0.07054,1.14188,15.84981,25.31296,31.58435,7.4614,2.29287,5.26641,51.53587,21.78987,71,1
sample_00022,62_67,,0.1952681244927195,1,2025-11-27,7.01087_80.6694_2025-11-27,1,7.01087,80.6694,174.86,545.25,174.86,616.84,286.79,402.72,7.0,0.06556,1.18197,14.69228,25.2366,26.5901,2.73059,2.23104,5.30944,54.24916,19.64559,72,1
sample_00023,62_69,,0.2027171157721663,1,2025-11-27,7.08174_80.64967_2025-11-27,4,7.08174,80.649667,174.86,545.25,174.86,616.84,286.79,402.72,7.0,0.06476,1.24886,14.22084,24.45845,26.30622,2.88488,1.49063,5.38533,55.30863,19.17138,74,1
sample_00024,66_65,,0.2444093712055788,1,2025-11-27,6.96345_80.75998_2025-11-27,1,6.963448,80.759985,174.86,545.25,174.86,616.84,286.79,402.72,7.0,0.07132,1.13985,15.79455,27.01344,29.95306,3.97068,2.34736,5.28097,49.96761,22.06689,80,1
sample_00025,66_65,,0.2513687659011842,1,2025-11-27,6.96452_80.76041_2025-11-27,1,6.96452,80.76041,174.86,545.25,174.86,616.84,286.79,402.72,7.0,0.07132,1.13985,15.79455,27.01344,29.95306,3.97068,2.34736,5.28097,49.96761,22.06689,80,1
sample_00026,62_69,,0.2672119410932893,1,2025-11-27,7.07118_80.67263_2025-11-27,4,7.071185,80.672634,174.86,545.25,174.86,616.84,286.79,402.72,7.0,0.06745,1.21078,14.58241,24.68674,26.25882,2.65051,2.07121,5.31354,54.92613,19.32407,84,1
sample_00027,62_69,,0.2538552573470478,1,2025-11-27,7.07317_80.66836_2025-11-27,4,7.073173,80.668358,174.86,545.25,174.86,616.84,286.79,402.72,7.0,0.06745,1.21078,14.58241,24.68674,26.25882,2.65051,2.07121,5.31354,54.92613,19.32407,84,1
sample_00028,64_71,,0.4461742472074424,1,2025-11-27,7.13146_80.7177_2025-11-27,3,7.131462,80.717697,174.86,545.25,174.86,616.84,286.79,402.72,7.0,0.05759,1.26328,14.21709,23.94448,27.64363,5.13648,1.52255,5.4765,55.414,19.28752,90,1
sample_00029,70_68,,0.3635773320210906,1,2025-11-27,7.05677_80.87309_2025-11-27,1,7.056772,80.873094,174.86,545.25,174.86,616.84,286.79,402.72,7.0,0.06343,1.2023,16.04201,20.24214,34.67698,15.77016,2.21124,5.45433,57.86399,19.70049,91,1
sample_00030,70_68,,0.3703349270315611,1,2025-11-27,7.05725_80.87217_2025-11-27,1,7.057253,80.872166,174.86,545.25,174.86,616.84,286.79,402.72,7.0,0.06343,1.2023,16.04201,20.24214,34.67698,15.77016,2.21124,5.45433,57.86399,19.70049,91,1
sample_00031,70_68,,0.0432280168657791,1,2025-11-27,7.05997_80.87468_2025-11-27,1,7.059967,80.874677,174.86,545.25,174.86,616.84,286.79,402.72,7.0,0.06343,1.2023,16.04201,20.24214,34.67698,15.77016,2.21124,5.45433,57.86399,19.70049,91,1
sample_00032,70_68,,0.1777917733955315,1,2025-11-27,7.06002_80.87272_2025-11-27,1,7.060018,80.872723,174.86,545.25,174.86,616.84,286.79,402.72,7.0,0.06343,1.2023,16.04201,20.24214,34.67698,15.77016,2.21124,5.45433,57.86399,19.70049,91,1
sample_00033,67_65,,0.3617581827765521,1,2025-11-27,6.97626_80.80972_2025-11-27,4,6.976263,80.809717,174.86,545.25,174.86,616.84,286.79,402.72,7.0,0.07054,1.14188,15.84981,25.31296,31.58435,7.4614,2.29287,5.26641,51.53587,21.78987,101,1
sample_00034,63_64,,0.1041990505720792,1,2025-11-27,6.9379_80.68912_2025-11-27,3,6.937903,80.689125,174.86,545.25,174.86,616.84,286.79,402.72,7.0,0.0624,1.16913,15.30552,29.80849,29.8901,0.66647,2.33265,5.19123,48.18089,22.16662,114,1
sample_00035,67_72,,0.2324905872434786,1,2025-11-26,7.16067_80.80916_2025-11-26,3,7.160667,80.809156,82.58,381.89,82.58,442.44,168.03,233.01,7.0,0.05371,1.28679,14.13178,22.07476,28.97662,8.29239,1.4736,5.6021,58.40295,18.11376,123,1
sample_00036,67_69,,0.4894627864361278,1,2025-11-27,7.07562_80.77859_2025-11-27,4,7.075625,80.778592,174.86,545.25,174.86,616.84,286.79,402.72,7.0,0.06115,1.23393,15.1775,22.42737,30.27143,9.59242,2.0696,5.4537,55.46066,20.37519,126,1
sample_00037,67_69,,0.051935295752862,1,2025-11-27,7.07618_80.7834_2025-11-27,4,7.076185,80.783404,174.86,545.25,174.86,616.84,286.79,402.72,7.0,0.06115,1.23393,15.1775,22.42737,30.27143,9.59242,2.0696,5.4537,55.46066,20.37519,126,1
sample_00038,67_71,,0.0573037312373711,1,2025-11-27,7.13101_80.78455_2025-11-27,2,7.131013,80.784547,174.86,545.25,174.86,616.84,286.79,402.72,7.0,0.05709,1.27463,14.52506,22.90186,29.63132,8.43175,1.52434,5.50772,56.39347,19.09398,127,1
sample_00039,69_71,,0.3416203865350118,1,2025-11-27,7.13645_80.85477_2025-11-27,4,7.13645,80.85477,174.86,545.25,174.86,616.84,286.79,402.72,7.0,0.05466,1.29892,14.71069,19.34558,28.88795,10.7614,1.49432,5.61557,61.11978,18.07371,132,1
sample_00040,68_71,,0.3943961566787388,1,2025-11-27,7.12219_80.81959_2025-11-27,2,7.12219,80.819586,174.86,545.25,174.86,616.84,286.79,402.72,7.0,0.05858,1.24393,15.66968,21.69544,30.0237,9.70356,2.11855,5.48222,57.68391,19.16762,136,1
sample_00041,66_71,,0.4534009672021136,1,2025-11-27,7.12684_80.78084_2025-11-27,4,7.126839,80.780843,174.86,545.25,174.86,616.84,286.79,402.72,7.0,0.05772,1.26063,14.164,23.07129,29.81326,8.65749,1.5073,5.41537,55.59876,19.58225,145,1
sample_00042,66_71,,0.689015752931652,1,2025-11-27,7.13107_80.7772_2025-11-27,4,7.131072,80.777196,174.86,545.25,174.86,616.84,286.79,402.72,7.0,0.05772,1.26063,14.164,23.07129,29.81326,8.65749,1.5073,5.41537,55.59876,19.58225,145,1
sample_00043,60_61,,0.195974433318901,1,2025-11-27,6.87276_80.60925_2025-11-27,2,6.87276,80.60925,174.86,545.25,174.86,616.84,286.79,402.72,7.0,0.06148,1.22431,14.24282,23.36608,23.5128,2.63309,2.25652,5.17821,58.38895,17.03335,147,1
sample_00044,62_69,,0.3668213132494538,1,2025-11-27,7.0806_80.66508_2025-11-27,4,7.0806,80.665075,174.86,545.25,174.86,616.84,286.79,402.72,7.0,0.06427,1.2439,14.22292,24.37349,26.60687,3.29207,1.49757,5.37617,55.2659,19.28571,171,1
sample_00045,67_70,,0.05092050686581,1,2025-11-27,7.10033_80.80469_2025-11-27,4,7.100326,80.804693,174.86,545.25,174.86,616.84,286.79,402.72,7.0,0.05964,1.24283,15.17687,21.54209,29.9697,10.07931,2.04901,5.49355,56.98032,19.75985,176,1
sample_00046,67_70,,0.1941464246082309,1,2025-11-27,7.10114_80.8063_2025-11-27,4,7.101138,80.8063,174.86,545.25,174.86,616.84,286.79,402.72,7.0,0.05964,1.24283,15.17687,21.54209,29.9697,10.07931,2.04901,5.49355,56.98032,19.75985,176,1
sample_00047,66_65,,0.1755940664106315,1,2025-11-27,6.98273_80.7601_2025-11-27,1,6.982732,80.760104,174.86,545.25,174.86,616.84,286.79,402.72,7.0,0.0697,1.1531,15.79154,26.20026,29.61359,4.58771,2.31801,5.30299,51.19955,21.50544,200,1
sample_00048,68_69,,0.0917387944915789,1,2025-11-27,7.08882_80.81599_2025-11-27,1,7.088818,80.815989,174.86,545.25,174.86,616.84,286.79,402.72,7.0,0.0604,1.23651,15.17907,21.23809,30.22499,10.51138,2.06267,5.47999,57.32239,19.75404,204,1
sample_00049,71_66,,0.2903216291723177,1,2025-11-26,7.00287_80.89214_2025-11-26,1,7.002866,80.892142,82.58,381.89,82.58,442.44,168.03,233.01,7.0,0.06829,1.19192,15.18598,17.61721,38.13731,21.86824,2.0294,5.43005,59.35479,20.14319,206,1
sample_00050,61_67,,0.5181706929439983,1,2025-11-27,7.02959_80.64407_2025-11-27,4,7.029593,80.644073,174.86,545.25,174.86,616.84,286.79,402.72,7.0,0.06669,1.20206,14.61522,24.34254,25.39345,2.48853,2.2371,5.28234,56.01035,18.61212,212,1
sample_00051,61_67,,0.2087903077555074,1,2025-11-27,7.03425_80.6413_2025-11-27,4,7.03425,80.6413,174.86,545.25,174.86,616.84,286.79,402.72,7.0,0.06669,1.20206,14.61522,24.34254,25.39345,2.48853,2.2371,5.28234,56.01035,18.61212,212,1
sample_00052,61_67,,0.5093659892182671,1,2025-11-27,7.0359_80.6373_2025-11-27,4,7.035905,80.637297,174.86,545.25,174.86,616.84,286.79,402.72,7.0,0.06669,1.20206,14.61522,24.34254,25.39345,2.48853,2.2371,5.28234,56.01035,18.61212,212,1
sample_00053,62_68,,0.0377306147186322,1,2025-11-27,7.05389_80.67371_2025-11-27,4,7.053894,80.673706,174.86,545.25,174.86,616.84,286.79,402.72,7.0,0.06758,1.2017,14.58447,24.66993,26.30458,2.63079,2.09553,5.29294,54.88377,19.48314,213,1
sample_00054,65_65,,0.0220536772184103,1,2025-11-27,6.98239_80.74701_2025-11-27,4,6.982387,80.747008,174.86,545.25,174.86,616.84,286.79,402.72,7.0,0.06918,1.15486,15.78998,26.30059,29.30241,4.16831,2.31512,5.30721,51.2283,21.44703,221,1
sample_00055,67_64,,0.3207135882526567,1,2025-11-27,6.94351_80.79596_2025-11-27,0,6.943508,80.795957,174.86,545.25,174.86,616.84,286.79,402.72,7.0,0.07393,1.12993,15.61212,27.21895,30.41022,4.06117,2.24358,5.30835,49.06576,22.75788,222,1
sample_00056,71_67,,0.6119405323871906,1,2025-11-27,7.02407_80.9076_2025-11-27,3,7.024066,80.907605,174.86,545.25,174.86,616.84,286.79,402.72,7.0,0.06563,1.20865,15.84846,16.8554,39.00111,23.54219,2.15308,5.45111,60.40785,19.76836,234,1
sample_00057,71_67,,0.4655996047742707,1,2025-11-27,7.0254_80.90799_2025-11-27,3,7.025399,80.907987,174.86,545.25,174.86,616.84,286.79,402.72,7.0,0.06563,1.20865,15.84846,16.8554,39.00111,23.54219,2.15308,5.45111,60.40785,19.76836,234,1
sample_00058,71_70,,0.0638835935102599,1,2025-11-27,7.10352_80.9114_2025-11-27,3,7.103519,80.911397,174.86,545.25,174.86,616.84,286.79,402.72,7.0,0.06131,1.28018,14.52316,16.51088,29.45365,14.16363,1.957,5.60714,63.85368,17.69452,235,1
sample_00059,67_70,,0.0411449180922127,1,2025-11-27,7.09527_80.8029_2025-11-27,4,7.095273,80.802895,174.86,545.25,174.86,616.84,286.79,402.72,7.0,0.05964,1.24283,15.17687,21.54209,29.9697,10.07931,2.04901,5.49355,56.98032,19.75985,236,1
sample_00060,71_67,,0.2946404625711364,1,2025-11-26,7.01674_80.89668_2025-11-26,3,7.016737,80.896676,82.58,381.89,82.58,442.44,168.03,233.01,7.0,0.06764,1.19674,15.18582,15.35054,45.21454,31.40341,2.0161,5.44331,60.38254,20.61408,243,1
sample_00061,60_61,,0.4045130934370098,1,2025-11-27,6.86975_80.61572_2025-11-27,2,6.869752,80.615725,174.86,545.25,174.86,616.84,286.79,402.72,7.0,0.06148,1.22431,14.24282,23.36608,23.5128,2.63309,2.25652,5.17821,58.38895,17.03335,247,1
sample_00062,67_68,,0.3194488548899362,1,2025-11-27,7.05322_80.79046_2025-11-27,1,7.05322,80.79046,174.86,545.25,174.86,616.84,286.79,402.72,7.0,0.06321,1.21547,15.18155,22.60328,30.03279,8.79419,2.10948,5.41048,55.34622,20.57841,264,1
sample_00063,67_68,,0.5772069791662708,1,2025-11-27,7.05548_80.78784_2025-11-27,1,7.055483,80.787835,174.86,545.25,174.86,616.84,286.79,402.72,7.0,0.06321,1.21547,15.18155,22.60328,30.03279,8.79419,2.10948,5.41048,55.34622,20.57841,264,1
sample_00064,62_67,,0.0648323187915666,1,2025-11-27,7.03294_80.65591_2025-11-27,1,7.032945,80.655915,174.86,545.25,174.86,616.84,286.79,402.72,7.0,0.06666,1.1987,14.61729,24.64539,25.92223,2.71819,2.24333,5.27837,55.44311,18.87262,278,1
sample_00065,65_66,,0.2783672304605545,1,2025-11-27,6.98491_80.75169_2025-11-27,3,6.984906,80.751693,174.86,545.25,174.86,616.84,286.79,402.72,7.0,0.0697,1.1531,15.79154,26.20026,29.61359,4.58771,2.31801,5.30299,51.19955,21.50544,292,1
sample_00066,67_74,,0.5038888660368543,1,2025-11-27,7.21256_80.77867_2025-11-27,0,7.212561,80.778666,174.86,545.25,174.86,616.84,286.79,402.72,7.0,0.05479,1.33846,13.63426,21.06917,27.02934,7.15821,1.06211,5.77497,60.88558,16.6563,310,1
sample_00067,62_67,,0.050126946619205,1,2025-11-27,7.01768_80.65086_2025-11-27,1,7.017684,80.650857,174.86,545.25,174.86,616.84,286.79,402.72,7.0,0.06667,1.19413,14.6183,24.60543,25.81049,2.62581,2.25471,5.27196,55.50202,18.90532,324,1
sample_00068,64_68,,0.6209282837192299,1,2025-11-27,7.04671_80.69611_2025-11-27,3,7.04671,80.696108,174.86,545.25,174.86,616.84,286.79,402.72,7.0,0.06562,1.20194,14.69392,25.20955,27.85275,4.21186,2.19428,5.33209,53.73055,19.841,328,1
sample_00069,68_68,,0.1527517193837789,1,2025-11-27,7.05649_80.81132_2025-11-27,1,7.05649,80.81132,174.86,545.25,174.86,616.84,286.79,402.72,7.0,0.06275,1.21912,15.18325,21.47139,30.75873,10.65733,2.10006,5.43116,56.70321,20.19219,330,1
sample_00070,72_70,,0.0109345759212385,1,2025-11-27,7.10546_80.92303_2025-11-27,0,7.105461,80.923034,174.86,545.25,174.86,616.84,286.79,402.72,7.0,0.05874,1.32789,13.75203,15.56912,29.22359,14.84143,1.30356,5.67339,65.59981,16.88597,335,1
sample_00071,72_70,,0.3658816232762391,1,2025-11-27,7.09726_80.9183_2025-11-27,0,7.097263,80.918302,174.86,545.25,174.86,616.84,286.79,402.72,7.0,0.0621,1.27662,14.52464,16.29012,29.77274,14.6919,1.96688,5.59536,63.95737,17.74421,342,1
sample_00072,72_70,,0.6112235616996092,1,2025-11-27,7.09812_80.92396_2025-11-27,0,7.09812,80.923959,174.86,545.25,174.86,616.84,286.79,402.72,7.0,0.0621,1.27662,14.52464,16.29012,29.77274,14.6919,1.96688,5.59536,63.95737,17.74421,342,1
sample_00073,62_69,,0.1708706595644708,1,2025-11-27,7.0658_80.67563_2025-11-27,4,7.0658,80.675632,174.86,545.25,174.86,616.84,286.79,402.72,7.0,0.06745,1.21078,14.58241,24.68674,26.25882,2.65051,2.07121,5.31354,54.92613,19.32407,350,1
sample_00074,62_69,,0.1113046170180417,1,2025-11-27,7.06647_80.67421_2025-11-27,4,7.06647,80.674209,174.86,545.25,174.86,616.84,286.79,402.72,7.0,0.06745,1.21078,14.58241,24.68674,26.25882,2.65051,2.07121,5.31354,54.92613,19.32407,350,1
sample_00075,61_68,,0.0193144856678885,1,2025-11-27,7.0428_80.64311_2025-11-27,3,7.042798,80.643112,174.86,545.25,174.86,616.84,286.79,402.72,7.0,0.06673,1.20629,14.61428,24.47111,25.55431,2.53349,2.22609,5.28827,55.83422,18.6207,354,1
sample_00076,70_69,,0.6444322791333678,1,2025-11-26,7.06892_80.89254_2025-11-26,1,7.068918,80.892541,82.58,381.89,82.58,442.44,168.03,233.01,7.0,0.06266,1.21848,15.73375,18.55234,34.12032,16.90692,2.1829,5.50749,60.30385,18.84922,355,1
sample_00077,63_69,,0.3384857850936318,1,2025-11-27,7.07012_80.67629_2025-11-27,1,7.070117,80.676286,174.86,545.25,174.86,616.84,286.79,402.72,7.0,0.06735,1.20829,14.58446,24.72627,26.62468,3.02413,2.07574,5.31242,54.7003,19.46475,357,1
sample_00078,63_69,,0.3816247744852905,1,2025-11-27,7.071_80.68263_2025-11-27,1,7.071,80.68263,174.86,545.25,174.86,616.84,286.79,402.72,7.0,0.06735,1.20829,14.58446,24.72627,26.62468,3.02413,2.07574,5.31242,54.7003,19.46475,357,1
sample_00079,67_65,,0.2629125224473151,1,2025-11-27,6.97416_80.79542_2025-11-27,4,6.974158,80.795416,174.86,545.25,174.86,616.84,286.79,402.72,7.0,0.07024,1.14247,15.8484,25.7031,31.31418,6.77816,2.292,5.26839,51.15271,21.88991,358,1
sample_00080,67_65,,0.2787704067167199,1,2025-11-27,6.97618_80.79776_2025-11-27,4,6.976183,80.797763,174.86,545.25,174.86,616.84,286.79,402.72,7.0,0.07024,1.14247,15.8484,25.7031,31.31418,6.77816,2.292,5.26839,51.15271,21.88991,358,1
sample_00081,70_68,,0.0115979529851172,1,2025-11-27,7.04497_80.87565_2025-11-27,1,7.044971,80.875646,174.86,545.25,174.86,616.84,286.79,402.72,7.0,0.06457,1.19629,15.39268,18.39733,36.09597,19.08104,2.13571,5.48313,59.62553,19.4117,360,1
sample_00082,62_69,,0.2356348059413086,1,2025-11-28,7.08679_80.65158_2025-11-28,4,7.086789,80.651577,174.86,601.37,64.6,680.32,322.04,457.49,7.0,0.06476,1.24886,14.22084,24.45845,26.30622,2.88488,1.49063,5.38533,55.30863,19.17138,362,1
sample_00083,57_63,,0.0909993207879585,1,2025-11-27,6.92219_80.51605_2025-11-27,4,6.922192,80.51605,174.86,545.25,174.86,616.84,286.79,402.72,7.0,0.0594,1.27573,13.3856,19.13272,20.37574,3.28791,2.1583,5.06544,66.00538,13.42566,376,1
sample_00084,62_66,,0.1216961983944653,1,2025-11-27,7.01056_80.66698_2025-11-27,2,7.01056,80.666982,174.86,545.25,174.86,616.84,286.79,402.72,7.0,0.06676,1.18566,14.62147,24.98678,26.3106,2.71528,2.27301,5.26043,54.82822,19.26121,383,1
sample_00085,63_64,,0.434217285969191,1,2025-12-01,6.9299_80.69131_2025-12-01,3,6.929895,80.691314,174.86,532.4200000000001,0.13,685.6900000000002,5.95,357.34,5.0,0.0624,1.16913,15.30552,29.80849,29.8901,0.66647,2.33265,5.19123,48.18089,22.16662,398,1
sample_00086,66_65,,0.0634128428587859,1,2025-11-27,6.97746_80.78027_2025-11-27,1,6.977459,80.780268,174.86,545.25,174.86,616.84,286.79,402.72,7.0,0.06954,1.14436,15.84553,26.29562,30.77012,5.60988,2.28885,5.27388,50.65081,21.98572,411,1
sample_00087,58_64,,0.2614921731074806,1,2026-08-03,6.94539_80.5434_2026-08-03,4,6.945386,80.543395,34.43,73.72,34.43,97.5,57.19,70.59,7.0,0.06238,1.23477,13.40856,16.93399,17.61549,2.39542,2.25751,5.11482,68.62755,13.13225,417,1
sample_00088,62_69,,0.0170083666403445,1,2025-11-27,7.07475_80.65275_2025-11-27,4,7.074747,80.652747,174.86,545.25,174.86,616.84,286.79,402.72,7.0,0.06454,1.24596,14.22114,24.35038,26.31801,2.98363,1.49535,5.37596,55.42733,19.18836,419,1
sample_00089,62_67,,0.6589852845647673,1,2025-11-27,7.03455_80.66636_2025-11-27,1,7.034552,80.666355,174.86,545.25,174.86,616.84,286.79,402.72,7.0,0.06665,1.19537,14.61937,24.91782,26.44496,2.97474,2.24957,5.27423,54.91101,19.12293,422,1
sample_00090,62_67,,0.1280928621218191,1,2025-11-28,7.03148_80.66205_2025-11-28,1,7.031478,80.662045,174.86,601.37,64.6,680.32,322.04,457.49,7.0,0.06665,1.19537,14.61937,24.91782,26.44496,2.97474,2.24957,5.27423,54.91101,19.12293,422,1
sample_00091,61_68,,0.0916285206409226,1,2025-11-27,7.06393_80.63409_2025-11-27,3,7.063928,80.63409,174.86,545.25,174.86,616.84,286.79,402.72,7.0,0.06561,1.21718,14.07381,24.10011,24.80771,2.16959,1.57335,5.3548,56.65901,18.1471,423,1
sample_00092,68_69,,0.3116479220805478,1,2025-11-27,7.07502_80.81999_2025-11-27,1,7.075025,80.819993,174.86,545.25,174.86,616.84,286.79,402.72,7.0,0.06119,1.2301,15.18134,20.93077,30.58448,11.07531,2.07633,5.4668,57.61498,19.77222,425,1
sample_00093,62_67,,0.13809217220729,1,2025-11-27,7.02744_80.6642_2025-11-27,1,7.027443,80.664202,174.86,545.25,174.86,616.84,286.79,402.72,7.0,0.06665,1.19537,14.61937,24.91782,26.44496,2.97474,2.24957,5.27423,54.91101,19.12293,438,1
sample_00094,62_67,,0.0768663292316013,1,2025-11-28,7.02615_80.66385_2025-11-28,1,7.026146,80.66385,174.86,601.37,64.6,680.32,322.04,457.49,7.0,0.06665,1.19537,14.61937,24.91782,26.44496,2.97474,2.24957,5.27423,54.91101,19.12293,438,1
sample_00095,65_72,,0.4213526243169549,1,2025-11-27,7.15711_80.72856_2025-11-27,4,7.157112,80.728561,174.86,545.25,174.86,616.84,286.79,402.72,7.0,0.05634,1.26591,14.21989,23.41561,27.1377,5.20079,1.51667,5.50731,56.23968,18.90466,446,1
sample_00096,60_66,,0.1179808635303527,1,2025-11-27,7.00176_80.617_2025-11-27,3,7.001765,80.616995,174.86,545.25,174.86,616.84,286.79,402.72,7.0,0.06351,1.20015,14.32877,21.32438,21.51229,1.50582,2.27752,5.22136,60.80568,16.92311,451,1
sample_00097,67_70,,0.2679669332506291,1,2025-11-27,7.11911_80.79041_2025-11-27,4,7.119112,80.790406,174.86,545.25,174.86,616.84,286.79,402.72,7.0,0.05702,1.27792,14.33592,21.96456,29.85373,9.61303,1.48932,5.51593,57.07444,19.26019,457,1
sample_00098,67_70,,0.2329892343509768,1,2025-11-27,7.11921_80.79139_2025-11-27,4,7.119208,80.791394,174.86,545.25,174.86,616.84,286.79,402.72,7.0,0.05702,1.27792,14.33592,21.96456,29.85373,9.61303,1.48932,5.51593,57.07444,19.26019,457,1
sample_00099,67_70,,0.1853764834758065,1,2025-11-28,7.11874_80.79129_2025-11-28,4,7.118736,80.791287,174.86,601.37,64.6,680.32,322.04,457.49,7.0,0.05702,1.27792,14.33592,21.96456,29.85373,9.61303,1.48932,5.51593,57.07444,19.26019,457,1
sample_00100,69_70,,0.3754435476807334,1,2025-11-27,7.08932_80.86041_2025-11-27,2,7.08932,80.86041,174.86,545.25,174.86,616.84,286.79,402.72,7.0,0.06046,1.23612,15.7043,19.98612,30.72445,12.00668,2.09553,5.50204,59.01541,19.26819,460,1
sample_00101,62_69,,0.1773497990388286,1,2025-11-27,7.06776_80.66828_2025-11-27,4,7.067763,80.668279,174.86,545.25,174.86,616.84,286.79,402.72,7.0,0.06745,1.21078,14.58241,24.68674,26.25882,2.65051,2.07121,5.31354,54.92613,19.32407,465,1
sample_00102,62_67,,0.3205911378408556,1,2025-11-27,7.03789_80.66146_2025-11-27,1,7.037886,80.661456,174.86,545.25,174.86,616.84,286.79,402.72,7.0,0.0666,1.20004,14.61837,24.93742,26.52714,3.06118,2.23801,5.28136,54.888,19.07345,469,1
sample_00103,62_67,,0.451011056526663,1,2025-11-27,7.02708_80.65656_2025-11-27,1,7.027079,80.656565,174.86,545.25,174.86,616.84,286.79,402.72,7.0,0.06666,1.1987,14.61729,24.64539,25.92223,2.71819,2.24333,5.27837,55.44311,18.87262,470,1
sample_00104,62_67,,0.203723160340639,1,2025-11-27,7.03003_80.65277_2025-11-27,1,7.030028,80.652768,174.86,545.25,174.86,616.84,286.79,402.72,7.0,0.06666,1.1987,14.61729,24.64539,25.92223,2.71819,2.24333,5.27837,55.44311,18.87262,470,1
sample_00105,63_69,,0.0600924290302681,1,2025-11-27,7.06583_80.68282_2025-11-27,1,7.065826,80.682824,174.86,545.25,174.86,616.84,286.79,402.72,7.0,0.06735,1.20829,14.58446,24.72627,26.62468,3.02413,2.07574,5.31242,54.7003,19.46475,472,1
sample_00106,62_69,,0.0966483013467836,1,2025-11-27,7.07439_80.65161_2025-11-27,4,7.07439,80.651607,174.86,545.25,174.86,616.84,286.79,402.72,7.0,0.06454,1.24596,14.22114,24.35038,26.31801,2.98363,1.49535,5.37596,55.42733,19.18836,483,1
sample_00107,63_68,,0.1244546877342777,1,2025-11-27,7.06211_80.67927_2025-11-27,1,7.062111,80.679273,174.86,545.25,174.86,616.84,286.79,402.72,7.0,0.06745,1.20366,14.5855,24.7446,26.67954,3.01715,2.08807,5.30142,54.63788,19.5608,486,1
sample_00108,63_69,,0.3707904649045894,1,2025-11-27,7.06956_80.68415_2025-11-27,1,7.069565,80.684153,174.86,545.25,174.86,616.84,286.79,402.72,7.0,0.06735,1.20829,14.58446,24.72627,26.62468,3.02413,2.07574,5.31242,54.7003,19.46475,488,1
sample_00109,63_69,,0.4426702845645778,1,2025-11-27,7.07022_80.68408_2025-11-27,1,7.07022,80.68408,174.86,545.25,174.86,616.84,286.79,402.72,7.0,0.06735,1.20829,14.58446,24.72627,26.62468,3.02413,2.07574,5.31242,54.7003,19.46475,488,1
sample_00110,65_65,,0.0934615594477156,1,2025-11-28,6.98008_80.75396_2025-11-28,4,6.980078,80.753957,174.86,601.37,64.6,680.32,322.04,457.49,7.0,0.0697,1.1531,15.79154,26.20026,29.61359,4.58771,2.31801,5.30299,51.19955,21.50544,491,1
sample_00111,62_69,,0.5365419564200019,1,2025-11-27,7.08178_80.66771_2025-11-27,4,7.081775,80.667711,174.86,545.25,174.86,616.84,286.79,402.72,7.0,0.06199,1.25119,13.9626,24.43685,26.99562,3.69332,1.51125,5.34595,55.47082,19.0893,494,1
sample_00112,59_68,,0.1897927215821643,1,2025-11-27,7.05298_80.57031_2025-11-27,0,7.052975,80.57031,174.86,545.25,174.86,616.84,286.79,402.72,7.0,0.06095,1.27918,12.99153,22.30667,21.82991,0.8363,1.60188,5.29766,60.33039,16.40522,499,1
sample_00113,63_69,,0.1184790430454964,1,2025-11-27,7.06683_80.67678_2025-11-27,1,7.066831,80.676784,174.86,545.25,174.86,616.84,286.79,402.72,7.0,0.06735,1.20829,14.58446,24.72627,26.62468,3.02413,2.07574,5.31242,54.7003,19.46475,502,1
sample_00114,59_68,,0.2587503171820506,1,2025-11-28,7.05246_80.57091_2025-11-28,0,7.052456,80.570912,174.86,601.37,64.6,680.32,322.04,457.49,7.0,0.06095,1.27918,12.99153,22.30667,21.82991,0.8363,1.60188,5.29766,60.33039,16.40522,520,1
sample_00115,68_71,,0.0382588593963526,1,2025-11-27,7.12577_80.82575_2025-11-27,2,7.125769,80.825746,174.86,545.25,174.86,616.84,286.79,402.72,7.0,0.05858,1.24393,15.66968,21.69544,30.0237,9.70356,2.11855,5.48222,57.68391,19.16762,526,1
sample_00116,62_68,,0.4336093263887666,1,2025-11-27,7.04219_80.6516_2025-11-27,4,7.04219,80.651601,174.86,545.25,174.86,616.84,286.79,402.72,7.0,0.06673,1.20629,14.61428,24.47111,25.55431,2.53349,2.22609,5.28827,55.83422,18.6207,531,1
sample_00117,62_68,,0.3645251594309036,1,2025-11-27,7.04399_80.65096_2025-11-27,4,7.04399,80.650961,174.86,545.25,174.86,616.84,286.79,402.72,7.0,0.06673,1.20629,14.61428,24.47111,25.55431,2.53349,2.22609,5.28827,55.83422,18.6207,531,1
sample_00118,62_68,,0.4712168486452474,1,2025-11-27,7.04645_80.64516_2025-11-27,4,7.04645,80.645162,174.86,545.25,174.86,616.84,286.79,402.72,7.0,0.06673,1.20629,14.61428,24.47111,25.55431,2.53349,2.22609,5.28827,55.83422,18.6207,531,1
sample_00119,58_69,,0.5006554488399118,1,2025-11-27,7.07058_80.55836_2025-11-27,2,7.070584,80.558355,174.86,545.25,174.86,616.84,286.79,402.72,7.0,0.06315,1.27909,12.99154,23.77345,23.00246,0.46585,1.58837,5.30025,58.24053,17.07376,532,1
sample_00120,58_69,,0.5646995982120814,1,2025-11-27,7.07154_80.55661_2025-11-27,2,7.071545,80.556613,174.86,545.25,174.86,616.84,286.79,402.72,7.0,0.06315,1.27909,12.99154,23.77345,23.00246,0.46585,1.58837,5.30025,58.24053,17.07376,532,1
sample_00121,58_69,,0.5385432840715684,1,2025-11-27,7.07168_80.56501_2025-11-27,2,7.071685,80.565012,174.86,545.25,174.86,616.84,286.79,402.72,7.0,0.06315,1.27909,12.99154,23.77345,23.00246,0.46585,1.58837,5.30025,58.24053,17.07376,532,1
sample_00122,68_71,,0.0567222204525222,1,2025-11-27,7.12582_80.82662_2025-11-27,2,7.125822,80.826619,174.86,545.25,174.86,616.84,286.79,402.72,7.0,0.05858,1.24393,15.66968,21.69544,30.0237,9.70356,2.11855,5.48222,57.68391,19.16762,533,1
sample_00123,72_68,,0.424787682525212,1,2025-11-27,7.05577_80.9361_2025-11-27,1,7.055771,80.936098,174.86,545.25,174.86,616.84,286.79,402.72,7.0,0.06299,1.24324,15.51759,17.00524,32.61275,16.85973,2.03153,5.53465,62.27855,18.33705,537,1
sample_00124,67_69,,0.1138878735238873,1,2025-11-27,7.07076_80.79734_2025-11-27,4,7.070759,80.797336,174.86,545.25,174.86,616.84,286.79,402.72,7.0,0.0619,1.22688,15.17986,22.11407,30.30148,9.73453,2.08426,5.44115,55.93933,20.30214,542,1
sample_00125,67_69,,0.245439149865404,1,2025-11-27,7.09058_80.7976_2025-11-27,4,7.09058,80.797601,174.86,545.25,174.86,616.84,286.79,402.72,7.0,0.06044,1.23857,15.17719,22.01726,30.23936,9.96214,2.05889,5.47251,56.10996,20.11336,544,1
sample_00126,67_70,,0.2509926947020117,1,2025-11-27,7.11127_80.79706_2025-11-27,4,7.111274,80.797057,174.86,545.25,174.86,616.84,286.79,402.72,7.0,0.05892,1.24888,15.1748,21.83649,29.76631,9.71977,2.03563,5.50798,56.62025,19.77455,554,1
sample_00127,61_67,,0.1514081458166983,1,2025-11-27,7.01739_80.62639_2025-11-27,4,7.017391,80.626393,174.86,545.25,174.86,616.84,286.79,402.72,7.0,0.06671,1.20276,14.61198,23.41234,24.0561,2.0751,2.23529,5.28527,57.5841,17.98992,562,1
sample_00128,67_70,,0.0781677613097167,1,2025-11-27,7.10329_80.80426_2025-11-27,4,7.103286,80.804261,174.86,545.25,174.86,616.84,286.79,402.72,7.0,0.05885,1.24786,15.17566,21.43989,29.6523,9.86238,2.0377,5.51182,57.29916,19.5629,564,1
sample_00129,66_73,,0.6443088881704718,1,2025-11-27,7.18646_80.7719_2025-11-27,0,7.186458,80.771902,174.86,545.25,174.86,616.84,286.79,402.72,7.0,0.05336,1.28332,14.58359,22.65279,27.86571,6.5174,1.52726,5.628,58.0047,18.02919,566,1
sample_00130,60_68,,0.2913345673342056,1,2025-11-28,7.04542_80.59928_2025-11-28,1,7.045416,80.599277,174.86,601.37,64.6,680.32,322.04,457.49,7.0,0.06286,1.23,13.35308,22.8475,21.7982,0.2542,2.15768,5.25413,59.55416,16.67785,576,1
sample_00131,70_67,,0.0330212913790048,1,2025-11-27,7.02635_80.88061_2025-11-27,2,7.02635,80.880612,174.86,545.25,174.86,616.84,286.79,402.72,7.0,0.06638,1.18504,15.39593,18.13054,38.03347,21.28707,2.15853,5.45253,59.21321,19.88167,580,1
sample_00132,67_72,,0.1472464994868671,1,2025-11-27,7.14744_80.78375_2025-11-27,3,7.147436,80.78375,174.86,545.25,174.86,616.84,286.79,402.72,7.0,0.05647,1.27778,14.5238,22.7527,29.08065,7.93002,1.51948,5.5284,56.94816,18.76786,582,1
sample_00133,66_71,,0.3190727502260578,1,2025-11-27,7.14152_80.75917_2025-11-27,4,7.141525,80.759173,174.86,545.25,174.86,616.84,286.79,402.72,7.0,0.05588,1.25999,14.2244,23.24041,28.95787,7.36342,1.52534,5.47485,55.90254,19.31573,587,1
sample_00134,66_71,,0.6434712342736325,1,2025-11-27,7.14255_80.75356_2025-11-27,4,7.142552,80.753561,174.86,545.25,174.86,616.84,286.79,402.72,7.0,0.05588,1.25999,14.2244,23.24041,28.95787,7.36342,1.52534,5.47485,55.90254,19.31573,587,1
sample_00135,62_69,,0.13626555813538,1,2025-11-27,7.07341_80.65413_2025-11-27,4,7.073414,80.654126,174.86,545.25,174.86,616.84,286.79,402.72,7.0,0.06775,1.21585,14.57832,24.57582,25.58314,2.00515,2.06209,5.31459,55.38643,19.05089,590,1
sample_00136,61_69,,0.2235216058618873,1,2025-11-27,7.07004_80.64398_2025-11-27,1,7.070045,80.643981,174.86,545.25,174.86,616.84,286.79,402.72,7.0,0.06559,1.24519,14.07519,24.38734,25.25279,2.3424,1.57003,5.36075,56.14674,18.33177,620,1
sample_00137,61_69,,0.30276816830481,1,2025-11-27,7.07173_80.64412_2025-11-27,1,7.071731,80.644118,174.86,545.25,174.86,616.84,286.79,402.72,7.0,0.06559,1.24519,14.07519,24.38734,25.25279,2.3424,1.57003,5.36075,56.14674,18.33177,620,1
sample_00138,67_71,,0.2075731001776246,1,2025-11-27,7.13866_80.79723_2025-11-27,2,7.138658,80.797226,174.86,545.25,174.86,616.84,286.79,402.72,7.0,0.05673,1.27485,14.52574,22.57463,29.71412,8.77819,1.52468,5.51353,56.87734,18.97255,633,1
sample_00139,62_68,,0.283798603532932,1,2025-11-27,7.06017_80.65347_2025-11-27,4,7.060168,80.653468,174.86,545.25,174.86,616.84,286.79,402.72,7.0,0.06509,1.21173,14.07753,24.34832,25.54145,2.68971,1.57795,5.35388,56.04641,18.47076,639,1
sample_00140,63_69,,0.1376072023763176,1,2025-11-27,7.07415_80.67882_2025-11-27,1,7.07415,80.67882,174.86,545.25,174.86,616.84,286.79,402.72,7.0,0.06162,1.24945,13.96449,24.43523,27.34866,4.09946,1.51346,5.34542,55.30139,19.2141,640,1
sample_00141,63_69,,0.1372767864414372,1,2025-11-27,7.07416_80.67882_2025-11-27,1,7.074155,80.678825,174.86,545.25,174.86,616.84,286.79,402.72,7.0,0.06162,1.24945,13.96449,24.43523,27.34866,4.09946,1.51346,5.34542,55.30139,19.2141,640,1
sample_00142,64_67,,0.1165179986972465,1,2025-11-27,7.03496_80.70663_2025-11-27,3,7.034955,80.706632,174.86,545.25,174.86,616.84,286.79,402.72,7.0,0.0666,1.19518,15.42003,24.85328,27.38647,3.9126,2.21661,5.31523,53.89672,20.14338,641,1
sample_00143,64_67,,0.0527117415040671,1,2025-11-27,7.03643_80.70664_2025-11-27,3,7.03643,80.706645,174.86,545.25,174.86,616.84,286.79,402.72,7.0,0.0666,1.19518,15.42003,24.85328,27.38647,3.9126,2.21661,5.31523,53.89672,20.14338,641,1
sample_00144,68_66,,0.0796458426927921,1,2025-11-26,7.00777_80.83367_2025-11-26,1,7.007774,80.833672,82.58,381.89,82.58,442.44,168.03,233.01,7.0,0.06806,1.17073,15.38004,22.35044,32.99977,11.79179,2.12327,5.38882,55.08134,20.71963,643,1
sample_00145,66_73,,0.3949282848206593,1,2025-11-27,7.17339_80.77871_2025-11-27,0,7.173387,80.778706,174.86,545.25,174.86,616.84,286.79,402.72,7.0,0.05392,1.28037,14.58456,22.75632,28.32658,6.94114,1.53215,5.60834,57.54754,18.34003,652,1
sample_00146,66_73,,0.1104361373065168,1,2025-11-28,7.17574_80.78063_2025-11-28,0,7.175739,80.780632,174.86,601.37,64.6,680.32,322.04,457.49,7.0,0.05392,1.28037,14.58456,22.75632,28.32658,6.94114,1.53215,5.60834,57.54754,18.34003,652,1
sample_00147,65_72,,0.6250587359256355,1,2025-11-27,7.16544_80.75434_2025-11-27,4,7.16544,80.754337,174.86,545.25,174.86,616.84,286.79,402.72,7.0,0.0553,1.26583,14.22265,23.06815,27.34209,5.7516,1.51566,5.51831,56.78013,18.69754,653,1
sample_00148,66_72,,0.1618646549313849,1,2025-11-27,7.15233_80.7812_2025-11-27,0,7.152334,80.781199,174.86,545.25,174.86,616.84,286.79,402.72,7.0,0.05458,1.27465,14.58693,22.77455,29.63585,8.35967,1.54262,5.57114,56.88787,18.89928,654,1
sample_00149,66_72,,0.4393855080615511,1,2025-11-27,7.15318_80.77863_2025-11-27,0,7.153185,80.778629,174.86,545.25,174.86,616.84,286.79,402.72,7.0,0.05458,1.27465,14.58693,22.77455,29.63585,8.35967,1.54262,5.57114,56.88787,18.89928,654,1
sample_00150,66_72,,0.0443743232527274,1,2025-11-26,7.15985_80.77776_2025-11-26,0,7.159847,80.777759,82.58,381.89,82.58,442.44,168.03,233.01,7.0,0.05447,1.27735,14.58554,22.88754,28.83579,7.3915,1.53714,5.58807,57.05748,18.64988,657,1
sample_00151,66_72,,0.2299071485571918,1,2025-11-27,7.16061_80.77942_2025-11-27,0,7.160612,80.779422,174.86,545.25,174.86,616.84,286.79,402.72,7.0,0.05447,1.27735,14.58554,22.88754,28.83579,7.3915,1.53714,5.58807,57.05748,18.64988,657,1
sample_00152,64_67,,0.2165731020496885,1,2025-11-27,7.02095_80.72361_2025-11-27,3,7.020948,80.723615,174.86,545.25,174.86,616.84,286.79,402.72,7.0,0.06745,1.18687,15.42361,25.2006,27.78595,3.88318,2.24486,5.29003,53.26946,20.52728,658,1
sample_00153,64_67,,0.3259293619502152,1,2025-11-27,7.02264_80.72224_2025-11-27,3,7.022638,80.722237,174.86,545.25,174.86,616.84,286.79,402.72,7.0,0.06745,1.18687,15.42361,25.2006,27.78595,3.88318,2.24486,5.29003,53.26946,20.52728,658,1
sample_00154,68_67,,0.2526640154815043,1,2025-11-27,7.0162_80.82563_2025-11-27,1,7.016198,80.825626,174.86,545.25,174.86,616.84,286.79,402.72,7.0,0.06718,1.17585,15.37796,22.56197,32.63565,11.25178,2.11029,5.39739,54.96486,20.6871,659,1
sample_00155,66_73,,0.4185112937124093,1,2025-11-27,7.17229_80.77492_2025-11-27,0,7.17229,80.774917,174.86,545.25,174.86,616.84,286.79,402.72,7.0,0.05392,1.28037,14.58456,22.75632,28.32658,6.94114,1.53215,5.60834,57.54754,18.34003,660,1
sample_00156,66_73,,0.2241974197058946,1,2025-11-27,7.17409_80.77472_2025-11-27,0,7.174094,80.774725,174.86,545.25,174.86,616.84,286.79,402.72,7.0,0.05392,1.28037,14.58456,22.75632,28.32658,6.94114,1.53215,5.60834,57.54754,18.34003,660,1
sample_00157,66_73,,0.1816186658551305,1,2025-11-27,7.17466_80.77488_2025-11-27,0,7.174659,80.774878,174.86,545.25,174.86,616.84,286.79,402.72,7.0,0.05392,1.28037,14.58456,22.75632,28.32658,6.94114,1.53215,5.60834,57.54754,18.34003,660,1
sample_00158,66_72,,0.136059314868137,1,2025-11-27,7.14677_80.77698_2025-11-27,0,7.146769,80.776983,174.86,545.25,174.86,616.84,286.79,402.72,7.0,0.05461,1.28517,13.60798,22.46305,28.7934,7.98033,1.45019,5.57651,57.47146,18.48777,661,1
sample_00159,66_72,,0.3060105906390572,1,2025-11-28,7.14509_80.77705_2025-11-28,0,7.145088,80.77705,174.86,601.37,64.6,680.32,322.04,457.49,7.0,0.05461,1.28517,13.60798,22.46305,28.7934,7.98033,1.45019,5.57651,57.47146,18.48777,661,1
sample_00160,66_72,,0.5034148014860598,1,2025-11-28,7.15173_80.77411_2025-11-28,0,7.151733,80.774107,174.86,601.37,64.6,680.32,322.04,457.49,7.0,0.05461,1.28517,13.60798,22.46305,28.7934,7.98033,1.45019,5.57651,57.47146,18.48777,661,1
sample_00161,66_72,,0.4349469798832877,1,2025-11-27,7.1572_80.77435_2025-11-27,0,7.157197,80.774353,174.86,545.25,174.86,616.84,286.79,402.72,7.0,0.05447,1.27735,14.58554,22.88754,28.83579,7.3915,1.53714,5.58807,57.05748,18.64988,663,1
sample_00162,67_71,,0.2161497089370064,1,2025-11-27,7.1244_80.7851_2025-11-27,2,7.124402,80.785103,174.86,545.25,174.86,616.84,286.79,402.72,7.0,0.05673,1.28154,14.33448,22.15675,29.32232,8.89618,1.48424,5.52894,57.03629,19.1306,665,1
sample_00163,67_71,,0.460864940083723,1,2025-11-27,7.12674_80.78614_2025-11-27,2,7.12674,80.786135,174.86,545.25,174.86,616.84,286.79,402.72,7.0,0.05673,1.28154,14.33448,22.15675,29.32232,8.89618,1.48424,5.52894,57.03629,19.1306,665,1
sample_00164,66_72,,0.623794285563116,1,2025-11-28,7.16547_80.76087_2025-11-28,0,7.165474,80.760873,174.86,601.37,64.6,680.32,322.04,457.49,7.0,0.05488,1.27911,14.58384,23.18043,27.55761,5.77713,1.53187,5.60369,56.98002,18.42847,667,1
sample_00165,67_70,,0.1373030855977412,1,2025-11-27,7.10284_80.80537_2025-11-27,4,7.102845,80.805372,174.86,545.25,174.86,616.84,286.79,402.72,7.0,0.05885,1.24786,15.17566,21.43989,29.6523,9.86238,2.0377,5.51182,57.29916,19.5629,682,1
sample_00166,67_70,,0.0938515155492226,1,2025-11-27,7.10323_80.80531_2025-11-27,4,7.103234,80.805311,174.86,545.25,174.86,616.84,286.79,402.72,7.0,0.05885,1.24786,15.17566,21.43989,29.6523,9.86238,2.0377,5.51182,57.29916,19.5629,682,1
sample_00167,68_70,,0.4558262667475408,1,2025-11-26,7.11917_80.81823_2025-11-26,0,7.119166,80.818231,82.58,381.89,82.58,442.44,168.03,233.01,7.0,0.05795,1.25184,15.17527,20.96276,29.24694,9.80481,2.02879,5.53451,58.25508,19.17179,683,1
sample_00168,68_70,,0.2367138453462064,1,2025-11-27,7.11775_80.81651_2025-11-27,0,7.117753,80.816513,174.86,545.25,174.86,616.84,286.79,402.72,7.0,0.05795,1.25184,15.17527,20.96276,29.24694,9.80481,2.02879,5.53451,58.25508,19.17179,683,1
sample_00169,66_71,,0.1429989133396644,1,2025-11-27,7.14152_80.77939_2025-11-27,4,7.141516,80.779392,174.86,545.25,174.86,616.84,286.79,402.72,7.0,0.05461,1.28517,13.60798,22.46305,28.7934,7.98033,1.45019,5.57651,57.47146,18.48777,685,1
sample_00170,66_71,,0.1315858183939165,1,2025-11-27,7.14196_80.77711_2025-11-27,4,7.141956,80.777107,174.86,545.25,174.86,616.84,286.79,402.72,7.0,0.05461,1.28517,13.60798,22.46305,28.7934,7.98033,1.45019,5.57651,57.47146,18.48777,685,1
sample_00171,66_72,,0.272872734763205,1,2025-11-28,7.16413_80.77255_2025-11-28,0,7.164128,80.772551,174.86,601.37,64.6,680.32,322.04,457.49,7.0,0.05494,1.27681,14.58515,23.12556,28.51589,6.84851,1.53692,5.58513,56.74819,18.6997,688,1
sample_00172,66_72,,0.3275645083107146,1,2025-11-27,7.16736_80.77268_2025-11-27,0,7.167357,80.772681,174.86,545.25,174.86,616.84,286.79,402.72,7.0,0.05494,1.27681,14.58515,23.12556,28.51589,6.84851,1.53692,5.58513,56.74819,18.6997,689,1
sample_00173,60_67,,0.0357513916675861,1,2025-11-28,7.03158_80.59281_2025-11-28,0,7.031581,80.592806,174.86,601.37,64.6,680.32,322.04,457.49,7.0,0.06247,1.21726,13.35335,22.34609,21.34929,0.3124,2.16708,5.2504,60.26379,16.47152,690,1
sample_00174,69_70,,0.541932696870734,1,2025-11-27,7.09758_80.85604_2025-11-27,2,7.097578,80.856035,174.86,545.25,174.86,616.84,286.79,402.72,7.0,0.06046,1.23612,15.7043,19.98612,30.72445,12.00668,2.09553,5.50204,59.01541,19.26819,691,1
sample_00175,69_70,,0.4998146678803112,1,2025-11-27,7.10012_80.86001_2025-11-27,2,7.100123,80.860011,174.86,545.25,174.86,616.84,286.79,402.72,7.0,0.06046,1.23612,15.7043,19.98612,30.72445,12.00668,2.09553,5.50204,59.01541,19.26819,691,1
sample_00176,67_68,,0.2636372021425466,1,2025-11-27,7.0603_80.78658_2025-11-27,1,7.060298,80.786575,174.86,545.25,174.86,616.84,286.79,402.72,7.0,0.06253,1.22169,15.1802,22.50436,30.08536,9.05896,2.09601,5.42461,55.45529,20.4863,692,1
sample_00177,70_69,,0.0051155113302687,1,2025-11-27,7.07631_80.87875_2025-11-27,1,7.076308,80.878752,174.86,545.25,174.86,616.84,286.79,402.72,7.0,0.06178,1.22294,15.73193,18.92707,33.25009,15.66859,2.17306,5.51831,60.12581,18.78394,693,1
sample_00178,69_67,,0.0183026970123397,1,2025-11-27,7.02941_80.84674_2025-11-27,2,7.029412,80.846739,174.86,545.25,174.86,616.84,286.79,402.72,7.0,0.06512,1.19001,15.3918,20.03966,33.85586,15.14329,2.1496,5.45903,58.01386,19.73794,695,1
sample_00179,55_64,,0.3256169057830856,1,2026-08-03,6.95358_80.47544_2026-08-03,4,6.953582,80.475436,34.43,73.72,34.43,97.5,57.19,70.59,7.0,0.05994,1.2586,12.658,19.98493,21.33161,3.05423,2.04224,5.09807,64.64713,13.95825,703,1
sample_00180,70_70,,0.4922804002504382,1,2025-11-27,7.09515_80.86516_2025-11-27,4,7.095149,80.865156,174.86,545.25,174.86,616.84,286.79,402.72,7.0,0.06028,1.24461,15.52628,19.14712,31.23626,13.30359,2.13781,5.49131,60.12319,19.04657,709,1
sample_00181,70_68,,0.5089611933958713,1,2025-11-27,7.05412_80.87502_2025-11-27,1,7.05412,80.875021,174.86,545.25,174.86,616.84,286.79,402.72,7.0,0.06362,1.20226,15.39089,18.55717,35.00879,17.82799,2.12437,5.49979,59.83221,19.16299,714,1
sample_00182,70_70,,0.8943396784639102,1,2025-11-27,7.10099_80.88134_2025-11-27,4,7.100988,80.881336,174.86,545.25,174.86,616.84,286.79,402.72,7.0,0.05956,1.24832,15.39811,18.60972,30.09826,12.74713,2.07338,5.55048,61.08055,18.55686,724,1
sample_00183,65_71,,0.4580458885227489,1,2025-11-27,7.13796_80.75078_2025-11-27,1,7.137964,80.750781,174.86,545.25,174.86,616.84,286.79,402.72,7.0,0.05613,1.26125,14.22297,23.35209,28.53297,6.79757,1.52365,5.47989,55.86067,19.26493,726,1
sample_00184,63_68,,0.263028472136564,1,2025-11-27,7.05343_80.67728_2025-11-27,1,7.05343,80.677276,174.86,545.25,174.86,616.84,286.79,402.72,7.0,0.06758,1.2017,14.58447,24.66993,26.30458,2.63079,2.09553,5.29294,54.88377,19.48314,732,1
sample_00185,69_69,,0.3433487592576817,1,2025-11-27,7.08764_80.86353_2025-11-27,1,7.087636,80.863534,174.86,545.25,174.86,616.84,286.79,402.72,7.0,0.06071,1.21992,16.03574,20.68958,32.6074,13.27043,2.17646,5.49929,58.10907,19.26901,737,1
sample_00186,69_69,,0.365659208178378,1,2025-11-27,7.0936_80.8654_2025-11-27,1,7.0936,80.8654,174.86,545.25,174.86,616.84,286.79,402.72,7.0,0.06071,1.21992,16.03574,20.68958,32.6074,13.27043,2.17646,5.49929,58.10907,19.26901,737,1
sample_00187,64_69,,0.2821343475608945,1,2025-11-27,7.07449_80.70951_2025-11-27,3,7.074488,80.709507,174.86,545.25,174.86,616.84,286.79,402.72,7.0,0.06245,1.21042,14.57775,24.87112,28.8518,5.30105,2.13303,5.32627,53.80461,20.18465,741,1
sample_00188,71_69,,0.1316577337800021,1,2025-11-27,7.07572_80.89555_2025-11-27,3,7.075718,80.89555,174.86,545.25,174.86,616.84,286.79,402.72,7.0,0.06161,1.22732,15.73011,18.30054,33.30456,16.31544,2.16916,5.5335,61.00179,18.47224,742,1
sample_00189,71_69,,0.4538434460408148,1,2025-11-27,7.0794_80.89907_2025-11-27,3,7.079395,80.899067,174.86,545.25,174.86,616.84,286.79,402.72,7.0,0.06161,1.22732,15.73011,18.30054,33.30456,16.31544,2.16916,5.5335,61.00179,18.47224,742,1
sample_00190,62_69,,0.0172591969071684,1,2025-11-27,7.08656_80.65929_2025-11-27,4,7.086558,80.659289,174.86,545.25,174.86,616.84,286.79,402.72,7.0,0.06445,1.24692,14.22261,24.43941,26.55411,3.19742,1.49271,5.38624,55.20839,19.24538,745,1
sample_00191,62_69,,0.0041136633252957,1,2025-11-27,7.07651_80.66914_2025-11-27,4,7.076513,80.669145,174.86,545.25,174.86,616.84,286.79,402.72,7.0,0.06199,1.25119,13.9626,24.43685,26.99562,3.69332,1.51125,5.34595,55.47082,19.0893,751,1
sample_00192,63_66,,0.1875975144084121,1,2025-11-26,7.00594_80.68932_2025-11-26,0,7.00594,80.68932,82.58,381.89,82.58,442.44,168.03,233.01,7.0,0.06694,1.17935,15.42004,25.4312,26.71222,2.44378,2.25849,5.28681,53.53566,20.31182,754,1
sample_00193,63_66,,0.1927137121978604,1,2025-11-27,7.0059_80.68929_2025-11-27,0,7.005897,80.689286,174.86,545.25,174.86,616.84,286.79,402.72,7.0,0.06694,1.17935,15.42004,25.4312,26.71222,2.44378,2.25849,5.28681,53.53566,20.31182,754,1
sample_00194,67_71,,0.3567054579767398,1,2025-11-27,7.14115_80.78531_2025-11-27,2,7.141152,80.785306,174.86,545.25,174.86,616.84,286.79,402.72,7.0,0.05647,1.27778,14.5238,22.7527,29.08065,7.93002,1.51948,5.5284,56.94816,18.76786,755,1
sample_00195,66_72,,0.1701998387811837,1,2025-11-27,7.14936_80.78088_2025-11-27,0,7.149365,80.78088,174.86,545.25,174.86,616.84,286.79,402.72,7.0,0.05647,1.27778,14.5238,22.7527,29.08065,7.93002,1.51948,5.5284,56.94816,18.76786,758,1
sample_00196,64_71,,0.1531142884492499,1,2025-11-28,7.12731_80.71235_2025-11-28,3,7.127314,80.71235,174.86,601.37,64.6,680.32,322.04,457.49,7.0,0.05782,1.26056,14.21731,24.05338,28.08173,5.4823,1.52697,5.45993,55.1184,19.47996,768,1
sample_00197,58_69,,0.3456108246880419,1,2025-11-27,7.07166_80.55072_2025-11-27,2,7.071658,80.550723,174.86,545.25,174.86,616.84,286.79,402.72,7.0,0.06258,1.28504,12.99016,23.0446,22.34465,0.57554,1.59102,5.2916,59.40467,16.60627,773,1
sample_00198,71_69,,0.2399657304834195,1,2025-11-26,7.0805_80.9089_2025-11-26,3,7.080501,80.908902,82.58,381.89,82.58,442.44,168.03,233.01,7.0,0.06149,1.22988,15.72904,18.0484,33.1752,16.42135,2.16709,5.542,61.40679,18.30259,774,1
sample_00199,67_70,,0.1569309558228597,1,2025-11-27,7.11092_80.78475_2025-11-27,4,7.110922,80.784752,174.86,545.25,174.86,616.84,286.79,402.72,7.0,0.05727,1.27861,14.33497,22.34728,29.94818,9.46538,1.48829,5.51044,56.3882,19.48621,781,1
sample_00200,64_67,,0.5318567757010035,1,2025-11-27,7.02946_80.71697_2025-11-27,3,7.02946,80.716974,174.86,545.25,174.86,616.84,286.79,402.72,7.0,0.06686,1.1899,15.42092,24.99889,27.39771,3.72901,2.22897,5.305,53.71123,20.25579,782,1
sample_00201,64_67,,0.3374717634925016,1,2025-11-27,7.02998_80.71508_2025-11-27,3,7.029975,80.715075,174.86,545.25,174.86,616.84,286.79,402.72,7.0,0.06686,1.1899,15.42092,24.99889,27.39771,3.72901,2.22897,5.305,53.71123,20.25579,782,1
sample_00202,63_66,,0.3149948369338424,1,2025-11-27,7.00956_80.68337_2025-11-27,0,7.009557,80.683373,174.86,545.25,174.86,616.84,286.79,402.72,7.0,0.06642,1.18773,15.41727,25.01851,26.23536,2.41925,2.24239,5.30158,54.24754,19.94992,797,1
sample_00203,63_66,,0.749161273314104,1,2025-11-27,7.01536_80.68208_2025-11-27,0,7.015362,80.682082,174.86,545.25,174.86,616.84,286.79,402.72,7.0,0.06642,1.18773,15.41727,25.01851,26.23536,2.41925,2.24239,5.30158,54.24754,19.94992,797,1
sample_00204,72_68,,0.1162212357271758,1,2025-11-27,7.05418_80.93263_2025-11-27,1,7.054183,80.932632,174.86,545.25,174.86,616.84,286.79,402.72,7.0,0.06387,1.23814,15.51972,16.96959,33.18783,17.48121,2.04167,5.5177,62.05913,18.50674,804,1
sample_00205,70_68,,0.1636598746428267,1,2025-11-27,7.06199_80.8871_2025-11-27,1,7.061992,80.887101,174.86,545.25,174.86,616.84,286.79,402.72,7.0,0.06362,1.21186,15.73645,18.45937,35.05159,17.94267,2.19479,5.48946,60.05798,19.07875,806,1
sample_00206,67_69,,0.3800270834644413,1,2025-11-27,7.07151_80.78162_2025-11-27,4,7.07151,80.781624,174.86,545.25,174.86,616.84,286.79,402.72,7.0,0.06184,1.22786,15.17884,22.44624,30.16271,9.32187,2.0827,5.43898,55.49358,20.4184,809,1
sample_00207,67_69,,0.4476493569036189,1,2025-11-27,7.0811_80.78723_2025-11-27,4,7.081099,80.78723,174.86,545.25,174.86,616.84,286.79,402.72,7.0,0.06115,1.23393,15.1775,22.42737,30.27143,9.59242,2.0696,5.4537,55.46066,20.37519,810,1
sample_00208,67_69,,0.6501302790993585,1,2025-11-27,7.08288_80.7854_2025-11-27,4,7.082881,80.7854,174.86,545.25,174.86,616.84,286.79,402.72,7.0,0.06115,1.23393,15.1775,22.42737,30.27143,9.59242,2.0696,5.4537,55.46066,20.37519,810,1
sample_00209,61_70,,0.0153583891503968,1,2025-11-27,7.10211_80.64216_2025-11-27,2,7.102111,80.642162,174.86,545.25,174.86,616.84,286.79,402.72,7.0,0.06556,1.25612,14.21852,24.77698,26.07951,2.32465,1.47965,5.40253,55.07077,19.09558,812,1
sample_00210,63_66,,0.0837195626942447,1,2025-11-27,7.00674_80.68126_2025-11-27,0,7.006743,80.68126,174.86,545.25,174.86,616.84,286.79,402.72,7.0,0.0666,1.18255,15.41815,25.22242,26.27312,2.2152,2.2542,5.29271,53.99212,20.08044,818,1
sample_00211,63_66,,0.0204431246097467,1,2025-11-28,7.00684_80.68063_2025-11-28,0,7.006844,80.680632,174.86,601.37,64.6,680.32,322.04,457.49,7.0,0.0666,1.18255,15.41815,25.22242,26.27312,2.2152,2.2542,5.29271,53.99212,20.08044,818,1
sample_00212,65_71,,0.5234498544956674,1,2025-11-27,7.1309_80.72426_2025-11-27,1,7.130905,80.724265,174.86,545.25,174.86,616.84,286.79,402.72,7.0,0.05702,1.26106,14.2202,23.70821,28.28372,6.14666,1.525,5.47023,55.42167,19.40175,819,1
sample_00213,65_71,,0.0261955474267372,1,2025-11-29,7.13252_80.72847_2025-11-29,1,7.132522,80.728467,174.86,593.5699999999999,5.63,685.3900000000001,245.09,439.52,7.0,0.05702,1.26106,14.2202,23.70821,28.28372,6.14666,1.525,5.47023,55.42167,19.40175,819,1
sample_00214,67_71,,0.4257165390964826,1,2025-11-27,7.12726_80.79547_2025-11-27,2,7.127255,80.795473,174.86,545.25,174.86,616.84,286.79,402.72,7.0,0.05647,1.28112,14.33533,21.82128,29.3471,9.16466,1.48507,5.53371,57.58043,18.97151,834,1
sample_00215,67_65,,0.3565971009208032,1,2025-12-27,6.97326_80.78867_2025-12-27,4,6.973258,80.788671,4.59,78.25999999999998,0.27,397.33,1.6800000000000002,10.05,3.0,0.06991,1.14329,15.84698,26.0322,31.0442,6.16071,2.29067,5.27087,50.85516,21.95638,837,1
sample_00216,60_60,,0.0933906693117966,1,2025-11-27,6.83926_80.60935_2025-11-27,3,6.839264,80.609352,174.86,545.25,174.86,616.84,286.79,402.72,7.0,0.06155,1.23844,13.42999,23.01688,23.4673,3.81672,2.28019,5.08971,59.1593,16.2429,843,1
sample_00217,65_65,,0.2120791558641331,1,2025-11-27,6.9755_80.74214_2025-11-27,4,6.975501,80.742138,174.86,545.25,174.86,616.84,286.79,402.72,7.0,0.06968,1.14896,15.79075,26.73848,29.35907,3.71662,2.32819,5.29774,50.65952,21.68395,846,1
sample_00218,65_62,,0.1171047147607216,1,2025-11-27,6.89495_80.74697_2025-11-27,1,6.894948,80.746968,174.86,545.25,174.86,616.84,286.79,402.72,7.0,0.07117,1.14419,15.33824,28.73244,28.91406,0.97961,2.26623,5.27556,47.79529,23.05523,847,1
sample_00219,69_68,,0.1067963763072177,1,2025-11-27,7.03844_80.86305_2025-11-27,4,7.038435,80.863046,174.86,545.25,174.86,616.84,286.79,402.72,7.0,0.06439,1.19573,15.39118,19.4535,34.31285,16.21997,2.13707,5.47633,58.73274,19.50793,851,1
sample_00220,69_68,,0.3577687481815556,1,2025-11-27,7.04124_80.86494_2025-11-27,4,7.041236,80.864936,174.86,545.25,174.86,616.84,286.79,402.72,7.0,0.06439,1.19573,15.39118,19.4535,34.31285,16.21997,2.13707,5.47633,58.73274,19.50793,851,1
sample_00221,70_70,,0.6059506898930294,1,2025-11-27,7.09621_80.8749_2025-11-27,4,7.096209,80.874903,174.86,545.25,174.86,616.84,286.79,402.72,7.0,0.06041,1.24395,15.39991,18.31874,30.62487,13.54486,2.0843,5.53679,61.22736,18.62455,852,1
sample_00222,61_69,,0.1620347569755621,1,2025-11-27,7.07303_80.6358_2025-11-27,1,7.073033,80.635797,174.86,545.25,174.86,616.84,286.79,402.72,7.0,0.06515,1.25011,14.21761,24.2958,25.79908,2.44511,1.49084,5.37439,55.73014,19.0105,859,1
sample_00223,63_68,,0.1476496312431153,1,2025-11-27,7.05458_80.70011_2025-11-27,1,7.05458,80.700106,174.86,545.25,174.86,616.84,286.79,402.72,7.0,0.06275,1.20729,14.57699,24.97635,28.52778,4.75195,2.14223,5.31873,53.84347,20.16118,883,1
sample_00224,62_68,,0.0177051089544381,1,2025-11-27,7.04777_80.66458_2025-11-27,4,7.047767,80.664583,174.86,545.25,174.86,616.84,286.79,402.72,7.0,0.06763,1.20459,14.58238,24.5375,25.89546,2.3204,2.09044,5.29483,55.22623,19.30339,889,1
sample_00225,63_69,,0.2484739343138139,1,2025-11-27,7.07267_80.68832_2025-11-27,1,7.07267,80.688317,174.86,545.25,174.86,616.84,286.79,402.72,7.0,0.06244,1.21463,14.57386,24.91971,28.08538,4.36386,2.12581,5.33471,54.14628,19.91159,903,1
sample_00226,63_69,,0.4795439922815375,1,2025-11-27,7.06672_80.69447_2025-11-27,1,7.066715,80.694468,174.86,545.25,174.86,616.84,286.79,402.72,7.0,0.06244,1.21463,14.57386,24.91971,28.08538,4.36386,2.12581,5.33471,54.14628,19.91159,905,1
sample_00227,63_69,,0.3588647132938898,1,2025-11-27,7.06684_80.69338_2025-11-27,1,7.066844,80.693377,174.86,545.25,174.86,616.84,286.79,402.72,7.0,0.06244,1.21463,14.57386,24.91971,28.08538,4.36386,2.12581,5.33471,54.14628,19.91159,905,1
sample_00228,63_69,,0.0732850751083406,1,2025-11-27,7.06733_80.68966_2025-11-27,1,7.067333,80.689656,174.86,545.25,174.86,616.84,286.79,402.72,7.0,0.06244,1.21463,14.57386,24.91971,28.08538,4.36386,2.12581,5.33471,54.14628,19.91159,905,1
sample_00229,63_69,,0.1802930894337679,1,2025-11-27,7.06824_80.68927_2025-11-27,1,7.068245,80.689265,174.86,545.25,174.86,616.84,286.79,402.72,7.0,0.06244,1.21463,14.57386,24.91971,28.08538,4.36386,2.12581,5.33471,54.14628,19.91159,905,1
sample_00230,63_69,,0.1783118747177695,1,2025-11-27,7.06847_80.69012_2025-11-27,1,7.06847,80.690125,174.86,545.25,174.86,616.84,286.79,402.72,7.0,0.06244,1.21463,14.57386,24.91971,28.08538,4.36386,2.12581,5.33471,54.14628,19.91159,905,1
sample_00231,63_69,,0.197312582015693,1,2025-11-27,7.06861_80.68982_2025-11-27,1,7.068614,80.689815,174.86,545.25,174.86,616.84,286.79,402.72,7.0,0.06244,1.21463,14.57386,24.91971,28.08538,4.36386,2.12581,5.33471,54.14628,19.91159,905,1
sample_00232,68_69,,0.2915489274123853,1,2025-11-27,7.06591_80.81293_2025-11-27,1,7.065914,80.812929,174.86,545.25,174.86,616.84,286.79,402.72,7.0,0.06198,1.22506,15.18183,21.3853,30.61858,10.66423,2.08729,5.44689,56.90232,20.05205,906,1
sample_00233,68_69,,0.300631685502491,1,2025-11-27,7.06602_80.81305_2025-11-27,1,7.066025,80.813047,174.86,545.25,174.86,616.84,286.79,402.72,7.0,0.06198,1.22506,15.18183,21.3853,30.61858,10.66423,2.08729,5.44689,56.90232,20.05205,906,1
sample_00234,71_67,,0.5655103021277725,1,2025-11-27,7.01157_80.90392_2025-11-27,3,7.011572,80.903925,174.86,545.25,174.86,616.84,286.79,402.72,7.0,0.06764,1.19674,15.18582,15.35054,45.21454,31.40341,2.0161,5.44331,60.38254,20.61408,907,1
sample_00235,71_67,,0.2837887286020501,1,2025-11-27,7.0144_80.90324_2025-11-27,3,7.014396,80.903239,174.86,545.25,174.86,616.84,286.79,402.72,7.0,0.06764,1.19674,15.18582,15.35054,45.21454,31.40341,2.0161,5.44331,60.38254,20.61408,907,1
sample_00236,71_67,,0.355726841858077,1,2025-11-27,7.01464_80.9041_2025-11-27,3,7.014642,80.904101,174.86,545.25,174.86,616.84,286.79,402.72,7.0,0.06764,1.19674,15.18582,15.35054,45.21454,31.40341,2.0161,5.44331,60.38254,20.61408,907,1
sample_00237,71_67,,3.3572310475349795e-06,1,2025-11-27,7.01582_80.9011_2025-11-27,3,7.015817,80.901103,174.86,545.25,174.86,616.84,286.79,402.72,7.0,0.06764,1.19674,15.18582,15.35054,45.21454,31.40341,2.0161,5.44331,60.38254,20.61408,907,1
sample_00238,67_70,,0.2574462523961588,1,2025-11-27,7.09381_80.79708_2025-11-27,4,7.093806,80.79708,174.86,545.25,174.86,616.84,286.79,402.72,7.0,0.05964,1.24283,15.17687,21.54209,29.9697,10.07931,2.04901,5.49355,56.98032,19.75985,909,1
sample_00239,67_70,,0.2651228734403655,1,2025-11-27,7.0944_80.79708_2025-11-27,4,7.094397,80.79708,174.86,545.25,174.86,616.84,286.79,402.72,7.0,0.05964,1.24283,15.17687,21.54209,29.9697,10.07931,2.04901,5.49355,56.98032,19.75985,909,1
sample_00240,69_72,,0.2954371221234136,1,2025-11-27,7.16282_80.84459_2025-11-27,4,7.162817,80.844593,174.86,545.25,174.86,616.84,286.79,402.72,7.0,0.05623,1.32537,14.38577,19.06071,27.76889,9.93552,1.25691,5.70178,61.82617,17.70336,912,1
sample_00241,60_59,,0.0669991167634633,1,2025-11-27,6.80988_80.61276_2025-11-27,4,6.809881,80.61276,174.86,545.25,174.86,616.84,286.79,402.72,7.0,0.06178,1.23831,13.4323,23.26772,23.48088,4.15597,2.28719,5.10192,58.80323,16.10487,913,1
sample_00242,71_71,,0.263459433616413,1,2025-11-27,7.11764_80.89557_2025-11-27,1,7.117642,80.895565,174.86,545.25,174.86,616.84,286.79,402.72,7.0,0.05615,1.29746,14.41041,17.23257,29.7684,13.70984,1.49379,5.61808,63.38197,17.64418,918,1
sample_00243,71_71,,0.2565002419529306,1,2025-11-27,7.11914_80.89505_2025-11-27,1,7.119135,80.895049,174.86,545.25,174.86,616.84,286.79,402.72,7.0,0.05615,1.29746,14.41041,17.23257,29.7684,13.70984,1.49379,5.61808,63.38197,17.64418,918,1
sample_00244,57_60,,0.1981658499759037,1,2025-11-28,6.82543_80.51857_2025-11-28,0,6.825426,80.518568,174.86,601.37,64.6,680.32,322.04,457.49,7.0,0.05605,1.2711,12.25263,20.31106,22.89222,5.64144,2.62206,5.00714,64.89875,13.13259,920,1
sample_00245,65_71,,0.4761802979208402,1,2025-11-27,7.12616_80.72667_2025-11-27,1,7.126164,80.726674,174.86,545.25,174.86,616.84,286.79,402.72,7.0,0.05732,1.25841,14.22041,23.84122,28.78053,6.55651,1.52939,5.45263,55.03723,19.63537,922,1
sample_00246,65_71,,0.387961074290849,1,2025-11-27,7.12723_80.72713_2025-11-27,1,7.127233,80.727134,174.86,545.25,174.86,616.84,286.79,402.72,7.0,0.05732,1.25841,14.22041,23.84122,28.78053,6.55651,1.52939,5.45263,55.03723,19.63537,922,1
sample_00247,65_71,,0.0735677547921881,1,2025-11-27,7.12836_80.72997_2025-11-27,1,7.128356,80.729973,174.86,545.25,174.86,616.84,286.79,402.72,7.0,0.05732,1.25841,14.22041,23.84122,28.78053,6.55651,1.52939,5.45263,55.03723,19.63537,922,1
sample_00248,65_71,,0.2236168326536735,1,2025-11-27,7.12934_80.72901_2025-11-27,1,7.12934,80.729014,174.86,545.25,174.86,616.84,286.79,402.72,7.0,0.05732,1.25841,14.22041,23.84122,28.78053,6.55651,1.52939,5.45263,55.03723,19.63537,922,1
sample_00249,67_69,,0.3414428625471174,1,2025-11-27,7.08103_80.79422_2025-11-27,4,7.081034,80.794223,174.86,545.25,174.86,616.84,286.79,402.72,7.0,0.06117,1.23284,15.1785,22.06232,30.2908,9.87797,2.07139,5.45647,56.01831,20.21204,923,1
sample_00250,67_69,,0.0925633049041404,1,2025-11-27,7.0814_80.79186_2025-11-27,4,7.081398,80.791859,174.86,545.25,174.86,616.84,286.79,402.72,7.0,0.06117,1.23284,15.1785,22.06232,30.2908,9.87797,2.07139,5.45647,56.01831,20.21204,923,1
sample_00251,67_69,,0.3037643230110695,1,2025-11-27,7.08154_80.794_2025-11-27,4,7.081536,80.794,174.86,545.25,174.86,616.84,286.79,402.72,7.0,0.06117,1.23284,15.1785,22.06232,30.2908,9.87797,2.07139,5.45647,56.01831,20.21204,923,1
sample_00252,67_69,,0.6720104007542836,1,2025-11-27,7.08566_80.78644_2025-11-27,4,7.08566,80.786436,174.86,545.25,174.86,616.84,286.79,402.72,7.0,0.06117,1.23284,15.1785,22.06232,30.2908,9.87797,2.07139,5.45647,56.01831,20.21204,923,1
sample_00253,65_71,,0.10850293726886,1,2025-11-27,7.13916_80.74404_2025-11-27,1,7.139164,80.744045,174.86,545.25,174.86,616.84,286.79,402.72,7.0,0.05652,1.25885,14.22316,23.50206,29.11027,7.31355,1.52776,5.46105,55.37044,19.55317,927,1
sample_00254,69_69,,0.2507744965073222,1,2025-11-27,7.07696_80.86299_2025-11-27,1,7.076957,80.862993,174.86,545.25,174.86,616.84,286.79,402.72,7.0,0.06166,1.2139,16.0378,20.70826,33.14613,13.79111,2.18823,5.48147,57.83916,19.45819,929,1
sample_00255,69_69,,0.2523206718345726,1,2025-11-27,7.08136_80.86391_2025-11-27,1,7.081365,80.863913,174.86,545.25,174.86,616.84,286.79,402.72,7.0,0.06166,1.2139,16.0378,20.70826,33.14613,13.79111,2.18823,5.48147,57.83916,19.45819,929,1
sample_00256,69_69,,0.4392257006254135,1,2025-11-27,7.08166_80.86671_2025-11-27,1,7.08166,80.866714,174.86,545.25,174.86,616.84,286.79,402.72,7.0,0.06166,1.2139,16.0378,20.70826,33.14613,13.79111,2.18823,5.48147,57.83916,19.45819,929,1
sample_00257,69_69,,0.765396677051028,1,2025-11-28,7.0841_80.8589_2025-11-28,1,7.0841,80.8589,174.86,601.37,64.6,680.32,322.04,457.49,7.0,0.06166,1.2139,16.0378,20.70826,33.14613,13.79111,2.18823,5.48147,57.83916,19.45819,929,1
sample_00258,67_68,,0.0105729175105799,1,2025-11-27,7.05985_80.8052_2025-11-27,1,7.059849,80.805202,174.86,545.25,174.86,616.84,286.79,402.72,7.0,0.06269,1.21992,15.18224,21.84208,30.52009,10.08567,2.09877,5.42852,56.2553,20.29883,932,1
sample_00259,67_68,,0.3922597122129479,1,2025-11-27,7.06173_80.8081_2025-11-27,1,7.061727,80.8081,174.86,545.25,174.86,616.84,286.79,402.72,7.0,0.06269,1.21992,15.18224,21.84208,30.52009,10.08567,2.09877,5.42852,56.2553,20.29883,932,1
sample_00260,67_71,,0.3167722943072929,1,2025-11-27,7.13974_80.8103_2025-11-27,2,7.139745,80.8103,174.86,545.25,174.86,616.84,286.79,402.72,7.0,0.05572,1.27858,14.52501,22.11406,29.31558,8.70524,1.52007,5.53902,57.84557,18.57128,938,1
sample_00261,67_71,,0.624414730546791,1,2025-11-27,7.1453_80.8088_2025-11-27,2,7.145305,80.808799,174.86,545.25,174.86,616.84,286.79,402.72,7.0,0.05572,1.27858,14.52501,22.11406,29.31558,8.70524,1.52007,5.53902,57.84557,18.57128,938,1
sample_00262,68_72,,0.3898123917085861,1,2025-11-28,7.14938_80.81681_2025-11-28,1,7.149378,80.816808,174.86,601.37,64.6,680.32,322.04,457.49,7.0,0.0553,1.28661,14.857,21.42959,28.54082,8.4199,1.50328,5.57644,58.87029,18.29968,944,1
sample_00263,70_68,,0.0403115107452194,1,2025-11-26,7.06359_80.87238_2025-11-26,1,7.063588,80.872382,82.58,381.89,82.58,442.44,168.03,233.01,7.0,0.06343,1.2023,16.04201,20.24214,34.67698,15.77016,2.21124,5.45433,57.86399,19.70049,961,1
sample_00264,71_67,,0.2238696661205304,1,2025-11-26,7.02098_80.90497_2025-11-26,3,7.020985,80.904971,82.58,381.89,82.58,442.44,168.03,233.01,7.0,0.06659,1.20314,15.8503,16.08822,41.98314,27.35473,2.1635,5.43434,60.45467,20.15064,963,1
sample_00265,67_69,,0.1280195534570272,1,2025-11-27,7.06662_80.79807_2025-11-27,4,7.066622,80.798074,174.86,545.25,174.86,616.84,286.79,402.72,7.0,0.0619,1.22688,15.17986,22.11407,30.30148,9.73453,2.08426,5.44115,55.93933,20.30214,964,1
sample_00266,71_67,,0.1916634670950933,1,2025-11-27,7.0125_80.8988_2025-11-27,3,7.012501,80.898795,174.86,545.25,174.86,616.84,286.79,402.72,7.0,0.06764,1.19674,15.18582,15.35054,45.21454,31.40341,2.0161,5.44331,60.38254,20.61408,967,1
sample_00267,70_69,,0.1274899936442945,1,2025-11-27,7.07887_80.87711_2025-11-27,1,7.078867,80.877109,174.86,545.25,174.86,616.84,286.79,402.72,7.0,0.06178,1.22294,15.73193,18.92707,33.25009,15.66859,2.17306,5.51831,60.12581,18.78394,968,1
sample_00268,63_68,,0.3655974991417438,1,2025-11-27,7.05121_80.68543_2025-11-27,1,7.05121,80.68543,174.86,545.25,174.86,616.84,286.79,402.72,7.0,0.06542,1.19609,14.69194,25.1664,27.44945,3.82412,2.19001,5.33683,53.98191,19.67537,970,1
sample_00269,63_68,,0.337245325169172,1,2025-11-28,7.05133_80.6918_2025-11-28,1,7.051329,80.691796,174.86,601.37,64.6,680.32,322.04,457.49,7.0,0.06542,1.19609,14.69194,25.1664,27.44945,3.82412,2.19001,5.33683,53.98191,19.67537,970,1
sample_00270,71_67,,0.235307913998805,1,2025-11-27,7.01846_80.90057_2025-11-27,3,7.018458,80.900569,174.86,545.25,174.86,616.84,286.79,402.72,7.0,0.06686,1.1985,15.85176,15.53605,45.25754,31.26268,2.16826,5.42381,60.24948,20.61554,973,1
sample_00271,56_65,,0.2540745714319576,1,2025-11-27,6.96577_80.50398_2025-11-27,0,6.965774,80.50398,174.86,545.25,174.86,616.84,286.79,402.72,7.0,0.0625,1.27948,12.79013,18.70787,19.1573,2.0898,2.17079,5.12737,66.53521,13.51763,976,1
sample_00272,69_71,,0.4390603274459829,1,2025-11-07,7.13087_80.84411_2025-11-07,4,7.130874,80.844106,7.71,38.7,5.69,320.53000000000003,15.560000000000002,19.8,4.0,0.05548,1.29284,14.71367,19.82235,29.28716,10.75295,1.50094,5.59065,60.23853,18.40994,978,1
sample_00273,70_66,,0.8002495726719319,1,2025-11-27,6.97643_80.87338_2025-11-27,3,6.976429,80.873384,174.86,545.25,174.86,616.84,286.79,402.72,7.0,0.0696,1.18403,15.18639,19.33759,33.87902,15.73375,2.05388,5.40819,58.17067,20.095,979,1
sample_00274,70_66,,0.0108295605790579,1,2025-11-27,6.98334_80.87501_2025-11-27,3,6.983345,80.875009,174.86,545.25,174.86,616.84,286.79,402.72,7.0,0.0696,1.18403,15.18639,19.33759,33.87902,15.73375,2.05388,5.40819,58.17067,20.095,979,1
sample_00275,61_69,,0.1490897756306916,1,2025-11-27,7.07566_80.63756_2025-11-27,1,7.075659,80.637564,174.86,545.25,174.86,616.84,286.79,402.72,7.0,0.06515,1.25011,14.21761,24.2958,25.79908,2.44511,1.49084,5.37439,55.73014,19.0105,980,1
sample_00276,61_69,,0.1712770101930385,1,2025-11-27,7.07669_80.63777_2025-11-27,1,7.076688,80.637771,174.86,545.25,174.86,616.84,286.79,402.72,7.0,0.06515,1.25011,14.21761,24.2958,25.79908,2.44511,1.49084,5.37439,55.73014,19.0105,980,1
sample_00277,66_71,,0.3831225404121474,1,2025-11-27,7.13685_80.75798_2025-11-27,4,7.136852,80.75798,174.86,545.25,174.86,616.84,286.79,402.72,7.0,0.0563,1.2576,14.22461,23.39241,29.54389,7.90585,1.52939,5.45594,55.37326,19.62269,981,1
sample_00278,66_71,,0.3704834337910309,1,2025-11-27,7.13974_80.76184_2025-11-27,4,7.139739,80.761844,174.86,545.25,174.86,616.84,286.79,402.72,7.0,0.0563,1.2576,14.22461,23.39241,29.54389,7.90585,1.52939,5.45594,55.37326,19.62269,981,1
sample_00279,66_71,,0.3712921856933758,1,2025-11-27,7.13975_80.76104_2025-11-27,4,7.13975,80.76104,174.86,545.25,174.86,616.84,286.79,402.72,7.0,0.0563,1.2576,14.22461,23.39241,29.54389,7.90585,1.52939,5.45594,55.37326,19.62269,981,1
sample_00280,70_69,,0.2878192769338594,1,2025-11-27,7.07325_80.88942_2025-11-27,1,7.073254,80.889418,174.86,545.25,174.86,616.84,286.79,402.72,7.0,0.0617,1.225,15.73107,18.59488,33.3261,16.05942,2.17115,5.5256,60.57418,18.6324,983,1
sample_00281,71_68,,0.4778734251824144,1,2025-11-27,7.0572_80.90699_2025-11-27,2,7.057198,80.90699,174.86,545.25,174.86,616.84,286.79,402.72,7.0,0.0634,1.21701,15.73446,17.88458,34.92322,18.36492,2.1899,5.50605,60.91208,18.74057,986,1
sample_00282,71_66,,0.1912879880089039,1,2025-11-27,6.98826_80.90462_2025-11-27,1,6.988265,80.904618,174.86,545.25,174.86,616.84,286.79,402.72,7.0,0.06866,1.19349,15.66557,17.68892,35.91512,19.49903,2.06382,5.4498,59.6141,19.95509,991,1
sample_00283,67_65,,0.2932165921257967,1,2025-11-27,6.97498_80.78397_2025-11-27,4,6.974984,80.783969,174.86,545.25,174.86,616.84,286.79,402.72,7.0,0.06991,1.14329,15.84698,26.0322,31.0442,6.16071,2.29067,5.27087,50.85516,21.95638,993,1
sample_00284,67_65,,0.1701294219248026,1,2025-11-27,6.97604_80.78439_2025-11-27,4,6.976042,80.784391,174.86,545.25,174.86,616.84,286.79,402.72,7.0,0.06991,1.14329,15.84698,26.0322,31.0442,6.16071,2.29067,5.27087,50.85516,21.95638,993,1
sample_00285,70_68,,0.0302238753534405,1,2025-11-27,7.04969_80.87303_2025-11-27,1,7.049694,80.873028,174.86,545.25,174.86,616.84,286.79,402.72,7.0,0.06358,1.20179,15.39028,18.99436,34.39874,16.77963,2.12493,5.49557,59.41279,19.24099,994,1
sample_00286,70_68,,0.5549522770218046,1,2025-11-27,7.05467_80.87453_2025-11-27,1,7.054669,80.874534,174.86,545.25,174.86,616.84,286.79,402.72,7.0,0.06358,1.20179,15.39028,18.99436,34.39874,16.77963,2.12493,5.49557,59.41279,19.24099,994,1
sample_00287,61_69,,0.0861911842153083,1,2025-11-27,7.0716_80.63836_2025-11-27,1,7.071599,80.638359,174.86,545.25,174.86,616.84,286.79,402.72,7.0,0.06483,1.24741,14.2179,24.09091,25.70058,2.53363,1.49534,5.36692,55.99996,18.96648,1007,1
sample_00288,61_69,,0.013032377328484,1,2025-11-27,7.07232_80.63884_2025-11-27,1,7.072318,80.638844,174.86,545.25,174.86,616.84,286.79,402.72,7.0,0.06483,1.24741,14.2179,24.09091,25.70058,2.53363,1.49534,5.36692,55.99996,18.96648,1007,1
sample_00289,62_69,,0.3152848315402232,1,2025-11-27,7.06567_80.66691_2025-11-27,4,7.065668,80.666907,174.86,545.25,174.86,616.84,286.79,402.72,7.0,0.06759,1.2133,14.58036,24.63615,25.91214,2.31198,2.06666,5.31426,55.15521,19.18604,1014,1
sample_00290,62_69,,0.2444851629318566,1,2025-11-27,7.07577_80.67411_2025-11-27,4,7.075766,80.674108,174.86,545.25,174.86,616.84,286.79,402.72,7.0,0.06199,1.25119,13.9626,24.43685,26.99562,3.69332,1.51125,5.34595,55.47082,19.0893,1015,1
sample_00291,62_69,,0.2790311013378198,1,2025-11-27,7.07291_80.657_2025-11-27,4,7.072908,80.657004,174.86,545.25,174.86,616.84,286.79,402.72,7.0,0.06775,1.21585,14.57832,24.57582,25.58314,2.00515,2.06209,5.31459,55.38643,19.05089,1016,1
sample_00292,66_68,,0.629462888865814,1,2025-11-27,7.04659_80.78341_2025-11-27,1,7.046588,80.78341,174.86,545.25,174.86,616.84,286.79,402.72,7.0,0.06466,1.19375,15.31498,23.77803,30.60233,8.17772,2.1824,5.2728,53.87485,20.98336,1021,1
sample_00293,66_68,,0.3911045575937771,1,2025-11-27,7.05785_80.76971_2025-11-27,1,7.057853,80.769713,174.86,545.25,174.86,616.84,286.79,402.72,7.0,0.06397,1.20147,15.31203,23.88611,30.38024,7.96812,2.16635,5.28748,53.80209,20.89389,1035,1
sample_00294,64_67,,0.2215820497608443,1,2025-11-27,7.03778_80.70823_2025-11-27,3,7.037783,80.708233,174.86,545.25,174.86,616.84,286.79,402.72,7.0,0.0666,1.19518,15.42003,24.85328,27.38647,3.9126,2.21661,5.31523,53.89672,20.14338,1037,1
sample_00295,64_67,,0.076566941738568,1,2025-11-28,7.03511_80.70813_2025-11-28,3,7.035111,80.708128,174.86,601.37,64.6,680.32,322.04,457.49,7.0,0.0666,1.19518,15.42003,24.85328,27.38647,3.9126,2.21661,5.31523,53.89672,20.14338,1037,1
sample_00296,61_69,,0.3595497612570584,1,2025-11-26,7.0791_80.64114_2025-11-26,1,7.079098,80.641136,82.58,381.89,82.58,442.44,168.03,233.01,7.0,0.06515,1.25011,14.21761,24.2958,25.79908,2.44511,1.49084,5.37439,55.73014,19.0105,1038,1
sample_00297,69_68,,0.3229826206649326,1,2025-11-27,7.05706_80.84896_2025-11-27,4,7.057058,80.848957,174.86,545.25,174.86,616.84,286.79,402.72,7.0,0.06363,1.20107,16.04182,21.17169,33.89085,14.07155,2.21344,5.43944,56.81701,19.9707,1041,0
sample_00298,69_68,,0.0346800603931783,1,2025-11-27,7.05841_80.85126_2025-11-27,4,7.058413,80.851257,174.86,545.25,174.86,616.84,286.79,402.72,7.0,0.06363,1.20107,16.04182,21.17169,33.89085,14.07155,2.21344,5.43944,56.81701,19.9707,1041,0
sample_00299,69_68,,0.4589093006023132,1,2025-11-27,7.05986_80.84769_2025-11-27,4,7.059857,80.847689,174.86,545.25,174.86,616.84,286.79,402.72,7.0,0.06363,1.20107,16.04182,21.17169,33.89085,14.07155,2.21344,5.43944,56.81701,19.9707,1041,0
sample_00300,66_69,,0.7836534661094497,1,2025-11-27,7.07306_80.77583_2025-11-27,4,7.073056,80.775833,174.86,545.25,174.86,616.84,286.79,402.72,7.0,0.06342,1.20744,15.31076,23.81998,30.52681,8.34223,2.15309,5.29882,53.78739,20.85467,1048,0
sample_00301,63_64,,0.2124095659892984,1,2025-11-27,6.93849_80.68682_2025-11-27,3,6.938489,80.686823,174.86,545.25,174.86,616.84,286.79,402.72,7.0,0.06157,1.17349,15.30322,29.58379,29.51112,0.52855,2.32644,5.19503,48.68611,21.9157,1053,0
sample_00302,68_70,,0.3535859230994399,1,2025-11-27,7.11117_80.83248_2025-11-27,0,7.111168,80.832481,174.86,545.25,174.86,616.84,286.79,402.72,7.0,0.05862,1.24585,15.17794,20.35935,29.70775,10.74157,2.04312,5.52385,58.93922,19.09666,1100,0
sample_00303,64_69,,0.193065100734431,1,2025-11-27,7.06823_80.71415_2025-11-27,3,7.068231,80.714152,174.86,545.25,174.86,616.84,286.79,402.72,7.0,0.06248,1.20844,14.57966,24.82732,29.27538,5.84022,2.13656,5.32152,53.63825,20.32576,1146,0
sample_00304,72_69,,0.4279013102455637,1,2025-11-27,7.06894_80.9186_2025-11-27,3,7.068938,80.918604,174.86,545.25,174.86,616.84,286.79,402.72,7.0,0.06293,1.23174,15.41169,17.53543,33.6005,17.35993,2.09583,5.54396,61.88809,18.18971,1174,0
sample_00305,60_67,,0.3149004719148698,1,2025-11-28,7.03856_80.59331_2025-11-28,0,7.038561,80.593306,174.86,601.37,64.6,680.32,322.04,457.49,7.0,0.06286,1.23,13.35308,22.8475,21.7982,0.2542,2.15768,5.25413,59.55416,16.67785,1233,0
sample_00306,68_67,,0.2611173101707382,1,2025-11-27,7.00999_80.83125_2025-11-27,1,7.009989,80.831251,174.86,545.25,174.86,616.84,286.79,402.72,7.0,0.0673,1.17591,15.37897,22.08192,33.14265,12.25626,2.11012,5.40068,55.43908,20.58149,1243,0
sample_00307,71_70,,0.4279706850131414,1,2025-11-27,7.11024_80.91746_2025-11-27,3,7.110235,80.917462,174.86,545.25,174.86,616.84,286.79,402.72,7.0,0.05807,1.32136,13.86972,15.7216,29.25469,14.7397,1.31913,5.68507,65.10877,17.25704,1269,0
sample_00308,54_66,,0.2957788149202391,1,2025-11-26,6.98593_80.43991_2025-11-26,3,6.985931,80.439913,82.58,381.89,82.58,442.44,168.03,233.01,7.0,0.05869,1.2749,12.29608,20.42461,23.24568,4.37701,1.49176,5.1188,64.14372,13.96262,1304,0
sample_00309,72_69,,0.3161674999733492,1,2025-11-27,7.08897_80.91648_2025-11-27,3,7.088966,80.916482,174.86,545.25,174.86,616.84,286.79,402.72,7.0,0.06093,1.25347,15.22108,16.87268,31.06289,15.32132,2.13229,5.52934,63.0672,18.20334,1312,0
sample_00310,72_69,,0.5501673099665837,1,2025-11-27,7.09374_80.92065_2025-11-27,3,7.09374,80.920646,174.86,545.25,174.86,616.84,286.79,402.72,7.0,0.06093,1.25347,15.22108,16.87268,31.06289,15.32132,2.13229,5.52934,63.0672,18.20334,1312,0
sample_00311,68_72,,0.1959365380905684,1,2025-11-27,7.1622_80.82117_2025-11-27,1,7.162197,80.821171,174.86,545.25,174.86,616.84,286.79,402.72,7.0,0.05433,1.29145,14.85522,20.9677,28.19508,8.44548,1.49734,5.60161,59.75506,17.96779,1315,0
sample_00312,64_64,,0.4954011697426258,1,2025-11-27,6.95144_80.71694_2025-11-27,4,6.951439,80.716936,174.86,545.25,174.86,616.84,286.79,402.72,7.0,0.06931,1.14352,15.78837,28.39868,28.97901,1.45059,2.354,5.28561,49.05231,22.19598,1338,0
sample_00313,62_63,,0.3077008005584105,1,2025-11-27,6.90584_80.66956_2025-11-27,3,6.905841,80.669558,174.86,545.25,174.86,616.84,286.79,402.72,7.0,0.0624,1.18064,15.16249,30.14225,28.95438,-0.58549,2.29608,5.23214,48.04356,22.27483,1365,0
sample_00314,61_68,,0.2801942539870852,1,2025-11-27,7.04201_80.62928_2025-11-27,3,7.04201,80.62928,174.86,545.25,174.86,616.84,286.79,402.72,7.0,0.06696,1.21252,14.61025,23.92797,24.59555,2.10712,2.21436,5.29425,56.85671,18.14993,1368,0
sample_00315,68_73,,0.8138478935038724,1,2025-11-27,7.179_80.80946_2025-11-27,4,7.179,80.80946,174.86,545.25,174.86,616.84,286.79,402.72,7.0,0.05523,1.31141,13.58965,20.86991,28.70561,9.19944,1.29725,5.67269,59.917,17.76962,1369,0
sample_00316,68_69,,0.2999809184739084,1,2025-11-27,7.08883_80.82984_2025-11-27,1,7.088832,80.829835,174.86,545.25,174.86,616.84,286.79,402.72,7.0,0.06033,1.23512,15.18075,20.49058,30.43015,11.32857,2.06584,5.48798,58.36522,19.47021,1469,0
sample_00317,66_72,,0.1363677109449133,1,2025-11-27,7.15984_80.76463_2025-11-27,0,7.159836,80.764631,174.86,545.25,174.86,616.84,286.79,402.72,7.0,0.05494,1.27681,14.58515,23.12556,28.51589,6.84851,1.53692,5.58513,56.74819,18.6997,1509,0
sample_00318,66_68,,0.1598124799819807,1,2025-11-27,7.06286_80.77074_2025-11-27,1,7.062858,80.770739,174.86,545.25,174.86,616.84,286.79,402.72,7.0,0.06407,1.19972,15.3137,23.67542,30.68421,8.48923,2.16907,5.28405,53.96085,20.90445,1523,0
sample_00319,63_69,,0.2979713818108538,1,2025-11-27,7.09198_80.68458_2025-11-27,1,7.091977,80.684577,174.86,545.25,174.86,616.84,286.79,402.72,7.0,0.06166,1.25291,13.964,24.43525,27.22657,4.00814,1.50836,5.35586,55.35161,19.12658,1552,0
sample_00320,61_65,,0.3123066305949323,1,2025-11-27,6.97188_80.63232_2025-11-27,0,6.971878,80.632325,174.86,545.25,174.86,616.84,286.79,402.72,7.0,0.0634,1.1836,14.33348,21.86887,21.91786,1.36333,2.31584,5.20016,59.99451,17.34843,1576,0
sample_00321,61_69,,0.2507188089204885,1,2025-11-27,7.0786_80.64505_2025-11-27,1,7.078598,80.645048,174.86,545.25,174.86,616.84,286.79,402.72,7.0,0.06483,1.24804,14.21937,24.32415,26.04917,2.70221,1.4931,5.37536,55.58229,19.09662,1588,0
sample_00322,68_66,,0.1245592193911145,1,2025-11-27,7.00424_80.81186_2025-11-27,1,7.004244,80.811862,174.86,545.25,174.86,616.84,286.79,402.72,7.0,0.06805,1.15709,15.68387,23.70112,32.39563,9.78861,2.26171,5.2832,53.4328,21.28198,1611,0
sample_00323,71_71,,0.3607991656373588,1,2025-11-27,7.12744_80.91818_2025-11-27,1,7.127445,80.918182,174.86,545.25,174.86,616.84,286.79,402.72,7.0,0.05739,1.32627,13.86723,15.65482,28.81692,14.35158,1.31408,5.70181,65.41071,17.08869,1653,0
sample_00324,71_71,,0.3585400026283741,1,2025-11-27,7.12749_80.9182_2025-11-27,1,7.127491,80.918195,174.86,545.25,174.86,616.84,286.79,402.72,7.0,0.05739,1.32627,13.86723,15.65482,28.81692,14.35158,1.31408,5.70181,65.41071,17.08869,1653,0
sample_00325,67_73,,0.3143792215186888,1,2025-11-27,7.17652_80.78503_2025-11-27,4,7.176516,80.785028,174.86,545.25,174.86,616.84,286.79,402.72,7.0,0.05499,1.30737,13.88331,21.75862,27.65882,7.2651,1.35043,5.68113,59.05998,17.69304,1768,0
sample_00326,71_69,,0.541155645659423,1,2025-11-27,7.08269_80.91924_2025-11-27,3,7.082688,80.919238,174.86,545.25,174.86,616.84,286.79,402.72,7.0,0.06134,1.23267,15.72788,17.83798,32.94374,16.38308,2.16496,5.55107,61.78858,18.12434,1790,0
sample_00327,61_69,,0.2552249390878224,1,2025-11-27,7.06431_80.62456_2025-11-27,1,7.06431,80.624561,174.86,545.25,174.86,616.84,286.79,402.72,7.0,0.06525,1.24959,13.45535,24.55912,23.66078,0.4961,1.49581,5.42118,56.11014,18.415,1825,0
sample_00328,67_65,,0.4403869964449692,1,2025-11-27,6.97816_80.79975_2025-11-27,4,6.978164,80.799754,174.86,545.25,174.86,616.84,286.79,402.72,7.0,0.07024,1.14247,15.8484,25.7031,31.31418,6.77816,2.292,5.26839,51.15271,21.88991,1836,0
sample_00329,71_69,,0.2940308855368304,1,2025-11-27,7.085_80.8997_2025-11-27,3,7.084999,80.899699,174.86,545.25,174.86,616.84,286.79,402.72,7.0,0.06066,1.23371,15.72744,18.31291,32.59526,15.58039,2.15775,5.5516,61.28818,18.26514,1855,0
sample_00330,71_68,,0.5311047997838376,1,2025-11-27,7.05519_80.91822_2025-11-27,2,7.055187,80.918221,174.86,545.25,174.86,616.84,286.79,402.72,7.0,0.06323,1.2201,15.73324,17.71443,34.53384,18.12809,2.18735,5.51562,61.28723,18.54085,1879,0
sample_00331,71_68,,0.5356054214633139,1,2025-11-27,7.05528_80.91832_2025-11-27,2,7.055285,80.918315,174.86,545.25,174.86,616.84,286.79,402.72,7.0,0.06323,1.2201,15.73324,17.71443,34.53384,18.12809,2.18735,5.51562,61.28723,18.54085,1879,0
sample_00332,71_68,,0.1562917425309921,1,2025-11-27,7.05856_80.91466_2025-11-27,2,7.058556,80.914662,174.86,545.25,174.86,616.84,286.79,402.72,7.0,0.06323,1.2201,15.73324,17.71443,34.53384,18.12809,2.18735,5.51562,61.28723,18.54085,1879,0
sample_00333,71_68,,0.7861540641102416,1,2025-11-27,7.0538_80.89342_2025-11-27,2,7.053802,80.893417,174.86,545.25,174.86,616.84,286.79,402.72,7.0,0.06449,1.20761,15.73828,17.93237,36.32545,19.7528,2.20417,5.47929,60.30223,19.17605,1909,0
sample_00334,71_68,,0.6066047739708958,1,2025-11-27,7.05837_80.90289_2025-11-27,2,7.058373,80.90289,174.86,545.25,174.86,616.84,286.79,402.72,7.0,0.06449,1.20761,15.73828,17.93237,36.32545,19.7528,2.20417,5.47929,60.30223,19.17605,1909,0
sample_00335,63_64,,0.2940123496834015,1,2025-11-27,6.9346_80.68217_2025-11-27,3,6.934603,80.682167,174.86,545.25,174.86,616.84,286.79,402.72,7.0,0.06157,1.17349,15.30322,29.58379,29.51112,0.52855,2.32644,5.19503,48.68611,21.9157,1931,0
sample_00336,63_64,,0.0637614869850579,1,2025-11-28,6.93636_80.68352_2025-11-28,3,6.936357,80.683517,174.86,601.37,64.6,680.32,322.04,457.49,7.0,0.06157,1.17349,15.30322,29.58379,29.51112,0.52855,2.32644,5.19503,48.68611,21.9157,1931,0
sample_00337,68_68,,0.3972833841214487,1,2025-11-27,7.05621_80.82831_2025-11-27,1,7.056214,80.82831,174.86,545.25,174.86,616.84,286.79,402.72,7.0,0.06366,1.2119,15.18663,20.75477,31.57223,12.08331,2.11488,5.42139,57.39598,20.13863,1932,0
sample_00338,71_68,,0.9280041289031338,1,2025-11-27,7.04016_80.91492_2025-11-27,2,7.040158,80.91492,174.86,545.25,174.86,616.84,286.79,402.72,7.0,0.06436,1.2105,15.73719,17.69523,36.08893,19.74053,2.20145,5.48819,60.71414,18.98654,1942,0
sample_00339,72_68,,0.2323542777008111,1,2025-11-27,7.06249_80.94515_2025-11-27,1,7.062492,80.945148,197.46,487.29,197.46,569.36,282.28,366.78,7.0,0.06272,1.24836,15.51543,16.89113,31.91845,16.25704,2.02749,5.54527,62.62784,18.13708,2029,0
sample_00340,69_73,,0.2843273900640978,1,2025-11-27,7.18419_80.84838_2025-11-27,2,7.184191,80.848385,174.86,545.25,174.86,616.84,286.79,402.72,7.0,0.05322,1.34233,13.51853,17.58407,28.17031,11.75953,1.24659,5.78079,64.17291,16.9272,2031,0
sample_00341,68_69,,0.2625434546154768,1,2025-11-27,7.08121_80.8146_2025-11-27,1,7.081213,80.814601,174.86,545.25,174.86,616.84,286.79,402.72,7.0,0.0604,1.23651,15.17907,21.23809,30.22499,10.51138,2.06267,5.47999,57.32239,19.75404,2112,0
sample_00342,72_69,,0.1007515027821268,1,2025-11-27,7.07507_80.93284_2025-11-27,3,7.075069,80.932841,174.86,545.25,174.86,616.84,286.79,402.72,7.0,0.06186,1.24167,15.40673,17.38425,32.58791,16.46754,2.08186,5.5714,62.51622,17.80779,2117,0
sample_00343,66_68,,0.2491773593565718,1,2025-11-27,7.05745_80.76238_2025-11-27,1,7.057446,80.762382,174.86,545.25,174.86,616.84,286.79,402.72,7.0,0.06387,1.20307,15.3104,24.05891,30.02828,7.40976,2.16382,5.29135,53.73086,20.84968,2164,0
sample_00344,62_65,,0.4766097974749245,1,2025-11-27,6.97572_80.66235_2025-11-27,4,6.975721,80.662346,174.86,545.25,174.86,616.84,286.79,402.72,7.0,0.06805,1.16811,15.34732,25.38687,25.62009,1.3568,2.32046,5.23025,54.28104,19.81686,2187,0
sample_00345,71_71,,0.2955872761310366,1,2025-11-27,7.1237_80.91446_2025-11-27,1,7.123701,80.914458,174.86,545.25,174.86,616.84,286.79,402.72,7.0,0.05739,1.32627,13.86723,15.65482,28.81692,14.35158,1.31408,5.70181,65.41071,17.08869,2210,0
sample_00346,71_71,,0.2379406632089707,1,2025-11-27,7.12558_80.91589_2025-11-27,1,7.125579,80.915886,174.86,545.25,174.86,616.84,286.79,402.72,7.0,0.05739,1.32627,13.86723,15.65482,28.81692,14.35158,1.31408,5.70181,65.41071,17.08869,2210,0
sample_00347,73_68,,0.2665813370419443,1,2025-11-27,7.06044_80.94766_2025-11-27,1,7.060441,80.947658,197.46,487.29,197.46,569.36,282.28,366.78,7.0,0.06272,1.24836,15.51543,16.89113,31.91845,16.25704,2.02749,5.54527,62.62784,18.13708,2213,0
sample_00348,68_66,,0.2150872803399021,1,2025-11-28,6.98895_80.83411_2025-11-28,1,6.98895,80.83411,174.86,601.37,64.6,680.32,322.04,457.49,7.0,0.06881,1.16568,15.38104,22.66042,32.77726,11.20468,2.13647,5.37763,54.6917,20.8582,2307,0
sample_00349,59_68,,0.2436124919204857,1,2025-11-27,7.04538_80.57052_2025-11-27,0,7.045382,80.57052,174.86,545.25,174.86,616.84,286.79,402.72,7.0,0.06029,1.27815,12.99115,21.71866,21.31077,0.92304,1.60589,5.29519,61.19328,16.11674,2308,0
sample_00350,67_72,,0.4313956092560708,1,2025-11-27,7.1695_80.7834_2025-11-27,3,7.169503,80.783403,174.86,545.25,174.86,616.84,286.79,402.72,7.0,0.05344,1.28102,14.58487,22.50388,28.64483,7.4878,1.53249,5.61086,57.88047,18.29725,2322,0
sample_00351,72_69,,0.0619453472393521,1,2025-11-27,7.06836_80.926_2025-11-27,3,7.068362,80.926003,174.86,545.25,174.86,616.84,286.79,402.72,7.0,0.06293,1.23174,15.41169,17.53543,33.6005,17.35993,2.09583,5.54396,61.88809,18.18971,2359,0
sample_00352,66_64,,0.629897231508865,1,2025-11-27,6.9362_80.78373_2025-11-27,2,6.936198,80.783728,174.86,545.25,174.86,616.84,286.79,402.72,7.0,0.07364,1.14718,15.60979,28.79585,30.23049,2.14042,2.25452,5.30369,47.20504,23.43042,2410,0
sample_00353,62_67,,0.3494490502673079,1,2025-11-27,7.02121_80.67381_2025-11-27,1,7.021211,80.673811,174.86,545.25,174.86,616.84,286.79,402.72,7.0,0.06543,1.18709,14.69115,25.12547,26.59798,2.88469,2.21846,5.31825,54.38983,19.54617,2431,0
sample_00354,66_69,,0.3021625077190012,1,2025-11-27,7.06378_80.77538_2025-11-27,4,7.063782,80.775375,174.86,545.25,174.86,616.84,286.79,402.72,7.0,0.06349,1.20568,15.31241,23.60896,30.80581,8.82862,2.15584,5.29549,53.96631,20.85615,2463,0
sample_00355,63_66,,0.5086166298574342,1,2025-11-27,6.99823_80.68305_2025-11-27,0,6.998234,80.683053,174.86,545.25,174.86,616.84,286.79,402.72,7.0,0.0666,1.18255,15.41815,25.22242,26.27312,2.2152,2.2542,5.29271,53.99212,20.08044,2540,0
sample_00356,63_69,,0.1659396300895985,1,2025-11-27,7.09233_80.69598_2025-11-27,1,7.092329,80.695983,174.86,545.25,174.86,616.84,286.79,402.72,7.0,0.06093,1.2499,13.9677,24.35981,27.9714,4.95821,1.51233,5.35418,55.06183,19.37528,2572,0
sample_00357,63_69,,0.2297441659005731,1,2025-11-27,7.0929_80.69585_2025-11-27,1,7.092897,80.695847,174.86,545.25,174.86,616.84,286.79,402.72,7.0,0.06093,1.2499,13.9677,24.35981,27.9714,4.95821,1.51233,5.35418,55.06183,19.37528,2572,0
sample_00358,66_73,,0.5187667898911761,1,2025-11-27,7.18851_80.76336_2025-11-27,0,7.188508,80.763362,174.86,545.25,174.86,616.84,286.79,402.72,7.0,0.05385,1.28257,14.5833,22.86617,27.44934,5.91031,1.52706,5.62637,57.7094,18.0673,2581,0
sample_00359,68_73,,0.1383857163657974,1,2025-11-27,7.18361_80.83036_2025-11-27,4,7.183606,80.830361,174.86,545.25,174.86,616.84,286.79,402.72,7.0,0.05399,1.33668,13.82006,19.15443,28.16651,10.1705,1.26021,5.73742,62.15682,17.43161,2601,0
sample_00360,61_65,,0.2812777204245305,1,2025-11-27,6.96014_80.64148_2025-11-27,0,6.960145,80.641481,174.86,545.25,174.86,616.84,286.79,402.72,7.0,0.06564,1.18695,14.58529,23.75323,23.50142,0.98096,2.23703,5.18546,57.01651,18.61806,2616,0
sample_00361,67_73,,0.3002584243795956,1,2025-11-28,7.17949_80.79552_2025-11-28,4,7.179488,80.79552,174.86,601.37,64.6,680.32,322.04,457.49,7.0,0.05298,1.28167,14.58517,22.22927,28.91966,8.00912,1.53295,5.6137,58.23781,18.25593,2711,0
sample_00362,72_69,,0.141654522542745,1,2025-11-27,7.06501_80.93447_2025-11-27,3,7.065013,80.934471,174.86,545.25,174.86,616.84,286.79,402.72,7.0,0.06275,1.23564,15.40975,17.40559,33.13875,17.00958,2.09319,5.55402,62.23448,17.98809,2740,0
sample_00363,71_66,,0.7326094004390726,1,2025-11-26,7.00726_80.90441_2025-11-26,1,7.007259,80.904409,82.58,381.89,82.58,442.44,168.03,233.01,7.0,0.06808,1.19512,15.66574,16.97918,38.50022,22.87146,2.05515,5.45634,59.93501,20.09842,2786,0
sample_00364,65_67,,0.2568069248331236,1,2025-11-27,7.01878_80.73087_2025-11-27,2,7.018778,80.730874,174.86,545.25,174.86,616.84,286.79,402.72,7.0,0.0642,1.18482,15.64712,24.50494,28.0042,4.85552,2.26474,5.31671,53.66256,20.85161,2808,0
sample_00365,60_69,,0.449931796628656,1,2025-11-27,7.07347_80.60865_2025-11-27,2,7.07347,80.608652,174.86,545.25,174.86,616.84,286.79,402.72,7.0,0.0661,1.25378,13.45329,24.31898,23.25142,0.30235,1.4928,5.41647,56.58553,18.19382,2824,0
sample_00366,72_67,,0.1682368778031511,1,2025-11-26,7.01332_80.92225_2025-11-26,3,7.013316,80.922254,82.58,381.89,82.58,442.44,168.03,233.01,7.0,0.06707,1.20313,15.6636,16.72371,37.92912,22.55927,2.04087,5.47743,60.52072,19.79582,2859,0
sample_00367,66_72,,0.6502248773495237,1,2025-11-27,7.16475_80.76198_2025-11-27,0,7.164751,80.761983,174.86,545.25,174.86,616.84,286.79,402.72,7.0,0.05494,1.27681,14.58515,23.12556,28.51589,6.84851,1.53692,5.58513,56.74819,18.6997,2861,0
sample_00368,68_71,,0.2959416228369441,1,2025-11-27,7.13882_80.82334_2025-11-27,2,7.138818,80.823338,174.86,545.25,174.86,616.84,286.79,402.72,7.0,0.05564,1.28373,14.85836,21.21254,29.02526,9.13379,1.50789,5.56428,58.89898,18.44011,2876,0
sample_00369,66_72,,0.0848715885003431,1,2025-11-27,7.15027_80.76859_2025-11-27,0,7.150269,80.768594,174.86,545.25,174.86,616.84,286.79,402.72,7.0,0.05517,1.261,14.22557,22.98356,28.81889,7.39557,1.52323,5.4884,56.48026,19.05632,2889,0
sample_00370,65_61,,0.3429863601606794,1,2025-11-26,6.85782_80.74414_2025-11-26,4,6.857822,80.744137,82.58,381.89,82.58,442.44,168.03,233.01,7.0,0.07061,1.16049,14.56737,26.97131,26.9425,1.06577,2.27619,5.21235,50.61828,21.75004,2903,0
sample_00371,68_71,,0.3558033215771319,1,2025-11-27,7.14099_80.82551_2025-11-27,2,7.140993,80.825511,174.86,545.25,174.86,616.84,286.79,402.72,7.0,0.05564,1.28373,14.85836,21.21254,29.02526,9.13379,1.50789,5.56428,58.89898,18.44011,2933,0
sample_00372,61_62,,0.3382771784067217,1,2025-11-27,6.87459_80.62576_2025-11-27,0,6.874586,80.625756,174.86,545.25,174.86,616.84,286.79,402.72,7.0,0.06192,1.21817,14.24592,23.92213,24.05571,2.28962,2.25874,5.18138,57.43102,17.63153,2975,0
sample_00373,68_68,,0.3313960515418914,1,2025-11-27,7.05544_80.83627_2025-11-27,1,7.055437,80.836267,174.86,545.25,174.86,616.84,286.79,402.72,7.0,0.06284,1.21782,15.18516,20.67476,31.33954,11.97141,2.10225,5.43733,57.63484,19.97673,3023,0
sample_00374,68_69,,0.1422693006191112,1,2025-11-27,7.07942_80.82688_2025-11-27,1,7.079423,80.82688,174.86,545.25,174.86,616.84,286.79,402.72,7.0,0.06119,1.2301,15.18134,20.93077,30.58448,11.07531,2.07633,5.4668,57.61498,19.77222,3063,0
sample_00375,57_64,,0.447065157914902,1,2025-11-27,6.93866_80.53688_2025-11-27,3,6.938664,80.536881,174.86,545.25,174.86,616.84,286.79,402.72,7.0,0.06242,1.27311,13.40964,17.59495,18.2142,2.44524,2.267,5.10761,67.71379,13.38576,3080,0
sample_00376,69_68,,0.2260467912951524,1,2025-11-27,7.04001_80.85721_2025-11-27,4,7.040006,80.857214,174.86,545.25,174.86,616.84,286.79,402.72,7.0,0.06439,1.19573,15.39118,19.4535,34.31285,16.21997,2.13707,5.47633,58.73274,19.50793,3107,0
sample_00377,64_64,,0.3043540979065305,1,2025-11-27,6.94054_80.71215_2025-11-27,4,6.94054,80.712146,174.86,545.25,174.86,616.84,286.79,402.72,7.0,0.06861,1.17213,15.78678,28.52658,28.84793,1.16248,2.34924,5.29095,49.0855,22.13637,3167,0
sample_00378,72_71,,0.6537127853199629,1,2025-11-27,7.13022_80.92294_2025-11-27,1,7.130217,80.922939,174.86,545.25,174.86,616.84,286.79,402.72,7.0,0.05737,1.33813,13.74684,15.43961,28.32795,14.0432,1.29321,5.70671,66.23206,16.5141,3195,0
sample_00379,68_71,,0.248781117278438,1,2025-11-27,7.12119_80.81266_2025-11-27,2,7.121194,80.812656,174.86,545.25,174.86,616.84,286.79,402.72,7.0,0.05795,1.25184,15.17527,20.96276,29.24694,9.80481,2.02879,5.53451,58.25508,19.17179,3250,0
sample_00380,65_61,,0.2872013411705196,1,2025-11-28,6.8478_80.74964_2025-11-28,4,6.847804,80.749638,174.86,601.37,64.6,680.32,322.04,457.49,7.0,0.07165,1.15912,14.56796,26.64325,26.57007,1.0225,2.28397,5.21319,50.80131,21.79983,3254,0
sample_00381,66_73,,0.2732084530313863,1,2025-11-27,7.19018_80.76554_2025-11-27,0,7.19018,80.76554,174.86,545.25,174.86,616.84,286.79,402.72,7.0,0.05505,1.28532,13.79429,22.81566,27.90652,6.4432,1.38712,5.62836,58.20244,17.45542,3278,0
sample_00382,62_66,,0.1971517021679459,1,2025-11-27,6.99756_80.67321_2025-11-27,2,6.997559,80.67321,174.86,545.25,174.86,616.84,286.79,402.72,7.0,0.06547,1.1808,14.80912,25.62717,26.71626,2.40272,2.28875,5.27736,53.79531,19.81824,3285,0
sample_00383,63_64,,0.6519438636840786,1,2025-11-27,6.95224_80.67499_2025-11-27,3,6.952238,80.674994,174.86,545.25,174.86,616.84,286.79,402.72,7.0,0.06763,1.15649,15.42314,27.47915,27.2563,0.64643,2.31382,5.24884,51.11488,21.30532,3287,0
sample_00384,67_66,,0.4670310049414563,1,2025-11-27,6.99658_80.79508_2025-11-27,4,6.996583,80.795085,174.86,545.25,174.86,616.84,286.79,402.72,7.0,0.06816,1.15922,15.84629,24.54327,31.638,8.47186,2.25108,5.29399,52.63778,21.31378,3297,0
sample_00385,67_66,,0.3836674974503606,1,2025-11-27,6.99707_80.79744_2025-11-27,4,6.997069,80.797443,174.86,545.25,174.86,616.84,286.79,402.72,7.0,0.06816,1.15922,15.84629,24.54327,31.638,8.47186,2.25108,5.29399,52.63778,21.31378,3297,0
sample_00386,67_66,,0.5027800553123938,1,2025-11-27,6.99818_80.7928_2025-11-27,4,6.998178,80.792801,174.86,545.25,174.86,616.84,286.79,402.72,7.0,0.06816,1.15922,15.84629,24.54327,31.638,8.47186,2.25108,5.29399,52.63778,21.31378,3297,0
sample_00387,67_66,,0.4255330347269312,1,2025-11-28,6.99668_80.79606_2025-11-28,4,6.996682,80.796057,174.86,601.37,64.6,680.32,322.04,457.49,7.0,0.06816,1.15922,15.84629,24.54327,31.638,8.47186,2.25108,5.29399,52.63778,21.31378,3297,0
sample_00388,60_68,,0.2709982730797325,1,2025-11-28,7.04894_80.60519_2025-11-28,1,7.048942,80.605185,174.86,601.37,64.6,680.32,322.04,457.49,7.0,0.06706,1.23225,13.99248,24.04671,23.28198,0.61983,2.14072,5.355,56.80483,18.21891,3309,0
sample_00389,66_73,,0.1077890646186898,1,2025-11-27,7.17561_80.76611_2025-11-27,0,7.175607,80.766114,174.86,545.25,174.86,616.84,286.79,402.72,7.0,0.05439,1.27973,14.58422,22.98186,27.96176,6.36891,1.53194,5.60601,57.2466,18.38384,3337,0
sample_00390,61_69,,0.5635915832074186,1,2025-11-27,7.07693_80.62759_2025-11-27,1,7.07693,80.627593,174.86,545.25,174.86,616.84,286.79,402.72,7.0,0.06515,1.25011,14.21761,24.2958,25.79908,2.44511,1.49084,5.37439,55.73014,19.0105,3414,0
sample_00391,63_64,,0.2873686678427884,1,2025-11-27,6.94287_80.69538_2025-11-27,3,6.942871,80.695375,174.86,545.25,174.86,616.84,286.79,402.72,7.0,0.06727,1.14495,15.78344,28.60106,28.4562,0.65534,2.33918,5.30338,49.38439,21.93054,3424,0
sample_00392,65_72,,0.5375204614620245,1,2025-11-27,7.14452_80.75166_2025-11-27,4,7.14452,80.751657,174.86,545.25,174.86,616.84,286.79,402.72,7.0,0.05544,1.26234,14.2242,23.10142,28.38492,6.84135,1.52133,5.49388,56.39024,19.02078,3460,0
sample_00393,65_72,,0.3442605735979252,1,2025-11-27,7.14877_80.75598_2025-11-27,4,7.148768,80.755985,174.86,545.25,174.86,616.84,286.79,402.72,7.0,0.05544,1.26234,14.2242,23.10142,28.38492,6.84135,1.52133,5.49388,56.39024,19.02078,3460,0
sample_00394,68_66,,0.4070530145049268,1,2025-11-26,6.98718_80.83545_2025-11-26,1,6.98718,80.83545,82.58,381.89,82.58,442.44,168.03,233.01,7.0,0.06938,1.16076,15.56038,22.53476,31.98311,10.79729,2.20596,5.40111,55.06333,20.54661,3469,0
sample_00395,68_69,,0.1695329169035793,1,2025-11-27,7.08879_80.83547_2025-11-27,1,7.088789,80.835472,174.86,545.25,174.86,616.84,286.79,402.72,7.0,0.06033,1.23512,15.18075,20.49058,30.43015,11.32857,2.06584,5.48798,58.36522,19.47021,3528,0
sample_00396,66_68,,0.4269334567427146,1,2025-11-27,7.0556_80.77077_2025-11-27,1,7.055598,80.770766,174.86,545.25,174.86,616.84,286.79,402.72,7.0,0.06407,1.19972,15.3137,23.67542,30.68421,8.48923,2.16907,5.28405,53.96085,20.90445,3535,0
sample_00397,65_71,,0.1607605027606151,1,2025-11-27,7.1305_80.75239_2025-11-27,1,7.130498,80.752393,174.86,545.25,174.86,616.84,286.79,402.72,7.0,0.0563,1.2576,14.22461,23.39241,29.54389,7.90585,1.52939,5.45594,55.37326,19.62269,3584,0
sample_00398,70_67,,0.2078371573287698,1,2025-11-27,7.03278_80.88624_2025-11-27,2,7.032779,80.886245,174.86,545.25,174.86,616.84,286.79,402.72,7.0,0.06557,1.19097,15.3951,17.48499,38.82395,22.76073,2.14601,5.4709,59.92351,19.69461,3599,0
sample_00399,62_69,,0.552130598597888,1,2025-11-27,7.08726_80.67055_2025-11-27,4,7.087255,80.670548,174.86,545.25,174.86,616.84,286.79,402.72,7.0,0.06207,1.25452,13.96212,24.4701,26.90368,3.59595,1.50629,5.3558,55.47486,19.01796,3619,0
sample_00400,71_71,,0.0822271333826587,1,2025-11-27,7.12728_80.9119_2025-11-27,1,7.127276,80.911899,174.86,545.25,174.86,616.84,286.79,402.72,7.0,0.05748,1.32374,13.86894,15.93139,28.98564,14.26712,1.31546,5.6949,64.99501,17.23083,3708,0
sample_00401,71_67,,0.2765578582189984,1,2025-11-26,7.01786_80.9139_2025-11-26,3,7.017858,80.913899,82.58,381.89,82.58,442.44,168.03,233.01,7.0,0.06622,1.20872,15.84845,16.81083,38.16788,22.72208,2.15855,5.44703,60.59413,19.64061,3805,0
sample_00402,71_67,,0.2693139058317302,1,2025-11-27,7.01807_80.91415_2025-11-27,3,7.01807,80.914153,174.86,545.25,174.86,616.84,286.79,402.72,7.0,0.06622,1.20872,15.84845,16.81083,38.16788,22.72208,2.15855,5.44703,60.59413,19.64061,3805,0
sample_00403,66_64,,0.3667547227724391,1,2025-11-27,6.94792_80.76298_2025-11-27,2,6.947925,80.762981,174.86,545.25,174.86,616.84,286.79,402.72,7.0,0.07255,1.13356,15.60848,27.9893,29.90152,2.75194,2.23971,5.31161,48.47383,22.85465,3820,0
sample_00404,72_70,,0.3108487191757118,1,2025-11-27,7.11338_80.93014_2025-11-27,0,7.113376,80.930145,174.86,545.25,174.86,616.84,286.79,402.72,7.0,0.05805,1.33303,13.74943,15.51119,28.75885,14.41915,1.29835,5.69014,65.91168,16.69829,3825,0
sample_00405,68_70,,0.114591557131099,1,2025-11-27,7.09522_80.81926_2025-11-27,0,7.095219,80.81926,174.86,545.25,174.86,616.84,286.79,402.72,7.0,0.05954,1.24115,15.17856,20.78938,29.99807,10.67176,2.0527,5.50156,58.12871,19.42764,3889,0
sample_00406,72_67,,0.3739994144057082,1,2025-11-27,7.03777_80.91955_2025-11-27,3,7.037773,80.919553,174.86,545.25,174.86,616.84,286.79,402.72,7.0,0.06504,1.2276,15.52406,16.94326,34.87078,19.23073,2.05637,5.4899,61.51273,18.91936,3949,0
sample_00407,64_71,,0.2438290241325448,1,2025-11-27,7.14276_80.72665_2025-11-27,3,7.142761,80.726654,174.86,545.25,174.86,616.84,286.79,402.72,7.0,0.05669,1.26355,14.22002,23.56691,27.73713,5.69382,1.52077,5.48849,55.82398,19.15741,3969,0
sample_00408,65_72,,0.3951873784107075,1,2025-11-26,7.15531_80.74887_2025-11-26,4,7.155314,80.748873,82.58,381.89,82.58,442.44,168.03,233.01,7.0,0.05572,1.26358,14.2228,23.20773,27.94528,6.27909,1.51962,5.49901,56.32878,18.98099,3985,0
sample_00409,61_65,,0.2416768353843399,1,2025-11-27,6.96312_80.64051_2025-11-27,0,6.963119,80.640509,174.86,545.25,174.86,616.84,286.79,402.72,7.0,0.06564,1.18695,14.58529,23.75323,23.50142,0.98096,2.23703,5.18546,57.01651,18.61806,4009,0
sample_00410,71_69,,0.0838397425669147,1,2025-11-27,7.08796_80.89426_2025-11-27,3,7.087965,80.894259,174.86,545.25,174.86,616.84,286.79,402.72,7.0,0.06066,1.23371,15.72744,18.31291,32.59526,15.58039,2.15775,5.5516,61.28818,18.26514,4051,0
sample_00411,69_66,,0.1497075859068967,1,2025-11-27,6.98424_80.86104_2025-11-27,2,6.984242,80.86104,174.86,545.25,174.86,616.84,286.79,402.72,7.0,0.06908,1.16795,15.20992,20.51442,33.13895,13.76578,2.07272,5.45254,57.0258,20.33314,4105,0
sample_00412,69_66,,0.3143835417176194,1,2025-11-27,6.98491_80.86257_2025-11-27,2,6.984908,80.862571,174.86,545.25,174.86,616.84,286.79,402.72,7.0,0.06908,1.16795,15.20992,20.51442,33.13895,13.76578,2.07272,5.45254,57.0258,20.33314,4105,0
sample_00413,61_68,,0.4109796612851965,1,2025-11-27,7.05075_80.62786_2025-11-27,3,7.05075,80.627865,174.86,545.25,174.86,616.84,286.79,402.72,7.0,0.06709,1.21621,14.6094,24.19933,24.85036,2.09128,2.20399,5.29898,56.48424,18.23062,4109,0
sample_00414,61_68,,0.4537978540070737,1,2025-11-28,7.05208_80.62661_2025-11-28,3,7.05208,80.626611,174.86,601.37,64.6,680.32,322.04,457.49,7.0,0.06709,1.21621,14.6094,24.19933,24.85036,2.09128,2.20399,5.29898,56.48424,18.23062,4109,0
sample_00415,65_60,,0.4598442045229243,1,2025-11-27,6.84416_80.74829_2025-11-27,0,6.844155,80.748291,174.86,545.25,174.86,616.84,286.79,402.72,7.0,0.07155,1.16587,14.56672,26.28859,26.26334,1.13772,2.28512,5.21432,51.30491,21.57262,4143,0
sample_00416,71_69,,0.2281847131334098,1,2025-11-27,7.06802_80.89946_2025-11-27,3,7.068022,80.899459,174.86,545.25,174.86,616.84,286.79,402.72,7.0,0.06256,1.22083,15.73281,18.24514,34.12456,17.20444,2.18071,5.51539,60.73822,18.68918,4154,0
sample_00417,63_64,,0.209187562908647,1,2025-11-27,6.93188_80.68567_2025-11-27,3,6.931885,80.685674,174.86,545.25,174.86,616.84,286.79,402.72,7.0,0.06157,1.17349,15.30322,29.58379,29.51112,0.52855,2.32644,5.19503,48.68611,21.9157,4310,0
sample_00418,63_64,,0.1434124563988183,1,2025-11-27,6.93484_80.68644_2025-11-27,3,6.93484,80.68644,174.86,545.25,174.86,616.84,286.79,402.72,7.0,0.06157,1.17349,15.30322,29.58379,29.51112,0.52855,2.32644,5.19503,48.68611,21.9157,4310,0
sample_00419,58_69,,0.3884844287532901,1,2025-11-27,7.06433_80.55954_2025-11-27,2,7.06433,80.559541,174.86,545.25,174.86,616.84,286.79,402.72,7.0,0.06244,1.28326,12.99119,23.22537,22.55227,0.59523,1.59235,5.29749,59.05436,16.78639,4318,0
sample_00420,58_69,,0.116056600375291,1,2025-11-27,7.06748_80.56069_2025-11-27,2,7.067479,80.560692,174.86,545.25,174.86,616.84,286.79,402.72,7.0,0.06244,1.28326,12.99119,23.22537,22.55227,0.59523,1.59235,5.29749,59.05436,16.78639,4318,0
sample_00421,65_71,,0.3502279262608966,1,2025-11-27,7.12261_80.74053_2025-11-27,1,7.122612,80.740528,174.86,545.25,174.86,616.84,286.79,402.72,7.0,0.05741,1.25458,14.22217,23.88933,29.69966,7.58729,1.53515,5.4306,54.52661,19.98666,4338,0
sample_00422,71_70,,0.4127987151519918,1,2025-11-27,7.09768_80.9063_2025-11-27,3,7.097677,80.906295,174.86,545.25,174.86,616.84,286.79,402.72,7.0,0.06012,1.25707,15.21957,17.11611,30.71985,14.74615,2.12244,5.54105,62.94528,18.15499,4375,0
sample_00423,66_68,,0.3134305143089648,1,2025-11-27,7.06373_80.76658_2025-11-27,1,7.063734,80.766578,174.86,545.25,174.86,616.84,286.79,402.72,7.0,0.06397,1.20147,15.31203,23.88611,30.38024,7.96812,2.16635,5.28748,53.80209,20.89389,4409,0
sample_00424,66_68,,0.6327606443527258,1,2025-11-27,7.06704_80.76554_2025-11-27,1,7.067045,80.765536,174.86,545.25,174.86,616.84,286.79,402.72,7.0,0.06397,1.20147,15.31203,23.88611,30.38024,7.96812,2.16635,5.28748,53.80209,20.89389,4409,0
sample_00425,54_66,,0.539295973038116,1,2026-08-03,7.00202_80.45282_2026-08-03,3,7.002022,80.452825,34.43,73.72,34.43,97.5,57.19,70.59,7.0,0.06009,1.30898,12.29825,20.58202,23.00072,3.94353,1.48589,5.14943,63.57098,14.4111,4447,0
sample_00426,60_68,,0.5445245576448536,1,2025-11-27,7.04937_80.60016_2025-11-27,1,7.049372,80.600158,174.86,545.25,174.86,616.84,286.79,402.72,7.0,0.06706,1.23225,13.99248,24.04671,23.28198,0.61983,2.14072,5.355,56.80483,18.21891,4475,0
sample_00427,62_69,,0.2125981466829209,1,2025-11-27,7.08009_80.67206_2025-11-27,4,7.08009,80.672055,174.86,545.25,174.86,616.84,286.79,402.72,7.0,0.06199,1.25119,13.9626,24.43685,26.99562,3.69332,1.51125,5.34595,55.47082,19.0893,4479,0
sample_00428,71_70,,0.2253437763900736,1,2025-11-27,7.10642_80.89179_2025-11-27,3,7.106421,80.89179,174.86,545.25,174.86,616.84,286.79,402.72,7.0,0.05937,1.25831,15.2195,17.68187,30.43309,13.93118,2.11406,5.54674,62.36817,18.248,4514,0
sample_00429,71_70,,0.2533928004429108,1,2025-11-27,7.10709_80.89411_2025-11-27,3,7.107091,80.894113,174.86,545.25,174.86,616.84,286.79,402.72,7.0,0.05937,1.25831,15.2195,17.68187,30.43309,13.93118,2.11406,5.54674,62.36817,18.248,4514,0
sample_00430,65_71,,0.3992726262078079,1,2025-11-27,7.13309_80.73848_2025-11-27,1,7.133089,80.738484,174.86,545.25,174.86,616.84,286.79,402.72,7.0,0.05676,1.25998,14.22169,23.60442,28.68142,6.71767,1.52632,5.46591,55.39582,19.47567,4517,0
sample_00431,66_68,,0.1894776384977051,1,2025-11-27,7.04546_80.7684_2025-11-27,1,7.045456,80.768405,174.86,545.25,174.86,616.84,286.79,402.72,7.0,0.06453,1.19548,15.3133,23.99103,30.28529,7.6356,2.1797,5.27629,53.72563,20.96835,4524,0
sample_00432,66_68,,0.2520725363621095,1,2025-11-27,7.04738_80.77151_2025-11-27,1,7.047379,80.771507,174.86,545.25,174.86,616.84,286.79,402.72,7.0,0.06453,1.19548,15.3133,23.99103,30.28529,7.6356,2.1797,5.27629,53.72563,20.96835,4524,0
sample_00433,61_69,,0.35368351641573,1,2025-11-27,7.09145_80.63797_2025-11-27,1,7.091448,80.637969,174.86,545.25,174.86,616.84,286.79,402.72,7.0,0.06545,1.25276,14.21733,24.50213,25.87997,2.33438,1.48641,5.38223,55.46775,19.04904,4573,0
sample_00434,63_62,,0.202762727292537,1,2025-11-27,6.90023_80.6878_2025-11-27,0,6.900228,80.687798,174.86,545.25,174.86,616.84,286.79,402.72,7.0,0.06512,1.17221,14.56211,29.75282,28.8923,-0.17765,2.2346,5.21813,48.11873,22.39427,4602,0
sample_00435,63_62,,0.444003844890538,1,2025-11-27,6.90141_80.68563_2025-11-27,0,6.901406,80.685633,174.86,545.25,174.86,616.84,286.79,402.72,7.0,0.06512,1.17221,14.56211,29.75282,28.8923,-0.17765,2.2346,5.21813,48.11873,22.39427,4602,0
sample_00436,71_71,,0.5117491818256803,1,2025-11-27,7.12788_80.90565_2025-11-27,1,7.127883,80.905645,174.86,545.25,174.86,616.84,286.79,402.72,7.0,0.05748,1.32374,13.86894,15.93139,28.98564,14.26712,1.31546,5.6949,64.99501,17.23083,4614,0
sample_00437,64_68,,0.4902593039261711,1,2025-11-27,7.0472_80.7068_2025-11-27,3,7.047205,80.706805,174.86,545.25,174.86,616.84,286.79,402.72,7.0,0.06562,1.20194,14.69392,25.20955,27.85275,4.21186,2.19428,5.33209,53.73055,19.841,4628,0
sample_00438,64_68,,0.3474857252810908,1,2025-11-27,7.04909_80.70702_2025-11-27,3,7.04909,80.707023,174.86,545.25,174.86,616.84,286.79,402.72,7.0,0.06562,1.20194,14.69392,25.20955,27.85275,4.21186,2.19428,5.33209,53.73055,19.841,4628,0
sample_00439,70_67,,0.2809079798425955,1,2025-11-27,7.03483_80.88488_2025-11-27,2,7.034833,80.884878,174.86,545.25,174.86,616.84,286.79,402.72,7.0,0.06457,1.19629,15.39268,18.39733,36.09597,19.08104,2.13571,5.48313,59.62553,19.4117,4654,0
sample_00440,68_67,,0.3398641308251766,1,2025-11-27,7.01764_80.8276_2025-11-27,1,7.017644,80.827604,174.86,545.25,174.86,616.84,286.79,402.72,7.0,0.06643,1.18132,15.37681,22.32307,32.67901,11.59146,2.09696,5.40992,55.30405,20.54164,4659,0
sample_00441,68_67,,0.1589055386897853,1,2025-11-27,7.01922_80.82718_2025-11-27,1,7.019222,80.827176,174.86,545.25,174.86,616.84,286.79,402.72,7.0,0.06643,1.18132,15.37681,22.32307,32.67901,11.59146,2.09696,5.40992,55.30405,20.54164,4659,0
sample_00442,65_71,,0.2906079078481166,1,2025-11-27,7.12393_80.7368_2025-11-27,1,7.12393,80.736795,174.86,545.25,174.86,616.84,286.79,402.72,7.0,0.0571,1.25739,14.22191,23.74872,29.21159,7.17426,1.53063,5.44787,54.95229,19.73706,4660,0
sample_00443,58_60,,0.4494850976342662,1,2025-11-27,6.83132_80.54363_2025-11-27,1,6.831323,80.543634,174.86,545.25,174.86,616.84,286.79,402.72,7.0,0.05895,1.26732,13.24941,20.90426,21.73771,4.35341,2.40944,5.0744,63.22278,14.16704,4669,0
sample_00444,66_75,,0.2725869569391504,1,2025-11-27,7.23705_80.77281_2025-11-27,0,7.237053,80.772805,174.86,545.25,174.86,616.84,286.79,402.72,7.0,0.05289,1.32002,13.69296,24.97457,30.567,6.66534,1.17446,5.6238,57.74622,15.76812,4686,0
sample_00445,65_71,,0.5747699631094547,1,2025-11-27,7.12999_80.74206_2025-11-27,1,7.129986,80.742058,174.86,545.25,174.86,616.84,286.79,402.72,7.0,0.0569,1.25634,14.22338,23.65907,29.68166,7.83148,1.53197,5.44261,54.8535,19.84867,4697,0
sample_00446,68_69,,0.4284901846539873,1,2025-12-27,7.07639_80.81389_2025-12-27,1,7.076389,80.813889,4.59,78.25999999999998,0.27,397.33,1.6800000000000002,10.05,3.0,0.06198,1.22506,15.18183,21.3853,30.61858,10.66423,2.08729,5.44689,56.90232,20.05205,4739,0
sample_00447,65_70,,0.1268201243321921,1,2025-11-27,7.09323_80.73702_2025-11-27,4,7.093232,80.737025,174.86,545.25,174.86,616.84,286.79,402.72,7.0,0.06115,1.22107,14.57974,24.39558,29.89069,7.31206,2.10391,5.35187,53.739,20.27525,4789,0
sample_00448,64_70,,0.1682927498252688,1,2025-11-27,7.11741_80.70917_2025-11-27,0,7.117409,80.709166,174.86,545.25,174.86,616.84,286.79,402.72,7.0,0.05802,1.25766,14.21756,24.1491,28.46075,5.77464,1.53158,5.44415,54.85648,19.65586,4824,0
sample_00449,60_69,,0.1660525399512561,1,2025-11-27,7.06554_80.59955_2025-11-27,2,7.065536,80.599549,174.86,545.25,174.86,616.84,286.79,402.72,7.0,0.06654,1.27232,13.45231,24.20091,23.06122,0.22378,1.49133,5.41395,56.81391,18.0862,4834,0
sample_00450,72_68,,0.7733746107537637,1,2025-11-27,7.04687_80.91696_2025-11-27,1,7.04687,80.916963,174.86,545.25,174.86,616.84,286.79,402.72,7.0,0.06504,1.2276,15.52406,16.94326,34.87078,19.23073,2.05637,5.4899,61.51273,18.91936,4867,0
sample_00451,63_64,,0.0724006580026362,1,2025-11-29,6.93525_80.68504_2025-11-29,3,6.935252,80.68504,174.86,593.5699999999999,5.63,685.3900000000001,245.09,439.52,7.0,0.06157,1.17349,15.30322,29.58379,29.51112,0.52855,2.32644,5.19503,48.68611,21.9157,4872,0
sample_00452,68_67,,0.3341392365397878,1,2025-11-27,7.01483_80.82918_2025-11-27,1,7.014828,80.829182,174.86,545.25,174.86,616.84,286.79,402.72,7.0,0.06718,1.17585,15.37796,22.56197,32.63565,11.25178,2.11029,5.39739,54.96486,20.6871,4973,0
sample_00453,60_69,,0.149108889425272,1,2025-11-27,7.07118_80.60446_2025-11-27,2,7.071181,80.604457,174.86,545.25,174.86,616.84,286.79,402.72,7.0,0.0661,1.25378,13.45329,24.31898,23.25142,0.30235,1.4928,5.41647,56.58553,18.19382,5088,0
sample_00454,61_68,,0.1620436453358111,1,2025-11-27,7.04882_80.63451_2025-11-27,3,7.048818,80.634506,174.86,545.25,174.86,616.84,286.79,402.72,7.0,0.06692,1.21334,14.61136,24.41435,25.27571,2.31026,2.20955,5.29682,56.05828,18.43232,5092,0
sample_00455,61_68,,0.1800395175261021,1,2025-11-27,7.05134_80.6349_2025-11-27,3,7.051344,80.634896,174.86,545.25,174.86,616.84,286.79,402.72,7.0,0.06692,1.21334,14.61136,24.41435,25.27571,2.31026,2.20955,5.29682,56.05828,18.43232,5092,0
sample_00456,57_62,,0.2157892339163394,1,2025-11-27,6.87912_80.52895_2025-11-27,1,6.879123,80.528951,174.86,545.25,174.86,616.84,286.79,402.72,7.0,0.05889,1.26022,13.3914,20.47202,21.4395,3.53523,2.19391,5.0489,64.05925,13.93963,5118,0
sample_00457,70_67,,0.316835367862457,1,2025-11-27,7.03104_80.88399_2025-11-27,2,7.03104,80.883994,174.86,545.25,174.86,616.84,286.79,402.72,7.0,0.0655,1.19047,15.3944,18.22246,37.21996,20.38507,2.14712,5.46718,59.42658,19.66469,5136,0
sample_00458,60_69,,0.1806166753410302,1,2025-11-28,7.07013_80.59534_2025-11-28,2,7.07013,80.59534,174.86,601.37,64.6,680.32,322.04,457.49,7.0,0.06654,1.27232,13.45231,24.20091,23.06122,0.22378,1.49133,5.41395,56.81391,18.0862,5152,0
sample_00459,71_69,,0.277549946558579,1,2025-11-27,7.07923_80.91536_2025-11-27,3,7.079226,80.915358,174.86,545.25,174.86,616.84,286.79,402.72,7.0,0.06134,1.23267,15.72788,17.83798,32.94374,16.38308,2.16496,5.55107,61.78858,18.12434,5156,0
sample_00460,71_69,,0.3764557511238175,1,2025-11-27,7.08001_80.9149_2025-11-27,3,7.080013,80.914904,174.86,545.25,174.86,616.84,286.79,402.72,7.0,0.06134,1.23267,15.72788,17.83798,32.94374,16.38308,2.16496,5.55107,61.78858,18.12434,5156,0
sample_00461,60_69,,0.1470854271243123,1,2025-11-27,7.07538_80.61244_2025-11-27,2,7.075382,80.612438,174.86,545.25,174.86,616.84,286.79,402.72,7.0,0.06603,1.25415,13.45437,24.74384,23.70489,0.32313,1.48953,5.42314,55.91243,18.43282,5170,0
sample_00462,63_64,,0.0790227809229026,1,2025-11-27,6.95226_80.69044_2025-11-27,3,6.952263,80.690438,174.86,545.25,174.86,616.84,286.79,402.72,7.0,0.06694,1.14614,15.78256,27.71274,27.96201,1.1683,2.32772,5.31272,50.5059,21.48534,5213,0
sample_00463,66_68,,0.657196142296878,1,2025-11-27,7.04258_80.78062_2025-11-27,1,7.04258,80.78062,174.86,545.25,174.86,616.84,286.79,402.72,7.0,0.06453,1.18777,15.65268,23.49982,29.92957,8.00834,2.25096,5.30746,54.15549,20.93441,5225,0
sample_00464,66_68,,0.1282969580874512,1,2025-11-27,7.04371_80.77431_2025-11-27,1,7.04371,80.77431,174.86,545.25,174.86,616.84,286.79,402.72,7.0,0.06453,1.18777,15.65268,23.49982,29.92957,8.00834,2.25096,5.30746,54.15549,20.93441,5225,0
sample_00465,61_66,,0.0901784142718629,1,2025-11-27,6.99734_80.62069_2025-11-27,2,6.997335,80.620688,174.86,545.25,174.86,616.84,286.79,402.72,7.0,0.06327,1.19664,14.32932,21.08047,21.23771,1.47635,2.28735,5.21583,61.18322,16.8162,5245,0
sample_00466,61_66,,0.1475903856438115,1,2025-11-27,6.99806_80.62073_2025-11-27,2,6.998057,80.620727,174.86,545.25,174.86,616.84,286.79,402.72,7.0,0.06327,1.19664,14.32932,21.08047,21.23771,1.47635,2.28735,5.21583,61.18322,16.8162,5245,0
sample_00467,60_69,,0.0991261253126555,1,2025-11-27,7.07044_80.60183_2025-11-27,2,7.070445,80.601835,174.86,545.25,174.86,616.84,286.79,402.72,7.0,0.06654,1.27232,13.45231,24.20091,23.06122,0.22378,1.49133,5.41395,56.81391,18.0862,5258,0
sample_00468,65_71,,0.3282384822050143,1,2025-11-27,7.12249_80.75362_2025-11-27,1,7.122487,80.753619,174.86,545.25,174.86,616.84,286.79,402.72,7.0,0.05844,1.26081,14.161,23.61613,29.92016,8.39416,1.50779,5.40553,54.59821,19.93385,5284,0
sample_00469,66_68,,0.4819648350316962,1,2025-11-27,7.05635_80.78033_2025-11-27,1,7.056346,80.780325,174.86,545.25,174.86,616.84,286.79,402.72,7.0,0.06407,1.19972,15.3137,23.67542,30.68421,8.48923,2.16907,5.28405,53.96085,20.90445,5286,0
sample_00470,66_68,,0.4367709498351914,1,2025-11-27,7.05691_80.77966_2025-11-27,1,7.056912,80.779665,174.86,545.25,174.86,616.84,286.79,402.72,7.0,0.06407,1.19972,15.3137,23.67542,30.68421,8.48923,2.16907,5.28405,53.96085,20.90445,5286,0
sample_00471,71_69,,0.0220351149392548,1,2025-11-27,7.06818_80.91391_2025-11-27,3,7.068185,80.913913,174.86,545.25,174.86,616.84,286.79,402.72,7.0,0.06229,1.2264,15.73056,17.79936,33.68459,17.17769,2.17611,5.53329,61.52478,18.32832,5334,0
sample_00472,71_69,,0.4736702911431601,1,2025-11-27,7.07105_80.91735_2025-11-27,3,7.071052,80.917346,174.86,545.25,174.86,616.84,286.79,402.72,7.0,0.06229,1.2264,15.73056,17.79936,33.68459,17.17769,2.17611,5.53329,61.52478,18.32832,5334,0
sample_00473,62_67,,0.1855463785364254,1,2025-11-27,7.01964_80.6685_2025-11-27,1,7.019644,80.668496,174.86,545.25,174.86,616.84,286.79,402.72,7.0,0.06543,1.18709,14.69115,25.12547,26.59798,2.88469,2.21846,5.31825,54.38983,19.54617,5344,0
sample_00474,66_68,,0.7344440632036973,1,2025-11-27,7.03626_80.77185_2025-11-27,1,7.036261,80.771846,174.86,545.25,174.86,616.84,286.79,402.72,7.0,0.06453,1.18777,15.65268,23.49982,29.92957,8.00834,2.25096,5.30746,54.15549,20.93441,5366,0
sample_00475,62_67,,0.2637195538809136,1,2025-11-27,7.01776_80.67281_2025-11-27,1,7.017761,80.672813,174.86,545.25,174.86,616.84,286.79,402.72,7.0,0.06543,1.18709,14.69115,25.12547,26.59798,2.88469,2.21846,5.31825,54.38983,19.54617,5370,0
sample_00476,62_67,,0.172086382957647,1,2025-12-27,7.01813_80.66921_2025-12-27,1,7.018127,80.669205,4.59,78.25999999999998,0.27,397.33,1.6800000000000002,10.05,3.0,0.06543,1.18709,14.69115,25.12547,26.59798,2.88469,2.21846,5.31825,54.38983,19.54617,5370,0
sample_00477,71_67,,0.2617270336386693,1,2025-11-26,7.0336_80.90173_2025-11-26,3,7.033598,80.901734,82.58,381.89,82.58,442.44,168.03,233.01,7.0,0.06585,1.20461,15.84972,16.97676,39.84424,24.28684,2.15746,5.44164,60.01421,20.00168,5403,0
sample_00478,70_72,,0.233016066140189,1,2025-11-27,7.16842_80.88166_2025-11-27,2,7.168418,80.881661,174.86,545.25,174.86,616.84,286.79,402.72,7.0,0.05565,1.37374,13.50121,15.28973,27.03307,12.97466,0.98994,5.80838,67.01754,16.11561,5406,0
sample_00479,58_64,control_20251107_546,,0,2025-11-07,,4,6.929191005,80.55496003,7.71,38.7,5.69,316.77,15.560000000000002,19.8,7.0,0.06033,1.26422,13.39392,18.33708,19.21636,2.75287,2.17431,5.09814,66.49251,13.86116,546,0
sample_00480,64_70,control_20251126_2941,,0,2025-11-26,,0,7.106992219,80.71461586,82.58,381.89,82.58,441.98,168.03,233.01,7.0,0.058,1.2534,14.21945,24.153,29.16031,6.56363,1.53764,5.42501,54.52665,19.91718,2941,0
sample_00481,66_63,control_20251126_3608,,0,2025-11-26,,3,6.90731939,80.75842022,82.58,381.89,82.58,441.98,168.03,233.01,7.0,0.07164,1.14158,15.34042,29.14389,29.43865,0.99449,2.265,5.27548,47.02765,23.43438,3608,0
sample_00482,57_59,control_20251126_4586,,0,2025-11-26,,3,6.79889648,80.51769179,82.58,381.89,82.58,441.98,168.03,233.01,7.0,0.05144,1.27969,11.65709,20.54445,22.86377,5.52254,2.64519,4.99617,64.80499,12.97643,4586,0
sample_00483,64_58,control_20251126_2544,,0,2025-11-26,,2,6.772359994,80.70851645,82.58,381.89,82.58,441.98,168.03,233.01,7.0,0.06451,1.23486,13.95633,24.1955,26.43089,4.20415,2.26951,5.22672,55.5556,18.79224,2544,0
sample_00484,60_63,control_20251126_4171,,0,2025-11-26,,1,6.910026974,80.60167369,82.58,381.89,82.58,441.98,168.03,233.01,7.0,0.06287,1.23237,14.12955,22.13587,22.18387,1.88627,2.23713,5.08355,60.41122,16.52307,4171,0
sample_00485,59_61,control_20251126_574,,0,2025-11-26,,2,6.869013005,80.57440003,82.58,381.89,82.58,441.98,168.03,233.01,7.0,0.06158,1.24876,14.10766,21.11591,21.07925,2.73306,2.17978,5.13274,62.07796,15.39931,574,0
sample_00486,58_64,control_20251126_4299,,0,2025-11-26,,4,6.93012591,80.56002847,82.58,381.89,82.58,441.98,168.03,233.01,7.0,0.06033,1.26422,13.39392,18.33708,19.21636,2.75287,2.17431,5.09814,66.49251,13.86116,4299,0
sample_00487,70_72,control_20251126_2873,,0,2025-11-26,,2,7.16117416,80.87257008,82.58,381.89,82.58,441.98,168.03,233.01,7.0,0.05499,1.33273,13.86658,16.83105,27.7924,12.16771,1.30088,5.73666,64.54733,17.09956,2873,0
sample_00488,65_60,control_20251126_4226,,0,2025-11-26,,0,6.845180519,80.73085499,82.58,381.89,82.58,441.98,168.03,233.01,7.0,0.06945,1.16756,14.56322,26.15976,26.30541,1.48148,2.27319,5.21389,52.02441,20.98224,4226,0
sample_00489,58_62,control_20251126_2478,,0,2025-11-26,,2,6.875627354,80.53906579,82.58,381.89,82.58,441.98,168.03,233.01,7.0,0.05919,1.26186,13.39378,20.62306,21.44654,3.43152,2.2005,5.05452,63.70853,14.15696,2478,0
sample_00490,67_61,control_20251126_4677,,0,2025-11-26,,3,6.864466566,80.79160989,82.58,381.89,82.58,441.98,168.03,233.01,7.0,0.07684,1.16536,14.69006,26.68704,26.24286,0.33068,2.20981,5.25918,49.19637,23.29156,4677,0
sample_00491,63_69,control_20251126_521,,0,2025-11-26,,1,7.064936005,80.67888803,82.58,381.89,82.58,441.98,168.03,233.01,7.0,0.06735,1.20829,14.58446,24.72627,26.62468,3.02413,2.07574,5.31242,54.7003,19.46475,521,0
sample_00492,59_62,control_20251126_2805,,0,2025-11-26,,2,6.891184323,80.58617023,82.58,381.89,82.58,441.98,168.03,233.01,7.0,0.06196,1.24145,14.12471,21.58337,21.65473,2.37843,2.23646,5.07149,61.54567,15.67729,2805,0
sample_00493,57_63,control_20251126_4036,,0,2025-11-26,,4,6.921842511,80.53604707,82.58,381.89,82.58,441.98,168.03,233.01,7.0,0.05977,1.2696,13.3901,18.98237,20.00666,3.06613,2.16991,5.0797,65.91477,13.71179,4036,0
sample_00494,67_63,control_20251126_3833,,0,2025-11-26,,2,6.922917168,80.80069629,82.58,381.89,82.58,441.98,168.03,233.01,7.0,0.07554,1.14632,15.03376,27.38861,29.74961,3.07646,2.14746,5.2899,48.70121,23.05848,3833,0
sample_00495,68_68,control_20251126_5298,,0,2025-11-26,,1,7.044283199,80.83264221,82.58,381.89,82.58,441.98,168.03,233.01,7.0,0.06395,1.19592,15.38853,20.81198,32.35997,12.90821,2.138,5.46911,57.46539,19.71756,5298,0
sample_00496,67_66,control_20251126_3941,,0,2025-11-26,,4,7.004166833,80.7991171,82.58,381.89,82.58,441.98,168.03,233.01,7.0,0.06816,1.15922,15.84629,24.54327,31.638,8.47186,2.25108,5.29399,52.63778,21.31378,3941,0
sample_00497,70_69,control_20251126_799,,0,2025-11-26,,1,7.064150005,80.88690803,82.58,381.89,82.58,441.98,168.03,233.01,7.0,0.06266,1.21848,15.73375,18.55234,34.12032,16.90692,2.1829,5.50749,60.30385,18.84922,799,0
sample_00498,65_59,control_20251126_2447,,0,2025-11-26,,3,6.798509571,80.74629622,82.58,381.89,82.58,441.98,168.03,233.01,7.0,0.06917,1.18844,13.9652,24.89507,26.5642,3.14759,2.29586,5.21698,53.61979,20.21767,2447,0
sample_00499,59_68,control_20251126_1235,,0,2025-11-26,,0,7.052926541,80.57943883,82.58,381.89,82.58,441.98,168.03,233.01,7.0,0.06084,1.23767,12.99267,22.53066,22.08962,0.87049,1.60363,5.30252,59.92351,16.59834,1235,0
sample_00500,68_65,control_20251127_1891,,0,2025-11-27,,1,6.976137247,80.83048952,174.86,545.25,174.86,615.72,286.79,402.72,7.0,0.07017,1.15596,15.56118,22.92756,31.66566,10.03608,2.2192,5.39065,54.59123,20.69811,1891,0
sample_00501,66_57,control_20251127_5117,,0,2025-11-27,,4,6.76372325,80.75662753,174.86,545.25,174.86,615.72,286.79,402.72,7.0,0.06887,1.22598,15.24336,23.80538,26.29832,4.07042,2.24397,5.37876,54.60093,20.10617,5117,0
sample_00502,65_60,control_20251127_4243,,0,2025-11-27,,0,6.835770673,80.7518871,174.86,545.25,174.86,615.72,286.79,402.72,7.0,0.07133,1.16944,14.56539,25.93927,26.02233,1.31381,2.2852,5.216,51.82728,21.31912,4243,0
sample_00503,68_62,control_20251127_1818,,0,2025-11-27,,3,6.877865808,80.81816942,174.86,545.25,174.86,615.72,286.79,402.72,7.0,0.07671,1.17116,14.69287,25.63469,27.45595,2.69147,2.18845,5.27038,50.74421,22.42751,1818,0
sample_00504,68_62,control_20251127_2472,,0,2025-11-27,,3,6.874498893,80.81813324,174.86,545.25,174.86,615.72,286.79,402.72,7.0,0.07701,1.17104,14.69168,25.54139,26.97829,2.30767,2.19329,5.27073,50.81371,22.44775,2472,0
sample_00505,69_73,control_20251127_5260,,0,2025-11-27,,2,7.18045424,80.86117862,174.86,545.25,174.86,615.72,286.79,402.72,7.0,0.05316,1.34476,13.51655,17.25196,28.27602,12.17957,1.24526,5.78401,64.57477,16.86126,5260,0
sample_00506,59_68,control_20251127_35,,0,2025-11-27,,0,7.059299005,80.59209803,174.86,545.25,174.86,615.72,286.79,402.72,7.0,0.0661,1.27055,13.45222,23.78581,22.70608,0.3064,1.49587,5.41135,57.41691,17.89268,35,0
sample_00507,73_70,control_20251127_2300,,0,2025-11-27,,4,7.113734257,80.95277274,197.46,487.29,197.46,568.48,282.28,366.78,7.0,0.05864,1.33413,13.7644,14.89909,28.4444,14.68574,1.17975,5.72715,66.5968,16.58774,2300,0
sample_00508,56_66,control_20251127_4145,,0,2025-11-27,,1,6.988200746,80.50321826,174.86,545.25,174.86,615.72,286.79,402.72,7.0,0.0632,1.28511,12.78955,18.99537,19.43513,1.98106,2.15438,5.137,66.06401,13.72324,4145,0
sample_00509,67_74,control_20251127_2172,,0,2025-11-27,,0,7.21834305,80.79041619,174.86,545.25,174.86,615.72,286.79,402.72,7.0,0.05385,1.34178,13.63329,20.66819,26.84887,7.25034,1.06046,5.78762,61.75211,16.37514,2172,0
sample_00510,72_73,control_20251127_2352,,0,2025-11-27,,2,7.179042277,80.94099298,197.46,487.29,197.46,568.48,282.28,366.78,7.0,0.05499,1.39589,13.48433,13.15354,25.81555,13.75424,0.98122,5.86664,70.24828,14.95639,2352,0
sample_00511,66_75,control_20251127_4474,,0,2025-11-27,,0,7.243512668,80.77514411,174.86,545.25,174.86,615.72,286.79,402.72,7.0,0.05271,1.37416,12.4694,25.27857,31.26132,6.87397,0.9536,5.81158,58.62036,14.8587,4474,0
sample_00512,59_60,control_20251127_2648,,0,2025-11-27,,0,6.824402525,80.57721776,174.86,545.25,174.86,615.72,286.79,402.72,7.0,0.05876,1.25378,13.03103,21.85755,21.85466,4.49815,2.40526,5.10713,61.53765,14.67542,2648,0
sample_00513,59_58,control_20251127_1717,,0,2025-11-27,,4,6.787543749,80.58041033,174.86,545.25,174.86,615.72,286.79,402.72,7.0,0.05776,1.25947,13.02984,21.97304,21.6975,5.06027,2.41209,5.1225,61.58833,14.18334,1717,0
sample_00514,60_61,control_20251127_5151,,0,2025-11-27,,2,6.866000437,80.61878003,174.86,545.25,174.86,615.72,286.79,402.72,7.0,0.06148,1.22431,14.24282,23.36608,23.5128,2.63309,2.25652,5.17821,58.38895,17.03335,5151,0
sample_00515,62_69,control_20251127_697,,0,2025-11-27,,4,7.084340005,80.65234903,174.86,545.25,174.86,615.72,286.79,402.72,7.0,0.06476,1.24886,14.22084,24.45845,26.30622,2.88488,1.49063,5.38533,55.30863,19.17138,697,0
sample_00516,62_64,control_20251127_3915,,0,2025-11-27,,4,6.949369224,80.65252203,174.86,545.25,174.86,615.72,286.79,402.72,7.0,0.06611,1.15383,14.59016,25.51614,24.85163,0.44469,2.26672,5.16552,54.52722,19.64637,3915,0
sample_00517,59_64,control_20251127_3347,,0,2025-11-27,,3,6.928587589,80.57379216,174.86,545.25,174.86,615.72,286.79,402.72,7.0,0.06089,1.25112,13.39931,19.097,19.8064,2.52487,2.18888,5.1037,65.12586,14.57847,3347,0
sample_00518,56_66,control_20251127_4216,,0,2025-11-27,,1,6.989217322,80.50626179,174.86,545.25,174.86,615.72,286.79,402.72,7.0,0.06363,1.28765,12.78936,19.2528,19.6661,1.91497,2.14636,5.14136,65.66554,13.87663,4216,0
sample_00519,65_59,control_20251127_5026,,0,2025-11-27,,3,6.797936359,80.73731055,174.86,545.25,174.86,615.72,286.79,402.72,7.0,0.0683,1.19315,13.96362,24.86478,26.57252,3.27761,2.29186,5.21454,53.87736,19.98557,5026,0
sample_00520,62_62,control_20251127_4755,,0,2025-11-27,,4,6.891261265,80.65610827,174.86,545.25,174.86,615.72,286.79,402.72,7.0,0.06208,1.19437,14.55207,25.9877,25.55989,1.07577,2.21362,5.23059,53.86845,19.68567,4755,0
sample_00521,68_64,control_20251127_2110,,0,2025-11-27,,1,6.952125941,80.82424696,174.86,545.25,174.86,615.72,286.79,402.72,7.0,0.07431,1.13585,15.61552,24.93218,30.82906,6.98302,2.22895,5.3165,51.77291,21.79667,2110,0
sample_00522,58_64,control_20251127_546,,0,2025-11-27,,4,6.929191005,80.55496003,174.86,545.25,174.86,615.72,286.79,402.72,7.0,0.06033,1.26422,13.39392,18.33708,19.21636,2.75287,2.17431,5.09814,66.49251,13.86116,546,0
sample_00523,57_63,control_20251127_718,,0,2025-11-27,,4,6.905910005,80.52310803,174.86,545.25,174.86,615.72,286.79,402.72,7.0,0.05917,1.25121,13.38647,19.4715,20.68906,3.3717,2.16587,5.0594,65.55036,13.52205,718,0
sample_00524,67_72,control_20251127_3908,,0,2025-11-27,,3,7.170522445,80.7885784,174.86,545.25,174.86,615.72,286.79,402.72,7.0,0.05344,1.28102,14.58487,22.50388,28.64483,7.4878,1.53249,5.61086,57.88047,18.29725,3908,0
sample_00525,63_60,control_20251127_1702,,0,2025-11-27,,0,6.83893428,80.6790564,174.86,545.25,174.86,615.72,286.79,402.72,7.0,0.06475,1.18766,14.55399,25.41041,25.49422,1.97161,2.24354,5.21797,54.16718,19.49655,1702,0
sample_00526,66_62,control_20251127_4713,,0,2025-11-27,,4,6.876758424,80.76579797,174.86,545.25,174.86,615.72,286.79,402.72,7.0,0.07289,1.14006,14.85036,28.33245,28.66102,1.15329,2.24897,5.24401,48.08626,22.97616,4713,0
sample_00527,56_66,control_20251127_3919,,0,2025-11-27,,1,6.995993191,80.50423137,174.86,545.25,174.86,615.72,286.79,402.72,7.0,0.06363,1.28765,12.78936,19.2528,19.6661,1.91497,2.14636,5.14136,65.66554,13.87663,3919,0
sample_00528,70_71,control_20251127_3738,,0,2025-11-27,,1,7.138616374,80.87559216,174.86,545.25,174.86,615.72,286.79,402.72,7.0,0.05701,1.32168,13.87146,16.76531,28.84503,13.35028,1.31407,5.69365,64.01817,17.45708,3738,0
sample_00529,68_65,control_20251127_3003,,0,2025-11-27,,1,6.969449564,80.82412528,174.86,545.25,174.86,615.72,286.79,402.72,7.0,0.07379,1.13965,15.61566,24.54588,31.12664,7.72511,2.21744,5.32114,52.24708,21.61957,3003,0
sample_00530,59_61,control_20251127_1065,,0,2025-11-27,,2,6.872190316,80.58784999,174.86,545.25,174.86,615.72,286.79,402.72,7.0,0.06197,1.24432,14.11029,21.51546,21.3869,2.5996,2.18609,5.13541,61.38119,15.7558,1065,0
sample_00531,65_68,control_20251127_2667,,0,2025-11-27,,1,7.060706109,80.7546761,174.86,545.25,174.86,615.72,286.79,402.72,7.0,0.06387,1.20307,15.3104,24.05891,30.02828,7.40976,2.16382,5.29135,53.73086,20.84968,2667,0
sample_00532,60_62,control_20251127_511,,0,2025-11-27,,4,6.885956005,80.60004803,174.86,545.25,174.86,615.72,286.79,402.72,7.0,0.06234,1.2364,14.12761,22.11106,22.09269,2.22464,2.24383,5.07218,60.66133,16.11188,511,0
sample_00533,56_63,control_20251127_3938,,0,2025-11-27,,2,6.908790771,80.48722777,174.86,545.25,174.86,615.72,286.79,402.72,7.0,0.057,1.28723,12.63458,20.83581,21.71068,2.86068,2.06731,5.02603,63.79691,13.96736,3938,0
sample_00534,61_64,control_20251127_3290,,0,2025-11-27,,4,6.928973276,80.63866932,174.86,545.25,174.86,615.72,286.79,402.72,7.0,0.06307,1.20831,14.12006,24.16237,23.64416,0.86357,2.19268,5.13542,56.94629,18.36668,3290,0
sample_00535,64_59,control_20251127_5031,,0,2025-11-27,,3,6.811159335,80.72802871,174.86,545.25,174.86,615.72,286.79,402.72,7.0,0.06859,1.18639,13.9644,25.41077,26.6218,2.75992,2.29668,5.19346,53.16895,20.30541,5031,0
sample_00536,56_59,control_20251127_3633,,0,2025-11-27,,2,6.806734157,80.50880199,174.86,545.25,174.86,615.72,286.79,402.72,7.0,0.05112,1.27493,11.65499,21.24643,23.4879,5.20841,2.63556,4.99063,63.46776,13.69047,3633,0
sample_00537,63_67,control_20251127_3987,,0,2025-11-27,,4,7.023612864,80.69843077,174.86,545.25,174.86,615.72,286.79,402.72,7.0,0.06682,1.18714,15.42006,25.11898,27.03317,3.17643,2.23795,5.30013,53.74479,20.2207,3987,0
sample_00538,57_59,control_20251127_4039,,0,2025-11-27,,3,6.805667383,80.52847205,174.86,545.25,174.86,615.72,286.79,402.72,7.0,0.0545,1.28152,11.94741,20.71071,22.51201,5.2191,2.60069,5.08383,64.40446,13.17487,4039,0
sample_00539,69_67,control_20251127_1630,,0,2025-11-27,,2,7.035663673,80.84029494,174.86,545.25,174.86,615.72,286.79,402.72,7.0,0.06496,1.19002,15.39088,20.52753,33.12336,13.91472,2.15013,5.45687,57.57856,19.80143,1630,0
sample_00540,71_66,control_20251127_4868,,0,2025-11-27,,1,6.997606414,80.91042532,174.86,545.25,174.86,615.72,286.79,402.72,7.0,0.06866,1.19349,15.66557,17.68892,35.91512,19.49903,2.06382,5.4498,59.6141,19.95509,4868,0
sample_00541,65_63,control_20251127_3336,,0,2025-11-27,,4,6.91140912,80.75533342,174.86,545.25,174.86,615.72,286.79,402.72,7.0,0.07164,1.14158,15.34042,29.14389,29.43865,0.99449,2.265,5.27548,47.02765,23.43438,3336,0
sample_00542,64_60,control_20251127_1767,,0,2025-11-27,,3,6.824094235,80.70492934,174.86,545.25,174.86,615.72,286.79,402.72,7.0,0.06614,1.1925,14.55542,25.11614,25.56694,2.27969,2.25579,5.21724,54.22758,19.58867,1767,0
sample_00543,60_65,control_20251127_3639,,0,2025-11-27,,1,6.977606972,80.60163716,174.86,545.25,174.86,615.72,286.79,402.72,7.0,0.06244,1.19454,14.32778,19.69478,19.73924,1.399,2.29897,5.20771,63.35779,16.01563,3639,0
sample_00544,72_70,control_20251127_1870,,0,2025-11-27,,0,7.114511013,80.94427311,197.46,487.29,197.46,568.48,282.28,366.78,7.0,0.05877,1.33078,13.76648,15.11939,28.75246,14.79393,1.18119,5.71919,66.20889,16.74877,1870,0
sample_00545,65_58,control_20251127_3643,,0,2025-11-27,,3,6.777806766,80.73885614,174.86,545.25,174.86,615.72,286.79,402.72,7.0,0.06796,1.20285,14.57879,23.94449,26.45218,4.18445,2.24788,5.30794,54.98656,19.6437,3643,0
sample_00546,61_68,control_20251127_5223,,0,2025-11-27,,3,7.05274362,80.64062607,174.86,545.25,174.86,615.72,286.79,402.72,7.0,0.06677,1.21043,14.61336,24.61947,25.71222,2.55315,2.21519,5.29439,55.6382,18.63402,5223,0
sample_00547,60_60,control_20251127_5273,,0,2025-11-27,,3,6.828491538,80.60392714,174.86,545.25,174.86,615.72,286.79,402.72,7.0,0.06153,1.24011,13.43,23.03461,23.29928,3.95336,2.2812,5.09337,59.19635,16.06433,5273,0
sample_00548,57_63,control_20251127_378,,0,2025-11-27,,4,6.916496005,80.52134103,174.86,545.25,174.86,615.72,286.79,402.72,7.0,0.0594,1.27573,13.3856,19.13272,20.37574,3.28791,2.1583,5.06544,66.00538,13.42566,378,0
sample_00549,66_75,control_20251127_2080,,0,2025-11-27,,0,7.252503897,80.75776733,195.81,590.3000000000001,195.81,655.32,338.22,457.31,7.0,0.05287,1.30392,13.69155,26.55759,32.15155,6.65672,1.17574,5.63279,55.99815,15.7946,2080,0
sample_00550,61_69,control_20251127_2656,,0,2025-11-27,,1,7.090058126,80.64473883,174.86,545.25,174.86,615.72,286.79,402.72,7.0,0.0651,1.25082,14.21908,24.47917,26.08218,2.59823,1.48853,5.38398,55.39514,19.10595,2656,0
sample_00551,63_59,control_20251127_2781,,0,2025-11-27,,1,6.814253396,80.69126102,174.86,545.25,174.86,615.72,286.79,402.72,7.0,0.06505,1.20125,13.95709,24.96685,26.16123,3.22549,2.27648,5.19088,54.62908,19.19956,2781,0
sample_00552,58_60,control_20251127_2464,,0,2025-11-27,,1,6.833133805,80.56392548,174.86,545.25,174.86,615.72,286.79,402.72,7.0,0.05827,1.25613,13.02857,21.44549,22.12628,4.55506,2.39877,5.09956,62.14114,14.65714,2464,0
sample_00553,60_65,control_20251127_2332,,0,2025-11-27,,1,6.982049774,80.60614941,174.86,545.25,174.86,615.72,286.79,402.72,7.0,0.06262,1.19816,14.32714,19.88191,19.97439,1.42772,2.2892,5.21318,63.05956,16.10695,2332,0
sample_00554,57_59,control_20251127_4558,,0,2025-11-27,,3,6.80435928,80.5172602,174.86,545.25,174.86,615.72,286.79,402.72,7.0,0.05176,1.27237,11.65699,20.49533,22.67229,5.36086,2.64187,4.99548,64.84497,13.00078,4558,0
sample_00555,61_62,control_20251127_2261,,0,2025-11-27,,0,6.891690797,80.62634696,174.86,545.25,174.86,615.72,286.79,402.72,7.0,0.06368,1.21763,14.12154,23.4967,23.22191,1.65859,2.20331,5.14492,57.96305,17.71854,2261,0
sample_00556,66_58,control_20251127_2333,,0,2025-11-27,,3,6.776099332,80.76495683,174.86,545.25,174.86,615.72,286.79,402.72,7.0,0.07158,1.21688,14.70015,23.97854,26.41773,3.92302,2.17372,5.36841,54.00631,20.57475,2333,0
sample_00557,66_64,control_20251127_43,,0,2025-11-27,,2,6.948162005,80.77400503,174.86,545.25,174.86,615.72,286.79,402.72,7.0,0.07306,1.13047,15.60973,27.91366,30.13716,3.05166,2.24188,5.30958,48.4124,22.92944,43,0
sample_00558,55_64,control_20251127_401,,0,2025-11-27,,4,6.946500005,80.48080003,174.86,545.25,174.86,615.72,286.79,402.72,7.0,0.0599,1.25335,12.65997,19.82771,20.97466,2.92068,2.05611,5.10164,64.77291,13.99793,401,0
sample_00559,70_66,control_20251127_3711,,0,2025-11-27,,3,6.982970766,80.8828813,174.86,545.25,174.86,615.72,286.79,402.72,7.0,0.0696,1.18403,15.18639,19.33759,33.87902,15.73375,2.05388,5.40819,58.17067,20.095,3711,0
sample_00560,62_70,control_20251127_1371,,0,2025-11-27,,3,7.091465894,80.65510383,174.86,545.25,174.86,615.72,286.79,402.72,7.0,0.06476,1.24886,14.22084,24.45845,26.30622,2.88488,1.49063,5.38533,55.30863,19.17138,1371,0
sample_00561,60_62,control_20251127_1084,,0,2025-11-27,,4,6.885768999,80.61637144,174.86,545.25,174.86,615.72,286.79,402.72,7.0,0.06325,1.22326,14.11859,22.78232,22.59249,1.86765,2.19603,5.14561,59.10676,17.16996,1084,0
sample_00562,58_69,control_20251127_1589,,0,2025-11-27,,2,7.067737466,80.54349679,174.86,545.25,174.86,615.72,286.79,402.72,7.0,0.06569,1.28671,12.57353,22.85606,22.62432,1.03523,1.61048,5.24425,59.90221,16.21119,1589,0
sample_00563,59_62,control_20251127_1682,,0,2025-11-27,,2,6.892955158,80.59141788,174.86,545.25,174.86,615.72,286.79,402.72,7.0,0.06196,1.24145,14.12471,21.58337,21.65473,2.37843,2.23646,5.07149,61.54567,15.67729,1682,0
sample_00564,66_65,control_20251127_854,,0,2025-11-27,,1,6.976849005,80.78106605,174.86,545.25,174.86,615.72,286.79,402.72,7.0,0.06991,1.14329,15.84698,26.0322,31.0442,6.16071,2.29067,5.27087,50.85516,21.95638,854,0
sample_00565,59_63,control_20251127_1758,,0,2025-11-27,,0,6.913101478,80.57538282,174.86,545.25,174.86,615.72,286.79,402.72,7.0,0.06073,1.24807,13.40134,20.49526,21.07138,2.67719,2.2062,5.08802,63.22896,15.04664,1758,0
sample_00566,66_63,control_20251127_3913,,0,2025-11-27,,3,6.907231947,80.75573084,174.86,545.25,174.86,615.72,286.79,402.72,7.0,0.07164,1.14158,15.34042,29.14389,29.43865,0.99449,2.265,5.27548,47.02765,23.43438,3913,0
sample_00567,60_67,control_20251127_3451,,0,2025-11-27,,0,7.031298348,80.61807599,174.86,545.25,174.86,615.72,286.79,402.72,7.0,0.06694,1.21002,14.60911,23.30285,23.80422,1.93991,2.21879,5.29302,57.85428,17.79266,3451,0
sample_00568,57_59,control_20251127_5357,,0,2025-11-27,,3,6.817471733,80.531486,174.86,545.25,174.86,615.72,286.79,402.72,7.0,0.05621,1.27811,12.25467,20.61024,22.41713,5.20263,2.63301,5.01264,63.88137,13.7722,5357,0
sample_00569,57_63,control_20251127_379,,0,2025-11-27,,4,6.915988305,80.52168003,174.86,545.25,174.86,615.72,286.79,402.72,7.0,0.0594,1.27573,13.3856,19.13272,20.37574,3.28791,2.1583,5.06544,66.00538,13.42566,379,0
sample_00570,64_60,control_20251127_4026,,0,2025-11-27,,3,6.837987959,80.71379978,174.86,545.25,174.86,615.72,286.79,402.72,7.0,0.06747,1.17537,14.55962,25.96309,26.13797,1.70127,2.26126,5.21462,52.77342,20.419,4026,0
sample_00571,67_59,control_20251127_4649,,0,2025-11-27,,0,6.811260352,80.80358596,174.86,545.25,174.86,615.72,286.79,402.72,7.0,0.07629,1.177,14.08953,25.44616,25.33605,0.79559,2.2352,5.25207,50.76412,22.67555,4649,0
sample_00572,69_67,control_20251127_1959,,0,2025-11-27,,2,7.019342631,80.84979251,174.86,545.25,174.86,615.72,286.79,402.72,7.0,0.06596,1.18452,15.39317,20.18934,33.99249,15.09613,2.16173,5.44532,57.71293,19.89166,1959,0
sample_00573,62_68,control_20251127_888,,0,2025-11-27,,4,7.046362005,80.66191303,174.86,545.25,174.86,615.72,286.79,402.72,7.0,0.06763,1.20459,14.58238,24.5375,25.89546,2.3204,2.09044,5.29483,55.22623,19.30339,888,0
sample_00574,66_71,control_20251127_749,,0,2025-11-27,,4,7.143886005,80.78248603,174.86,545.25,174.86,615.72,286.79,402.72,7.0,0.05647,1.27778,14.5238,22.7527,29.08065,7.93002,1.51948,5.5284,56.94816,18.76786,749,0
sample_00575,60_60,control_20251127_1387,,0,2025-11-27,,3,6.826576138,80.60319117,174.86,545.25,174.86,615.72,286.79,402.72,7.0,0.06147,1.24201,13.42996,23.04185,23.09352,4.09149,2.2819,5.0971,59.25548,15.86599,1387,0
sample_00576,64_58,control_20251127_5394,,0,2025-11-27,,2,6.781980667,80.72222077,174.86,545.25,174.86,615.72,286.79,402.72,7.0,0.06595,1.20491,13.95912,24.49611,26.49412,3.81892,2.27845,5.21983,54.87977,19.25377,5394,0
sample_00577,67_66,control_20251127_3277,,0,2025-11-27,,4,7.00951712,80.8085378,174.86,545.25,174.86,615.72,286.79,402.72,7.0,0.06709,1.16362,15.6814,23.79217,32.06514,9.4137,2.24769,5.29456,53.45375,21.20608,3277,0
sample_00578,63_63,control_20251127_269,,0,2025-11-27,,1,6.925569005,80.68650703,174.86,545.25,174.86,615.72,286.79,402.72,7.0,0.06379,1.16038,15.16809,31.00499,30.12281,-0.55621,2.29578,5.23716,46.42101,23.15548,269,0
sample_00579,59_63,control_20251127_3516,,0,2025-11-27,,0,6.917189281,80.58681219,174.86,545.25,174.86,615.72,286.79,402.72,7.0,0.06115,1.24447,13.40322,20.48227,21.03932,2.46898,2.20574,5.09638,63.06669,15.31613,3516,0
sample_00580,60_61,control_20251127_1335,,0,2025-11-27,,2,6.849550566,80.59368006,174.86,545.25,174.86,615.72,286.79,402.72,7.0,0.06284,1.24158,13.30388,22.18277,22.2931,3.27083,2.214,5.06122,60.39571,15.97787,1335,0
sample_00581,65_64,control_20251127_2823,,0,2025-11-27,,2,6.941830791,80.73207148,174.86,545.25,174.86,615.72,286.79,402.72,7.0,0.07012,1.14118,15.60315,28.08359,29.03054,1.81693,2.22595,5.32525,49.09323,22.39209,2823,0
sample_00582,62_67,control_20251127_914,,0,2025-11-27,,1,7.010139005,80.67399203,174.86,545.25,174.86,615.72,286.79,402.72,7.0,0.06556,1.18197,14.69228,25.2366,26.5901,2.73059,2.23104,5.30944,54.24916,19.64559,914,0
sample_00583,61_58,control_20251127_1543,,0,2025-11-27,,2,6.776896236,80.64059824,174.86,545.25,174.86,615.72,286.79,402.72,7.0,0.05918,1.25884,13.68859,22.96382,24.69438,4.74504,2.45685,5.18434,58.86767,16.55196,1543,0
sample_00584,55_63,control_20251127_3117,,0,2025-11-27,,1,6.918053904,80.46117173,174.86,545.25,174.86,615.72,286.79,402.72,7.0,0.05887,1.2923,12.65921,20.2167,21.55692,3.24723,2.06897,5.06653,64.51026,13.83426,3117,0
sample_00585,68_73,control_20251127_2924,,0,2025-11-27,,4,7.188488237,80.82010949,174.86,545.25,174.86,615.72,286.79,402.72,7.0,0.05526,1.36185,13.38311,19.04444,27.99873,10.12404,1.02312,5.74726,62.95234,16.72284,2924,0
sample_00586,58_62,control_20251127_5417,,0,2025-11-27,,2,6.880678406,80.5459951,174.86,545.25,174.86,615.72,286.79,402.72,7.0,0.05951,1.25822,13.39623,20.81761,21.50365,3.32399,2.20738,5.05936,63.29689,14.39811,5417,0
sample_00587,64_71,control_20251127_5433,,0,2025-11-27,,3,7.126145539,80.72085358,174.86,545.25,174.86,615.72,286.79,402.72,7.0,0.05756,1.25946,14.21888,23.94178,28.40225,5.99174,1.52817,5.45669,55.09402,19.5493,5433,0
sample_00588,59_67,control_20251127_2675,,0,2025-11-27,,0,7.035989213,80.58367873,174.86,545.25,174.86,615.72,286.79,402.72,7.0,0.06012,1.23282,12.99351,22.26094,21.91576,0.98232,1.60974,5.30375,60.24596,16.54911,2675,0
sample_00589,59_62,control_20251127_1359,,0,2025-11-27,,2,6.888237672,80.58104498,174.86,545.25,174.86,615.72,286.79,402.72,7.0,0.06159,1.24622,14.12188,21.12618,21.29437,2.51917,2.22938,5.06985,62.32982,15.28474,1359,0
sample_00590,64_57,control_20251127_5169,,0,2025-11-27,,2,6.763123476,80.70203338,174.86,545.25,174.86,615.72,286.79,402.72,7.0,0.06232,1.24429,14.30788,23.25762,25.36346,4.2074,2.28422,5.25279,57.016,18.19155,5169,0
sample_00591,57_64,control_20251127_3146,,0,2025-11-27,,3,6.94226357,80.51436051,174.86,545.25,174.86,615.72,286.79,402.72,7.0,0.0621,1.24136,12.79244,18.46755,18.76826,2.06401,2.19248,5.12656,66.78868,13.49448,3146,0
sample_00592,67_62,control_20251127_3203,,0,2025-11-27,,3,6.881002589,80.78434152,174.86,545.25,174.86,615.72,286.79,402.72,7.0,0.07556,1.16551,14.69165,27.57023,27.66511,0.84681,2.19992,5.25782,48.441,23.29623,3203,0
sample_00593,62_61,control_20251127_1714,,0,2025-11-27,,0,6.864600628,80.66681967,174.86,545.25,174.86,615.72,286.79,402.72,7.0,0.06314,1.19424,14.55191,25.4746,25.26703,1.67821,2.22842,5.22264,54.42345,19.31492,1714,0
sample_00594,59_68,control_20251127_2337,,0,2025-11-27,,0,7.03721683,80.58602656,174.86,545.25,174.86,615.72,286.79,402.72,7.0,0.06012,1.23282,12.99351,22.26094,21.91576,0.98232,1.60974,5.30375,60.24596,16.54911,2337,0
sample_00595,62_63,control_20251127_117,,0,2025-11-27,,3,6.906458386,80.65535205,174.86,545.25,174.86,615.72,286.79,402.72,7.0,0.06431,1.19098,14.77504,26.56259,25.76528,0.3852,2.22366,5.20028,53.17644,20.0358,117,0
sample_00596,66_66,control_20251127_1120,,0,2025-11-27,,0,7.003817492,80.77971906,174.86,545.25,174.86,615.72,286.79,402.72,7.0,0.06755,1.16184,15.84329,25.08284,30.92571,7.20183,2.24753,5.30074,52.20882,21.36527,1120,0
sample_00597,62_58,control_20251127_1538,,0,2025-11-27,,2,6.77253592,80.67067433,174.86,545.25,174.86,615.72,286.79,402.72,7.0,0.06175,1.2486,13.94993,23.80999,25.70291,4.4166,2.25425,5.22078,56.75763,17.85423,1538,0
sample_00598,66_67,control_20251127_4088,,0,2025-11-27,,4,7.010092078,80.75630885,174.86,545.25,174.86,615.72,286.79,402.72,7.0,0.06581,1.17092,15.65266,24.53339,29.09348,5.88564,2.28646,5.28581,53.15903,21.25618,4088,0
sample_00599,61_66,control_20251127_4372,,0,2025-11-27,,2,6.993947046,80.62597545,174.86,545.25,174.86,615.72,286.79,402.72,7.0,0.06368,1.19172,14.33206,21.88041,22.09661,1.52317,2.29519,5.2132,59.90199,17.34353,4372,0
sample_00600,67_75,control_20251127_2901,,0,2025-11-27,,0,7.22899569,80.78718339,174.86,545.25,174.86,615.72,286.79,402.72,7.0,0.0538,1.34091,13.63293,21.63501,27.16804,6.54038,1.06149,5.79592,61.144,15.99702,2901,0
sample_00601,62_67,control_20251127_952,,0,2025-11-27,,1,7.01402046,80.6480262,174.86,545.25,174.86,615.72,286.79,402.72,7.0,0.06664,1.19327,14.61716,24.17369,25.09212,2.3248,2.25937,5.27083,56.25968,18.62466,952,0
sample_00602,64_62,control_20251127_4004,,0,2025-11-27,,2,6.879947698,80.72590459,174.86,545.25,174.86,615.72,286.79,402.72,7.0,0.06941,1.16072,14.5677,27.73078,27.67087,0.92,2.2646,5.21293,49.83158,21.99047,4004,0
sample_00603,56_66,control_20251127_636,,0,2025-11-27,,1,7.002698005,80.48946803,174.86,545.25,174.86,615.72,286.79,402.72,7.0,0.06064,1.2925,12.12732,19.08748,20.7671,3.21665,1.567,5.21456,65.8959,13.66384,636,0
sample_00604,66_61,control_20251127_3762,,0,2025-11-27,,0,6.866866748,80.77056579,174.86,545.25,174.86,615.72,286.79,402.72,7.0,0.07322,1.14107,14.8496,27.92042,28.12983,1.09135,2.25362,5.24494,48.58974,22.8173,3762,0
sample_00605,67_64,control_20251127_3452,,0,2025-11-27,,0,6.935136034,80.79360965,174.86,545.25,174.86,615.72,286.79,402.72,7.0,0.07452,1.12529,15.6121,28.02587,30.407,3.13747,2.25607,5.30307,47.96839,23.20983,3452,0
sample_00606,64_72,control_20251127_2084,,0,2025-11-27,,0,7.149452461,80.72340442,174.86,545.25,174.86,615.72,286.79,402.72,7.0,0.05668,1.26707,14.21836,23.53465,26.81529,4.71898,1.51538,5.51006,56.18248,18.87655,2084,0
sample_00607,64_57,control_20251127_2192,,0,2025-11-27,,2,6.760741767,80.71092335,174.86,545.25,174.86,615.72,286.79,402.72,7.0,0.06229,1.23595,14.30832,23.12863,25.57464,4.44246,2.28122,5.2636,57.10828,18.19389,2192,0
sample_00608,56_60,control_20251127_2650,,0,2025-11-27,,2,6.835685788,80.50685332,174.86,545.25,174.86,615.72,286.79,402.72,7.0,0.05294,1.26159,11.99872,21.39132,23.62189,4.97327,2.42638,4.97127,63.68542,13.36612,2650,0
sample_00609,70_69,control_20251127_245,,0,2025-11-27,,1,7.082716005,80.87150903,174.86,545.25,174.86,615.72,286.79,402.72,7.0,0.06151,1.21463,16.03778,20.33629,33.33722,14.33414,2.18749,5.48952,58.31325,19.31201,245,0
sample_00610,61_68,control_20251127_4374,,0,2025-11-27,,3,7.063608952,80.64298985,174.86,545.25,174.86,615.72,286.79,402.72,7.0,0.06534,1.21446,14.07566,24.22938,25.16836,2.41673,1.57565,5.35448,56.35013,18.30842,4374,0
sample_00611,71_67,control_20251127_112,,0,2025-11-27,,3,7.013176405,80.90959813,174.86,545.25,174.86,615.72,286.79,402.72,7.0,0.06741,1.19905,15.85155,16.17254,41.90933,27.18223,2.17365,5.4211,60.26237,20.24351,112,0
sample_00612,64_66,control_20251127_4111,,0,2025-11-27,,3,6.987994934,80.71495504,174.86,545.25,174.86,615.72,286.79,402.72,7.0,0.06871,1.15404,15.42755,26.41563,27.99755,2.63694,2.29665,5.25132,51.70311,21.26188,4111,0
sample_00613,62_59,control_20251127_4646,,0,2025-11-27,,2,6.799873532,80.65059934,174.86,545.25,174.86,615.72,286.79,402.72,7.0,0.06078,1.22358,13.69236,23.46267,24.86669,4.20161,2.461,5.17433,57.90524,17.16917,4646,0
sample_00614,62_68,control_20251127_516,,0,2025-11-27,,4,7.048053005,80.66155103,174.86,545.25,174.86,615.72,286.79,402.72,7.0,0.06763,1.20459,14.58238,24.5375,25.89546,2.3204,2.09044,5.29483,55.22623,19.30339,516,0
sample_00615,68_63,control_20251127_3440,,0,2025-11-27,,3,6.923516903,80.81040046,174.86,545.25,174.86,615.72,286.79,402.72,7.0,0.07585,1.14728,15.03464,26.36672,29.52768,3.97525,2.14509,5.29316,49.99745,22.57003,3440,0
sample_00616,66_70,control_20251127_825,,0,2025-11-27,,4,7.117145024,80.76796752,174.86,545.25,174.86,615.72,286.79,402.72,7.0,0.05834,1.25979,14.16273,23.49126,30.41148,9.0978,1.50915,5.40093,54.51701,20.06623,825,0
sample_00617,65_58,control_20251127_3935,,0,2025-11-27,,3,6.768828538,80.74827913,174.86,545.25,174.86,615.72,286.79,402.72,7.0,0.06826,1.21752,15.24256,23.82425,26.26292,4.09468,2.24248,5.37715,54.71538,19.97718,3935,0
sample_00618,55_65,control_20251127_2145,,0,2025-11-27,,0,6.974688612,80.46901683,174.86,545.25,174.86,615.72,286.79,402.72,7.0,0.06045,1.26636,12.65566,20.26965,21.83184,3.17413,2.02081,5.10001,64.30064,14.01089,2145,0
sample_00619,69_69,control_20251127_3995,,0,2025-11-27,,1,7.072650905,80.8536994,174.86,545.25,174.86,615.72,286.79,402.72,7.0,0.06271,1.20725,16.03979,21.13511,33.41517,13.64751,2.20105,5.45637,57.07788,19.78923,3995,0
sample_00620,65_63,control_20251127_5413,,0,2025-11-27,,4,6.924452138,80.73509383,174.86,545.25,174.86,615.72,286.79,402.72,7.0,0.06831,1.15357,15.45439,29.08532,30.11076,1.81625,2.2876,5.2673,47.73343,22.7893,5413,0
sample_00621,65_65,control_20251127_3851,,0,2025-11-27,,4,6.965072254,80.74542887,174.86,545.25,174.86,615.72,286.79,402.72,7.0,0.07021,1.14312,15.79151,27.211,29.41936,3.23417,2.34125,5.28859,50.04,21.94042,3851,0
sample_00622,55_63,control_20251127_3585,,0,2025-11-27,,1,6.919610325,80.46717037,174.86,545.25,174.86,615.72,286.79,402.72,7.0,0.05887,1.2923,12.65921,20.2167,21.55692,3.24723,2.06897,5.06653,64.51026,13.83426,3585,0
sample_00623,66_66,control_20251127_4055,,0,2025-11-27,,0,7.003148365,80.7635436,174.86,545.25,174.86,615.72,286.79,402.72,7.0,0.06679,1.16334,15.65515,24.67615,29.39382,5.97745,2.30275,5.26915,52.82965,21.47223,4055,0
sample_00624,61_60,control_20251127_840,,0,2025-11-27,,0,6.836762005,80.62116003,174.86,545.25,174.86,615.72,286.79,402.72,7.0,0.0625,1.22823,13.43522,23.66719,24.19693,3.71502,2.29189,5.09547,57.96212,16.86805,840,0
sample_00625,70_72,control_20251127_3375,,0,2025-11-27,,2,7.149826266,80.86877381,174.86,545.25,174.86,615.72,286.79,402.72,7.0,0.05568,1.32846,13.8687,16.92379,28.12328,12.44019,1.30549,5.72112,64.22079,17.25094,3375,0
sample_00626,61_59,control_20251127_3439,,0,2025-11-27,,0,6.793744115,80.62928492,174.86,545.25,174.86,615.72,286.79,402.72,7.0,0.05893,1.23987,13.68651,22.89945,23.64975,4.40487,2.45078,5.17768,59.23461,16.13659,3439,0
sample_00627,61_61,control_20251127_4498,,0,2025-11-27,,0,6.87377986,80.64458463,174.86,545.25,174.86,615.72,286.79,402.72,7.0,0.06156,1.20219,14.54837,24.69545,24.42297,1.75746,2.21394,5.2299,55.80742,18.64583,4498,0
sample_00628,55_66,control_20251127_550,,0,2025-11-27,,0,6.999880005,80.47315103,174.86,545.25,174.86,615.72,286.79,402.72,7.0,0.06023,1.3064,12.30014,20.38757,22.41836,3.56037,1.48841,5.16772,63.65615,14.55906,550,0
sample_00629,67_73,control_20251127_2194,,0,2025-11-27,,4,7.194241953,80.78342752,174.86,545.25,174.86,615.72,286.79,402.72,7.0,0.05435,1.3098,13.88259,21.72487,27.29808,6.86555,1.34666,5.69788,59.44564,17.40407,2194,0
sample_00630,71_71,control_20251127_2952,,0,2025-11-27,,1,7.140593439,80.90218906,174.86,545.25,174.86,615.72,286.79,402.72,7.0,0.05618,1.33082,13.86586,16.06807,28.31585,13.44198,1.30687,5.72113,65.18711,17.04767,2952,0
sample_00631,64_58,control_20251127_3083,,0,2025-11-27,,2,6.767984599,80.70572698,174.86,545.25,174.86,615.72,286.79,402.72,7.0,0.06304,1.22953,14.30929,23.33874,25.52407,4.17045,2.28737,5.25463,56.74328,18.40299,3083,0
sample_00632,65_72,control_20251127_89,,0,2025-11-27,,4,7.15704917,80.74032853,174.86,545.25,174.86,615.72,286.79,402.72,7.0,0.05602,1.26476,14.22137,23.30955,27.52154,5.72606,1.51808,5.50357,56.28362,18.94079,89,0
sample_00633,67_62,control_20251127_2603,,0,2025-11-27,,3,6.884965851,80.80745644,174.86,545.25,174.86,615.72,286.79,402.72,7.0,0.07603,1.16709,14.69358,27.07044,28.13273,1.81411,2.19168,5.26226,48.94204,23.11675,2603,0
sample_00634,66_66,control_20251127_5229,,0,2025-11-27,,0,6.992073986,80.76876773,174.86,545.25,174.86,615.72,286.79,402.72,7.0,0.06967,1.15743,15.79234,25.65367,29.91033,5.5127,2.3073,5.30875,51.75705,21.31914,5229,0
sample_00635,68_71,control_20251127_3602,,0,2025-11-27,,2,7.134271726,80.81176139,174.86,545.25,174.86,615.72,286.79,402.72,7.0,0.05602,1.27531,14.52701,21.9061,29.84319,9.44395,1.52556,5.52596,57.87071,18.71964,3602,0
sample_00636,66_60,control_20251127_3992,,0,2025-11-27,,2,6.841237734,80.78179555,174.86,545.25,174.86,615.72,286.79,402.72,7.0,0.07676,1.16469,14.68724,26.56121,24.99669,-0.78279,2.21744,5.25951,49.1431,23.53955,3992,0
sample_00637,59_61,control_20251127_4787,,0,2025-11-27,,2,6.860126759,80.58858443,174.86,545.25,174.86,615.72,286.79,402.72,7.0,0.06195,1.24768,14.11035,21.70371,21.45419,2.72803,2.19091,5.13227,61.16051,15.70401,4787,0
sample_00638,62_62,control_20251127_2931,,0,2025-11-27,,4,6.874223378,80.66780097,174.86,545.25,174.86,615.72,286.79,402.72,7.0,0.06388,1.18733,14.55494,26.3827,26.07482,1.25685,2.2321,5.22066,52.99836,20.06478,2931,0
sample_00639,56_63,control_20251127_1486,,0,2025-11-27,,2,6.92014521,80.5053825,174.86,545.25,174.86,615.72,286.79,402.72,7.0,0.05776,1.2567,12.63669,20.45905,21.07731,2.58239,2.0715,5.05122,64.07007,14.10212,1486,0
sample_00640,63_69,control_20251127_642,,0,2025-11-27,,1,7.064530005,80.67942503,174.86,545.25,174.86,615.72,286.79,402.72,7.0,0.06735,1.20829,14.58446,24.72627,26.62468,3.02413,2.07574,5.31242,54.7003,19.46475,642,0
sample_00641,59_60,control_20251127_610,,0,2025-11-27,,0,6.834019005,80.57182203,174.86,545.25,174.86,615.72,286.79,402.72,7.0,0.05827,1.25613,13.02857,21.44549,22.12628,4.55506,2.39877,5.09956,62.14114,14.65714,610,0
sample_00642,61_58,control_20251127_814,,0,2025-11-27,,2,6.782486005,80.63396603,174.86,545.25,174.86,615.72,286.79,402.72,7.0,0.05908,1.24558,13.68762,22.94767,24.20687,4.56736,2.45413,5.1808,59.02113,16.36856,814,0
sample_00643,61_59,control_20251127_4164,,0,2025-11-27,,0,6.797690505,80.64672782,174.86,545.25,174.86,615.72,286.79,402.72,7.0,0.06013,1.23239,13.6904,23.27523,24.51006,4.2737,2.4575,5.17538,58.34506,16.84268,4164,0
sample_00644,66_70,control_20251127_5174,,0,2025-11-27,,4,7.102542347,80.76896747,174.86,545.25,174.86,615.72,286.79,402.72,7.0,0.0588,1.25753,14.1632,23.85994,31.75993,10.53665,1.51285,5.3829,53.06759,20.82336,5174,0
sample_00645,57_60,control_20251127_4000,,0,2025-11-27,,0,6.841399814,80.51256027,174.86,545.25,174.86,615.72,286.79,402.72,7.0,0.0562,1.25922,12.25016,20.91897,23.68082,5.45612,2.60572,4.99962,63.78073,13.74148,4000,0
sample_00646,61_61,control_20251127_1941,,0,2025-11-27,,0,6.850631138,80.63833162,174.86,545.25,174.86,615.72,286.79,402.72,7.0,0.06315,1.21938,13.43827,24.2438,24.89703,3.21356,2.296,5.08806,56.90888,17.65755,1941,0
sample_00647,62_62,control_20251127_5218,,0,2025-11-27,,4,6.891824081,80.64753495,174.86,545.25,174.86,615.72,286.79,402.72,7.0,0.06375,1.1999,14.77201,25.1695,24.50884,1.01635,2.22757,5.19822,55.24476,18.96267,5218,0
sample_00648,67_69,control_20251127_138,,0,2025-11-27,,4,7.068331505,80.80756635,174.86,545.25,174.86,615.72,286.79,402.72,7.0,0.06194,1.22593,15.18086,21.75756,30.4466,10.17566,2.08582,5.44384,56.41631,20.17712,138,0
sample_00649,62_59,control_20251127_1791,,0,2025-11-27,,2,6.806767533,80.66041939,174.86,545.25,174.86,615.72,286.79,402.72,7.0,0.06258,1.21631,14.01314,24.19642,25.31829,3.7345,2.35323,5.14188,56.28868,18.07993,1791,0
sample_00650,62_62,control_20251127_4176,,0,2025-11-27,,4,6.87921987,80.66778505,174.86,545.25,174.86,615.72,286.79,402.72,7.0,0.06376,1.18533,14.55587,26.9768,26.52922,0.92472,2.22933,5.22148,52.19738,20.45703,4176,0
sample_00651,64_66,control_20251127_4747,,0,2025-11-27,,3,6.993531871,80.71592007,174.86,545.25,174.86,615.72,286.79,402.72,7.0,0.06838,1.16947,15.42655,26.03965,27.9136,2.99235,2.28363,5.26076,52.19153,21.04392,4747,0
sample_00652,72_69,control_20251127_2651,,0,2025-11-27,,3,7.064595311,80.93622995,174.86,545.25,174.86,615.72,286.79,402.72,7.0,0.06275,1.23564,15.40975,17.40559,33.13875,17.00958,2.09319,5.55402,62.23448,17.98809,2651,0
sample_00653,60_68,control_20251127_569,,0,2025-11-27,,1,7.042075005,80.61615003,174.86,545.25,174.86,615.72,286.79,402.72,7.0,0.06711,1.21554,14.6083,23.64225,24.13154,1.92716,2.20864,5.29684,57.37707,17.91385,569,0
sample_00654,56_66,control_20251127_515,,0,2025-11-27,,1,6.991223005,80.48617803,174.86,545.25,174.86,615.72,286.79,402.72,7.0,0.06248,1.29253,12.79422,19.14495,20.87264,3.2904,2.03831,5.17352,65.67743,13.78113,515,0
sample_00655,68_65,control_20251127_5232,,0,2025-11-27,,1,6.963952412,80.8342653,174.86,545.25,174.86,615.72,286.79,402.72,7.0,0.0711,1.15542,15.67962,23.39372,31.38673,9.21706,2.23249,5.3332,53.67582,21.2793,5232,0
sample_00656,62_69,control_20251127_816,,0,2025-11-27,,4,7.070845005,80.67003503,174.86,545.25,174.86,615.72,286.79,402.72,7.0,0.06745,1.21078,14.58241,24.68674,26.25882,2.65051,2.07121,5.31354,54.92613,19.32407,816,0
sample_00657,61_65,control_20251127_3461,,0,2025-11-27,,0,6.967484776,80.62340494,174.86,545.25,174.86,615.72,286.79,402.72,7.0,0.06335,1.19705,14.33429,22.01347,21.94841,1.26468,2.32632,5.19324,59.83001,17.41478,3461,0
sample_00658,71_71,control_20251127_1332,,0,2025-11-27,,1,7.128827484,80.90014236,174.86,545.25,174.86,615.72,286.79,402.72,7.0,0.05756,1.32135,13.8706,16.22029,29.11654,14.13411,1.31676,5.68847,64.57332,17.36729,1332,0
sample_00659,62_68,control_20251127_2076,,0,2025-11-27,,4,7.055969905,80.66721835,174.86,545.25,174.86,615.72,286.79,402.72,7.0,0.06761,1.20901,14.58136,24.5794,25.90984,2.33169,2.07847,5.30438,55.19591,19.24444,2076,0
sample_00660,61_62,control_20251127_2205,,0,2025-11-27,,0,6.894274367,80.62573482,174.86,545.25,174.86,615.72,286.79,402.72,7.0,0.06361,1.21258,14.49268,23.951,23.9549,1.84454,2.27212,5.12578,57.54012,17.61042,2205,0
sample_00661,71_73,control_20251127_4049,,0,2025-11-27,,3,7.189495005,80.89901622,174.86,545.25,174.86,615.72,286.79,402.72,7.0,0.05445,1.38565,13.4928,14.56094,26.4611,13.02781,0.98499,5.842,68.31605,15.7019,4049,0
sample_00662,62_66,control_20251127_1675,,0,2025-11-27,,2,6.992692031,80.6687251,174.86,545.25,174.86,615.72,286.79,402.72,7.0,0.06547,1.1808,14.80912,25.62717,26.71626,2.40272,2.28875,5.27736,53.79531,19.81824,1675,0
sample_00663,72_73,control_20251127_5194,,0,2025-11-27,,2,7.184722229,80.91985639,174.86,545.25,174.86,615.72,286.79,402.72,7.0,0.05503,1.38747,13.49079,14.01734,26.41548,13.53173,0.98456,5.84338,68.92993,15.49004,5194,0
sample_00664,63_62,control_20251127_2623,,0,2025-11-27,,0,6.900754224,80.68070228,174.86,545.25,174.86,615.72,286.79,402.72,7.0,0.06422,1.17645,14.55999,29.62619,28.65401,-0.24748,2.22875,5.22041,48.50833,22.15853,2623,0
sample_00665,67_62,control_20251127_1823,,0,2025-11-27,,3,6.898796706,80.79753955,174.86,545.25,174.86,615.72,286.79,402.72,7.0,0.07613,1.14241,15.03047,28.36959,28.9286,1.1776,2.17321,5.27637,47.46501,23.5488,1823,0
sample_00666,72_73,control_20251127_1618,,0,2025-11-27,,2,7.175554663,80.92436568,174.86,545.25,174.86,615.72,286.79,402.72,7.0,0.05558,1.38645,13.49104,13.79335,26.48327,13.8361,0.98531,5.83841,69.1188,15.42687,1618,0
sample_00667,64_61,control_20251127_3836,,0,2025-11-27,,3,6.866430486,80.70387631,174.86,545.25,174.86,615.72,286.79,402.72,7.0,0.06655,1.17339,14.56107,27.21361,27.01516,1.0531,2.25021,5.21459,51.25242,21.0703,3836,0
sample_00668,71_66,control_20251127_1677,,0,2025-11-27,,1,6.989638221,80.91466791,174.86,545.25,174.86,615.72,286.79,402.72,7.0,0.06834,1.19894,15.66378,17.56574,34.76509,18.45373,2.05794,5.46105,60.06684,19.67696,1677,0
sample_00669,67_64,control_20251127_3786,,0,2025-11-27,,0,6.953964142,80.80236362,174.86,545.25,174.86,615.72,286.79,402.72,7.0,0.07373,1.13463,15.6133,26.06553,30.59453,5.53127,2.23094,5.31431,50.48616,22.22519,3786,0
sample_00670,59_65,control_20251127_5368,,0,2025-11-27,,4,6.976877721,80.59193142,174.86,545.25,174.86,615.72,286.79,402.72,7.0,0.06388,1.22147,13.422,18.37939,18.8972,1.87209,2.27169,5.15325,65.61128,14.96508,5368,0
sample_00671,69_67,control_20251127_1393,,0,2025-11-27,,2,7.034036885,80.84010339,174.86,545.25,174.86,615.72,286.79,402.72,7.0,0.06496,1.19002,15.39088,20.52753,33.12336,13.91472,2.15013,5.45687,57.57856,19.80143,1393,0
sample_00672,56_65,control_20251127_197,,0,2025-11-27,,0,6.975180505,80.50301423,174.86,545.25,174.86,615.72,286.79,402.72,7.0,0.06282,1.28239,12.7898,18.80958,19.26168,2.03931,2.16252,5.13234,66.35986,13.60171,197,0
sample_00673,65_67,control_20251127_985,,0,2025-11-27,,2,7.010578005,80.73659803,174.86,545.25,174.86,615.72,286.79,402.72,7.0,0.06509,1.17696,15.64958,24.7373,28.39351,4.95975,2.28078,5.29869,53.21476,21.10423,985,0
sample_00674,55_64,control_20251127_1636,,0,2025-11-27,,4,6.929084146,80.47704329,174.86,545.25,174.86,615.72,286.79,402.72,7.0,0.05929,1.24908,12.65993,20.08281,21.30338,3.09821,2.06682,5.08113,64.56347,13.92941,1636,0
sample_00675,66_66,control_20251127_3456,,0,2025-11-27,,0,6.995854466,80.75651918,174.86,545.25,174.86,615.72,286.79,402.72,7.0,0.06919,1.15903,15.79078,25.8003,29.58377,5.02968,2.30483,5.31263,51.71691,21.28759,3456,0
sample_00676,59_58,control_20251127_2274,,0,2025-11-27,,4,6.769096056,80.57877722,174.86,545.25,174.86,615.72,286.79,402.72,7.0,0.05684,1.26421,12.29836,22.12202,23.12745,5.20028,2.37297,5.15455,61.50723,14.34635,2274,0
sample_00677,72_67,control_20251127_3612,,0,2025-11-27,,3,7.027460944,80.9198419,174.86,545.25,174.86,615.72,286.79,402.72,7.0,0.06532,1.21353,15.84686,17.04783,37.10652,21.40631,2.14853,5.46247,60.69407,19.44197,3612,0
sample_00678,58_62,control_20251127_3591,,0,2025-11-27,,2,6.892500307,80.54954113,174.86,545.25,174.86,615.72,286.79,402.72,7.0,0.05961,1.2588,13.39535,20.47204,21.22768,3.22503,2.19999,5.06522,63.75516,14.32947,3591,0
sample_00679,67_66,control_20251127_1495,,0,2025-11-27,,4,6.99871543,80.8096648,174.86,545.25,174.86,615.72,286.79,402.72,7.0,0.06805,1.15709,15.68387,23.70112,32.39563,9.78861,2.26171,5.2832,53.4328,21.28198,1495,0
sample_00680,57_62,control_20251127_3763,,0,2025-11-27,,1,6.883256949,80.53511837,174.86,545.25,174.86,615.72,286.79,402.72,7.0,0.05889,1.26022,13.3914,20.47202,21.4395,3.53523,2.19391,5.0489,64.05925,13.93963,3763,0
sample_00681,63_64,control_20251127_4720,,0,2025-11-27,,3,6.94379781,80.68977461,174.86,545.25,174.86,615.72,286.79,402.72,7.0,0.06727,1.14495,15.78344,28.60106,28.4562,0.65534,2.33918,5.30338,49.38439,21.93054,4720,0
sample_00682,60_66,control_20251127_4141,,0,2025-11-27,,3,7.007944417,80.60772359,174.86,545.25,174.86,615.72,286.79,402.72,7.0,0.06348,1.20778,14.32569,21.02215,21.1389,1.43881,2.26074,5.22763,61.35253,16.6271,4141,0
sample_00683,68_61,control_20251127_5182,,0,2025-11-27,,3,6.851372784,80.8184935,174.86,545.25,174.86,615.72,286.79,402.72,7.0,0.07746,1.16865,14.68917,25.38932,26.00178,1.46786,2.20143,5.27278,50.83287,22.58844,5182,0
sample_00684,67_64,control_20251127_139,,0,2025-11-27,,0,6.934981005,80.80471103,174.86,545.25,174.86,615.72,286.79,402.72,7.0,0.07512,1.12593,15.00636,27.06117,30.36993,4.13297,2.15972,5.29643,49.23904,22.72717,139,0
sample_00685,65_67,control_20251127_3392,,0,2025-11-27,,2,7.011696724,80.75113918,174.86,545.25,174.86,615.72,286.79,402.72,7.0,0.06546,1.17504,15.65112,24.65696,28.74883,5.40718,2.28369,5.29209,53.15646,21.19049,3392,0
sample_00686,70_72,control_20251127_1673,,0,2025-11-27,,2,7.146028291,80.88518976,174.86,545.25,174.86,615.72,286.79,402.72,7.0,0.05625,1.32846,13.86757,16.37316,28.40299,13.24792,1.30807,5.71523,64.76108,17.17562,1673,0
sample_00687,66_60,control_20251127_5276,,0,2025-11-27,,2,6.820015663,80.76715874,174.86,545.25,174.86,615.72,286.79,402.72,7.0,0.07435,1.17793,14.08849,26.00293,26.17533,1.29431,2.23685,5.23281,50.82946,22.18853,5276,0
sample_00688,65_71,control_20251127_2585,,0,2025-11-27,,1,7.122574633,80.74600072,174.86,545.25,174.86,615.72,286.79,402.72,7.0,0.0569,1.25634,14.22338,23.65907,29.68166,7.83148,1.53197,5.44261,54.8535,19.84867,2585,0
sample_00689,67_61,control_20251127_2427,,0,2025-11-27,,3,6.857474521,80.80289164,174.86,545.25,174.86,615.72,286.79,402.72,7.0,0.07719,1.16618,14.69038,26.36742,26.22405,0.6339,2.20782,5.2619,49.53296,23.18094,2427,0
sample_00690,58_61,control_20251127_1193,,0,2025-11-27,,4,6.859658347,80.55144576,174.86,545.25,174.86,615.72,286.79,402.72,7.0,0.06028,1.25779,12.99716,21.32487,21.95,3.62173,2.25276,4.98608,62.69163,14.40849,1193,0
sample_00691,64_66,control_20251127_3795,,0,2025-11-27,,3,6.985994469,80.71735913,174.86,545.25,174.86,615.72,286.79,402.72,7.0,0.06871,1.15404,15.42755,26.41563,27.99755,2.63694,2.29665,5.25132,51.70311,21.26188,3795,0
sample_00692,63_69,control_20251127_4567,,0,2025-11-27,,1,7.080150457,80.69805077,174.86,545.25,174.86,615.72,286.79,402.72,7.0,0.06212,1.21749,14.57467,24.83978,28.35735,4.82191,2.1169,5.34313,54.10171,19.92893,4567,0
sample_00693,72_69,control_20251127_1809,,0,2025-11-27,,3,7.077634967,80.92291273,174.86,545.25,174.86,615.72,286.79,402.72,7.0,0.06203,1.23793,15.40863,17.54196,32.96,16.69944,2.08429,5.56167,62.16093,17.99881,1809,0
sample_00694,65_64,control_20251127_3707,,0,2025-11-27,,2,6.932746433,80.73791225,174.86,545.25,174.86,615.72,286.79,402.72,7.0,0.07125,1.15578,15.60467,28.42321,29.20779,1.61168,2.24118,5.31565,48.45002,22.71257,3707,0
sample_00695,67_74,control_20251127_4535,,0,2025-11-27,,0,7.224969811,80.79494636,174.86,545.25,174.86,615.72,286.79,402.72,7.0,0.05337,1.34336,13.63255,20.7499,26.53826,6.74886,1.06,5.79737,62.11238,16.04521,4535,0
sample_00696,66_65,control_20251127_2822,,0,2025-11-27,,1,6.956949938,80.76341104,174.86,545.25,174.86,615.72,286.79,402.72,7.0,0.07201,1.1384,15.60838,27.36632,29.8791,3.44151,2.22727,5.31797,49.31412,22.50399,2822,0
sample_00697,61_58,control_20251127_2327,,0,2025-11-27,,2,6.767257568,80.63963652,174.86,545.25,174.86,615.72,286.79,402.72,7.0,0.05862,1.26367,13.68763,22.81341,24.83869,4.98502,2.45615,5.18857,59.12094,16.42434,2327,0
sample_00698,60_67,control_20251127_5328,,0,2025-11-27,,0,7.010002911,80.6143794,174.86,545.25,174.86,615.72,286.79,402.72,7.0,0.06379,1.20353,14.32826,21.61208,21.8127,1.51995,2.26777,5.22682,60.36926,17.04755,5328,0
sample_00699,58_60,control_20251127_553,,0,2025-11-27,,1,6.831271005,80.53881003,174.86,545.25,174.86,615.72,286.79,402.72,7.0,0.05786,1.26646,13.05268,20.65788,21.80243,4.47342,2.4875,5.06241,63.6809,13.98711,553,0
sample_00700,57_60,control_20251127_3489,,0,2025-11-27,,0,6.844088164,80.52340012,174.86,545.25,174.86,615.72,286.79,402.72,7.0,0.05662,1.25841,12.25183,21.59851,23.4807,4.83812,2.61142,5.00416,62.42201,14.35196,3489,0
sample_00701,60_62,control_20251127_1835,,0,2025-11-27,,4,6.894003088,80.60722074,174.86,545.25,174.86,615.72,286.79,402.72,7.0,0.06274,1.2311,14.13058,22.70368,22.6004,2.05535,2.25147,5.07199,59.68487,16.58651,1835,0
sample_00702,72_69,control_20251127_4940,,0,2025-11-27,,3,7.07362564,80.94177829,197.46,487.29,197.46,568.48,282.28,366.78,7.0,0.06347,1.261,14.71261,16.78935,31.5473,16.08927,1.92651,5.62514,63.33146,17.3824,4940,0
sample_00703,62_62,control_20251127_2654,,0,2025-11-27,,4,6.876239395,80.67324492,174.86,545.25,174.86,615.72,286.79,402.72,7.0,0.06376,1.18533,14.55587,26.9768,26.52922,0.92472,2.22933,5.22148,52.19738,20.45703,2654,0
sample_00704,73_72,control_20251127_4428,,0,2025-11-27,,2,7.15290586,80.9562219,197.46,487.29,197.46,568.48,282.28,366.78,7.0,0.05659,1.3869,13.48979,13.14684,26.37076,14.36763,0.98602,5.83555,69.85617,15.16166,4428,0
sample_00705,57_61,control_20251127_1067,,0,2025-11-27,,2,6.872426788,80.52005283,174.86,545.25,174.86,615.72,286.79,402.72,7.0,0.05843,1.24778,13.38992,20.59982,21.67569,3.7288,2.19443,5.03753,64.03415,13.78758,1067,0
sample_00706,70_69,control_20251127_133,,0,2025-11-27,,1,7.069427805,80.87701288,174.86,545.25,174.86,615.72,286.79,402.72,7.0,0.06233,1.20944,16.03983,19.91806,34.20533,15.61061,2.19822,5.48008,58.55196,19.36085,133,0
sample_00707,69_68,control_20251127_1221,,0,2025-11-27,,4,7.060807033,80.83916231,174.86,545.25,174.86,615.72,286.79,402.72,7.0,0.06286,1.21735,15.18607,20.25461,31.68987,12.71811,2.10312,5.4408,58.10777,19.87162,1221,0
sample_00708,60_60,control_20251127_191,,0,2025-11-27,,3,6.835288005,80.61434403,174.86,545.25,174.86,615.72,286.79,402.72,7.0,0.062,1.23577,13.4326,23.34697,23.74434,3.83575,2.28648,5.09462,58.58636,16.46271,191,0
sample_00709,59_62,control_20251127_4208,,0,2025-11-27,,2,6.888090174,80.59026694,174.86,545.25,174.86,615.72,286.79,402.72,7.0,0.06196,1.24145,14.12471,21.58337,21.65473,2.37843,2.23646,5.07149,61.54567,15.67729,4208,0
sample_00710,61_69,control_20251127_817,,0,2025-11-27,,1,7.065056005,80.63618703,174.86,545.25,174.86,615.72,286.79,402.72,7.0,0.06483,1.24741,14.2179,24.09091,25.70058,2.53363,1.49534,5.36692,55.99996,18.96648,817,0
sample_00711,56_61,control_20251127_4761,,0,2025-11-27,,4,6.865852971,80.50502744,174.86,545.25,174.86,615.72,286.79,402.72,7.0,0.05529,1.2632,11.78782,21.50602,22.97864,3.92739,2.33376,4.99803,63.03009,14.04438,4761,0
sample_00712,64_66,control_20251127_2357,,0,2025-11-27,,3,6.996759369,80.706842,174.86,545.25,174.86,615.72,286.79,402.72,7.0,0.06796,1.16782,15.42473,25.99413,27.57226,2.69135,2.27946,5.26614,52.43691,20.88566,2357,0
sample_00713,71_74,control_20251127_1379,,0,2025-11-27,,2,7.200613513,80.91817438,174.86,545.25,174.86,615.72,286.79,402.72,7.0,0.05396,1.39475,13.48618,13.87933,26.02831,13.22579,0.98116,5.86578,69.3812,15.33505,1379,0
sample_00714,65_62,control_20251127_1156,,0,2025-11-27,,1,6.880444339,80.74659686,174.86,545.25,174.86,615.72,286.79,402.72,7.0,0.0717,1.14557,15.33604,28.10439,28.12504,0.94241,2.27555,5.27277,48.6233,22.73024,1156,0
sample_00715,72_67,control_20251127_3326,,0,2025-11-27,,3,7.013973329,80.92489866,174.86,545.25,174.86,615.72,286.79,402.72,7.0,0.06817,1.20516,15.75774,17.01264,35.00782,19.26007,2.10973,5.45898,60.78026,19.50923,3326,0
sample_00716,68_59,control_20251127_4482,,0,2025-11-27,,1,6.797900728,80.82920714,174.86,545.25,174.86,615.72,286.79,402.72,7.0,0.07537,1.18833,14.7046,23.64919,26.57259,4.08892,2.17136,5.36928,53.66551,21.02318,4482,0
sample_00717,59_59,control_20251127_5039,,0,2025-11-27,,4,6.79753405,80.58117659,174.86,545.25,174.86,615.72,286.79,402.72,7.0,0.05825,1.25732,13.03033,22.20358,20.52085,4.76687,2.41088,5.12068,61.4027,13.83229,5039,0
sample_00718,62_68,control_20251127_739,,0,2025-11-27,,4,7.048397005,80.66192603,174.86,545.25,174.86,615.72,286.79,402.72,7.0,0.06763,1.20459,14.58238,24.5375,25.89546,2.3204,2.09044,5.29483,55.22623,19.30339,739,0
sample_00719,60_65,control_20251127_2441,,0,2025-11-27,,1,6.965234004,80.59437087,174.86,545.25,174.86,615.72,286.79,402.72,7.0,0.06374,1.21768,13.42276,18.31621,18.77837,1.85517,2.28125,5.14773,65.72698,14.92587,2441,0
sample_00720,63_61,control_20251127_5016,,0,2025-11-27,,3,6.860781873,80.67634678,174.86,545.25,174.86,615.72,286.79,402.72,7.0,0.06395,1.18955,14.554,25.89765,25.70949,1.54947,2.23443,5.2201,53.66324,19.72594,5016,0
sample_00721,67_63,control_20251127_2842,,0,2025-11-27,,2,6.90537358,80.79147648,174.86,545.25,174.86,615.72,286.79,402.72,7.0,0.07581,1.14275,15.03132,29.14354,29.65884,1.03875,2.16641,5.27833,46.41885,23.9425,2842,0
sample_00722,62_70,control_20251127_2398,,0,2025-11-27,,3,7.095116117,80.65713071,174.86,545.25,174.86,615.72,286.79,402.72,7.0,0.06496,1.25167,14.22056,24.56482,26.27063,2.76033,1.48602,5.39517,55.20371,19.1458,2398,0
sample_00723,61_69,control_20251127_327,,0,2025-11-27,,1,7.070071805,80.63543203,174.86,545.25,174.86,615.72,286.79,402.72,7.0,0.06483,1.24741,14.2179,24.09091,25.70058,2.53363,1.49534,5.36692,55.99996,18.96648,327,0
sample_00724,68_68,control_20251127_2504,,0,2025-11-27,,1,7.042104727,80.83596368,174.86,545.25,174.86,615.72,286.79,402.72,7.0,0.06395,1.19592,15.38853,20.81198,32.35997,12.90821,2.138,5.46911,57.46539,19.71756,2504,0
sample_00725,70_67,control_20251127_606,,0,2025-11-27,,2,7.026023005,80.87856603,174.86,545.25,174.86,615.72,286.79,402.72,7.0,0.06638,1.18504,15.39593,18.13054,38.03347,21.28707,2.15853,5.45253,59.21321,19.88167,606,0
sample_00726,59_64,control_20251127_2913,,0,2025-11-27,,3,6.929844692,80.56749698,174.86,545.25,174.86,615.72,286.79,402.72,7.0,0.06059,1.26001,13.39654,18.59388,19.38733,2.63921,2.18133,5.1017,65.98182,14.16425,2913,0
sample_00727,59_61,control_20251127_4035,,0,2025-11-27,,2,6.859775909,80.5723926,174.86,545.25,174.86,615.72,286.79,402.72,7.0,0.06115,1.2533,14.10524,20.99921,20.95444,2.97349,2.17856,5.12585,62.41286,15.0604,4035,0
sample_00728,65_61,control_20251127_2967,,0,2025-11-27,,4,6.849469438,80.75185383,174.86,545.25,174.86,615.72,286.79,402.72,7.0,0.07165,1.15912,14.56796,26.64325,26.57007,1.0225,2.28397,5.21319,50.80131,21.79983,2967,0
sample_00729,60_64,control_20251127_560,,0,2025-11-27,,0,6.950989552,80.60425487,174.86,545.25,174.86,615.72,286.79,402.72,7.0,0.06416,1.2074,13.42697,20.00316,20.31248,1.75024,2.30037,5.13867,63.22983,15.84678,560,0
sample_00730,58_58,control_20251127_2737,,0,2025-11-27,,1,6.777840612,80.54672911,174.86,545.25,174.86,615.72,286.79,402.72,7.0,0.05493,1.28179,11.79097,21.13118,22.93551,5.6304,2.47443,5.11743,63.5598,13.46358,2737,0
sample_00731,66_66,control_20251127_3799,,0,2025-11-27,,0,6.988236845,80.76456155,174.86,545.25,174.86,615.72,286.79,402.72,7.0,0.0702,1.15153,15.79309,26.05529,29.91969,5.04756,2.32059,5.29922,51.23493,21.53895,3799,0
sample_00732,67_60,control_20251127_1843,,0,2025-11-27,,4,6.820918823,80.78636211,174.86,545.25,174.86,615.72,286.79,402.72,7.0,0.07621,1.17243,14.09036,26.1289,25.22615,-0.01918,2.24424,5.23303,49.84677,23.12329,1843,0
sample_00733,54_63,control_20251127_1726,,0,2025-11-27,,1,6.918936538,80.43930827,174.86,545.25,174.86,615.72,286.79,402.72,7.0,0.05544,1.26461,11.59088,19.93172,23.07804,4.84769,2.09573,4.94895,66.0974,12.55373,1726,0
sample_00734,66_62,control_20251127_1696,,0,2025-11-27,,4,6.878408005,80.75980147,174.86,545.25,174.86,615.72,286.79,402.72,7.0,0.07254,1.14265,15.33718,28.12186,28.14274,0.8903,2.28025,5.27039,48.3739,22.9326,1696,0
sample_00735,64_69,control_20251127_5420,,0,2025-11-27,,3,7.084998786,80.70191378,174.86,545.25,174.86,615.72,286.79,402.72,7.0,0.06093,1.2499,13.9677,24.35981,27.9714,4.95821,1.51233,5.35418,55.06183,19.37528,5420,0
sample_00736,64_65,control_20251127_4991,,0,2025-11-27,,3,6.958360261,80.72599171,174.86,545.25,174.86,615.72,286.79,402.72,7.0,0.06949,1.14593,15.78917,27.79836,29.01198,2.16371,2.34627,5.28905,49.63422,22.01079,4991,0
sample_00737,64_69,control_20251127_2922,,0,2025-11-27,,3,7.072667957,80.726593,174.86,545.25,174.86,615.72,286.79,402.72,7.0,0.06252,1.20651,14.58155,24.76967,29.72633,6.42763,2.14007,5.31648,53.47635,20.4693,2922,0
sample_00738,60_61,control_20251127_3673,,0,2025-11-27,,2,6.861511916,80.6085486,174.86,545.25,174.86,615.72,286.79,402.72,7.0,0.06342,1.23587,13.65611,22.97111,23.23707,3.0873,2.29484,5.0669,59.22889,16.42787,3673,0
sample_00739,57_62,control_20251127_2449,,0,2025-11-27,,1,6.901090474,80.51232312,174.86,545.25,174.86,615.72,286.79,402.72,7.0,0.05744,1.25259,12.6397,20.88336,21.3115,2.61389,2.09168,5.04964,63.37661,14.34348,2449,0
sample_00740,59_64,control_20251127_2902,,0,2025-11-27,,3,6.935444197,80.57900931,174.86,545.25,174.86,615.72,286.79,402.72,7.0,0.06319,1.25764,13.41974,17.94894,18.29299,2.04521,2.29441,5.12627,66.61739,14.29096,2902,0
sample_00741,57_63,control_20251127_4383,,0,2025-11-27,,4,6.911388995,80.53030783,174.86,545.25,174.86,615.72,286.79,402.72,7.0,0.05938,1.2714,13.38873,19.45738,20.5549,3.26349,2.17174,5.06651,65.4211,13.68519,4383,0
sample_00742,66_72,control_20251127_651,,0,2025-11-27,,0,7.151356605,80.76001003,174.86,545.25,174.86,615.72,286.79,402.72,7.0,0.05544,1.26234,14.2242,23.10142,28.38492,6.84135,1.52133,5.49388,56.39024,19.02078,651,0
sample_00743,54_63,control_20251127_4702,,0,2025-11-27,,1,6.923891421,80.44296726,174.86,545.25,174.86,615.72,286.79,402.72,7.0,0.0584,1.26321,12.65572,20.18231,21.94536,3.53682,2.04949,5.05333,64.83184,13.53996,4702,0
sample_00744,63_59,control_20251127_4106,,0,2025-11-27,,1,6.816305371,80.69460791,174.86,545.25,174.86,615.72,286.79,402.72,7.0,0.06505,1.20125,13.95709,24.96685,26.16123,3.22549,2.27648,5.19088,54.62908,19.19956,4106,0
sample_00745,59_65,control_20251127_2250,,0,2025-11-27,,4,6.962277452,80.58728006,174.86,545.25,174.86,615.72,286.79,402.72,7.0,0.06329,1.22367,13.41946,16.45416,17.00532,1.92101,2.27221,5.14994,68.4999,13.92214,2250,0
sample_00746,72_69,control_20251127_2436,,0,2025-11-27,,3,7.080275962,80.92504447,174.86,545.25,174.86,615.72,286.79,402.72,7.0,0.06203,1.23793,15.40863,17.54196,32.96,16.69944,2.08429,5.56167,62.16093,17.99881,2436,0
sample_00747,63_62,control_20251127_2492,,0,2025-11-27,,0,6.894099157,80.68566524,174.86,545.25,174.86,615.72,286.79,402.72,7.0,0.06444,1.17804,14.55902,28.33633,27.68068,0.36403,2.2323,5.21942,50.19474,21.41774,2492,0
sample_00748,58_61,control_20251127_1913,,0,2025-11-27,,4,6.85592983,80.55986499,174.86,545.25,174.86,615.72,286.79,402.72,7.0,0.05985,1.26048,13.2516,20.85565,21.69834,3.98647,2.40529,5.07138,63.07166,14.52194,1913,0
sample_00749,59_61,control_20251127_3320,,0,2025-11-27,,2,6.871800014,80.59272141,174.86,545.25,174.86,615.72,286.79,402.72,7.0,0.06238,1.23434,14.11297,21.95911,21.75654,2.4547,2.19263,5.13726,60.61762,16.14781,3320,0
sample_00750,55_64,control_20251127_5071,,0,2025-11-27,,4,6.945427857,80.47120232,174.86,545.25,174.86,615.72,286.79,402.72,7.0,0.05968,1.25553,12.6586,19.97943,21.29232,3.0722,2.05042,5.09242,64.67827,13.92873,5071,0
sample_00751,60_63,control_20251127_2305,,0,2025-11-27,,1,6.920036624,80.5963876,174.86,545.25,174.86,615.72,286.79,402.72,7.0,0.06153,1.23914,13.40619,21.20968,21.68081,2.32927,2.21417,5.09602,61.89845,15.84244,2305,0
sample_00752,56_64,control_20251127_5105,,0,2025-11-27,,0,6.92928152,80.50816697,174.86,545.25,174.86,615.72,286.79,402.72,7.0,0.05826,1.25578,12.63736,20.03379,20.55187,2.40778,2.06987,5.06669,64.5332,14.09048,5105,0
sample_00753,59_61,control_20251127_2818,,0,2025-11-27,,2,6.868228133,80.59109255,174.86,545.25,174.86,615.72,286.79,402.72,7.0,0.06197,1.24432,14.11029,21.51546,21.3869,2.5996,2.18609,5.13541,61.38119,15.7558,2818,0
sample_00754,66_62,control_20251127_2491,,0,2025-11-27,,4,6.884763963,80.78152464,174.86,545.25,174.86,615.72,286.79,402.72,7.0,0.07556,1.16551,14.69165,27.57023,27.66511,0.84681,2.19992,5.25782,48.441,23.29623,2491,0
sample_00755,73_71,control_20251127_2981,,0,2025-11-27,,0,7.144527724,80.9566787,197.46,487.29,197.46,568.48,282.28,366.78,7.0,0.05682,1.34891,13.75608,14.56052,27.40685,13.94324,1.16355,5.77803,67.62588,16.04837,2981,0
sample_00756,65_59,control_20251127_2487,,0,2025-11-27,,3,6.797226604,80.72871155,174.86,545.25,174.86,615.72,286.79,402.72,7.0,0.06744,1.19637,13.96198,24.81895,26.54579,3.39512,2.28767,5.21245,54.15011,19.74963,2487,0
sample_00757,65_70,control_20251127_3598,,0,2025-11-27,,4,7.111070236,80.75241056,174.86,545.25,174.86,615.72,286.79,402.72,7.0,0.05886,1.25827,14.1615,23.8443,30.74665,9.21977,1.51182,5.38839,53.74532,20.4016,3598,0
sample_00758,58_58,control_20251127_1507,,0,2025-11-27,,1,6.772186976,80.55724981,174.86,545.25,174.86,615.72,286.79,402.72,7.0,0.05547,1.27207,11.79265,21.38143,22.78589,5.55805,2.47815,5.12214,62.52003,14.14152,1507,0
sample_00759,59_58,control_20251127_2418,,0,2025-11-27,,4,6.784010209,80.56979168,174.86,545.25,174.86,615.72,286.79,402.72,7.0,0.05718,1.26253,13.02746,21.70216,22.0351,5.2163,2.40855,5.11872,62.02941,14.12987,2418,0
sample_00760,60_69,control_20251127_5019,,0,2025-11-27,,2,7.064407401,80.61097691,174.86,545.25,174.86,615.72,286.79,402.72,7.0,0.06567,1.25173,13.45431,24.43865,23.45119,0.39294,1.4943,5.41889,56.35093,18.30314,5019,0
sample_00761,70_72,control_20251127_1429,,0,2025-11-27,,2,7.164415245,80.87434752,174.86,545.25,174.86,615.72,286.79,402.72,7.0,0.05499,1.33273,13.86658,16.83105,27.7924,12.16771,1.30088,5.73666,64.54733,17.09956,1429,0
sample_00762,66_61,control_20251127_3468,,0,2025-11-27,,0,6.856342846,80.78054665,174.86,545.25,174.86,615.72,286.79,402.72,7.0,0.07657,1.16321,14.68844,26.69787,25.68488,-0.21301,2.21401,5.25845,49.18067,23.35288,3468,0
sample_00763,68_68,control_20251127_4185,,0,2025-11-27,,1,7.041310588,80.830838,174.86,545.25,174.86,615.72,286.79,402.72,7.0,0.06395,1.19592,15.38853,20.81198,32.35997,12.90821,2.138,5.46911,57.46539,19.71756,4185,0
sample_00764,57_62,control_20251127_4866,,0,2025-11-27,,1,6.895245774,80.52816352,174.86,545.25,174.86,615.72,286.79,402.72,7.0,0.0592,1.26165,13.38963,19.83501,20.89399,3.35131,2.17935,5.06033,64.91278,13.79039,4866,0
sample_00765,61_64,control_20251127_2413,,0,2025-11-27,,4,6.937950055,80.62074037,174.86,545.25,174.86,615.72,286.79,402.72,7.0,0.06467,1.21599,14.58192,22.79537,22.08835,0.748,2.25256,5.17264,58.77642,17.77783,2413,0
sample_00766,59_67,control_20251127_956,,0,2025-11-27,,0,7.022164005,80.59246803,174.86,545.25,174.86,615.72,286.79,402.72,7.0,0.0621,1.21458,13.35363,21.81242,20.86481,0.36513,2.17646,5.24685,61.01897,16.25218,956,0
sample_00767,65_60,control_20251127_2773,,0,2025-11-27,,0,6.83872319,80.74950295,174.86,545.25,174.86,615.72,286.79,402.72,7.0,0.07155,1.16587,14.56672,26.28859,26.26334,1.13772,2.28512,5.21432,51.30491,21.57262,2773,0
sample_00768,57_61,control_20251127_2643,,0,2025-11-27,,2,6.853646165,80.51401376,174.86,545.25,174.86,615.72,286.79,402.72,7.0,0.05544,1.25994,12.45458,21.76316,23.02974,3.92465,2.50584,4.98805,62.57304,14.20519,2643,0
sample_00769,61_67,control_20251127_5292,,0,2025-11-27,,4,7.014194232,80.63510014,174.86,545.25,174.86,615.72,286.79,402.72,7.0,0.06661,1.19713,14.615,23.69771,24.44837,2.16643,2.25258,5.27593,57.06379,18.2786,5292,0
sample_00770,61_60,control_20251127_1783,,0,2025-11-27,,0,6.833003792,80.62817175,174.86,545.25,174.86,615.72,286.79,402.72,7.0,0.0625,1.22823,13.43522,23.66719,24.19693,3.71502,2.29189,5.09547,57.96212,16.86805,1783,0
sample_00771,61_60,control_20251127_3118,,0,2025-11-27,,0,6.835778375,80.62789932,174.86,545.25,174.86,615.72,286.79,402.72,7.0,0.0625,1.22823,13.43522,23.66719,24.19693,3.71502,2.29189,5.09547,57.96212,16.86805,3118,0
sample_00772,54_63,control_20251127_1128,,0,2025-11-27,,1,6.927652929,80.44193547,174.86,545.25,174.86,615.72,286.79,402.72,7.0,0.0584,1.26321,12.65572,20.18231,21.94536,3.53682,2.04949,5.05333,64.83184,13.53996,1128,0
sample_00773,65_62,control_20251127_490,,0,2025-11-27,,1,6.882298005,80.73607503,174.86,545.25,174.86,615.72,286.79,402.72,7.0,0.07084,1.14872,15.33487,28.10341,28.10826,0.97598,2.27046,5.27565,48.854,22.53543,490,0
sample_00774,60_62,control_20251127_455,,0,2025-11-27,,4,6.880140005,80.60114103,174.86,545.25,174.86,615.72,286.79,402.72,7.0,0.0624,1.23927,14.11292,21.76971,21.66127,2.33257,2.18752,5.14082,60.84576,16.18389,455,0
sample_00775,59_62,control_20251127_1755,,0,2025-11-27,,2,6.874935321,80.5783878,174.86,545.25,174.86,615.72,286.79,402.72,7.0,0.06158,1.24876,14.10766,21.11591,21.07925,2.73306,2.17978,5.13274,62.07796,15.39931,1755,0
sample_00776,64_67,control_20251127_869,,0,2025-11-27,,3,7.026128005,80.71338103,174.86,545.25,174.86,615.72,286.79,402.72,7.0,0.06713,1.18451,15.42184,25.18044,27.41614,3.51482,2.24145,5.29502,53.48036,20.38307,869,0
sample_00777,67_73,control_20251127_4714,,0,2025-11-27,,4,7.184010322,80.78501637,174.86,545.25,174.86,615.72,286.79,402.72,7.0,0.05499,1.30737,13.88331,21.75862,27.65882,7.2651,1.35043,5.68113,59.05998,17.69304,4714,0
sample_00778,59_61,control_20251127_4856,,0,2025-11-27,,2,6.869926889,80.59084612,174.86,545.25,174.86,615.72,286.79,402.72,7.0,0.06197,1.24432,14.11029,21.51546,21.3869,2.5996,2.18609,5.13541,61.38119,15.7558,4856,0
sample_00779,68_72,control_20251127_3301,,0,2025-11-27,,1,7.156259858,80.81237139,174.86,545.25,174.86,615.72,286.79,402.72,7.0,0.0553,1.28661,14.857,21.42959,28.54082,8.4199,1.50328,5.57644,58.87029,18.29968,3301,0
sample_00780,60_66,control_20251127_1806,,0,2025-11-27,,3,6.994084357,80.61914805,174.86,545.25,174.86,615.72,286.79,402.72,7.0,0.06327,1.19664,14.32932,21.08047,21.23771,1.47635,2.28735,5.21583,61.18322,16.8162,1806,0
sample_00781,56_59,control_20251127_1110,,0,2025-11-27,,2,6.811798233,80.50582603,174.86,545.25,174.86,615.72,286.79,402.72,7.0,0.05286,1.26233,11.77456,21.02747,23.4625,5.19044,2.51252,4.98021,63.86071,13.56834,1110,0
sample_00782,63_66,control_20251127_2827,,0,2025-11-27,,0,7.003339121,80.68438657,174.86,545.25,174.86,615.72,286.79,402.72,7.0,0.0666,1.18255,15.41815,25.22242,26.27312,2.2152,2.2542,5.29271,53.99212,20.08044,2827,0
sample_00783,71_70,control_20251127_1936,,0,2025-11-27,,3,7.098342102,80.89961303,174.86,545.25,174.86,615.72,286.79,402.72,7.0,0.06021,1.25437,15.22107,17.41329,30.87946,14.63317,2.12431,5.53404,62.49891,18.30634,1936,0
sample_00784,61_59,control_20251127_1580,,0,2025-11-27,,0,6.816252725,80.64663429,174.86,545.25,174.86,615.72,286.79,402.72,7.0,0.0632,1.22599,13.4397,23.98984,24.8875,3.88165,2.30266,5.10453,57.22065,17.28864,1580,0
sample_00785,62_67,control_20251127_484,,0,2025-11-27,,1,7.017487005,80.65126603,174.86,545.25,174.86,615.72,286.79,402.72,7.0,0.06667,1.19413,14.6183,24.60543,25.81049,2.62581,2.25471,5.27196,55.50202,18.90532,484,0
sample_00786,60_62,control_20251127_427,,0,2025-11-27,,4,6.892152005,80.59718503,174.86,545.25,174.86,615.72,286.79,402.72,7.0,0.06234,1.2364,14.12761,22.11106,22.09269,2.22464,2.24383,5.07218,60.66133,16.11188,427,0
sample_00787,57_63,control_20251127_1731,,0,2025-11-27,,4,6.911445588,80.52771556,174.86,545.25,174.86,615.72,286.79,402.72,7.0,0.05938,1.2714,13.38873,19.45738,20.5549,3.26349,2.17174,5.06651,65.4211,13.68519,1731,0
sample_00788,69_72,control_20251127_3004,,0,2025-11-27,,4,7.169748715,80.8423002,174.86,545.25,174.86,615.72,286.79,402.72,7.0,0.05446,1.33455,13.8202,18.93659,28.6992,10.95233,1.26383,5.72645,62.15958,17.57079,3004,0
sample_00789,68_64,control_20251127_2935,,0,2025-11-27,,1,6.939309821,80.82621567,174.86,545.25,174.86,615.72,286.79,402.72,7.0,0.07561,1.12821,15.00814,25.49281,30.25717,5.73086,2.15515,5.30117,51.17727,22.00747,2935,0
sample_00790,55_65,control_20251127_248,,0,2025-11-27,,0,6.968667005,80.45919703,174.86,545.25,174.86,615.72,286.79,402.72,7.0,0.05986,1.26561,12.65482,20.2801,22.01293,3.36825,2.02353,5.08521,64.4423,13.84384,248,0
sample_00791,55_66,control_20251127_1099,,0,2025-11-27,,0,7.0018018,80.4811514,174.86,545.25,174.86,615.72,286.79,402.72,7.0,0.06065,1.29494,12.12619,19.19759,21.05243,3.40113,1.56565,5.2064,65.8615,13.56684,1099,0
sample_00792,59_58,control_20251127_2419,,0,2025-11-27,,4,6.787630706,80.57261626,174.86,545.25,174.86,615.72,286.79,402.72,7.0,0.05718,1.26253,13.02746,21.70216,22.0351,5.2163,2.40855,5.11872,62.02941,14.12987,2419,0
sample_00793,59_63,control_20251127_1978,,0,2025-11-27,,0,6.915493325,80.58473567,174.86,545.25,174.86,615.72,286.79,402.72,7.0,0.06115,1.24447,13.40322,20.48227,21.03932,2.46898,2.20574,5.09638,63.06669,15.31613,1978,0
sample_00794,62_70,control_20251127_2458,,0,2025-11-27,,3,7.098393567,80.65316138,174.86,545.25,174.86,615.72,286.79,402.72,7.0,0.06496,1.25167,14.22056,24.56482,26.27063,2.76033,1.48602,5.39517,55.20371,19.1458,2458,0
sample_00795,65_71,control_20251127_931,,0,2025-11-27,,1,7.138927505,80.73047779,174.86,545.25,174.86,615.72,286.79,402.72,7.0,0.05702,1.26106,14.2202,23.70821,28.28372,6.14666,1.525,5.47023,55.42167,19.40175,931,0
sample_00796,62_68,control_20251127_507,,0,2025-11-27,,4,7.047075005,80.66283703,174.86,545.25,174.86,615.72,286.79,402.72,7.0,0.06763,1.20459,14.58238,24.5375,25.89546,2.3204,2.09044,5.29483,55.22623,19.30339,507,0
sample_00797,55_66,control_20251127_1022,,0,2025-11-27,,0,6.994825005,80.48113303,174.86,545.25,174.86,615.72,286.79,402.72,7.0,0.06248,1.29253,12.79422,19.14495,20.87264,3.2904,2.03831,5.17352,65.67743,13.78113,1022,0
sample_00798,70_72,control_20251127_3095,,0,2025-11-27,,2,7.170522703,80.88442349,174.86,545.25,174.86,615.72,286.79,402.72,7.0,0.05564,1.37613,13.49924,14.97538,26.98649,13.22383,0.98913,5.81313,67.43537,16.00085,3095,0
sample_00799,68_61,control_20251127_1684,,0,2025-11-27,,3,6.868814374,80.81156346,174.86,545.25,174.86,615.72,286.79,402.72,7.0,0.07697,1.16831,14.69164,26.05402,26.92355,1.69247,2.19858,5.26577,50.10442,22.78781,1684,0
sample_00800,69_72,control_20251127_2587,,0,2025-11-27,,4,7.156318269,80.83932844,174.86,545.25,174.86,615.72,286.79,402.72,7.0,0.05474,1.29312,15.04472,19.78981,28.54408,9.96575,1.44869,5.64329,60.48601,18.35297,2587,0
sample_00801,61_59,control_20251127_2956,,0,2025-11-27,,0,6.811280635,80.62477355,174.86,545.25,174.86,615.72,286.79,402.72,7.0,0.06222,1.23427,13.43476,23.50613,24.00626,4.07039,2.29224,5.10288,58.27303,16.52021,2956,0
sample_00802,64_58,control_20251127_3291,,0,2025-11-27,,2,6.765964097,80.70208101,174.86,545.25,174.86,615.72,286.79,402.72,7.0,0.06232,1.24429,14.30788,23.25762,25.36346,4.2074,2.28422,5.25279,57.016,18.19155,3291,0
sample_00803,66_71,control_20251127_863,,0,2025-11-27,,4,7.141659031,80.78145694,174.86,545.25,174.86,615.72,286.79,402.72,7.0,0.05647,1.27778,14.5238,22.7527,29.08065,7.93002,1.51948,5.5284,56.94816,18.76786,863,0
sample_00804,60_68,control_20251127_3865,,0,2025-11-27,,1,7.046559534,80.5936921,174.86,545.25,174.86,615.72,286.79,402.72,7.0,0.0606,1.23259,12.9951,23.05511,22.70744,0.97173,1.60751,5.31118,59.00482,17.00907,3865,0
sample_00805,70_71,control_20251127_1539,,0,2025-11-27,,1,7.130807677,80.87005961,174.86,545.25,174.86,615.72,286.79,402.72,7.0,0.05496,1.30059,14.41019,18.03405,29.06831,12.25289,1.48653,5.63516,62.68843,17.68838,1539,0
sample_00806,60_67,control_20251127_211,,0,2025-11-27,,0,7.034838005,80.60018703,174.86,545.25,174.86,615.72,286.79,402.72,7.0,0.06247,1.21726,13.35335,22.34609,21.34929,0.3124,2.16708,5.2504,60.26379,16.47152,211,0
sample_00807,55_66,control_20251127_1537,,0,2025-11-27,,0,6.991044539,80.46801795,174.86,545.25,174.86,615.72,286.79,402.72,7.0,0.05956,1.27155,12.29904,20.31947,22.54275,3.78202,1.49138,5.15296,63.90936,14.35242,1537,0
sample_00808,65_60,control_20251127_3656,,0,2025-11-27,,0,6.841952241,80.75361434,174.86,545.25,174.86,615.72,286.79,402.72,7.0,0.07386,1.16991,14.68471,26.39025,26.05848,0.77319,2.20423,5.26391,50.54404,22.23615,3656,0
sample_00809,69_72,control_20251127_3549,,0,2025-11-27,,4,7.159306896,80.84055112,174.86,545.25,174.86,615.72,286.79,402.72,7.0,0.05623,1.32537,14.38577,19.06071,27.76889,9.93552,1.25691,5.70178,61.82617,17.70336,3549,0
sample_00810,70_67,control_20251127_5082,,0,2025-11-27,,2,7.010959529,80.88519697,174.86,545.25,174.86,615.72,286.79,402.72,7.0,0.06761,1.1947,15.18564,16.92919,40.45547,24.94984,2.01909,5.44002,59.6867,20.27417,5082,0
sample_00811,63_58,control_20251127_1983,,0,2025-11-27,,2,6.778107618,80.6784667,174.86,545.25,174.86,615.72,286.79,402.72,7.0,0.06241,1.24515,13.95156,23.92848,25.93054,4.3674,2.25811,5.2219,56.43058,18.10243,1983,0
sample_00812,57_60,control_20251127_2437,,0,2025-11-27,,0,6.82642623,80.52605245,174.86,545.25,174.86,615.72,286.79,402.72,7.0,0.05651,1.26596,12.25433,20.51802,22.30202,5.07109,2.62797,5.0112,63.98701,13.79908,2437,0
sample_00813,55_64,control_20251127_4494,,0,2025-11-27,,4,6.941346569,80.46093763,174.86,545.25,174.86,615.72,286.79,402.72,7.0,0.0592,1.25457,12.65786,20.10199,21.54708,3.23639,2.05288,5.07752,64.65062,13.81913,4494,0
sample_00814,69_73,control_20251127_1788,,0,2025-11-27,,2,7.191214448,80.84398084,174.86,545.25,174.86,615.72,286.79,402.72,7.0,0.05393,1.37583,13.23984,17.57668,27.95531,11.5464,1.00881,5.79621,64.44074,16.69604,1788,0
sample_00815,61_58,control_20251127_4278,,0,2025-11-27,,2,6.769502071,80.64534659,174.86,545.25,174.86,615.72,286.79,402.72,7.0,0.05862,1.26367,13.68763,22.81341,24.83869,4.98502,2.45615,5.18857,59.12094,16.42434,4278,0
sample_00816,59_60,control_20251127_3893,,0,2025-11-27,,0,6.819992151,80.58198207,174.86,545.25,174.86,615.72,286.79,402.72,7.0,0.05876,1.25378,13.03103,21.85755,21.85466,4.49815,2.40526,5.10713,61.53765,14.67542,3893,0
sample_00817,58_58,control_20251127_2297,,0,2025-11-27,,1,6.784920494,80.56396815,174.86,545.25,174.86,615.72,286.79,402.72,7.0,0.05718,1.26253,13.02746,21.70216,22.0351,5.2163,2.40855,5.11872,62.02941,14.12987,2297,0
sample_00818,66_59,control_20251127_2007,,0,2025-11-27,,0,6.812204094,80.7642653,174.86,545.25,174.86,615.72,286.79,402.72,7.0,0.07374,1.18472,14.08702,25.64965,26.18035,1.7282,2.23159,5.24412,51.45107,21.82532,2007,0
sample_00819,69_71,control_20251127_1199,,0,2025-11-27,,4,7.142033733,80.85897924,174.86,545.25,174.86,615.72,286.79,402.72,7.0,0.05643,1.32213,13.87238,17.33959,28.47931,12.44368,1.3112,5.70097,63.45859,17.51792,1199,0
sample_00820,68_68,control_20251127_1544,,0,2025-11-27,,1,7.048936465,80.83320307,174.86,545.25,174.86,615.72,286.79,402.72,7.0,0.06366,1.2119,15.18663,20.75477,31.57223,12.08331,2.11488,5.42139,57.39598,20.13863,1544,0
sample_00821,62_65,control_20251127_1720,,0,2025-11-27,,4,6.97612885,80.65619253,174.86,545.25,174.86,615.72,286.79,402.72,7.0,0.0662,1.18707,14.58743,24.20063,24.17655,1.18004,2.2337,5.18917,56.17354,18.99143,1720,0
sample_00822,62_68,control_20251127_998,,0,2025-11-27,,4,7.040683415,80.66263533,174.86,545.25,174.86,615.72,286.79,402.72,7.0,0.0666,1.20004,14.61837,24.93742,26.52714,3.06118,2.23801,5.28136,54.888,19.07345,998,0
sample_00823,58_64,control_20251127_2033,,0,2025-11-27,,4,6.940167988,80.56337941,174.86,545.25,174.86,615.72,286.79,402.72,7.0,0.06268,1.26646,13.41432,17.15355,17.646,2.25011,2.27947,5.12034,68.0343,13.56157,2033,0
sample_00824,69_69,control_20251127_1040,,0,2025-11-27,,1,7.08512319,80.83822127,174.86,545.25,174.86,615.72,286.79,402.72,7.0,0.06028,1.23469,15.18151,20.12311,30.5727,11.78918,2.06718,5.49224,58.8514,19.34265,1040,0
sample_00825,70_72,control_20251127_1497,,0,2025-11-27,,2,7.154436932,80.88163576,174.86,545.25,174.86,615.72,286.79,402.72,7.0,0.05562,1.33068,13.86702,16.60061,28.10155,12.71596,1.30443,5.72578,64.64917,17.14214,1497,0
sample_00826,66_59,control_20251127_3988,,0,2025-11-27,,0,6.806996872,80.77170948,174.86,545.25,174.86,615.72,286.79,402.72,7.0,0.07373,1.18574,14.08619,25.27325,26.07876,1.99582,2.22738,5.25682,51.89183,21.66361,3988,0
sample_00827,68_66,control_20251127_4841,,0,2025-11-27,,1,6.985080262,80.81862616,174.86,545.25,174.86,615.72,286.79,402.72,7.0,0.07032,1.16006,15.85198,24.02366,32.42769,9.70404,2.28029,5.27091,52.9377,21.36944,4841,0
sample_00828,63_68,control_20251127_887,,0,2025-11-27,,1,7.060742005,80.68377703,174.86,545.25,174.86,615.72,286.79,402.72,7.0,0.06745,1.20366,14.5855,24.7446,26.67954,3.01715,2.08807,5.30142,54.63788,19.5608,887,0
sample_00829,68_69,control_20251127_1427,,0,2025-11-27,,1,7.082870863,80.82407128,174.86,545.25,174.86,615.72,286.79,402.72,7.0,0.06037,1.23573,15.17994,20.86211,30.30933,10.8967,2.06433,5.48391,57.85802,19.60596,1427,0
sample_00830,63_60,control_20251127_2797,,0,2025-11-27,,0,6.841787663,80.70007303,174.86,545.25,174.86,615.72,286.79,402.72,7.0,0.06652,1.17938,14.55777,25.82042,25.97739,1.79145,2.25532,5.21543,53.191,20.12797,2797,0
sample_00831,64_61,control_20251127_4073,,0,2025-11-27,,3,6.857331621,80.70300598,174.86,545.25,174.86,615.72,286.79,402.72,7.0,0.06661,1.17565,14.56,26.68887,26.60463,1.3081,2.25249,5.21458,51.97011,20.73022,4073,0
sample_00832,65_76,control_20251127_3777,,0,2025-11-27,,1,7.274653241,80.75182305,195.81,590.3000000000001,195.81,655.32,338.22,457.31,7.0,0.05276,1.33796,12.7747,27.27611,32.40489,5.97598,1.03865,5.69763,54.60398,16.60029,3777,0
sample_00833,61_66,control_20251127_2545,,0,2025-11-27,,2,6.990029458,80.6230154,174.86,545.25,174.86,615.72,286.79,402.72,7.0,0.06368,1.19172,14.33206,21.88041,22.09661,1.52317,2.29519,5.2132,59.90199,17.34353,2545,0
sample_00834,68_66,control_20251127_3147,,0,2025-11-27,,1,6.997348042,80.82894846,174.86,545.25,174.86,615.72,286.79,402.72,7.0,0.06881,1.16568,15.38104,22.66042,32.77726,11.20468,2.13647,5.37763,54.6917,20.8582,3147,0
sample_00835,59_64,control_20251127_5189,,0,2025-11-27,,3,6.94792296,80.58361537,174.86,545.25,174.86,615.72,286.79,402.72,7.0,0.06338,1.21469,13.42154,17.9156,18.28462,1.92624,2.29244,5.135,66.49275,14.50908,5189,0
sample_00836,56_65,control_20251127_2925,,0,2025-11-27,,0,6.970068872,80.50970827,174.86,545.25,174.86,615.72,286.79,402.72,7.0,0.06279,1.25932,12.79116,18.44197,18.80842,1.93576,2.1668,5.14282,66.73738,13.59982,2925,0
sample_00837,63_67,control_20251127_4960,,0,2025-11-27,,4,7.036623153,80.69924004,174.86,545.25,174.86,615.72,286.79,402.72,7.0,0.06585,1.19752,14.69505,25.3157,27.88494,4.09427,2.2074,5.32155,53.58308,19.94857,4960,0
sample_00838,68_69,control_20251127_4279,,0,2025-11-27,,1,7.074338582,80.83419879,174.86,545.25,174.86,615.72,286.79,402.72,7.0,0.06117,1.22948,15.18221,20.54911,30.76032,11.58126,2.07769,5.47065,58.11116,19.6444,4279,0
sample_00839,73_70,control_20251127_3514,,0,2025-11-27,,4,7.111473156,80.94580471,197.46,487.29,197.46,568.48,282.28,366.78,7.0,0.05877,1.33078,13.76648,15.11939,28.75246,14.79393,1.18119,5.71919,66.20889,16.74877,3514,0
sample_00840,66_65,control_20251127_178,,0,2025-11-27,,1,6.973584774,80.77950513,174.86,545.25,174.86,615.72,286.79,402.72,7.0,0.06954,1.14436,15.84553,26.29562,30.77012,5.60988,2.28885,5.27388,50.65081,21.98572,178,0
sample_00841,61_61,control_20251127_2070,,0,2025-11-27,,0,6.867765268,80.63396593,174.86,545.25,174.86,615.72,286.79,402.72,7.0,0.06083,1.2161,14.54615,24.08506,23.82812,1.93303,2.20804,5.23303,56.79729,18.15611,2070,0
sample_00842,58_58,control_20251127_1350,,0,2025-11-27,,1,6.785838256,80.54191001,174.86,545.25,174.86,615.72,286.79,402.72,7.0,0.05475,1.28262,11.78933,20.92979,23.67219,6.42786,2.46924,5.10964,63.80444,13.41899,1350,0
sample_00843,61_58,control_20251127_4694,,0,2025-11-27,,2,6.77726261,80.64297705,174.86,545.25,174.86,615.72,286.79,402.72,7.0,0.05918,1.25884,13.68859,22.96382,24.69438,4.74504,2.45685,5.18434,58.86767,16.55196,4694,0
sample_00844,62_61,control_20251127_4773,,0,2025-11-27,,0,6.868951206,80.66662279,174.86,545.25,174.86,615.72,286.79,402.72,7.0,0.06307,1.19218,14.55278,25.8766,25.57247,1.40624,2.226,5.22356,53.86618,19.61756,4773,0
sample_00845,62_64,control_20251127_934,,0,2025-11-27,,4,6.929184005,80.65038303,174.86,545.25,174.86,615.72,286.79,402.72,7.0,0.0635,1.18833,15.04422,26.59725,25.90013,0.28736,2.27888,5.13045,53.24107,20.06244,934,0
sample_00846,70_73,control_20251127_4232,,0,2025-11-27,,0,7.188191934,80.87846317,174.86,545.25,174.86,615.72,286.79,402.72,7.0,0.05442,1.38038,13.49703,15.19801,26.57457,12.52668,0.98697,5.83181,67.49242,15.93791,4232,0
sample_00847,63_62,control_20251127_1087,,0,2025-11-27,,0,6.89312015,80.69122017,174.86,545.25,174.86,615.72,286.79,402.72,7.0,0.06533,1.1737,14.56112,28.5826,27.9912,0.35421,2.23826,5.21714,49.65185,21.72287,1087,0
sample_00848,65_63,control_20251127_4231,,0,2025-11-27,,4,6.902308702,80.74179731,174.86,545.25,174.86,615.72,286.79,402.72,7.0,0.07035,1.14707,15.33706,28.69579,28.83597,0.97386,2.26146,5.27853,48.06644,22.86482,4231,0
sample_00849,61_61,control_20251127_1570,,0,2025-11-27,,0,6.84953516,80.63322089,174.86,545.25,174.86,615.72,286.79,402.72,7.0,0.06315,1.21938,13.43827,24.2438,24.89703,3.21356,2.296,5.08806,56.90888,17.65755,1570,0
sample_00850,61_58,control_20251127_3021,,0,2025-11-27,,2,6.781402321,80.62433604,174.86,545.25,174.86,615.72,286.79,402.72,7.0,0.05851,1.24293,13.68574,22.77908,23.7849,4.62278,2.45103,5.18168,59.43425,16.0297,3021,0
sample_00851,57_58,control_20251127_5190,,0,2025-11-27,,1,6.774629124,80.52798968,174.86,545.25,174.86,615.72,286.79,402.72,7.0,0.05211,1.28424,11.37952,20.46234,23.54299,6.45104,2.38117,5.08345,64.26971,13.42864,5190,0
sample_00852,69_69,control_20251127_4100,,0,2025-11-27,,1,7.073741792,80.85206147,174.86,545.25,174.86,615.72,286.79,402.72,7.0,0.06111,1.22874,15.18376,19.78634,31.17307,12.67945,2.07994,5.47902,59.0644,19.40492,4100,0
sample_00853,65_72,control_20251127_1770,,0,2025-11-27,,4,7.167800643,80.74527365,174.86,545.25,174.86,615.72,286.79,402.72,7.0,0.05487,1.26803,14.22252,22.93425,26.72076,5.20963,1.51177,5.53771,57.21753,18.41122,1770,0
sample_00854,72_73,control_20251127_2669,,0,2025-11-27,,2,7.18321566,80.92127896,174.86,545.25,174.86,615.72,286.79,402.72,7.0,0.05503,1.38747,13.49079,14.01734,26.41548,13.53173,0.98456,5.84338,68.92993,15.49004,2669,0
sample_00855,68_60,control_20251127_4069,,0,2025-11-27,,0,6.84023653,80.81968771,174.86,545.25,174.86,615.72,286.79,402.72,7.0,0.07768,1.17038,14.09388,25.51218,26.1974,1.52517,2.23541,5.22973,50.55276,22.7415,4069,0
sample_00856,63_69,control_20251127_4870,,0,2025-11-27,,1,7.08618435,80.70119444,174.86,545.25,174.86,615.72,286.79,402.72,7.0,0.06093,1.2499,13.9677,24.35981,27.9714,4.95821,1.51233,5.35418,55.06183,19.37528,4870,0
sample_00857,67_61,control_20251127_5329,,0,2025-11-27,,3,6.856321012,80.80077686,174.86,545.25,174.86,615.72,286.79,402.72,7.0,0.07759,1.16292,14.68931,26.32801,25.40562,-0.19216,2.21328,5.26207,49.29214,23.50535,5329,0
sample_00858,58_63,control_20251127_1282,,0,2025-11-27,,0,6.919654152,80.55284248,174.86,545.25,174.86,615.72,286.79,402.72,7.0,0.05998,1.2661,13.39249,18.99812,19.92093,2.95261,2.17622,5.0855,65.74322,13.8994,1282,0
sample_00859,62_64,control_20251127_756,,0,2025-11-27,,4,6.935551005,80.66392403,174.86,545.25,174.86,615.72,286.79,402.72,7.0,0.06417,1.18045,15.04669,27.27088,26.66853,0.2205,2.27821,5.13289,52.11171,20.62275,756,0
sample_00860,68_59,control_20251127_2536,,0,2025-11-27,,1,6.819450367,80.81808327,174.86,545.25,174.86,615.72,286.79,402.72,7.0,0.07721,1.17534,14.09137,25.58074,25.24057,0.4754,2.23771,5.24464,50.29746,23.02772,2536,0
sample_00861,68_63,control_20251127_4832,,0,2025-11-27,,3,6.924062929,80.819739,174.86,545.25,174.86,615.72,286.79,402.72,7.0,0.0761,1.14851,15.03547,25.5001,29.38191,4.77475,2.14224,5.29681,51.0932,22.15457,4832,0
sample_00862,64_60,control_20251127_3578,,0,2025-11-27,,3,6.833991256,80.72180673,174.86,545.25,174.86,615.72,286.79,402.72,7.0,0.06825,1.18085,14.56019,25.70646,26.01336,1.82235,2.26752,5.21529,52.92936,20.43004,3578,0
sample_00863,68_65,control_20251127_1845,,0,2025-11-27,,1,6.968427726,80.83551684,174.86,545.25,174.86,615.72,286.79,402.72,7.0,0.0711,1.15542,15.67962,23.39372,31.38673,9.21706,2.23249,5.3332,53.67582,21.2793,1845,0
sample_00864,65_71,control_20251127_447,,0,2025-11-27,,1,7.140362805,80.74631003,174.86,545.25,174.86,615.72,286.79,402.72,7.0,0.05613,1.26125,14.22297,23.35209,28.53297,6.79757,1.52365,5.47989,55.86067,19.26493,447,0
sample_00865,60_67,control_20251127_4040,,0,2025-11-27,,0,7.017311579,80.61366819,174.86,545.25,174.86,615.72,286.79,402.72,7.0,0.06678,1.20681,14.60992,22.96401,23.46072,1.9339,2.22897,5.28931,58.33702,17.66828,4040,0
sample_00866,67_66,control_20251127_156,,0,2025-11-27,,4,6.990498905,80.79916312,174.86,545.25,174.86,615.72,286.79,402.72,7.0,0.06885,1.15359,15.84702,24.87963,31.54203,7.97157,2.26463,5.28515,52.20982,21.4818,156,0
sample_00867,61_68,control_20251127_3792,,0,2025-11-27,,3,7.045760575,80.62319784,174.86,545.25,174.86,615.72,286.79,402.72,7.0,0.06709,1.21621,14.6094,24.19933,24.85036,2.09128,2.20399,5.29898,56.48424,18.23062,3792,0
sample_00868,67_67,control_20251127_5020,,0,2025-11-27,,1,7.012665576,80.80684055,174.86,545.25,174.86,615.72,286.79,402.72,7.0,0.06709,1.16362,15.6814,23.79217,32.06514,9.4137,2.24769,5.29456,53.45375,21.20608,5020,0
sample_00869,66_66,control_20251127_1236,,0,2025-11-27,,0,7.004392477,80.76999214,174.86,545.25,174.86,615.72,286.79,402.72,7.0,0.06679,1.16334,15.65515,24.67615,29.39382,5.97745,2.30275,5.26915,52.82965,21.47223,1236,0
sample_00870,63_57,control_20251127_4772,,0,2025-11-27,,2,6.7611762,80.69097683,174.86,545.25,174.86,615.72,286.79,402.72,7.0,0.06095,1.24172,14.30562,22.97416,25.23137,4.48472,2.27552,5.25951,57.62119,17.79566,4772,0
sample_00871,63_61,control_20251127_3211,,0,2025-11-27,,3,6.847418546,80.69747366,174.86,545.25,174.86,615.72,286.79,402.72,7.0,0.0666,1.17823,14.5589,26.22921,26.26128,1.55165,2.25419,5.21487,52.61003,20.4187,3211,0
sample_00872,62_64,control_20251127_2668,,0,2025-11-27,,4,6.949053003,80.6501743,174.86,545.25,174.86,615.72,286.79,402.72,7.0,0.06611,1.15383,14.59016,25.51614,24.85163,0.44469,2.26672,5.16552,54.52722,19.64637,2668,0
sample_00873,70_70,control_20251127_936,,0,2025-11-27,,4,7.106017328,80.87327916,174.86,545.25,174.86,615.72,286.79,402.72,7.0,0.05956,1.24832,15.39811,18.60972,30.09826,12.74713,2.07338,5.55048,61.08055,18.55686,936,0
sample_00874,63_61,control_20251127_4977,,0,2025-11-27,,3,6.860902264,80.67829502,174.86,545.25,174.86,615.72,286.79,402.72,7.0,0.0648,1.18412,14.55605,26.24552,26.08461,1.44435,2.24045,5.21788,52.99553,20.10074,4977,0
sample_00875,64_66,control_20251127_4803,,0,2025-11-27,,3,7.007794845,80.70868592,174.86,545.25,174.86,615.72,286.79,402.72,7.0,0.0674,1.17903,15.42278,25.40331,27.44769,3.27057,2.25405,5.28524,53.19602,20.52848,4803,0
sample_00876,62_69,control_20251127_897,,0,2025-11-27,,4,7.084447005,80.65997703,174.86,545.25,174.86,615.72,286.79,402.72,7.0,0.06445,1.24692,14.22261,24.43941,26.55411,3.19742,1.49271,5.38624,55.20839,19.24538,897,0
sample_00877,68_65,control_20251127_3243,,0,2025-11-27,,1,6.969822078,80.81600548,174.86,545.25,174.86,615.72,286.79,402.72,7.0,0.0708,1.14341,15.85118,24.87164,31.8608,8.2054,2.29329,5.26489,51.98947,21.66307,3243,0
sample_00878,66_67,control_20251127_1888,,0,2025-11-27,,4,7.021796248,80.77533245,174.86,545.25,174.86,615.72,286.79,402.72,7.0,0.06582,1.17362,15.65472,23.89437,29.81498,7.33597,2.27789,5.28513,53.67936,21.1749,1888,0
sample_00879,67_61,control_20251127_4398,,0,2025-11-27,,3,6.856736233,80.80945848,174.86,545.25,174.86,615.72,286.79,402.72,7.0,0.07732,1.16822,14.6905,25.94285,26.32548,1.19455,2.20361,5.26612,50.11548,22.89456,4398,0
sample_00880,61_63,control_20251127_3169,,0,2025-11-27,,3,6.919750029,80.62217678,174.86,545.25,174.86,615.72,286.79,402.72,7.0,0.06242,1.22154,14.11801,23.42108,22.88502,1.05448,2.193,5.13379,58.14822,17.75846,3169,0
sample_00881,66_65,control_20251127_224,,0,2025-11-27,,1,6.979798005,80.75801703,174.86,545.25,174.86,615.72,286.79,402.72,7.0,0.0697,1.1531,15.79154,26.20026,29.61359,4.58771,2.31801,5.30299,51.19955,21.50544,224,0
sample_00882,68_62,control_20251127_2298,,0,2025-11-27,,3,6.889229129,80.81060679,174.86,545.25,174.86,615.72,286.79,402.72,7.0,0.07627,1.16901,14.69385,26.39712,28.01461,2.4251,2.188,5.26597,49.78312,22.79103,2298,0
sample_00883,68_72,control_20251127_1638,,0,2025-11-27,,1,7.158282375,80.82846302,174.86,545.25,174.86,615.72,286.79,402.72,7.0,0.05637,1.32401,14.38656,19.39637,27.71567,9.57684,1.2582,5.69683,61.39027,17.78721,1638,0
sample_00884,64_65,control_20251127_5032,,0,2025-11-27,,3,6.969400232,80.70320352,174.86,545.25,174.86,615.72,286.79,402.72,7.0,0.06719,1.14847,15.78344,27.19264,27.99217,1.80035,2.32084,5.31533,50.96903,21.34227,5032,0
sample_00885,70_69,control_20251127_4320,,0,2025-11-27,,1,7.082660077,80.88250272,174.86,545.25,174.86,615.72,286.79,402.72,7.0,0.06178,1.22294,15.73193,18.92707,33.25009,15.66859,2.17306,5.51831,60.12581,18.78394,4320,0
sample_00886,65_62,control_20251127_493,,0,2025-11-27,,1,6.882343005,80.73619203,174.86,545.25,174.86,615.72,286.79,402.72,7.0,0.07084,1.14872,15.33487,28.10341,28.10826,0.97598,2.27046,5.27565,48.854,22.53543,493,0
sample_00887,68_70,control_20251127_135,,0,2025-11-27,,0,7.117598175,80.83212536,174.86,545.25,174.86,615.72,286.79,402.72,7.0,0.05776,1.25091,15.1766,20.28277,29.32341,10.41831,2.03228,5.54226,59.26378,18.89655,135,0
sample_00888,64_66,control_20251127_2959,,0,2025-11-27,,3,6.994454665,80.71826492,174.86,545.25,174.86,615.72,286.79,402.72,7.0,0.06838,1.16947,15.42655,26.03965,27.9136,2.99235,2.28363,5.26076,52.19153,21.04392,2959,0
sample_00889,59_67,control_20251127_760,,0,2025-11-27,,0,7.025565905,80.58308433,174.86,545.25,174.86,615.72,286.79,402.72,7.0,0.06193,1.22808,13.35196,21.33448,20.37715,0.35874,2.17053,5.24485,61.80287,15.91912,760,0
sample_00890,64_62,control_20251127_268,,0,2025-11-27,,2,6.881285805,80.71332113,174.86,545.25,174.86,615.72,286.79,402.72,7.0,0.06741,1.1677,14.56402,27.8124,27.59263,0.83296,2.25322,5.21392,50.2096,21.63607,268,0
sample_00891,66_58,control_20251127_5101,,0,2025-11-27,,3,6.787584914,80.77247452,174.86,545.25,174.86,615.72,286.79,402.72,7.0,0.07298,1.1897,14.70198,24.23936,26.24743,3.36777,2.18292,5.35531,53.36178,21.02446,5101,0
sample_00892,59_61,control_20251127_2854,,0,2025-11-27,,2,6.874167963,80.58744931,174.86,545.25,174.86,615.72,286.79,402.72,7.0,0.06197,1.24432,14.11029,21.51546,21.3869,2.5996,2.18609,5.13541,61.38119,15.7558,2854,0
sample_00893,64_60,control_20251127_1632,,0,2025-11-27,,3,6.827569675,80.72743794,174.86,545.25,174.86,615.72,286.79,402.72,7.0,0.06903,1.18105,13.96551,25.73108,26.73067,2.4787,2.30019,5.18411,52.66224,20.58053,1632,0
sample_00894,63_60,control_20251127_3317,,0,2025-11-27,,0,6.840521706,80.68201303,174.86,545.25,174.86,615.72,286.79,402.72,7.0,0.06475,1.18766,14.55399,25.41041,25.49422,1.97161,2.24354,5.21797,54.16718,19.49655,3317,0
sample_00895,64_64,control_20251127_62,,0,2025-11-27,,4,6.954496665,80.72027085,174.86,545.25,174.86,615.72,286.79,402.72,7.0,0.06884,1.13728,15.78758,27.84759,28.79405,1.88437,2.34192,5.29422,49.75966,21.9133,62,0
sample_00896,66_61,control_20251127_4489,,0,2025-11-27,,0,6.867769013,80.75594932,174.86,545.25,174.86,615.72,286.79,402.72,7.0,0.07278,1.14386,15.33601,27.74062,27.68519,0.87709,2.28423,5.2701,48.85904,22.75803,4489,0
sample_00897,56_60,control_20251127_5353,,0,2025-11-27,,2,6.829184826,80.50835353,174.86,545.25,174.86,615.72,286.79,402.72,7.0,0.05591,1.25942,12.25058,21.05656,23.85338,5.59227,2.61112,5.00116,63.62704,13.72397,5353,0
sample_00898,55_66,control_20251127_5327,,0,2025-11-27,,0,6.987540326,80.46816436,174.86,545.25,174.86,615.72,286.79,402.72,7.0,0.05898,1.26902,12.29892,20.16934,22.38671,3.80954,1.49565,5.14735,64.18245,14.22724,5327,0
sample_00899,61_65,control_20251127_1866,,0,2025-11-27,,0,6.9673997,80.63054398,174.86,545.25,174.86,615.72,286.79,402.72,7.0,0.06514,1.19196,14.58224,22.87075,22.60249,1.02072,2.22928,5.18964,58.40583,18.02935,1866,0
sample_00900,68_65,control_20251127_3085,,0,2025-11-27,,1,6.976418239,80.82390336,174.86,545.25,174.86,615.72,286.79,402.72,7.0,0.07103,1.155,15.85254,24.39047,32.14968,9.00346,2.2933,5.26377,52.49621,21.51733,3085,0
sample_00901,66_75,control_20251127_5181,,0,2025-11-27,,0,7.246433378,80.75768688,174.86,545.25,174.86,615.72,286.79,402.72,7.0,0.05287,1.30392,13.69155,26.55759,32.15155,6.65672,1.17574,5.63279,55.99815,15.7946,5181,0
sample_00902,58_59,control_20251127_708,,0,2025-11-27,,0,6.807763005,80.56191403,174.86,545.25,174.86,615.72,286.79,402.72,7.0,0.05723,1.26639,13.02567,21.44876,21.93313,5.04879,2.40172,5.10806,62.42429,14.09864,708,0
sample_00903,70_67,control_20251127_1218,,0,2025-11-27,,2,7.033852533,80.88237509,174.86,545.25,174.86,615.72,286.79,402.72,7.0,0.0655,1.19047,15.3944,18.22246,37.21996,20.38507,2.14712,5.46718,59.42658,19.66469,1218,0
sample_00904,62_60,control_20251127_5395,,0,2025-11-27,,0,6.830547318,80.66191165,174.86,545.25,174.86,615.72,286.79,402.72,7.0,0.06304,1.21,14.54917,24.5527,24.63333,2.41594,2.23305,5.22136,55.75156,18.54435,5395,0
sample_00905,57_64,control_20251127_5074,,0,2025-11-27,,3,6.937919326,80.51851385,174.86,545.25,174.86,615.72,286.79,402.72,7.0,0.06226,1.27851,13.40536,18.2603,19.02807,2.63761,2.256,5.09105,67.08215,13.31972,5074,0
sample_00906,67_71,control_20251127_3586,,0,2025-11-27,,2,7.122249542,80.80059057,174.86,545.25,174.86,615.72,286.79,402.72,7.0,0.05621,1.28072,14.33615,21.47975,29.37267,9.44333,1.48595,5.53881,58.12506,18.8149,3586,0
sample_00907,67_62,control_20251127_3434,,0,2025-11-27,,3,6.891607349,80.80658304,174.86,545.25,174.86,615.72,286.79,402.72,7.0,0.07603,1.16709,14.69358,27.07044,28.13273,1.81411,2.19168,5.26226,48.94204,23.11675,3434,0
sample_00908,71_69,control_20251127_770,,0,2025-11-27,,3,7.072097005,80.90474403,174.86,545.25,174.86,615.72,286.79,402.72,7.0,0.06244,1.22348,15.73174,17.99471,33.97578,17.29062,2.17844,5.524,61.14537,18.51504,770,0
sample_00909,64_69,control_20251127_3561,,0,2025-11-27,,3,7.080507812,80.71684346,174.86,545.25,174.86,615.72,286.79,402.72,7.0,0.06208,1.2138,14.57846,24.73131,29.17362,5.90112,2.1235,5.33435,53.79253,20.20345,3561,0
sample_00910,64_61,control_20251127_4123,,0,2025-11-27,,3,6.867734044,80.72266551,174.86,545.25,174.86,615.72,286.79,402.72,7.0,0.06851,1.16577,14.56485,27.31763,27.23437,1.04269,2.26203,5.2128,50.64157,21.52935,4123,0
sample_00911,56_65,control_20251127_1109,,0,2025-11-27,,0,6.964220304,80.48729614,174.86,545.25,174.86,615.72,286.79,402.72,7.0,0.06044,1.25949,12.65878,19.84777,21.05298,2.87166,2.03952,5.11286,64.69874,14.06133,1109,0
sample_00912,55_64,control_20251127_3513,,0,2025-11-27,,4,6.946298156,80.47627488,174.86,545.25,174.86,615.72,286.79,402.72,7.0,0.05968,1.25553,12.6586,19.97943,21.29232,3.0722,2.05042,5.09242,64.67827,13.92873,3513,0
sample_00913,65_68,control_20251127_5067,,0,2025-11-27,,1,7.061748733,80.73568939,174.86,545.25,174.86,615.72,286.79,402.72,7.0,0.06367,1.20597,15.30719,24.3029,29.2236,6.23428,2.15919,5.30006,53.80333,20.68123,5067,0
sample_00914,66_65,control_20251127_4229,,0,2025-11-27,,1,6.955836648,80.75583457,174.86,545.25,174.86,615.72,286.79,402.72,7.0,0.07148,1.13993,15.60707,27.45078,29.63404,3.11695,2.22471,5.3207,49.36946,22.43042,4229,0
sample_00915,61_69,control_20251127_950,,0,2025-11-27,,1,7.069575174,80.62607771,174.86,545.25,174.86,615.72,286.79,402.72,7.0,0.06525,1.24959,13.45535,24.55912,23.66078,0.4961,1.49581,5.42118,56.11014,18.415,950,0
sample_00916,58_63,control_20251127_2947,,0,2025-11-27,,0,6.914765945,80.54285456,174.86,545.25,174.86,615.72,286.79,402.72,7.0,0.05977,1.2696,13.3901,18.98237,20.00666,3.06613,2.16991,5.0797,65.91477,13.71179,2947,0
sample_00917,64_69,control_20251128_5320,,0,2025-11-28,,3,7.081167857,80.70890729,174.86,601.37,64.6,679.7600000000001,322.04,457.49,7.0,0.06209,1.2156,14.57658,24.78943,28.74669,5.33362,2.12023,5.33897,53.952,20.06184,5320,0
sample_00918,56_66,control_20251128_259,,0,2025-11-28,,1,7.000810005,80.48946903,174.86,601.37,64.6,679.7600000000001,322.04,457.49,7.0,0.06064,1.2925,12.12732,19.08748,20.7671,3.21665,1.567,5.21456,65.8959,13.66384,259,0
sample_00919,58_63,control_20251128_776,,0,2025-11-28,,0,6.914480005,80.55985203,174.86,601.37,64.6,679.7600000000001,322.04,457.49,7.0,0.06022,1.2582,13.39498,19.13087,19.95693,2.83724,2.18293,5.09017,65.408,14.14197,776,0
sample_00920,59_60,control_20251128_608,,0,2025-11-28,,0,6.834459005,80.57434803,174.86,601.37,64.6,679.7600000000001,322.04,457.49,7.0,0.06178,1.25235,13.29921,21.76396,21.51905,3.78444,2.2067,5.06293,61.39389,15.03211,608,0
sample_00921,67_60,control_20251128_3476,,0,2025-11-28,,4,6.832712918,80.80985237,174.86,601.37,64.6,679.7600000000001,322.04,457.49,7.0,0.07783,1.16899,14.09295,25.94165,25.04312,-0.17476,2.2429,5.23252,49.54301,23.53042,3476,0
sample_00922,66_61,control_20251128_3000,,0,2025-11-28,,0,6.868000099,80.77420965,174.86,601.37,64.6,679.7600000000001,322.04,457.49,7.0,0.07525,1.15034,14.68997,27.33772,27.11097,0.59645,2.20353,5.25766,48.85862,23.11459,3000,0
sample_00923,63_69,control_20251128_521,,0,2025-11-28,,1,7.064936005,80.67888803,174.86,601.37,64.6,679.7600000000001,322.04,457.49,7.0,0.06735,1.20829,14.58446,24.72627,26.62468,3.02413,2.07574,5.31242,54.7003,19.46475,521,0
sample_00924,59_63,control_20251128_100,,0,2025-11-28,,0,6.906205435,80.57577573,174.86,601.37,64.6,679.7600000000001,322.04,457.49,7.0,0.06073,1.24807,13.40134,20.49526,21.07138,2.67719,2.2062,5.08802,63.22896,15.04664,100,0
sample_00925,73_72,control_20251128_1600,,0,2025-11-28,,2,7.14983788,80.95772793,197.46,516.03,42.76,610.98,290.93,405.68,7.0,0.05659,1.3869,13.48979,13.14684,26.37076,14.36763,0.98602,5.83555,69.85617,15.16166,1600,0
sample_00926,61_69,control_20251128_325,,0,2025-11-28,,1,7.070076905,80.63545703,174.86,601.37,64.6,679.7600000000001,322.04,457.49,7.0,0.06483,1.24741,14.2179,24.09091,25.70058,2.53363,1.49534,5.36692,55.99996,18.96648,325,0
sample_00927,67_70,control_20251128_424,,0,2025-11-28,,4,7.099281387,80.79931601,174.86,601.37,64.6,679.7600000000001,322.04,457.49,7.0,0.05964,1.24283,15.17687,21.54209,29.9697,10.07931,2.04901,5.49355,56.98032,19.75985,424,0
sample_00928,61_63,control_20251128_3821,,0,2025-11-28,,3,6.926298446,80.62483864,174.86,601.37,64.6,679.7600000000001,322.04,457.49,7.0,0.06255,1.22286,14.11709,23.11343,22.67996,1.06555,2.18442,5.14037,58.54383,17.67268,3821,0
sample_00929,66_67,control_20251128_3045,,0,2025-11-28,,4,7.036219229,80.75872915,174.86,601.37,64.6,679.7600000000001,322.04,457.49,7.0,0.06492,1.19119,15.31286,24.31252,29.88148,6.7683,2.19045,5.2691,53.49489,21.03017,3045,0
sample_00930,64_70,control_20251128_3388,,0,2025-11-28,,0,7.118124138,80.72119765,174.86,601.37,64.6,679.7600000000001,322.04,457.49,7.0,0.05779,1.25655,14.21914,24.05241,28.81163,6.3104,1.53279,5.44039,54.78998,19.74372,3388,0
sample_00931,61_64,control_20251128_316,,0,2025-11-28,,4,6.948819005,80.64354203,174.86,601.37,64.6,679.7600000000001,322.04,457.49,7.0,0.06561,1.17725,14.58711,24.5133,23.88181,0.58867,2.25853,5.17037,56.06354,18.97942,316,0
sample_00932,61_59,control_20251128_3898,,0,2025-11-28,,0,6.800371329,80.64029979,174.86,601.37,64.6,679.7600000000001,322.04,457.49,7.0,0.06051,1.2291,13.69126,23.43484,24.48273,4.04354,2.45739,5.17061,58.0761,17.01081,3898,0
sample_00933,64_60,control_20251128_2849,,0,2025-11-28,,3,6.824838187,80.72132876,174.86,601.37,64.6,679.7600000000001,322.04,457.49,7.0,0.06807,1.18482,13.96366,25.64635,26.69042,2.62667,2.29486,5.18335,53.01444,20.30092,2849,0
sample_00934,65_68,control_20251128_4825,,0,2025-11-28,,1,7.04789695,80.73002315,174.86,601.37,64.6,679.7600000000001,322.04,457.49,7.0,0.06401,1.2019,15.3067,24.4999,28.80257,5.45328,2.16957,5.29307,53.76762,20.67881,4825,0
sample_00935,57_58,control_20251128_3416,,0,2025-11-28,,1,6.773823886,80.53245312,174.86,601.37,64.6,679.7600000000001,322.04,457.49,7.0,0.05211,1.28424,11.37952,20.46234,23.54299,6.45104,2.38117,5.08345,64.26971,13.42864,3416,0
sample_00936,64_60,control_20251128_2526,,0,2025-11-28,,3,6.835124883,80.70885927,174.86,601.37,64.6,679.7600000000001,322.04,457.49,7.0,0.06729,1.17873,14.55841,25.59299,25.9051,1.93383,2.26167,5.21561,53.31476,20.14444,2526,0
sample_00937,69_72,control_20251128_4023,,0,2025-11-28,,4,7.147713286,80.84706638,174.86,601.37,64.6,679.7600000000001,322.04,457.49,7.0,0.05466,1.29892,14.71069,19.34558,28.88795,10.7614,1.49432,5.61557,61.11978,18.07371,4023,0
sample_00938,59_62,control_20251128_1331,,0,2025-11-28,,2,6.877534239,80.56581057,174.86,601.37,64.6,679.7600000000001,322.04,457.49,7.0,0.06116,1.25017,14.11975,21.08894,21.27101,2.7483,2.22929,5.06178,62.55677,14.98783,1331,0
sample_00939,65_67,control_20251128_4630,,0,2025-11-28,,2,7.036848573,80.73316557,174.86,601.37,64.6,679.7600000000001,322.04,457.49,7.0,0.06444,1.19629,15.30783,24.64336,28.79609,5.21743,2.18235,5.28189,53.59086,20.7945,4630,0
sample_00940,67_69,control_20251128_30,,0,2025-11-28,,4,7.089283405,80.79572738,174.86,601.37,64.6,679.7600000000001,322.04,457.49,7.0,0.06044,1.23857,15.17719,22.01726,30.23936,9.96214,2.05889,5.47251,56.10996,20.11336,30,0
sample_00941,67_65,control_20251128_2919,,0,2025-11-28,,4,6.956945528,80.79894712,174.86,601.37,64.6,679.7600000000001,322.04,457.49,7.0,0.07337,1.13448,15.61213,26.55634,30.46472,4.87469,2.23108,5.31409,49.95542,22.39268,2919,0
sample_00942,72_70,control_20251128_2813,,0,2025-11-28,,0,7.105737428,80.93192271,174.86,601.37,64.6,679.7600000000001,322.04,457.49,7.0,0.05861,1.33085,13.7502,15.33513,28.93313,14.76188,1.30184,5.68103,66.00468,16.7232,2813,0
sample_00943,65_71,control_20251128_974,,0,2025-11-28,,1,7.138810651,80.73170613,174.86,601.37,64.6,679.7600000000001,322.04,457.49,7.0,0.05702,1.26106,14.2202,23.70821,28.28372,6.14666,1.525,5.47023,55.42167,19.40175,974,0
sample_00944,62_62,control_20251128_4072,,0,2025-11-28,,4,6.883775173,80.65078513,174.86,601.37,64.6,679.7600000000001,322.04,457.49,7.0,0.0622,1.1956,14.55134,25.63654,25.27768,1.32691,2.21699,5.2284,54.3523,19.40971,4072,0
sample_00945,66_64,control_20251128_4431,,0,2025-11-28,,2,6.930685046,80.76963141,174.86,601.37,64.6,679.7600000000001,322.04,457.49,7.0,0.07099,1.14136,14.85328,29.58545,30.85467,1.92076,2.21745,5.24961,46.49131,23.48271,4431,0
sample_00946,64_59,control_20251128_4107,,0,2025-11-28,,3,6.811156624,80.70199783,174.86,601.37,64.6,679.7600000000001,322.04,457.49,7.0,0.06588,1.19748,13.95895,25.11099,26.34426,3.1275,2.28151,5.19113,54.23114,19.48551,4107,0
sample_00947,62_65,control_20251128_1190,,0,2025-11-28,,4,6.967059501,80.64950206,174.86,601.37,64.6,679.7600000000001,322.04,457.49,7.0,0.06613,1.18207,14.5883,24.55708,24.34047,0.95554,2.24475,5.1813,55.73567,19.17297,1190,0
sample_00948,66_57,control_20251129_5117,,0,2025-11-29,,4,6.76372325,80.75662753,174.86,593.5699999999999,5.63,685.3700000000001,245.09,439.52,7.0,0.06887,1.22598,15.24336,23.80538,26.29832,4.07042,2.24397,5.37876,54.60093,20.10617,5117,0
sample_00949,61_65,control_20251129_1001,,0,2025-11-29,,0,6.95834618,80.62486748,174.86,593.5699999999999,5.63,685.3700000000001,245.09,439.52,7.0,0.06459,1.19257,14.58004,22.13915,21.73596,0.95855,2.23188,5.18687,59.6251,17.50705,1001,0
sample_00950,69_65,control_20251129_2503,,0,2025-11-29,,0,6.976796889,80.85531134,174.86,593.5699999999999,5.63,685.3700000000001,245.09,439.52,7.0,0.06967,1.16279,15.20961,21.42739,32.08786,11.72058,2.08623,5.44103,56.08579,20.57178,2503,0
sample_00951,71_73,control_20251201_2848,,0,2025-12-01,,3,7.177379529,80.90210838,174.86,532.4200000000001,0.13,685.2800000000001,5.95,357.34,7.0,0.05503,1.38214,13.495,14.61859,26.66755,13.21053,0.98659,5.83057,68.08608,15.78157,2848,0
sample_00952,58_69,control_20251227_4979,,0,2025-12-27,,2,7.076589102,80.55335204,4.59,78.25999999999998,0.27,222.47000000000003,1.6800000000000002,10.05,7.0,0.06331,1.28598,12.9905,23.58283,22.78416,0.44561,1.5871,5.29413,58.60663,16.88764,4979,0
sample_00953,73_72,control_20251227_3806,,0,2025-12-27,,2,7.151137923,80.95569089,6.84,99.07,1.63,224.35,4.58,17.16,7.0,0.05659,1.3869,13.48979,13.14684,26.37076,14.36763,0.98602,5.83555,69.85617,15.16166,3806,0
sample_00954,70_66,control_20251227_2301,,0,2025-12-27,,3,7.000291413,80.88928024,4.59,78.25999999999998,0.27,222.47000000000003,1.6800000000000002,10.05,7.0,0.06829,1.19192,15.18598,17.61721,38.13731,21.86824,2.0294,5.43005,59.35479,20.14319,2301,0
sample_00955,71_66,control_20260803_5294,,0,2026-08-03,,1,6.991464887,80.89719554,34.43,73.72,34.43,83.42000000000002,57.19,70.59,7.0,0.0689,1.18862,15.6671,17.99727,36.47018,19.74859,2.06956,5.44006,59.08806,20.18834,5294,0
sample_00956,59_68,control_20260803_743,,0,2026-08-03,,0,7.037954005,80.57672003,34.43,73.72,34.43,83.42000000000002,57.19,70.59,7.0,0.06021,1.23544,12.9923,21.96769,21.58871,0.9485,1.60774,5.29969,60.75042,16.32428,743,0
sample_00957,60_61,control_20260803_839,,0,2026-08-03,,2,6.868654005,80.61209503,34.43,73.72,34.43,83.42000000000002,57.19,70.59,7.0,0.06148,1.22431,14.24282,23.36608,23.5128,2.63309,2.25652,5.17821,58.38895,17.03335,839,0
