lat,lon,event_date,event_date_start,event_date_end,event_date_count,event_date_status,event_date_raw,event_time_raw,inspection_date,inspection_date_raw,District,DSD,GND_Name,Risk_Level,HR_Priorit,Reference_,Ref_No,Ref_Code,GND_Num,Const_Type,Disast_Nat,Temp_Recom,Damage_Lvl,Revisit,Other_Btns,Field,Count_HR_P,Count_HR_1,Count_HR_2,Count_HR,Count_MR,Count_LR,Total_Risk,GND,ADM2_EN,rain_1d_mm,rain_3d_mm,rain_7d_mm,rain_14d_mm,rain_30d_mm,max_daily_rain_7d_mm,rainfall_days_7d,rainfall_source,rainfall_status
7.081365,80.863913,2025-11-27,2025-11-27,2025-11-27,1,parsed_single,2025-11-27 00:00:00,සවස 3.00 සහ රාත්‍රී,2026-01-13,2026-01-13 00:00:00,Nuwara Eliya,වලපනේ ප්රා.ලේ.කො,මහඌව / කන්දේගම,HR1,HR1,,NBRI/NE/WLD/2026/SMK/83),NBRI/NE/WLD/2026/SMK/83),,House / නිවාස,Slope failures / බැවුම් අස්ථාවරවීම්,Resettle / නැවත පදිංචිකිරීම,Fully / පුර්ණහානි,,,,1.0,4.0,5.0,,3.0,,13,,Nuwara Eliya,174.86,286.79,402.72,545.25,616.84,174.86,7.0,NASA POWER PRECTOTCORR / MERRA-2,ok
6.809881,80.61276,2025-11-27,2025-11-27,2025-11-27,1,parsed_single,2025.11.27,,2026-03-27,2026.03.27,Nuwara Eliya,නොර්වුඩ් ප්රා.ලේ.කො,මහනෙලු,HR1,HR1,,NBRI/NE/ABD[Norwood]/2026/LY/142),NBRI/NE/ABD[Norwood]/2026/LY/142),320/කේ,House / නිවාස,Other / වෙනත් (වෙනත් කරුණු යටතේ සදහන් කරන්න),Resettle / නැවත පදිංචිකිරීම,Fully / පුර්ණහානි,,නිවාස ඉරිතැලීම,,1.0,,1.0,,,,2,,Nuwara Eliya,174.86,286.79,402.72,545.25,616.84,174.86,7.0,NASA POWER PRECTOTCORR / MERRA-2,ok
7.127314,80.71235,2025-11-28,2025-11-28,2025-11-28,1,parsed_single,2025-11-28 00:00:00,,2025-12-10,2025-12-10 00:00:00,Nuwara Eliya,හඟුරන්කෙත ප්රා.ලේ.කො,හෝප්වත්ත,HR1,HR1,,NBRI/NE/HKD/2025/SMK/සංශෝධන/12 - Rev(iii),NBRI/NE/HKD/2025/SMK/සංශෝධන/12 - Rev(iii),501 G,House / නිවාස,Landslide / නායයෑම්,Resettle / නැවත පදිංචිකිරීම,Fully / පුර්ණහානි,,,,9.0,2.0,12.0,,,,23,,Nuwara Eliya,64.6,322.03999999999996,457.49,601.37,680.32,174.86,7.0,NASA POWER PRECTOTCORR / MERRA-2,ok
7.06431,80.624561,2025-11-27,2025-11-27,2025-11-27,1,parsed_single,2025-11-27 00:00:00,,2025-12-19,2025-12-19 00:00:00,Nuwara Eliya,කොත්මලේ බටහිර ප්රා.ලේ.කො,රන්වන්තලාව,HR1,HR1,,NBRI/NE/KTD[West]-30/2025/LY/18 -Rev,NBRI/NE/KTD[West]-30/2025/LY/18 -Rev,,House / නිවාස,Landslide / නායයෑම්,Resettle / නැවත පදිංචිකිරීම,Fully / පුර්ණහානි,,,,1.0,9.0,2.0,,16.0,,28,,Nuwara Eliya,174.86,286.79,402.72,545.25,616.84,174.86,7.0,NASA POWER PRECTOTCORR / MERRA-2,ok
7.097578,80.856035,2025-11-27,2025-11-27,2025-11-27,1,parsed_single,2025-11-27 00:00:00,,2026-01-15,2026-01-15 00:00:00,Nuwara Eliya,වලපනේ ප්රා.ලේ.කො,මුලහල්කැලේ,HR1,HR1,,NBRI/NE/WLD/2026/SMK/88),NBRI/NE/WLD/2026/SMK/88),,House / නිවාස,Slope failures / බැවුම් අස්ථාවරවීම්,Resettle / නැවත පදිංචිකිරීම,Fully / පුර්ණහානි,,,,1.0,,,,1.0,,2,,Nuwara Eliya,174.86,286.79,402.72,545.25,616.84,174.86,7.0,NASA POWER PRECTOTCORR / MERRA-2,ok
7.155314,80.748873,2025-11-26,2025-11-26,2025-11-26,1,parsed_single,2025.11.26,,2026-03-17,2026.03.17,Nuwara Eliya,හඟුරන්කෙත ප්රා.ලේ.කො,කොස්ගහදෙබල,HR1,HR1,,NBRI/NE/HKD/2026/DMCP/121),NBRI/NE/HKD/2026/DMCP/121),500/ඩී,House / නිවාස,Landslide / නායයෑම්,Resettle / නැවත පදිංචිකිරීම,Fully / පුර්ණහානි,,ගල් පෙරලීම්,,1.0,,4.0,,3.0,,8,,Nuwara Eliya,82.58,168.03,233.01,381.89000000000004,442.44,82.58,7.0,NASA POWER PRECTOTCORR / MERRA-2,ok
7.066715,80.694468,2025-11-27,2025-11-27,2025-11-27,1,parsed_single,2025-11-27 00:00:00,,2025-12-15,2025-12-15 00:00:00,Nuwara Eliya,කොත්මලේ නැගෙනහිර ප්රා.ලේ.කො,රම්බොඩ සහ රම්බොඩගම,HR1,HR1,,NBRI/NE/KTD[East]/2025/LY/සංශෝධනය/15(ii)),NBRI/NE/KTD[East]/2025/LY/සංශෝධනය/15(ii)),,House / නිවාස,Landslide / නායයෑම්,Resettle / නැවත පදිංචිකිරීම,Fully / පුර්ණහානි,,"බෑවුම් අස්ථාවර වීම,ගල් පෙරලීම්",,24.0,5.0,19.0,,,,48,,Nuwara Eliya,174.86,286.79,402.72,545.25,616.84,174.86,7.0,NASA POWER PRECTOTCORR / MERRA-2,ok
7.146769,80.776983,2025-11-27,2025-11-27,2025-11-27,1,parsed_single,2025.11.27,,2026-03-11,2026-03-11 00:00:00,Nuwara Eliya,හඟුරන්කෙත ප්රා.ලේ.කො,රත්මැටිය,HR1,HR1,,NBRI/NE/HKD/2026/WGMSS/36),NBRI/NE/HKD/2026/WGMSS/36),494/සී,House / නිවාස,Slope failures / බැවුම් අස්ථාවරවීම්,Resettle / නැවත පදිංචිකිරීම,Fully / පුර්ණහානි,,,,1.0,1.0,,,4.0,,6,,Nuwara Eliya,174.86,286.79,402.72,545.25,616.84,174.86,7.0,NASA POWER PRECTOTCORR / MERRA-2,ok
7.038561,80.593306,2025-11-28,2025-11-28,2025-11-28,1,parsed_single,2025-11-28 00:00:00,,2025-12-08,2025-12-08 00:00:00,Nuwara Eliya,කොත්මලේ බටහිර ප්රා.ලේ.කො,හුණුගල්ඔය,HR1,HR1,,NBRI/NE/KTD[West]/2025/DMCP/06 -Rev,NBRI/NE/KTD[West]/2025/DMCP/06 -Rev,460 එච්,House / නිවාස,Landslide / නායයෑම්,Resettle / නැවත පදිංචිකිරීම,Fully / පුර්ණහානි,,,,1.0,,,,1.0,,2,,Nuwara Eliya,64.6,322.03999999999996,457.49,601.37,680.32,174.86,7.0,NASA POWER PRECTOTCORR / MERRA-2,ok
7.087255,80.670548,2025-11-27,2025-11-27,2025-11-27,1,parsed_single,2025-11-27 00:00:00,7.30 PM,2025-12-17,2025-12-17 00:00:00,Nuwara Eliya,කොත්මලේ නැගෙනහිර ප්රා.ලේ.කො,හෙල්බොඩ,HR1,HR1,,NBRI/NE/KTD[East]/2025/LY/16)-Rev,NBRI/NE/KTD[East]/2025/LY/16)-Rev,479 ජේ,House / නිවාස,Landslide / නායයෑම්,Resettle / නැවත පදිංචිකිරීම,Fully / පුර්ණහානි,,,,2.0,7.0,9.0,,19.0,,37,,Nuwara Eliya,174.86,286.79,402.72,545.25,616.84,174.86,7.0,NASA POWER PRECTOTCORR / MERRA-2,ok
7.019946,80.902085,,,,0,unparsed,"2025 නොවැම්බර් 27 දින, දිත්වා සුළි කුණාටුවත් සමග මෙම ස්ථානයේ පෙර පැවති භූ අස්තාවරත්වය තවදුරටත් වර්ධ",,,මෙම ස්ථානයට අදාළව 2022 අප්‍රේල් 30 දින අංක NBRO/LRRMD/31/NE/WLD/LI22/0806 දරණ මූලික භූ සමීක්ෂණ වාර්තාවක් ලබා දී ඇත.,Nuwara Eliya,නිල්දණ්ඩහින්න ප්රා.ලේ.කො,අඹලියද්ද,HR1,HR1,,NBRI/NE/WLD[Nildandahinna]/2026/BBW/18),NBRI/NE/WLD[Nildandahinna]/2026/BBW/18),531,House / නිවාස,Rock fall / ගල් පෙරලීම්,Resettle / නැවත පදිංචිකිරීම,Fully / පුර්ණහානි,,,,3.0,,,,,,3,,Nuwara Eliya,,,,,,,,,
7.101138,80.8063,2025-11-27,2025-11-27,2025-11-27,1,parsed_single,2025.11.27,,2026-06-01,2026. 06.15,Nuwara Eliya,වලපනේ ප්රා.ලේ.කො,ලදුපිට,HR1,HR1,,NBRI/NE/WLD/2026/DMCP/153),NBRI/NE/WLD/2026/DMCP/153),,House / නිවාස,Landslide / නායයෑම්,Resettle / නැවත පදිංචිකිරීම,Fully / පුර්ණහානි,,,,1.0,,17.0,,19.0,,37,,Nuwara Eliya,174.86,286.79,402.72,545.25,616.84,174.86,7.0,NASA POWER PRECTOTCORR / MERRA-2,ok
7.005897,80.689286,2025-11-27,2025-11-27,2025-11-27,1,parsed_single,2025-11-27 00:00:00,,2025-12-14,2025-12-14 00:00:00,Nuwara Eliya,කොත්මලේ නැගෙනහිර ප්රා.ලේ.කො,නියම්ගන්දොර,HR1,HR1,,(NBRI/NE/KTD[East]/2025/PTG/සංශෝධන08(iii)-REV (iii),(NBRI/NE/KTD[East]/2025/PTG/සංශෝධන08(iii)-REV (iii),,House / නිවාස,Landslide / නායයෑම්,Resettle / නැවත පදිංචිකිරීම,Fully / පුර්ණහානි,,,,3.0,4.0,11.0,,,,18,,Nuwara Eliya,174.86,286.79,402.72,545.25,616.84,174.86,7.0,NASA POWER PRECTOTCORR / MERRA-2,ok
7.04909,80.707023,2025-11-27,2025-11-27,2025-11-27,1,parsed_single,2025-11-27 00:00:00,4.45 PM,2025-12-13,2025-12-13 00:00:00,Nuwara Eliya,කොත්මලේ නැගෙනහිර ප්රා.ලේ.කො,පලාගොල්ල,HR1,HR1,,NBRI/NE/KTD[East]-40/2025/RR/10)-Rev,NBRI/NE/KTD[East]-40/2025/RR/10)-Rev,474 සී,House / නිවාස,Slope failures / බැවුම් අස්ථාවරවීම්,Resettle / නැවත පදිංචිකිරීම,Fully / පුර්ණහානි,,,,1.0,2.0,,,1.0,,4,,Nuwara Eliya,174.86,286.79,402.72,545.25,616.84,174.86,7.0,NASA POWER PRECTOTCORR / MERRA-2,ok
7.071,80.68263,2025-11-27,2025-11-27,2025-11-27,1,parsed_single,2025-11-27 00:00:00,6.00 PM,2025-12-11,2025-12-11 00:00:00,Nuwara Eliya,කොත්මලේ නැගෙනහිර ප්රා.ලේ.කො,රම්බොඩ,HR1,HR1,,NBRI/NE/KTD[East]-48/2025/RR/18)-Rev,NBRI/NE/KTD[East]-48/2025/RR/18)-Rev,474,House / නිවාස,Slope failures / බැවුම් අස්ථාවරවීම්,Resettle / නැවත පදිංචිකිරීම,Fully / පුර්ණහානි,,,,1.0,6.0,1.0,,,,8,,Nuwara Eliya,174.86,286.79,402.72,545.25,616.84,174.86,7.0,NASA POWER PRECTOTCORR / MERRA-2,ok
7.076513,80.669145,2025-11-27,2025-11-27,2025-11-27,1,parsed_single,2025-11-27 00:00:00,,2025-12-16,2025-12-16 00:00:00,Nuwara Eliya,කොත්මලේ නැගෙනහිර ප්රා.ලේ.කො,දෙලුම්තලාමඩ,HR1,HR1,,NBRI/NE/KTD[East]/2025/SMK/31-Rev,NBRI/NE/KTD[East]/2025/SMK/31-Rev,,House / නිවාස,Landslide / නායයෑම්,Resettle / නැවත පදිංචිකිරීම,Fully / පුර්ණහානි,,,,4.0,16.0,,,,,20,,Nuwara Eliya,174.86,286.79,402.72,545.25,616.84,174.86,7.0,NASA POWER PRECTOTCORR / MERRA-2,ok
7.034552,80.666355,2025-11-27,2025-11-27,2025-11-27,1,parsed_single,2025-11-27 00:00:00,රාත්‍රී 7.15 – 7.30,2025-12-26,2025-12-26 00:00:00,Nuwara Eliya,කොත්මලේ නැගෙනහිර ප්රා.ලේ.කො,මැදකන්ද,HR1,HR1,,NBRI/NE/KTD[East]/2025/KLKT/16),NBRI/NE/KTD[East]/2025/KLKT/16),469 සී,House / නිවාස,Landslide / නායයෑම්,Resettle / නැවත පදිංචිකිරීම,Fully / පුර්ණහානි,,,,4.0,1.0,6.0,,46.0,,57,,Nuwara Eliya,174.86,286.79,402.72,545.25,616.84,174.86,7.0,NASA POWER PRECTOTCORR / MERRA-2,ok
7.092329,80.695983,2025-11-27,2025-11-27,2025-11-27,1,parsed_single,2025-11-27 00:00:00,,2025-12-22,2025-12-22 00:00:00,Nuwara Eliya,කොත්මලේ නැගෙනහිර ප්රා.ලේ.කො,කරගස්තලාව,HR1,HR1,,NBRI/NE/KTD[East]/2025/LY/සංශෝධන/19),NBRI/NE/KTD[East]/2025/LY/සංශෝධන/19),474 / ඒ,House / නිවාස,Landslide / නායයෑම්,Resettle / නැවත පදිංචිකිරීම,Fully / පුර්ණහානි,,,,4.0,3.0,4.0,,10.0,,21,,Nuwara Eliya,174.86,286.79,402.72,545.25,616.84,174.86,7.0,NASA POWER PRECTOTCORR / MERRA-2,ok
7.074155,80.678825,2025-11-27,2025-11-27,2025-11-27,1,parsed_single,2025.11.27,,2026-01-24,2026.01.24,Nuwara Eliya,කොත්මලේ නැගෙනහිර ප්රා.ලේ.කො,කරගස්තලාව,HR1,HR1,,NBRI/NE/KTD[East]/2026/LY/63),NBRI/NE/KTD[East]/2026/LY/63),474 / ඒ,House / නිවාස,Slope failures / බැවුම් අස්ථාවරවීම්,Resettle / නැවත පදිංචිකිරීම,Fully / පුර්ණහානි,,,,1.0,1.0,1.0,,3.0,,6,,Nuwara Eliya,174.86,286.79,402.72,545.25,616.84,174.86,7.0,NASA POWER PRECTOTCORR / MERRA-2,ok
7.034955,80.706632,2025-11-27,2025-11-27,2025-11-27,1,parsed_single,2025-11-27 00:00:00,,2025-12-26,2025-12-26 00:00:00,Nuwara Eliya,කොත්මලේ නැගෙනහිර ප්රා.ලේ.කො,පලාගොල්ල,HR1,HR1,,NBRI/NE/KTD[East]/2025/DSDD/38),NBRI/NE/KTD[East]/2025/DSDD/38),,House / නිවාස,Slope failures / බැවුම් අස්ථාවරවීම්,Resettle / නැවත පදිංචිකිරීම,Fully / පුර්ණහානි,,,,1.0,,15.0,,9.0,,25,,Nuwara Eliya,174.86,286.79,402.72,545.25,616.84,174.86,7.0,NASA POWER PRECTOTCORR / MERRA-2,ok
7.062111,80.679273,2025-11-27,2025-11-27,2025-11-27,1,parsed_single,2025-11-27 00:00:00,,2025-12-30,2025-12-30 00:00:00,Nuwara Eliya,කොත්මලේ නැගෙනහිර ප්රා.ලේ.කො,සංගිලිපාලම,HR1,HR1,,NBRI/NE/KTD[East]/2025/KLKT/20),NBRI/NE/KTD[East]/2025/KLKT/20),471 ඒ,House / නිවාස,Slope failures / බැවුම් අස්ථාවරවීම්,Resettle / නැවත පදිංචිකිරීම,Fully / පුර්ණහානි,,,,1.0,,,,3.0,,4,,Nuwara Eliya,174.86,286.79,402.72,545.25,616.84,174.86,7.0,NASA POWER PRECTOTCORR / MERRA-2,ok
7.075382,80.612438,2025-11-27,2025-11-27,2025-11-27,1,parsed_single,2025-11-27 00:00:00,,2026-01-19,2026-01-19 00:00:00,Nuwara Eliya,කොත්මලේ බටහිර ප්රා.ලේ.කො,උතුරු කොටගේපිටිය,HR1,HR1,,NBRI/NE/ KTD[WEST]/2026/LY/58),NBRI/NE/ KTD[WEST]/2026/LY/58),459 /B,House / නිවාස,Landslide / නායයෑම්,Resettle / නැවත පදිංචිකිරීම,Fully / පුර්ණහානි,,නායයාම් සහ සුන්බුන් ගලනය වීමේ අවධානම,,1.0,,4.0,,26.0,,31,,Nuwara Eliya,174.86,286.79,402.72,545.25,616.84,174.86,7.0,NASA POWER PRECTOTCORR / MERRA-2,ok
7.075229,80.805968,,,,0,unparsed,,,2026-01-08,2026-01-08 00:00:00,Nuwara Eliya,වලපනේ ප්රා.ලේ.කො,අලකොළවැව,HR1,HR1,,NBRI/NE/WLD/2026/LY/42),NBRI/NE/WLD/2026/LY/42),504සී,House / නිවාස,Landslide / නායයෑම්,Resettle / නැවත පදිංචිකිරීම,Fully / පුර්ණහානි,,,,1.0,,8.0,,9.0,,18,,Nuwara Eliya,,,,,,,,,
7.015362,80.682082,2025-11-27,2025-11-27,2025-11-27,1,parsed_single,2025-11-27 00:00:00,,2025-12-20,2025-12-20 00:00:00,Nuwara Eliya,කොත්මලේ නැගෙනහිර ප්රා.ලේ.කො,උතුරු පූඩළුඔය,HR1,HR1,,NBRI/NE/KTD[East]/2025/DSDD/37),NBRI/NE/KTD[East]/2025/DSDD/37),468 - ඊ,House / නිවාස,Landslide / නායයෑම්,Resettle / නැවත පදිංචිකිරීම,Fully / පුර්ණහානි,,,,2.0,,1.0,,8.0,,11,,Nuwara Eliya,174.86,286.79,402.72,545.25,616.84,174.86,7.0,NASA POWER PRECTOTCORR / MERRA-2,ok
7.04201,80.62928,2025-11-27,2025-11-27,2025-11-27,1,parsed_single,2025-11-27 00:00:00,,2026-01-20,2026.01.20,Nuwara Eliya,කොත්මලේ බටහිර ප්රා.ලේ.කො,රොජසන්ගම උතුර සහ රොජසන්ගම දකුණ,HR1,HR1,,NBRI/NE/KTD[West]/2026/KLKT/84),NBRI/NE/KTD[West]/2026/KLKT/84),,House / නිවාස,Slope failures / බැවුම් අස්ථාවරවීම්,Resettle / නැවත පදිංචිකිරීම,Fully / පුර්ණහානි,,,,2.0,,,,6.0,,8,,Nuwara Eliya,174.86,286.79,402.72,545.25,616.84,174.86,7.0,NASA POWER PRECTOTCORR / MERRA-2,ok
6.985931,80.439913,2025-11-26,2025-11-26,2025-11-26,1,parsed_single,2025-11-26 00:00:00,,2026-01-26,2026.01.26,Nuwara Eliya,අඹගමුව ප්රා.ලේ.කො,කලුගල,HR1,HR1,,NBRI/NE/ABD/2026/PTG/203),NBRI/NE/ABD/2026/PTG/203),,House / නිවාස,Slope failures / බැවුම් අස්ථාවරවීම්,Resettle / නැවත පදිංචිකිරීම,Fully / පුර්ණහානි,,,,1.0,,,,,,1,,Nuwara Eliya,82.58,168.03,233.01,381.89000000000004,442.44,82.58,7.0,NASA POWER PRECTOTCORR / MERRA-2,ok
7.052456,80.570912,2025-11-28,2025-11-28,2025-11-28,1,parsed_single,2025.11.28,,2026-01-22,2026.01.22,Nuwara Eliya,කොත්මලේ බටහිර ප්රා.ලේ.කො,රුවන්පුර,HR1,HR1,,NBRI/NE/KTD[West]/2026/KLKT/96),NBRI/NE/KTD[West]/2026/KLKT/96),460සී,House / නිවාස,Slope failures / බැවුම් අස්ථාවරවීම්,Resettle / නැවත පදිංචිකිරීම,Fully / පුර්ණහානි,,,,1.0,,,,,,1,,Nuwara Eliya,64.6,322.03999999999996,457.49,601.37,680.32,174.86,7.0,NASA POWER PRECTOTCORR / MERRA-2,ok
7.057912,80.561161,2025-11-27,2025-11-27,2025-11-27,1,parsed_single,2025-11-27 00:00:00,,2026-01-22,2026.01.22,Nuwara Eliya,කොත්මලේ බටහිර ප්රා.ලේ.කො,රුවන්පුර,HR1,HR1,,NBRI/NE/KTD(West)/2026/KLKT/89),NBRI/NE/KTD(West)/2026/KLKT/89),460 සි,House / නිවාස,Slope failures / බැවුම් අස්ථාවරවීම්,Resettle / නැවත පදිංචිකිරීම,Fully / පුර්ණහානි,,,,1.0,,,,,,1,,Nuwara Eliya,174.86,286.79,402.72,545.25,616.84,174.86,7.0,NASA POWER PRECTOTCORR / MERRA-2,ok
7.141525,80.759173,2025-11-27,2025-11-27,2025-11-27,1,parsed_single,2025.11.27,,2026-04-06,2026.04.06,Nuwara Eliya,හඟුරන්කෙත ප්රා.ලේ.කො,මාකෙම්පේ,HR1,HR1,,NBRI/NE/HKD/2026/DSDD/250),NBRI/NE/HKD/2026/DSDD/250),,House / නිවාස,Slope failures / බැවුම් අස්ථාවරවීම්,Resettle / නැවත පදිංචිකිරීම,Fully / පුර්ණහානි,,,,1.0,,,,9.0,,10,,Nuwara Eliya,174.86,286.79,402.72,545.25,616.84,174.86,7.0,NASA POWER PRECTOTCORR / MERRA-2,ok
7.002022,80.452825,2026-08-03,2026-08-03,2026-08-03,1,parsed_single,2026.08.03 උදේ 9.00 – 9.30,,2026-08-06,2026.08.06,Nuwara Eliya,අඹගමුව ප්රා.ලේ.කො,පිටවල,HR1,HR1,,NBRI/NE/ABD/2026/KLKT/135),NBRI/NE/ABD/2026/KLKT/135),316/ඩිි,House / නිවාස,Slope failures / බැවුම් අස්ථාවරවීම්,Resettle / නැවත පදිංචිකිරීම,Fully / පුර්ණහානි,,,,1.0,4.0,,,,,5,,Nuwara Eliya,34.43,57.19,70.59,73.72,97.5,34.43,7.0,NASA POWER PRECTOTCORR / MERRA-2,ok
6.953582,80.475436,2026-08-03,2026-08-03,2026-08-03,1,parsed_single,2026.08.03 උදෑසන 10.45 පමණ,,2026-08-04,2026.08.04,Nuwara Eliya,අඹගමුව ප්රා.ලේ.කො,කෙහෙල්අරාව,HR1,HR1,,NBRI/NE/ABD/2026/VKG/115),NBRI/NE/ABD/2026/VKG/115),316/ජී,House / නිවාස,Slope failures / බැවුම් අස්ථාවරවීම්,Resettle / නැවත පදිංචිකිරීම,Fully / පුර්ණහානි,,,,1.0,,,,,,1,,Nuwara Eliya,34.43,57.19,70.59,73.72,97.5,34.43,7.0,NASA POWER PRECTOTCORR / MERRA-2,ok
7.183606,80.830361,2025-11-27,2025-11-27,2025-11-27,1,parsed_single,2025.11.27,,2026-05-11,2026.05.11,Nuwara Eliya,හඟුරන්කෙත ප්රා.ලේ.කො,ඇදිරිබැද්ද,HR1,HR1,,NBRI/NE/HKD/2026/VKG/55),NBRI/NE/HKD/2026/VKG/55),,House / නිවාස,Slope failures / බැවුම් අස්ථාවරවීම්,Resettle / නැවත පදිංචිකිරීම,Fully / පුර්ණහානි,,,,1.0,,,,,,1,,Nuwara Eliya,174.86,286.79,402.72,545.25,616.84,174.86,7.0,NASA POWER PRECTOTCORR / MERRA-2,ok
7.110902,80.779809,2025-11-27,2025-11-27,2025-11-27,1,parsed_single,2025.11.27,,2026-03-29,2026.03.29,Nuwara Eliya,හඟුරන්කෙත ප්රා.ලේ.කො,රුක්වුඩ්,HR1,HR1,,NBRI/NE/HKD/2026/SMK/181),NBRI/NE/HKD/2026/SMK/181),,House / නිවාස,Landslide / නායයෑම්,Resettle / නැවත පදිංචිකිරීම,Fully / පුර්ණහානි,,,,1.0,,,,11.0,,12,,Nuwara Eliya,174.86,286.79,402.72,545.25,616.84,174.86,7.0,NASA POWER PRECTOTCORR / MERRA-2,ok
7.055598,80.770766,2025-11-27,2025-11-27,2025-11-27,1,parsed_single,2025-11-27 00:00:00,,2025-12-21,2025-12-21 00:00:00,Nuwara Eliya,මතුරට ප්රා.ලේ.කො,කඩදොර,HR1,HR1,,NBRI/NE/HKD[Mathurata]-33/2025/RR/27 - Rev,NBRI/NE/HKD[Mathurata]-33/2025/RR/27 - Rev,459,House / නිවාස,Landslide / නායයෑම්,Resettle / නැවත පදිංචිකිරීම,Fully / පුර්ණහානි,,,,1.0,,1.0,,,,2,,Nuwara Eliya,174.86,286.79,402.72,545.25,616.84,174.86,7.0,NASA POWER PRECTOTCORR / MERRA-2,ok
7.026146,80.66385,2025-11-28,2025-11-28,2025-11-28,1,parsed_single,2025-11-28 00:00:00,,2025-12-20,2025-12-20 00:00:00,Nuwara Eliya,කොත්මලේ නැගෙනහිර ප්රා.ලේ.කො,මැදකන්ද,HR1,HR1,,NBRI/NE/KTD[East] /2025/PTG/80 - REV),NBRI/NE/KTD[East] /2025/PTG/80 - REV),469 / සී,House / නිවාස,Other / වෙනත් (වෙනත් කරුණු යටතේ සදහන් කරන්න),Resettle / නැවත පදිංචිකිරීම,Fully / පුර්ණහානි,,ආතති පැලුම්,,2.0,,1.0,,9.0,,12,,Nuwara Eliya,64.6,322.03999999999996,457.49,601.37,680.32,174.86,7.0,NASA POWER PRECTOTCORR / MERRA-2,ok
7.149365,80.78088,2025-11-27,2025-11-27,2025-11-27,1,parsed_single,2025.11.27,,2026-05-24,2026.05.24,Nuwara Eliya,හඟුරන්කෙත ප්රා.ලේ.කො,රිකිල්ලගස්කඩ,HR1,HR1,,NBRI/NE/HKD/2026/VKG/65),NBRI/NE/HKD/2026/VKG/65),492/ඒ,House / නිවාස,Slope failures / බැවුම් අස්ථාවරවීම්,Resettle / නැවත පදිංචිකිරීම,Fully / පුර්ණහානි,,,,1.0,,,,,,1,,Nuwara Eliya,174.86,286.79,402.72,545.25,616.84,174.86,7.0,NASA POWER PRECTOTCORR / MERRA-2,ok
7.149378,80.816808,2025-11-28,2025-11-28,2025-11-28,1,parsed_single,2025-11-28 00:00:00,5.30 am,2025-12-09,2025-12-09 00:00:00,Nuwara Eliya,මතුරට ප්රා.ලේ.කො,මොරගොල්ල,HR1,HR1,,NBRI/NE/HKD[Mathurata]/2025/LY/09  - Rev,NBRI/NE/HKD[Mathurata]/2025/LY/09  - Rev,491A,House / නිවාස,Slope failures / බැවුම් අස්ථාවරවීම්,Resettle / නැවත පදිංචිකිරීම,Fully / පුර්ණහානි,,,,5.0,3.0,3.0,,8.0,,19,,Nuwara Eliya,64.6,322.03999999999996,457.49,601.37,680.32,174.86,7.0,NASA POWER PRECTOTCORR / MERRA-2,ok
7.05649,80.81132,2025-11-27,2025-11-27,2025-11-27,1,parsed_single,2025-11-27 00:00:00,8.30 am,2025-12-12,2025-12-12 00:00:00,Nuwara Eliya,මතුරට ප්රා.ලේ.කො,ගෝනකැලේ,HR1,HR1,,NBRI/NE/HKD[Mathurata]/2025/SMK/16 -Rev,NBRI/NE/HKD[Mathurata]/2025/SMK/16 -Rev,508 B,House / නිවාස,Landslide / නායයෑම්,Resettle / නැවත පදිංචිකිරීම,Fully / පුර්ණහානි,,,,1.0,,,,3.0,,4,,Nuwara Eliya,174.86,286.79,402.72,545.25,616.84,174.86,7.0,NASA POWER PRECTOTCORR / MERRA-2,ok
7.066025,80.813047,2025-11-27,2025-11-27,2025-11-27,1,parsed_single,2025-11-27 00:00:00,,2025-12-12,2025-12-12 00:00:00,Nuwara Eliya,මතුරට ප්රා.ලේ.කො,මේරිගෝල්ඩ්,HR1,HR1,,NBRI/NE/HKD[Mathurata]/2025/SMK/30 - Rev,NBRI/NE/HKD[Mathurata]/2025/SMK/30 - Rev,509 A,House / නිවාස,Other / වෙනත් (වෙනත් කරුණු යටතේ සදහන් කරන්න),Resettle / නැවත පදිංචිකිරීම,Fully / පුර්ණහානි,,,,1.0,,1.0,,1.0,,3,,Nuwara Eliya,174.86,286.79,402.72,545.25,616.84,174.86,7.0,NASA POWER PRECTOTCORR / MERRA-2,ok
7.059849,80.805202,2025-11-27,2025-11-27,2025-11-27,1,parsed_single,2025-11-27 00:00:00,,2025-12-15,2025-12-15 00:00:00,Nuwara Eliya,මතුරට ප්රා.ලේ.කො,බොමැල්ලගොඩ / අම්පිටිගොඩ / දුනුකේබැද්ද / කැටයාපතන / ගෝනකැලේ,HR1,HR1,,NBRI/NE/HKD[Mathurata]/2025/SMK/සංශෝධන/32 - Rev,NBRI/NE/HKD[Mathurata]/2025/SMK/සංශෝධන/32 - Rev,,House / නිවාස,Landslide / නායයෑම්,Resettle / නැවත පදිංචිකිරීම,Fully / පුර්ණහානි,,,,10.0,5.0,,,4.0,,19,,Nuwara Eliya,174.86,286.79,402.72,545.25,616.84,174.86,7.0,NASA POWER PRECTOTCORR / MERRA-2,ok
7.066622,80.798074,2025-11-27,2025-11-27,2025-11-27,1,parsed_single,2025-11-27 00:00:00,,2025-12-15,2025-12-15 00:00:00,Nuwara Eliya,මතුරට ප්රා.ලේ.කො,බොමැල්ලගොඩ / අම්පිටිගොඩ,HR1,HR1,,NBRI/NE/HKD[Mathurata]/2025/SMK/33 - Rev,NBRI/NE/HKD[Mathurata]/2025/SMK/33 - Rev,,House / නිවාස,Slope failures / බැවුම් අස්ථාවරවීම්,Resettle / නැවත පදිංචිකිරීම,Fully / පුර්ණහානි,,,,1.0,4.0,4.0,,5.0,,14,,Nuwara Eliya,174.86,286.79,402.72,545.25,616.84,174.86,7.0,NASA POWER PRECTOTCORR / MERRA-2,ok
7.0658,80.675632,2025-11-27,2025-11-27,2025-11-27,1,parsed_single,2025-11-27 00:00:00,රාත්‍රී 8.20 පමණ,2026-01-06,2026-01-06 00:00:00,Nuwara Eliya,කොත්මලේ නැගෙනහිර ප්රා.ලේ.කො,පනම්ගම්මන,HR1,HR1,,NBRI/NE/KTD[East]/2025/KLKT/39),NBRI/NE/KTD[East]/2025/KLKT/39),,Business / ව්‍යාපාරික ස්ථානය,Landslide / නායයෑම්,Resettle / නැවත පදිංචිකිරීම,Fully / පුර්ණහානි,,,,1.0,,2.0,,,,3,,Nuwara Eliya,174.86,286.79,402.72,545.25,616.84,174.86,7.0,NASA POWER PRECTOTCORR / MERRA-2,ok
7.069284,80.623773,,,,0,unparsed,මීට වසර ගණනාවක සිට මෙම අස්ථාවරවීම් ක්‍රමිකව වර්ධනය වේ.,,2026-05-04,2026.05.04,Nuwara Eliya,කොත්මලේ බටහිර ප්රා.ලේ.කො,කොටගේපිටිය දකුණ,HR1,HR1,,NBRI/NE/KTD[West]/2026/KLKT/122),NBRI/NE/KTD[West]/2026/KLKT/122),,House / නිවාස,Other / වෙනත් (වෙනත් කරුණු යටතේ සදහන් කරන්න),Resettle / නැවත පදිංචිකිරීම,Fully / පුර්ණහානි,,සුනුපහන් පාංශූ ස්ථරය මත පිහිටි නිවාස අස්ථාවරවීම,,5.0,6.0,35.0,,16.0,,62,,Nuwara Eliya,,,,,,,,,
7.01056,80.666982,2025-11-27,2025-11-27,2025-11-27,1,parsed_single,2025-11-27 00:00:00,,2026-01-02,2026-01-02 00:00:00,Nuwara Eliya,කොත්මලේ නැගෙනහිර ප්රා.ලේ.කො,ෂීන් ගම,HR1,HR1,,NBRI/NE/KTD[East]/2026/LY/38),NBRI/NE/KTD[East]/2026/LY/38),468ජේ,House / නිවාස,Landslide / නායයෑම්,Resettle / නැවත පදිංචිකිරීම,Fully / පුර්ණහානි,,,,1.0,6.0,1.0,,12.0,,20,,Nuwara Eliya,174.86,286.79,402.72,545.25,616.84,174.86,7.0,NASA POWER PRECTOTCORR / MERRA-2,ok
7.063782,80.775375,2025-11-27,2025-11-27,2025-11-27,1,parsed_single,2025-11-27 00:00:00,,2026-01-05,2026-01-05 00:00:00,Nuwara Eliya,මතුරට ප්රා.ලේ.කො,කැටහිර,HR1,HR1,,NBRI/NE/HKD[Mathurata]/2025/KLKT/35),NBRI/NE/HKD[Mathurata]/2025/KLKT/35),511එෆ්,House / නිවාස,Slope failures / බැවුම් අස්ථාවරවීම්,Resettle / නැවත පදිංචිකිරීම,Fully / පුර්ණහානි,,,,1.0,,2.0,,,,3,,Nuwara Eliya,174.86,286.79,402.72,545.25,616.84,174.86,7.0,NASA POWER PRECTOTCORR / MERRA-2,ok
7.093232,80.737025,2025-11-27,2025-11-27,2025-11-27,1,parsed_single,2025-11-27 00:00:00,,2026-01-11,2026-01-11 00:00:00,Nuwara Eliya,මතුරට ප්රා.ලේ.කො,උඩ පදියපැලැල්ල,HR1,HR1,,NBRI/NE/HKD/[Mathurata]2026/KLKT/52),NBRI/NE/HKD/[Mathurata]2026/KLKT/52),510 ඒ,House / නිවාස,Slope failures / බැවුම් අස්ථාවරවීම්,Resettle / නැවත පදිංචිකිරීම,Fully / පුර්ණහානි,,,,1.0,2.0,,,,,3,,Nuwara Eliya,174.86,286.79,402.72,545.25,616.84,174.86,7.0,NASA POWER PRECTOTCORR / MERRA-2,ok
7.03216,80.783081,2025-11-27,2025-11-27,2025-11-27,1,parsed_single,2025-11-27 00:00:00,,2026-01-05,2026-01-05 00:00:00,Nuwara Eliya,මතුරට ප්රා.ලේ.කො,මන්දාරම්නුවර,HR1,HR1,,NBRI/NE/HKD/[Mathurata]2026/KLKT/53),NBRI/NE/HKD/[Mathurata]2026/KLKT/53),,House / නිවාස,Landslide / නායයෑම්,Resettle / නැවත පදිංචිකිරීම,Fully / පුර්ණහානි,,,,1.0,4.0,6.0,,15.0,,26,,Nuwara Eliya,174.86,286.79,402.72,545.25,616.84,174.86,7.0,NASA POWER PRECTOTCORR / MERRA-2,ok
7.0806,80.665075,2025-11-27,2025-11-27,2025-11-27,1,parsed_single,2025-11-27 00:00:00,,2026-01-12,2026-01-12 00:00:00,Nuwara Eliya,කොත්මලේ නැගෙනහිර ප්රා.ලේ.කො,කටුකිතුල,HR1,HR1,,NBRI/NE/KTD[East]/2026/KLKT/63),NBRI/NE/KTD[East]/2026/KLKT/63),474 ඊ,House / නිවාස,Slope failures / බැවුම් අස්ථාවරවීම්,Resettle / නැවත පදිංචිකිරීම,Fully / පුර්ණහානි,,,,1.0,,,,,,1,,Nuwara Eliya,174.86,286.79,402.72,545.25,616.84,174.86,7.0,NASA POWER PRECTOTCORR / MERRA-2,ok
7.119135,80.895049,2025-11-27,2025-11-27,2025-11-27,1,parsed_single,2025.11.27,දවල් 1.00 – 2.00,,2026.01.01 - 2026.01.02,Nuwara Eliya,නිල්දණ්ඩහින්න ප්රා.ලේ.කො,"හපුගහපිටිය , ගල්කැටිවල , මීරියබැද්ද",HR1,HR1,,NBRI/NE/WLD[Nildandahinna]/2025/DSDD/43,NBRI/NE/WLD[Nildandahinna]/2025/DSDD/43,,House / නිවාස,Landslide / නායයෑම්,Resettle / නැවත පදිංචිකිරීම,Fully / පුර්ණහානි,,භුමි ගිලා බැසිම (GS)/රැඳවුම් ව්‍යුහයන් අස්‍ථාවරවීම,,3.0,2.0,4.0,,26.0,,35,,Nuwara Eliya,174.86,286.79,402.72,545.25,616.84,174.86,7.0,NASA POWER PRECTOTCORR / MERRA-2,ok
7.042798,80.643112,2025-11-27,2025-11-27,2025-11-27,1,parsed_single,2025.11.27,,2025-12-08,2025.12.08,Nuwara Eliya,කොත්මලේ බටහිර ප්රා.ලේ.කො,කලපිටිය බටහිර,HR1,HR1,,NBRI/NE/KTD[West]/2026/PTG/18-REV),NBRI/NE/KTD[West]/2026/PTG/18-REV),,House / නිවාස,Cutting failure / කණ්ඩි අස්ථාවරවීම්,Resettle / නැවත පදිංචිකිරීම,Fully / පුර්ණහානි,,බෑවුම් අස්ථාවර වීම,,1.0,,,,1.0,,2,,Nuwara Eliya,174.86,286.79,402.72,545.25,616.84,174.86,7.0,NASA POWER PRECTOTCORR / MERRA-2,ok
7.072318,80.638844,2025-11-27,2025-11-27,2025-11-27,1,parsed_single,2025-11-27 00:00:00,,2026-01-18,2026-01-18 00:00:00,Nuwara Eliya,කොත්මලේ නැගෙනහිර ප්රා.ලේ.කො,මාවෙල බටහිර,HR1,HR1,,NBRI/NE/KTD[East]/2026/KLKT/69),NBRI/NE/KTD[East]/2026/KLKT/69),,House / නිවාස,Slope failures / බැවුම් අස්ථාවරවීම්,Resettle / නැවත පදිංචිකිරීම,Fully / පුර්ණහානි,,,,1.0,,,,2.0,,3,,Nuwara Eliya,174.86,286.79,402.72,545.25,616.84,174.86,7.0,NASA POWER PRECTOTCORR / MERRA-2,ok
7.071599,80.638359,2025-11-27,2025-11-27,2025-11-27,1,parsed_single,2025-11-27 00:00:00,,2026-01-19,2026-01-19 00:00:00,Nuwara Eliya,කොත්මලේ නැගෙනහිර ප්රා.ලේ.කො,මාවෙල බටහිර,HR1,HR1,,NBRI/NE/KTD[East]/2026/KLKT/68),NBRI/NE/KTD[East]/2026/KLKT/68),,House / නිවාස,Slope failures / බැවුම් අස්ථාවරවීම්,Resettle / නැවත පදිංචිකිරීම,Fully / පුර්ණහානි,,,,1.0,,,,,,1,,Nuwara Eliya,174.86,286.79,402.72,545.25,616.84,174.86,7.0,NASA POWER PRECTOTCORR / MERRA-2,ok
7.09374,80.920646,2025-11-27,2025-11-27,2025-11-27,1,parsed_single,2025.11.27,,2025-12-23,2025.12.23,Nuwara Eliya,නිල්දණ්ඩහින්න ප්රා.ලේ.කො,උඩමාදුර,HR1,HR1,,NBRI/NE/WLD[Nildandahinna]/2025/SMK/48,NBRI/NE/WLD[Nildandahinna]/2025/SMK/48,518 A,House / නිවාස,Landslide / නායයෑම්,Resettle / නැවත පදිංචිකිරීම,Fully / පුර්ණහානි,,,,2.0,1.0,1.0,,9.0,,13,,Nuwara Eliya,174.86,286.79,402.72,545.25,616.84,174.86,7.0,NASA POWER PRECTOTCORR / MERRA-2,ok
7.081775,80.667711,2025-11-27,2025-11-27,2025-11-27,1,parsed_single,2025-11-27 00:00:00,,2026-01-12,2026.01.12,Nuwara Eliya,කොත්මලේ නැගෙනහිර ප්රා.ලේ.කො,කටුකිතුල,HR1,HR1,,NBRI/NE/KTD[East]/2026/KLKT/64),NBRI/NE/KTD[East]/2026/KLKT/64),474 ඊ,House / නිවාස,Slope failures / බැවුම් අස්ථාවරවීම්,Resettle / නැවත පදිංචිකිරීම,Fully / පුර්ණහානි,,,,1.0,4.0,,,2.0,,7,,Nuwara Eliya,174.86,286.79,402.72,545.25,616.84,174.86,7.0,NASA POWER PRECTOTCORR / MERRA-2,ok
7.07415,80.67882,2025-11-27,2025-11-27,2025-11-27,1,parsed_single,2025-11-27 00:00:00,,2026-01-24,2026-01-24 00:00:00,Nuwara Eliya,කොත්මලේ නැගෙනහිර ප්රා.ලේ.කො,කරගස්තලාව,HR1,HR1,,NBRI/NE/KTD[East]/2026/LY/64),NBRI/NE/KTD[East]/2026/LY/64),"474/ ඒ,",House / නිවාස,Slope failures / බැවුම් අස්ථාවරවීම්,Resettle / නැවත පදිංචිකිරීම,Fully / පුර්ණහානි,,,,1.0,2.0,,,1.0,,4,,Nuwara Eliya,174.86,286.79,402.72,545.25,616.84,174.86,7.0,NASA POWER PRECTOTCORR / MERRA-2,ok
7.097263,80.918302,2025-11-27,2025-11-27,2025-11-27,1,parsed_single,2025.11.27,,2025-12-23,2025.12.23,Nuwara Eliya,නිල්දණ්ඩහින්න ප්රා.ලේ.කො,උඩමාදුර,HR1,HR1,,NBRI/NE/WLD[Nildandahinna]/2025/SMK/46,NBRI/NE/WLD[Nildandahinna]/2025/SMK/46,,House / නිවාස,Other / වෙනත් (වෙනත් කරුණු යටතේ සදහන් කරන්න),Resettle / නැවත පදිංචිකිරීම,Fully / පුර්ණහානි,,ගිලා බැසිම,,2.0,1.0,,,4.0,,7,,Nuwara Eliya,174.86,286.79,402.72,545.25,616.84,174.86,7.0,NASA POWER PRECTOTCORR / MERRA-2,ok
6.977459,80.780268,2025-11-27,2025-11-27,2025-11-27,1,parsed_single,2025-11-27 00:00:00,,,"2025.12.28 , 2025.12.29",Nuwara Eliya,නුවරඑළිය ප්රා.ලේ.කො,හාවාඑළිය උතුර,HR1,HR1,,NBRI/NE/NED/2025/SMK/63/සංශෝධන ii),NBRI/NE/NED/2025/SMK/63/සංශෝධන ii),535 ජී,House / නිවාස,Slope failures / බැවුම් අස්ථාවරවීම්,Resettle / නැවත පදිංචිකිරීම,Fully / පුර්ණහානි,,,,1.0,,3.0,,43.0,45.0,92,,Nuwara Eliya,174.86,286.79,402.72,545.25,616.84,174.86,7.0,NASA POWER PRECTOTCORR / MERRA-2,ok
7.040158,80.91492,2025-11-27,2025-11-27,2025-11-27,1,parsed_single,2025.11.27,,2026-01-02,2026.01.02,Nuwara Eliya,නිල්දණ්ඩහින්න ප්රා.ලේ.කො,රූපහ නැගෙනහිර,HR1,HR1,,NBRI/NE/WLD[Nildandahinna]/2025/DMCP/47,NBRI/NE/WLD[Nildandahinna]/2025/DMCP/47,528 ඊ,House / නිවාස,Cutting failure / කණ්ඩි අස්ථාවරවීම්,Resettle / නැවත පදිංචිකිරීම,Fully / පුර්ණහානි,,,,1.0,2.0,3.0,,,,6,,Nuwara Eliya,174.86,286.79,402.72,545.25,616.84,174.86,7.0,NASA POWER PRECTOTCORR / MERRA-2,ok
7.017644,80.827604,2025-11-27,2025-11-27,2025-11-27,1,parsed_single,2025-11-27 00:00:00,,2025-12-21,2025.12.21,Nuwara Eliya,වලපනේ ප්රා.ලේ.කො,බෲක්සයිඩ්,HR1,HR1,,NBRI/NE/WLD/2026/DMCP/සංශෝධන/64),NBRI/NE/WLD/2026/DMCP/සංශෝධන/64),,House / නිවාස,Slope failures / බැවුම් අස්ථාවරවීම්,Resettle / නැවත පදිංචිකිරීම,Fully / පුර්ණහානි,,,,1.0,3.0,,,6.0,,10,,Nuwara Eliya,174.86,286.79,402.72,545.25,616.84,174.86,7.0,NASA POWER PRECTOTCORR / MERRA-2,ok
7.09812,80.923959,2025-11-27,2025-11-27,2025-11-27,1,parsed_single,2025.11.27,,2025-12-23,2025.12.23,Nuwara Eliya,නිල්දණ්ඩහින්න ප්රා.ලේ.කො,උඩමාදුර,HR1,HR1,,NBRI/NE/WLD[Nildandahinna]/2025/SMK/44,NBRI/NE/WLD[Nildandahinna]/2025/SMK/44,,House / නිවාස,Landslide / නායයෑම්,Resettle / නැවත පදිංචිකිරීම,Fully / පුර්ණහානි,,ගිලා බැසිම,,1.0,,,,4.0,,5,,Nuwara Eliya,174.86,286.79,402.72,545.25,616.84,174.86,7.0,NASA POWER PRECTOTCORR / MERRA-2,ok
7.046588,80.78341,2025-11-27,2025-11-27,2025-11-27,1,parsed_single,2025.11.27,,2026-01-21,2026.01.21,Nuwara Eliya,මතුරට ප්රා.ලේ.කො,මැදවෙල,HR1,HR1,,NBRI/NE/WLD (Mathurata) /2026/IC/26,NBRI/NE/WLD (Mathurata) /2026/IC/26,512/ජි,House / නිවාස,Slope failures / බැවුම් අස්ථාවරවීම්,Resettle / නැවත පදිංචිකිරීම,Fully / පුර්ණහානි,,,,1.0,,,,3.0,,4,,Nuwara Eliya,174.86,286.79,402.72,545.25,616.84,174.86,7.0,NASA POWER PRECTOTCORR / MERRA-2,ok
7.07151,80.781624,2025-11-27,2025-11-27,2025-11-27,1,parsed_single,2025.11.27,,2026-01-26,2026.01.26,Nuwara Eliya,මතුරට ප්රා.ලේ.කො,මානකොළ,HR1,HR1,,NBRI/NE/HKD[Mathurata]/2026/SMK/107),NBRI/NE/HKD[Mathurata]/2026/SMK/107),,House / නිවාස,Slope failures / බැවුම් අස්ථාවරවීම්,Resettle / නැවත පදිංචිකිරීම,Fully / පුර්ණහානි,,,,1.0,,,,14.0,,15,,Nuwara Eliya,174.86,286.79,402.72,545.25,616.84,174.86,7.0,NASA POWER PRECTOTCORR / MERRA-2,ok
7.027079,80.656565,2025-11-27,2025-11-27,2025-11-27,1,parsed_single,2025-11-27 00:00:00,,2026-01-26,2026-01-26 00:00:00,Nuwara Eliya,කොත්මලේ නැගෙනහිර ප්රා.ලේ.කො,කිරිදිවෙල,HR1,HR1,,NBRI/NE/KTD[East]/2026/DSDD/98),NBRI/NE/KTD[East]/2026/DSDD/98),,House / නිවාස,Slope failures / බැවුම් අස්ථාවරවීම්,Resettle / නැවත පදිංචිකිරීම,Fully / පුර්ණහානි,,,,1.0,1.0,,,17.0,,19,,Nuwara Eliya,174.86,286.79,402.72,545.25,616.84,174.86,7.0,NASA POWER PRECTOTCORR / MERRA-2,ok
7.138658,80.797226,2025-11-27,2025-11-27,2025-11-27,1,parsed_single,2025.11.27,,2026-01-28,2026.01.28,Nuwara Eliya,මතුරට ප්රා.ලේ.කො,මකුරුප්ප,HR1,HR1,,NBRI/NE/HKD[Mathurata]/2026/LY/86),NBRI/NE/HKD[Mathurata]/2026/LY/86),484බිි,House / නිවාස,Cutting failure / කණ්ඩි අස්ථාවරවීම්,Resettle / නැවත පදිංචිකිරීම,Fully / පුර්ණහානි,,,,3.0,,,,1.0,,4,,Nuwara Eliya,174.86,286.79,402.72,545.25,616.84,174.86,7.0,NASA POWER PRECTOTCORR / MERRA-2,ok
7.08174,80.649667,2025-11-27,2025-11-27,2025-11-27,1,parsed_single,2025.11.27,,2026-02-02,2026.02.02,Nuwara Eliya,කොත්මලේ නැගෙනහිර ප්රා.ලේ.කො,රජ ඇළ,HR1,HR1,,NBRI/NE/KTD[East]/2026/KLKT/102),NBRI/NE/KTD[East]/2026/KLKT/102),456ඊ,House / නිවාස,Slope failures / බැවුම් අස්ථාවරවීම්,Resettle / නැවත පදිංචිකිරීම,Fully / පුර්ණහානි,,,,1.0,,,,2.0,,3,,Nuwara Eliya,174.86,286.79,402.72,545.25,616.84,174.86,7.0,NASA POWER PRECTOTCORR / MERRA-2,ok
7.04371,80.77431,2025-11-27,2025-11-27,2025-11-27,1,parsed_single,2025-11-27 00:00:00,,2026-01-21,2026.01.21,Nuwara Eliya,මතුරට ප්රා.ලේ.කො,උඩවෙල,HR1,HR1,,NBRI/NE/HKD (Mathurata)/2026/IC/23),NBRI/NE/HKD (Mathurata)/2026/IC/23),512/ ඩී,House / නිවාස,Other / වෙනත් (වෙනත් කරුණු යටතේ සදහන් කරන්න),Resettle / නැවත පදිංචිකිරීම,Fully / පුර්ණහානි,,සුන්බුන් ගලන මාර්ගය,,1.0,,,,4.0,,5,,Nuwara Eliya,174.86,286.79,402.72,545.25,616.84,174.86,7.0,NASA POWER PRECTOTCORR / MERRA-2,ok
7.086789,80.651577,2025-11-28,2025-11-28,2025-11-28,1,parsed_single,2025.11.28,,2026-02-02,2026.02.02,Nuwara Eliya,කොත්මලේ නැගෙනහිර ප්රා.ලේ.කො,රජඇළ,HR1,HR1,,NBRI/NE/KTD[East]/2026/KLKT/103),NBRI/NE/KTD[East]/2026/KLKT/103),456ඊ,House / නිවාස,Slope failures / බැවුම් අස්ථාවරවීම්,Resettle / නැවත පදිංචිකිරීම,Fully / පුර්ණහානි,,,,1.0,,,,,,1,,Nuwara Eliya,64.6,322.03999999999996,457.49,601.37,680.32,174.86,7.0,NASA POWER PRECTOTCORR / MERRA-2,ok
7.069565,80.684153,2025-11-27,2025-11-27,2025-11-27,1,parsed_single,2025.11.27,,2026-02-03,2026.02.03,Nuwara Eliya,කොත්මලේ නැගෙනහිර ප්රා.ලේ.කො,රම්බොඩ,HR1,HR1,,NBRI/NE/KTD[East]/2026/LY/76),NBRI/NE/KTD[East]/2026/LY/76),474 /,House / නිවාස,Slope failures / බැවුම් අස්ථාවරවීම්,Resettle / නැවත පදිංචිකිරීම,Fully / පුර්ණහානි,,,,1.0,,,,,,1,,Nuwara Eliya,174.86,286.79,402.72,545.25,616.84,174.86,7.0,NASA POWER PRECTOTCORR / MERRA-2,ok
7.068245,80.689265,2025-11-27,2025-11-27,2025-11-27,1,parsed_single,2025.11.27,,2026-02-03,2026.02.03,Nuwara Eliya,කොත්මලේ නැගෙනහිර ප්රා.ලේ.කො,රම්බොඩ,HR1,HR1,,NBRI/NE/KTD[East]/2026/LY/79),NBRI/NE/KTD[East]/2026/LY/79),474,House / නිවාස,Cutting failure / කණ්ඩි අස්ථාවරවීම්,Resettle / නැවත පදිංචිකිරීම,Fully / පුර්ණහානි,,,,1.0,,,,,,1,,Nuwara Eliya,174.86,286.79,402.72,545.25,616.84,174.86,7.0,NASA POWER PRECTOTCORR / MERRA-2,ok
7.018778,80.730874,2025-11-27,2025-11-27,2025-11-27,1,parsed_single,2025.11.27,,2026-02-03,2026.02.03,Nuwara Eliya,කොත්මලේ නැගෙනහිර ප්රා.ලේ.කො,සමන්එළිය,HR1,HR1,,NBRI/NE/KTD[East]/2026/LY/77),NBRI/NE/KTD[East]/2026/LY/77),,House / නිවාස,Slope failures / බැවුම් අස්ථාවරවීම්,Resettle / නැවත පදිංචිකිරීම,Fully / පුර්ණහානි,,,,1.0,,,,,,1,,Nuwara Eliya,174.86,286.79,402.72,545.25,616.84,174.86,7.0,NASA POWER PRECTOTCORR / MERRA-2,ok
7.002866,80.892142,2025-11-26,2025-11-26,2025-11-26,1,parsed_single,2025.11.26,,2025-12-24,2025.12.24,Nuwara Eliya,නිල්දණ්ඩහින්න ප්රා.ලේ.කො,"සූර්යපතන, පහළ කොටස",HR1,HR1,,NBRI/NE/WLD (Nildandahinna)/2025/DMCP/31,NBRI/NE/WLD (Nildandahinna)/2025/DMCP/31,,House / නිවාස,Landslide / නායයෑම්,Resettle / නැවත පදිංචිකිරීම,Fully / පුර්ණහානි,,,,1.0,3.0,27.0,,23.0,,54,,Nuwara Eliya,82.58,168.03,233.01,381.89000000000004,442.44,82.58,7.0,NASA POWER PRECTOTCORR / MERRA-2,ok
7.111168,80.832481,2025-11-27,2025-11-27,2025-11-27,1,parsed_single,2025-11-27 00:00:00,,2026-01-21,2026-01-21 00:00:00,Nuwara Eliya,වලපනේ ප්රා.ලේ.කො,මඩුමාන,HR1,HR1,,NBRI/NE/WLD/2026/LY/60),NBRI/NE/WLD/2026/LY/60),506 ඒ,House / නිවාස,Other / වෙනත් (වෙනත් කරුණු යටතේ සදහන් කරන්න),Resettle / නැවත පදිංචිකිරීම,Fully / පුර්ණහානි,,කණ්ඩි අස්‍ථාවරවීම බෑවුම් අස්ථාවරතාවක් දක්වා වර්ධනය වී ඇත.,,1.0,,,,,,1,,Nuwara Eliya,174.86,286.79,402.72,545.25,616.84,174.86,7.0,NASA POWER PRECTOTCORR / MERRA-2,ok
7.01087,80.6694,2025-11-27,2025-11-27,2025-11-27,1,parsed_single,2025.11.27,,2026-01-22,2026.01.22,Nuwara Eliya,කොත්මලේ නැගෙනහිර ප්රා.ලේ.කො,ශීන් ගම,HR1,HR1,,NBRI/NE/KTD[East]/2026/RR/68),NBRI/NE/KTD[East]/2026/RR/68),468ජේ,House / නිවාස,Other / වෙනත් (වෙනත් කරුණු යටතේ සදහන් කරන්න),Resettle / නැවත පදිංචිකිරීම,Fully / පුර්ණහානි,,ආතති පැලුම්,,1.0,1.0,3.0,,2.0,,7,,Nuwara Eliya,174.86,286.79,402.72,545.25,616.84,174.86,7.0,NASA POWER PRECTOTCORR / MERRA-2,ok
7.055285,80.918315,2025-11-27,2025-11-27,2025-11-27,1,parsed_single,2025.11.27,ප.ව. 7.30,2025-12-27,2025.12.27,Nuwara Eliya,නිල්දණ්ඩහින්න ප්රා.ලේ.කො,මඩුල්ල උතුර,HR1,HR1,,NBRI/NE/WLD-(Nildandahinna) /2025/DMCP/30,NBRI/NE/WLD-(Nildandahinna) /2025/DMCP/30,527,House / නිවාස,Landslide / නායයෑම්,Resettle / නැවත පදිංචිකිරීම,Fully / පුර්ණහානි,,,,5.0,,8.0,,3.0,,16,,Nuwara Eliya,174.86,286.79,402.72,545.25,616.84,174.86,7.0,NASA POWER PRECTOTCORR / MERRA-2,ok
7.032945,80.655915,2025-11-27,2025-11-27,2025-11-27,1,parsed_single,2025.11.27,,2026-02-12,2026.02.12,Nuwara Eliya,කොත්මලේ නැගෙනහිර ප්රා.ලේ.කො,කුඹල්ඔළුව,HR1,HR1,,NBRI/NE/KTD[East]/2026/SMK/146),NBRI/NE/KTD[East]/2026/SMK/146),469,House / නිවාස,Other / වෙනත් (වෙනත් කරුණු යටතේ සදහන් කරන්න),Resettle / නැවත පදිංචිකිරීම,Fully / පුර්ණහානි,,ආතති පැලුම්,,1.0,2.0,8.0,,7.0,,18,,Nuwara Eliya,174.86,286.79,402.72,545.25,616.84,174.86,7.0,NASA POWER PRECTOTCORR / MERRA-2,ok
7.014828,80.829182,2025-11-27,2025-11-27,2025-11-27,1,parsed_single,2025.11.27,,2026-02-02,2026.02.02,Nuwara Eliya,වලපනේ ප්රා.ලේ.කො,බෲක්සයිඩ්,HR1,HR1,,NBRI/NE/WLD/2026/SMK/121),NBRI/NE/WLD/2026/SMK/121),33 / 0,House / නිවාස,Other / වෙනත් (වෙනත් කරුණු යටතේ සදහන් කරන්න),Resettle / නැවත පදිංචිකිරීම,Fully / පුර්ණහානි,,සුන්බුන් ගලනය,,3.0,,,,,,3,,Nuwara Eliya,174.86,286.79,402.72,545.25,616.84,174.86,7.0,NASA POWER PRECTOTCORR / MERRA-2,ok
7.007774,80.833672,2025-11-26,2025-11-26,2025-11-26,1,parsed_single,2025.11.26,,2026-02-02,2026.02.02,Nuwara Eliya,වලපනේ ප්රා.ලේ.කො,බෲක්සයිඩ්,HR1,HR1,,NBRI/NE/WLD/2026/SMK/120),NBRI/NE/WLD/2026/SMK/120),33 / 0,House / නිවාස,Other / වෙනත් (වෙනත් කරුණු යටතේ සදහන් කරන්න),Resettle / නැවත පදිංචිකිරීම,Fully / පුර්ණහානි,,සුන්බුන් ගලනය,,4.0,,,,,,4,,Nuwara Eliya,82.58,168.03,233.01,381.89000000000004,442.44,82.58,7.0,NASA POWER PRECTOTCORR / MERRA-2,ok
7.102111,80.642162,2025-11-27,2025-11-27,2025-11-27,1,parsed_single,2025-11-27 00:00:00,,2026-03-04,2026-03-04 00:00:00,Nuwara Eliya,කොත්මලේ නැගෙනහිර ප්රා.ලේ.කො,නවකඩදොර,HR1,HR1,,NBRI/NE/KTD[East]/2026/DSDD/179),NBRI/NE/KTD[East]/2026/DSDD/179),456/ඒ,House / නිවාස,Slope failures / බැවුම් අස්ථාවරවීම්,Resettle / නැවත පදිංචිකිරීම,Fully / පුර්ණහානි,,,,2.0,,,,3.0,1.0,6,,Nuwara Eliya,174.86,286.79,402.72,545.25,616.84,174.86,7.0,NASA POWER PRECTOTCORR / MERRA-2,ok
7.095149,80.865156,2025-11-27,2025-11-27,2025-11-27,1,parsed_single,2025.11.27,,2026-05-05,2026.05.05,Nuwara Eliya,වලපනේ ප්රා.ලේ.කො,වලපනේ,HR1,HR1,,NBRI/NE/WLD/2026/DMCP/138),NBRI/NE/WLD/2026/DMCP/138),515/බී,House / නිවාස,Other / වෙනත් (වෙනත් කරුණු යටතේ සදහන් කරන්න),Resettle / නැවත පදිංචිකිරීම,Fully / පුර්ණහානි,,ව්‍යූහාත්මක අස්ථාවරතා,,1.0,,,,,,1,,Nuwara Eliya,174.86,286.79,402.72,545.25,616.84,174.86,7.0,NASA POWER PRECTOTCORR / MERRA-2,ok
6.936142,80.66674,2025-11-27,2025-11-27,2026-11-28,2,parsed_range,2025.11.27 රාත්‍රී 12 සහ 2026/11/28 සවස 4.30,,2026-03-06,2026.03.06,Nuwara Eliya,තලවකැලේ ප්රා.ලේ.කො,හෝලිරූඩ්,HR1,HR1,,NBRI/NE/NED[Thalawakale]/2026/SMK/164),NBRI/NE/NED[Thalawakale]/2026/SMK/164),,House / නිවාස,Other / වෙනත් (වෙනත් කරුණු යටතේ සදහන් කරන්න),Resettle / නැවත පදිංචිකිරීම,Fully / පුර්ණහානි,,රැඳවුම් ව්‍යුහයන් අස්‍ථාවරවීම,,1.0,,1.0,,7.0,,9,,Nuwara Eliya,174.86,286.79,402.72,545.25,616.84,174.86,7.0,NASA POWER PRECTOTCORR / MERRA-2,ok
7.088832,80.829835,2025-11-27,2025-11-27,2025-11-27,1,parsed_single,2025.11.27,,2026-04-27,2026.04.27,Nuwara Eliya,වලපනේ ප්රා.ලේ.කො,කුරුඳු ඔය,HR1,HR1,,NBRI/NE/WLD/2026/DMCP/144),NBRI/NE/WLD/2026/DMCP/144),504 ඊ,House / නිවාස,Slope failures / බැවුම් අස්ථාවරවීම්,Resettle / නැවත පදිංචිකිරීම,Fully / පුර්ණහානි,,,,1.0,,,,1.0,,2,,Nuwara Eliya,174.86,286.79,402.72,545.25,616.84,174.86,7.0,NASA POWER PRECTOTCORR / MERRA-2,ok
7.011572,80.903925,2025-11-27,2025-11-27,2025-11-27,1,parsed_single,2025.11.27,,2025-12-23,2025.12.23,Nuwara Eliya,නිල්දණ්ඩහින්න ප්රා.ලේ.කො,අඹලියද්ද,HR1,HR1,,NBRI/NE/WLD[Nildandahinna] /2025/LY/සංශෝධනය/20),NBRI/NE/WLD[Nildandahinna] /2025/LY/සංශෝධනය/20),531,House / නිවාස,Landslide / නායයෑම්,Resettle / නැවත පදිංචිකිරීම,Fully / පුර්ණහානි,,,,2.0,1.0,3.0,,8.0,,14,,Nuwara Eliya,174.86,286.79,402.72,545.25,616.84,174.86,7.0,NASA POWER PRECTOTCORR / MERRA-2,ok
7.056912,80.779665,2025-11-27,2025-11-27,2025-11-27,1,parsed_single,2025.11.27,,2026-02-20,2026.02.20,Nuwara Eliya,මතුරට ප්රා.ලේ.කො,ලබුහේන්වල,HR1,HR1,,NBRI/NE/HKD[Mathurata]/2026/DMCP/සංශෝධන/129),NBRI/NE/HKD[Mathurata]/2026/DMCP/සංශෝධන/129),,House / නිවාස,Other / වෙනත් (වෙනත් කරුණු යටතේ සදහන් කරන්න),Resettle / නැවත පදිංචිකිරීම,Fully / පුර්ණහානි,,භුමි ගිලා බැසිම,,1.0,,2.0,,,,3,,Nuwara Eliya,174.86,286.79,402.72,545.25,616.84,174.86,7.0,NASA POWER PRECTOTCORR / MERRA-2,ok
7.058373,80.90289,2025-11-27,2025-11-27,2025-11-27,1,parsed_single,2025.11.27,රාත්‍රී 7.18,2026-01-01,2026.01.01,Nuwara Eliya,නිල්දණ්ඩහින්න ප්රා.ලේ.කො,කරදගොල්ල,HR1,HR1,,NBRI/NE/WLD[Nildandahinna]/2025/PTG/සංශෝධනය/128 (ii),NBRI/NE/WLD[Nildandahinna]/2025/PTG/සංශෝධනය/128 (ii),525-බී,House / නිවාස,Slope failures / බැවුම් අස්ථාවරවීම්,Resettle / නැවත පදිංචිකිරීම,Fully / පුර්ණහානි,,,,1.0,,2.0,,31.0,,34,,Nuwara Eliya,174.86,286.79,402.72,545.25,616.84,174.86,7.0,NASA POWER PRECTOTCORR / MERRA-2,ok
7.087636,80.863534,2025-11-27,2025-11-27,2025-11-27,1,parsed_single,2025.11.27,,2025-12-09,2025.12.09,Nuwara Eliya,වලපනේ ප්රා.ලේ.කො,කන්දේගම,HR1,HR1,,NBRI/NE/WLD/2026/SMK/10 – Rev (සංශෝධන - (ii) ),NBRI/NE/WLD/2026/SMK/10 – Rev (සංශෝධන - (ii) ),515 සී,House / නිවාස,Slope failures / බැවුම් අස්ථාවරවීම්,Resettle / නැවත පදිංචිකිරීම,Fully / පුර්ණහානි,,,,2.0,,,,35.0,,37,,Nuwara Eliya,174.86,286.79,402.72,545.25,616.84,174.86,7.0,NASA POWER PRECTOTCORR / MERRA-2,ok
7.08932,80.86041,2025-11-27,2025-11-27,2025-11-27,1,parsed_single,2025.11.27,,2025-12-09,2025.12.09,Nuwara Eliya,වලපනේ ප්රා.ලේ.කො,කන්දේගම,HR1,HR1,,NBRI/NE/WLD/2025/SMK/09  -Rev(II),NBRI/NE/WLD/2025/SMK/09  -Rev(II),515 සී / වලපනේ 515 බී,House / නිවාස,Landslide / නායයෑම්,Resettle / නැවත පදිංචිකිරීම,Fully / පුර්ණහානි,,ගල් පෙරලිම්,,7.0,6.0,1.0,,10.0,,24,,Nuwara Eliya,174.86,286.79,402.72,545.25,616.84,174.86,7.0,NASA POWER PRECTOTCORR / MERRA-2,ok
6.973258,80.788671,2025-12-27,2025-12-27,2025-12-27,1,parsed_single,2025-12-27 00:00:00,,2025-12-27,2025-12-27 00:00:00,Nuwara Eliya,නුවරඑළිය ප්රා.ලේ.කො,පීඩෲ,HR1,HR1,,NBRI/NE/NED/2025/BBW/02),NBRI/NE/NED/2025/BBW/02),534 / H,House / නිවාස,Landslide / නායයෑම්,Resettle / නැවත පදිංචිකිරීම,Fully / පුර්ණහානි,,,,1.0,1.0,6.0,,6.0,,14,,Nuwara Eliya,0.27,1.6800000000000002,10.049999999999999,78.25999999999998,397.33000000000004,4.59,3.0,NASA POWER PRECTOTCORR / MERRA-2,ok
6.976183,80.797763,2025-11-27,2025-11-27,2025-11-27,1,parsed_single,2025-11-27 00:00:00,,2025-11-29,2025-11-29 00:00:00,Nuwara Eliya,නුවරඑළිය ප්රා.ලේ.කො,පීඩෘෘ,HR1,HR1,,NBRI/NE/NED/2025/SMK/02,NBRI/NE/NED/2025/SMK/02,534 එච්,House / නිවාස,Landslide / නායයෑම්,Resettle / නැවත පදිංචිකිරීම,Fully / පුර්ණහානි,,,,10.0,,26.0,,,,36,,Nuwara Eliya,174.86,286.79,402.72,545.25,616.84,174.86,7.0,NASA POWER PRECTOTCORR / MERRA-2,ok
7.056214,80.82831,2025-11-27,2025-11-27,2025-11-27,1,parsed_single,2025.11.27,,2025-12-24,2025.12.24,Nuwara Eliya,වලපනේ ප්රා.ලේ.කො,හයිෆොරස්ට්,HR1,HR1,,NBRI/NE/WLD/2025/SMK/සංශෝධන/50),NBRI/NE/WLD/2025/SMK/සංශෝධන/50),504 ඩී,House / නිවාස,Other / වෙනත් (වෙනත් කරුණු යටතේ සදහන් කරන්න),Resettle / නැවත පදිංචිකිරීම,Fully / පුර්ණහානි,,ආතති පැලුම්,,3.0,,,,6.0,,9,,Nuwara Eliya,174.86,286.79,402.72,545.25,616.84,174.86,7.0,NASA POWER PRECTOTCORR / MERRA-2,ok
7.100326,80.804693,2025-11-27,2025-11-27,2025-11-27,1,parsed_single,2025-11-27 00:00:00,Night,2025-12-11,2025-12-11 00:00:00,Nuwara Eliya,වලපනේ ප්රා.ලේ.කො,වැටකේගම,HR1,HR1,,NBRI/NE/WLD/2025/SMK/17 -Rev,NBRI/NE/WLD/2025/SMK/17 -Rev,,House / නිවාස,Landslide / නායයෑම්,Resettle / නැවත පදිංචිකිරීම,Fully / පුර්ණහානි,,,,2.0,1.0,3.0,,4.0,,10,,Nuwara Eliya,174.86,286.79,402.72,545.25,616.84,174.86,7.0,NASA POWER PRECTOTCORR / MERRA-2,ok
7.02343,80.838948,2025-11-27,2025-11-27,2025-11-27,1,parsed_single,2025-11-27 00:00:00,,2025-12-21,2025-12-21 00:00:00,Nuwara Eliya,වලපනේ ප්රා.ලේ.කො,බෲක්සයිඩ්,HR1,HR1,,NBRI/NE/WLD/20/2025/PTG/76 -Rev,NBRI/NE/WLD/20/2025/PTG/76 -Rev,,House / නිවාස,Slope failures / බැවුම් අස්ථාවරවීම්,Resettle / නැවත පදිංචිකිරීම,Fully / පුර්ණහානි,,,,1.0,,3.0,,2.0,,6,,Nuwara Eliya,174.86,286.79,402.72,545.25,616.84,174.86,7.0,NASA POWER PRECTOTCORR / MERRA-2,ok
7.059967,80.874677,2025-11-27,2025-11-27,2025-11-27,1,parsed_single,2025-11-27 00:00:00,7.10 pm,2025-12-14,2025-12-14 00:00:00,Nuwara Eliya,වලපනේ ප්රා.ලේ.කො,මහපතන,HR1,HR1,,NBRI/NE/WLD/2026/SMK/සංගශෝධනය/26) – Rev (ii),NBRI/NE/WLD/2026/SMK/සංගශෝධනය/26) – Rev (ii),516 ඩී,House / නිවාස,Landslide / නායයෑම්,Resettle / නැවත පදිංචිකිරීම,Fully / පුර්ණහානි,,,,2.0,4.0,,,16.0,,22,,Nuwara Eliya,174.86,286.79,402.72,545.25,616.84,174.86,7.0,NASA POWER PRECTOTCORR / MERRA-2,ok
6.976042,80.784391,2025-11-27,2025-11-27,2025-11-27,1,parsed_single,2025-11-27 00:00:00,,2025-12-29,2025-12-29 00:00:00,Nuwara Eliya,නුවරඑළිය ප්රා.ලේ.කො,,HR1,HR1,,NBRI/NE/NED/2025/SMK/61),NBRI/NE/NED/2025/SMK/61),535 - එච්,House / නිවාස,Slope failures / බැවුම් අස්ථාවරවීම්,Resettle / නැවත පදිංචිකිරීම,Fully / පුර්ණහානි,,,,1.0,,,,2.0,,3,,Nuwara Eliya,174.86,286.79,402.72,545.25,616.84,174.86,7.0,NASA POWER PRECTOTCORR / MERRA-2,ok
6.996583,80.795085,2025-11-27,2025-11-27,2025-11-27,1,parsed_single,2025-11-27 00:00:00,,2025-12-13,2025-12-13 00:00:00,Nuwara Eliya,නුවරඑළිය ප්රා.ලේ.කො,පාර්ක්,HR1,HR1,,NBRI/NE/NED/2025/SMK/25,NBRI/NE/NED/2025/SMK/25,534 G,House / නිවාස,Landslide / නායයෑම්,Resettle / නැවත පදිංචිකිරීම,Fully / පුර්ණහානි,,,,1.0,,,,3.0,,4,,Nuwara Eliya,174.86,286.79,402.72,545.25,616.84,174.86,7.0,NASA POWER PRECTOTCORR / MERRA-2,ok
7.049694,80.873028,2025-11-27,2025-11-27,2025-11-27,1,parsed_single,2025-11-27 00:00:00,,2025-12-15,2025-12-15 00:00:00,Nuwara Eliya,වලපනේ ප්රා.ලේ.කො,හරස්බැද්ද,HR1,HR1,,NBRI/NE/WLD/2025/SMK/27 - Rev,NBRI/NE/WLD/2025/SMK/27 - Rev,526,House / නිවාස,Cutting failure / කණ්ඩි අස්ථාවරවීම්,Resettle / නැවත පදිංචිකිරීම,Fully / පුර්ණහානි,,,,1.0,,3.0,,,,4,,Nuwara Eliya,174.86,286.79,402.72,545.25,616.84,174.86,7.0,NASA POWER PRECTOTCORR / MERRA-2,ok
7.004244,80.811862,2025-11-27,2025-11-27,2025-11-27,1,parsed_single,2025-11-27 00:00:00,,2025-12-13,2025-12-13 00:00:00,Nuwara Eliya,නුවරඑළිය ප්රා.ලේ.කො,පාර්ක්,HR1,HR1,,NBRI/NE/NED/2025/SMK/24,NBRI/NE/NED/2025/SMK/24,534 ජී,House / නිවාස,Landslide / නායයෑම්,Resettle / නැවත පදිංචිකිරීම,Fully / පුර්ණහානි,,,,1.0,5.0,,,,,6,,Nuwara Eliya,174.86,286.79,402.72,545.25,616.84,174.86,7.0,NASA POWER PRECTOTCORR / MERRA-2,ok
7.060018,80.872723,2025-11-27,2025-11-27,2025-11-27,1,parsed_single,2025-11-27 00:00:00,6.30 pm,2025-12-14,2025-12-14 00:00:00,Nuwara Eliya,වලපනේ ප්රා.ලේ.කො,මහපතන,HR1,HR1,,NBRI/NE/WLD/2025/SMK/28 - Rev,NBRI/NE/WLD/2025/SMK/28 - Rev,516 ඩී,House / නිවාස,Landslide / නායයෑම්,Resettle / නැවත පදිංචිකිරීම,Fully / පුර්ණහානි,,,,6.0,,,,,,6,,Nuwara Eliya,174.86,286.79,402.72,545.25,616.84,174.86,7.0,NASA POWER PRECTOTCORR / MERRA-2,ok
7.075025,80.819993,2025-11-27,2025-11-27,2025-11-27,1,parsed_single,2025-11-27 00:00:00,Morning,2025-12-19,2025-12-19 00:00:00,Nuwara Eliya,වලපනේ ප්රා.ලේ.කො,උකුතුලේ නැගෙනහිර,HR1,HR1,,NBRI/NE/WLD/19/2025/SMK/39 -Rev,NBRI/NE/WLD/19/2025/SMK/39 -Rev,,House / නිවාස,Landslide / නායයෑම්,Resettle / නැවත පදිංචිකිරීම,Fully / පුර්ණහානි,,,,2.0,2.0,6.0,,,,10,,Nuwara Eliya,174.86,286.79,402.72,545.25,616.84,174.86,7.0,NASA POWER PRECTOTCORR / MERRA-2,ok
6.998178,80.792801,2025-11-27,2025-11-27,2025-11-27,1,parsed_single,2025-11-27 00:00:00,,2025-12-13,2025-12-13 00:00:00,Nuwara Eliya,නුවරඑළිය ප්රා.ලේ.කො,"මධ්‍යම කදපොල,ජයලංකා",HR1,HR1,,NBRI/NE/NED/2025/SMK/23,NBRI/NE/NED/2025/SMK/23,ජයලංකා 534 B සහ මධ්‍යම කදපොල 534 C,House / නිවාස,Landslide / නායයෑම්,Resettle / නැවත පදිංචිකිරීම,Fully / පුර්ණහානි,,,,1.0,2.0,,,,,3,,Nuwara Eliya,174.86,286.79,402.72,545.25,616.84,174.86,7.0,NASA POWER PRECTOTCORR / MERRA-2,ok
7.102845,80.805372,2025-11-27,2025-11-27,2025-11-27,1,parsed_single,2025.11.27,,2025-12-11,2025.12.11,Nuwara Eliya,වලපනේ ප්රා.ලේ.කො,වැටකේගම,HR1,HR1,,NBRI/NE/WLD/2025/SMK/18 – Rev(II),NBRI/NE/WLD/2025/SMK/18 – Rev(II),,House / නිවාස,Landslide / නායයෑම්,Resettle / නැවත පදිංචිකිරීම,Fully / පුර්ණහානි,,,,3.0,2.0,1.0,,4.0,,10,,Nuwara Eliya,174.86,286.79,402.72,545.25,616.84,174.86,7.0,NASA POWER PRECTOTCORR / MERRA-2,ok
7.05412,80.875021,2025-11-27,2025-11-27,2025-11-27,1,parsed_single,2025.11.27,,2025-12-14,2025.12.14,Nuwara Eliya,වලපනේ ප්රා.ලේ.කො,හරස්බැද්ද,HR1,HR1,,NBRI/NE/WLD/2025/SMK/29/-Rev(II),NBRI/NE/WLD/2025/SMK/29/-Rev(II),526,House / නිවාස,Landslide / නායයෑම්,Resettle / නැවත පදිංචිකිරීම,Fully / පුර්ණහානි,,,,3.0,8.0,6.0,,,,17,,Nuwara Eliya,174.86,286.79,402.72,545.25,616.84,174.86,7.0,NASA POWER PRECTOTCORR / MERRA-2,ok
6.963119,80.640509,2025-11-27,2025-11-27,2025-11-27,1,parsed_single,2025-11-27 00:00:00,,2025-12-03,2025-12-03 00:00:00,Nuwara Eliya,තලවකැලේ ප්රා.ලේ.කො,වටගොඩ,HR1,HR1,,NBRI/NE/NED/(THLAWAKALE)/2025/DSDD/01,NBRI/NE/NED/(THLAWAKALE)/2025/DSDD/01,,(වෙනත් කරුණු යටතේ සටහන් කරන්න),Landslide / නායයෑම්,Resettle / නැවත පදිංචිකිරීම,Fully / පුර්ණහානි,,MUSTER SHED,,7.0,3.0,,,5.0,,15,,Nuwara Eliya,174.86,286.79,402.72,545.25,616.84,174.86,7.0,NASA POWER PRECTOTCORR / MERRA-2,ok
6.997069,80.797443,2025-11-27,2025-11-27,2025-11-27,1,parsed_single,2025-11-27 00:00:00,,2025-12-15,2025-12-15 00:00:00,Nuwara Eliya,නුවරඑළිය ප්රා.ලේ.කො,මධ්‍යම කදපොල,HR1,HR1,,NBRI/NE/NED/2025/SMK/22,NBRI/NE/NED/2025/SMK/22,534 C,House / නිවාස,Cutting failure / කණ්ඩි අස්ථාවරවීම්,Resettle / නැවත පදිංචිකිරීම,Fully / පුර්ණහානි,,,,4.0,,,,,,4,,Nuwara Eliya,174.86,286.79,402.72,545.25,616.84,174.86,7.0,NASA POWER PRECTOTCORR / MERRA-2,ok
6.937903,80.689125,2025-11-27,2025-11-27,2025-11-27,1,parsed_single,2025-11-27 00:00:00,,2025-12-06,2025-12-06 00:00:00,Nuwara Eliya,නුවරඑළිය ප්රා.ලේ.කො,රත්නගිරිය,HR1,HR1,,NBRI/NE/NED/2025/SMK/සංශෝධනය/07(i),NBRI/NE/NED/2025/SMK/සංශෝධනය/07(i),,House / නිවාස,Slope failures / බැවුම් අස්ථාවරවීම්,Resettle / නැවත පදිංචිකිරීම,Fully / පුර්ණහානි,,,,3.0,,,,,,3,,Nuwara Eliya,174.86,286.79,402.72,545.25,616.84,174.86,7.0,NASA POWER PRECTOTCORR / MERRA-2,ok
7.106421,80.89179,2025-11-27,2025-11-27,2025-11-27,1,parsed_single,2025.11.27,,2026-01-01,2026.01.01,Nuwara Eliya,නිල්දණ්ඩහින්න ප්රා.ලේ.කො,යොබුවෙල්තැන්න,HR1,HR1,,NBRI/NE/WLD[Nildandahinna]/2026/LY/41,NBRI/NE/WLD[Nildandahinna]/2026/LY/41,,House / නිවාස,Slope failures / බැවුම් අස්ථාවරවීම්,Resettle / නැවත පදිංචිකිරීම,Fully / පුර්ණහානි,,,,1.0,1.0,5.0,,6.0,,13,,Nuwara Eliya,174.86,286.79,402.72,545.25,616.84,174.86,7.0,NASA POWER PRECTOTCORR / MERRA-2,ok
7.059857,80.847689,2025-11-27,2025-11-27,2025-11-27,1,parsed_single,2025-11-27 00:00:00,,2025-12-24,2025-12-24 00:00:00,Nuwara Eliya,වලපනේ ප්රා.ලේ.කො,හයිෆොරස්ට්,HR1,HR1,,NBRI/NE/WLD/2025/SMK/49),NBRI/NE/WLD/2025/SMK/49),504 බී,House / නිවාස,Slope failures / බැවුම් අස්ථාවරවීම්,Resettle / නැවත පදිංචිකිරීම,Fully / පුර්ණහානි,,,,6.0,,,,14.0,,20,,Nuwara Eliya,174.86,286.79,402.72,545.25,616.84,174.86,7.0,NASA POWER PRECTOTCORR / MERRA-2,ok
6.996682,80.796057,2025-11-28,2025-11-28,2025-11-28,1,parsed_single,2025-11-28 00:00:00,,2025-12-13,2025-12-13 00:00:00,Nuwara Eliya,නුවරඑළිය ප්රා.ලේ.කො,,HR1,HR1,,NBRI/NE/NED/2025/SMK/20,NBRI/NE/NED/2025/SMK/20,534 G,House / නිවාස,Slope failures / බැවුම් අස්ථාවරවීම්,Resettle / නැවත පදිංචිකිරීම,Fully / පුර්ණහානි,,,,1.0,6.0,,,,,7,,Nuwara Eliya,64.6,322.03999999999996,457.49,601.37,680.32,174.86,7.0,NASA POWER PRECTOTCORR / MERRA-2,ok
6.98718,80.83545,2025-11-26,2025-11-26,2025-11-26,1,parsed_single,2025-11-26 00:00:00,සවස 7.30,2025-12-14,2025-12-14 00:00:00,Nuwara Eliya,නුවරඑළිය ප්රා.ලේ.කො,‌කොන්කෝඩියා,HR1,HR1,,NBRI/NE/NED/2025/RR/03,NBRI/NE/NED/2025/RR/03,534 F,House / නිවාස,Cutting failure / කණ්ඩි අස්ථාවරවීම්,Resettle / නැවත පදිංචිකිරීම,Fully / පුර්ණහානි,,,,1.0,,1.0,,2.0,,4,,Nuwara Eliya,82.58,168.03,233.01,381.89000000000004,442.44,82.58,7.0,NASA POWER PRECTOTCORR / MERRA-2,ok
7.175739,80.780632,2025-11-28,2025-11-28,2025-11-28,1,parsed_single,2025-11-28 00:00:00,,2025-12-11,2025-12-11 00:00:00,Nuwara Eliya,හඟුරන්කෙත ප්රා.ලේ.කො,මිරහන්පේ,HR1,HR1,,NBRI/NE/HKD/2025/DMCP/11-Rev,NBRI/NE/HKD/2025/DMCP/11-Rev,,House / නිවාස,Landslide / නායයෑම්,Resettle / නැවත පදිංචිකිරීම,Fully / පුර්ණහානි,,ගල් පෙරලීම්,,11.0,,,,,,11,,Nuwara Eliya,64.6,322.03999999999996,457.49,601.37,680.32,174.86,7.0,NASA POWER PRECTOTCORR / MERRA-2,ok
7.087363,80.784085,2025-11-27,2025-11-27,2025-11-27,1,parsed_single,2025-11-27 00:00:00,,2025-12-12,2025-12-12 00:00:00,Nuwara Eliya,හඟුරන්කෙත ප්රා.ලේ.කො,මාර්තුවෙල - දොඩම්කෑල්ල,HR1,HR1,,NBRI/NE/HKD/2025/DMCP/15-REV,NBRI/NE/HKD/2025/DMCP/15-REV,511 / B,House / නිවාස,Cutting failure / කණ්ඩි අස්ථාවරවීම්,Resettle / නැවත පදිංචිකිරීම,Fully / පුර්ණහානි,,,,2.0,,,,,,2,,Nuwara Eliya,174.86,286.79,402.72,545.25,616.84,174.86,7.0,NASA POWER PRECTOTCORR / MERRA-2,ok
6.935252,80.68504,2025-11-29,2025-11-29,2025-11-29,1,parsed_single,2025-11-29 00:00:00,,2025-12-07,2025-12-07 00:00:00,Nuwara Eliya,නුවරඑළිය ප්රා.ලේ.කො,රත්නගිරිය ජනපදය,HR1,HR1,,NBRI/NE/NED/2025/SMK/08/REV),NBRI/NE/NED/2025/SMK/08/REV),,House / නිවාස,Slope failures / බැවුම් අස්ථාවරවීම්,Resettle / නැවත පදිංචිකිරීම,Fully / පුර්ණහානි,,,,1.0,,,,,,1,,Nuwara Eliya,5.63,245.09,439.52,593.5699999999999,685.3900000000001,174.86,7.0,NASA POWER PRECTOTCORR / MERRA-2,ok
7.119166,80.818231,2025-11-26,2025-11-26,2025-11-26,1,parsed_single,2025-11-26 00:00:00,2.30 AM,2026-06-15,2026.06.15,Nuwara Eliya,වලපනේ ප්රා.ලේ.කො,උණගොල්ල,HR1,HR1,,NBRI/NE/WLD/2025/LY/සංශෝධන/31),NBRI/NE/WLD/2025/LY/සංශෝධන/31),506 - ඒ,House / නිවාස,Slope failures / බැවුම් අස්ථාවරවීම්,Resettle / නැවත පදිංචිකිරීම,Fully / පුර්ණහානි,,,,3.0,1.0,26.0,,37.0,,67,,Nuwara Eliya,82.58,168.03,233.01,381.89000000000004,442.44,82.58,7.0,NASA POWER PRECTOTCORR / MERRA-2,ok
7.096241,80.893012,2025-11-26,2025-11-26,2025-11-28,2,parsed_range,2025.11.26 - 2025.11.28,,2025-11-28,2025-11-28 00:00:00,Nuwara Eliya,නුවරඑළිය ප්රා.ලේ.කො,කොන්කෝඩියා,HR1,HR1,,NBRI/NE/NED/2026/DMCP/52),NBRI/NE/NED/2026/DMCP/52),534/එෆ්,House / නිවාස,Landslide / නායයෑම්,Resettle / නැවත පදිංචිකිරීම,Fully / පුර්ණහානි,0.0,,,7.0,2.0,28.0,,43.0,,80,,Nuwara Eliya,82.58,168.03,233.01,381.89000000000004,442.44,82.58,7.0,NASA POWER PRECTOTCORR / MERRA-2,ok
7.126164,80.726674,2025-11-27,2025-11-27,2025-11-27,1,parsed_single,2025-11-27 00:00:00,9.45 PM,2025-12-10,2025-12-10 00:00:00,Nuwara Eliya,හඟුරන්කෙත ප්රා.ලේ.කො,හෝප්වත්ත,HR1,HR1,,NBRI/NE/HKD/2025/SMK/13-REV,NBRI/NE/HKD/2025/SMK/13-REV,501 G,House / නිවාස,Landslide / නායයෑම්,Resettle / නැවත පදිංචිකිරීම,Fully / පුර්ණහානි,,,,1.0,4.0,,,,,5,,Nuwara Eliya,174.86,286.79,402.72,545.25,616.84,174.86,7.0,NASA POWER PRECTOTCORR / MERRA-2,ok
7.068918,80.892541,2025-11-26,2025-11-26,2025-11-26,1,parsed_single,2025-11-26 00:00:00,,2026-01-13,2026-01-13 00:00:00,Nuwara Eliya,නිල්දණ්ඩහින්න ප්රා.ලේ.කො,දෙනමුරේ,HR1,HR1,,NBRI/NE/WLD(Nildandahinna)/DMCP/54),NBRI/NE/WLD(Nildandahinna)/DMCP/54),524/,House / නිවාස,Slope failures / බැවුම් අස්ථාවරවීම්,Resettle / නැවත පදිංචිකිරීම,Fully / පුර්ණහානි,,,,1.0,,6.0,,10.0,,17,,Nuwara Eliya,82.58,168.03,233.01,381.89000000000004,442.44,82.58,7.0,NASA POWER PRECTOTCORR / MERRA-2,ok
6.975501,80.742138,2025-11-27,2025-11-27,2025-11-27,1,parsed_single,2025.11.27,,2026-01-31,2026.01.31,Nuwara Eliya,නුවරඑළිය ප්රා.ලේ.කො,ශාන්තිපුර,HR1,HR1,,NBRI/NE/NED/2026/DMCP/80),NBRI/NE/NED/2026/DMCP/80),535එම්,House / නිවාස,Slope failures / බැවුම් අස්ථාවරවීම්,Resettle / නැවත පදිංචිකිරීම,Fully / පුර්ණහානි,,,,2.0,1.0,,,1.0,,4,,Nuwara Eliya,174.86,286.79,402.72,545.25,616.84,174.86,7.0,NASA POWER PRECTOTCORR / MERRA-2,ok
7.035111,80.708128,2025-11-28,2025-11-28,2025-11-28,1,parsed_single,2025-11-28 00:00:00,,2025-12-09,2025-12-09 00:00:00,Nuwara Eliya,නුවරඑළිය ප්රා.ලේ.කො,පලාගොල්ල,HR1,HR1,,NBRI/NE/NED/2025/DMCP/08/REV,NBRI/NE/NED/2025/DMCP/08/REV,74,House / නිවාස,"Landslide / නායයෑම්, Slope failures / බැවුම් අස්ථාවරවීම්, Cutting failure / කණ්ඩි අස්ථාවරවීම්",Resettle / නැවත පදිංචිකිරීම,Fully / පුර්ණහානි,,,,1.0,,,,,,1,,Nuwara Eliya,64.6,322.03999999999996,457.49,601.37,680.32,174.86,7.0,NASA POWER PRECTOTCORR / MERRA-2,ok
7.07439,80.651607,2025-11-27,2025-11-27,2025-11-27,1,parsed_single,2025.11.27,,2026-05-07,2026.05.07,Nuwara Eliya,කොත්මලේ නැගෙනහිර ප්රා.ලේ.කො,මාවෙළ කන්ද,HR1,HR1,,NBRI/NE/KTD[East]/2026/DMCP/136),NBRI/NE/KTD[East]/2026/DMCP/136),456 සී,House / නිවාස,Landslide / නායයෑම්,Resettle / නැවත පදිංචිකිරීම,Fully / පුර්ණහානි,0.0,,,1.0,,,,,,1,,Nuwara Eliya,174.86,286.79,402.72,545.25,616.84,174.86,7.0,NASA POWER PRECTOTCORR / MERRA-2,ok
6.980078,80.753957,2025-11-28,2025-11-28,2025-11-28,1,parsed_single,2025.11.28,,2026-02-08,2026.02.08,Nuwara Eliya,නුවරඑළිය ප්රා.ලේ.කො,කලාපුර,HR1,HR1,,NBRI/NE/NED/2026/WGMSS/02),NBRI/NE/NED/2026/WGMSS/02),535එන්,House / නිවාස,Slope failures / බැවුම් අස්ථාවරවීම්,Resettle / නැවත පදිංචිකිරීම,Fully / පුර්ණහානි,0.0,,,1.0,,,,6.0,,7,,Nuwara Eliya,64.6,322.03999999999996,457.49,601.37,680.32,174.86,7.0,NASA POWER PRECTOTCORR / MERRA-2,ok
7.095273,80.802895,2025-11-27,2025-11-27,2025-11-27,1,parsed_single,2025-11-27 00:00:00,රාත්‍රිි 8.30 – 10.00,2025-12-17,2025.12.17,Nuwara Eliya,වලපනේ ප්රා.ලේ.කො,නාපටවෙල,HR1,HR1,,NBRI/NE/WLD/2025/SMK/55),NBRI/NE/WLD/2025/SMK/55),,House / නිවාස,Landslide / නායයෑම්,Resettle / නැවත පදිංචිකිරීම,Fully / පුර්ණහානි,,,,12.0,,5.0,,,,17,,Nuwara Eliya,174.86,286.79,402.72,545.25,616.84,174.86,7.0,NASA POWER PRECTOTCORR / MERRA-2,ok
7.057058,80.848957,2025-11-27,2025-11-27,2025-11-27,1,parsed_single,2025-11-27 00:00:00,,2025-12-24,2025-12-24 00:00:00,Nuwara Eliya,වලපනේ ප්රා.ලේ.කො,හයිෆොරස්ට්,HR1,HR1,,NBRI/NE/WLD/2025/SMK/47,NBRI/NE/WLD/2025/SMK/47,504 බී,House / නිවාස,Landslide / නායයෑම්,Resettle / නැවත පදිංචිකිරීම,Fully / පුර්ණහානි,,,,4.0,,,,1.0,,5,,Nuwara Eliya,174.86,286.79,402.72,545.25,616.84,174.86,7.0,NASA POWER PRECTOTCORR / MERRA-2,ok
7.05458,80.700106,2025-11-27,2025-11-27,2025-11-27,1,parsed_single,2025.11.27 සහ ඊට පෙර අවස්ථාවන් කිහිපයකදී,,,2026.02.16 සහ ඊට පෙර අවස්ථාවන් කිහිපයකදී,Nuwara Eliya,කොත්මලේ නැගෙනහිර ප්රා.ලේ.කො,රම්බොඩ,HR1,HR1,,NBRI/NE/KTD[East]/2026/LY/161),NBRI/NE/KTD[East]/2026/LY/161),474,House / නිවාස,Slope failures / බැවුම් අස්ථාවරවීම්,Resettle / නැවත පදිංචිකිරීම,Fully / පුර්ණහානි,0.0,,,1.0,,,,,,1,,Nuwara Eliya,174.86,286.79,402.72,545.25,616.84,174.86,7.0,NASA POWER PRECTOTCORR / MERRA-2,ok
7.130905,80.724265,2025-11-27,2025-11-27,2025-11-27,1,parsed_single,2025-11-27 00:00:00,,2025-12-24,2025-12-24 00:00:00,Nuwara Eliya,හඟුරන්කෙත ප්රා.ලේ.කො,හදවලපිටිය,HR1,HR1,,NBRI/NE/HKD/2025/IC/01,NBRI/NE/HKD/2025/IC/01,,House / නිවාස,Landslide / නායයෑම්,Resettle / නැවත පදිංචිකිරීම,Fully / පුර්ණහානි,,,,2.0,1.0,1.0,,5.0,,9,,Nuwara Eliya,174.86,286.79,402.72,545.25,616.84,174.86,7.0,NASA POWER PRECTOTCORR / MERRA-2,ok
7.103234,80.805311,2025-11-27,2025-11-27,2025-11-27,1,parsed_single,2025-11-27 00:00:00,,2025-12-18,2025-12-18 00:00:00,Nuwara Eliya,වලපනේ ප්රා.ලේ.කො,වැටකේගම,HR1,HR1,,NBRI/NE/WLD/2025/DMCP/23,NBRI/NE/WLD/2025/DMCP/23,505 ඊ,House / නිවාස,Slope failures / බැවුම් අස්ථාවරවීම්,Resettle / නැවත පදිංචිකිරීම,Fully / පුර්ණහානි,,,,1.0,,1.0,,3.0,,5,,Nuwara Eliya,174.86,286.79,402.72,545.25,616.84,174.86,7.0,NASA POWER PRECTOTCORR / MERRA-2,ok
6.936198,80.783728,2025-11-27,2025-11-27,2025-11-27,1,parsed_single,2025.11.27,,2026-02-19,2026.02.19,Nuwara Eliya,නුවරඑළිය ප්රා.ලේ.කො,රුවන්එළිය,HR1,HR1,,NBRI/NE/NED/2026/DSDD/164),NBRI/NE/NED/2026/DSDD/164),,House / නිවාස,Other / වෙනත් (වෙනත් කරුණු යටතේ සදහන් කරන්න),Resettle / නැවත පදිංචිකිරීම,Fully / පුර්ණහානි,0.0,නිවස අස්ථාවර වූ නිම්නයේ පිහිටීම,,1.0,,,,5.0,,6,,Nuwara Eliya,174.86,286.79,402.72,545.25,616.84,174.86,7.0,NASA POWER PRECTOTCORR / MERRA-2,ok
7.14788,80.741942,2025-11-27,2025-11-27,2025-11-27,1,parsed_single,2025-11-27 00:00:00,,2025-12-26,2025-12-26 00:00:00,Nuwara Eliya,හඟුරන්කෙත ප්රා.ලේ.කො,අගප්පල වසම,HR1,HR1,,NBRI/NE/HKD/2025/LY/සංශෝධන/25),NBRI/NE/HKD/2025/LY/සංශෝධන/25),498 බී,House / නිවාස,Cutting failure / කණ්ඩි අස්ථාවරවීම්,Resettle / නැවත පදිංචිකිරීම,Fully / පුර්ණහානි,,,,1.0,1.0,,,8.0,,10,,Nuwara Eliya,174.86,286.79,402.72,545.25,616.84,174.86,7.0,NASA POWER PRECTOTCORR / MERRA-2,ok
7.084239,80.882676,,,,0,unparsed,,,2026-01-16,2026-01-16 00:00:00,Nuwara Eliya,නිල්දණ්ඩහින්න ප්රා.ලේ.කො,තිබ්බුගොඩ,HR1,HR1,,NBRI/NE/WLD[Nildandahinna]/2026/PTG/166),NBRI/NE/WLD[Nildandahinna]/2026/PTG/166),517 බිි,House / නිවාස,Other / වෙනත් (වෙනත් කරුණු යටතේ සදහන් කරන්න),Resettle / නැවත පදිංචිකිරීම,Fully / පුර්ණහානි,,භුමි ගිලා බැසිම (GS),,1.0,,,,59.0,,60,,Nuwara Eliya,,,,,,,,,
7.125769,80.825746,2025-11-27,2025-11-27,2025-11-27,1,parsed_single,2025.11.27,,2026-02-10,2026.02.10,Nuwara Eliya,වලපනේ ප්රා.ලේ.කො,ආදාවල,HR1,HR1,,NBRI/NE/WLD/2026/LY/103),NBRI/NE/WLD/2026/LY/103),,House / නිවාස,Other / වෙනත් (වෙනත් කරුණු යටතේ සදහන් කරන්න),Resettle / නැවත පදිංචිකිරීම,Fully / පුර්ණහානි,,සුන්බුන් ගලනය වීමේ අවදානම,,1.0,,2.0,,3.0,,6,,Nuwara Eliya,174.86,286.79,402.72,545.25,616.84,174.86,7.0,NASA POWER PRECTOTCORR / MERRA-2,ok
7.016198,80.825626,2025-11-27,2025-11-27,2025-11-27,1,parsed_single,2025.11.27,,2026-03-13,2026.03.13,Nuwara Eliya,නුවරඑළිය ප්රා.ලේ.කො,කද‌පොළ,HR1,HR1,,NBRI/NE/NED/2026/DMCP/සංශෝධන/122(ii),NBRI/NE/NED/2026/DMCP/සංශෝධන/122(ii),,House / නිවාස,Landslide / නායයෑම්,Resettle / නැවත පදිංචිකිරීම,Fully / පුර්ණහානි,0.0,,,4.0,5.0,47.0,,33.0,,89,,Nuwara Eliya,174.86,286.79,402.72,545.25,616.84,174.86,7.0,NASA POWER PRECTOTCORR / MERRA-2,ok
7.194218,80.811582,2025-11-27,2025-11-27,2025-11-27,1,parsed_single,2025-11-27 00:00:00,,2025-12-29,2025-12-29 00:00:00,Nuwara Eliya,හඟුරන්කෙත ප්රා.ලේ.කො,ඉල්පැන් කදුර,HR1,HR1,,NBRI/NE/HKD/2025/PTG/105),NBRI/NE/HKD/2025/PTG/105),,House / නිවාස,Slope failures / බැවුම් අස්ථාවරවීම්,Resettle / නැවත පදිංචිකිරීම,Fully / පුර්ණහානි,,,,1.0,,,,66.0,,67,,Nuwara Eliya,174.86,286.79,402.72,545.25,616.84,174.86,7.0,NASA POWER PRECTOTCORR / MERRA-2,ok
7.103519,80.911397,2025-11-27,2025-11-27,2025-11-27,1,parsed_single,2025.11.27,,2026-01-23,2026.01.23,Nuwara Eliya,නිල්දණ්ඩහින්න ප්රා.ලේ.කො,කලගන්වත්ත,HR1,HR1,,NBRI/NE/WLD[Nildandahinna]/2026/SMK/102),NBRI/NE/WLD[Nildandahinna]/2026/SMK/102),519,House / නිවාස,Other / වෙනත් (වෙනත් කරුණු යටතේ සදහන් කරන්න),Resettle / නැවත පදිංචිකිරීම,Fully / පුර්ණහානි,,ආතති පැලුම්,,1.0,,,,8.0,,9,,Nuwara Eliya,174.86,286.79,402.72,545.25,616.84,174.86,7.0,NASA POWER PRECTOTCORR / MERRA-2,ok
7.073254,80.889418,2025-11-27,2025-11-27,2025-11-27,1,parsed_single,2025-11-27 00:00:00,,2026-01-08,2026-01-08 00:00:00,Nuwara Eliya,නිල්දණ්ඩහින්න ප්රා.ලේ.කො,ගොරඩිගොල්ල,HR1,HR1,,NBRI/NE/WLD(Nildandahinna)2026/DMCP/70),NBRI/NE/WLD(Nildandahinna)2026/DMCP/70),524 බී,House / නිවාස,Landslide / නායයෑම්,Resettle / නැවත පදිංචිකිරීම,Fully / පුර්ණහානි,,,,4.0,,8.0,,7.0,,19,,Nuwara Eliya,174.86,286.79,402.72,545.25,616.84,174.86,7.0,NASA POWER PRECTOTCORR / MERRA-2,ok
6.915715,80.739791,2025-11-29,2025-11-29,2025-11-29,1,parsed_single,2025.11.29,,2026-03-19,2026.03.19,Nuwara Eliya,නුවරඑළිය ප්රා.ලේ.කො,කිරිමැටිය,HR1,HR1,,NBRI/NE/NED/2026/DMCP/123),NBRI/NE/NED/2026/DMCP/123),476/ඒ,House / නිවාස,Slope failures / බැවුම් අස්ථාවරවීම්,Resettle / නැවත පදිංචිකිරීම,Fully / පුර්ණහානි,0.0,,,1.0,,1.0,,,,2,,Nuwara Eliya,5.63,245.09,439.52,593.5699999999999,685.3900000000001,174.86,7.0,NASA POWER PRECTOTCORR / MERRA-2,ok
7.055771,80.936098,2025-11-27,2025-11-27,2025-11-27,1,parsed_single,2025.11.27,,2026-01-30,2026.01.30,Nuwara Eliya,නිල්දණ්ඩහින්න ප්රා.ලේ.කො,කන්දෙයාය,HR1,HR1,,NBRI/NE/WLD[Nildandahinna]/2026/LY/73,NBRI/NE/WLD[Nildandahinna]/2026/LY/73,527සී,House / නිවාස,Other / වෙනත් (වෙනත් කරුණු යටතේ සදහන් කරන්න),Resettle / නැවත පදිංචිකිරීම,Fully / පුර්ණහානි,,කණ්ඩි අස්ථාවරවීම බෑවුම් අස්ථාවරවීමක් දක්වා වර්ධනය වීම,,1.0,,,,,,1,,Nuwara Eliya,174.86,286.79,402.72,545.25,616.84,174.86,7.0,NASA POWER PRECTOTCORR / MERRA-2,ok
7.065013,80.934471,2025-11-27,2025-11-27,2025-11-27,1,parsed_single,2025.11.27,,2026-01-30,2026.01.30,Nuwara Eliya,නිල්දණ්ඩහින්න ප්රා.ලේ.කො,කන්දෙයාය,HR1,HR1,,NBRI/NE/WLD[Nildandahinna]/2026/LY/74),NBRI/NE/WLD[Nildandahinna]/2026/LY/74),527සී,House / නිවාස,Slope failures / බැවුම් අස්ථාවරවීම්,Resettle / නැවත පදිංචිකිරීම,Fully / පුර්ණහානි,,,,1.0,1.0,,,,,2,,Nuwara Eliya,174.86,286.79,402.72,545.25,616.84,174.86,7.0,NASA POWER PRECTOTCORR / MERRA-2,ok
7.014642,80.904101,2025-11-27,2025-11-27,2025-11-27,1,parsed_single,2025.11.27,,2026-01-30,2026.01.30,Nuwara Eliya,නිල්දණ්ඩහින්න ප්රා.ලේ.කො,අඹලියද්ද,HR1,HR1,,NBRI/NE/WLD[Nildandahinna]/2026/LY/75),NBRI/NE/WLD[Nildandahinna]/2026/LY/75),531,House / නිවාස,Other / වෙනත් (වෙනත් කරුණු යටතේ සදහන් කරන්න),Resettle / නැවත පදිංචිකිරීම,Fully / පුර්ණහානි,,කණ්ඩි අස්‍ථාවරවීම (අර්ධ හානි)/ බෑවුම් අස්ථාවර වීම (SF),,1.0,,,,,,1,,Nuwara Eliya,174.86,286.79,402.72,545.25,616.84,174.86,7.0,NASA POWER PRECTOTCORR / MERRA-2,ok
7.110922,80.784752,2025-11-27,2025-11-27,2025-11-27,1,parsed_single,2025-11-27 00:00:00,,2026-01-19,2026-01-19 00:00:00,Nuwara Eliya,හඟුරන්කෙත ප්රා.ලේ.කො,රුක්වුඩ්,HR1,HR1,,NBRI/NE/HKD/2026/DMCP/58),NBRI/NE/HKD/2026/DMCP/58),501එෆ්,House / නිවාස,Landslide / නායයෑම්,Resettle / නැවත පදිංචිකිරීම,Fully / පුර්ණහානි,,,,3.0,2.0,1.0,,11.0,,17,,Nuwara Eliya,174.86,286.79,402.72,545.25,616.84,174.86,7.0,NASA POWER PRECTOTCORR / MERRA-2,ok
7.123701,80.914458,2025-11-27,2025-11-27,2025-11-27,1,parsed_single,2025-11-27 00:00:00,,2026-01-29,2026-01-29 00:00:00,Nuwara Eliya,නිල්දණ්ඩහින්න ප්රා.ලේ.කො,මල්ලාගම,HR1,HR1,,NBRI/NE/WLD[Nildandahinna]/2026/DSDD/111),NBRI/NE/WLD[Nildandahinna]/2026/DSDD/111),,House / නිවාස,Slope failures / බැවුම් අස්ථාවරවීම්,Resettle / නැවත පදිංචිකිරීම,Fully / පුර්ණහානි,,,,1.0,,,,2.0,,3,,Nuwara Eliya,174.86,286.79,402.72,545.25,616.84,174.86,7.0,NASA POWER PRECTOTCORR / MERRA-2,ok
7.127445,80.918182,2025-11-27,2025-11-27,2025-11-27,1,parsed_single,2025.11.27,,2026-01-29,2026.01.29,Nuwara Eliya,නිල්දණ්ඩහින්න ප්රා.ලේ.කො,දුලන,HR1,HR1,,NBRI/NE/WLD[Nildandahinna]/2026/DSDD/115),NBRI/NE/WLD[Nildandahinna]/2026/DSDD/115),,House / නිවාස,Slope failures / බැවුම් අස්ථාවරවීම්,Resettle / නැවත පදිංචිකිරීම,Fully / පුර්ණහානි,,,,1.0,,,,,,1,,Nuwara Eliya,174.86,286.79,402.72,545.25,616.84,174.86,7.0,NASA POWER PRECTOTCORR / MERRA-2,ok
7.179,80.80946,2025-11-27,2025-11-27,2025-11-27,1,parsed_single,2025-11-27 00:00:00,,2026-01-21,2026-01-21 00:00:00,Nuwara Eliya,හඟුරන්කෙත ප්රා.ලේ.කො,ගලඋඩ - උතුර,HR1,HR1,,NBRI/NE/HKD/2026/PTG/191),NBRI/NE/HKD/2026/PTG/191),,House / නිවාස,Landslide / නායයෑම්,Resettle / නැවත පදිංචිකිරීම,Fully / පුර්ණහානි,,,,2.0,,,,,,2,,Nuwara Eliya,174.86,286.79,402.72,545.25,616.84,174.86,7.0,NASA POWER PRECTOTCORR / MERRA-2,ok
7.068362,80.926003,2025-11-27,2025-11-27,2025-11-27,1,parsed_single,2025.11.27,,2026-02-10,2026.02.10,Nuwara Eliya,නිල්දණ්ඩහින්න ප්රා.ලේ.කො,"තුංහිටියාව,යටිමාදුර,",HR1,HR1,,NBRI/NE/WLD[Nildandahinna]/2026/LY/105,NBRI/NE/WLD[Nildandahinna]/2026/LY/105,"518/ඊ,518/ඩිි",House / නිවාස,Other / වෙනත් (වෙනත් කරුණු යටතේ සදහන් කරන්න),Resettle / නැවත පදිංචිකිරීම,Fully / පුර්ණහානි,,සුන්බුන් ගලනය,,1.0,,,,17.0,,18,,Nuwara Eliya,174.86,286.79,402.72,545.25,616.84,174.86,7.0,NASA POWER PRECTOTCORR / MERRA-2,ok
7.068185,80.913913,2025-11-27,2025-11-27,2025-11-27,1,parsed_single,2025.11.27,,2026-02-03,2026.02.03,Nuwara Eliya,නිල්දණ්ඩහින්න ප්රා.ලේ.කො,දෙමටඅරාව,HR1,HR1,,NBRI/NE/WLD[Nildandahinna]/2026/DMCP/81),NBRI/NE/WLD[Nildandahinna]/2026/DMCP/81),518 / එෆ්,House / නිවාස,Slope failures / බැවුම් අස්ථාවරවීම්,Resettle / නැවත පදිංචිකිරීම,Fully / පුර්ණහානි,,,,2.0,,,,,,2,,Nuwara Eliya,174.86,286.79,402.72,545.25,616.84,174.86,7.0,NASA POWER PRECTOTCORR / MERRA-2,ok
7.175607,80.766114,2025-11-27,2025-11-27,2025-11-27,1,parsed_single,2025.11.27,රාත්‍රි 9.45  හෝ ඊට ආසන්න වේලාවකදී,2026-01-27,2026.01.27,Nuwara Eliya,හඟුරන්කෙත ප්රා.ලේ.කො,අඹලියද්ද,HR1,HR1,,NBRI/NE/HKD/2026/DMCP/69),NBRI/NE/HKD/2026/DMCP/69),469 ඒ්,House / නිවාස,Landslide / නායයෑම්,Resettle / නැවත පදිංචිකිරීම,Fully / පුර්ණහානි,,,,1.0,,1.0,,4.0,,6,,Nuwara Eliya,174.86,286.79,402.72,545.25,616.84,174.86,7.0,NASA POWER PRECTOTCORR / MERRA-2,ok
7.147436,80.78375,2025-11-27,2025-11-27,2025-11-27,1,parsed_single,2025-11-27 00:00:00,,2026-01-15,2026-01-15 00:00:00,Nuwara Eliya,හඟුරන්කෙත ප්රා.ලේ.කො,රිකිල්ලගස්කඩ,HR1,HR1,,NBRI/NE/HKD/2026/DMCP/සංශෝධනය/66),NBRI/NE/HKD/2026/DMCP/සංශෝධනය/66),492 ඒ,House / නිවාස,Landslide / නායයෑම්,Resettle / නැවත පදිංචිකිරීම,Fully / පුර්ණහානි,,,,3.0,5.0,10.0,,14.0,,32,,Nuwara Eliya,174.86,286.79,402.72,545.25,616.84,174.86,7.0,NASA POWER PRECTOTCORR / MERRA-2,ok
7.020985,80.904971,2025-11-26,2025-11-26,2025-11-26,1,parsed_single,2025.11.26,,2026-01-30,2026.01.30,Nuwara Eliya,නිල්දණ්ඩහින්න ප්රා.ලේ.කො,අඹලියද්ද,HR1,HR1,,NBRI/NE/WLD[Nildandahinna]/2026/LY/92),NBRI/NE/WLD[Nildandahinna]/2026/LY/92),531,House / නිවාස,Cutting failure / කණ්ඩි අස්ථාවරවීම්,Resettle / නැවත පදිංචිකිරීම,Fully / පුර්ණහානි,,,,1.0,,,,3.0,,4,,Nuwara Eliya,82.58,168.03,233.01,381.89000000000004,442.44,82.58,7.0,NASA POWER PRECTOTCORR / MERRA-2,ok
7.152334,80.781199,2025-11-27,2025-11-27,2025-11-27,1,parsed_single,2025-11-27 00:00:00,,2026-01-15,2026.01.15,Nuwara Eliya,හඟුරන්කෙත ප්රා.ලේ.කො,වලලෙවල,HR1,HR1,,NBRI/NE/HKD/2026/DMCP/සංශෝධනය/68),NBRI/NE/HKD/2026/DMCP/සංශෝධනය/68),492 සී,House / නිවාස,Slope failures / බැවුම් අස්ථාවරවීම්,Resettle / නැවත පදිංචිකිරීම,Fully / පුර්ණහානි,,,,3.0,,5.0,,3.0,,11,,Nuwara Eliya,174.86,286.79,402.72,545.25,616.84,174.86,7.0,NASA POWER PRECTOTCORR / MERRA-2,ok
7.13975,80.76104,2025-11-27,2025-11-27,2025-11-27,1,parsed_single,2025-11-27 00:00:00,,2026-01-22,2026-01-22 00:00:00,Nuwara Eliya,හඟුරන්කෙත ප්රා.ලේ.කො,මාකෙම්පේ,HR1,HR1,,NBRI/NE/HKD/2026/DMCP/63),NBRI/NE/HKD/2026/DMCP/63),498 සී,House / නිවාස,Slope failures / බැවුම් අස්ථාවරවීම්,Resettle / නැවත පදිංචිකිරීම,Fully / පුර්ණහානි,,,,1.0,,3.0,,1.0,,5,,Nuwara Eliya,174.86,286.79,402.72,545.25,616.84,174.86,7.0,NASA POWER PRECTOTCORR / MERRA-2,ok
7.150269,80.768594,2025-11-27,2025-11-27,2025-11-27,1,parsed_single,2025.11.27,,2026-01-24,2026.01.24,Nuwara Eliya,හඟුරන්කෙත ප්රා.ලේ.කො,හපුගස්දෙනිය,HR1,HR1,,NBRI/NE/HKD/2026/SMK/104),NBRI/NE/HKD/2026/SMK/104),,House / නිවාස,"Slope failures / බැවුම් අස්ථාවරවීම්, Rock fall / ගල් පෙරලීම්",Resettle / නැවත පදිංචිකිරීම,Fully / පුර්ණහානි,,,,1.0,,,,8.0,1.0,10,,Nuwara Eliya,174.86,286.79,402.72,545.25,616.84,174.86,7.0,NASA POWER PRECTOTCORR / MERRA-2,ok
6.94054,80.712146,2025-11-27,2025-11-27,2025-11-27,1,parsed_single,2025.11.27,,2026-05-21,2026.05.21,Nuwara Eliya,නුවරඑළිය ප්රා.ලේ.කො,සමර්සෙට්,HR1,HR1,,NBRI/NE/NED/2026/WGMSS/79),NBRI/NE/NED/2026/WGMSS/79),475/ඩබ්,House / නිවාස,Landslide / නායයෑම්,Resettle / නැවත පදිංචිකිරීම,Fully / පුර්ණහානි,0.0,,,2.0,,,,4.0,,6,,Nuwara Eliya,174.86,286.79,402.72,545.25,616.84,174.86,7.0,NASA POWER PRECTOTCORR / MERRA-2,ok
7.125822,80.826619,2025-11-27,2025-11-27,2025-11-27,1,parsed_single,2025.11.27,,2026-02-09,2026.02.09,Nuwara Eliya,වලපනේ ප්රා.ලේ.කො,ආදාවල,HR1,HR1,,NBRI/NE/WLD/2026/LY/116),NBRI/NE/WLD/2026/LY/116),513,House / නිවාස,Landslide / නායයෑම්,Resettle / නැවත පදිංචිකිරීම,Fully / පුර්ණහානි,,NBRO/31/NE/WLD/LI19/9177 අංක යටතේ වාර්තාවක් නිකුත් කර ඇති,,2.0,,,,,,2,,Nuwara Eliya,174.86,286.79,402.72,545.25,616.84,174.86,7.0,NASA POWER PRECTOTCORR / MERRA-2,ok
7.029975,80.715075,2025-11-27,2025-11-27,2025-11-27,1,parsed_single,2025.11.27,,2026-07-14,2026.07.14,Nuwara Eliya,කොත්මලේ නැගෙනහිර ප්රා.ලේ.කො,ලබුකැලේ,HR1,HR1,,NBRI/NE/KTD[East]/2026/WGMSS/124),NBRI/NE/KTD[East]/2026/WGMSS/124),474/අයි,House / නිවාස,Slope failures / බැවුම් අස්ථාවරවීම්,Resettle / නැවත පදිංචිකිරීම,Fully / පුර්ණහානි,0.0,,,1.0,,,,7.0,,8,,Nuwara Eliya,174.86,286.79,402.72,545.25,616.84,174.86,7.0,NASA POWER PRECTOTCORR / MERRA-2,ok
7.159847,80.777759,2025-11-26,2025-11-26,2025-11-26,1,parsed_single,2025.11.26,,2026-01-25,2026.01.25,Nuwara Eliya,හඟුරන්කෙත ප්රා.ලේ.කො,මාදන්වල,HR1,HR1,,NBRI/NE/HKD/2026/DMCP/72),NBRI/NE/HKD/2026/DMCP/72),,House / නිවාස,Slope failures / බැවුම් අස්ථාවරවීම්,Resettle / නැවත පදිංචිකිරීම,Fully / පුර්ණහානි,,,,1.0,2.0,2.0,,2.0,,7,,Nuwara Eliya,82.58,168.03,233.01,381.89000000000004,442.44,82.58,7.0,NASA POWER PRECTOTCORR / MERRA-2,ok
7.174659,80.774878,2025-11-27,2025-11-27,2025-11-27,1,parsed_single,2025.11.27,,2026-01-23,2026.01.23,Nuwara Eliya,හඟුරන්කෙත ප්රා.ලේ.කො,දමුණුමෑය,HR1,HR1,,NBRI/NE/HKD/2026/BBW/11),NBRI/NE/HKD/2026/BBW/11),494,House / නිවාස,Slope failures / බැවුම් අස්ථාවරවීම්,Resettle / නැවත පදිංචිකිරීම,Fully / පුර්ණහානි,,,,1.0,,,,,,1,,Nuwara Eliya,174.86,286.79,402.72,545.25,616.84,174.86,7.0,NASA POWER PRECTOTCORR / MERRA-2,ok
7.153525,80.789001,2025-11-27,2025-11-27,2025-11-27,1,parsed_single,2025.11.27,,2026-01-25,2026.01.25,Nuwara Eliya,හඟුරන්කෙත ප්රා.ලේ.කො,දොඩම්කුඹුර,HR1,HR1,,NBRI/NE/HKD/2026/LY/68),NBRI/NE/HKD/2026/LY/68),,House / නිවාස,Slope failures / බැවුම් අස්ථාවරවීම්,Resettle / නැවත පදිංචිකිරීම,Fully / පුර්ණහානි,,,,1.0,,,,4.0,,5,,Nuwara Eliya,174.86,286.79,402.72,545.25,616.84,174.86,7.0,NASA POWER PRECTOTCORR / MERRA-2,ok
7.185117,80.773274,,,,0,unparsed,,,2026-01-28,2026.01.28,Nuwara Eliya,හඟුරන්කෙත ප්රා.ලේ.කො,දෙල්ගහපිටිය,HR1,HR1,,NBRI/NE/HKD/2026/DMCP/74),NBRI/NE/HKD/2026/DMCP/74),,House / නිවාස,Slope failures / බැවුම් අස්ථාවරවීම්,Resettle / නැවත පදිංචිකිරීම,Fully / පුර්ණහානි,,,,1.0,,,,15.0,,16,,Nuwara Eliya,,,,,,,,,
7.122487,80.753619,2025-11-27,2025-11-27,2025-11-27,1,parsed_single,2025.11.27,,2026-01-25,2026.01.25,Nuwara Eliya,හඟුරන්කෙත ප්රා.ලේ.කො,මඩුමාන,HR1,HR1,,NBRI/NE/HKD/2026/SMK/105),NBRI/NE/HKD/2026/SMK/105),501 ඩී,House / නිවාස,Slope failures / බැවුම් අස්ථාවරවීම්,Resettle / නැවත පදිංචිකිරීම,Fully / පුර්ණහානි,,,,1.0,,,,7.0,,8,,Nuwara Eliya,174.86,286.79,402.72,545.25,616.84,174.86,7.0,NASA POWER PRECTOTCORR / MERRA-2,ok
7.139739,80.761844,2025-11-27,2025-11-27,2025-11-27,1,parsed_single,2025.11.27,,2026-01-25,2026.01.25,Nuwara Eliya,හඟුරන්කෙත ප්රා.ලේ.කො,මාකෙම්පේ,HR1,HR1,,NBRI/NE/HKD/2026/SMK/106),NBRI/NE/HKD/2026/SMK/106),,House / නිවාස,Slope failures / බැවුම් අස්ථාවරවීම්,Resettle / නැවත පදිංචිකිරීම,Fully / පුර්ණහානි,,,,1.0,,,,4.0,,5,,Nuwara Eliya,174.86,286.79,402.72,545.25,616.84,174.86,7.0,NASA POWER PRECTOTCORR / MERRA-2,ok
7.076957,80.862993,2025-11-27,2025-11-27,2025-11-27,1,parsed_single,2025-11-27 00:00:00,,,2026.01.13 සහ 2026.01.14,Nuwara Eliya,වලපනේ ප්රා.ලේ.කො,මහඌව / කන්දේගම,HR1,HR1,,NBRI/NE/WLD/2026/SMK/81),NBRI/NE/WLD/2026/SMK/81),,House / නිවාස,Slope failures / බැවුම් අස්ථාවරවීම්,Resettle / නැවත පදිංචිකිරීම,Fully / පුර්ණහානි,,,,1.0,2.0,1.0,,15.0,,19,,Nuwara Eliya,174.86,286.79,402.72,545.25,616.84,174.86,7.0,NASA POWER PRECTOTCORR / MERRA-2,ok
7.062492,80.945148,2025-11-27,2025-11-27,2025-11-27,1,parsed_single,2025.11.27,,2026-03-23,2026.03.23,Nuwara Eliya,නිල්දණ්ඩහින්න ප්රා.ලේ.කො,කන්දේයාය,HR1,HR1,,NBRI/NE/WLD[Nildandahinna]/2026/LY/138),NBRI/NE/WLD[Nildandahinna]/2026/LY/138),427/සී,House / නිවාස,Slope failures / බැවුම් අස්ථාවරවීම්,Resettle / නැවත පදිංචිකිරීම,Fully / පුර්ණහානි,,,,1.0,,,,,,1,,Nuwara Eliya,197.46,282.28,366.78,487.28999999999996,569.36,197.46,7.0,NASA POWER PRECTOTCORR / MERRA-2,ok
7.212561,80.778666,2025-11-27,2025-11-27,2025-11-27,1,parsed_single,2025.11.27,,2026-01-29,2026.01.29,Nuwara Eliya,හඟුරන්කෙත ප්රා.ලේ.කො,අධිකාරිගම,HR1,HR1,,NBRI/NE/HKD/2026/DMCP/78),NBRI/NE/HKD/2026/DMCP/78),486සී,House / නිවාස,Slope failures / බැවුම් අස්ථාවරවීම්,Resettle / නැවත පදිංචිකිරීම,Fully / පුර්ණහානි,,,,1.0,,,,5.0,,6,,Nuwara Eliya,174.86,286.79,402.72,545.25,616.84,174.86,7.0,NASA POWER PRECTOTCORR / MERRA-2,ok
7.080013,80.914904,2025-11-27,2025-11-27,2025-11-27,1,parsed_single,2025.11.27,,2026-01-30,2026.01.30,Nuwara Eliya,නිල්දණ්ඩහින්න ප්රා.ලේ.කො,අඹංඇල්ල,HR2,HR2,,NBRI/NE/WLD[Nildandahinna]/2026/SMK/114),NBRI/NE/WLD[Nildandahinna]/2026/SMK/114),520/3,House / නිවාස,Other / වෙනත් (වෙනත් කරුණු යටතේ සදහන් කරන්න),Resettle / නැවත පදිංචිකිරීම,Partially / අර්ධහානි,,නිම්නය අසල කණ්ඩි අස්ථාවරවීම,,,3.0,,,5.0,,8,,Nuwara Eliya,174.86,286.79,402.72,545.25,616.84,174.86,7.0,NASA POWER PRECTOTCORR / MERRA-2,ok
7.012501,80.898795,2025-11-27,2025-11-27,2025-11-27,1,parsed_single,2025.11.27,,2026-02-17,2026.02.17,Nuwara Eliya,නිල්දණ්ඩහින්න ප්රා.ලේ.කො,සූරියගහපතන පහළ,HR2,HR2,,NBRI/NE/WLD[Nildandahinna]/2026/DMCP/96),NBRI/NE/WLD[Nildandahinna]/2026/DMCP/96),533/ එෆ්,House / නිවාස,"Slope failures / බැවුම් අස්ථාවරවීම්, Rock fall / ගල් පෙරලීම්",Resettle / නැවත පදිංචිකිරීම,Partially / අර්ධහානි,,,,,1.0,1.0,,9.0,,11,,Nuwara Eliya,174.86,286.79,402.72,545.25,616.84,174.86,7.0,NASA POWER PRECTOTCORR / MERRA-2,ok
7.127276,80.911899,2025-11-27,2025-11-27,2025-11-27,1,parsed_single,2025-11-27 00:00:00,,2026-01-29,2026-01-29 00:00:00,Nuwara Eliya,නිල්දණ්ඩහින්න ප්රා.ලේ.කො,දුලන,HR2,HR2,,NBRI/NE/WLD[Nildandahinna]/2026/DSDD/110),NBRI/NE/WLD[Nildandahinna]/2026/DSDD/110),,House / නිවාස,Rock fall / ගල් පෙරලීම්,Resettle / නැවත පදිංචිකිරීම,Partially / අර්ධහානි,,,,,3.0,,,3.0,,6,,Nuwara Eliya,174.86,286.79,402.72,545.25,616.84,174.86,7.0,NASA POWER PRECTOTCORR / MERRA-2,ok
7.125579,80.915886,2025-11-27,2025-11-27,2025-11-27,1,parsed_single,2025.11.27,,2026-01-29,2026.01.29,Nuwara Eliya,නිල්දණ්ඩහින්න ප්රා.ලේ.කො,මල්ලාගම,HR2,HR2,,NBRI/NE/WLD[Nildandahinna]/2026/DSDD/113),NBRI/NE/WLD[Nildandahinna]/2026/DSDD/113),,House / නිවාස,Slope failures / බැවුම් අස්ථාවරවීම්,Resettle / නැවත පදිංචිකිරීම,Partially / අර්ධහානි,,,,,1.0,,,1.0,,2,,Nuwara Eliya,174.86,286.79,402.72,545.25,616.84,174.86,7.0,NASA POWER PRECTOTCORR / MERRA-2,ok
6.988265,80.904618,2025-11-27,2025-11-27,2025-11-27,1,parsed_single,2025.11.27,,2026-01-01,2026.01.01,Nuwara Eliya,නිල්දණ්ඩහින්න ප්රා.ලේ.කො,සෙන්මාග්‍රට්,HR2,HR2,,NBRI/NE/WLD[Nildandahinna]/2026/IC/11),NBRI/NE/WLD[Nildandahinna]/2026/IC/11),,House / නිවාස,Landslide / නායයෑම්,Resettle / නැවත පදිංචිකිරීම,Partially / අර්ධහානි,,,,,5.0,1.0,,26.0,,32,,Nuwara Eliya,174.86,286.79,402.72,545.25,616.84,174.86,7.0,NASA POWER PRECTOTCORR / MERRA-2,ok
7.053802,80.893417,2025-11-27,2025-11-27,2025-11-27,1,parsed_single,2025.11.27,,2026-02-05,2026.02.05,Nuwara Eliya,නිල්දණ්ඩහින්න ප්රා.ලේ.කො,උඩගම,HR2,HR2,,NBRI/NE/WLD[Nildandahinna]/2026/DSDD/126),NBRI/NE/WLD[Nildandahinna]/2026/DSDD/126),,House / නිවාස,Slope failures / බැවුම් අස්ථාවරවීම්,Resettle / නැවත පදිංචිකිරීම,Partially / අර්ධහානි,,,,,1.0,1.0,,8.0,,10,,Nuwara Eliya,174.86,286.79,402.72,545.25,616.84,174.86,7.0,NASA POWER PRECTOTCORR / MERRA-2,ok
7.037773,80.919553,2025-11-27,2025-11-27,2025-11-27,1,parsed_single,2025.11.27,,2026-02-22,2026.02.22,Nuwara Eliya,නිල්දණ්ඩහින්න ප්රා.ලේ.කො,මීපනාව,HR2,HR2,,NBRI/NE/WLD[Nildandahinna]/2026/VKG/24),NBRI/NE/WLD[Nildandahinna]/2026/VKG/24),528ඩී,House / නිවාස,Other / වෙනත් (වෙනත් කරුණු යටතේ සදහන් කරන්න),Resettle / නැවත පදිංචිකිරීම,Partially / අර්ධහානි,,භූමි ගිලා බැසීම,,,2.0,,,1.0,4.0,7,,Nuwara Eliya,174.86,286.79,402.72,545.25,616.84,174.86,7.0,NASA POWER PRECTOTCORR / MERRA-2,ok
7.075069,80.932841,2025-11-27,2025-11-27,2025-11-27,1,parsed_single,2025.11.27,,2026-02-22,2026.02.22,Nuwara Eliya,නිල්දණ්ඩහින්න ප්රා.ලේ.කො,යටිමාදුර,HR2,HR2,,NBRI/NE/WLD[Nildandahinna]/2026/DMCP/103),NBRI/NE/WLD[Nildandahinna]/2026/DMCP/103),518ඩී,House / නිවාස,Slope failures / බැවුම් අස්ථාවරවීම්,Resettle / නැවත පදිංචිකිරීම,Partially / අර්ධහානි,,,,,2.0,,,,,2,,Nuwara Eliya,174.86,286.79,402.72,545.25,616.84,174.86,7.0,NASA POWER PRECTOTCORR / MERRA-2,ok
7.025399,80.907987,2025-11-27,2025-11-27,2025-11-27,1,parsed_single,2025.11.27,,2026-02-18,2026.02.18,Nuwara Eliya,නිල්දණ්ඩහින්න ප්රා.ලේ.කො,ඇඹුලම්පහ,HR2,HR2,,NBRI/NE/WLD[Nildandahinna]/2026/DMCP/98),NBRI/NE/WLD[Nildandahinna]/2026/DMCP/98),531ඒ,House / නිවාස,Slope failures / බැවුම් අස්ථාවරවීම්,Resettle / නැවත පදිංචිකිරීම,Partially / අර්ධහානි,,,,,1.0,,,2.0,,3,,Nuwara Eliya,174.86,286.79,402.72,545.25,616.84,174.86,7.0,NASA POWER PRECTOTCORR / MERRA-2,ok
7.087965,80.894259,2025-11-27,2025-11-27,2025-11-27,1,parsed_single,2025.11.27,,2026-02-24,2026.02.24,Nuwara Eliya,නිල්දණ්ඩහින්න ප්රා.ලේ.කො,නිල්දණ්ඩාහින්න,HR2,HR2,,NBRI/NE/WLD[Nildandahinna]/2026/LY/114),NBRI/NE/WLD[Nildandahinna]/2026/LY/114),524/ඊ,House / නිවාස,Slope failures / බැවුම් අස්ථාවරවීම්,Resettle / නැවත පදිංචිකිරීම,Partially / අර්ධහානි,,,,,1.0,,,1.0,,2,,Nuwara Eliya,174.86,286.79,402.72,545.25,616.84,174.86,7.0,NASA POWER PRECTOTCORR / MERRA-2,ok
7.097677,80.906295,2025-11-27,2025-11-27,2025-11-27,1,parsed_single,2025.11.27,,2026-02-21,2026.02.21,Nuwara Eliya,නිල්දණ්ඩහින්න ප්රා.ලේ.කො,උඩවෙල,HR2,HR2,,NBRI/NE/WLD[Nildandahinna]/2026/DMCP/105),NBRI/NE/WLD[Nildandahinna]/2026/DMCP/105),519/ඒ,House / නිවාස,Rock fall / ගල් පෙරලීම්,Resettle / නැවත පදිංචිකිරීම,Partially / අර්ධහානි,,නාය ගැලීම් මාර්ගය තුළ පිහිටා තිබීම,,,1.0,,,,,1,,Nuwara Eliya,174.86,286.79,402.72,545.25,616.84,174.86,7.0,NASA POWER PRECTOTCORR / MERRA-2,ok
7.009557,80.683373,2025-11-27,2025-11-27,2025-11-27,1,parsed_single,2025.11.27,,2026-07-23,2026.07.23,Nuwara Eliya,කොත්මලේ නැගෙනහිර ප්රා.ලේ.කො,උතුරු පූඩළුඔය,HR2,HR2,,NBRI/NE/KTD[East]/2026/LSG/61),NBRI/NE/KTD[East]/2026/LSG/61),468/ඊ,House / නිවාස,Other / වෙනත් (වෙනත් කරුණු යටතේ සදහන් කරන්න),Resettle / නැවත පදිංචිකිරීම,Partially / අර්ධහානි,0.0,නායයෑම්/ බෑවුම් අස්ථාවරවීම/ ගල්‌ පෙරළීම,,,8.0,,,,,8,,Nuwara Eliya,174.86,286.79,402.72,545.25,616.84,174.86,7.0,NASA POWER PRECTOTCORR / MERRA-2,ok
7.019644,80.668496,2025-11-27,2025-11-27,2025-11-27,1,parsed_single,2025.11.27,,2026-07-23,2026.07.23,Nuwara Eliya,කොත්මලේ නැගෙනහිර ප්රා.ලේ.කො,උතුරු පූඩළුඔය,HR2,HR2,,NBRI/NE/KTD[East]/2026/LSG/60),NBRI/NE/KTD[East]/2026/LSG/60),468/ඊ,House / නිවාස,Other / වෙනත් (වෙනත් කරුණු යටතේ සදහන් කරන්න),Resettle / නැවත පදිංචිකිරීම,Partially / අර්ධහානි,0.0,"නායයෑම්, බෑවුම් අස්ථාවරතා",,,9.0,,,,,9,,Nuwara Eliya,174.86,286.79,402.72,545.25,616.84,174.86,7.0,NASA POWER PRECTOTCORR / MERRA-2,ok
7.117642,80.895565,2025-11-27,2025-11-27,2025-11-27,1,parsed_single,2025.11.27,,2026-05-05,2026.05.05,Nuwara Eliya,නිල්දණ්ඩහින්න ප්රා.ලේ.කො,ගල්කැටිවල,HR2,HR2,,NBRI/NE/WLD[Nildandahinna]/2026/SMK/203),NBRI/NE/WLD[Nildandahinna]/2026/SMK/203),,House / නිවාස,"Slope failures / බැවුම් අස්ථාවරවීම්, Rock fall / ගල් පෙරලීම්",Resettle / නැවත පදිංචිකිරීම,Partially / අර්ධහානි,,,,,1.0,,,,,1,,Nuwara Eliya,174.86,286.79,402.72,545.25,616.84,174.86,7.0,NASA POWER PRECTOTCORR / MERRA-2,ok
7.130217,80.922939,2025-11-27,2025-11-27,2025-11-27,1,parsed_single,2025.11.27,,2026-04-04,2026.04.04,Nuwara Eliya,නිල්දණ්ඩහින්න ප්රා.ලේ.කො,හෑගස්උල්ල,HR2,HR2,,NBRI/NE/WLD[Nildandahinna]/2026/SMK/179),NBRI/NE/WLD[Nildandahinna]/2026/SMK/179),521/ඒ,House / නිවාස,Slope failures / බැවුම් අස්ථාවරවීම්,Resettle / නැවත පදිංචිකිරීම,Partially / අර්ධහානි,,,,,1.0,,,3.0,,4,,Nuwara Eliya,174.86,286.79,402.72,545.25,616.84,174.86,7.0,NASA POWER PRECTOTCORR / MERRA-2,ok
7.110235,80.917462,2025-11-27,2025-11-27,2025-11-27,1,parsed_single,2025.11.27,,2026-05-05,2026.05.05,Nuwara Eliya,නිල්දණ්ඩහින්න ප්රා.ලේ.කො,තෙරිපැහැ,HR2,HR2,,NBRI/NE/WLD[Nildandahinna]/2026/LY/152),NBRI/NE/WLD[Nildandahinna]/2026/LY/152),521/සී,House / නිවාස,Other / වෙනත් (වෙනත් කරුණු යටතේ සදහන් කරන්න),Resettle / නැවත පදිංචිකිරීම,Partially / අර්ධහානි,,බෑවුම් අස්ථාවරවීම (නායයෑම් පූර්ව ලක්ෂණ),,,2.0,,,1.0,,3,,Nuwara Eliya,174.86,286.79,402.72,545.25,616.84,174.86,7.0,NASA POWER PRECTOTCORR / MERRA-2,ok
7.082688,80.919238,2025-11-27,2025-11-27,2025-11-27,1,parsed_single,2025.11.27,,2026-05-25,2026.05.25,Nuwara Eliya,නිල්දණ්ඩහින්න ප්රා.ලේ.කො,කොස්ගොල්ල,HR2,HR2,,NBRI/NE/WLD[Nildandahinna]/2026/KATD/15),NBRI/NE/WLD[Nildandahinna]/2026/KATD/15),518/ඒ,House / නිවාස,Slope failures / බැවුම් අස්ථාවරවීම්,Resettle / නැවත පදිංචිකිරීම,Partially / අර්ධහානි,,,,,1.0,,,2.0,,3,,Nuwara Eliya,174.86,286.79,402.72,545.25,616.84,174.86,7.0,NASA POWER PRECTOTCORR / MERRA-2,ok
7.06433,80.559541,2025-11-27,2025-11-27,2025-11-27,1,parsed_single,2025-11-27 00:00:00,5.00 am-9.00 am,2025-12-06,2025-12-06 00:00:00,Nuwara Eliya,කොත්මලේ බටහිර ප්රා.ලේ.කො,ඉහළ ගොරකඔය,HR2,HR2,,NBRI/NE/KTD[West]/2025/DSDD/​04 -Rev,NBRI/NE/KTD[West]/2025/DSDD/​04 -Rev,460ජේ,House / නිවාස,Landslide / නායයෑම්,Resettle / නැවත පදිංචිකිරීම,Partially / අර්ධහානි,,,,,1.0,1.0,,1.0,,3,,Nuwara Eliya,174.86,286.79,402.72,545.25,616.84,174.86,7.0,NASA POWER PRECTOTCORR / MERRA-2,ok
7.031581,80.592806,2025-11-28,2025-11-28,2025-11-28,1,parsed_single,2025-11-28 00:00:00,Morning,2025-12-12,2025-12-12 00:00:00,Nuwara Eliya,කොත්මලේ බටහිර ප්රා.ලේ.කො,තෙලිස්සාගල,HR2,HR2,,NBRI/NE/KTD[West]/2025/DSDD/​සංශෝධන/18 - Rev,NBRI/NE/KTD[West]/2025/DSDD/​සංශෝධන/18 - Rev,460 I,House / නිවාස,Slope failures / බැවුම් අස්ථාවරවීම්,Resettle / නැවත පදිංචිකිරීම,Partially / අර්ධහානි,,,,,2.0,2.0,,10.0,,14,,Nuwara Eliya,64.6,322.03999999999996,457.49,601.37,680.32,174.86,7.0,NASA POWER PRECTOTCORR / MERRA-2,ok
7.071181,80.604457,2025-11-27,2025-11-27,2025-11-27,1,parsed_single,2025-11-27 00:00:00,,2025-12-05,2025-12-05 00:00:00,Nuwara Eliya,කොත්මලේ බටහිර ප්රා.ලේ.කො,කඩදොර,HR2,HR2,,NBRI/NE/KTD[West]/2026/SMK/සංශෝධන/6(ii)),NBRI/NE/KTD[West]/2026/SMK/සංශෝධන/6(ii)),469,House / නිවාස,,Resettle / නැවත පදිංචිකිරීම,Partially / අර්ධහානි,,,,,3.0,3.0,,25.0,3.0,34,,Nuwara Eliya,174.86,286.79,402.72,545.25,616.84,174.86,7.0,NASA POWER PRECTOTCORR / MERRA-2,ok
6.901406,80.685633,2025-11-27,2025-11-27,2025-11-27,1,parsed_single,2025.11.27,,2026-05-08,2026.05.08,Nuwara Eliya,තලවකැලේ ප්රා.ලේ.කො,නාගසේන,HR2,HR2,,NBRI/NE/NED[Thalawakale]/2026/DSDD/286),NBRI/NE/NED[Thalawakale]/2026/DSDD/286),475/එච්,House / නිවාස,Other / වෙනත් (වෙනත් කරුණු යටතේ සදහන් කරන්න),Resettle / නැවත පදිංචිකිරීම,Partially / අර්ධහානි,,ගං ඉවුරු ඛාදනය සහ භූමි අස්ථාවර වීම,,,1.0,,,3.0,,4,,Nuwara Eliya,174.86,286.79,402.72,545.25,616.84,174.86,7.0,NASA POWER PRECTOTCORR / MERRA-2,ok
7.070584,80.558355,2025-11-27,2025-11-27,2025-11-27,1,parsed_single,2025-11-27 00:00:00,,2026-01-16,2026-01-16 00:00:00,Nuwara Eliya,කොත්මලේ බටහිර ප්රා.ලේ.කො,පහළ ගොරකඔය,HR2,HR2,,NBRI/NE/KTD(West)/2026/KLKT/66),NBRI/NE/KTD(West)/2026/KLKT/66),,House / නිවාස,Slope failures / බැවුම් අස්ථාවරවීම්,Resettle / නැවත පදිංචිකිරීම,Partially / අර්ධහානි,,,,,1.0,,,1.0,,2,,Nuwara Eliya,174.86,286.79,402.72,545.25,616.84,174.86,7.0,NASA POWER PRECTOTCORR / MERRA-2,ok
7.071685,80.565012,2025-11-27,2025-11-27,2025-11-27,1,parsed_single,2025.11.27,,2026-01-16,2026.01.16,Nuwara Eliya,කොත්මලේ බටහිර ප්රා.ලේ.කො,පහළ ගොරකඔය,HR2,HR2,,NBRI/NE/KTD[West]/2026/KLKT/සංශෝධනය/72),NBRI/NE/KTD[West]/2026/KLKT/සංශෝධනය/72),,House / නිවාස,Slope failures / බැවුම් අස්ථාවරවීම්,Resettle / නැවත පදිංචිකිරීම,Partially / අර්ධහානි,,,,,5.0,1.0,,16.0,,22,,Nuwara Eliya,174.86,286.79,402.72,545.25,616.84,174.86,7.0,NASA POWER PRECTOTCORR / MERRA-2,ok
7.07693,80.627593,2025-11-27,2025-11-27,2025-11-27,1,parsed_single,2025-11-27 00:00:00,,2026-01-19,2026-01-19 00:00:00,Nuwara Eliya,කොත්මලේ බටහිර ප්රා.ලේ.කො,උතුරු කොටගේපිටිය,HR2,HR2,,NBRI/NE/ KTD[West]/2026/LY/57),NBRI/NE/ KTD[West]/2026/LY/57),,House / නිවාස,Slope failures / බැවුම් අස්ථාවරවීම්,Resettle / නැවත පදිංචිකිරීම,Partially / අර්ධහානි,,,,,2.0,3.0,,3.0,,8,,Nuwara Eliya,174.86,286.79,402.72,545.25,616.84,174.86,7.0,NASA POWER PRECTOTCORR / MERRA-2,ok
7.04219,80.651601,2025-11-27,2025-11-27,2025-11-27,1,parsed_single,2025.11.27,,2026-02-12,2026.02.12,Nuwara Eliya,කොත්මලේ බටහිර ප්රා.ලේ.කො,කලපිටිය,HR2,HR2,,NBRI/NE/KTD[West]/2026/DSDD/142),NBRI/NE/KTD[West]/2026/DSDD/142),,House / නිවාස,Slope failures / බැවුම් අස්ථාවරවීම්,Resettle / නැවත පදිංචිකිරීම,Partially / අර්ධහානි,,,,,1.0,,,5.0,,6,,Nuwara Eliya,174.86,286.79,402.72,545.25,616.84,174.86,7.0,NASA POWER PRECTOTCORR / MERRA-2,ok
7.048818,80.634506,2025-11-27,2025-11-27,2025-11-27,1,parsed_single,2025.11.27 උදේ 6.00,,2025-12-08,2025.12.08,Nuwara Eliya,කොත්මලේ බටහිර ප්රා.ලේ.කො,වටද්දර,HR2,HR2,,NBRI/NE/KTD(West)/2025/DSDD/08 - REV),NBRI/NE/KTD(West)/2025/DSDD/08 - REV),,House / නිවාස,,Resettle / නැවත පදිංචිකිරීම,Partially / අර්ධහානි,,,,,2.0,1.0,,,,3,,Nuwara Eliya,174.86,286.79,402.72,545.25,616.84,174.86,7.0,NASA POWER PRECTOTCORR / MERRA-2,ok
6.965774,80.50398,2025-11-27,2025-11-27,2025-11-27,1,parsed_single,2025.11.27 (නිතර නිතර ගල් පෙරළීම් සිදුවේ.),,2026-05-20,2026.05.20,Nuwara Eliya,අඹගමුව ප්රා.ලේ.කො,දෙහිගස්තැන්න,HR2,HR2,,NBRI/NE/ABD/2026/SMK/222),NBRI/NE/ABD/2026/SMK/222),,House / නිවාස,Rock fall / ගල් පෙරලීම්,Resettle / නැවත පදිංචිකිරීම,Minor or No Damages / සුළුහානි හෝ හානි නොමැති,,ඇළ ඉවුරු ඛාදනය / සුනුපහන් පාංශු ස්ථරය අසංතතික ස්ථායිකරණය වීම,,,1.0,4.0,,17.0,,22,,Nuwara Eliya,174.86,286.79,402.72,545.25,616.84,174.86,7.0,NASA POWER PRECTOTCORR / MERRA-2,ok
7.071658,80.550723,2025-11-27,2025-11-27,2025-11-27,1,parsed_single,2025/11/27-29,,2026-05-26,2026-05-26 00:00:00,Nuwara Eliya,කොත්මලේ බටහිර ප්රා.ලේ.කො,මල්ලන්ද,HR2,HR2,,NBRI/NE/KTD[West]/2026/DMCP/සංශෝධන/148),NBRI/NE/KTD[West]/2026/DMCP/සංශෝධන/148),460,House / නිවාස,Slope failures / බැවුම් අස්ථාවරවීම්,Resettle / නැවත පදිංචිකිරීම,Minor or No Damages / සුළුහානි හෝ හානි නොමැති,,,,,1.0,1.0,,25.0,,27,,Nuwara Eliya,174.86,286.79,402.72,545.25,616.84,174.86,7.0,NASA POWER PRECTOTCORR / MERRA-2,ok
7.035905,80.637297,2025-11-27,2025-11-27,2025-11-27,1,parsed_single,2025.11.27,,2026-05-29,2026.05.29,Nuwara Eliya,කොත්මලේ බටහිර ප්රා.ලේ.කො,රොජසන්ගම දකුණ,HR2,HR2,,NBRI/NE/KTD[West]/2026/WGMSS/89),NBRI/NE/KTD[West]/2026/WGMSS/89),465/ඩී,House / නිවාස,Rock fall / ගල් පෙරලීම්,Resettle / නැවත පදිංචිකිරීම,Partially / අර්ධහානි,,,,,1.0,1.0,,1.0,,3,,Nuwara Eliya,174.86,286.79,402.72,545.25,616.84,174.86,7.0,NASA POWER PRECTOTCORR / MERRA-2,ok
7.081398,80.791859,2025-11-27,2025-11-27,2025-11-27,1,parsed_single,2025-11-27 00:00:00,,2025-12-12,2025-12-12 00:00:00,Nuwara Eliya,මතුරට ප්රා.ලේ.කො,ඉඩම්පිටිය,HR2,HR2,,NBRI/NE/HKD[Mathurata]/2025/DMCP/සංශෝධන/12 -Rev,NBRI/NE/HKD[Mathurata]/2025/DMCP/සංශෝධන/12 -Rev,510,House / නිවාස,Landslide / නායයෑම්,Resettle / නැවත පදිංචිකිරීම,Partially / අර්ධහානි,,,,,2.0,1.0,,,,3,,Nuwara Eliya,174.86,286.79,402.72,545.25,616.84,174.86,7.0,NASA POWER PRECTOTCORR / MERRA-2,ok
7.05075,80.627865,2025-11-27,2025-11-27,2025-11-27,1,parsed_single,2025.11.27,,2026-07-15,2026.07.15,Nuwara Eliya,කොත්මලේ බටහිර ප්රා.ලේ.කො,වටද්දර,HR2,HR2,,NBRI/NE/KTD[West]/2026/DSDD/320),NBRI/NE/KTD[West]/2026/DSDD/320),,House / නිවාස,Other / වෙනත් (වෙනත් කරුණු යටතේ සදහන් කරන්න),Resettle / නැවත පදිංචිකිරීම,Partially / අර්ධහානි,,අසංතතික ස්ථායිකරණය,,,3.0,,,,,3,,Nuwara Eliya,174.86,286.79,402.72,545.25,616.84,174.86,7.0,NASA POWER PRECTOTCORR / MERRA-2,ok
7.019222,80.827176,2025-11-27,2025-11-27,2025-11-27,1,parsed_single,2025-11-27 00:00:00,Noon,2025-12-13,2025-12-13 00:00:00,Nuwara Eliya,වලපනේ ප්රා.ලේ.කො,බෲක්සයිඩ්,HR2,HR2,,NBRI/NE/WLD/2025/DMCP/18 -Rev,NBRI/NE/WLD/2025/DMCP/18 -Rev,533O,House / නිවාස,Slope failures / බැවුම් අස්ථාවරවීම්,Resettle / නැවත පදිංචිකිරීම,Partially / අර්ධහානි,,,,,12.0,,,5.0,,17,,Nuwara Eliya,174.86,286.79,402.72,545.25,616.84,174.86,7.0,NASA POWER PRECTOTCORR / MERRA-2,ok
7.0936,80.8654,2025-11-27,2025-11-27,2025-11-27,1,parsed_single,2025-11-27 00:00:00,,2025-12-09,2025-12-09 00:00:00,Nuwara Eliya,වලපනේ ප්රා.ලේ.කො,කන්දේගම,HR2,HR2,,NBRI/NE/WLD/2025/JMH/02/සංශෝධන/Rev(II),NBRI/NE/WLD/2025/JMH/02/සංශෝධන/Rev(II),515 / සී,House / නිවාස,Slope failures / බැවුම් අස්ථාවරවීම්,Resettle / නැවත පදිංචිකිරීම,Partially / අර්ධහානි,,,,,1.0,,,8.0,,9,,Nuwara Eliya,174.86,286.79,402.72,545.25,616.84,174.86,7.0,NASA POWER PRECTOTCORR / MERRA-2,ok
7.061727,80.8081,2025-11-27,2025-11-27,2025-11-27,1,parsed_single,2025-11-27 00:00:00,,2025-12-25,2025-12-25 00:00:00,Nuwara Eliya,මතුරට ප්රා.ලේ.කො,ගෝනකැලේ,HR2,HR2,,NBRI/NE/HKD[Mathurata]/2025/DSDD/36),NBRI/NE/HKD[Mathurata]/2025/DSDD/36),508 / B,House / නිවාස,Slope failures / බැවුම් අස්ථාවරවීම්,Resettle / නැවත පදිංචිකිරීම,Partially / අර්ධහානි,,,,,1.0,21.0,,22.0,,44,,Nuwara Eliya,174.86,286.79,402.72,545.25,616.84,174.86,7.0,NASA POWER PRECTOTCORR / MERRA-2,ok
7.107552,80.823423,2025-11-26,2025-11-26,2025-11-27,2,parsed_range,"2025.11.26 , 2025.11.27",,2025-12-28,2025-12-28 00:00:00,Nuwara Eliya,වලපනේ ප්රා.ලේ.කො,උණගොල්ල,HR2,HR2,,NBRI/NE/WLD/2025/LY/29),NBRI/NE/WLD/2025/LY/29),506 / A,House / නිවාස,Landslide / නායයෑම්,Resettle / නැවත පදිංචිකිරීම,Partially / අර්ධහානි,,,,,1.0,15.0,,30.0,,46,,Nuwara Eliya,82.58,168.03,233.01,381.89000000000004,442.44,82.58,7.0,NASA POWER PRECTOTCORR / MERRA-2,ok
7.056772,80.873094,2025-11-27,2025-11-27,2025-11-27,1,parsed_single,2025-11-27 00:00:00,,2025-12-26,2025-12-26 00:00:00,Nuwara Eliya,වලපනේ ප්රා.ලේ.කො,හරස්බැද්ද දකුණ,HR2,HR2,,NBRI/NE/WLD/2025/SMK/60),NBRI/NE/WLD/2025/SMK/60),,House / නිවාස,Slope failures / බැවුම් අස්ථාවරවීම්,Resettle / නැවත පදිංචිකිරීම,Partially / අර්ධහානි,,,,,1.0,,,,,1,,Nuwara Eliya,174.86,286.79,402.72,545.25,616.84,174.86,7.0,NASA POWER PRECTOTCORR / MERRA-2,ok
7.126839,80.780843,2025-11-27,2025-11-27,2025-11-27,1,parsed_single,2025-11-27 00:00:00,,2025-12-05,2025-12-05 00:00:00,Nuwara Eliya,මතුරට ප්රා.ලේ.කො,ඇහැළ මල්පේ,HR2,HR2,,NBRI/NE/HKD[Mathurata]/2025/KLKT/36),NBRI/NE/HKD[Mathurata]/2025/KLKT/36),483ඒ,House / නිවාස,Slope failures / බැවුම් අස්ථාවරවීම්,Resettle / නැවත පදිංචිකිරීම,Partially / අර්ධහානි,,ගල් පෙරලිම්,,,1.0,,,1.0,,2,,Nuwara Eliya,174.86,286.79,402.72,545.25,616.84,174.86,7.0,NASA POWER PRECTOTCORR / MERRA-2,ok
7.079423,80.82688,2025-11-27,2025-11-27,2025-11-27,1,parsed_single,2025-11-27 00:00:00,,2025-12-24,2025-12-24 00:00:00,Nuwara Eliya,වලපනේ ප්රා.ලේ.කො,හයිෆොරස්ට් 504 ඊ කුරුදුඔය,HR2,HR2,,NBRI/NE/WLD/2025/SMK/51,NBRI/NE/WLD/2025/SMK/51,504 ඊ,House / නිවාස,Other / වෙනත් (වෙනත් කරුණු යටතේ සදහන් කරන්න),Resettle / නැවත පදිංචිකිරීම,Partially / අර්ධහානි,,,,,2.0,,,2.0,,4,,Nuwara Eliya,174.86,286.79,402.72,545.25,616.84,174.86,7.0,NASA POWER PRECTOTCORR / MERRA-2,ok
7.0841,80.8589,2025-11-28,2025-11-28,2025-11-28,1,parsed_single,2025-11-28 00:00:00,,2025-11-28,2025-11-28 00:00:00,Nuwara Eliya,වලපනේ ප්රා.ලේ.කො,කන්දේගම,HR2,HR2,,NBRI/NE/WLD/2025/JMH/03,NBRI/NE/WLD/2025/JMH/03,515/ සී,House / නිවාස,Landslide / නායයෑම්,Resettle / නැවත පදිංචිකිරීම,Partially / අර්ධහානි,,,,,6.0,,,12.0,,18,,Nuwara Eliya,64.6,322.03999999999996,457.49,601.37,680.32,174.86,7.0,NASA POWER PRECTOTCORR / MERRA-2,ok
7.057853,80.769713,2025-11-27,2025-11-27,2025-11-27,1,parsed_single,2025-11-27 00:00:00,,2025-12-24,2025-12-24 00:00:00,Nuwara Eliya,මතුරට ප්රා.ලේ.කො,එළමුල්ල,HR2,HR2,,NBRI/NE/HKD (Mathurata) /2025/DSDD/33),NBRI/NE/HKD (Mathurata) /2025/DSDD/33),511/E,House / නිවාස,Other / වෙනත් (වෙනත් කරුණු යටතේ සදහන් කරන්න),Resettle / නැවත පදිංචිකිරීම,Partially / අර්ධහානි,,,,,1.0,3.0,,4.0,,8,,Nuwara Eliya,174.86,286.79,402.72,545.25,616.84,174.86,7.0,NASA POWER PRECTOTCORR / MERRA-2,ok
7.111228,80.804811,,,,0,unparsed,,,2025-12-11,2025-12-11 00:00:00,Nuwara Eliya,වලපනේ ප්රා.ලේ.කො,ලදුපිට,HR2,HR2,,NBRI/NE/WLD/2025/SMK/14,NBRI/NE/WLD/2025/SMK/14,505 ඩී,House / නිවාස,Other / වෙනත් (වෙනත් කරුණු යටතේ සදහන් කරන්න),Resettle / නැවත පදිංචිකිරීම,Partially / අර්ධහානි,,,,,35.0,,,,,35,,Nuwara Eliya,,,,,,,,,
7.09058,80.797601,2025-11-27,2025-11-27,2025-11-27,1,parsed_single,2025-11-27 00:00:00,,2026-01-11,2026-01-11 00:00:00,Nuwara Eliya,මතුරට ප්රා.ලේ.කො,උඩ පදියපැලැල්ල,HR2,HR2,,NBRI/NE/HKD(Mathurata)/2026/KLKT-54),NBRI/NE/HKD(Mathurata)/2026/KLKT-54),510/ඒ,House / නිවාස,Slope failures / බැවුම් අස්ථාවරවීම්,Resettle / නැවත පදිංචිකිරීම,Partially / අර්ධහානි,,,,,1.0,,,3.0,,4,,Nuwara Eliya,174.86,286.79,402.72,545.25,616.84,174.86,7.0,NASA POWER PRECTOTCORR / MERRA-2,ok
7.045456,80.768405,2025-11-27,2025-11-27,2025-11-27,1,parsed_single,2025-11-27 00:00:00,,2026-01-14,2026-01-14 00:00:00,Nuwara Eliya,මතුරට ප්රා.ලේ.කො,හොරගොල්ල,HR2,HR2,,NBRI/NE/HKD[Mathurata]/2026/DSDD/70),NBRI/NE/HKD[Mathurata]/2026/DSDD/70),,House / නිවාස,Slope failures / බැවුම් අස්ථාවරවීම්,Resettle / නැවත පදිංචිකිරීම,Partially / අර්ධහානි,,ගල් පෙරලිම්,,,1.0,2.0,,,,3,,Nuwara Eliya,174.86,286.79,402.72,545.25,616.84,174.86,7.0,NASA POWER PRECTOTCORR / MERRA-2,ok
7.036261,80.771846,2025-11-27,2025-11-27,2025-11-27,1,parsed_single,2025-11-27 00:00:00,,2026-01-14,2026-01-14 00:00:00,Nuwara Eliya,මතුරට ප්රා.ලේ.කො,හොරගොල්ල,HR2,HR2,,NBRI/NE/HKD[Mathurata]/2026/DSDD/71),NBRI/NE/HKD[Mathurata]/2026/DSDD/71),,House / නිවාස,Other / වෙනත් (වෙනත් කරුණු යටතේ සදහන් කරන්න),Resettle / නැවත පදිංචිකිරීම,Partially / අර්ධහානි,,"ගිලා බැසීම් ,නිම්නය අසල",,,1.0,,,9.0,,10,,Nuwara Eliya,174.86,286.79,402.72,545.25,616.84,174.86,7.0,NASA POWER PRECTOTCORR / MERRA-2,ok
7.08108,80.877692,2025-11-27,2025-11-27,2025-11-28,2,parsed_range,2025.11.27 - 2025.11.28,,2026-01-08,2026-01-08 00:00:00,Nuwara Eliya,වලපනේ ප්රා.ලේ.කො,ඉලුක්පතන,HR2,HR2,,NBRI/NE/WLD/2026/DSDD/51),NBRI/NE/WLD/2026/DSDD/51),,House / නිවාස,Landslide / නායයෑම්,Resettle / නැවත පදිංචිකිරීම,Partially / අර්ධහානි,,,,,1.0,8.0,,1.0,,10,,Nuwara Eliya,174.86,286.79,402.72,545.25,616.84,174.86,7.0,NASA POWER PRECTOTCORR / MERRA-2,ok
7.047379,80.771507,2025-11-27,2025-11-27,2025-11-27,1,parsed_single,2025-11-27 00:00:00,,2026-01-13,2026-01-13 00:00:00,Nuwara Eliya,මතුරට ප්රා.ලේ.කො,එළමුල්ල,HR2,HR2,,NBRI/NE/HKD[Mathurata]/2026/DSDD/65),NBRI/NE/HKD[Mathurata]/2026/DSDD/65),,House / නිවාස,Other / වෙනත් (වෙනත් කරුණු යටතේ සදහන් කරන්න),Resettle / නැවත පදිංචිකිරීම,Partially / අර්ධහානි,,ආතති පැලුම්,,,1.0,1.0,,9.0,6.0,17,,Nuwara Eliya,174.86,286.79,402.72,545.25,616.84,174.86,7.0,NASA POWER PRECTOTCORR / MERRA-2,ok
7.096209,80.874903,2025-11-27,2025-11-27,2025-11-27,1,parsed_single,2025-11-27 00:00:00,,2026-01-12,2026-01-12 00:00:00,Nuwara Eliya,වලපනේ ප්රා.ලේ.කො,කැන්දගොල්ල,HR2,HR2,,NBRI/NE/WLD/2026/DSDD/61),NBRI/NE/WLD/2026/DSDD/61),,House / නිවාස,Slope failures / බැවුම් අස්ථාවරවීම්,Resettle / නැවත පදිංචිකිරීම,Partially / අර්ධහානි,,,,,1.0,3.0,,1.0,,5,,Nuwara Eliya,174.86,286.79,402.72,545.25,616.84,174.86,7.0,NASA POWER PRECTOTCORR / MERRA-2,ok
7.08166,80.866714,2025-11-27,2025-11-27,2025-11-27,1,parsed_single,2025-11-27 00:00:00,,2026-01-13,2026-01-13 00:00:00,Nuwara Eliya,වලපනේ ප්රා.ලේ.කො,මහඌව / කන්දේගම,HR2,HR2,,NBRI/NE/WLD/2026/SMK/84),NBRI/NE/WLD/2026/SMK/84),,House / නිවාස,Slope failures / බැවුම් අස්ථාවරවීම්,Resettle / නැවත පදිංචිකිරීම,Partially / අර්ධහානි,,,,,1.0,1.0,,,,2,,Nuwara Eliya,174.86,286.79,402.72,545.25,616.84,174.86,7.0,NASA POWER PRECTOTCORR / MERRA-2,ok
7.078676,80.776533,2025-11-27,2025-11-27,2025-11-27,1,parsed_single,2025-11-27 00:00:00,,2026-01-20,2026-01-20 00:00:00,Nuwara Eliya,මතුරට ප්රා.ලේ.කො,ගොඩිගමුව,HR2,HR2,,NBRI/NE/HKD[Mathurata]/2026/DSDD/76),NBRI/NE/HKD[Mathurata]/2026/DSDD/76),,House / නිවාස,Cutting failure / කණ්ඩි අස්ථාවරවීම්,Resettle / නැවත පදිංචිකිරීම,Partially / අර්ධහානි,,,,,1.0,4.0,,,,5,,Nuwara Eliya,174.86,286.79,402.72,545.25,616.84,174.86,7.0,NASA POWER PRECTOTCORR / MERRA-2,ok
7.141516,80.779392,2025-11-27,2025-11-27,2025-11-27,1,parsed_single,2025-11-27 00:00:00,,2026-01-10,2026-01-10 00:00:00,Nuwara Eliya,මතුරට ප්රා.ලේ.කො,උඩුවෙල පතන,HR2,HR2,,NBRI/NE/HKD[Mathurata]/2026/KLKT/සංශෝධනය/59),NBRI/NE/HKD[Mathurata]/2026/KLKT/සංශෝධනය/59),482 සී,House / නිවාස,Slope failures / බැවුම් අස්ථාවරවීම්,Resettle / නැවත පදිංචිකිරීම,Partially / අර්ධහානි,,,,,1.0,2.0,,14.0,,17,,Nuwara Eliya,174.86,286.79,402.72,545.25,616.84,174.86,7.0,NASA POWER PRECTOTCORR / MERRA-2,ok
7.067045,80.765536,2025-11-27,2025-11-27,2025-11-27,1,parsed_single,2025-11-27 00:00:00,,2026-01-12,2026-01-12 00:00:00,Nuwara Eliya,මතුරට ප්රා.ලේ.කො,කැටහිර,HR2,HR2,,NBRI/NE/HKD[Mathurata]/2026/LY/48),NBRI/NE/HKD[Mathurata]/2026/LY/48),511එෆ්,House / නිවාස,Landslide / නායයෑම්,Resettle / නැවත පදිංචිකිරීම,Partially / අර්ධහානි,,,,,1.0,,,11.0,,12,,Nuwara Eliya,174.86,286.79,402.72,545.25,616.84,174.86,7.0,NASA POWER PRECTOTCORR / MERRA-2,ok
7.078867,80.877109,2025-11-27,2025-11-27,2025-11-27,1,parsed_single,2025-11-27 00:00:00,,2026-01-11,2026-01-11 00:00:00,Nuwara Eliya,වලපනේ ප්රා.ලේ.කො,වැරැල්ලපතන,HR2,HR2,,NBRI/NE/WLD/2026/DSDD/72),NBRI/NE/WLD/2026/DSDD/72),,House / නිවාස,Slope failures / බැවුම් අස්ථාවරවීම්,Resettle / නැවත පදිංචිකිරීම,Partially / අර්ධහානි,,ගල් පෙරලිම්,,,1.0,,,1.0,,2,,Nuwara Eliya,174.86,286.79,402.72,545.25,616.84,174.86,7.0,NASA POWER PRECTOTCORR / MERRA-2,ok
7.073056,80.775833,2025-11-27,2025-11-27,2025-11-27,1,parsed_single,2025-11-27 00:00:00,,2026-01-20,2026-01-20 00:00:00,Nuwara Eliya,මතුරට ප්රා.ලේ.කො,ගොඩිගමුව,HR2,HR2,,NBRI/NE/HKD[Mathurata]/2026/IC/30),NBRI/NE/HKD[Mathurata]/2026/IC/30),511   ඩී,House / නිවාස,Slope failures / බැවුම් අස්ථාවරවීම්,Resettle / නැවත පදිංචිකිරීම,Partially / අර්ධහානි,,,,,1.0,,,6.0,,7,,Nuwara Eliya,174.86,286.79,402.72,545.25,616.84,174.86,7.0,NASA POWER PRECTOTCORR / MERRA-2,ok
7.045382,80.57052,2025-11-27,2025-11-27,2025-11-27,1,parsed_single,2025.11.27,,2026-01-30,2026.01.30,Nuwara Eliya,වලපනේ ප්රා.ලේ.කො,පළල්පතන,HR2,HR2,,NBRI/NE/WLD]/2026/DSDD/118),NBRI/NE/WLD]/2026/DSDD/118),,House / නිවාස,Other / වෙනත් (වෙනත් කරුණු යටතේ සදහන් කරන්න),Resettle / නැවත පදිංචිකිරීම,Partially / අර්ධහානි,,බෑවුම් අස්ථාවර වූ නිම්නය අසළ,,,2.0,,,9.0,,11,,Nuwara Eliya,174.86,286.79,402.72,545.25,616.84,174.86,7.0,NASA POWER PRECTOTCORR / MERRA-2,ok
7.040006,80.857214,2025-11-27,2025-11-27,2025-11-27,1,parsed_single,2025.11.27,,2026-01-30,2026.01.30,Nuwara Eliya,වලපනේ ප්රා.ලේ.කො,පළල්පතන,HR2,HR2,,NBRI/NE/WLD/2026/DSDD/117),NBRI/NE/WLD/2026/DSDD/117),526ඒ,House / නිවාස,Slope failures / බැවුම් අස්ථාවරවීම්,Resettle / නැවත පදිංචිකිරීම,Partially / අර්ධහානි,,,,,1.0,1.0,,6.0,,8,,Nuwara Eliya,174.86,286.79,402.72,545.25,616.84,174.86,7.0,NASA POWER PRECTOTCORR / MERRA-2,ok
7.029412,80.846739,2025-11-27,2025-11-27,2025-11-27,1,parsed_single,2025.11.27,,2026-02-02,2026.02.02,Nuwara Eliya,වලපනේ ප්රා.ලේ.කො,බෲක්සයිඩ්,HR2,HR2,,NBRI/NE/WLD/2026/SMK/123),NBRI/NE/WLD/2026/SMK/123),33 / 0,House / නිවාස,Other / වෙනත් (වෙනත් කරුණු යටතේ සදහන් කරන්න),Resettle / නැවත පදිංචිකිරීම,Partially / අර්ධහානි,,සුන්බුන් ගලනය,,,1.0,,,,,1,,Nuwara Eliya,174.86,286.79,402.72,545.25,616.84,174.86,7.0,NASA POWER PRECTOTCORR / MERRA-2,ok
7.184191,80.848385,2025-11-27,2025-11-27,2025-11-27,1,parsed_single,2025.11.27,,2026-02-13,2026.02.13,Nuwara Eliya,වලපනේ ප්රා.ලේ.කො,පන්නල,HR2,HR2,,NBRI/NE/WLD/2026/DSDD/146),NBRI/NE/WLD/2026/DSDD/146),,House / නිවාස,"Slope failures / බැවුම් අස්ථාවරවීම්, Rock fall / ගල් පෙරලීම්",Resettle / නැවත පදිංචිකිරීම,Partially / අර්ධහානි,,,,,1.0,1.0,,7.0,,9,,Nuwara Eliya,174.86,286.79,402.72,545.25,616.84,174.86,7.0,NASA POWER PRECTOTCORR / MERRA-2,ok
7.038435,80.863046,2025-11-27,2025-11-27,2025-11-27,1,parsed_single,2025.11.27,,2026-01-30,2026.01.30,Nuwara Eliya,වලපනේ ප්රා.ලේ.කො,පළල්පතන,HR2,HR2,,NBRI/NE/WLD/2026/DSDD/129),NBRI/NE/WLD/2026/DSDD/129),526ඒ,House / නිවාස,Slope failures / බැවුම් අස්ථාවරවීම්,Resettle / නැවත පදිංචිකිරීම,Partially / අර්ධහානි,,,,,2.0,4.0,,3.0,,9,,Nuwara Eliya,174.86,286.79,402.72,545.25,616.84,174.86,7.0,NASA POWER PRECTOTCORR / MERRA-2,ok
7.162817,80.844593,2025-11-27,2025-11-27,2025-11-27,1,parsed_single,2025.11.27,,2026-02-13,2026.02.13,Nuwara Eliya,වලපනේ ප්රා.ලේ.කො,පන්නල,HR2,HR2,,NBRI/NE/WLD/2026/DSDD/145),NBRI/NE/WLD/2026/DSDD/145),,House / නිවාස,Slope failures / බැවුම් අස්ථාවරවීම්,Resettle / නැවත පදිංචිකිරීම,Partially / අර්ධහානි,,,,,1.0,,,2.0,,3,,Nuwara Eliya,174.86,286.79,402.72,545.25,616.84,174.86,7.0,NASA POWER PRECTOTCORR / MERRA-2,ok
7.103286,80.804261,2025-11-27,2025-11-27,2025-11-27,1,parsed_single,2025.11.27,,2026-02-17,2026.02.17,Nuwara Eliya,වලපනේ ප්රා.ලේ.කො,වැටකේගම,HR2,HR2,,NBRI/NE/WLD/2026/SMK/147),NBRI/NE/WLD/2026/SMK/147),,House / නිවාස,Cutting failure / කණ්ඩි අස්ථාවරවීම්,Resettle / නැවත පදිංචිකිරීම,Partially / අර්ධහානි,,ඉරිතැලීම්,,,1.0,1.0,,7.0,,9,,Nuwara Eliya,174.86,286.79,402.72,545.25,616.84,174.86,7.0,NASA POWER PRECTOTCORR / MERRA-2,ok
7.081213,80.814601,2025-11-27,2025-11-27,2025-11-27,1,parsed_single,2025.11.27,,2026-02-25,2026.02.25,Nuwara Eliya,වලපනේ ප්රා.ලේ.කො,උකුතුලේ නැගෙනහිර,HR2,HR2,,NBRI/NE/WLD/2026/DMCP/124),NBRI/NE/WLD/2026/DMCP/124),517/ඒ,House / නිවාස,"Cutting failure / කණ්ඩි අස්ථාවරවීම්, Slope failures / බැවුම් අස්ථාවරවීම්",Resettle / නැවත පදිංචිකිරීම,Minor or No Damages / සුළුහානි හෝ හානි නොමැති,,,,,1.0,,,2.0,,3,,Nuwara Eliya,174.86,286.79,402.72,545.25,616.84,174.86,7.0,NASA POWER PRECTOTCORR / MERRA-2,ok
7.12219,80.819586,2025-11-27,2025-11-27,2025-11-27,1,parsed_single,2025.11.27,,2026-02-09,2026.02.09,Nuwara Eliya,වලපනේ ප්රා.ලේ.කො,ඉලුක්පැලැස්ස,HR2,HR2,,NBRI/NE/WLD/2026/LY/124),NBRI/NE/WLD/2026/LY/124),,House / නිවාස,Rock fall / ගල් පෙරලීම්,Resettle / නැවත පදිංචිකිරීම,Partially / අර්ධහානි,,,,,1.0,,,,,1,,Nuwara Eliya,174.86,286.79,402.72,545.25,616.84,174.86,7.0,NASA POWER PRECTOTCORR / MERRA-2,ok
7.119112,80.790406,2025-11-27,2025-11-27,2025-11-27,1,parsed_single,2025.11.27,,2026-02-17,2026.02.17,Nuwara Eliya,මතුරට ප්රා.ලේ.කො,දෙහිපේ,HR2,HR2,,NBRI/NE/HKD[Mathurata]/2026/DSDD/163),NBRI/NE/HKD[Mathurata]/2026/DSDD/163),,House / නිවාස,Slope failures / බැවුම් අස්ථාවරවීම්,Resettle / නැවත පදිංචිකිරීම,Partially / අර්ධහානි,,,,,1.0,1.0,,1.0,,3,,Nuwara Eliya,174.86,286.79,402.72,545.25,616.84,174.86,7.0,NASA POWER PRECTOTCORR / MERRA-2,ok
7.124402,80.785103,2025-11-27,2025-11-27,2025-11-27,1,parsed_single,2025.11.27,,2026-03-09,2026.03.09,Nuwara Eliya,මතුරට ප්රා.ලේ.කො,විල්වල,HR2,HR2,,NBRI/NE/HKD[Mathurata]/2026/DSDD/194),NBRI/NE/HKD[Mathurata]/2026/DSDD/194),483,House / නිවාස,"Other / වෙනත් (වෙනත් කරුණු යටතේ සදහන් කරන්න), Slope failures / බැවුම් අස්ථාවරවීම්",Resettle / නැවත පදිංචිකිරීම,Partially / අර්ධහානි,,"බෑවුම අස්‍ථාවරවීම, නාය ගලන මාර්ගය",,,1.0,,,,,1,,Nuwara Eliya,174.86,286.79,402.72,545.25,616.84,174.86,7.0,NASA POWER PRECTOTCORR / MERRA-2,ok
7.041236,80.864936,2025-11-27,2025-11-27,2025-11-27,1,parsed_single,2025.11.27,,2026-05-05,2026.05.05,Nuwara Eliya,වලපනේ ප්රා.ලේ.කො,පළල්පතන,HR2,HR2,,NBRI/NE/WLD/2026/VKG/52),NBRI/NE/WLD/2026/VKG/52),526/ඒ,House / නිවාස,Landslide / නායයෑම්,Resettle / නැවත පදිංචිකිරීම,Partially / අර්ධහානි,,,,,2.0,1.0,,,,3,,Nuwara Eliya,174.86,286.79,402.72,545.25,616.84,174.86,7.0,NASA POWER PRECTOTCORR / MERRA-2,ok
7.054669,80.874534,2025-11-27,2025-11-27,2025-11-27,1,parsed_single,2025.11.27,,2026-05-05,2026.05.05,Nuwara Eliya,වලපනේ ප්රා.ලේ.කො,හරස්බැද්ද,HR2,HR2,,NBRI/NE/WLD/2026/DMCP/143),NBRI/NE/WLD/2026/DMCP/143),,House / නිවාස,Slope failures / බැවුම් අස්ථාවරවීම්,Resettle / නැවත පදිංචිකිරීම,Partially / අර්ධහානි,,,,,2.0,1.0,,3.0,,6,,Nuwara Eliya,174.86,286.79,402.72,545.25,616.84,174.86,7.0,NASA POWER PRECTOTCORR / MERRA-2,ok
7.067763,80.668279,2025-11-27,2025-11-27,2025-11-27,1,parsed_single,2025-11-27 00:00:00,,2025-12-16,2025-12-16 00:00:00,Nuwara Eliya,කොත්මලේ නැගෙනහිර ප්රා.ලේ.කො,පනම්ගම්මන,HR2,HR2,,NBRI/NE/KTD[east]/2025/DSDD/සංශෝධන19(ii))-Rev,NBRI/NE/KTD[east]/2025/DSDD/සංශෝධන19(ii))-Rev,,House / නිවාස,Slope failures / බැවුම් අස්ථාවරවීම්,Resettle / නැවත පදිංචිකිරීම,Partially / අර්ධහානි,,,,,8.0,5.0,,12.0,,25,,Nuwara Eliya,174.86,286.79,402.72,545.25,616.84,174.86,7.0,NASA POWER PRECTOTCORR / MERRA-2,ok
7.065914,80.812929,2025-11-27,2025-11-27,2025-11-27,1,parsed_single,2025.11.27,,2026-05-09,2026.05.09,Nuwara Eliya,මතුරට ප්රා.ලේ.කො,මෙරිගෝල්ඩ්,HR2,HR2,,NBRI/NE/HKD[Mathurata]/2026/WGMSS/69),NBRI/NE/HKD[Mathurata]/2026/WGMSS/69),509/ඒ,House / නිවාස,"Landslide / නායයෑම්, Rock fall / ගල් පෙරලීම්",Resettle / නැවත පදිංචිකිරීම,Partially / අර්ධහානි,,,,,3.0,3.0,,,,6,,Nuwara Eliya,174.86,286.79,402.72,545.25,616.84,174.86,7.0,NASA POWER PRECTOTCORR / MERRA-2,ok
6.857822,80.744137,2025-11-26,2025-11-26,2025-11-26,1,parsed_single,2025-11-26 00:00:00,,2025-12-27,2025-12-27 00:00:00,Nuwara Eliya,තලවකැලේ ප්රා.ලේ.කො,ඩයගම බටහිර,HR2,HR2,,NBRI/NE/NED(THALAWAKALE)/2025/PTG/99),NBRI/NE/NED(THALAWAKALE)/2025/PTG/99),475 L,Religiou / ආගමික ස්ථානය,Landslide / නායයෑම්,Resettle / නැවත පදිංචිකිරීම,Partially / අර්ධහානි,,,,,4.0,2.0,,2.0,,8,,Nuwara Eliya,82.58,168.03,233.01,381.89000000000004,442.44,82.58,7.0,NASA POWER PRECTOTCORR / MERRA-2,ok
6.844155,80.748291,2025-11-27,2025-11-27,2025-11-27,1,parsed_single,2025-11-27 00:00:00,,2025-12-25,2025-12-25 00:00:00,Nuwara Eliya,තලවකැලේ ප්රා.ලේ.කො,සැන්ඩිග්‍රාම,HR2,HR2,,NBRI/NE/NED(THALAWAKAKE)/2025/PTG/88,NBRI/NE/NED(THALAWAKAKE)/2025/PTG/88,,House / නිවාස,Other / වෙනත් (වෙනත් කරුණු යටතේ සදහන් කරන්න),Resettle / නැවත පදිංචිකිරීම,Partially / අර්ධහානි,,,,,1.0,,,,,1,,Nuwara Eliya,174.86,286.79,402.72,545.25,616.84,174.86,7.0,NASA POWER PRECTOTCORR / MERRA-2,ok
6.978164,80.799754,2025-11-27,2025-11-27,2025-11-27,1,parsed_single,2025-11-27 00:00:00,,2025-12-27,2025-12-27 00:00:00,Nuwara Eliya,නුවරඑළිය ප්රා.ලේ.කො,පීඩෲ,HR2,HR2,,NBRI/NE/NED/2025/LY/28),NBRI/NE/NED/2025/LY/28),534 - H,House / නිවාස,Slope failures / බැවුම් අස්ථාවරවීම්,Resettle / නැවත පදිංචිකිරීම,Partially / අර්ධහානි,,,,,2.0,,,2.0,,4,,Nuwara Eliya,174.86,286.79,402.72,545.25,616.84,174.86,7.0,NASA POWER PRECTOTCORR / MERRA-2,ok
6.905841,80.669558,2025-11-27,2025-11-27,2025-11-27,1,parsed_single,2025.11.27,,2026-02-16,2026.02.16,Nuwara Eliya,තලවකැලේ ප්රා.ලේ.කො,නාගසේන,HR2,HR2,,NBRI/NE/NED[Thalawakale]/2026/DSDD/153),NBRI/NE/NED[Thalawakale]/2026/DSDD/153),,House / නිවාස,Slope failures / බැවුම් අස්ථාවරවීම්,Resettle / නැවත පදිංචිකිරීම,Partially / අර්ධහානි,,,,,1.0,2.0,,1.0,,4,,Nuwara Eliya,174.86,286.79,402.72,545.25,616.84,174.86,7.0,NASA POWER PRECTOTCORR / MERRA-2,ok
6.847804,80.749638,2025-11-28,2025-11-28,2025-11-28,1,parsed_single,2025-11-28 00:00:00,,2025-12-25,2025-12-25 00:00:00,Nuwara Eliya,තලවකැලේ ප්රා.ලේ.කො,සැන්ඩ්‍රිගම් වත්ත,HR2,HR2,,NBRI/NE/NED[Thalawakale]/2025/IC/05),NBRI/NE/NED[Thalawakale]/2025/IC/05),,(වෙනත් කරුණු යටතේ සටහන් කරන්න),Landslide / නායයෑම්,Resettle / නැවත පදිංචිකිරීම,Partially / අර්ධහානි,,වතු අධිකාරි නිළ නිවාස,,,2.0,,,2.0,,4,,Nuwara Eliya,64.6,322.03999999999996,457.49,601.37,680.32,174.86,7.0,NASA POWER PRECTOTCORR / MERRA-2,ok
6.900228,80.687798,2025-11-27,2025-11-27,2025-11-27,1,parsed_single,2025-11-27 00:00:00,,2026-01-02,2026-01-02 00:00:00,Nuwara Eliya,තලවකැලේ ප්රා.ලේ.කො,නාගසේන,HR2,HR2,,NBRI/NE/NED[Thalawakale]/2026/IC/13,NBRI/NE/NED[Thalawakale]/2026/IC/13,475 එච්,House / නිවාස,Other / වෙනත් (වෙනත් කරුණු යටතේ සදහන් කරන්න),Resettle / නැවත පදිංචිකිරීම,Partially / අර්ධහානි,,ඇළ ඉවුර අස්ථාවර වීම,,,1.0,,,1.0,,2,,Nuwara Eliya,174.86,286.79,402.72,545.25,616.84,174.86,7.0,NASA POWER PRECTOTCORR / MERRA-2,ok
6.942871,80.695375,2025-11-27,2025-11-27,2025-11-27,1,parsed_single,2025.11.27,,2026-03-06,2026.03.06,Nuwara Eliya,තලවකැලේ ප්රා.ලේ.කො,බෙයාර්වෙල්,HR2,HR2,,NBRI/NE/NED[Thalawakale]/2026/DSDD/190),NBRI/NE/NED[Thalawakale]/2026/DSDD/190),,House / නිවාස,Slope failures / බැවුම් අස්ථාවරවීම්,Resettle / නැවත පදිංචිකිරීම,Partially / අර්ධහානි,,,,,1.0,,,,,1,,Nuwara Eliya,174.86,286.79,402.72,545.25,616.84,174.86,7.0,NASA POWER PRECTOTCORR / MERRA-2,ok
6.936357,80.683517,2025-11-28,2025-11-28,2025-11-28,1,parsed_single,2025-11-28 00:00:00,දවල් 2.30 - 3.00,2025-12-07,2025-12-07 00:00:00,Nuwara Eliya,නුවරඑළිය ප්රා.ලේ.කො,රත්නගිරිය,HR2,HR2,,NBRI/NE/NED[Thalawa]/2025/DSDD/07/සංශෝධන/Rev,NBRI/NE/NED[Thalawa]/2025/DSDD/07/සංශෝධන/Rev,,House / නිවාස,Slope failures / බැවුම් අස්ථාවරවීම්,Resettle / නැවත පදිංචිකිරීම,Partially / අර්ධහානි,,,,,3.0,,,,,3,,Nuwara Eliya,64.6,322.03999999999996,457.49,601.37,680.32,174.86,7.0,NASA POWER PRECTOTCORR / MERRA-2,ok
7.165474,80.760873,2025-11-28,2025-11-28,2025-11-28,1,parsed_single,2025-11-28 00:00:00,,2025-12-12,2025-12-12 00:00:00,Nuwara Eliya,හඟුරන්කෙත ප්රා.ලේ.කො,දැලිවල,HR2,HR2,,NBRI/NE/HKD/2025/DMCP/09-REV,NBRI/NE/HKD/2025/DMCP/09-REV,494 ඩී,House / නිවාස,Landslide / නායයෑම්,Resettle / නැවත පදිංචිකිරීම,Partially / අර්ධහානි,,ගල් පෙරලීම්,,,9.0,,,,,9,,Nuwara Eliya,64.6,322.03999999999996,457.49,601.37,680.32,174.86,7.0,NASA POWER PRECTOTCORR / MERRA-2,ok
6.98895,80.83411,2025-11-28,2025-11-28,2025-11-28,1,parsed_single,2025-11-28 00:00:00,උදේ 3.40,2025-12-14,2025-12-14 00:00:00,Nuwara Eliya,නුවරඑළිය ප්රා.ලේ.කො,‌කොන්කෝඩියා,HR2,HR2,,NBRI/NE/NED/2025/RR/02,NBRI/NE/NED/2025/RR/02,534 F,House / නිවාස,Slope failures / බැවුම් අස්ථාවරවීම්,Resettle / නැවත පදිංචිකිරීම,Partially / අර්ධහානි,,,,,1.0,,,1.0,,2,,Nuwara Eliya,64.6,322.03999999999996,457.49,601.37,680.32,174.86,7.0,NASA POWER PRECTOTCORR / MERRA-2,ok
7.145088,80.77705,2025-11-28,2025-11-28,2025-11-28,1,parsed_single,2025-11-28 00:00:00,,2025-12-20,2025-12-20 00:00:00,Nuwara Eliya,හඟුරන්කෙත ප්රා.ලේ.කො,ලබුහේන,HR2,HR2,,NBRI/NE/HKD-16/2025/DMCP/27-Rev,NBRI/NE/HKD-16/2025/DMCP/27-Rev,498 I,House / නිවාස,Landslide / නායයෑම්,Resettle / නැවත පදිංචිකිරීම,Partially / අර්ධහානි,,,,,20.0,2.0,,1.0,,23,,Nuwara Eliya,64.6,322.03999999999996,457.49,601.37,680.32,174.86,7.0,NASA POWER PRECTOTCORR / MERRA-2,ok
6.931885,80.685674,2025-11-27,2025-11-27,2025-11-27,1,parsed_single,2025.11.27,,2026-01-31,2026.01.31,Nuwara Eliya,නුවරඑළිය ප්රා.ලේ.කො,රත්නගිරිය,HR2,HR2,,NBRI/NE/NED/2026/SMK/115),NBRI/NE/NED/2026/SMK/115),475ජී,House / නිවාස,Slope failures / බැවුම් අස්ථාවරවීම්,Resettle / නැවත පදිංචිකිරීම,Partially / අර්ධහානි,,,,,5.0,,,2.0,,7,,Nuwara Eliya,174.86,286.79,402.72,545.25,616.84,174.86,7.0,NASA POWER PRECTOTCORR / MERRA-2,ok
7.179488,80.79552,2025-11-28,2025-11-28,2025-11-28,1,parsed_single,2025-11-28 00:00:00,,2025-12-19,2025-12-19 00:00:00,Nuwara Eliya,හඟුරන්කෙත ප්රා.ලේ.කො,උඩවත්ත නැගෙනහිර,HR2,HR2,,NBRI/NE/HKD-15/2025/DMCP/26-Rev,NBRI/NE/HKD-15/2025/DMCP/26-Rev,489 ඒ,House / නිවාස,Landslide / නායයෑම්,Resettle / නැවත පදිංචිකිරීම,Partially / අර්ධහානි,,,,,6.0,56.0,,30.0,,92,,Nuwara Eliya,64.6,322.03999999999996,457.49,601.37,680.32,174.86,7.0,NASA POWER PRECTOTCORR / MERRA-2,ok
6.93734,80.79996,2025-11-27,2025-11-27,2025-11-27,1,parsed_single,2025.11.27,,2026-01-31,2026.01.31,Nuwara Eliya,නුවරඑළිය ප්රා.ලේ.කො,සිිතාඑළිය,HR2,HR2,,NBRI/NE/NED/2026/RR/102),NBRI/NE/NED/2026/RR/102),,House / නිවාස,Other / වෙනත් (වෙනත් කරුණු යටතේ සදහන් කරන්න),Resettle / නැවත පදිංචිකිරීම,Partially / අර්ධහානි,,බෑවුම අස්‍ථාවරවීම සහ නිම්නයේ මැද පිහිටා ඇත.,,,1.0,,,,,1,,Nuwara Eliya,174.86,286.79,402.72,545.25,616.84,174.86,7.0,NASA POWER PRECTOTCORR / MERRA-2,ok
7.186458,80.771902,2025-11-27,2025-11-27,2025-11-27,1,parsed_single,2025-11-27 00:00:00,,2025-12-12,2025-12-12 00:00:00,Nuwara Eliya,හඟුරන්කෙත ප්රා.ලේ.කො,පුස්සලමංකඩ,HR2,HR2,,NBRI/NE/HKD/2025/DMCP/35),NBRI/NE/HKD/2025/DMCP/35),495 ඒ,House / නිවාස,Landslide / නායයෑම්,Resettle / නැවත පදිංචිකිරීම,Partially / අර්ධහානි,,,,,4.0,,,36.0,,40,,Nuwara Eliya,174.86,286.79,402.72,545.25,616.84,174.86,7.0,NASA POWER PRECTOTCORR / MERRA-2,ok
7.132522,80.728467,2025-11-29,2025-11-29,2025-11-29,1,parsed_single,2025-11-29 00:00:00,,2025-12-24,2025-12-24 00:00:00,Nuwara Eliya,හඟුරන්කෙත ප්රා.ලේ.කො,හදවලපිටිය,HR2,HR2,,NBRI/NE/HKD/2025/IC/04 ),NBRI/NE/HKD/2025/IC/04 ),,House / නිවාස,Landslide / නායයෑම්,Resettle / නැවත පදිංචිකිරීම,Partially / අර්ධහානි,,,,,1.0,1.0,,2.0,,4,,Nuwara Eliya,5.63,245.09,439.52,593.5699999999999,685.3900000000001,174.86,7.0,NASA POWER PRECTOTCORR / MERRA-2,ok
6.947925,80.762981,2025-11-27,2025-11-27,2025-11-27,1,parsed_single,2025.11.27,,2026-03-19,2026.03.19,Nuwara Eliya,නුවරඑළිය ප්රා.ලේ.කො,බන්ගලාහත,HR2,HR2,,NBRI/NE/NED/2026/WGMSS/34),NBRI/NE/NED/2026/WGMSS/34),476/සිි,House / නිවාස,Slope failures / බැවුම් අස්ථාවරවීම්,Resettle / නැවත පදිංචිකිරීම,Partially / අර්ධහානි,0.0,,,,1.0,,,2.0,,3,,Nuwara Eliya,174.86,286.79,402.72,545.25,616.84,174.86,7.0,NASA POWER PRECTOTCORR / MERRA-2,ok
7.117409,80.709166,2025-11-27,2025-11-27,2025-11-27,1,parsed_single,2025-11-27 00:00:00,,2026-01-02,2026-01-02 00:00:00,Nuwara Eliya,හඟුරන්කෙත ප්රා.ලේ.කො,හෝප්,HR2,HR2,,NBRI/NE/HKD/2025/SMK/76,NBRI/NE/HKD/2025/SMK/76,501ජී,(වෙනත් කරුණු යටතේ සටහන් කරන්න),"Slope failures / බැවුම් අස්ථාවරවීම්, Rock fall / ගල් පෙරලීම්",Resettle / නැවත පදිංචිකිරීම,Partially / අර්ධහානි,,Twin cottage අංක 10,,,1.0,,,2.0,2.0,5,,Nuwara Eliya,174.86,286.79,402.72,545.25,616.84,174.86,7.0,NASA POWER PRECTOTCORR / MERRA-2,ok
7.118736,80.791287,2025-11-28,2025-11-28,2025-11-28,1,parsed_single,28/11/2025,,2025-12-28,28/12/2025,Nuwara Eliya,හඟුරන්කෙත ප්රා.ලේ.කො,දෙනිපේ -,HR2,HR2,,NBRI/NE/HKD/2026/IC/09,NBRI/NE/HKD/2026/IC/09,481,House / නිවාස,Other / වෙනත් (වෙනත් කරුණු යටතේ සදහන් කරන්න),Resettle / නැවත පදිංචිකිරීම,Partially / අර්ධහානි,,භුමි ගිලා බැසිම,,,1.0,1.0,,2.0,,4,,Nuwara Eliya,64.6,322.03999999999996,457.49,601.37,680.32,174.86,7.0,NASA POWER PRECTOTCORR / MERRA-2,ok
6.982387,80.747008,2025-11-27,2025-11-27,2025-11-27,1,parsed_single,2025.11.27,,2026-03-19,2026.03.19,Nuwara Eliya,නුවරඑළිය ප්රා.ලේ.කො,ශාන්තිපුර,HR2,HR2,,NBRI/NE/NED/2026/DSDD/219),NBRI/NE/NED/2026/DSDD/219),535එම්,House / නිවාස,Slope failures / බැවුම් අස්ථාවරවීම්,Resettle / නැවත පදිංචිකිරීම,Partially / අර්ධහානි,0.0,,,,1.0,2.0,,12.0,,15,,Nuwara Eliya,174.86,286.79,402.72,545.25,616.84,174.86,7.0,NASA POWER PRECTOTCORR / MERRA-2,ok
7.167357,80.772681,2025-11-27,2025-11-27,2025-11-27,1,parsed_single,2025.11.27 උදේ 6.10 පමණ,,2026-01-13,2026-01-13 00:00:00,Nuwara Eliya,හඟුරන්කෙත ප්රා.ලේ.කො,දැලිවල,HR2,HR2,,NBRI/NE/HKD/2026/IC/14),NBRI/NE/HKD/2026/IC/14),494 ඩී,House / නිවාස,Other / වෙනත් (වෙනත් කරුණු යටතේ සදහන් කරන්න),Resettle / නැවත පදිංචිකිරීම,Partially / අර්ධහානි,,කදුරු මාර්ගයක මැදිව කණ්ඩි කඩා වැටීම,,,1.0,,,9.0,,10,,Nuwara Eliya,174.86,286.79,402.72,545.25,616.84,174.86,7.0,NASA POWER PRECTOTCORR / MERRA-2,ok
7.16544,80.754337,2025-11-27,2025-11-27,2025-11-27,1,parsed_single,2025-11-27 00:00:00,,2026-01-10,2026-01-10 00:00:00,Nuwara Eliya,හඟුරන්කෙත ප්රා.ලේ.කො,හපුවල,HR2,HR2,,NBRI/NE/HKD/2026/LY/47),NBRI/NE/HKD/2026/LY/47),,House / නිවාස,Slope failures / බැවුම් අස්ථාවරවීම්,Resettle / නැවත පදිංචිකිරීම,Partially / අර්ධහානි,,,,,4.0,,,,,4,,Nuwara Eliya,174.86,286.79,402.72,545.25,616.84,174.86,7.0,NASA POWER PRECTOTCORR / MERRA-2,ok
7.176516,80.785028,2025-11-27,2025-11-27,2025-11-27,1,parsed_single,2025-11-27 00:00:00,,2025-12-29,2025-12-29 00:00:00,Nuwara Eliya,හඟුරන්කෙත ප්රා.ලේ.කො,උඩවත්තකුඹුර,HR2,HR2,,NBRI/NE/HKD/2026/DMCP/55),NBRI/NE/HKD/2026/DMCP/55),494 / එෆ්,House / නිවාස,Landslide / නායයෑම්,Resettle / නැවත පදිංචිකිරීම,Partially / අර්ධහානි,,,,,6.0,3.0,,,,9,,Nuwara Eliya,174.86,286.79,402.72,545.25,616.84,174.86,7.0,NASA POWER PRECTOTCORR / MERRA-2,ok
7.162197,80.821171,2025-11-27,2025-11-27,2025-11-27,1,parsed_single,2025-11-27 00:00:00,,2026-01-21,2026.01.21,Nuwara Eliya,හඟුරන්කෙත ප්රා.ලේ.කො,ගලඋඩ - දකුණ /උතුර,HR2,HR2,,NBRI/NE/HKD/2026/PTG/182),NBRI/NE/HKD/2026/PTG/182),489/E,House / නිවාස,Rock fall / ගල් පෙරලීම්,Resettle / නැවත පදිංචිකිරීම,Partially / අර්ධහානි,,,,,1.0,1.0,,3.0,,5,,Nuwara Eliya,174.86,286.79,402.72,545.25,616.84,174.86,7.0,NASA POWER PRECTOTCORR / MERRA-2,ok
6.917015,80.751668,2025-11-27,2025-11-27,2025-11-27,1,parsed_single,2025.11.27,,2026-04-26,2026.04.26,Nuwara Eliya,නුවරඑළිය ප්රා.ලේ.කො,පැරකුම්පුර,HR2,HR2,,NBRI/NE/NED/2026/DSDD/271),NBRI/NE/NED/2026/DSDD/271),,House / නිවාස,Slope failures / බැවුම් අස්ථාවරවීම්,Resettle / නැවත පදිංචිකිරීම,Minor or No Damages / සුළුහානි හෝ හානි නොමැති,0.0,,,,2.0,3.0,,9.0,,14,,Nuwara Eliya,174.86,286.79,402.72,545.25,616.84,174.86,7.0,NASA POWER PRECTOTCORR / MERRA-2,ok
6.934603,80.682167,2025-11-27,2025-11-27,2025-11-27,1,parsed_single,2025.11.27,,2026-06-06,2026.06.06,Nuwara Eliya,නුවරඑළිය ප්රා.ලේ.කො,රත්නගිරිය,HR2,HR2,,NBRI/NE/NED/2026/LSG/41),NBRI/NE/NED/2026/LSG/41),475/ජිි,House / නිවාස,Other / වෙනත් (වෙනත් කරුණු යටතේ සදහන් කරන්න),Resettle / නැවත පදිංචිකිරීම,Partially / අර්ධහානි,0.0,අධික බෑවුම සහ නිම්න ආශ්‍රිත කලාප හේතුවෙන්,,,2.0,5.0,,6.0,,13,,Nuwara Eliya,174.86,286.79,402.72,545.25,616.84,174.86,7.0,NASA POWER PRECTOTCORR / MERRA-2,ok
6.993756,80.747054,2025-11-27,2025-11-27,2025-11-27,1,parsed_single,2025.11.27,,2026-06-07,2026.06.07,Nuwara Eliya,නුවරඑළිය ප්රා.ලේ.කො,ටොප්පාස්,HR2,HR2,,NBRI/NE/NED/2026/VKG/82),NBRI/NE/NED/2026/VKG/82),535ජේ,House / නිවාස,Other / වෙනත් (වෙනත් කරුණු යටතේ සදහන් කරන්න),Resettle / නැවත පදිංචිකිරීම,Partially / අර්ධහානි,0.0,ඇළ මාර්ගයක පිහිටා තිබීම,,,1.0,,,,,1,,Nuwara Eliya,174.86,286.79,402.72,545.25,616.84,174.86,7.0,NASA POWER PRECTOTCORR / MERRA-2,ok
6.96452,80.76041,2025-11-27,2025-11-27,2025-11-27,1,parsed_single,2025.11.27,,2026-06-02,2026.06.02,Nuwara Eliya,නුවරඑළිය ප්රා.ලේ.කො,නුවරඑළිය බටහිර,HR2,HR2,,NBRI/NE/NED/2026/DSDD/311),NBRI/NE/NED/2026/DSDD/311),,House / නිවාස,Other / වෙනත් (වෙනත් කරුණු යටතේ සදහන් කරන්න),Resettle / නැවත පදිංචිකිරීම,Partially / අර්ධහානි,0.0,නිම්නය අසල අස්ථාවර වීම,,,1.0,9.0,,,,10,,Nuwara Eliya,174.86,286.79,402.72,545.25,616.84,174.86,7.0,NASA POWER PRECTOTCORR / MERRA-2,ok
7.153185,80.778629,2025-11-27,2025-11-27,2025-11-27,1,parsed_single,2025.11.27,,2026-01-28,2026.01.28,Nuwara Eliya,හඟුරන්කෙත ප්රා.ලේ.කො,දොළුගල,HR2,HR2,,NBRI/NE/HKD/2026/DMCP/75),NBRI/NE/HKD/2026/DMCP/75),494ඒ,House / නිවාස,Cutting failure / කණ්ඩි අස්ථාවරවීම්,Resettle / නැවත පදිංචිකිරීම,Partially / අර්ධහානි,,,,,1.0,1.0,,3.0,,5,,Nuwara Eliya,174.86,286.79,402.72,545.25,616.84,174.86,7.0,NASA POWER PRECTOTCORR / MERRA-2,ok
6.917902,80.749447,2025-11-27,2025-11-27,2025-11-27,1,parsed_single,2025.11.27,,2026-07-08,2026.07.08,Nuwara Eliya,නුවරඑළිය ප්රා.ලේ.කො,පැරකුම්පුර,HR2,HR2,,NBRI/NE/NED/2026/WGMSS/112),NBRI/NE/NED/2026/WGMSS/112),476/බී,House / නිවාස,Slope failures / බැවුම් අස්ථාවරවීම්,Resettle / නැවත පදිංචිකිරීම,Partially / අර්ධහානි,,,,,2.0,,,8.0,,10,,Nuwara Eliya,174.86,286.79,402.72,545.25,616.84,174.86,7.0,NASA POWER PRECTOTCORR / MERRA-2,ok
7.157197,80.774353,2025-11-27,2025-11-27,2025-11-27,1,parsed_single,2025.11.27,,2026-01-28,2026.01.28,Nuwara Eliya,හඟුරන්කෙත ප්රා.ලේ.කො,දොළුගල,HR2,HR2,,NBRI/NE/HKD/2026/DMCP/77),NBRI/NE/HKD/2026/DMCP/77),494ඒ,House / නිවාස,Slope failures / බැවුම් අස්ථාවරවීම්,Resettle / නැවත පදිංචිකිරීම,Partially / අර්ධහානි,,,,,1.0,3.0,,7.0,,11,,Nuwara Eliya,174.86,286.79,402.72,545.25,616.84,174.86,7.0,NASA POWER PRECTOTCORR / MERRA-2,ok
6.825426,80.518568,2025-11-28,2025-11-28,2025-11-28,1,parsed_single,2025.11.28,පෙ.ව. 11 පමණ,2025-12-04,2025.12.04,Nuwara Eliya,නොර්වුඩ් ප්රා.ලේ.කො,සිතගඟුල,HR2,HR2,,NBRI/NE/ABD[Norwood]/2025/SMK/04/REV,NBRI/NE/ABD[Norwood]/2025/SMK/04/REV,320 බී,House / නිවාස,Landslide / නායයෑම්,Resettle / නැවත පදිංචිකිරීම,Partially / අර්ධහානි,,,,,4.0,,,,,4,,Nuwara Eliya,64.6,322.03999999999996,457.49,601.37,680.32,174.86,7.0,NASA POWER PRECTOTCORR / MERRA-2,ok
6.91418,80.56001,,,,0,unparsed,-,-,2025-12-10,2025.12.10,Nuwara Eliya,නොර්වුඩ් ප්රා.ලේ.කො,රොසැල්ල,HR2,HR2,,NBRI/NE/NED[Norwood]/2025/JMH/04/REV,NBRI/NE/NED[Norwood]/2025/JMH/04/REV,320 ඊ,House / නිවාස,Cutting failure / කණ්ඩි අස්ථාවරවීම්,Resettle / නැවත පදිංචිකිරීම,Partially / අර්ධහානි,1.0,,,,7.0,,,18.0,,25,,Nuwara Eliya,,,,,,,,,
7.19018,80.76554,2025-11-27,2025-11-27,2025-11-27,1,parsed_single,2025-11-27 00:00:00,,2025-02-06,2025-02-06 00:00:00,Nuwara Eliya,හඟුරන්කෙත ප්රා.ලේ.කො,පුස්සලමංකඩ,HR2,HR2,,NBRI/NE/HKD/2026/DMCP/88),NBRI/NE/HKD/2026/DMCP/88),495/ඒ,House / නිවාස,"Slope failures / බැවුම් අස්ථාවරවීම්, Rock fall / ගල් පෙරලීම්",Resettle / නැවත පදිංචිකිරීම,Partially / අර්ධහානි,,,,,1.0,,,1.0,,2,,Nuwara Eliya,174.86,286.79,402.72,545.25,616.84,174.86,7.0,NASA POWER PRECTOTCORR / MERRA-2,ok
7.148768,80.755985,2025-11-27,2025-11-27,2025-11-27,1,parsed_single,2025.11.27,,2026-02-02,2026.02.02,Nuwara Eliya,හඟුරන්කෙත ප්රා.ලේ.කො,අගප්පල,HR2,HR2,,NBRI/NE/HKD/2026/DSDD/121),NBRI/NE/HKD/2026/DSDD/121),,House / නිවාස,Slope failures / බැවුම් අස්ථාවරවීම්,Resettle / නැවත පදිංචිකිරීම,Partially / අර්ධහානි,,,,,1.0,,,4.0,,5,,Nuwara Eliya,174.86,286.79,402.72,545.25,616.84,174.86,7.0,NASA POWER PRECTOTCORR / MERRA-2,ok
7.157112,80.728561,2025-11-27,2025-11-27,2025-11-27,1,parsed_single,2025.11.27,,2026-01-27,2026.01.27,Nuwara Eliya,හඟුරන්කෙත ප්රා.ලේ.කො,මැදගම,HR2,HR2,,NBRI/NE/HKD/2026/SMK/113),NBRI/NE/HKD/2026/SMK/113),500බී,House / නිවාස,Slope failures / බැවුම් අස්ථාවරවීම්,Resettle / නැවත පදිංචිකිරීම,Partially / අර්ධහානි,,,,,1.0,,,6.0,,7,,Nuwara Eliya,174.86,286.79,402.72,545.25,616.84,174.86,7.0,NASA POWER PRECTOTCORR / MERRA-2,ok
7.130498,80.752393,2025-11-27,2025-11-27,2025-11-27,1,parsed_single,2025.11.27,,2026-02-17,2026.02.17,Nuwara Eliya,හඟුරන්කෙත ප්රා.ලේ.කො,කරාමිදුල,HR2,HR2,,NBRI/NE/HKD/2026/BBW/13),NBRI/NE/HKD/2026/BBW/13),,House / නිවාස,Slope failures / බැවුම් අස්ථාවරවීම්,Resettle / නැවත පදිංචිකිරීම,Partially / අර්ධහානි,,,,,1.0,,,,,1,,Nuwara Eliya,174.86,286.79,402.72,545.25,616.84,174.86,7.0,NASA POWER PRECTOTCORR / MERRA-2,ok
6.87276,80.60925,2025-11-27,2025-11-27,2025-11-27,1,parsed_single,2025.11.27,,2026-01-29,2026.01.29,Nuwara Eliya,නොර්වුඩ් ප්රා.ලේ.කො,දික්ඔය දකුණ,HR2,HR2,,NBRI/NE/ABD(Norwood)/2026/LY/71,NBRI/NE/ABD(Norwood)/2026/LY/71,319ඒ,House / නිවාස,Landslide / නායයෑම්,Resettle / නැවත පදිංචිකිරීම,Partially / අර්ධහානි,,,,,4.0,,,3.0,,7,,Nuwara Eliya,174.86,286.79,402.72,545.25,616.84,174.86,7.0,NASA POWER PRECTOTCORR / MERRA-2,ok
6.839264,80.609352,2025-11-27,2025-11-27,2025-11-27,1,parsed_single,2025.11.27,,2026-02-26,2026.02.26,Nuwara Eliya,නොර්වුඩ් ප්රා.ලේ.කො,නෝර්වුඩ්,HR2,HR2,,NBRI/NE/ABD[Norwood]/2026/SMK/160),NBRI/NE/ABD[Norwood]/2026/SMK/160),320,House / නිවාස,Other / වෙනත් (වෙනත් කරුණු යටතේ සදහන් කරන්න),Resettle / නැවත පදිංචිකිරීම,Partially / අර්ධහානි,,භුමි ගිලා බැසිම,,,1.0,,,7.0,1.0,9,,Nuwara Eliya,174.86,286.79,402.72,545.25,616.84,174.86,7.0,NASA POWER PRECTOTCORR / MERRA-2,ok
7.145305,80.808799,2025-11-27,2025-11-27,2025-11-27,1,parsed_single,2025.11.27,,2026-03-12,2026.03.12,Nuwara Eliya,හඟුරන්කෙත ප්රා.ලේ.කො,දිඹුල්කුඹුර,HR2,HR2,,NBRI/NE/HKD/2026/DMCP/119),NBRI/NE/HKD/2026/DMCP/119),484ඩී,House / නිවාස,Slope failures / බැවුම් අස්ථාවරවීම්,Resettle / නැවත පදිංචිකිරීම,Partially / අර්ධහානි,,බෑවුම් අස්ථාවරවීම / භූමි ගිලා බැසීම,,,3.0,2.0,,4.0,,9,,Nuwara Eliya,174.86,286.79,402.72,545.25,616.84,174.86,7.0,NASA POWER PRECTOTCORR / MERRA-2,ok
7.142761,80.726654,2025-11-27,2025-11-27,2025-11-27,1,parsed_single,2025.11.27,,2026-03-14,2026.03.14,Nuwara Eliya,හඟුරන්කෙත ප්රා.ලේ.කො,මලන්වත්ත,HR2,HR2,,NBRI/NE/HKD/2026/LSG/06),NBRI/NE/HKD/2026/LSG/06),503/ඒ,House / නිවාස,Other / වෙනත් (වෙනත් කරුණු යටතේ සදහන් කරන්න),Resettle / නැවත පදිංචිකිරීම,Partially / අර්ධහානි,,භුමි ගිලා බැසිම / නිවාස ඉරිතැලීම සහ භූමියේ ආතති පැලුම් ඇතිවීම,,,3.0,6.0,,2.0,,11,,Nuwara Eliya,174.86,286.79,402.72,545.25,616.84,174.86,7.0,NASA POWER PRECTOTCORR / MERRA-2,ok
7.188429,80.775049,2025-11-27,2025-11-27,2025-11-28,2,parsed_range,2025.11.27 - 2025.11.28,,2026-03-14,2026.03.14,Nuwara Eliya,හඟුරන්කෙත ප්රා.ලේ.කො,සගරාජගම,HR2,HR2,,NBRI/NE/HKD/2026/VKG/31),NBRI/NE/HKD/2026/VKG/31),494බී,House / නිවාස,Slope failures / බැවුම් අස්ථාවරවීම්,Resettle / නැවත පදිංචිකිරීම,Partially / අර්ධහානි,,කණ්ඩි අස්ථාවර වීම බෑවුම් අස්ථාවරවීමක් දක්වා වර්ධනය වීම,,,1.0,,,3.0,,4,,Nuwara Eliya,174.86,286.79,402.72,545.25,616.84,174.86,7.0,NASA POWER PRECTOTCORR / MERRA-2,ok
7.14452,80.751657,2025-11-27,2025-11-27,2025-11-27,1,parsed_single,2025.11.27,,2026-03-11,2026.03.11,Nuwara Eliya,හඟුරන්කෙත ප්රා.ලේ.කො,පුරාණගම,HR2,HR2,,NBRI/NE/HKD/2026/DSDD/204),NBRI/NE/HKD/2026/DSDD/204),498/ඊ,House / නිවාස,Slope failures / බැවුම් අස්ථාවරවීම්,Resettle / නැවත පදිංචිකිරීම,Partially / අර්ධහානි,,,,,1.0,2.0,,,,3,,Nuwara Eliya,174.86,286.79,402.72,545.25,616.84,174.86,7.0,NASA POWER PRECTOTCORR / MERRA-2,ok
7.021211,80.673811,2025-11-27,2025-11-27,2025-11-27,1,parsed_single,2025-11-27 00:00:00,,2025-11-20,2025-11-20 00:00:00,Nuwara Eliya,කොත්මලේ නැගෙනහිර ප්රා.ලේ.කො,උතුරු පූඩළුඔය,HR2,HR2,,NBRI/NE/KTD[East]-55/2025/DSDD/28) - Rev,NBRI/NE/KTD[East]-55/2025/DSDD/28) - Rev,468 E,House / නිවාස,Slope failures / බැවුම් අස්ථාවරවීම්,Resettle / නැවත පදිංචිකිරීම,Partially / අර්ධහානි,,,,,1.0,1.0,,4.0,,6,,Nuwara Eliya,174.86,286.79,402.72,545.25,616.84,174.86,7.0,NASA POWER PRECTOTCORR / MERRA-2,ok
7.04671,80.696108,2025-11-27,2025-11-27,2025-11-27,1,parsed_single,2025-11-27 00:00:00,Morning,2025-12-13,2025-12-13 00:00:00,Nuwara Eliya,කොත්මලේ නැගෙනහිර ප්රා.ලේ.කො,රම්බොඩ,HR2,HR2,,NBRI/NE/KTD[East]-41/2025/RR/11 - Rev,NBRI/NE/KTD[East]-41/2025/RR/11 - Rev,474,House / නිවාස,Slope failures / බැවුම් අස්ථාවරවීම්,Resettle / නැවත පදිංචිකිරීම,Partially / අර්ධහානි,,,,,1.0,6.0,,1.0,,8,,Nuwara Eliya,174.86,286.79,402.72,545.25,616.84,174.86,7.0,NASA POWER PRECTOTCORR / MERRA-2,ok
7.08009,80.672055,2025-11-27,2025-11-27,2025-11-27,1,parsed_single,2025-11-27 00:00:00,,2025-12-29,2025-12-29 00:00:00,Nuwara Eliya,කොත්මලේ නැගෙනහිර ප්රා.ලේ.කො,කටුකිතුල,HR2,HR2,,NBRI/NE/KTD[East]/2025/KLKT/19),NBRI/NE/KTD[East]/2025/KLKT/19),474 ඊ,House / නිවාස,Landslide / නායයෑම්,Resettle / නැවත පදිංචිකිරීම,Partially / අර්ධහානි,,,,,11.0,6.0,,8.0,,25,,Nuwara Eliya,174.86,286.79,402.72,545.25,616.84,174.86,7.0,NASA POWER PRECTOTCORR / MERRA-2,ok
7.047205,80.706805,2025-11-27,2025-11-27,2025-11-27,1,parsed_single,2025-11-27 00:00:00,,2025-12-29,2025-12-29 00:00:00,Nuwara Eliya,කොත්මලේ නැගෙනහිර ප්රා.ලේ.කො,වෙදමුල්ල,HR2,HR2,,NBRI/NE/KTD[East]/2025/DMCP/40),NBRI/NE/KTD[East]/2025/DMCP/40),474 - එල්,House / නිවාස,Slope failures / බැවුම් අස්ථාවරවීම්,Resettle / නැවත පදිංචිකිරීම,Partially / අර්ධහානි,,,,,4.0,26.0,,5.0,,35,,Nuwara Eliya,174.86,286.79,402.72,545.25,616.84,174.86,7.0,NASA POWER PRECTOTCORR / MERRA-2,ok
7.075766,80.674108,2025-11-27,2025-11-27,2025-11-27,1,parsed_single,2025-11-27 00:00:00,23.27,2025-12-29,2025-12-29 00:00:00,Nuwara Eliya,කොත්මලේ නැගෙනහිර ප්රා.ලේ.කො,කරගස්තලාව,HR2,HR2,,NBRI/NE/KTD[East]/2025/KLKT/15),NBRI/NE/KTD[East]/2025/KLKT/15),474 ඒ,House / නිවාස,Slope failures / බැවුම් අස්ථාවරවීම්,Resettle / නැවත පදිංචිකිරීම,Partially / අර්ධහානි,,,,,1.0,1.0,,,,2,,Nuwara Eliya,174.86,286.79,402.72,545.25,616.84,174.86,7.0,NASA POWER PRECTOTCORR / MERRA-2,ok
7.018127,80.669205,2025-12-27,2025-12-27,2025-12-27,1,parsed_single,2025-12-27 00:00:00,රාත්‍රී 11.00 – 12.00,2025-12-25,2025-12-25 00:00:00,Nuwara Eliya,කොත්මලේ නැගෙනහිර ප්රා.ලේ.කො,උතුරු පූඩළුඔය,HR2,HR2,,NBRI/NE/KTD[East]/2025/KLKT/13),NBRI/NE/KTD[East]/2025/KLKT/13),468,House / නිවාස,Landslide / නායයෑම්,Resettle / නැවත පදිංචිකිරීම,Partially / අර්ධහානි,,,,,16.0,8.0,,4.0,,28,,Nuwara Eliya,0.27,1.6800000000000002,10.049999999999999,78.25999999999998,397.33000000000004,4.59,3.0,NASA POWER PRECTOTCORR / MERRA-2,ok
7.066831,80.676784,2025-11-27,2025-11-27,2025-11-27,1,parsed_single,2025-11-27 00:00:00,ප.ව.9.05,2025-12-24,2025-12-24 00:00:00,Nuwara Eliya,කොත්මලේ නැගෙනහිර ප්රා.ලේ.කො,සංගිලිපාලම,HR2,HR2,,NBRI/NE/KTD[East]/2025/KLKT/12,NBRI/NE/KTD[East]/2025/KLKT/12,,House / නිවාස,Slope failures / බැවුම් අස්ථාවරවීම්,Resettle / නැවත පදිංචිකිරීම,Partially / අර්ධහානි,,,,,1.0,4.0,,,,5,,Nuwara Eliya,174.86,286.79,402.72,545.25,616.84,174.86,7.0,NASA POWER PRECTOTCORR / MERRA-2,ok
7.122612,80.740528,2025-11-27,2025-11-27,2025-11-27,1,parsed_single,2025.11.27,,2026-05-24,2026.05.24,Nuwara Eliya,හඟුරන්කෙත ප්රා.ලේ.කො,දාරාඔය,HR2,HR2,,NBRI/NE/HKD/2026/LSG/31),NBRI/NE/HKD/2026/LSG/31),499/සී,House / නිවාස,Other / වෙනත් (වෙනත් කරුණු යටතේ සදහන් කරන්න),Resettle / නැවත පදිංචිකිරීම,Partially / අර්ධහානි,,අසංතතික ස්ථායිකරණය,,,4.0,1.0,,11.0,,16,,Nuwara Eliya,174.86,286.79,402.72,545.25,616.84,174.86,7.0,NASA POWER PRECTOTCORR / MERRA-2,ok
7.141956,80.777107,2025-11-27,2025-11-27,2025-11-27,1,parsed_single,2025.11.27,,2026-07-15,2026.07.15,Nuwara Eliya,හඟුරන්කෙත ප්රා.ලේ.කො,රිකිල්ලගස්කඩ,HR2,HR2,,NBRI/NE/HKD/2026/KATD/48),NBRI/NE/HKD/2026/KATD/48),492/ඒ,House / නිවාස,Slope failures / බැවුම් අස්ථාවරවීම්,Resettle / නැවත පදිංචිකිරීම,Partially / අර්ධහානි,,,,,1.0,1.0,,4.0,,6,,Nuwara Eliya,174.86,286.79,402.72,545.25,616.84,174.86,7.0,NASA POWER PRECTOTCORR / MERRA-2,ok
7.063928,80.63409,2025-11-27,2025-11-27,2025-11-27,1,parsed_single,2025-11-27 00:00:00,,2026-01-06,2026-01-06 00:00:00,Nuwara Eliya,කොත්මලේ නැගෙනහිර ප්රා.ලේ.කො,මාස්වෙල,HR2,HR2,,NBRI/NE/KTD[East]/2025/LY/35),NBRI/NE/KTD[East]/2025/LY/35),,House / නිවාස,Slope failures / බැවුම් අස්ථාවරවීම්,Resettle / නැවත පදිංචිකිරීම,Partially / අර්ධහානි,,,,,1.0,1.0,,3.0,,5,,Nuwara Eliya,174.86,286.79,402.72,545.25,616.84,174.86,7.0,NASA POWER PRECTOTCORR / MERRA-2,ok
7.081681,80.669244,2025-11-27,2025-11-27,2025-11-29,2,parsed_range,2025.11.27 රාත්‍රී සිට 2025.11.29 තෙක්,,2026-01-07,2026-01-07 00:00:00,Nuwara Eliya,කොත්මලේ නැගෙනහිර ප්රා.ලේ.කො,කටුකිතුල,HR2,HR2,,NBRI/NE/KTD[East]/2026/IC/07),NBRI/NE/KTD[East]/2026/IC/07),474 ඊ,House / නිවාස,Landslide / නායයෑම්,Resettle / නැවත පදිංචිකිරීම,Partially / අර්ධහානි,,,,,5.0,4.0,,12.0,,21,,Nuwara Eliya,174.86,286.79,402.72,545.25,616.84,174.86,7.0,NASA POWER PRECTOTCORR / MERRA-2,ok
7.071731,80.644118,2025-11-27,2025-11-27,2025-11-27,1,parsed_single,2025-11-27 00:00:00,,2026-01-06,2026-01-06 00:00:00,Nuwara Eliya,කොත්මලේ නැගෙනහිර ප්රා.ලේ.කො,මාවෙල නැගෙනහිර,HR2,HR2,,NBRI/NE/KTD[East]/2025/LY/36),NBRI/NE/KTD[East]/2025/LY/36),456,House / නිවාස,Landslide / නායයෑම්,Resettle / නැවත පදිංචිකිරීම,Partially / අර්ධහානි,,,,,1.0,,,4.0,,5,,Nuwara Eliya,174.86,286.79,402.72,545.25,616.84,174.86,7.0,NASA POWER PRECTOTCORR / MERRA-2,ok
7.06647,80.674209,2025-11-27,2025-11-27,2025-11-27,1,parsed_single,2025-11-27 00:00:00,,2026-01-06,2026-01-06 00:00:00,Nuwara Eliya,කොත්මලේ නැගෙනහිර ප්රා.ලේ.කො,පනම්ගම්මන,HR2,HR2,,NBRI/NE/KTD[East]/2025/KLKT/38),NBRI/NE/KTD[East]/2025/KLKT/38),,House / නිවාස,Slope failures / බැවුම් අස්ථාවරවීම්,Resettle / නැවත පදිංචිකිරීම,Partially / අර්ධහානි,,,,,1.0,1.0,,3.0,,5,,Nuwara Eliya,174.86,286.79,402.72,545.25,616.84,174.86,7.0,NASA POWER PRECTOTCORR / MERRA-2,ok
7.01807,80.914153,2025-11-27,2025-11-27,2025-11-27,1,parsed_single,2025.11.27,,2026-01-03,2026.01.03,Nuwara Eliya,නිල්දණ්ඩහින්න ප්රා.ලේ.කො,වතුලන්ද නැගෙනහිර,HR2,HR2,,NBRI/NE/WLD[Nildandahinna]/2025/SMK/74,NBRI/NE/WLD[Nildandahinna]/2025/SMK/74,,House / නිවාස,Slope failures / බැවුම් අස්ථාවරවීම්,Resettle / නැවත පදිංචිකිරීම,Partially / අර්ධහානි,,,,,2.0,,,3.0,1.0,6,,Nuwara Eliya,174.86,286.79,402.72,545.25,616.84,174.86,7.0,NASA POWER PRECTOTCORR / MERRA-2,ok
7.071185,80.672634,2025-11-27,2025-11-27,2025-11-27,1,parsed_single,2025-11-27 00:00:00,,2026-01-02,2026-01-02 00:00:00,Nuwara Eliya,කොත්මලේ නැගෙනහිර ප්රා.ලේ.කො,පනම්ගම්මන,HR2,HR2,,NBRI/NE/KTD[East]/2026/KLKT/62),NBRI/NE/KTD[East]/2026/KLKT/62),473,House / නිවාස,Slope failures / බැවුම් අස්ථාවරවීම්,Resettle / නැවත පදිංචිකිරීම,Partially / අර්ධහානි,,,,,1.0,,,2.0,,3,,Nuwara Eliya,174.86,286.79,402.72,545.25,616.84,174.86,7.0,NASA POWER PRECTOTCORR / MERRA-2,ok
7.105461,80.923034,2025-11-27,2025-11-27,2025-11-27,1,parsed_single,2025.11.27,,2026-01-01,2026.01.01,Nuwara Eliya,නිල්දණ්ඩහින්න ප්රා.ලේ.කො,උඩුමාදුර උතුර 518 බී,HR2,HR2,,NBRI/NE/WLD[Nildandahinna]/2025/SMK/සං‍ශෝධන/64 (ii),NBRI/NE/WLD[Nildandahinna]/2025/SMK/සං‍ශෝධන/64 (ii),,House / නිවාස,Slope failures / බැවුම් අස්ථාවරවීම්,Resettle / නැවත පදිංචිකිරීම,Partially / අර්ධහානි,,ගල් පෙරලීම්,,,1.0,,,2.0,,3,,Nuwara Eliya,174.86,286.79,402.72,545.25,616.84,174.86,7.0,NASA POWER PRECTOTCORR / MERRA-2,ok
7.076688,80.637771,2025-11-27,2025-11-27,2025-11-27,1,parsed_single,2025-11-27 00:00:00,,2026-01-18,2026-01-18 00:00:00,Nuwara Eliya,කොත්මලේ නැගෙනහිර ප්රා.ලේ.කො,මාවෙල බටහිර,HR2,HR2,,NBRI/NE/KTD[East]/2026/KLKT/67),NBRI/NE/KTD[East]/2026/KLKT/67),,House / නිවාස,Slope failures / බැවුම් අස්ථාවරවීම්,Resettle / නැවත පදිංචිකිරීම,Partially / අර්ධහානි,,,,,2.0,2.0,,3.0,,7,,Nuwara Eliya,174.86,286.79,402.72,545.25,616.84,174.86,7.0,NASA POWER PRECTOTCORR / MERRA-2,ok
7.075659,80.637564,2025-11-27,2025-11-27,2025-11-27,1,parsed_single,2025-11-27 00:00:00,,2026-01-18,2026.01.18,Nuwara Eliya,කොත්මලේ නැගෙනහිර ප්රා.ලේ.කො,මාවෙල බටහිර,HR2,HR2,,NBRI/NE/KTD[East]/2026/KLKT/97),NBRI/NE/KTD[East]/2026/KLKT/97),,House / නිවාස,Rock fall / ගල් පෙරලීම්,Resettle / නැවත පදිංචිකිරීම,Partially / අර්ධහානි,,,,,4.0,,,,,4,,Nuwara Eliya,174.86,286.79,402.72,545.25,616.84,174.86,7.0,NASA POWER PRECTOTCORR / MERRA-2,ok
7.016737,80.896676,2025-11-26,2025-11-26,2025-11-26,1,parsed_single,2025.11.26,,2025-12-26,2025.12.26,Nuwara Eliya,නිල්දණ්ඩහින්න ප්රා.ලේ.කො,උඩුපුස්සැල්ලාව,HR2,HR2,,NBRI/NE/WLD[Nildandahinna]/2025/DMCP/සංශෝධන/39(II),NBRI/NE/WLD[Nildandahinna]/2025/DMCP/සංශෝධන/39(II),533 එච්,House / නිවාස,Rock fall / ගල් පෙරලීම්,Resettle / නැවත පදිංචිකිරීම,Partially / අර්ධහානි,,,,,2.0,8.0,,1.0,18.0,29,,Nuwara Eliya,82.58,168.03,233.01,381.89000000000004,442.44,82.58,7.0,NASA POWER PRECTOTCORR / MERRA-2,ok
7.04687,80.916963,2025-11-27,2025-11-27,2025-11-27,1,parsed_single,2025.11.27,රාත්‍රිය,2025-12-25,2025.12.25,Nuwara Eliya,නිල්දණ්ඩහින්න ප්රා.ලේ.කො,මඩුල්ල දකුණ,HR2,HR2,,NBRI/NE/WLD (Niladandahinna) /2025/DMCP/33,NBRI/NE/WLD (Niladandahinna) /2025/DMCP/33,527/A,House / නිවාස,Landslide / නායයෑම්,Resettle / නැවත පදිංචිකිරීම,Partially / අර්ධහානි,,,,,2.0,20.0,,2.0,,24,,Nuwara Eliya,174.86,286.79,402.72,545.25,616.84,174.86,7.0,NASA POWER PRECTOTCORR / MERRA-2,ok
7.092897,80.695847,2025-11-27,2025-11-27,2025-11-27,1,parsed_single,2025.11.27,,2026-04-20,2026.04.20,Nuwara Eliya,කොත්මලේ නැගෙනහිර ප්රා.ලේ.කො,කරගස්තලාව,HR2,HR2,,NBRI/NE/KTD[East]/2026/DSDD/255),NBRI/NE/KTD[East]/2026/DSDD/255),474/ඒ,House / නිවාස,Other / වෙනත් (වෙනත් කරුණු යටතේ සදහන් කරන්න),Resettle / නැවත පදිංචිකිරීම,Partially / අර්ධහානි,,ගලනය වන මාවතේ නිවාස පිහිටා තිබීම,,,1.0,3.0,,3.0,,7,,Nuwara Eliya,174.86,286.79,402.72,545.25,616.84,174.86,7.0,NASA POWER PRECTOTCORR / MERRA-2,ok
7.080501,80.908902,2025-11-26,2025-11-26,2025-11-26,1,parsed_single,2025.11.26,,2025-12-26,2025.12.26,Nuwara Eliya,නිල්දණ්ඩහින්න ප්රා.ලේ.කො,අඹන්ඇල්ල,HR2,HR2,,NBRI/NE/WLD[Nildandahinna]2025/PTG/94,NBRI/NE/WLD[Nildandahinna]2025/PTG/94,523,House / නිවාස,Other / වෙනත් (වෙනත් කරුණු යටතේ සදහන් කරන්න),Resettle / නැවත පදිංචිකිරීම,Partially / අර්ධහානි,,ගිලා බැසීම්,,,3.0,,,7.0,,10,,Nuwara Eliya,82.58,168.03,233.01,381.89000000000004,442.44,82.58,7.0,NASA POWER PRECTOTCORR / MERRA-2,ok
6.984242,80.86104,2025-11-27,2025-11-27,2025-11-27,1,parsed_single,2025.11.27,,2026-01-05,2026.01.05,Nuwara Eliya,නිල්දණ්ඩහින්න ප්රා.ලේ.කො,ඩෙල්මාර්,HR2,HR2,,NBRI/NE/WLD[Nildandahinna]/2025/PTG/136,NBRI/NE/WLD[Nildandahinna]/2025/PTG/136,533එල්,House / නිවාස,Slope failures / බැවුම් අස්ථාවරවීම්,Resettle / නැවත පදිංචිකිරීම,Partially / අර්ධහානි,,,,,3.0,2.0,,3.0,,8,,Nuwara Eliya,174.86,286.79,402.72,545.25,616.84,174.86,7.0,NASA POWER PRECTOTCORR / MERRA-2,ok
7.079395,80.899067,2025-11-27,2025-11-27,2025-11-27,1,parsed_single,2025-11-27 00:00:00,,2026-01-12,2026-01-12 00:00:00,Nuwara Eliya,නිල්දණ්ඩහින්න ප්රා.ලේ.කො,දබ්බරේ,HR2,HR2,,NBRI/NE/WLD[Nildandahinna]/2026/SMK/79),NBRI/NE/WLD[Nildandahinna]/2026/SMK/79),524 ඩී,House / නිවාස,"Rock fall / ගල් පෙරලීම්, Slope failures / බැවුම් අස්ථාවරවීම්",Resettle / නැවත පදිංචිකිරීම,Partially / අර්ධහානි,,,,,1.0,2.0,,29.0,,32,,Nuwara Eliya,174.86,286.79,402.72,545.25,616.84,174.86,7.0,NASA POWER PRECTOTCORR / MERRA-2,ok
7.007259,80.904409,2025-11-26,2025-11-26,2025-11-26,1,parsed_single,2025-11-26 00:00:00,,2026-01-15,2026-01-15 00:00:00,Nuwara Eliya,නිල්දණ්ඩහින්න ප්රා.ලේ.කො,උඩුපුස්සැල්ලාව උතුර,HR2,HR2,,NBRI/NE/WLD[Nildandahinna]/2026/DSDD/74),NBRI/NE/WLD[Nildandahinna]/2026/DSDD/74),533ඩී,House / නිවාස,Slope failures / බැවුම් අස්ථාවරවීම්,Resettle / නැවත පදිංචිකිරීම,Partially / අර්ධහානි,,ගල් පෙරලීම්,,,2.0,14.0,,,,16,,Nuwara Eliya,82.58,168.03,233.01,381.89000000000004,442.44,82.58,7.0,NASA POWER PRECTOTCORR / MERRA-2,ok
7.031478,80.662045,2025-11-28,2025-11-28,2025-11-28,1,parsed_single,2025.11.28,,2026-05-10,2026.05.10,Nuwara Eliya,කොත්මලේ නැගෙනහිර ප්රා.ලේ.කො,මැදකන්ද,HR2,HR2,,NBRI/NE/KTD[East]/2026/DSDD/296),NBRI/NE/KTD[East]/2026/DSDD/296),469/සී,House / නිවාස,Other / වෙනත් (වෙනත් කරුණු යටතේ සදහන් කරන්න),Resettle / නැවත පදිංචිකිරීම,Partially / අර්ධහානි,0.0,"බෑවුම් අස්ථාවරතා ,ආතති පැලුම් ,ගල් පෙරලිම",,,1.0,1.0,,6.0,,8,,Nuwara Eliya,64.6,322.03999999999996,457.49,601.37,680.32,174.86,7.0,NASA POWER PRECTOTCORR / MERRA-2,ok
7.017761,80.672813,2025-11-27,2025-11-27,2025-11-27,1,parsed_single,2025.11.27,,2026-05-13,2026.05.13,Nuwara Eliya,කොත්මලේ නැගෙනහිර ප්රා.ලේ.කො,උතුරු පූඩළුඔය,HR2,HR2,,NBRI/NE/KTD[East]/2026/LY/158),NBRI/NE/KTD[East]/2026/LY/158),,House / නිවාස,Slope failures / බැවුම් අස්ථාවරවීම්,Resettle / නැවත පදිංචිකිරීම,Partially / අර්ධහානි,0.0,,,,2.0,,,,,2,,Nuwara Eliya,174.86,286.79,402.72,545.25,616.84,174.86,7.0,NASA POWER PRECTOTCORR / MERRA-2,ok
7.107091,80.894113,2025-11-27,2025-11-27,2025-11-27,1,parsed_single,2025-11-27 00:00:00,,2026-01-19,2026-01-19 00:00:00,Nuwara Eliya,නිල්දණ්ඩහින්න ප්රා.ලේ.කො,ඇල්ලේකුඹුර,HR2,HR2,,NBRI/NE/WLD[Nildandahinna]/2026 /PTG/163),NBRI/NE/WLD[Nildandahinna]/2026 /PTG/163),,House / නිවාස,Rock fall / ගල් පෙරලීම්,Resettle / නැවත පදිංචිකිරීම,Partially / අර්ධහානි,,,,,1.0,,,5.0,,6,,Nuwara Eliya,174.86,286.79,402.72,545.25,616.84,174.86,7.0,NASA POWER PRECTOTCORR / MERRA-2,ok
7.020201,80.6476,2025-11-27,2025-11-27,2025-11-28,2,parsed_range,2025.11.27 – 2025.11.28,,2026-06-16,2026.06.16,Nuwara Eliya,කොත්මලේ නැගෙනහිර ප්රා.ලේ.කො,බෝගහවෙල,HR2,HR2,,NBRI/NE/KTD[East]/2026/VKG/96),NBRI/NE/KTD[East]/2026/VKG/96),468/ඩී,House / නිවාස,Other / වෙනත් (වෙනත් කරුණු යටතේ සදහන් කරන්න),Resettle / නැවත පදිංචිකිරීම,Partially / අර්ධහානි,0.0,බෑවුම් අස්ථාවරවීමේ අවධානම,,,1.0,1.0,,6.0,1.0,9,,Nuwara Eliya,174.86,286.79,402.72,545.25,616.84,174.86,7.0,NASA POWER PRECTOTCORR / MERRA-2,ok
6.894948,80.746968,2025-11-27,2025-11-27,2025-11-27,1,parsed_single,2025.11.27 සහ ඊට පෙර සිටම,,2026-07-05,2026.07.05,Nuwara Eliya,තලවකැලේ ප්රා.ලේ.කො,ලිපකැලේ,HR3,HR3,,NBRI/NE/NED[Thalawakele]/2026/VKG/99),NBRI/NE/NED[Thalawakele]/2026/VKG/99),,House / නිවාස,Other / වෙනත් (වෙනත් කරුණු යටතේ සදහන් කරන්න),Resettle / නැවත පදිංචිකිරීම,Minor or No Damages / සුළුහානි හෝ හානි නොමැති,,නායයෑමක සුන්බුන් ගලනයක් මගින් හානි සිදුවීම,,,,11.0,,,,11,,Nuwara Eliya,174.86,286.79,402.72,545.25,616.84,174.86,7.0,NASA POWER PRECTOTCORR / MERRA-2,ok
6.960145,80.641481,2025-11-27,2025-11-27,2025-11-27,1,parsed_single,2025.11.27,,2026-07-08,2026.07.08,Nuwara Eliya,තලවකැලේ ප්රා.ලේ.කො,වටගොඩ,HR3,HR3,,NBRI/NE/NED[Thalawakele]/2026/KATD/38),NBRI/NE/NED[Thalawakele]/2026/KATD/38),,House / නිවාස,Slope failures / බැවුම් අස්ථාවරවීම්,Resettle / නැවත පදිංචිකිරීම,Minor or No Damages / සුළුහානි හෝ හානි නොමැති,,,,,,3.0,,5.0,,8,,Nuwara Eliya,174.86,286.79,402.72,545.25,616.84,174.86,7.0,NASA POWER PRECTOTCORR / MERRA-2,ok
6.938664,80.536881,2025-11-27,2025-11-27,2025-11-27,1,parsed_single,2025.11.27,,2026-01-26,2026.01.26,Nuwara Eliya,අඹගමුව ප්රා.ලේ.කො,වටවල,HR3,HR3,,NBRI/NE/ABD/2026/PTG/206),NBRI/NE/ABD/2026/PTG/206),,House / නිවාස,Slope failures / බැවුම් අස්ථාවරවීම්,Resettle / නැවත පදිංචිකිරීම,Minor or No Damages / සුළුහානි හෝ හානි නොමැති,,,,,,1.0,,3.0,,4,,Nuwara Eliya,174.86,286.79,402.72,545.25,616.84,174.86,7.0,NASA POWER PRECTOTCORR / MERRA-2,ok
6.975721,80.662346,2025-11-27,2025-11-27,2025-11-27,1,parsed_single,2025.11.27,,2026-02-17,2026.02.17,Nuwara Eliya,අඹගමුව ප්රා.ලේ.කො,දගම්පිටිය,HR3,HR3,,NBRI/NE/ABD/2026/VK/20),NBRI/NE/ABD/2026/VK/20),316 එෆ්,House / නිවාස,Slope failures / බැවුම් අස්ථාවරවීම්,Resettle / නැවත පදිංචිකිරීම,Minor or No Damages / සුළුහානි හෝ හානි නොමැති,,,,,,2.0,,,,2,,Nuwara Eliya,174.86,286.79,402.72,545.25,616.84,174.86,7.0,NASA POWER PRECTOTCORR / MERRA-2,ok
6.922192,80.51605,2025-11-27,2025-11-27,2025-11-27,1,parsed_single,2025.11.27,,2026-04-20,2026.04.20,Nuwara Eliya,අඹගමුව ප්රා.ලේ.කො,විදුලිපුර උතුර,HR3,HR3,,NBRI/NE/ABD/2026/VKG/41,NBRI/NE/ABD/2026/VKG/41,315/ඩී,House / නිවාස,Slope failures / බැවුම් අස්ථාවරවීම්,Resettle / නැවත පදිංචිකිරීම,Minor or No Damages / සුළුහානි හෝ හානි නොමැති,,,,,,2.0,,1.0,,3,,Nuwara Eliya,174.86,286.79,402.72,545.25,616.84,174.86,7.0,NASA POWER PRECTOTCORR / MERRA-2,ok
7.081377,80.779915,2025-11-28,2025-11-28,2025-11-28,1,parsed_single,2025-11-28 00:00:00,,2025-12-12,2025-12-12 00:00:00,Nuwara Eliya,මතුරට ප්රා.ලේ.කො,රත්යාය,HR3,HR3,,NBRI/NE/HKD[Mathurata]/2025/DMCP/13 -Rev,NBRI/NE/HKD[Mathurata]/2025/DMCP/13 -Rev,,House / නිවාස,Landslide / නායයෑම්,Resettle / නැවත පදිංචිකිරීම,Minor or No Damages / සුළුහානි හෝ හානි නොමැති,,,,,,17.0,,,,17,,Nuwara Eliya,64.6,322.03999999999996,457.49,601.37,680.32,174.86,7.0,NASA POWER PRECTOTCORR / MERRA-2,ok
6.945386,80.543395,2026-08-03,2026-08-03,2026-08-03,1,parsed_single,2026.08.03,,2026-08-07,2026.08.07,Nuwara Eliya,අඹගමුව ප්රා.ලේ.කො,වටවල,HR3,HR3,,NBRI/NE/ABD/2026/LSG/68),NBRI/NE/ABD/2026/LSG/68),320/ එෆ්,House / නිවාස,Other / වෙනත් (වෙනත් කරුණු යටතේ සදහන් කරන්න),Resettle / නැවත පදිංචිකිරීම,Minor or No Damages / සුළුහානි හෝ හානි නොමැති,,සුන්බුන් ගලන මාර්ගය,,,,3.0,,13.0,,16,,Nuwara Eliya,34.43,57.19,70.59,73.72,97.5,34.43,7.0,NASA POWER PRECTOTCORR / MERRA-2,ok
7.082881,80.7854,2025-11-27,2025-11-27,2025-11-27,1,parsed_single,2025-11-27 00:00:00,,2025-12-12,2025-12-12 00:00:00,Nuwara Eliya,මතුරට ප්රා.ලේ.කො,මාර්තුවෙල,HR3,HR3,,NBRI/NE/HKD[Mathurata]/2025/DMCP/16 - Rev,NBRI/NE/HKD[Mathurata]/2025/DMCP/16 - Rev,511 B,House / නිවාස,Landslide / නායයෑම්,Resettle / නැවත පදිංචිකිරීම,Minor or No Damages / සුළුහානි හෝ හානි නොමැති,,ගල් පෙරලිම්,,,,8.0,,,,8,,Nuwara Eliya,174.86,286.79,402.72,545.25,616.84,174.86,7.0,NASA POWER PRECTOTCORR / MERRA-2,ok
7.081034,80.794223,2025-11-27,2025-11-27,2025-11-27,1,parsed_single,2025-11-27 00:00:00,8.00 am-9.00 am,2025-12-09,2025-12-09 00:00:00,Nuwara Eliya,මතුරට ප්රා.ලේ.කො,වැල්ලගිරිය,HR3,HR3,,NBRI/NE/HKD[Mathurata]/2025/PTG/23 - Rev,NBRI/NE/HKD[Mathurata]/2025/PTG/23 - Rev,,House / නිවාස,Slope failures / බැවුම් අස්ථාවරවීම්,Resettle / නැවත පදිංචිකිරීම,Minor or No Damages / සුළුහානි හෝ හානි නොමැති,,,,,,4.0,,,,4,,Nuwara Eliya,174.86,286.79,402.72,545.25,616.84,174.86,7.0,NASA POWER PRECTOTCORR / MERRA-2,ok
7.060298,80.786575,2025-11-27,2025-11-27,2025-11-27,1,parsed_single,2025-11-27 00:00:00,,2025-12-10,2025-12-10 00:00:00,Nuwara Eliya,මතුරට ප්රා.ලේ.කො,ලබුහේන් වෙල - මැටිබැමිය,HR3,HR3,,NBRI/NE/HKD[Mathurata]/2025/PTG/24 -Rev,NBRI/NE/HKD[Mathurata]/2025/PTG/24 -Rev,,House / නිවාස,Slope failures / බැවුම් අස්ථාවරවීම්,Resettle / නැවත පදිංචිකිරීම,Minor or No Damages / සුළුහානි හෝ හානි නොමැති,,ගල් පෙරලිම්,,,,2.0,,13.0,,15,,Nuwara Eliya,174.86,286.79,402.72,545.25,616.84,174.86,7.0,NASA POWER PRECTOTCORR / MERRA-2,ok
7.056346,80.780325,2025-11-27,2025-11-27,2025-11-27,1,parsed_single,2025-11-27 00:00:00,,2025-12-10,2025-12-10 00:00:00,Nuwara Eliya,මතුරට ප්රා.ලේ.කො,ලබුහේන්වල,HR3,HR3,,NBRI/NE/HKD[Mathurata]/2025/PTG/25 -Rev,NBRI/NE/HKD[Mathurata]/2025/PTG/25 -Rev,,House / නිවාස,Other / වෙනත් (වෙනත් කරුණු යටතේ සදහන් කරන්න),Resettle / නැවත පදිංචිකිරීම,Minor or No Damages / සුළුහානි හෝ හානි නොමැති,,,,,,8.0,,3.0,,11,,Nuwara Eliya,174.86,286.79,402.72,545.25,616.84,174.86,7.0,NASA POWER PRECTOTCORR / MERRA-2,ok
7.055483,80.787835,2025-11-27,2025-11-27,2025-11-27,1,parsed_single,2025-11-27 00:00:00,,2025-12-10,2025-12-10 00:00:00,Nuwara Eliya,මතුරට ප්රා.ලේ.කො,"ලබුහේන්වල , ගුඩ්වුඩ්",HR3,HR3,,NBRI/NE/HKD[Mathurata]/2025/PTG/26 - Rev,NBRI/NE/HKD[Mathurata]/2025/PTG/26 - Rev,,House / නිවාස,Other / වෙනත් (වෙනත් කරුණු යටතේ සදහන් කරන්න),Resettle / නැවත පදිංචිකිරීම,Minor or No Damages / සුළුහානි හෝ හානි නොමැති,,,,,,1.0,,9.0,,10,,Nuwara Eliya,174.86,286.79,402.72,545.25,616.84,174.86,7.0,NASA POWER PRECTOTCORR / MERRA-2,ok
7.057446,80.762382,2025-11-27,2025-11-27,2025-11-27,1,parsed_single,2025.11.27,,2026-01-23,2026.01.23,Nuwara Eliya,මතුරට ප්රා.ලේ.කො,කබරගල,HR3,HR3,,NBRI/NE/HKD[Mathurata]/2026/DSDD/91),NBRI/NE/HKD[Mathurata]/2026/DSDD/91),,House / නිවාස,Rock fall / ගල් පෙරලීම්,Resettle / නැවත පදිංචිකිරීම,Minor or No Damages / සුළුහානි හෝ හානි නොමැති,,,,,,1.0,,3.0,,4,,Nuwara Eliya,174.86,286.79,402.72,545.25,616.84,174.86,7.0,NASA POWER PRECTOTCORR / MERRA-2,ok
7.063734,80.766578,2025-11-27,2025-11-27,2025-11-27,1,parsed_single,2025-11-27 00:00:00,,2026-01-23,2026-01-23 00:00:00,Nuwara Eliya,මතුරට ප්රා.ලේ.කො,කබරගල,HR3,HR3,,NBRI/NE/HKD[Mathurata]/2026/DSDD/90,NBRI/NE/HKD[Mathurata]/2026/DSDD/90,,House / නිවාස,Slope failures / බැවුම් අස්ථාවරවීම්,Resettle / නැවත පදිංචිකිරීම,Minor or No Damages / සුළුහානි හෝ හානි නොමැති,,,,,,6.0,,,,6,,Nuwara Eliya,174.86,286.79,402.72,545.25,616.84,174.86,7.0,NASA POWER PRECTOTCORR / MERRA-2,ok
7.094397,80.79708,2025-11-27,2025-11-27,2025-11-27,1,parsed_single,2025-11-27 00:00:00,,2026-01-11,2026-01-11 00:00:00,Nuwara Eliya,මතුරට ප්රා.ලේ.කො,උඩපදියපැලැල්ල,HR3,HR3,,NBRI/NE/HKD[Mathurata]/2026/KLKT/61),NBRI/NE/HKD[Mathurata]/2026/KLKT/61),,House / නිවාස,Cutting failure / කණ්ඩි අස්ථාවරවීම්,Resettle / නැවත පදිංචිකිරීම,Minor or No Damages / සුළුහානි හෝ හානි නොමැති,,ගල් පෙරලිම්,,,,3.0,,6.0,,9,,Nuwara Eliya,174.86,286.79,402.72,545.25,616.84,174.86,7.0,NASA POWER PRECTOTCORR / MERRA-2,ok
7.062858,80.770739,2025-11-27,2025-11-27,2025-11-27,1,parsed_single,2025-11-27 00:00:00,,2026-01-12,2026-01-12 00:00:00,Nuwara Eliya,මතුරට ප්රා.ලේ.කො,කැටහිර,HR3,HR3,,NBRI/NE/HKD[Mathurata]/2026/LY/49),NBRI/NE/HKD[Mathurata]/2026/LY/49),511එෆ්,House / නිවාස,Landslide / නායයෑම්,Resettle / නැවත පදිංචිකිරීම,Minor or No Damages / සුළුහානි හෝ හානි නොමැති,,,,,,3.0,,4.0,,7,,Nuwara Eliya,174.86,286.79,402.72,545.25,616.84,174.86,7.0,NASA POWER PRECTOTCORR / MERRA-2,ok
7.093806,80.79708,2025-11-27,2025-11-27,2025-11-27,1,parsed_single,2025-11-27 00:00:00,,2026-01-11,2026-01-11 00:00:00,Nuwara Eliya,මතුරට ප්රා.ලේ.කො,උඩපදියපැලැල්ල,HR3,HR3,,NBRI/NE/HKD[Mathurata]/2026/KLKT/60),NBRI/NE/HKD[Mathurata]/2026/KLKT/60),,House / නිවාස,Cutting failure / කණ්ඩි අස්ථාවරවීම්,Resettle / නැවත පදිංචිකිරීම,Minor or No Damages / සුළුහානි හෝ හානි නොමැති,,ගල් පෙරලිම්,,,,3.0,,9.0,,12,,Nuwara Eliya,174.86,286.79,402.72,545.25,616.84,174.86,7.0,NASA POWER PRECTOTCORR / MERRA-2,ok
7.076185,80.783404,2025-11-27,2025-11-27,2025-11-27,1,parsed_single,2025-11-27 00:00:00,,2026-01-20,2026-01-20 00:00:00,Nuwara Eliya,මතුරට ප්රා.ලේ.කො,මානකොළ,HR3,HR3,,NBRI/NE/HKD[Mathurata]/2026/DSDD/80),NBRI/NE/HKD[Mathurata]/2026/DSDD/80),,House / නිවාස,Slope failures / බැවුම් අස්ථාවරවීම්,Resettle / නැවත පදිංචිකිරීම,Minor or No Damages / සුළුහානි හෝ හානි නොමැති,,නිම්න මාර්ගයේ බෑවුම් අස්ථාවරවීම,,,,1.0,,,,1,,Nuwara Eliya,174.86,286.79,402.72,545.25,616.84,174.86,7.0,NASA POWER PRECTOTCORR / MERRA-2,ok
7.03478,80.77967,2025-11-27,2025-11-27,2025-11-27,1,parsed_single,2025.11.27,,2026-01-21,2026.01.21,Nuwara Eliya,මතුරට ප්රා.ලේ.කො,උඩවෙල,HR3,HR3,,NBRI/NE/HKD(Mathurata)/2026/IC/25,NBRI/NE/HKD(Mathurata)/2026/IC/25,512/ ඩී,House / නිවාස,Slope failures / බැවුම් අස්ථාවරවීම්,Resettle / නැවත පදිංචිකිරීම,Minor or No Damages / සුළුහානි හෝ හානි නොමැති,,,,,,2.0,,,,2,,Nuwara Eliya,174.86,286.79,402.72,545.25,616.84,174.86,7.0,NASA POWER PRECTOTCORR / MERRA-2,ok
7.04258,80.78062,2025-11-27,2025-11-27,2025-11-27,1,parsed_single,2025.11.27,,2026-01-21,2026.01.21,Nuwara Eliya,මතුරට ප්රා.ලේ.කො,උඩවෙල,HR3,HR3,,NBRI/NE/HKD(Mathurata)/2026/IC/24,NBRI/NE/HKD(Mathurata)/2026/IC/24,512/ ඩී,House / නිවාස,Other / වෙනත් (වෙනත් කරුණු යටතේ සදහන් කරන්න),Resettle / නැවත පදිංචිකිරීම,Minor or No Damages / සුළුහානි හෝ හානි නොමැති,,සුන්බුන් ගලන මාර්ගය,,,,4.0,,,,4,,Nuwara Eliya,174.86,286.79,402.72,545.25,616.84,174.86,7.0,NASA POWER PRECTOTCORR / MERRA-2,ok
7.000355,80.81843,2025-11-26,2025-11-26,2025-11-28,2,parsed_range,2025.11.26 - 2025.11.28,,2025-11-28,2025-11-28 00:00:00,Nuwara Eliya,නුවරඑළිය ප්රා.ලේ.කො,කොන්කෝඩියා,HR3,HR3,,NBRI/NE/NED/2025/DMCP/34),NBRI/NE/NED/2025/DMCP/34),534 එෆ්,(වෙනත් කරුණු යටතේ සටහන් කරන්න),"Landslide / නායයෑම්, Cutting failure / කණ්ඩි අස්ථාවරවීම්",Resettle / නැවත පදිංචිකිරීම,Minor or No Damages / සුළුහානි හෝ හානි නොමැති,,සහකාර වතු අධිකාරි නිළ නිවස,,,,2.0,,1.0,,3,,Nuwara Eliya,82.58,168.03,233.01,381.89000000000004,442.44,82.58,7.0,NASA POWER PRECTOTCORR / MERRA-2,ok
7.139745,80.8103,2025-11-27,2025-11-27,2025-11-27,1,parsed_single,2025.11.27,,2026-02-10,2026.02.10,Nuwara Eliya,මතුරට ප්රා.ලේ.කො,බෝගමුව,HR3,HR3,,NBRI/NE/HKD[Mathurata]/2026/DSDD/138),NBRI/NE/HKD[Mathurata]/2026/DSDD/138),,House / නිවාස,Landslide / නායයෑම්,Resettle / නැවත පදිංචිකිරීම,Minor or No Damages / සුළුහානි හෝ හානි නොමැති,,,,,,5.0,,7.0,,12,,Nuwara Eliya,174.86,286.79,402.72,545.25,616.84,174.86,7.0,NASA POWER PRECTOTCORR / MERRA-2,ok
7.131072,80.777196,2025-11-27,2025-11-27,2025-11-27,1,parsed_single,2025.11.27,,2026-01-28,2026.01.28,Nuwara Eliya,මතුරට ප්රා.ලේ.කො,උදලුමඩ,HR3,HR3,,NBRI/NE/HKD[Mathurata]/2026/LY/90),NBRI/NE/HKD[Mathurata]/2026/LY/90),482 ඒ,House / නිවාස,Slope failures / බැවුම් අස්ථාවරවීම්,Resettle / නැවත පදිංචිකිරීම,Minor or No Damages / සුළුහානි හෝ හානි නොමැති,,,,,,1.0,,,,1,,Nuwara Eliya,174.86,286.79,402.72,545.25,616.84,174.86,7.0,NASA POWER PRECTOTCORR / MERRA-2,ok
7.140993,80.825511,2025-11-27,2025-11-27,2025-11-27,1,parsed_single,2025.11.27,,2026-02-10,2026.02.10,Nuwara Eliya,මතුරට ප්රා.ලේ.කො,රම්මල කදුර,HR3,HR3,,NBRI/NE/HKD[Mathurata]/2026/DSDD/137),NBRI/NE/HKD[Mathurata]/2026/DSDD/137),,House / නිවාස,Slope failures / බැවුම් අස්ථාවරවීම්,Resettle / නැවත පදිංචිකිරීම,Minor or No Damages / සුළුහානි හෝ හානි නොමැති,,බෑවුම අස්‍ථාවරවීම,,,,2.0,,,,2,,Nuwara Eliya,174.86,286.79,402.72,545.25,616.84,174.86,7.0,NASA POWER PRECTOTCORR / MERRA-2,ok
7.127255,80.795473,2025-11-27,2025-11-27,2025-11-27,1,parsed_single,2025.11.27,,2026-02-14,2026.02.14,Nuwara Eliya,මතුරට ප්රා.ලේ.කො,කළුඅත්තනගොල්ල,HR3,HR3,,NBRI/NE/HKD[Mathurata]/2026/SMK/139),NBRI/NE/HKD[Mathurata]/2026/SMK/139),,House / නිවාස,Other / වෙනත් (වෙනත් කරුණු යටතේ සදහන් කරන්න),Resettle / නැවත පදිංචිකිරීම,Minor or No Damages / සුළුහානි හෝ හානි නොමැති,,ආතති පැලුම්,,,,3.0,,8.0,,11,,Nuwara Eliya,174.86,286.79,402.72,545.25,616.84,174.86,7.0,NASA POWER PRECTOTCORR / MERRA-2,ok
7.05322,80.79046,2025-11-27,2025-11-27,2025-11-27,1,parsed_single,2025.11.27,,2026-02-18,2026.02.18,Nuwara Eliya,මතුරට ප්රා.ලේ.කො,ගුඩ්වුඩ්,HR3,HR3,,NBRI/NE/HKD[Mathurata]/2026/DSDD/159),NBRI/NE/HKD[Mathurata]/2026/DSDD/159),,House / නිවාස,Rock fall / ගල් පෙරලීම්,Resettle / නැවත පදිංචිකිරීම,Minor or No Damages / සුළුහානි හෝ හානි නොමැති,,,,,,2.0,,,,2,,Nuwara Eliya,174.86,286.79,402.72,545.25,616.84,174.86,7.0,NASA POWER PRECTOTCORR / MERRA-2,ok
7.119208,80.791394,2025-11-27,2025-11-27,2025-11-27,1,parsed_single,2025.11.27,,2026-02-18,2026.02.18,Nuwara Eliya,මතුරට ප්රා.ලේ.කො,දෙහිපේ,HR3,HR3,,NBRI/NE/HKD[Mathurata]/2026/DSDD/162),NBRI/NE/HKD[Mathurata]/2026/DSDD/162),,House / නිවාස,Other / වෙනත් (වෙනත් කරුණු යටතේ සදහන් කරන්න),Resettle / නැවත පදිංචිකිරීම,Minor or No Damages / සුළුහානි හෝ හානි නොමැති,,,,,,1.0,,2.0,,3,,Nuwara Eliya,174.86,286.79,402.72,545.25,616.84,174.86,7.0,NASA POWER PRECTOTCORR / MERRA-2,ok
7.081536,80.794,2025-11-27,2025-11-27,2025-11-27,1,parsed_single,2025.11.27,,2026-03-05,2026.03.05,Nuwara Eliya,මතුරට ප්රා.ලේ.කො,වැල්ලගිරිය,HR3,HR3,,NBRI/NE/HKD[Mathurata]/2026/DSDD/197),NBRI/NE/HKD[Mathurata]/2026/DSDD/197),512,House / නිවාස,Other / වෙනත් (වෙනත් කරුණු යටතේ සදහන් කරන්න),Resettle / නැවත පදිංචිකිරීම,Minor or No Damages / සුළුහානි හෝ හානි නොමැති,,නායයෑමක සුන්බුන් ගලනය,,,,1.0,,6.0,,7,,Nuwara Eliya,174.86,286.79,402.72,545.25,616.84,174.86,7.0,NASA POWER PRECTOTCORR / MERRA-2,ok
7.131013,80.784547,2025-11-27,2025-11-27,2025-11-27,1,parsed_single,2025.11.27,,2026-03-09,2026.03.09,Nuwara Eliya,මතුරට ප්රා.ලේ.කො,උදලුමඩ,HR3,HR3,,NBRI/NE/HKD[Mathurata]/2026/WGMSS/25),NBRI/NE/HKD[Mathurata]/2026/WGMSS/25),482/ඒ,House / නිවාස,"Cutting failure / කණ්ඩි අස්ථාවරවීම්, Rock fall / ගල් පෙරලීම්",Resettle / නැවත පදිංචිකිරීම,Minor or No Damages / සුළුහානි හෝ හානි නොමැති,,,,,,1.0,,,,1,,Nuwara Eliya,174.86,286.79,402.72,545.25,616.84,174.86,7.0,NASA POWER PRECTOTCORR / MERRA-2,ok
7.141152,80.785306,2025-11-27,2025-11-27,2025-11-27,1,parsed_single,2025.11.27,,2026-03-05,2026.03.05,Nuwara Eliya,මතුරට ප්රා.ලේ.කො,දෙණිකේ,HR3,HR3,,NBRI/NE/HKD[Mathurata]2026/DSDD/199),NBRI/NE/HKD[Mathurata]2026/DSDD/199),,House / නිවාස,Slope failures / බැවුම් අස්ථාවරවීම්,Resettle / නැවත පදිංචිකිරීම,Minor or No Damages / සුළුහානි හෝ හානි නොමැති,,,,,,1.0,,3.0,,4,,Nuwara Eliya,174.86,286.79,402.72,545.25,616.84,174.86,7.0,NASA POWER PRECTOTCORR / MERRA-2,ok
7.082684,80.781387,2025-11-28,2025-11-28,2025-11-28,1,parsed_single,2025.11.28,,2025-12-22,2025.12.22,Nuwara Eliya,මතුරට ප්රා.ලේ.කො,රත්යාය,HR3,HR3,,NBRI/NE/HKD[Mathurata]/2026/DMCP/127),NBRI/NE/HKD[Mathurata]/2026/DMCP/127),,House / නිවාස,Slope failures / බැවුම් අස්ථාවරවීම්,Resettle / නැවත පදිංචිකිරීම,Minor or No Damages / සුළුහානි හෝ හානි නොමැති,,,,,,7.0,,6.0,,13,,Nuwara Eliya,64.6,322.03999999999996,457.49,601.37,680.32,174.86,7.0,NASA POWER PRECTOTCORR / MERRA-2,ok
7.075625,80.778592,2025-11-27,2025-11-27,2025-11-27,1,parsed_single,2025.11.27,,2025-12-22,2025.12.22,Nuwara Eliya,මතුරට ප්රා.ලේ.කො,ගොඩිගමුව,HR3,HR3,,NBRI/NE/HKD[Mathurata]/2026/DMCP/සංශෝධනය/132),NBRI/NE/HKD[Mathurata]/2026/DMCP/සංශෝධනය/132),,House / නිවාස,Slope failures / බැවුම් අස්ථාවරවීම්,Resettle / නැවත පදිංචිකිරීම,Minor or No Damages / සුළුහානි හෝ හානි නොමැති,,,,,,1.0,,15.0,,16,,Nuwara Eliya,174.86,286.79,402.72,545.25,616.84,174.86,7.0,NASA POWER PRECTOTCORR / MERRA-2,ok
7.081666,80.779317,2025-11-27,2025-11-27,2025-11-27,1,parsed_single,2025.11.27,,2025-12-22,2025.12.22,Nuwara Eliya,මතුරට ප්රා.ලේ.කො,රත්යාය,HR3,HR3,,NBRI/NE/HKD[Mathurata]/2026/DMCP/සංශෝධන/133),NBRI/NE/HKD[Mathurata]/2026/DMCP/සංශෝධන/133),,House / නිවාස,Slope failures / බැවුම් අස්ථාවරවීම්,Resettle / නැවත පදිංචිකිරීම,Minor or No Damages / සුළුහානි හෝ හානි නොමැති,,,,,,5.0,,3.0,,8,,Nuwara Eliya,174.86,286.79,402.72,545.25,616.84,174.86,7.0,NASA POWER PRECTOTCORR / MERRA-2,ok
7.08566,80.786436,2025-11-27,2025-11-27,2025-11-27,1,parsed_single,2025.11.27,,2026-05-09,2026.05.09,Nuwara Eliya,මතුරට ප්රා.ලේ.කො,මාර්තුවෙල,HR3,HR3,,NBRI/NE/HKD[Mathurata]/2026/DSDD/291),NBRI/NE/HKD[Mathurata]/2026/DSDD/291),511/බී,House / නිවාස,Slope failures / බැවුම් අස්ථාවරවීම්,Resettle / නැවත පදිංචිකිරීම,Minor or No Damages / සුළුහානි හෝ හානි නොමැති,,,,,,9.0,,4.0,,13,,Nuwara Eliya,174.86,286.79,402.72,545.25,616.84,174.86,7.0,NASA POWER PRECTOTCORR / MERRA-2,ok
7.081099,80.78723,2025-11-27,2025-11-27,2025-11-27,1,parsed_single,2025.11.27,,2026-05-09,2026.05.09,Nuwara Eliya,මතුරට ප්රා.ලේ.කො,මාර්තුවෙල,HR3,HR3,,NBRI/NE/HKD[Mathurata]/2026/DSDD/290),NBRI/NE/HKD[Mathurata]/2026/DSDD/290),511/බී,House / නිවාස,Other / වෙනත් (වෙනත් කරුණු යටතේ සදහන් කරන්න),Resettle / නැවත පදිංචිකිරීම,Minor or No Damages / සුළුහානි හෝ හානි නොමැති,,ආතති පැලුම් සහ ගිලා බැසීම,,,,1.0,,22.0,,23,,Nuwara Eliya,174.86,286.79,402.72,545.25,616.84,174.86,7.0,NASA POWER PRECTOTCORR / MERRA-2,ok
7.111274,80.797057,2025-11-27,2025-11-27,2025-11-27,1,parsed_single,2025.11.27,,2026-05-09,2026.05.09,Nuwara Eliya,මතුරට ප්රා.ලේ.කො,බෝධිමල්කඩ,HR3,HR3,,NBRI/NE/HKD[Mathurata]/2026/WGMSS/72),NBRI/NE/HKD[Mathurata]/2026/WGMSS/72),481/ඒ,House / නිවාස,Slope failures / බැවුම් අස්ථාවරවීම්,Resettle / නැවත පදිංචිකිරීම,Minor or No Damages / සුළුහානි හෝ හානි නොමැති,,,,,,1.0,,1.0,,2,,Nuwara Eliya,174.86,286.79,402.72,545.25,616.84,174.86,7.0,NASA POWER PRECTOTCORR / MERRA-2,ok
7.070759,80.797336,2025-11-27,2025-11-27,2025-11-27,1,parsed_single,2025.11.27,,2026-06-18,2026.06.18,Nuwara Eliya,මතුරට ප්රා.ලේ.කො,අම්පිටිගොඩ,HR3,HR3,,NBRI/NE/HKD[Mathurata]/2026/WGMSS/104),NBRI/NE/HKD[Mathurata]/2026/WGMSS/104),508/ඩී,House / නිවාස,Landslide / නායයෑම්,Resettle / නැවත පදිංචිකිරීම,Minor or No Damages / සුළුහානි හෝ හානි නොමැති,,,,,,4.0,,4.0,,8,,Nuwara Eliya,174.86,286.79,402.72,545.25,616.84,174.86,7.0,NASA POWER PRECTOTCORR / MERRA-2,ok
6.954954,80.722316,,,,0,unparsed,,,2025-12-27,2025-12-27 00:00:00,Nuwara Eliya,නුවරඑළිය ප්රා.ලේ.කො,බංගලාහත,HR3,HR3,,NBRI/NE/NED/2025/SMK/58),NBRI/NE/NED/2025/SMK/58),476 සී,House / නිවාස,Rock fall / ගල් පෙරලීම්,Resettle / නැවත පදිංචිකිරීම,Minor or No Damages / සුළුහානි හෝ හානි නොමැති,,,,,,1.0,,2.0,2.0,5,,Nuwara Eliya,,,,,,,,,
7.067772,80.796565,2025-11-27,2025-11-27,2025-11-28,2,parsed_range,2025.11.27 – 2025.11.28,,2026-06-18,2026.06.18,Nuwara Eliya,මතුරට ප්රා.ලේ.කො,අම්පිටිගොඩ,HR3,HR3,,NBRI/NE/HKD[Mathurata]/2026/VKG/94),NBRI/NE/HKD[Mathurata]/2026/VKG/94),508/ඩී,House / නිවාස,Other / වෙනත් (වෙනත් කරුණු යටතේ සදහන් කරන්න),Resettle / නැවත පදිංචිකිරීම,Minor or No Damages / සුළුහානි හෝ හානි නොමැති,,නිවාස ඉරිතැලීම (2007 වසරේදී ඉවත්කොට ඇත.),,,,2.0,,15.0,,17,,Nuwara Eliya,174.86,286.79,402.72,545.25,616.84,174.86,7.0,NASA POWER PRECTOTCORR / MERRA-2,ok
6.938489,80.686823,2025-11-27,2025-11-27,2025-11-27,1,parsed_single,2025-11-27 00:00:00,6.00 - 6.30,2025-12-07,2025-12-07 00:00:00,Nuwara Eliya,නුවරඑළිය ප්රා.ලේ.කො,රත්නගිරි ජනපදය,HR3,HR3,,NBRI/NE/NED/2025/DSDD/06/සංශෝධන/Rev),NBRI/NE/NED/2025/DSDD/06/සංශෝධන/Rev),,House / නිවාස,Slope failures / බැවුම් අස්ථාවරවීම්,Resettle / නැවත පදිංචිකිරීම,Minor or No Damages / සුළුහානි හෝ හානි නොමැති,,,,,,1.0,,,,1,,Nuwara Eliya,174.86,286.79,402.72,545.25,616.84,174.86,7.0,NASA POWER PRECTOTCORR / MERRA-2,ok
6.929895,80.691314,2025-12-01,2025-12-01,2025-12-01,1,parsed_single,2025-12-01 00:00:00,,2025-12-07,2025-12-07 00:00:00,Nuwara Eliya,නුවරඑළිය ප්රා.ලේ.කො,ලබලියර් වත්ත,HR3,HR3,,NBRI/NE/NED/2025/DSDD/05,NBRI/NE/NED/2025/DSDD/05,,House / නිවාස,Slope failures / බැවුම් අස්ථාවරවීම්,Resettle / නැවත පදිංචිකිරීම,Minor or No Damages / සුළුහානි හෝ හානි නොමැති,,,,,,4.0,,4.0,,8,,Nuwara Eliya,0.13,5.95,357.34,532.4200000000001,685.6900000000002,174.86,5.0,NASA POWER PRECTOTCORR / MERRA-2,ok
7.12674,80.786135,2025-11-27,2025-11-27,2025-11-27,1,parsed_single,2025.11.27 සහ ඉන්පෙර සිටම,,2026-08-01,2026.08.01,Nuwara Eliya,මතුරට ප්රා.ලේ.කො,ඇහැළමල්පේ,HR3,HR3,,NBRI/NE/HKD[Mathurata]/2026/VKG/113),NBRI/NE/HKD[Mathurata]/2026/VKG/113),483/ඒ,House / නිවාස,Other / වෙනත් (වෙනත් කරුණු යටතේ සදහන් කරන්න),Resettle / නැවත පදිංචිකිරීම,Minor or No Damages / සුළුහානි හෝ හානි නොමැති,,නායයෑමේ සහ ගල් පෙරළීමේ අවධානම,,,,1.0,,7.0,,8,,Nuwara Eliya,174.86,286.79,402.72,545.25,616.84,174.86,7.0,NASA POWER PRECTOTCORR / MERRA-2,ok
7.138818,80.823338,2025-11-27,2025-11-27,2025-11-27,1,parsed_single,2025.11.27,,2026-06-18,2026.06.18,Nuwara Eliya,මතුරට ප්රා.ලේ.කො,බෝධිවෙල,HR3,HR3,,NBRI/NE/HKD[Mathurata]/2026/LSG/46),NBRI/NE/HKD[Mathurata]/2026/LSG/46),484/ඊ,House / නිවාස,Other / වෙනත් (වෙනත් කරුණු යටතේ සදහන් කරන්න),Resettle / නැවත පදිංචිකිරීම,Minor or No Damages / සුළුහානි හෝ හානි නොමැති,,බෑවුම් අස්ථාවරවීම සහ අස්ථාවර පාෂාණ කුට්ටි පෙරළීම,,,,1.0,,5.0,,6,,Nuwara Eliya,174.86,286.79,402.72,545.25,616.84,174.86,7.0,NASA POWER PRECTOTCORR / MERRA-2,ok
7.164128,80.772551,2025-11-28,2025-11-28,2025-11-28,1,parsed_single,2025-11-28 00:00:00,,2025-12-12,2025-12-12 00:00:00,Nuwara Eliya,හඟුරන්කෙත ප්රා.ලේ.කො,දැලිවල,HR3,HR3,,NBRI/NE/HKD/2025/DMCP/21-REV,NBRI/NE/HKD/2025/DMCP/21-REV,494 ඩී,House / නිවාස,Landslide / නායයෑම්,Resettle / නැවත පදිංචිකිරීම,Minor or No Damages / සුළුහානි හෝ හානි නොමැති,,,,,,6.0,,,,6,,Nuwara Eliya,64.6,322.03999999999996,457.49,601.37,680.32,174.86,7.0,NASA POWER PRECTOTCORR / MERRA-2,ok
6.943508,80.795957,2025-11-27,2025-11-27,2025-11-27,1,parsed_single,2025-11-27 00:00:00,,2025-11-30,2025-11-30 00:00:00,Nuwara Eliya,නුවරඑළිය ප්රා.ලේ.කො,සීතාඑළිය,HR3,HR3,,NBRI/NE/NED/2025/KLKT/01/REV),NBRI/NE/NED/2025/KLKT/01/REV),478/ඒ,House / නිවාස,Other / වෙනත් (වෙනත් කරුණු යටතේ සදහන් කරන්න),Resettle / නැවත පදිංචිකිරීම,Minor or No Damages / සුළුහානි හෝ හානි නොමැති,,,,,,2.0,,13.0,,15,,Nuwara Eliya,174.86,286.79,402.72,545.25,616.84,174.86,7.0,NASA POWER PRECTOTCORR / MERRA-2,ok
7.151733,80.774107,2025-11-28,2025-11-28,2025-11-28,1,parsed_single,2025-11-28 00:00:00,,2025-12-10,2025-12-10 00:00:00,Nuwara Eliya,හඟුරන්කෙත ප්රා.ලේ.කො,රත්මැටිය,HR3,HR3,,NBRI/NE/HKD/2025/DMCP/17-REV,NBRI/NE/HKD/2025/DMCP/17-REV,,House / නිවාස,Landslide / නායයෑම්,Resettle / නැවත පදිංචිකිරීම,Minor or No Damages / සුළුහානි හෝ හානි නොමැති,,,,,,10.0,,,,10,,Nuwara Eliya,64.6,322.03999999999996,457.49,601.37,680.32,174.86,7.0,NASA POWER PRECTOTCORR / MERRA-2,ok
7.131462,80.717697,2025-11-27,2025-11-27,2025-11-27,1,parsed_single,2025-11-27 00:00:00,,2025-12-10,2025-12-10 00:00:00,Nuwara Eliya,හඟුරන්කෙත ප්රා.ලේ.කො,හෝප්වත්ත,HR3,HR3,,NBRI/NE/HKD/2025/SMK/11-Rev,NBRI/NE/HKD/2025/SMK/11-Rev,501 G,House / නිවාස,Other / වෙනත් (වෙනත් කරුණු යටතේ සදහන් කරන්න),Resettle / නැවත පදිංචිකිරීම,Minor or No Damages / සුළුහානි හෝ හානි නොමැති,,,,,,1.0,,1.0,,2,,Nuwara Eliya,174.86,286.79,402.72,545.25,616.84,174.86,7.0,NASA POWER PRECTOTCORR / MERRA-2,ok
6.974984,80.783969,2025-11-27,2025-11-27,2025-11-27,1,parsed_single,2025-11-27 00:00:00,,2026-01-09,2026-01-09 00:00:00,Nuwara Eliya,නුවරඑළිය ප්රා.ලේ.කො,හාවාඑළිය නැගෙනහිර,HR3,HR3,,NBRI/NE/NED/2026/DMCP/71),NBRI/NE/NED/2026/DMCP/71),535 එච්,House / නිවාස,Rock fall / ගල් පෙරලීම්,Resettle / නැවත පදිංචිකිරීම,Minor or No Damages / සුළුහානි හෝ හානි නොමැති,,,,,,5.0,,9.0,,14,,Nuwara Eliya,174.86,286.79,402.72,545.25,616.84,174.86,7.0,NASA POWER PRECTOTCORR / MERRA-2,ok
6.967445,80.783106,2025-11-27,2025-11-27,2025-11-27,1,parsed_single,2025-11-27 00:00:00,,2026-01-09,2026-01-09 00:00:00,Nuwara Eliya,නුවරඑළිය ප්රා.ලේ.කො,මධ්‍යම නුවරඑළිය,HR3,HR3,,NBRI/NE/NED/2026/IC/20),NBRI/NE/NED/2026/IC/20),535ඩී,House / නිවාස,Landslide / නායයෑම්,Resettle / නැවත පදිංචිකිරීම,Minor or No Damages / සුළුහානි හෝ හානි නොමැති,,,,,,3.0,,16.0,,19,,Nuwara Eliya,174.86,286.79,402.72,545.25,616.84,174.86,7.0,NASA POWER PRECTOTCORR / MERRA-2,ok
6.976263,80.809717,2025-11-27,2025-11-27,2025-11-27,1,parsed_single,2025.11.27,,2026-02-08,2026.02.08,Nuwara Eliya,නුවරඑළිය ප්රා.ලේ.කො,ගල්පාලම,HR3,HR3,,NBRI/NE/NED/2026/VK/06),NBRI/NE/NED/2026/VK/06),534 /ඒ,House / නිවාස,Slope failures / බැවුම් අස්ථාවරවීම්,Resettle / නැවත පදිංචිකිරීම,Minor or No Damages / සුළුහානි හෝ හානි නොමැති,0.0,,,,,1.0,,4.0,,5,,Nuwara Eliya,174.86,286.79,402.72,545.25,616.84,174.86,7.0,NASA POWER PRECTOTCORR / MERRA-2,ok
6.951439,80.716936,2025-11-27,2025-11-27,2025-11-27,1,parsed_single,2025.11.27,,2026-03-19,2026.03.19,Nuwara Eliya,නුවරඑළිය ප්රා.ලේ.කො,බන්ගලාහත,HR3,HR3,,NBRI/NE/NED/2026/WGMSS/33),NBRI/NE/NED/2026/WGMSS/33),476/සිි,House / නිවාස,Rock fall / ගල් පෙරලීම්,Resettle / නැවත පදිංචිකිරීම,Minor or No Damages / සුළුහානි හෝ හානි නොමැති,0.0,නිම්නයක පිහිටා ඇත./ ගල් පෙරළීම,,,,2.0,,,,2,,Nuwara Eliya,174.86,286.79,402.72,545.25,616.84,174.86,7.0,NASA POWER PRECTOTCORR / MERRA-2,ok
6.984906,80.751693,2025-11-27,2025-11-27,2025-11-27,1,parsed_single,2025.11.27,,2026-02-08,2026.02.08,Nuwara Eliya,නුවරඑළිය ප්රා.ලේ.කො,බඹරකැලේ,HR3,HR3,,NBRI/NE/NED/2026/KHS/09),NBRI/NE/NED/2026/KHS/09),535කේ,House / නිවාස,Other / වෙනත් (වෙනත් කරුණු යටතේ සදහන් කරන්න),Resettle / නැවත පදිංචිකිරීම,Minor or No Damages / සුළුහානි හෝ හානි නොමැති,0.0,නිම්නය අසල නිවාස පිහිටීම,,,,1.0,,8.0,,9,,Nuwara Eliya,174.86,286.79,402.72,545.25,616.84,174.86,7.0,NASA POWER PRECTOTCORR / MERRA-2,ok
6.982732,80.760104,2025-11-27,2025-11-27,2025-11-27,1,parsed_single,2025.11.27,,2026-02-08,2026.02.08,Nuwara Eliya,නුවරඑළිය ප්රා.ලේ.කො,බඹරකැලේ,HR3,HR3,,NBRI/NE/NED/2026/KH/07),NBRI/NE/NED/2026/KH/07),535කේ,House / නිවාස,Slope failures / බැවුම් අස්ථාවරවීම්,Resettle / නැවත පදිංචිකිරීම,Minor or No Damages / සුළුහානි හෝ හානි නොමැති,0.0,,,,,1.0,,1.0,,2,,Nuwara Eliya,174.86,286.79,402.72,545.25,616.84,174.86,7.0,NASA POWER PRECTOTCORR / MERRA-2,ok
6.974158,80.795416,2025-11-27,2025-11-27,2025-11-27,1,parsed_single,2025.11.27,,2026-03-19,2026.03.19,Nuwara Eliya,නුවරඑළිය ප්රා.ලේ.කො,පීඩෲ වත්ත,HR3,HR3,,NBRI/NE/NED/2026/DSDD/216),NBRI/NE/NED/2026/DSDD/216),534/එච්,House / නිවාස,Slope failures / බැවුම් අස්ථාවරවීම්,Resettle / නැවත පදිංචිකිරීම,Minor or No Damages / සුළුහානි හෝ හානි නොමැති,0.0,,,,,11.0,,3.0,,14,,Nuwara Eliya,174.86,286.79,402.72,545.25,616.84,174.86,7.0,NASA POWER PRECTOTCORR / MERRA-2,ok
7.164751,80.761983,2025-11-27,2025-11-27,2025-11-27,1,parsed_single,2025-11-27 00:00:00,,2026-01-10,2026-01-10 00:00:00,Nuwara Eliya,හඟුරන්කෙත ප්රා.ලේ.කො,හපුවල,HR3,HR3,,NBRI/NE/HKD/2026/LY/45),NBRI/NE/HKD/2026/LY/45),,House / නිවාස,Slope failures / බැවුම් අස්ථාවරවීම්,Resettle / නැවත පදිංචිකිරීම,Minor or No Damages / සුළුහානි හෝ හානි නොමැති,,,,,,6.0,,7.0,,13,,Nuwara Eliya,174.86,286.79,402.72,545.25,616.84,174.86,7.0,NASA POWER PRECTOTCORR / MERRA-2,ok
6.975371,80.800953,2025-11-27,2025-11-27,2025-11-27,1,parsed_single,2025.11.27,,2026-03-19,2026.03.19,Nuwara Eliya,නුවරඑළිය ප්රා.ලේ.කො,පීඩෲ -,HR3,HR3,,NBRI/NE/NED/2026/DSDD/217),NBRI/NE/NED/2026/DSDD/217),534/එච්,House / නිවාස,Other / වෙනත් (වෙනත් කරුණු යටතේ සදහන් කරන්න),Resettle / නැවත පදිංචිකිරීම,Minor or No Damages / සුළුහානි හෝ හානි නොමැති,0.0,ඇළ ඉවුර අස්ථාවර වීම,,,,6.0,,1.0,,7,,Nuwara Eliya,174.86,286.79,402.72,545.25,616.84,174.86,7.0,NASA POWER PRECTOTCORR / MERRA-2,ok
6.974152,80.800544,2025-11-27,2025-11-27,2025-11-27,1,parsed_single,2025.11.27,,2026-03-19,2026.03.19,Nuwara Eliya,නුවරඑළිය ප්රා.ලේ.කො,පීඩෲ වත්ත,HR3,HR3,,NBRI/NE/NED/2026/DSDD/218),NBRI/NE/NED/2026/DSDD/218),534/එච්,House / නිවාස,Slope failures / බැවුම් අස්ථාවරවීම්,Resettle / නැවත පදිංචිකිරීම,Minor or No Damages / සුළුහානි හෝ හානි නොමැති,0.0,,,,,4.0,,8.0,,12,,Nuwara Eliya,174.86,286.79,402.72,545.25,616.84,174.86,7.0,NASA POWER PRECTOTCORR / MERRA-2,ok
6.973913,80.797267,2025-11-27,2025-11-27,2025-11-29,2,parsed_range,2025.11.27 – 2025.11.29,,2026-03-18,2026.03.18,Nuwara Eliya,නුවරඑළිය ප්රා.ලේ.කො,පිිඩෘෘ,HR3,HR3,,NBRI/NE/NED/2026/VKG/32),NBRI/NE/NED/2026/VKG/32),534 එච්,House / නිවාස,Other / වෙනත් (වෙනත් කරුණු යටතේ සදහන් කරන්න),Resettle / නැවත පදිංචිකිරීම,Minor or No Damages / සුළුහානි හෝ හානි නොමැති,0.0,අවදානම් සහගත නිම්නයක පිහිටා තිබීම,,,,1.0,,21.0,,22,,Nuwara Eliya,174.86,286.79,402.72,545.25,616.84,174.86,7.0,NASA POWER PRECTOTCORR / MERRA-2,ok
7.157147,80.790788,2025-11-27,2025-11-27,2025-11-27,1,parsed_single,2025-11-27 00:00:00,,2026-01-11,2026-01-11 00:00:00,Nuwara Eliya,හඟුරන්කෙත ප්රා.ලේ.කො,දොඩම්කුඹුර,HR3,HR3,,NBRI/NE/HKD/2026/LY/43),NBRI/NE/HKD/2026/LY/43),492 B,House / නිවාස,Other / වෙනත් (වෙනත් කරුණු යටතේ සදහන් කරන්න),Resettle / නැවත පදිංචිකිරීම,Minor or No Damages / සුළුහානි හෝ හානි නොමැති,,,,,,1.0,,1.0,,2,,Nuwara Eliya,174.86,286.79,402.72,545.25,616.84,174.86,7.0,NASA POWER PRECTOTCORR / MERRA-2,ok
6.93484,80.68644,2025-11-27,2025-11-27,2025-11-27,1,parsed_single,2025.11.27,,2026-04-24,2026.04.24,Nuwara Eliya,නුවරඑළිය ප්රා.ලේ.කො,රත්නගිරිය,HR3,HR3,,NBRI/NE/NED/2026/DSDD/267),NBRI/NE/NED/2026/DSDD/267),,House / නිවාස,Other / වෙනත් (වෙනත් කරුණු යටතේ සදහන් කරන්න),Resettle / නැවත පදිංචිකිරීම,Minor or No Damages / සුළුහානි හෝ හානි නොමැති,0.0,රැදවුම් ව්‍යූහ අස්ථාවරවීම,,,,3.0,,14.0,,17,,Nuwara Eliya,174.86,286.79,402.72,545.25,616.84,174.86,7.0,NASA POWER PRECTOTCORR / MERRA-2,ok
7.168418,80.881661,2025-11-27,2025-11-27,2025-11-27,1,parsed_single,2025-11-27 00:00:00,,2026-01-22,2026-01-22 00:00:00,Nuwara Eliya,හඟුරන්කෙත ප්රා.ලේ.කො,ගලඋඩ - දකුණ,HR3,HR3,,NBRI/NE/HKD/2026/PTG/179),NBRI/NE/HKD/2026/PTG/179),,House / නිවාස,Other / වෙනත් (වෙනත් කරුණු යටතේ සදහන් කරන්න),Resettle / නැවත පදිංචිකිරීම,Minor or No Damages / සුළුහානි හෝ හානි නොමැති,,භුමි ගිලා බැසීම් (GS),,,,2.0,,2.0,,4,,Nuwara Eliya,174.86,286.79,402.72,545.25,616.84,174.86,7.0,NASA POWER PRECTOTCORR / MERRA-2,ok
7.189936,80.780293,,,,0,unparsed,,,2026-01-19,2026.01.19,Nuwara Eliya,හඟුරන්කෙත ප්රා.ලේ.කො,මිරහන්පේ,HR3,HR3,,NBRI/NE/HKD/2026/DMCP/සංශෝධන/67),NBRI/NE/HKD/2026/DMCP/සංශෝධන/67),,House / නිවාස,Landslide / නායයෑම්,Resettle / නැවත පදිංචිකිරීම,Minor or No Damages / සුළුහානි හෝ හානි නොමැති,,,,,,10.0,,3.0,,13,,Nuwara Eliya,,,,,,,,,
6.963448,80.759985,2025-11-27,2025-11-27,2025-11-27,1,parsed_single,2025.11.27,,2026-06-02,2026.06.02,Nuwara Eliya,නුවරඑළිය ප්රා.ලේ.කො,යුනික්විව්,HR3,HR3,,NBRI/NE/NED/2026/LSG/40),NBRI/NE/NED/2026/LSG/40),,House / නිවාස,Other / වෙනත් (වෙනත් කරුණු යටතේ සදහන් කරන්න),Resettle / නැවත පදිංචිකිරීම,Minor or No Damages / සුළුහානි හෝ හානි නොමැති,0.0,,,,,42.0,,,,42,,Nuwara Eliya,174.86,286.79,402.72,545.25,616.84,174.86,7.0,NASA POWER PRECTOTCORR / MERRA-2,ok
7.12393,80.736795,2025-11-27,2025-11-27,2025-11-27,1,parsed_single,2025.11.27,,2026-01-21,2026.01.21,Nuwara Eliya,හඟුරන්කෙත ප්රා.ලේ.කො,දාරාඔය,HR3,HR3,,NBRI/NE/HKD/2026/SMK/101),NBRI/NE/HKD/2026/SMK/101),,House / නිවාස,Other / වෙනත් (වෙනත් කරුණු යටතේ සදහන් කරන්න),Resettle / නැවත පදිංචිකිරීම,Minor or No Damages / සුළුහානි හෝ හානි නොමැති,,නායගලන මගෙහි පිහිටා ඇත,,,,2.0,,3.0,,5,,Nuwara Eliya,174.86,286.79,402.72,545.25,616.84,174.86,7.0,NASA POWER PRECTOTCORR / MERRA-2,ok
6.831323,80.543634,2025-11-27,2025-11-27,2025-11-27,1,parsed_single,2025.11.27,සවස,2025-12-04,2025.12.04,Nuwara Eliya,නොර්වුඩ් ප්රා.ලේ.කො,සීතගගුල,HR3,HR3,,NBRI/NE/ABD[Norwood]/2025/DSDD/03 /REV,NBRI/NE/ABD[Norwood]/2025/DSDD/03 /REV,320 බී,House / නිවාස,Slope failures / බැවුම් අස්ථාවරවීම්,Resettle / නැවත පදිංචිකිරීම,Minor or No Damages / සුළුහානි හෝ හානි නොමැති,,,,,,3.0,,,,3,,Nuwara Eliya,174.86,286.79,402.72,545.25,616.84,174.86,7.0,NASA POWER PRECTOTCORR / MERRA-2,ok
7.137964,80.750781,2025-11-27,2025-11-27,2025-11-27,1,parsed_single,2025.11.27,,2026-02-02,2026.02.02,Nuwara Eliya,හඟුරන්කෙත ප්රා.ලේ.කො,අගප්පල,HR3,HR3,,NBRI/NE/HKD/2026/DSDD/119),NBRI/NE/HKD/2026/DSDD/119),,House / නිවාස,Slope failures / බැවුම් අස්ථාවරවීම්,Resettle / නැවත පදිංචිකිරීම,Minor or No Damages / සුළුහානි හෝ හානි නොමැති,,,,,,1.0,,1.0,,2,,Nuwara Eliya,174.86,286.79,402.72,545.25,616.84,174.86,7.0,NASA POWER PRECTOTCORR / MERRA-2,ok
7.12934,80.729014,2025-11-27,2025-11-27,2025-11-27,1,parsed_single,2025.11.27,,2026-01-30,2026.01.30,Nuwara Eliya,හඟුරන්කෙත ප්රා.ලේ.කො,හදවලපිටිය,HR3,HR3,,NBRI/NE/HKD/2026/DMCP/සංශෝධනය/79),NBRI/NE/HKD/2026/DMCP/සංශෝධනය/79),499ඒ,House / නිවාස,Landslide / නායයෑම්,Resettle / නැවත පදිංචිකිරීම,Minor or No Damages / සුළුහානි හෝ හානි නොමැති,,,,,,2.0,,6.0,,8,,Nuwara Eliya,174.86,286.79,402.72,545.25,616.84,174.86,7.0,NASA POWER PRECTOTCORR / MERRA-2,ok
7.173387,80.778706,2025-11-27,2025-11-27,2025-11-27,1,parsed_single,2025.11.27,,2026-02-23,2026.02.23,Nuwara Eliya,හඟුරන්කෙත ප්රා.ලේ.කො,දැලිවල,HR3,HR3,,NBRI/NE/HKD/2026/DMCP/සංශෝධන/106),NBRI/NE/HKD/2026/DMCP/සංශෝධන/106),494ඩී,House / නිවාස,Landslide / නායයෑම්,Resettle / නැවත පදිංචිකිරීම,Minor or No Damages / සුළුහානි හෝ හානි නොමැති,,,,,,1.0,,19.0,,20,,Nuwara Eliya,174.86,286.79,402.72,545.25,616.84,174.86,7.0,NASA POWER PRECTOTCORR / MERRA-2,ok
7.237053,80.772805,2025-11-27,2025-11-27,2025-11-27,1,parsed_single,2025.11.27,,2026-02-06,2026.02.06,Nuwara Eliya,හඟුරන්කෙත ප්රා.ලේ.කො,අඹේවෙල,HR3,HR3,,NBRI/NE/HKD/2026/WGMSS/01),NBRI/NE/HKD/2026/WGMSS/01),486 / බී,House / නිවාස,Cutting failure / කණ්ඩි අස්ථාවරවීම්,Resettle / නැවත පදිංචිකිරීම,Minor or No Damages / සුළුහානි හෝ හානි නොමැති,,කණ්ඩි අස්ථාවරවීම බෑවුම් අස්ථාවරවීමක් දක්වා වර්ධනය වීමේ අවදානම,,,,1.0,,1.0,,2,,Nuwara Eliya,174.86,286.79,402.72,545.25,616.84,174.86,7.0,NASA POWER PRECTOTCORR / MERRA-2,ok
7.188508,80.763362,2025-11-27,2025-11-27,2025-11-27,1,parsed_single,2025.11.27,,2026-02-23,2026.02.23,Nuwara Eliya,හඟුරන්කෙත ප්රා.ලේ.කො,යටිහගුරන්කෙත,HR3,HR3,,NBRI/NE/HKD/2026/DSDD/171),NBRI/NE/HKD/2026/DSDD/171),495බී,House / නිවාස,Other / වෙනත් (වෙනත් කරුණු යටතේ සදහන් කරන්න),Resettle / නැවත පදිංචිකිරීම,Minor or No Damages / සුළුහානි හෝ හානි නොමැති,,අවදානම් සහිත නිම්නයක පිහිටා තිබීම සහ දළ බෑවුම,,,,3.0,,,,3,,Nuwara Eliya,174.86,286.79,402.72,545.25,616.84,174.86,7.0,NASA POWER PRECTOTCORR / MERRA-2,ok
6.869752,80.615725,2025-11-27,2025-11-27,2025-11-27,1,parsed_single,2025-11-27 00:00:00,,2026-02-26,2026-02-26 00:00:00,Nuwara Eliya,නොර්වුඩ් ප්රා.ලේ.කො,දික්ඔය,HR3,HR3,,NBRI/NE/ABD[Norwood]/2026/DSDD/185),NBRI/NE/ABD[Norwood]/2026/DSDD/185),319,(වෙනත් කරුණු යටතේ සටහන් කරන්න),Other / වෙනත් (වෙනත් කරුණු යටතේ සදහන් කරන්න),Resettle / නැවත පදිංචිකිරීම,Minor or No Damages / සුළුහානි හෝ හානි නොමැති,,"ආතති පැලුම් හා නිමානය තුල පිහිටීම්,RDA නිළ නිවාස , බට්ටල්ගල්ල වත්ත, පහල කොටස, දික්ඔය",,,,2.0,,,,2,,Nuwara Eliya,174.86,286.79,402.72,545.25,616.84,174.86,7.0,NASA POWER PRECTOTCORR / MERRA-2,ok
6.874586,80.625756,2025-11-27,2025-11-27,2025-11-27,1,parsed_single,2025.11.27,,2026-02-26,2026.02.26,Nuwara Eliya,නොර්වුඩ් ප්රා.ලේ.කො,මේෆීල්ඩ්,HR3,HR3,,NBRI/NE/ABD[Norwood]/2026/DSDD/184),NBRI/NE/ABD[Norwood]/2026/DSDD/184),319/අයි,House / නිවාස,Slope failures / බැවුම් අස්ථාවරවීම්,Resettle / නැවත පදිංචිකිරීම,Minor or No Damages / සුළුහානි හෝ හානි නොමැති,,,,,,1.0,,4.0,,5,,Nuwara Eliya,174.86,286.79,402.72,545.25,616.84,174.86,7.0,NASA POWER PRECTOTCORR / MERRA-2,ok
7.169503,80.783403,2025-11-27,2025-11-27,2025-11-27,1,parsed_single,2025.11.27,,2026-03-21,2026.03.21,Nuwara Eliya,හඟුරන්කෙත ප්රා.ලේ.කො,කොට්ටල,HR3,HR3,,NBRI/NE/HKD/2026/DSDD/221),NBRI/NE/HKD/2026/DSDD/221),493/ඒ,House / නිවාස,"Cutting failure / කණ්ඩි අස්ථාවරවීම්, Rock fall / ගල් පෙරලීම්",Resettle / නැවත පදිංචිකිරීම,Minor or No Damages / සුළුහානි හෝ හානි නොමැති,,,,,,1.0,,2.0,,3,,Nuwara Eliya,174.86,286.79,402.72,545.25,616.84,174.86,7.0,NASA POWER PRECTOTCORR / MERRA-2,ok
6.879123,80.528951,2025-11-27,2025-11-27,2025-11-27,1,parsed_single,2025.11.27,,2026-05-14,2026.05.14,Nuwara Eliya,නොර්වුඩ් ප්රා.ලේ.කො,මාවුස්සාකැලේ,HR3,HR3,,NBRI/NE/ABD[Norwood]/2026/VKG/61),NBRI/NE/ABD[Norwood]/2026/VKG/61),320/අයි,House / නිවාස,Other / වෙනත් (වෙනත් කරුණු යටතේ සදහන් කරන්න),Resettle / නැවත පදිංචිකිරීම,Minor or No Damages / සුළුහානි හෝ හානි නොමැති,,ඉවුරු ඛාදනය,,,,1.0,,3.0,,4,,Nuwara Eliya,174.86,286.79,402.72,545.25,616.84,174.86,7.0,NASA POWER PRECTOTCORR / MERRA-2,ok
7.142552,80.753561,2025-11-27,2025-11-27,2025-11-27,1,parsed_single,2025.11.27,,2026-03-11,2026.03.11,Nuwara Eliya,හඟුරන්කෙත ප්රා.ලේ.කො,පුරාණගම,HR3,HR3,,NBRI/NE/HKD/2026/DSDD/202),NBRI/NE/HKD/2026/DSDD/202),498/ඊ,House / නිවාස,Slope failures / බැවුම් අස්ථාවරවීම්,Resettle / නැවත පදිංචිකිරීම,Minor or No Damages / සුළුහානි හෝ හානි නොමැති,,,,,,1.0,,5.0,,6,,Nuwara Eliya,174.86,286.79,402.72,545.25,616.84,174.86,7.0,NASA POWER PRECTOTCORR / MERRA-2,ok
7.00594,80.68932,2025-11-26,2025-11-26,2025-11-26,1,parsed_single,2025-11-26 00:00:00,,2025-12-11,2025-12-11 00:00:00,Nuwara Eliya,කොත්මලේ නැගෙනහිර ප්රා.ලේ.කො,ඩන්සිනන්,HR3,HR3,,NBRI/NE/KTD[East]/2025/LY/11) - Rev,NBRI/NE/KTD[East]/2025/LY/11) - Rev,,House / නිවාස,Landslide / නායයෑම්,Resettle / නැවත පදිංචිකිරීම,Minor or No Damages / සුළුහානි හෝ හානි නොමැති,,,,,,3.0,,4.0,,7,,Nuwara Eliya,82.58,168.03,233.01,381.89000000000004,442.44,82.58,7.0,NASA POWER PRECTOTCORR / MERRA-2,ok
7.133089,80.738484,2025-11-27,2025-11-27,2025-11-27,1,parsed_single,2025.11.27,,2026-03-17,2026.03.17,Nuwara Eliya,හඟුරන්කෙත ප්රා.ලේ.කො,වැටැස්තැන්න,HR3,HR3,,NBRI/NE/HKD/2026/WGMSS/30),NBRI/NE/HKD/2026/WGMSS/30),499/ඩී,House / නිවාස,Slope failures / බැවුම් අස්ථාවරවීම්,Resettle / නැවත පදිංචිකිරීම,Minor or No Damages / සුළුහානි හෝ හානි නොමැති,,,,,,3.0,,2.0,,5,,Nuwara Eliya,174.86,286.79,402.72,545.25,616.84,174.86,7.0,NASA POWER PRECTOTCORR / MERRA-2,ok
7.160667,80.809156,2025-11-26,2025-11-26,2025-11-26,1,parsed_single,2025.11.26,,2026-02-23,2026.02.23,Nuwara Eliya,හඟුරන්කෙත ප්රා.ලේ.කො,උඩකන්ද / උඩගලඋඩ,HR3,HR3,,NBRI/NE/HKD/2026/WGMSS/32),NBRI/NE/HKD/2026/WGMSS/32),489/සී,House / නිවාස,Slope failures / බැවුම් අස්ථාවරවීම්,Resettle / නැවත පදිංචිකිරීම,Minor or No Damages / සුළුහානි හෝ හානි නොමැති,,ගල් පෙරලීම්,,,,3.0,,1.0,,4,,Nuwara Eliya,82.58,168.03,233.01,381.89000000000004,442.44,82.58,7.0,NASA POWER PRECTOTCORR / MERRA-2,ok
7.174094,80.774725,2025-11-27,2025-11-27,2025-11-27,1,parsed_single,2025.11.27,,2026-03-11,2026.03.11,Nuwara Eliya,හඟුරන්කෙත ප්රා.ලේ.කො,රත්මැටිය,HR3,HR3,,NBRI/NE/HKD/2026/DMCP/සංශෝධන/120),NBRI/NE/HKD/2026/DMCP/සංශෝධන/120),494/සී,House / නිවාස,Landslide / නායයෑම්,Resettle / නැවත පදිංචිකිරීම,Minor or No Damages / සුළුහානි හෝ හානි නොමැති,,,,,,12.0,,2.0,,14,,Nuwara Eliya,174.86,286.79,402.72,545.25,616.84,174.86,7.0,NASA POWER PRECTOTCORR / MERRA-2,ok
7.051329,80.691796,2025-11-28,2025-11-28,2025-11-28,1,parsed_single,2025-11-28 00:00:00,,2025-12-20,2025-12-20 00:00:00,Nuwara Eliya,කොත්මලේ නැගෙනහිර ප්රා.ලේ.කො,මල්හෑව,HR3,HR3,,NBRI/NE/KTD[East]-53/2025/PTG/සංශෝධනය/79) - Rev,NBRI/NE/KTD[East]-53/2025/PTG/සංශෝධනය/79) - Rev,472 / ඒ,House / නිවාස,Landslide / නායයෑම්,Resettle / නැවත පදිංචිකිරීම,Minor or No Damages / සුළුහානි හෝ හානි නොමැති,,,,,,10.0,,,,10,,Nuwara Eliya,64.6,322.03999999999996,457.49,601.37,680.32,174.86,7.0,NASA POWER PRECTOTCORR / MERRA-2,ok
7.07022,80.68408,2025-11-27,2025-11-27,2025-11-27,1,parsed_single,2025-11-27 00:00:00,,2025-12-11,2025-12-11 00:00:00,Nuwara Eliya,කොත්මලේ නැගෙනහිර ප්රා.ලේ.කො,රම්බොඩ,HR3,HR3,,NBRI/NE/KTD[East]-47/2025/RR/17)-Rev,NBRI/NE/KTD[East]-47/2025/RR/17)-Rev,474,House / නිවාස,Slope failures / බැවුම් අස්ථාවරවීම්,Resettle / නැවත පදිංචිකිරීම,Minor or No Damages / සුළුහානි හෝ හානි නොමැති,,,,,,4.0,,,,4,,Nuwara Eliya,174.86,286.79,402.72,545.25,616.84,174.86,7.0,NASA POWER PRECTOTCORR / MERRA-2,ok
7.129986,80.742058,2025-11-27,2025-11-27,2025-11-27,1,parsed_single,2025.11.27,,2026-03-17,2026.03.17,Nuwara Eliya,හඟුරන්කෙත ප්රා.ලේ.කො,වැටැස්තැන්න,HR3,HR3,,NBRI/NE/HKD/2026/WGMSS/29),NBRI/NE/HKD/2026/WGMSS/29),499/ඩී,House / නිවාස,Slope failures / බැවුම් අස්ථාවරවීම්,Resettle / නැවත පදිංචිකිරීම,Minor or No Damages / සුළුහානි හෝ හානි නොමැති,,,,,,1.0,,2.0,,3,,Nuwara Eliya,174.86,286.79,402.72,545.25,616.84,174.86,7.0,NASA POWER PRECTOTCORR / MERRA-2,ok
7.127233,80.727134,2025-11-27,2025-11-27,2025-11-27,1,parsed_single,2025.11.27,,2026-03-17,2026.03.17,Nuwara Eliya,හඟුරන්කෙත ප්රා.ලේ.කො,හෝප්,HR3,HR3,,NBRI/NE/HKD/2026/DSDD/213),NBRI/NE/HKD/2026/DSDD/213),501/ජී,House / නිවාස,Slope failures / බැවුම් අස්ථාවරවීම්,Resettle / නැවත පදිංචිකිරීම,Minor or No Damages / සුළුහානි හෝ හානි නොමැති,,,,,,16.0,,6.0,,22,,Nuwara Eliya,174.86,286.79,402.72,545.25,616.84,174.86,7.0,NASA POWER PRECTOTCORR / MERRA-2,ok
7.066844,80.693377,2025-11-27,2025-11-27,2025-11-27,1,parsed_single,2025.11.27,,2025-12-24,2025.12.24,Nuwara Eliya,කොත්මලේ නැගෙනහිර ප්රා.ලේ.කො,රම්බොඩ,HR3,HR3,,NBRI/NE/KTD[East]/2025/KLKT/ සංශෝධන/09,NBRI/NE/KTD[East]/2025/KLKT/ සංශෝධන/09,474,House / නිවාස,Landslide / නායයෑම්,Resettle / නැවත පදිංචිකිරීම,Minor or No Damages / සුළුහානි හෝ හානි නොමැති,,,,,,6.0,,34.0,,40,,Nuwara Eliya,174.86,286.79,402.72,545.25,616.84,174.86,7.0,NASA POWER PRECTOTCORR / MERRA-2,ok
7.159836,80.764631,2025-11-27,2025-11-27,2025-11-27,1,parsed_single,2025.11.27,,2026-03-30,2026.03.30,Nuwara Eliya,හඟුරන්කෙත ප්රා.ලේ.කො,හපුවල,HR3,HR3,,NBRI/NE/HKD/2026/VKG/39),NBRI/NE/HKD/2026/VKG/39),496,House / නිවාස,Other / වෙනත් (වෙනත් කරුණු යටතේ සදහන් කරන්න),Resettle / නැවත පදිංචිකිරීම,Minor or No Damages / සුළුහානි හෝ හානි නොමැති,,ස්වභාවික නිම්න මාර්ගයක පිහිටීම,,,,1.0,,6.0,,7,,Nuwara Eliya,174.86,286.79,402.72,545.25,616.84,174.86,7.0,NASA POWER PRECTOTCORR / MERRA-2,ok
7.047767,80.664583,2025-11-27,2025-11-27,2025-11-27,1,parsed_single,2025-11-27 00:00:00,,2025-12-11,2025-12-11 00:00:00,Nuwara Eliya,කොත්මලේ නැගෙනහිර ප්රා.ලේ.කො,නියම්ගන්දොර,HR3,HR3,,NBRI/NE/KTD[East]/2026/KLKT/130),NBRI/NE/KTD[East]/2026/KLKT/130),470,House / නිවාස,Other / වෙනත් (වෙනත් කරුණු යටතේ සදහන් කරන්න),Resettle / නැවත පදිංචිකිරීම,Minor or No Damages / සුළුහානි හෝ හානි නොමැති,,සුනුපහන් පාංශු ස්ථරය අස්ථාවරවීම,,,,2.0,,4.0,,6,,Nuwara Eliya,174.86,286.79,402.72,545.25,616.84,174.86,7.0,NASA POWER PRECTOTCORR / MERRA-2,ok
7.136852,80.75798,2025-11-27,2025-11-27,2025-11-27,1,parsed_single,2025.11.27,,2026-04-06,2026.04.06,Nuwara Eliya,හඟුරන්කෙත ප්රා.ලේ.කො,මාකෙම්පේ,HR3,HR3,,NBRI/NE/HKD/2026/DSDD/251),NBRI/NE/HKD/2026/DSDD/251),,House / නිවාස,Other / වෙනත් (වෙනත් කරුණු යටතේ සදහන් කරන්න),Resettle / නැවත පදිංචිකිරීම,Minor or No Damages / සුළුහානි හෝ හානි නොමැති,,සුන්බුන් ගලනය වීම,,,,1.0,,9.0,,10,,Nuwara Eliya,174.86,286.79,402.72,545.25,616.84,174.86,7.0,NASA POWER PRECTOTCORR / MERRA-2,ok
7.17229,80.774917,2025-11-27,2025-11-27,2025-11-27,1,parsed_single,2025.11.27,,2026-05-15,2026.05.15,Nuwara Eliya,හඟුරන්කෙත ප්රා.ලේ.කො,දමුණුමෑය,HR3,HR3,,NBRI/NE/HKD/2026/VKG/58),NBRI/NE/HKD/2026/VKG/58),494,House / නිවාස,Other / වෙනත් (වෙනත් කරුණු යටතේ සදහන් කරන්න),Resettle / නැවත පදිංචිකිරීම,Minor or No Damages / සුළුහානි හෝ හානි නොමැති,,දිය උල්පත් මතුවීම/නායයෑම් අවදානම,,,,1.0,,1.0,,2,,Nuwara Eliya,174.86,286.79,402.72,545.25,616.84,174.86,7.0,NASA POWER PRECTOTCORR / MERRA-2,ok
7.13222,80.735145,2025-11-27,2025-11-27,2025-11-27,1,parsed_single,2025.11.27,,2026-05-15,2026.05.15,Nuwara Eliya,හඟුරන්කෙත ප්රා.ලේ.කො,බඹරගම බටහිර,HR3,HR3,,NBRI/NE/HKD/2026/VKG/59),NBRI/NE/HKD/2026/VKG/59),499/එෆ්,House / නිවාස,Landslide / නායයෑම්,Resettle / නැවත පදිංචිකිරීම,Minor or No Damages / සුළුහානි හෝ හානි නොමැති,,,,,,1.0,,,,1,,Nuwara Eliya,174.86,286.79,402.72,545.25,616.84,174.86,7.0,NASA POWER PRECTOTCORR / MERRA-2,ok
6.971878,80.632325,2025-11-27,2025-11-27,2025-11-27,1,parsed_single,2025-11-27 00:00:00,,2025-12-17,2025-12-17 00:00:00,Nuwara Eliya,කොත්මලේ නැගෙනහිර ප්රා.ලේ.කො,දුණුකේදෙණිය,HR3,HR3,,NBRI/NE/KTD[East]/2025/KLKT/04,NBRI/NE/KTD[East]/2025/KLKT/04,468 B,House / නිවාස,Landslide / නායයෑම්,Resettle / නැවත පදිංචිකිරීම,Minor or No Damages / සුළුහානි හෝ හානි නොමැති,,,,,,8.0,,,,8,,Nuwara Eliya,174.86,286.79,402.72,545.25,616.84,174.86,7.0,NASA POWER PRECTOTCORR / MERRA-2,ok
7.074488,80.709507,2025-11-27,2025-11-27,2025-11-27,1,parsed_single,2025-11-27 00:00:00,,2026-01-02,2026-01-02 00:00:00,Nuwara Eliya,කොත්මලේ නැගෙනහිර ප්රා.ලේ.කො,පොටොෆ්,HR3,HR3,,NBRI/NE/KTD[East]/2025/KLKT/28),NBRI/NE/KTD[East]/2025/KLKT/28),474 එම්,House / නිවාස,Cutting failure / කණ්ඩි අස්ථාවරවීම්,Resettle / නැවත පදිංචිකිරීම,Minor or No Damages / සුළුහානි හෝ හානි නොමැති,,,,,,1.0,,4.0,,5,,Nuwara Eliya,174.86,286.79,402.72,545.25,616.84,174.86,7.0,NASA POWER PRECTOTCORR / MERRA-2,ok
7.128356,80.729973,2025-11-27,2025-11-27,2025-11-27,1,parsed_single,2025.11.27,,2026-08-18,2026.08.18,Nuwara Eliya,හඟුරන්කෙත ප්රා.ලේ.කො,හදවලපිටිය,HR3,HR3,,NBRI/NE/HKD/2026/LSG/86,NBRI/NE/HKD/2026/LSG/86,499/ඒ,House / නිවාස,Slope failures / බැවුම් අස්ථාවරවීම්,Resettle / නැවත පදිංචිකිරීම,Minor or No Damages / සුළුහානි හෝ හානි නොමැති,,,,,,1.0,,3.0,,4,,Nuwara Eliya,174.86,286.79,402.72,545.25,616.84,174.86,7.0,NASA POWER PRECTOTCORR / MERRA-2,ok
7.068231,80.714152,2025-11-27,2025-11-27,2025-11-27,1,parsed_single,2025-11-27 00:00:00,,2026-01-02,2026-01-02 00:00:00,Nuwara Eliya,කොත්මලේ නැගෙනහිර ප්රා.ලේ.කො,පොටොෆ්,HR3,HR3,,NBRI/NE/KTD[East]/2025/KLKT/29),NBRI/NE/KTD[East]/2025/KLKT/29),474 එම්,House / නිවාස,Cutting failure / කණ්ඩි අස්ථාවරවීම්,Resettle / නැවත පදිංචිකිරීම,Minor or No Damages / සුළුහානි හෝ හානි නොමැති,,,,,,4.0,,,,4,,Nuwara Eliya,174.86,286.79,402.72,545.25,616.84,174.86,7.0,NASA POWER PRECTOTCORR / MERRA-2,ok
7.091977,80.684577,2025-11-27,2025-11-27,2025-11-27,1,parsed_single,2025-11-27 00:00:00,,2026-01-02,2026-01-02 00:00:00,Nuwara Eliya,කොත්මලේ නැගෙනහිර ප්රා.ලේ.කො,හෙල්බොඩ උතුර,HR3,HR3,,NBRI/NE/KTD[East]/2025/KLKT/32),NBRI/NE/KTD[East]/2025/KLKT/32),,House / නිවාස,Slope failures / බැවුම් අස්ථාවරවීම්,Resettle / නැවත පදිංචිකිරීම,Minor or No Damages / සුළුහානි හෝ හානි නොමැති,,,,,,1.0,,3.0,,4,,Nuwara Eliya,174.86,286.79,402.72,545.25,616.84,174.86,7.0,NASA POWER PRECTOTCORR / MERRA-2,ok
7.139164,80.744045,2025-11-27,2025-11-27,2025-11-27,1,parsed_single,2025.11.27,,2026-07-30,2026.07.30,Nuwara Eliya,හඟුරන්කෙත ප්රා.ලේ.කො,බඹරගම නැගෙනහිර,HR3,HR3,,NBRI/NE/HKD/2026/LSG/72),NBRI/NE/HKD/2026/LSG/72),499/ඊ,House / නිවාස,Slope failures / බැවුම් අස්ථාවරවීම්,Resettle / නැවත පදිංචිකිරීම,Minor or No Damages / සුළුහානි හෝ හානි නොමැති,,,,,,2.0,,1.0,,3,,Nuwara Eliya,174.86,286.79,402.72,545.25,616.84,174.86,7.0,NASA POWER PRECTOTCORR / MERRA-2,ok
7.160612,80.779422,2025-11-27,2025-11-27,2025-11-27,1,parsed_single,2025.11.27,,2026-08-18,2026.08.18,Nuwara Eliya,හඟුරන්කෙත ප්රා.ලේ.කො,මාදන්වෙල,HR3,HR3,,NBRI/NE/HKD/2026/LSG/76,NBRI/NE/HKD/2026/LSG/76,493,House / නිවාස,Slope failures / බැවුම් අස්ථාවරවීම්,Resettle / නැවත පදිංචිකිරීම,Minor or No Damages / සුළුහානි හෝ හානි නොමැති,,,,,,1.0,,4.0,,5,,Nuwara Eliya,174.86,286.79,402.72,545.25,616.84,174.86,7.0,NASA POWER PRECTOTCORR / MERRA-2,ok
7.057198,80.90699,2025-11-27,2025-11-27,2025-11-27,1,parsed_single,2025.11.27,6.30 PM,2026-01-01,2026.01.01,Nuwara Eliya,නිල්දණ්ඩහින්න ප්රා.ලේ.කො,දෙමටාරාමය,HR3,HR3,,NBRI/NE/WLD[Nildandahinna]/2025/DMCP/45,NBRI/NE/WLD[Nildandahinna]/2025/DMCP/45,518 එෆ්,House / නිවාස,Landslide / නායයෑම්,Resettle / නැවත පදිංචිකිරීම,Minor or No Damages / සුළුහානි හෝ හානි නොමැති,,,,,,10.0,,,,10,,Nuwara Eliya,174.86,286.79,402.72,545.25,616.84,174.86,7.0,NASA POWER PRECTOTCORR / MERRA-2,ok
7.058556,80.914662,2025-11-27,2025-11-27,2025-11-27,1,parsed_single,2025.11.27,-,2026-01-01,2026.01.01,Nuwara Eliya,නිල්දණ්ඩහින්න ප්රා.ලේ.කො,දෙමටාරාමය,HR3,HR3,,NBRI/NE/WLD[Nildandahinna]/2025/DMCP/44,NBRI/NE/WLD[Nildandahinna]/2025/DMCP/44,518 එෆ්,House / නිවාස,Cutting failure / කණ්ඩි අස්ථාවරවීම්,Resettle / නැවත පදිංචිකිරීම,Minor or No Damages / සුළුහානි හෝ හානි නොමැති,,,,,,9.0,,7.0,,16,,Nuwara Eliya,174.86,286.79,402.72,545.25,616.84,174.86,7.0,NASA POWER PRECTOTCORR / MERRA-2,ok
6.997559,80.67321,2025-11-27,2025-11-27,2025-11-27,1,parsed_single,2025-11-27 00:00:00,,2026-01-09,2026-01-09 00:00:00,Nuwara Eliya,කොත්මලේ නැගෙනහිර ප්රා.ලේ.කො,ශීන් වත්ත,HR3,HR3,,NBRI/NE/KTD(East)/2026/KLKT/49),NBRI/NE/KTD(East)/2026/KLKT/49),,House / නිවාස,Slope failures / බැවුම් අස්ථාවරවීම්,Resettle / නැවත පදිංචිකිරීම,Minor or No Damages / සුළුහානි හෝ හානි නොමැති,,,,,,1.0,,,,1,,Nuwara Eliya,174.86,286.79,402.72,545.25,616.84,174.86,7.0,NASA POWER PRECTOTCORR / MERRA-2,ok
7.006743,80.68126,2025-11-27,2025-11-27,2025-11-27,1,parsed_single,2025-11-27 00:00:00,,2026-01-09,2026-01-09 00:00:00,Nuwara Eliya,කොත්මලේ නැගෙනහිර ප්රා.ලේ.කො,ශීන් වත්ත,HR3,HR3,,NBRI/NE/KTD[East]/2026/KLKT/46),NBRI/NE/KTD[East]/2026/KLKT/46),,House / නිවාස,Slope failures / බැවුම් අස්ථාවරවීම්,Resettle / නැවත පදිංචිකිරීම,Minor or No Damages / සුළුහානි හෝ හානි නොමැති,,,,,,1.0,,2.0,,3,,Nuwara Eliya,174.86,286.79,402.72,545.25,616.84,174.86,7.0,NASA POWER PRECTOTCORR / MERRA-2,ok
7.088966,80.916482,2025-11-27,2025-11-27,2025-11-27,1,parsed_single,2025.11.27,,2026-01-01,2026.01.01,Nuwara Eliya,නිල්දණ්ඩහින්න ප්රා.ලේ.කො,උඩමාදුර,HR3,HR3,,NBRI/NE/WLD[Nildandahinna]/2025/SMK/70,NBRI/NE/WLD[Nildandahinna]/2025/SMK/70,,House / නිවාස,Slope failures / බැවුම් අස්ථාවරවීම්,Resettle / නැවත පදිංචිකිරීම,Minor or No Damages / සුළුහානි හෝ හානි නොමැති,,,,,,8.0,,6.0,,14,,Nuwara Eliya,174.86,286.79,402.72,545.25,616.84,174.86,7.0,NASA POWER PRECTOTCORR / MERRA-2,ok
6.998234,80.683053,2025-11-27,2025-11-27,2025-11-27,1,parsed_single,2025-11-27 00:00:00,,2026-01-09,2026-01-09 00:00:00,Nuwara Eliya,කොත්මලේ නැගෙනහිර ප්රා.ලේ.කො,ශීන් වත්ත,HR3,HR3,,NBRI/NE/KTD(East)/2026/KLKT/50),NBRI/NE/KTD(East)/2026/KLKT/50),,House / නිවාස,Slope failures / බැවුම් අස්ථාවරවීම්,Resettle / නැවත පදිංචිකිරීම,Minor or No Damages / සුළුහානි හෝ හානි නොමැති,,,,,,1.0,,,,1,,Nuwara Eliya,174.86,286.79,402.72,545.25,616.84,174.86,7.0,NASA POWER PRECTOTCORR / MERRA-2,ok
7.013316,80.922254,2025-11-26,2025-11-26,2025-11-26,1,parsed_single,2025.11.26,උදේ 6.00,2026-01-03,2026.01.03,Nuwara Eliya,නිල්දණ්ඩහින්න ප්රා.ලේ.කො,කුරුපනාවෙල,HR3,HR3,,NBRI/NE/WLD[Nildandahinna]/2025/DSDD/47,NBRI/NE/WLD[Nildandahinna]/2025/DSDD/47,,House / නිවාස,Slope failures / බැවුම් අස්ථාවරවීම්,Resettle / නැවත පදිංචිකිරීම,Minor or No Damages / සුළුහානි හෝ හානි නොමැති,,,,,,7.0,,4.0,,11,,Nuwara Eliya,82.58,168.03,233.01,381.89000000000004,442.44,82.58,7.0,NASA POWER PRECTOTCORR / MERRA-2,ok
7.006844,80.680632,2025-11-28,2025-11-28,2025-11-28,1,parsed_single,2025-11-28 00:00:00,,2026-01-09,2026-01-09 00:00:00,Nuwara Eliya,කොත්මලේ නැගෙනහිර ප්රා.ලේ.කො,ශීන් වත්ත,HR3,HR3,,NBRI/NE/KTD(East)/2026/KLKT/55),NBRI/NE/KTD(East)/2026/KLKT/55),,House / නිවාස,Slope failures / බැවුම් අස්ථාවරවීම්,Resettle / නැවත පදිංචිකිරීම,Minor or No Damages / සුළුහානි හෝ හානි නොමැති,,,,,,3.0,,,,3,,Nuwara Eliya,64.6,322.03999999999996,457.49,601.37,680.32,174.86,7.0,NASA POWER PRECTOTCORR / MERRA-2,ok
7.070045,80.643981,2025-11-27,2025-11-27,2025-11-27,1,parsed_single,2025-11-27 00:00:00,,2026-01-06,2026-01-06 00:00:00,Nuwara Eliya,කොත්මලේ නැගෙනහිර ප්රා.ලේ.කො,මාවෙල නැගෙනහිර සහ මාවෙල කන්ද,HR3,HR3,,NBRI/NE/KTD[East]/2026/LY/51),NBRI/NE/KTD[East]/2026/LY/51),,House / නිවාස,Slope failures / බැවුම් අස්ථාවරවීම්,Resettle / නැවත පදිංචිකිරීම,Minor or No Damages / සුළුහානි හෝ හානි නොමැති,,,,,,3.0,,,,3,,Nuwara Eliya,174.86,286.79,402.72,545.25,616.84,174.86,7.0,NASA POWER PRECTOTCORR / MERRA-2,ok
7.079098,80.641136,2025-11-26,2025-11-26,2025-11-26,1,parsed_single,2025-11-26 00:00:00,,2026-01-18,2026-01-18 00:00:00,Nuwara Eliya,කොත්මලේ නැගෙනහිර ප්රා.ලේ.කො,නව මොරපේ,HR3,HR3,,NBRI/NE/KTD[East]/2026/LY/සංශෝධන/55),NBRI/NE/KTD[East]/2026/LY/සංශෝධන/55),456ඩී,House / නිවාස,Landslide / නායයෑම්,Resettle / නැවත පදිංචිකිරීම,Minor or No Damages / සුළුහානි හෝ හානි නොමැති,,,,,,2.0,,3.0,,5,,Nuwara Eliya,82.58,168.03,233.01,381.89000000000004,442.44,82.58,7.0,NASA POWER PRECTOTCORR / MERRA-2,ok
7.017858,80.913899,2025-11-26,2025-11-26,2025-11-26,1,parsed_single,2025.11.26,උදේ 6.00,2026-01-03,2026.1.03,Nuwara Eliya,නිල්දණ්ඩහින්න ප්රා.ලේ.කො,වතුලන්ද නැගෙනහිර,HR3,HR3,,NBRI/NE/WLD[Nildandahinna]/2025/DSDD/45,NBRI/NE/WLD[Nildandahinna]/2025/DSDD/45,,House / නිවාස,Slope failures / බැවුම් අස්ථාවරවීම්,Resettle / නැවත පදිංචිකිරීම,Minor or No Damages / සුළුහානි හෝ හානි නොමැති,,,,,,2.0,,2.0,,4,,Nuwara Eliya,82.58,168.03,233.01,381.89000000000004,442.44,82.58,7.0,NASA POWER PRECTOTCORR / MERRA-2,ok
7.067333,80.689656,2025-11-27,2025-11-27,2025-11-27,1,parsed_single,2025.11.27,,2026-02-03,2026.02.03,Nuwara Eliya,කොත්මලේ නැගෙනහිර ප්රා.ලේ.කො,රම්බොඩ,HR3,HR3,,NBRI/NE/KTD[East]/2026/LY/78),NBRI/NE/KTD[East]/2026/LY/78),474,House / නිවාස,Rock fall / ගල් පෙරලීම්,Resettle / නැවත පදිංචිකිරීම,Minor or No Damages / සුළුහානි හෝ හානි නොමැති,,,,,,1.0,,,,1,,Nuwara Eliya,174.86,286.79,402.72,545.25,616.84,174.86,7.0,NASA POWER PRECTOTCORR / MERRA-2,ok
7.073414,80.654126,2025-11-27,2025-11-27,2025-11-27,1,parsed_single,2025.11.27,,2026-02-06,2026.02.06,Nuwara Eliya,කොත්මලේ නැගෙනහිර ප්රා.ලේ.කො,හෙල්සිරිගම,HR3,HR3,,NBRI/NE/KTD[East]/2026/LY/97),NBRI/NE/KTD[East]/2026/LY/97),474ඩී,House / නිවාස,Other / වෙනත් (වෙනත් කරුණු යටතේ සදහන් කරන්න),Resettle / නැවත පදිංචිකිරීම,Minor or No Damages / සුළුහානි හෝ හානි නොමැති,,ජල බුබුළු මතුවීම,,,,1.0,,,,1,,Nuwara Eliya,174.86,286.79,402.72,545.25,616.84,174.86,7.0,NASA POWER PRECTOTCORR / MERRA-2,ok
7.073173,80.668358,2025-11-27,2025-11-27,2025-11-27,1,parsed_single,2025.11.27,,2026-02-16,2026.02.16,Nuwara Eliya,කොත්මලේ නැගෙනහිර ප්රා.ලේ.කො,දෙලුම්තලාමඩ / පනංගම්මන,HR3,HR3,,NBRI/NE/KTD[East]/2026/SMK/141),NBRI/NE/KTD[East]/2026/SMK/141),,House / නිවාස,Other / වෙනත් (වෙනත් කරුණු යටතේ සදහන් කරන්න),Resettle / නැවත පදිංචිකිරීම,Minor or No Damages / සුළුහානි හෝ හානි නොමැති,,ආතති පැලුම්,,,,1.0,,10.0,,11,,Nuwara Eliya,174.86,286.79,402.72,545.25,616.84,174.86,7.0,NASA POWER PRECTOTCORR / MERRA-2,ok
7.027443,80.664202,2025-11-27,2025-11-27,2025-11-27,1,parsed_single,2025-11-27 00:00:00,,2026-02-16,2026 /02/16,Nuwara Eliya,කොත්මලේ නැගෙනහිර ප්රා.ලේ.කො,මැදකන්ද,HR3,HR3,,NBRI/NE/KTD[East]/2026/KLKT/116),NBRI/NE/KTD[East]/2026/KLKT/116),,House / නිවාස,Slope failures / බැවුම් අස්ථාවරවීම්,Resettle / නැවත පදිංචිකිරීම,Minor or No Damages / සුළුහානි හෝ හානි නොමැති,,,,,,8.0,,8.0,,16,,Nuwara Eliya,174.86,286.79,402.72,545.25,616.84,174.86,7.0,NASA POWER PRECTOTCORR / MERRA-2,ok
7.033598,80.901734,2025-11-26,2025-11-26,2025-11-26,1,parsed_single,2025.11.26,,2026-01-01,2026.01.01,Nuwara Eliya,නිල්දණ්ඩහින්න ප්රා.ලේ.කො,මාතැටිල්ල,HR3,HR3,,NBRI/NE/WLD[Nildandahinna]/2025/LY/34,NBRI/NE/WLD[Nildandahinna]/2025/LY/34,528 - එෆ්,House / නිවාස,Rock fall / ගල් පෙරලීම්,Resettle / නැවත පදිංචිකිරීම,Minor or No Damages / සුළුහානි හෝ හානි නොමැති,,,,,,7.0,,10.0,,17,,Nuwara Eliya,82.58,168.03,233.01,381.89000000000004,442.44,82.58,7.0,NASA POWER PRECTOTCORR / MERRA-2,ok
7.06847,80.690125,2025-11-27,2025-11-27,2025-11-27,1,parsed_single,2025.11.27,,2026-02-16,2026.02.16,Nuwara Eliya,කොත්මලේ නැගෙනහිර ප්රා.ලේ.කො,රම්බොඩ,HR3,HR3,,NBRI/NE/KTD[East]/2026/LY/126),NBRI/NE/KTD[East]/2026/LY/126),,House / නිවාස,Rock fall / ගල් පෙරලීම්,Resettle / නැවත පදිංචිකිරීම,Minor or No Damages / සුළුහානි හෝ හානි නොමැති,,,,,,2.0,,,,2,,Nuwara Eliya,174.86,286.79,402.72,545.25,616.84,174.86,7.0,NASA POWER PRECTOTCORR / MERRA-2,ok
7.037886,80.661456,2025-11-27,2025-11-27,2025-11-27,1,parsed_single,2025.11.27,,2026-03-12,2026.03.12,Nuwara Eliya,කොත්මලේ නැගෙනහිර ප්රා.ලේ.කො,නියම්ගන්දොර,HR3,HR3,,NBRI/NE/KTD[East]/2026/DSDD/207),NBRI/NE/KTD[East]/2026/DSDD/207),470,House / නිවාස,Landslide / නායයෑම්,Resettle / නැවත පදිංචිකිරීම,Minor or No Damages / සුළුහානි හෝ හානි නොමැති,,,,,,8.0,,,,8,,Nuwara Eliya,174.86,286.79,402.72,545.25,616.84,174.86,7.0,NASA POWER PRECTOTCORR / MERRA-2,ok
7.018458,80.900569,2025-11-27,2025-11-27,2025-11-27,1,parsed_single,2025.11.27,,2025-12-23,2025.12.23,Nuwara Eliya,නිල්දණ්ඩහින්න ප්රා.ලේ.කො,අඹලියද්ද,HR3,HR3,,NBRI/NE/WLD[Nildandahinna]/2025/LY/21,NBRI/NE/WLD[Nildandahinna]/2025/LY/21,531,House / නිවාස,Slope failures / බැවුම් අස්ථාවරවීම්,Resettle / නැවත පදිංචිකිරීම,Minor or No Damages / සුළුහානි හෝ හානි නොමැති,,,,,,1.0,,9.0,,10,,Nuwara Eliya,174.86,286.79,402.72,545.25,616.84,174.86,7.0,NASA POWER PRECTOTCORR / MERRA-2,ok
7.068938,80.918604,2025-11-27,2025-11-27,2025-11-27,1,parsed_single,2025.11.27,,2026-01-01,2026.01.01,Nuwara Eliya,නිල්දණ්ඩහින්න ප්රා.ලේ.කො,දෙමටරාව,HR3,HR3,,NBRI/NE/WLD[Nildandahinna]/2025/KLKT/33,NBRI/NE/WLD[Nildandahinna]/2025/KLKT/33,518 එෆ්,House / නිවාස,Landslide / නායයෑම්,Resettle / නැවත පදිංචිකිරීම,Minor or No Damages / සුළුහානි හෝ හානි නොමැති,,,,,,3.0,,14.0,,17,,Nuwara Eliya,174.86,286.79,402.72,545.25,616.84,174.86,7.0,NASA POWER PRECTOTCORR / MERRA-2,ok
7.068614,80.689815,2025-11-27,2025-11-27,2025-11-27,1,parsed_single,2025.11.27,,,2026.04.18 සහ 2026.04.19,Nuwara Eliya,කොත්මලේ නැගෙනහිර ප්රා.ලේ.කො,රම්බොඩ,HR3,HR3,,NBRI/NE/KTD[East]/2026/VKG/45),NBRI/NE/KTD[East]/2026/VKG/45),474,House / නිවාස,Other / වෙනත් (වෙනත් කරුණු යටතේ සදහන් කරන්න),Resettle / නැවත පදිංචිකිරීම,Minor or No Damages / සුළුහානි හෝ හානි නොමැති,,නායයෑමක සුන්බුන් ගලනය වූ නිම්න මාර්ගයක පිහිටීම,,,,14.0,,7.0,,21,,Nuwara Eliya,174.86,286.79,402.72,545.25,616.84,174.86,7.0,NASA POWER PRECTOTCORR / MERRA-2,ok
7.024066,80.907605,2025-11-27,2025-11-27,2025-11-27,1,parsed_single,2025.11.27,,2026-01-03,2026.01.03,Nuwara Eliya,නිල්දණ්ඩහින්න ප්රා.ලේ.කො,ඇඹුලම්පහ,HR3,HR3,,NBRI/NE/WLD[Nildandahinna]/2025/LY/37,NBRI/NE/WLD[Nildandahinna]/2025/LY/37,531ඒ,House / නිවාස,Slope failures / බැවුම් අස්ථාවරවීම්,Resettle / නැවත පදිංචිකිරීම,Minor or No Damages / සුළුහානි හෝ හානි නොමැති,,(ස්ථීර පදිංචියක් නොමැත),,,,3.0,,14.0,,17,,Nuwara Eliya,174.86,286.79,402.72,545.25,616.84,174.86,7.0,NASA POWER PRECTOTCORR / MERRA-2,ok
7.03643,80.706645,2025-11-27,2025-11-27,2025-11-27,1,parsed_single,2025.11.27,,2026-05-04,2026.05.04,Nuwara Eliya,කොත්මලේ නැගෙනහිර ප්රා.ලේ.කො,පලාගොල්ල,HR3,HR3,,NBRI/NE/KTD[East]/2026/DSDD/272),NBRI/NE/KTD[East]/2026/DSDD/272),474සී,House / නිවාස,Rock fall / ගල් පෙරලීම්,Resettle / නැවත පදිංචිකිරීම,Minor or No Damages / සුළුහානි හෝ හානි නොමැති,,ගල් පෙරළීම / කණ්ඩි අස්ථාවරවීම,,,,4.0,,4.0,,8,,Nuwara Eliya,174.86,286.79,402.72,545.25,616.84,174.86,7.0,NASA POWER PRECTOTCORR / MERRA-2,ok
6.976429,80.873384,2025-11-27,2025-11-27,2025-11-27,1,parsed_single,2025-11-27 00:00:00,,2026-01-11,2026-01-11 00:00:00,Nuwara Eliya,නිල්දණ්ඩහින්න ප්රා.ලේ.කො,උඩුපුස්සැල්ලාව උතුර,HR3,HR3,,NBRI/NE/WLD[Nildandahinna]/2026/SMK/69),NBRI/NE/WLD[Nildandahinna]/2026/SMK/69),533 ඊ,House / නිවාස,Landslide / නායයෑම්,Resettle / නැවත පදිංචිකිරීම,Minor or No Damages / සුළුහානි හෝ හානි නොමැති,,,,,,2.0,,35.0,,37,,Nuwara Eliya,174.86,286.79,402.72,545.25,616.84,174.86,7.0,NASA POWER PRECTOTCORR / MERRA-2,ok
7.05343,80.677276,2025-11-27,2025-11-27,2025-11-27,1,parsed_single,2025.11.27,,2026-04-26,2026.04.26,Nuwara Eliya,කොත්මලේ නැගෙනහිර ප්රා.ලේ.කො,අඹතලාව,HR3,HR3,,NBRI/NE/KTD[East]/2026/SMK/198),NBRI/NE/KTD[East]/2026/SMK/198),470 /ඒ,House / නිවාස,Slope failures / බැවුම් අස්ථාවරවීම්,Resettle / නැවත පදිංචිකිරීම,Minor or No Damages / සුළුහානි හෝ හානි නොමැති,,,,,,2.0,,,,2,,Nuwara Eliya,174.86,286.79,402.72,545.25,616.84,174.86,7.0,NASA POWER PRECTOTCORR / MERRA-2,ok
7.053894,80.673706,2025-11-27,2025-11-27,2025-11-27,1,parsed_single,2025.11.27,,,2026.04.31,Nuwara Eliya,කොත්මලේ නැගෙනහිර ප්රා.ලේ.කො,අඹතලාව,HR3,HR3,,NBRI/NE/KTD[East]/2026/DSDD/277),NBRI/NE/KTD[East]/2026/DSDD/277),,House / නිවාස,Other / වෙනත් (වෙනත් කරුණු යටතේ සදහන් කරන්න),Resettle / නැවත පදිංචිකිරීම,Minor or No Damages / සුළුහානි හෝ හානි නොමැති,,,,,,2.0,,24.0,,26,,Nuwara Eliya,174.86,286.79,402.72,545.25,616.84,174.86,7.0,NASA POWER PRECTOTCORR / MERRA-2,ok
7.074747,80.652747,2025-11-27,2025-11-27,2025-11-27,1,parsed_single,2025.11.27,,2026-05-10,2026.05.10,Nuwara Eliya,කොත්මලේ නැගෙනහිර ප්රා.ලේ.කො,ගොඹුරුඔය,HR3,HR3,,NBRI/NE/KTD[East]/2026/SMK/219),NBRI/NE/KTD[East]/2026/SMK/219),,House / නිවාස,Slope failures / බැවුම් අස්ථාවරවීම්,Resettle / නැවත පදිංචිකිරීම,Minor or No Damages / සුළුහානි හෝ හානි නොමැති,0.0,,,,,1.0,,,,1,,Nuwara Eliya,174.86,286.79,402.72,545.25,616.84,174.86,7.0,NASA POWER PRECTOTCORR / MERRA-2,ok
7.078598,80.645048,2025-11-27,2025-11-27,2025-11-27,1,parsed_single,2025.11.27,,2026-05-10,2026.05.10,Nuwara Eliya,කොත්මලේ නැගෙනහිර ප්රා.ලේ.කො,රජඇළ,HR3,HR3,,NBRI/NE/KTD[East]/2026/VKG/53),NBRI/NE/KTD[East]/2026/VKG/53),,House / නිවාස,Other / වෙනත් (වෙනත් කරුණු යටතේ සදහන් කරන්න),Resettle / නැවත පදිංචිකිරීම,Minor or No Damages / සුළුහානි හෝ හානි නොමැති,0.0,නිම්න මාර්ගයක පිහිටීම,,,,2.0,,2.0,,4,,Nuwara Eliya,174.86,286.79,402.72,545.25,616.84,174.86,7.0,NASA POWER PRECTOTCORR / MERRA-2,ok
7.073033,80.635797,2025-11-27,2025-11-27,2025-11-27,1,parsed_single,2025.11.27,,2026-06-16,2026.06.16,Nuwara Eliya,කොත්මලේ නැගෙනහිර ප්රා.ලේ.කො,මාවෙල බටහිර,HR3,HR3,,NBRI/NE/KTD[East]/2026/WGMSS/105),NBRI/NE/KTD[East]/2026/WGMSS/105),456/ඩී,House / නිවාස,Other / වෙනත් (වෙනත් කරුණු යටතේ සදහන් කරන්න),Resettle / නැවත පදිංචිකිරීම,Minor or No Damages / සුළුහානි හෝ හානි නොමැති,0.0,බෑවුම් අස්ථාවරවීමේ සහ ගල් පෙරලීමේ අවදානම,,,,8.0,,6.0,,14,,Nuwara Eliya,174.86,286.79,402.72,545.25,616.84,174.86,7.0,NASA POWER PRECTOTCORR / MERRA-2,ok
7.017684,80.650857,2025-11-27,2025-11-27,2025-11-27,1,parsed_single,2025.11.27,,2026-06-16,2026.06.16,Nuwara Eliya,කොත්මලේ නැගෙනහිර ප්රා.ලේ.කො,බෝගහවෙල,HR3,HR3,,NBRI/NE/KTD[East]/2026/VKG/95),NBRI/NE/KTD[East]/2026/VKG/95),468/ඩී,House / නිවාස,Other / වෙනත් (වෙනත් කරුණු යටතේ සදහන් කරන්න),Resettle / නැවත පදිංචිකිරීම,Minor or No Damages / සුළුහානි හෝ හානි නොමැති,0.0,අවදානම් සහගත ලෙස නිම්න මාර්ගයක් තුළ පිහිටීම,,,,5.0,,7.0,,12,,Nuwara Eliya,174.86,286.79,402.72,545.25,616.84,174.86,7.0,NASA POWER PRECTOTCORR / MERRA-2,ok
7.065668,80.666907,2025-11-27,2025-11-27,2025-11-27,1,parsed_single,2025.11.27,,2026-06-19,2026.06.19,Nuwara Eliya,කොත්මලේ නැගෙනහිර ප්රා.ලේ.කො,පනම්ගම්මන,HR3,HR3,,NBRI/NE/KTD[East]/2026/LSG/47),NBRI/NE/KTD[East]/2026/LSG/47),473,House / නිවාස,Other / වෙනත් (වෙනත් කරුණු යටතේ සදහන් කරන්න),Resettle / නැවත පදිංචිකිරීම,Minor or No Damages / සුළුහානි හෝ හානි නොමැති,0.0,අධික බැවුම සහ නිම්න ආශ්‍රිත කලාපය,,,,3.0,,15.0,,18,,Nuwara Eliya,174.86,286.79,402.72,545.25,616.84,174.86,7.0,NASA POWER PRECTOTCORR / MERRA-2,ok
7.030028,80.652768,2025-11-27,2025-11-27,2025-11-27,1,parsed_single,2025.11.27,,2026-06-11,2026.06.11,Nuwara Eliya,කොත්මලේ නැගෙනහිර ප්රා.ලේ.කො,කිරිදිවෙල,HR3,HR3,,NBRI/NE/KTD[East]/2026/WGMSS/100),NBRI/NE/KTD[East]/2026/WGMSS/100),469/බී,House / නිවාස,Other / වෙනත් (වෙනත් කරුණු යටතේ සදහන් කරන්න),Resettle / නැවත පදිංචිකිරීම,Minor or No Damages / සුළුහානි හෝ හානි නොමැති,0.0,"නිම්න මාර්ගයකට ඉතා ආසන්නයේ පිහිටීම සහ බෑවුම් අස්ථාවර වීමේ අවදානම
ජල ගැලීම සහ සුන්බුන් ගලනය",,,,1.0,,4.0,,5,,Nuwara Eliya,174.86,286.79,402.72,545.25,616.84,174.86,7.0,NASA POWER PRECTOTCORR / MERRA-2,ok
7.044971,80.875646,2025-11-27,2025-11-27,2025-11-27,1,parsed_single,2025.11.27 සහ මීට පෙර සිටම,,2026-07-09,2026.07.09,Nuwara Eliya,වලපනේ ප්රා.ලේ.කො,හරස්බැද්ද උතුර,HR3,HR3,,NBRI/NE/WLD/2026/VKG/104),NBRI/NE/WLD/2026/VKG/104),526/බී,House / නිවාස,Other / වෙනත් (වෙනත් කරුණු යටතේ සදහන් කරන්න),Resettle / නැවත පදිංචිකිරීම,Minor or No Damages / සුළුහානි හෝ හානි නොමැති,,ඉහළ බෑවුම් ප්‍රදේශයේ ආතති පැලුම් මතුවීම,,,,3.0,,23.0,,26,,Nuwara Eliya,174.86,286.79,402.72,545.25,616.84,174.86,7.0,NASA POWER PRECTOTCORR / MERRA-2,ok
7.076308,80.878752,2025-11-27,2025-11-27,2025-11-27,1,parsed_single,2025-11-27 00:00:00,,2026-01-08,2026-01-08 00:00:00,Nuwara Eliya,වලපනේ ප්රා.ලේ.කො,වැරැල්ලපතන,HR3,HR3,,NBRI/NE/WLD/2026/DSDD/49),NBRI/NE/WLD/2026/DSDD/49),,House / නිවාස,Slope failures / බැවුම් අස්ථාවරවීම්,Resettle / නැවත පදිංචිකිරීම,Minor or No Damages / සුළුහානි හෝ හානි නොමැති,,,,,,1.0,,8.0,,9,,Nuwara Eliya,174.86,286.79,402.72,545.25,616.84,174.86,7.0,NASA POWER PRECTOTCORR / MERRA-2,ok
7.085699,80.868552,2025-11-26,2025-11-26,2025-11-28,2,parsed_range,2025.11.26 – 2025.11.28,,2026-01-11,2026-01-11 00:00:00,Nuwara Eliya,වලපනේ ප්රා.ලේ.කො,එගොඩකන්ද,HR3,HR3,,NBRI/NE/WLD/2026/DSDD/57),NBRI/NE/WLD/2026/DSDD/57),,House / නිවාස,Slope failures / බැවුම් අස්ථාවරවීම්,Resettle / නැවත පදිංචිකිරීම,Minor or No Damages / සුළුහානි හෝ හානි නොමැති,,,,,,1.0,,6.0,,7,,Nuwara Eliya,82.58,168.03,233.01,381.89000000000004,442.44,82.58,7.0,NASA POWER PRECTOTCORR / MERRA-2,ok
7.088818,80.815989,2025-11-27,2025-11-27,2025-11-27,1,parsed_single,2025.11.27,,2026-06-15,2026.06.15,Nuwara Eliya,වලපනේ ප්රා.ලේ.කො,ගලබඩ,HR3,HR3,,NBRI/NE/WLD/2026/KATD/28),NBRI/NE/WLD/2026/KATD/28),505/සී,House / නිවාස,Other / වෙනත් (වෙනත් කරුණු යටතේ සදහන් කරන්න),Resettle / නැවත පදිංචිකිරීම,Minor or No Damages / සුළුහානි හෝ හානි නොමැති,,ගල් පෙරලීමේ අවදානම,,,,14.0,,,,14,,Nuwara Eliya,174.86,286.79,402.72,545.25,616.84,174.86,7.0,NASA POWER PRECTOTCORR / MERRA-2,ok
7.076389,80.813889,2025-12-27,2025-12-27,2025-12-27,1,parsed_single,2025-12-27 00:00:00,,2026-01-06,2026-01-06 00:00:00,Nuwara Eliya,වලපනේ ප්රා.ලේ.කො,උකුතුලේ නැගෙනහිර,HR3,HR3,,NBRI/NE/WLD/2026/PTG/137),NBRI/NE/WLD/2026/PTG/137),507ඒ,House / නිවාස,Landslide / නායයෑම්,Resettle / නැවත පදිංචිකිරීම,Minor or No Damages / සුළුහානි හෝ හානි නොමැති,,,,,,2.0,,,,2,,Nuwara Eliya,0.27,1.6800000000000002,10.049999999999999,78.25999999999998,397.33000000000004,4.59,3.0,NASA POWER PRECTOTCORR / MERRA-2,ok
7.100988,80.881336,2025-11-27,2025-11-27,2025-11-27,1,parsed_single,2025-11-27 00:00:00,,2026-04-03,2026-04-03 00:00:00,Nuwara Eliya,වලපනේ ප්රා.ලේ.කො,කැන්දගොල්ල,HR3,HR3,,NBRI/NE/WLD/2026/WGMSS/50),NBRI/NE/WLD/2026/WGMSS/50),516 /A,House / නිවාස,Slope failures / බැවුම් අස්ථාවරවීම්,Resettle / නැවත පදිංචිකිරීම,Minor or No Damages / සුළුහානි හෝ හානි නොමැති,,,,,,2.0,,2.0,,4,,Nuwara Eliya,174.86,286.79,402.72,545.25,616.84,174.86,7.0,NASA POWER PRECTOTCORR / MERRA-2,ok
7.088789,80.835472,2025-11-27,2025-11-27,2025-11-27,1,parsed_single,2025-11-27 00:00:00,,2025-12-26,2025-12-26 00:00:00,Nuwara Eliya,වලපනේ ප්රා.ලේ.කො,කුරුඳුඔය,HR3,HR3,,NBRI/NE/WLD/2025/SMK/56,NBRI/NE/WLD/2025/SMK/56,504/E,House / නිවාස,Cutting failure / කණ්ඩි අස්ථාවරවීම්,Resettle / නැවත පදිංචිකිරීම,Minor or No Damages / සුළුහානි හෝ හානි නොමැති,,ගල් පෙරලිම්,,,,1.0,,5.0,,6,,Nuwara Eliya,174.86,286.79,402.72,545.25,616.84,174.86,7.0,NASA POWER PRECTOTCORR / MERRA-2,ok
7.095219,80.81926,2025-11-27,2025-11-27,2025-11-27,1,parsed_single,2025.11.27,,2026-06-15,2026.06.15,Nuwara Eliya,වලපනේ ප්රා.ලේ.කො,ගලබඩ,HR3,HR3,,NBRI/NE/WLD/2026/KATD/32),NBRI/NE/WLD/2026/KATD/32),505/සී,House / නිවාස,Other / වෙනත් (වෙනත් කරුණු යටතේ සදහන් කරන්න),Resettle / නැවත පදිංචිකිරීම,Minor or No Damages / සුළුහානි හෝ හානි නොමැති,,බෑවුම අස්‍ථාවරවීම,,,,3.0,,,,3,,Nuwara Eliya,174.86,286.79,402.72,545.25,616.84,174.86,7.0,NASA POWER PRECTOTCORR / MERRA-2,ok
7.0867,80.824558,,,,0,unparsed,අවධානමක් පමණක් පවතී,,2026-06-15,2026.06.15,Nuwara Eliya,වලපනේ ප්රා.ලේ.කො,ගලබඩ,HR3,HR3,,NBRI/NE/WLD/2026/VKG/93),NBRI/NE/WLD/2026/VKG/93),505/සී,House / නිවාස,Other / වෙනත් (වෙනත් කරුණු යටතේ සදහන් කරන්න),Resettle / නැවත පදිංචිකිරීම,Minor or No Damages / සුළුහානි හෝ හානි නොමැති,,"නායයෑමේ, බෑවුම අස්‍ථාවරවීමේ සහ ගල් පෙරලීමේ අවධානම",,,,16.0,,,,16,,Nuwara Eliya,,,,,,,,,
7.087345,80.869482,2025-11-26,2025-11-26,2025-11-27,2,parsed_range,2025.11.26 රාත්‍රී 11.00 සිට 2025.11.27 අලුයම දක්වා,,2025-12-28,2025-12-28 00:00:00,Nuwara Eliya,වලපනේ ප්රා.ලේ.කො,එගොඩකන්ද,HR3,HR3,,NBRI/NE/WLD/2025/BBW/05),NBRI/NE/WLD/2025/BBW/05),516 බී,House / නිවාස,Cutting failure / කණ්ඩි අස්ථාවරවීම්,Resettle / නැවත පදිංචිකිරීම,Minor or No Damages / සුළුහානි හෝ හානි නොමැති,,,,,,1.0,,1.0,1.0,3,,Nuwara Eliya,82.58,168.03,233.01,381.89000000000004,442.44,82.58,7.0,NASA POWER PRECTOTCORR / MERRA-2,ok
7.055437,80.836267,2025-11-27,2025-11-27,2025-11-27,1,parsed_single,2025-11-27 00:00:00,,2025-12-28,2025-12-28 00:00:00,Nuwara Eliya,වලපනේ ප්රා.ලේ.කො,මොරබැද්ද,HR3,HR3,,NBRI/NE/WLD/2025/PTG/98),NBRI/NE/WLD/2025/PTG/98),526 සී,House / නිවාස,Landslide / නායයෑම්,Resettle / නැවත පදිංචිකිරීම,Minor or No Damages / සුළුහානි හෝ හානි නොමැති,,,,,,2.0,,12.0,1.0,15,,Nuwara Eliya,174.86,286.79,402.72,545.25,616.84,174.86,7.0,NASA POWER PRECTOTCORR / MERRA-2,ok
7.121194,80.812656,2025-11-27,2025-11-27,2025-11-27,1,parsed_single,2025.11.27,,2026-06-04,2026.06.04,Nuwara Eliya,වලපනේ ප්රා.ලේ.කො,උණගොල්ල,HR3,HR3,,NBRI/NE/WLD/2026/KATD/21),NBRI/NE/WLD/2026/KATD/21),506/ඒ,House / නිවාස,Other / වෙනත් (වෙනත් කරුණු යටතේ සදහන් කරන්න),Resettle / නැවත පදිංචිකිරීම,Minor or No Damages / සුළුහානි හෝ හානි නොමැති,,බෑවුම අස්‍ථාවරවීම / නිවාස ඉරිතැලීම,,,,2.0,,,,2,,Nuwara Eliya,174.86,286.79,402.72,545.25,616.84,174.86,7.0,NASA POWER PRECTOTCORR / MERRA-2,ok
6.952263,80.690438,2025-11-27,2025-11-27,2025-11-27,1,parsed_single,2025-11-27 00:00:00,,2025-12-24,2025-12-24 00:00:00,Nuwara Eliya,තලවකැලේ ප්රා.ලේ.කො,ග්‍රටේ වෙස්ටර්න්,HR3,HR3,,NBRI/NE/NED/(THALWAKALE)/2025/LY/23,NBRI/NE/NED/(THALWAKALE)/2025/LY/23,475 Z,House / නිවාස,Landslide / නායයෑම්,Resettle / නැවත පදිංචිකිරීම,Minor or No Damages / සුළුහානි හෝ හානි නොමැති,,,,,,5.0,,1.0,,6,,Nuwara Eliya,174.86,286.79,402.72,545.25,616.84,174.86,7.0,NASA POWER PRECTOTCORR / MERRA-2,ok
7.057253,80.872166,2025-11-27,2025-11-27,2025-11-27,1,parsed_single,2025.11.27,,2026-03-25,2026.03.25,Nuwara Eliya,වලපනේ ප්රා.ලේ.කො,මහපතන,HR3,HR3,,NBRI/NE/WLD/2026/DSDD/227),NBRI/NE/WLD/2026/DSDD/227),516/ඩී,House / නිවාස,Other / වෙනත් (වෙනත් කරුණු යටතේ සදහන් කරන්න),Resettle / නැවත පදිංචිකිරීම,Minor or No Damages / සුළුහානි හෝ හානි නොමැති,,නිම්න මාර්ගයක් තුළ පිහිටීම ( නිවාස ඉරිතැලීම),,,,1.0,,3.0,,4,,Nuwara Eliya,174.86,286.79,402.72,545.25,616.84,174.86,7.0,NASA POWER PRECTOTCORR / MERRA-2,ok
7.100123,80.860011,2025-11-27,2025-11-27,2025-11-27,1,parsed_single,2025.11.27,,2026-03-25,2026.03.25,Nuwara Eliya,වලපනේ ප්රා.ලේ.කො,තැන්නෙහේන්වල,HR3,HR3,,NBRI/NE/WLD/2026/DSDD/231),NBRI/NE/WLD/2026/DSDD/231),514/ඩී,House / නිවාස,Slope failures / බැවුම් අස්ථාවරවීම්,Resettle / නැවත පදිංචිකිරීම,Minor or No Damages / සුළුහානි හෝ හානි නොමැති,,,,,,1.0,,1.0,,2,,Nuwara Eliya,174.86,286.79,402.72,545.25,616.84,174.86,7.0,NASA POWER PRECTOTCORR / MERRA-2,ok
7.006144,80.869393,2025-11-27,2025-11-27,2025-11-27,1,parsed_single,2025-11-27 00:00:00,,2025-12-25,2025-12-25 00:00:00,Nuwara Eliya,වලපනේ ප්රා.ලේ.කො,සෙනරත්පුර,HR3,HR3,,NBRI/NE/WLD/2025/SMK/54,NBRI/NE/WLD/2025/SMK/54,533 බී,House / නිවාස,Slope failures / බැවුම් අස්ථාවරවීම්,Resettle / නැවත පදිංචිකිරීම,Minor or No Damages / සුළුහානි හෝ හානි නොමැති,,,,,,2.0,,5.0,2.0,9,,Nuwara Eliya,174.86,286.79,402.72,545.25,616.84,174.86,7.0,NASA POWER PRECTOTCORR / MERRA-2,ok
7.063588,80.872382,2025-11-26,2025-11-26,2025-11-26,1,parsed_single,2025-11-26 00:00:00,,2025-12-31,2025-12-31 00:00:00,Nuwara Eliya,වලපනේ ප්රා.ලේ.කො,මහඌව,HR3,HR3,,NBRI/NE/WLD/2025/LY/32),NBRI/NE/WLD/2025/LY/32),515 / ඊ,House / නිවාස,Slope failures / බැවුම් අස්ථාවරවීම්,Resettle / නැවත පදිංචිකිරීම,Minor or No Damages / සුළුහානි හෝ හානි නොමැති,,,,,,5.0,,2.0,,7,,Nuwara Eliya,82.58,168.03,233.01,381.89000000000004,442.44,82.58,7.0,NASA POWER PRECTOTCORR / MERRA-2,ok
7.130874,80.844106,2025-11-07,2025-11-07,2025-11-07,1,parsed_single,2025-11-07 00:00:00,11.0 7 AM,2026-01-03,2026.01.03,Nuwara Eliya,වලපනේ ප්රා.ලේ.කො,ඉහළ පන්නල,HR3,HR3,,NBRI/NE/WLD/2025/DMCP/සංශෝධන/48),NBRI/NE/WLD/2025/DMCP/සංශෝධන/48),513 ඩී,House / නිවාස,Landslide / නායයෑම්,Resettle / නැවත පදිංචිකිරීම,Minor or No Damages / සුළුහානි හෝ හානි නොමැති,,,,,,3.0,,20.0,,23,,Nuwara Eliya,5.69,15.560000000000002,19.8,38.699999999999996,320.53000000000003,7.71,4.0,NASA POWER PRECTOTCORR / MERRA-2,ok
7.117753,80.816513,2025-11-27,2025-11-27,2025-11-27,1,parsed_single,2025-11-27 00:00:00,2.10 am,2025-12-11,2025-12-11 00:00:00,Nuwara Eliya,වලපනේ ප්රා.ලේ.කො,උණගොල්ල,HR3,HR3,,NBRI/NE/WLD/2025/DMCP/10 - Rev,NBRI/NE/WLD/2025/DMCP/10 - Rev,506 ඒ,House / නිවාස,Landslide / නායයෑම්,Resettle / නැවත පදිංචිකිරීම,Minor or No Damages / සුළුහානි හෝ හානි නොමැති,,,,,,13.0,,,,13,,Nuwara Eliya,174.86,286.79,402.72,545.25,616.84,174.86,7.0,NASA POWER PRECTOTCORR / MERRA-2,ok
7.051344,80.634896,2025-11-27,2025-11-27,2025-11-27,1,parsed_single,2025.11.27,,2026-07-15,2026.07.15,Nuwara Eliya,කොත්මලේ බටහිර ප්රා.ලේ.කො,වටද්දර,HR3,HR3,,NBRI/NE/KTD[West]/2026/SMK/230),NBRI/NE/KTD[West]/2026/SMK/230),,House / නිවාස,Other / වෙනත් (වෙනත් කරුණු යටතේ සදහන් කරන්න),Resettle / නැවත පදිංචිකිරීම,Minor or No Damages / සුළුහානි හෝ හානි නොමැති,,ආතති පැලුම්,,,,1.0,,11.0,,12,,Nuwara Eliya,174.86,286.79,402.72,545.25,616.84,174.86,7.0,NASA POWER PRECTOTCORR / MERRA-2,ok
7.07347,80.608652,2025-11-27,2025-11-27,2025-11-27,1,parsed_single,2025.11.27,,2026-07-21,2026.07.21,Nuwara Eliya,කොත්මලේ බටහිර ප්රා.ලේ.කො,කොටගේපිටිය උතුර,HR3,HR3,,NBRI/NE/KTD[West]/2026/VKG/110),NBRI/NE/KTD[West]/2026/VKG/110),459/බී,House / නිවාස,Rock fall / ගල් පෙරලීම්,Resettle / නැවත පදිංචිකිරීම,Minor or No Damages / සුළුහානි හෝ හානි නොමැති,,,,,,1.0,,16.0,1.0,18,,Nuwara Eliya,174.86,286.79,402.72,545.25,616.84,174.86,7.0,NASA POWER PRECTOTCORR / MERRA-2,ok
7.05544,80.562558,2025-11-27,2025-11-27,2025-11-27,1,parsed_single,2025.11.27 සහ ඉන් පෙර සිටම,,2026-06-03,2026.06.03,Nuwara Eliya,කොත්මලේ බටහිර ප්රා.ලේ.කො,රුවන්පුර,HR3,HR3,,NBRI/NE/KTD[West]/2026/VKG/105),NBRI/NE/KTD[West]/2026/VKG/105),460 සී,House / නිවාස,Slope failures / බැවුම් අස්ථාවරවීම්,Resettle / නැවත පදිංචිකිරීම,Minor or No Damages / සුළුහානි හෝ හානි නොමැති,,,,,,2.0,,1.0,,3,,Nuwara Eliya,174.86,286.79,402.72,545.25,616.84,174.86,7.0,NASA POWER PRECTOTCORR / MERRA-2,ok
7.055531,80.656901,2025-11-26,2025-11-26,2025-11-28,2,parsed_range,2025.11.26 – 2025.11.28,,2026-07-12,2026.07.12,Nuwara Eliya,කොත්මලේ බටහිර ප්රා.ලේ.කො,හැදුනුවැව,HR3,HR3,,NBRI/NE/KTD[West]/2026/VKG/103),NBRI/NE/KTD[West]/2026/VKG/103),465/ඊ,House / නිවාස,Slope failures / බැවුම් අස්ථාවරවීම්,Resettle / නැවත පදිංචිකිරීම,Minor or No Damages / සුළුහානි හෝ හානි නොමැති,,,,,,1.0,,8.0,4.0,13,,Nuwara Eliya,82.58,168.03,233.01,381.89000000000004,442.44,82.58,7.0,NASA POWER PRECTOTCORR / MERRA-2,ok
7.049372,80.600158,2025-11-27,2025-11-27,2025-11-27,1,parsed_single,2025.11.27,,2026-05-29,2026.05.29,Nuwara Eliya,කොත්මලේ බටහිර ප්රා.ලේ.කො,කිරිමැටියාව,HR3,HR3,,NBRI/NE/KTD[West]/2026/KATD/18),NBRI/NE/KTD[West]/2026/KATD/18),461/බී,House / නිවාස,Other / වෙනත් (වෙනත් කරුණු යටතේ සදහන් කරන්න),Resettle / නැවත පදිංචිකිරීම,Minor or No Damages / සුළුහානි හෝ හානි නොමැති,,ආතති පැලුම් / කණ්ඩි අස්ථාවරවීම බෑවුම් අස්ථාවරවීමක් දක්වා වර්ධනය,,,,1.0,,7.0,,8,,Nuwara Eliya,174.86,286.79,402.72,545.25,616.84,174.86,7.0,NASA POWER PRECTOTCORR / MERRA-2,ok
7.071545,80.556613,2025-11-27,2025-11-27,2025-11-27,1,parsed_single,2025.11.27,,2026-06-03,2026.06.03,Nuwara Eliya,කොත්මලේ බටහිර ප්රා.ලේ.කො,පොල්වතුර,HR3,HR3,,NBRI/NE/KTD[West]/2026/VKG/80),NBRI/NE/KTD[West]/2026/VKG/80),460/කේ,House / නිවාස,Slope failures / බැවුම් අස්ථාවරවීම්,Resettle / නැවත පදිංචිකිරීම,Minor or No Damages / සුළුහානි හෝ හානි නොමැති,,,,,,1.0,,,,1,,Nuwara Eliya,174.86,286.79,402.72,545.25,616.84,174.86,7.0,NASA POWER PRECTOTCORR / MERRA-2,ok
7.07013,80.59534,2025-11-28,2025-11-28,2025-11-28,1,parsed_single,2025.11.28,,2026-06-03,2026.06.03,Nuwara Eliya,කොත්මලේ බටහිර ප්රා.ලේ.කො,නයාපාන,HR3,HR3,,NBRI/NE/KTD[West]/2026/DSDD/312),NBRI/NE/KTD[West]/2026/DSDD/312),,House / නිවාස,Other / වෙනත් (වෙනත් කරුණු යටතේ සදහන් කරන්න),Resettle / නැවත පදිංචිකිරීම,Minor or No Damages / සුළුහානි හෝ හානි නොමැති,,"ඇළ මාර්ගය ආසන්නයේ, පෙර සිදු වූ නායයෑම් හේතුවෙන් නිර්මාණය වූ කිදාවන් (Previous Scar)",,,,1.0,,6.0,,7,,Nuwara Eliya,64.6,322.03999999999996,457.49,601.37,680.32,174.86,7.0,NASA POWER PRECTOTCORR / MERRA-2,ok
7.060168,80.653468,2025-11-27,2025-11-27,2025-11-27,1,parsed_single,2025.11.27,,2026-05-26,2026.05.26,Nuwara Eliya,කොත්මලේ බටහිර ප්රා.ලේ.කො,වෑතලාව,HR3,HR3,,NBRI/NE/KTD[West]/2026/VKG/67),NBRI/NE/KTD[West]/2026/VKG/67),465/ඊ,House / නිවාස,Slope failures / බැවුම් අස්ථාවරවීම්,Resettle / නැවත පදිංචිකිරීම,Minor or No Damages / සුළුහානි හෝ හානි නොමැති,0.0,,,,,1.0,,1.0,2.0,4,,Nuwara Eliya,174.86,286.79,402.72,545.25,616.84,174.86,7.0,NASA POWER PRECTOTCORR / MERRA-2,ok
7.029593,80.644073,2025-11-27,2025-11-27,2025-11-27,1,parsed_single,2025.11.27,,2026-05-26,2026.05.26,Nuwara Eliya,කොත්මලේ බටහිර ප්රා.ලේ.කො,මල්දෙණිය,HR3,HR3,,NBRI/NE/KTD[West]/2026/WGMSS/83),NBRI/NE/KTD[West]/2026/WGMSS/83),466/ඒ,House / නිවාස,Slope failures / බැවුම් අස්ථාවරවීම්,Resettle / නැවත පදිංචිකිරීම,Minor or No Damages / සුළුහානි හෝ හානි නොමැති,,,,,,1.0,,10.0,,11,,Nuwara Eliya,174.86,286.79,402.72,545.25,616.84,174.86,7.0,NASA POWER PRECTOTCORR / MERRA-2,ok
7.001765,80.616995,2025-11-27,2025-11-27,2025-11-27,1,parsed_single,2025.11.27,,2026-01-27,2026.01.27,Nuwara Eliya,කොත්මලේ බටහිර ප්රා.ලේ.කො,බෙරමාන උතුර,HR3,HR3,,NBRI/NE/KTD[West]/2026/KLKT/120),NBRI/NE/KTD[West]/2026/KLKT/120),467/ඩී,House / නිවාස,Slope failures / බැවුම් අස්ථාවරවීම්,Resettle / නැවත පදිංචිකිරීම,Minor or No Damages / සුළුහානි හෝ හානි නොමැති,,,,,,1.0,,2.0,1.0,4,,Nuwara Eliya,174.86,286.79,402.72,545.25,616.84,174.86,7.0,NASA POWER PRECTOTCORR / MERRA-2,ok
7.065536,80.599549,2025-11-27,2025-11-27,2025-11-27,1,parsed_single,2025.11.27,,2026-05-04,2026.05.04,Nuwara Eliya,කොත්මලේ බටහිර ප්රා.ලේ.කො,කඩදොර,HR3,HR3,,NBRI/NE/KTD[West]/2026/LY/145),NBRI/NE/KTD[West]/2026/LY/145),459,House / නිවාස,Other / වෙනත් (වෙනත් කරුණු යටතේ සදහන් කරන්න),Resettle / නැවත පදිංචිකිරීම,Minor or No Damages / සුළුහානි හෝ හානි නොමැති,,"කණ්ඩි අස්ථාවරවීම බෑවුම් අස්ථාවරවීමක් දක්වා වර්ධනය වීම, ව්‍යූහාත්මක අස්ථාවරතා",,,,1.0,,5.0,8.0,14,,Nuwara Eliya,174.86,286.79,402.72,545.25,616.84,174.86,7.0,NASA POWER PRECTOTCORR / MERRA-2,ok
7.070445,80.601835,2025-11-27,2025-11-27,2025-11-27,1,parsed_single,2025-11-27 00:00:00,,2026-04-17,2026-04-17 00:00:00,Nuwara Eliya,කොත්මලේ බටහිර ප්රා.ලේ.කො,කඩදොර,HR3,HR3,,NBRI/NE/KTD[West]/2026/WGMSS/48),NBRI/NE/KTD[West]/2026/WGMSS/48),459,House / නිවාස,Other / වෙනත් (වෙනත් කරුණු යටතේ සදහන් කරන්න),Resettle / නැවත පදිංචිකිරීම,Minor or No Damages / සුළුහානි හෝ හානි නොමැති,,බෑවුම් අස්ථාවර වීම් හා ගල් පෙරලීම්,,,,2.0,,13.0,,15,,Nuwara Eliya,174.86,286.79,402.72,545.25,616.84,174.86,7.0,NASA POWER PRECTOTCORR / MERRA-2,ok
7.068022,80.899459,2025-11-27,2025-11-27,2025-11-27,1,parsed_single,2025.11.27,,2026-04-17,2026.04.17,Nuwara Eliya,කොත්මලේ බටහිර ප්රා.ලේ.කො,කඩදොර,HR3,HR3,,NBRI/NE/KTD[West]/2026/DSDD/260),NBRI/NE/KTD[West]/2026/DSDD/260),459,House / නිවාස,Other / වෙනත් (වෙනත් කරුණු යටතේ සදහන් කරන්න),Resettle / නැවත පදිංචිකිරීම,Minor or No Damages / සුළුහානි හෝ හානි නොමැති,,ඇළ මාර්ගය අවහිර කර ඉදිකිරීම් සිදුකර ඇති අතර එහිදී පිරවුම් පස අසංතතික ස්ථායිකරණයට ලක් කර ඇත.,,,,1.0,,5.0,,6,,Nuwara Eliya,174.86,286.79,402.72,545.25,616.84,174.86,7.0,NASA POWER PRECTOTCORR / MERRA-2,ok
7.067479,80.560692,2025-11-27,2025-11-27,2025-11-27,1,parsed_single,2025.11.27,,2026-03-16,2026.03.16,Nuwara Eliya,කොත්මලේ බටහිර ප්රා.ලේ.කො,ඉහළ ගොරකඔය,HR3,HR3,,NBRI/NE/KTD[West]/2026/DSDD/210),NBRI/NE/KTD[West]/2026/DSDD/210),460/ජේ,House / නිවාස,Other / වෙනත් (වෙනත් කරුණු යටතේ සදහන් කරන්න),Resettle / නැවත පදිංචිකිරීම,Minor or No Damages / සුළුහානි හෝ හානි නොමැති,,නිම්නය අසල ආතති පැලුම්,,,,5.0,,7.0,,12,,Nuwara Eliya,174.86,286.79,402.72,545.25,616.84,174.86,7.0,NASA POWER PRECTOTCORR / MERRA-2,ok
7.04399,80.650961,2025-11-27,2025-11-27,2025-11-27,1,parsed_single,2025-11-27 00:00:00,,2025-02-05,2025-02-05 00:00:00,Nuwara Eliya,කොත්මලේ බටහිර ප්රා.ලේ.කො,කල්පිටිය නැගෙනහිර,HR3,HR3,,NBRI/NE/KTD[West]/2026/DMCP/86),NBRI/NE/KTD[West]/2026/DMCP/86),,House / නිවාස,Other / වෙනත් (වෙනත් කරුණු යටතේ සදහන් කරන්න),Resettle / නැවත පදිංචිකිරීම,Minor or No Damages / සුළුහානි හෝ හානි නොමැති,,සුළු හානි පිටුපස ඇති බැවුම් අස්ථාවර වී සුන්බුන් ගලනය වී ඇත .,,,,2.0,,,,2,,Nuwara Eliya,174.86,286.79,402.72,545.25,616.84,174.86,7.0,NASA POWER PRECTOTCORR / MERRA-2,ok
7.017391,80.626393,2025-11-27,2025-11-27,2025-11-27,1,parsed_single,2025.11.27,,2026-01-27,2026.01.27,Nuwara Eliya,කොත්මලේ බටහිර ප්රා.ලේ.කො,රාවණාගොඩ බටහිර,HR3,HR3,,NBRI/NE/KTD[West]/2026/KLKT/සංශෝධන/100),NBRI/NE/KTD[West]/2026/KLKT/සංශෝධන/100),467ඊ,House / නිවාස,Slope failures / බැවුම් අස්ථාවරවීම්,Resettle / නැවත පදිංචිකිරීම,Minor or No Damages / සුළුහානි හෝ හානි නොමැති,,,,,,5.0,,9.0,,14,,Nuwara Eliya,174.86,286.79,402.72,545.25,616.84,174.86,7.0,NASA POWER PRECTOTCORR / MERRA-2,ok
7.009989,80.831251,2025-11-27,2025-11-27,2025-11-27,1,parsed_single,2025.11.27,,2026-02-02,2026.02.02,Nuwara Eliya,වලපනේ ප්රා.ලේ.කො,බෲක්සයිඩ්,HR3,HR3,,NBRI/NE/WLD/2026/SMK/118),NBRI/NE/WLD/2026/SMK/118),33 / 0,House / නිවාස,Other / වෙනත් (වෙනත් කරුණු යටතේ සදහන් කරන්න),Resettle / නැවත පදිංචිකිරීම,Minor or No Damages / සුළුහානි හෝ හානි නොමැති,,සුන්බුන් ගලනය,,,,3.0,,,,3,,Nuwara Eliya,174.86,286.79,402.72,545.25,616.84,174.86,7.0,NASA POWER PRECTOTCORR / MERRA-2,ok
6.998057,80.620727,2025-11-27,2025-11-27,2025-11-27,1,parsed_single,2025.11.27,,2026-01-27,2026.01.27,Nuwara Eliya,කොත්මලේ බටහිර ප්රා.ලේ.කො,බෙරමාන උතුර,HR3,HR3,,NBRI/NE/KTD[West]/2026/KLKT/99),NBRI/NE/KTD[West]/2026/KLKT/99),467ඩී,House / නිවාස,Rock fall / ගල් පෙරලීම්,Resettle / නැවත පදිංචිකිරීම,Minor or No Damages / සුළුහානි හෝ හානි නොමැති,,,,,,2.0,,,,2,,Nuwara Eliya,174.86,286.79,402.72,545.25,616.84,174.86,7.0,NASA POWER PRECTOTCORR / MERRA-2,ok
7.03425,80.6413,2025-11-27,2025-11-27,2025-11-27,1,parsed_single,2025-11-27 00:00:00,,2026-01-21,2026-01-21 00:00:00,Nuwara Eliya,කොත්මලේ බටහිර ප්රා.ලේ.කො,කටාරන්දන,HR3,HR3,,NBRI/NE/KTD[West]/2026/KLKT/82),NBRI/NE/KTD[West]/2026/KLKT/82),466 / බී,House / නිවාස,Slope failures / බැවුම් අස්ථාවරවීම්,Resettle / නැවත පදිංචිකිරීම,Minor or No Damages / සුළුහානි හෝ හානි නොමැති,,,,,,2.0,,,,2,,Nuwara Eliya,174.86,286.79,402.72,545.25,616.84,174.86,7.0,NASA POWER PRECTOTCORR / MERRA-2,ok
7.052975,80.57031,2025-11-27,2025-11-27,2025-11-27,1,parsed_single,2025-11-27 00:00:00,,2026-01-22,2026.01.22,Nuwara Eliya,කොත්මලේ බටහිර ප්රා.ලේ.කො,රුවන්පුර,HR3,HR3,,NBRI/NE/KTD[West]/2026/KLKT/94),NBRI/NE/KTD[West]/2026/KLKT/94),460 සි,House / නිවාස,Slope failures / බැවුම් අස්ථාවරවීම්,Resettle / නැවත පදිංචිකිරීම,Minor or No Damages / සුළුහානි හෝ හානි නොමැති,,,,,,1.0,,,,1,,Nuwara Eliya,174.86,286.79,402.72,545.25,616.84,174.86,7.0,NASA POWER PRECTOTCORR / MERRA-2,ok
7.034833,80.884878,2025-11-27,2025-11-27,2025-11-27,1,parsed_single,2025-11-27 00:00:00,,2026-01-22,2026-01-22 00:00:00,Nuwara Eliya,වලපනේ ප්රා.ලේ.කො,පණ්ඩිතයාකුඹුර,HR3,HR3,,NBRI/NE/WLD/2026/PTG/185),NBRI/NE/WLD/2026/PTG/185),529 ඒ,House / නිවාස,Cutting failure / කණ්ඩි අස්ථාවරවීම්,Resettle / නැවත පදිංචිකිරීම,Minor or No Damages / සුළුහානි හෝ හානි නොමැති,,,,,,1.0,,17.0,,18,,Nuwara Eliya,174.86,286.79,402.72,545.25,616.84,174.86,7.0,NASA POWER PRECTOTCORR / MERRA-2,ok
7.032779,80.886245,2025-11-27,2025-11-27,2025-11-27,1,parsed_single,2025-11-27 00:00:00,,2026-01-22,2026-01-22 00:00:00,Nuwara Eliya,වලපනේ ප්රා.ලේ.කො,පණ්ඩිතයාකුඹුර,HR3,HR3,,NBRI/NE/WLD/2026/PTG/189),NBRI/NE/WLD/2026/PTG/189),529 ඒ,School / පාසැල,Cutting failure / කණ්ඩි අස්ථාවරවීම්,Resettle / නැවත පදිංචිකිරීම,Minor or No Damages / සුළුහානි හෝ හානි නොමැති,,,,,,1.0,,1.0,,2,,Nuwara Eliya,174.86,286.79,402.72,545.25,616.84,174.86,7.0,NASA POWER PRECTOTCORR / MERRA-2,ok
7.02635,80.880612,2025-11-27,2025-11-27,2025-11-27,1,parsed_single,2025-11-27 00:00:00,,2026-01-22,2026-01-22 00:00:00,Nuwara Eliya,වලපනේ ප්රා.ලේ.කො,මන්ත්‍රීතැන්න,HR3,HR3,,NBRI/NE/WLD/2026/PTG/173),NBRI/NE/WLD/2026/PTG/173),,House / නිවාස,Landslide / නායයෑම්,Resettle / නැවත පදිංචිකිරීම,Minor or No Damages / සුළුහානි හෝ හානි නොමැති,,,,,,1.0,,3.0,,4,,Nuwara Eliya,174.86,286.79,402.72,545.25,616.84,174.86,7.0,NASA POWER PRECTOTCORR / MERRA-2,ok
7.03104,80.883994,2025-11-27,2025-11-27,2025-11-27,1,parsed_single,2025-11-27 00:00:00,,2026-01-22,2026-01-22 00:00:00,Nuwara Eliya,වලපනේ ප්රා.ලේ.කො,මන්ත්‍රීතැන්න,HR3,HR3,,NBRI/NE/WLD/2026/PTG/174),NBRI/NE/WLD/2026/PTG/174),529,House / නිවාස,Landslide / නායයෑම්,Resettle / නැවත පදිංචිකිරීම,Minor or No Damages / සුළුහානි හෝ හානි නොමැති,,,,,,1.0,,2.0,,3,,Nuwara Eliya,174.86,286.79,402.72,545.25,616.84,174.86,7.0,NASA POWER PRECTOTCORR / MERRA-2,ok
6.952238,80.674994,2025-11-27,2025-11-27,2025-11-27,1,parsed_single,2025-11-27 00:00:00,,2025-12-24,2025-12-24 00:00:00,Nuwara Eliya,තලවකැලේ ප්රා.ලේ.කො,ග්‍රටේ වෙස්ටර්න්,HR3,HR3,,NBRI/NE/NED/(THALWAKALE)/2025/LY/24,NBRI/NE/NED/(THALWAKALE)/2025/LY/24,475 Z,House / නිවාස,Landslide / නායයෑම්,Resettle / නැවත පදිංචිකිරීම,Partially / අර්ධහානි,,,,,,1.0,,2.0,,3,,Nuwara Eliya,174.86,286.79,402.72,545.25,616.84,174.86,7.0,NASA POWER PRECTOTCORR / MERRA-2,ok
7.04645,80.645162,2025-11-27,2025-11-27,2025-11-27,1,parsed_single,2025-11-27 00:00:00,,2025-12-08,2025-12-08 00:00:00,Nuwara Eliya,කොත්මලේ බටහිර ප්රා.ලේ.කො,කලපිටිය බටහිර,HR3,HR3,,NBRI/NE/KTD[West]/2025/PTG/19 - Rev,NBRI/NE/KTD[West]/2025/PTG/19 - Rev,,House / නිවාස,Landslide / නායයෑම්,Resettle / නැවත පදිංචිකිරීම,Minor or No Damages / සුළුහානි හෝ හානි නොමැති,,,,,,3.0,,26.0,,29,,Nuwara Eliya,174.86,286.79,402.72,545.25,616.84,174.86,7.0,NASA POWER PRECTOTCORR / MERRA-2,ok
7.015817,80.901103,2025-11-27,2025-11-27,2025-11-27,1,parsed_single,2025-11-27 00:00:00,,2026-03-04,2026-03-04 00:00:00,Nuwara Eliya,නිල්දණ්ඩහින්න ප්රා.ලේ.කො,අඹලියද්ද,HR3,HR3,,NBRI/NE/WLD[Nildandahinna]/2026/DMCP/152),NBRI/NE/WLD[Nildandahinna]/2026/DMCP/152),,House / නිවාස,Landslide / නායයෑම්,Resettle / නැවත පදිංචිකිරීම,Minor or No Damages / සුළුහානි හෝ හානි නොමැති,,,,,,10.0,,,,10,,Nuwara Eliya,174.86,286.79,402.72,545.25,616.84,174.86,7.0,NASA POWER PRECTOTCORR / MERRA-2,ok
7.048942,80.605185,2025-11-28,2025-11-28,2025-11-28,1,parsed_single,2025-11-28 00:00:00,,2025-12-11,2025-12-11 00:00:00,Nuwara Eliya,කොත්මලේ බටහිර ප්රා.ලේ.කො,තිස්පනේ කන්ද,HR3,HR3,,NBRI/NE/KTD[West]/2025/DSDD/​13,NBRI/NE/KTD[West]/2025/DSDD/​13,,House / නිවාස,Slope failures / බැවුම් අස්ථාවරවීම්,Resettle / නැවත පදිංචිකිරීම,Minor or No Damages / සුළුහානි හෝ හානි නොමැති,,,,,,1.0,,10.0,,11,,Nuwara Eliya,64.6,322.03999999999996,457.49,601.37,680.32,174.86,7.0,NASA POWER PRECTOTCORR / MERRA-2,ok
7.045416,80.599277,2025-11-28,2025-11-28,2025-11-28,1,parsed_single,2025-11-28 00:00:00,Night,2025-12-11,2025-12-11 00:00:00,Nuwara Eliya,කොත්මලේ බටහිර ප්රා.ලේ.කො,හරංගල දකුණ,HR3,HR3,,NBRI/NE/KTD[West]/2025/DSDD/​12 - Rev,NBRI/NE/KTD[West]/2025/DSDD/​12 - Rev,461 / ඒ,House / නිවාස,Slope failures / බැවුම් අස්ථාවරවීම්,Resettle / නැවත පදිංචිකිරීම,Minor or No Damages / සුළුහානි හෝ හානි නොමැති,,,,,,2.0,,1.0,,3,,Nuwara Eliya,64.6,322.03999999999996,457.49,601.37,680.32,174.86,7.0,NASA POWER PRECTOTCORR / MERRA-2,ok
7.05208,80.626611,2025-11-28,2025-11-28,2025-11-28,1,parsed_single,2025-11-28 00:00:00,Morning,2025-12-08,2025-12-08 00:00:00,Nuwara Eliya,කොත්මලේ බටහිර ප්රා.ලේ.කො,වටද්දර,HR3,HR3,,NBRI/NE/KTD[West]/2025/DSDD/​09 - Rev,NBRI/NE/KTD[West]/2025/DSDD/​09 - Rev,,House / නිවාස,Slope failures / බැවුම් අස්ථාවරවීම්,Resettle / නැවත පදිංචිකිරීම,Minor or No Damages / සුළුහානි හෝ හානි නොමැති,,,,,,1.0,,9.0,,10,,Nuwara Eliya,64.6,322.03999999999996,457.49,601.37,680.32,174.86,7.0,NASA POWER PRECTOTCORR / MERRA-2,ok
7.032652,80.630748,2025-11-27,2025-11-27,2025-11-28,2,parsed_range,2025.11.27 – 2025.11.28,,2026-06-06,2026.06.06,Nuwara Eliya,කොත්මලේ බටහිර ප්රා.ලේ.කො,දොඹගස්තලාව,HR3,HR3,,NBRI/NE/KTD[West]/2026/KATD/25),NBRI/NE/KTD[West]/2026/KATD/25),465/එච්,House / නිවාස,Other / වෙනත් (වෙනත් කරුණු යටතේ සදහන් කරන්න),Resettle / නැවත පදිංචිකිරීම,Minor or No Damages / සුළුහානි හෝ හානි නොමැති,,බෑවුම් අස්ථාවරවීමේ අවධානම,,,,1.0,,4.0,1.0,6,,Nuwara Eliya,174.86,286.79,402.72,545.25,616.84,174.86,7.0,NASA POWER PRECTOTCORR / MERRA-2,ok
6.997335,80.620688,2025-11-27,2025-11-27,2025-11-27,1,parsed_single,2025-11-27 00:00:00,,,2026 /01/27 හා 2026/02/27,Nuwara Eliya,කොත්මලේ බටහිර ප්රා.ලේ.කො,බෙරමාන උතුර,HR3,HR3,,NBRI/NE/KTD[West]/2026/KLKT/117),NBRI/NE/KTD[West]/2026/KLKT/117),,House / නිවාස,"Rock fall / ගල් පෙරලීම්, Slope failures / බැවුම් අස්ථාවරවීම්",Resettle / නැවත පදිංචිකිරීම,Minor or No Damages / සුළුහානි හෝ හානි නොමැති,,,,,,2.0,,4.0,,6,,Nuwara Eliya,174.86,286.79,402.72,545.25,616.84,174.86,7.0,NASA POWER PRECTOTCORR / MERRA-2,ok
6.983345,80.875009,2025-11-27,2025-11-27,2025-11-27,1,parsed_single,2025.11.27,,2026-06-14,2026.06.14,Nuwara Eliya,නිල්දණ්ඩහින්න ප්රා.ලේ.කො,ඩෙල්මාර්,HR3,HR3,,NBRI/NE/WLD[Nildandahinna]/2026/VKG/88),NBRI/NE/WLD[Nildandahinna]/2026/VKG/88),,Religiou / ආගමික ස්ථානය,Other / වෙනත් (වෙනත් කරුණු යටතේ සදහන් කරන්න),Resettle / නැවත පදිංචිකිරීම,Minor or No Damages / සුළුහානි හෝ හානි නොමැති,,කණ්ඩි අස්‍ථාවරවීම (CF) බෑවුම් අස්ථාවරත්වයක් දක්වා වර්ධනය වීම,,,,1.0,,,,1,,Nuwara Eliya,174.86,286.79,402.72,545.25,616.84,174.86,7.0,NASA POWER PRECTOTCORR / MERRA-2,ok
7.070117,80.676286,2025-11-27,2025-11-27,2025-11-27,1,parsed_single,2025.11.27,,2026-07-31,2026.07.31,Nuwara Eliya,කොත්මලේ නැගෙනහිර ප්රා.ලේ.කො,පනම්ගම්මන,HR3,HR3,,NBRI/NE/KTD[East]/2026/WGMSS/138),NBRI/NE/KTD[East]/2026/WGMSS/138),473,House / නිවාස,Other / වෙනත් (වෙනත් කරුණු යටතේ සදහන් කරන්න),Resettle / නැවත පදිංචිකිරීම,Minor or No Damages / සුළුහානි හෝ හානි නොමැති,0.0,ජල ගැලීම සහ නිම්න මාර්ගයේ පිහිටා තිබීම,,,,2.0,,12.0,,14,,Nuwara Eliya,174.86,286.79,402.72,545.25,616.84,174.86,7.0,NASA POWER PRECTOTCORR / MERRA-2,ok
7.075718,80.89555,2025-11-27,2025-11-27,2025-11-27,1,parsed_single,2025.11.27,,2026-05-25,2026.05.25,Nuwara Eliya,නිල්දණ්ඩහින්න ප්රා.ලේ.කො,දබ්බරේ,HR3,HR3,,NBRI/NE/WLD[Nildandahinna]/2026/LSG/34),NBRI/NE/WLD[Nildandahinna]/2026/LSG/34),524/ඩී,House / නිවාස,Slope failures / බැවුම් අස්ථාවරවීම්,Resettle / නැවත පදිංචිකිරීම,Minor or No Damages / සුළුහානි හෝ හානි නොමැති,,,,,,1.0,,2.0,,3,,Nuwara Eliya,174.86,286.79,402.72,545.25,616.84,174.86,7.0,NASA POWER PRECTOTCORR / MERRA-2,ok
7.079226,80.915358,2025-11-27,2025-11-27,2025-11-27,1,parsed_single,2025.11.27,,2026-05-25,2026.05.25,Nuwara Eliya,නිල්දණ්ඩහින්න ප්රා.ලේ.කො,අඹන්අැල්ල,HR3,HR3,,NBRI/NE/WLD[Nildandahinna]/2026/LSG/35),NBRI/NE/WLD[Nildandahinna]/2026/LSG/35),523,House / නිවාස,Other / වෙනත් (වෙනත් කරුණු යටතේ සදහන් කරන්න),Resettle / නැවත පදිංචිකිරීම,Minor or No Damages / සුළුහානි හෝ හානි නොමැති,,බෑවුම් අස්ථාවරවීම / ගල් පෙරළීම,,,,2.0,,1.0,,3,,Nuwara Eliya,174.86,286.79,402.72,545.25,616.84,174.86,7.0,NASA POWER PRECTOTCORR / MERRA-2,ok
7.127491,80.918195,2025-11-27,2025-11-27,2025-11-27,1,parsed_single,2025.11.27,,2026-05-05,2026.05.05,Nuwara Eliya,නිල්දණ්ඩහින්න ප්රා.ලේ.කො,දුලන,HR3,HR3,,NBRI/NE/WLD[Nildandahinna]/2026/LY/148),NBRI/NE/WLD[Nildandahinna]/2026/LY/148),521/බී,House / නිවාස,Slope failures / බැවුම් අස්ථාවරවීම්,Resettle / නැවත පදිංචිකිරීම,Minor or No Damages / සුළුහානි හෝ හානි නොමැති,,,,,,1.0,,,,1,,Nuwara Eliya,174.86,286.79,402.72,545.25,616.84,174.86,7.0,NASA POWER PRECTOTCORR / MERRA-2,ok
7.07267,80.688317,2025-11-27,2025-11-27,2025-11-27,1,parsed_single,2025.11.27,,2026-07-01,2026.07.01,Nuwara Eliya,කොත්මලේ නැගෙනහිර ප්රා.ලේ.කො,රම්බොඩ,HR3,HR3,,NBRI/NE/KTD[East]/2026/SMK/229),NBRI/NE/KTD[East]/2026/SMK/229),,House / නිවාස,Rock fall / ගල් පෙරලීම්,Resettle / නැවත පදිංචිකිරීම,Minor or No Damages / සුළුහානි හෝ හානි නොමැති,0.0,,,,,4.0,,,,4,,Nuwara Eliya,174.86,286.79,402.72,545.25,616.84,174.86,7.0,NASA POWER PRECTOTCORR / MERRA-2,ok
7.02946,80.716974,2025-11-27,2025-11-27,2025-11-27,1,parsed_single,2025.11.27,,2026-07-14,2026.07.14,Nuwara Eliya,කොත්මලේ නැගෙනහිර ප්රා.ලේ.කො,ලබුකැලේ,HR3,HR3,,NBRI/NE/KTD[East]/2026/LSG/58),NBRI/NE/KTD[East]/2026/LSG/58),474/අයි,House / නිවාස,Other / වෙනත් (වෙනත් කරුණු යටතේ සදහන් කරන්න),Resettle / නැවත පදිංචිකිරීම,Minor or No Damages / සුළුහානි හෝ හානි නොමැති,0.0,නිම්න ආශ්‍රිත කලාපය සහ ගංවතුර අවදානම් තත්ත්වය,,,,1.0,,8.0,,9,,Nuwara Eliya,174.86,286.79,402.72,545.25,616.84,174.86,7.0,NASA POWER PRECTOTCORR / MERRA-2,ok
6.984908,80.862571,2025-11-27,2025-11-27,2025-11-27,1,parsed_single,2025.11.27,,2026-04-04,2026.04.04,Nuwara Eliya,නිල්දණ්ඩහින්න ප්රා.ලේ.කො,ඩෙල්මා,HR3,HR3,,NBRI/NE/WLD[Nildandahinna]/2026/SMK/178),NBRI/NE/WLD[Nildandahinna]/2026/SMK/178),533එල්,House / නිවාස,Other / වෙනත් (වෙනත් කරුණු යටතේ සදහන් කරන්න),Resettle / නැවත පදිංචිකිරීම,Minor or No Damages / සුළුහානි හෝ හානි නොමැති,,නායයම් සුන්බුන් ගලනය විය හැකි ස්වභාවික නිම්න මාර්ගයක් තුළ පිහිටා තිබීම.,,,,1.0,,3.0,,4,,Nuwara Eliya,174.86,286.79,402.72,545.25,616.84,174.86,7.0,NASA POWER PRECTOTCORR / MERRA-2,ok
7.060441,80.947658,2025-11-27,2025-11-27,2025-11-27,1,parsed_single,2025.11.27,,2026-03-31,2026.03.31,Nuwara Eliya,නිල්දණ්ඩහින්න ප්රා.ලේ.කො,කන්දෙයාය,HR3,HR3,,NBRI/NE/WLD[Nildandahinna]/2026/DSDD/239),NBRI/NE/WLD[Nildandahinna]/2026/DSDD/239),527/සී,House / නිවාස,Slope failures / බැවුම් අස්ථාවරවීම්,Resettle / නැවත පදිංචිකිරීම,Minor or No Damages / සුළුහානි හෝ හානි නොමැති,,,,,,1.0,,6.0,,7,,Nuwara Eliya,197.46,282.28,366.78,487.28999999999996,569.36,197.46,7.0,NASA POWER PRECTOTCORR / MERRA-2,ok
7.046113,80.886365,2025-11-27,2025-11-27,2026-01-10,2,parsed_range,2025.11.27 පැලුම් ඇතිවිය / 2026.01.10 මඩවතුර ගැලීම සිදුවිය,,2026-01-16,2026-01-16 00:00:00,Nuwara Eliya,වලපනේ ප්රා.ලේ.කො,මොරබැද්ද,HR3,HR3,,NBRI/NE/WLD/2026/SMK/90),NBRI/NE/WLD/2026/SMK/90),526සීි,House / නිවාස,Landslide / නායයෑම්,Resettle / නැවත පදිංචිකිරීම,Minor or No Damages / සුළුහානි හෝ හානි නොමැති,,,,,,3.0,,23.0,,26,,Nuwara Eliya,174.86,286.79,402.72,545.25,616.84,174.86,7.0,NASA POWER PRECTOTCORR / MERRA-2,ok
7.071052,80.917346,2025-11-27,2025-11-27,2025-11-27,1,parsed_single,2025.11.27,,2026-03-31,2026.03.31,Nuwara Eliya,නිල්දණ්ඩහින්න ප්රා.ලේ.කො,දෙමටඅරාව,HR3,HR3,,NBRI/NE/WLD[Nildandahinna]/2026/DSDD/240),NBRI/NE/WLD[Nildandahinna]/2026/DSDD/240),518/එෆ්,House / නිවාස,Slope failures / බැවුම් අස්ථාවරවීම්,Resettle / නැවත පදිංචිකිරීම,Minor or No Damages / සුළුහානි හෝ හානි නොමැති,,,,,,2.0,,2.0,,4,,Nuwara Eliya,174.86,286.79,402.72,545.25,616.84,174.86,7.0,NASA POWER PRECTOTCORR / MERRA-2,ok
7.054183,80.932632,2025-11-27,2025-11-27,2025-11-27,1,parsed_single,2025.11.27,,2026-03-31,2026.03.31,Nuwara Eliya,නිල්දණ්ඩහින්න ප්රා.ලේ.කො,කන්දෙයාය,HR3,HR3,,NBRI/NE/WLD[Nildandahinna]/2026/DSDD/238),NBRI/NE/WLD[Nildandahinna]/2026/DSDD/238),527/සී,House / නිවාස,Slope failures / බැවුම් අස්ථාවරවීම්,Resettle / නැවත පදිංචිකිරීම,Minor or No Damages / සුළුහානි හෝ හානි නොමැති,,,,,,1.0,,1.0,,2,,Nuwara Eliya,174.86,286.79,402.72,545.25,616.84,174.86,7.0,NASA POWER PRECTOTCORR / MERRA-2,ok
7.058413,80.851257,2025-11-27,2025-11-27,2025-11-27,1,parsed_single,2025.11.27,,2026-04-27,2026.04.27,Nuwara Eliya,වලපනේ ප්රා.ලේ.කො,බින්ගන්තලාව,HR3,HR3,,NBRI/NE/WLD/2026/DMCP/142),NBRI/NE/WLD/2026/DMCP/142),,House / නිවාස,Slope failures / බැවුම් අස්ථාවරවීම්,Resettle / නැවත පදිංචිකිරීම,Minor or No Damages / සුළුහානි හෝ හානි නොමැති,,,,,,5.0,,,,5,,Nuwara Eliya,174.86,286.79,402.72,545.25,616.84,174.86,7.0,NASA POWER PRECTOTCORR / MERRA-2,ok
7.086558,80.659289,2025-11-27,2025-11-27,2025-11-27,1,parsed_single,2025.11.27,,2026-07-06,2026.07.06,Nuwara Eliya,කොත්මලේ නැගෙනහිර ප්රා.ලේ.කො,කොත්මල්ගම,HR3,HR3,,NBRI/NE/KTD[East]/2026/WGMSS/110),NBRI/NE/KTD[East]/2026/WGMSS/110),474/ජී,House / නිවාස,Other / වෙනත් (වෙනත් කරුණු යටතේ සදහන් කරන්න),Resettle / නැවත පදිංචිකිරීම,Minor or No Damages / සුළුහානි හෝ හානි නොමැති,0.0,නිම්න මාර්ගය තුළ පිහිටීම,,,,1.0,,11.0,,12,,Nuwara Eliya,174.86,286.79,402.72,545.25,616.84,174.86,7.0,NASA POWER PRECTOTCORR / MERRA-2,ok
7.022638,80.722237,2025-11-27,2025-11-27,2025-11-27,1,parsed_single,2025.11.27,,2026-07-02,2026.07.02,Nuwara Eliya,කොත්මලේ නැගෙනහිර ප්රා.ලේ.කො,ලබුකැලේ,HR3,HR3,,NBRI/NE/KTD[East]/2026/WGMSS/109),NBRI/NE/KTD[East]/2026/WGMSS/109),474/අයි,House / නිවාස,Other / වෙනත් (වෙනත් කරුණු යටතේ සදහන් කරන්න),Resettle / නැවත පදිංචිකිරීම,Minor or No Damages / සුළුහානි හෝ හානි නොමැති,0.0,ඇළ මාර්ගයට ඉතා ආසන්නයේ පිහිටීම,,,,1.0,,17.0,,18,,Nuwara Eliya,174.86,286.79,402.72,545.25,616.84,174.86,7.0,NASA POWER PRECTOTCORR / MERRA-2,ok
7.061992,80.887101,2025-11-27,2025-11-27,2025-11-27,1,parsed_single,2025-11-27 00:00:00,,2025-12-28,2025-12-28 00:00:00,Nuwara Eliya,වලපනේ ප්රා.ලේ.කො,මොරබැද්ද,HR3,HR3,,NBRI/NE/WLD/2026/IC/12),NBRI/NE/WLD/2026/IC/12),526 සී,House / නිවාස,Slope failures / බැවුම් අස්ථාවරවීම්,Resettle / නැවත පදිංචිකිරීම,Minor or No Damages / සුළුහානි හෝ හානි නොමැති,,ගල් පෙරලිම්,,,,3.0,,20.0,,23,,Nuwara Eliya,174.86,286.79,402.72,545.25,616.84,174.86,7.0,NASA POWER PRECTOTCORR / MERRA-2,ok
7.037783,80.708233,2025-11-27,2025-11-27,2025-11-27,1,parsed_single,2025.11.27,,2026-07-18,2026.07.18,Nuwara Eliya,කොත්මලේ නැගෙනහිර ප්රා.ලේ.කො,පලාගොල්ල,HR3,HR3,,NBRI/NE/KTD[East]/2026/VKG/109),NBRI/NE/KTD[East]/2026/VKG/109),474/සී,House / නිවාස,Landslide / නායයෑම්,Resettle / නැවත පදිංචිකිරීම,Minor or No Damages / සුළුහානි හෝ හානි නොමැති,0.0,,,,,8.0,,27.0,,35,,Nuwara Eliya,174.86,286.79,402.72,545.25,616.84,174.86,7.0,NASA POWER PRECTOTCORR / MERRA-2,ok
7.072908,80.657004,2025-11-27,2025-11-27,2025-11-27,1,parsed_single,2025.11.27,,2026-07-19,2026.07.19,Nuwara Eliya,කොත්මලේ නැගෙනහිර ප්රා.ලේ.කො,ගොඹුරුඔය,HR3,HR3,,NBRI/NE/KTD[East]/2026/LSG/57),NBRI/NE/KTD[East]/2026/LSG/57),473/සී,House / නිවාස,Other / වෙනත් (වෙනත් කරුණු යටතේ සදහන් කරන්න),Resettle / නැවත පදිංචිකිරීම,Minor or No Damages / සුළුහානි හෝ හානි නොමැති,0.0,නිම්නය ආශ්‍රිත කලාපය/ බෑවුම් අස්ථාවරවීම,,,,1.0,,9.0,,10,,Nuwara Eliya,174.86,286.79,402.72,545.25,616.84,174.86,7.0,NASA POWER PRECTOTCORR / MERRA-2,ok
7.014396,80.903239,2025-11-27,2025-11-27,2025-11-27,1,parsed_single,2025.11.27,,2026-03-04,2026.03.04,Nuwara Eliya,නිල්දණ්ඩහින්න ප්රා.ලේ.කො,අඹලියද්ද,HR3,HR3,,NBRI/NE/WLD[Nildandahinna]/2026/SMK/163),NBRI/NE/WLD[Nildandahinna]/2026/SMK/163),,House / නිවාස,Slope failures / බැවුම් අස්ථාවරවීම්,Resettle / නැවත පදිංචිකිරීම,Minor or No Damages / සුළුහානි හෝ හානි නොමැති,,,,,,1.0,,22.0,,23,,Nuwara Eliya,174.86,286.79,402.72,545.25,616.84,174.86,7.0,NASA POWER PRECTOTCORR / MERRA-2,ok
7.055187,80.918221,2025-11-27,2025-11-27,2025-11-27,1,parsed_single,2025-11-27 00:00:00,,2026-02-24,2026-02-24 00:00:00,Nuwara Eliya,නිල්දණ්ඩහින්න ප්රා.ලේ.කො,මඩුල්ල උතුර,HR3,HR3,,NBRI/NE/WLD[Nildandahinna]/2026/DMCP/සංශෝධන/109,NBRI/NE/WLD[Nildandahinna]/2026/DMCP/සංශෝධන/109,524,House / නිවාස,Slope failures / බැවුම් අස්ථාවරවීම්,Resettle / නැවත පදිංචිකිරීම,Minor or No Damages / සුළුහානි හෝ හානි නොමැති,,,,,,3.0,,9.0,,12,,Nuwara Eliya,174.86,286.79,402.72,545.25,616.84,174.86,7.0,NASA POWER PRECTOTCORR / MERRA-2,ok
7.113376,80.930145,2025-11-27,2025-11-27,2025-11-27,1,parsed_single,2025.11.27,,2026-02-24,2026.02.24,Nuwara Eliya,නිල්දණ්ඩහින්න ප්රා.ලේ.කො,බොලගන්දාවෙල,HR3,HR3,,NBRI/NE/WLD[Nildandahinna]/2026/DSDD/174),NBRI/NE/WLD[Nildandahinna]/2026/DSDD/174),521,House / නිවාස,Other / වෙනත් (වෙනත් කරුණු යටතේ සදහන් කරන්න),Resettle / නැවත පදිංචිකිරීම,Minor or No Damages / සුළුහානි හෝ හානි නොමැති,,නිම්නය අසල බෑවුම් අස්ථාවරතා,,,,1.0,,4.0,,5,,Nuwara Eliya,174.86,286.79,402.72,545.25,616.84,174.86,7.0,NASA POWER PRECTOTCORR / MERRA-2,ok
7.065826,80.682824,2025-11-27,2025-11-27,2025-11-27,1,parsed_single,2025.11.27,,2026-07-08,2026.07.08,Nuwara Eliya,කොත්මලේ නැගෙනහිර ප්රා.ලේ.කො,නවනගරය,HR3,HR3,,NBRI/NE/KTD[East]/2026/KATD/42),NBRI/NE/KTD[East]/2026/KATD/42),471/ඒ,House / නිවාස,Other / වෙනත් (වෙනත් කරුණු යටතේ සදහන් කරන්න),Resettle / නැවත පදිංචිකිරීම,Minor or No Damages / සුළුහානි හෝ හානි නොමැති,0.0,ඇළ මාර්ගය සහිත සක්‍රිය නිම්න ප්‍රදේශය තුළ නිවස පිහිටා තිබීම,,,,2.0,,10.0,,12,,Nuwara Eliya,174.86,286.79,402.72,545.25,616.84,174.86,7.0,NASA POWER PRECTOTCORR / MERRA-2,ok
7.13645,80.85477,2025-11-27,2025-11-27,2025-11-27,1,parsed_single,2025.11.27,,2026-05-05,2026.05.05,Nuwara Eliya,වලපනේ ප්රා.ලේ.කො,පන්නල,HR3,HR3,,NBRI/NE/WLD/2026/DMCP/139),NBRI/NE/WLD/2026/DMCP/139),,House / නිවාස,Slope failures / බැවුම් අස්ථාවරවීම්,Resettle / නැවත පදිංචිකිරීම,Minor or No Damages / සුළුහානි හෝ හානි නොමැති,,,,,,1.0,,,,1,,Nuwara Eliya,174.86,286.79,402.72,545.25,616.84,174.86,7.0,NASA POWER PRECTOTCORR / MERRA-2,ok
7.084999,80.899699,2025-11-27,2025-11-27,2025-11-27,1,parsed_single,2025.11.27,,2026-02-13,2026.02.13,Nuwara Eliya,නිල්දණ්ඩහින්න ප්රා.ලේ.කො,නිල්දණ්ඩාහින්න,HR3,HR3,,NBRI/NE/WLD[Nildandahinna]/2026/VK/11),NBRI/NE/WLD[Nildandahinna]/2026/VK/11),524ඊ,House / නිවාස,Other / වෙනත් (වෙනත් කරුණු යටතේ සදහන් කරන්න),Resettle / නැවත පදිංචිකිරීම,Minor or No Damages / සුළුහානි හෝ හානි නොමැති,,නිම්න මාර්ගයක් ආසන්නයේ පිහිටීම,,,,2.0,,,,2,,Nuwara Eliya,174.86,286.79,402.72,545.25,616.84,174.86,7.0,NASA POWER PRECTOTCORR / MERRA-2,ok
7.020948,80.723615,2025-11-27,2025-11-27,2025-11-27,1,parsed_single,2025.11.27,,2026-07-02,2026.07.02,Nuwara Eliya,කොත්මලේ නැගෙනහිර ප්රා.ලේ.කො,ලබුකැලේ,HR3,HR3,,NBRI/NE/KTD[East]/2026/WGMSS/108),NBRI/NE/KTD[East]/2026/WGMSS/108),474/ අයි,House / නිවාස,Other / වෙනත් (වෙනත් කරුණු යටතේ සදහන් කරන්න),Resettle / නැවත පදිංචිකිරීම,Minor or No Damages / සුළුහානි හෝ හානි නොමැති,0.0,"ඇළ මාර්ගයට ඉතා ආසන්නයෙන් පිහිටීම, බෑවුම් අස්ථාවර වීමේ අවදානම",,,,1.0,,29.0,,30,,Nuwara Eliya,174.86,286.79,402.72,545.25,616.84,174.86,7.0,NASA POWER PRECTOTCORR / MERRA-2,ok
7.05121,80.68543,2025-11-27,2025-11-27,2025-11-27,1,parsed_single,2025.11.27,,2026-06-09,2026.06.09,Nuwara Eliya,කොත්මලේ නැගෙනහිර ප්රා.ලේ.කො,මල්හෑව,HR3,HR3,,NBRI/NE/KTD[East]/2026/KATD/26),NBRI/NE/KTD[East]/2026/KATD/26),472/ඒ,House / නිවාස,Other / වෙනත් (වෙනත් කරුණු යටතේ සදහන් කරන්න),Resettle / නැවත පදිංචිකිරීම,Minor or No Damages / සුළුහානි හෝ හානි නොමැති,0.0,කණ්ඩි අස්ථාවරවීම බෑවුම් අස්ථාවරවීමක් දක්වා වර්ධනය,,,,3.0,,20.0,,23,,Nuwara Eliya,174.86,286.79,402.72,545.25,616.84,174.86,7.0,NASA POWER PRECTOTCORR / MERRA-2,ok
7.127883,80.905645,2025-11-27,2025-11-27,2025-11-27,1,parsed_single,2025.11.27,,2026-01-28,2026.01.28,Nuwara Eliya,නිල්දණ්ඩහින්න ප්රා.ලේ.කො,දුලන,HR3,HR3,,NBRI/NE/WLD[Nildandahinna]/2026/DSDD/සංශෝධන/105),NBRI/NE/WLD[Nildandahinna]/2026/DSDD/සංශෝධන/105),,House / නිවාස,Other / වෙනත් (වෙනත් කරුණු යටතේ සදහන් කරන්න),Resettle / නැවත පදිංචිකිරීම,Minor or No Damages / සුළුහානි හෝ හානි නොමැති,,නාය ගලන මාර්ගය,,,,2.0,,24.0,,26,,Nuwara Eliya,174.86,286.79,402.72,545.25,616.84,174.86,7.0,NASA POWER PRECTOTCORR / MERRA-2,ok
7.091448,80.637969,2025-11-27,2025-11-27,2025-11-27,1,parsed_single,2025.11.27,,2026-06-10,2026.06.10,Nuwara Eliya,කොත්මලේ නැගෙනහිර ප්රා.ලේ.කො,නවමොරපේ,HR3,HR3,,NBRI/NE/KTD[East]/2026/KATD/29),NBRI/NE/KTD[East]/2026/KATD/29),456/ඩී,House / නිවාස,Other / වෙනත් (වෙනත් කරුණු යටතේ සදහන් කරන්න),Resettle / නැවත පදිංචිකිරීම,Minor or No Damages / සුළුහානි හෝ හානි නොමැති,0.0,,,,,1.0,,39.0,,40,,Nuwara Eliya,174.86,286.79,402.72,545.25,616.84,174.86,7.0,NASA POWER PRECTOTCORR / MERRA-2,ok
