sample_id,label,source,failure_group,fold,block_id,ref_date,ref_date_type,month,season,soil_clay_0_30,soil_sand_0_30,soil_silt_0_30,soil_oc_0_30,soil_ph_0_30,soil_bd_0_30,soil_awc_0_30,soil_clay_gradient,soil_cec_0_30,soil_clay_60_100,rain_norwood_1d,rain_norwood_3d,rain_norwood_7d,rain_norwood_30d,norwood_km,rain_available,bench_lhmp_class,diag_nearest_gauge_km,meta_lat,meta_lon
112,1,incident_cutting,cutting,4,65_72,2019-11-29,observed,11,inter_monsoon_2,23.30955,56.28362,18.94079,1.51808,5.50357,1.26476,0.05602,5.72606,14.22137,27.52154,,,,,39.0325441856953,False,2.0,4.25539,7.157049169793165,80.74032853400797
222,1,incident_cutting,cutting,3,54_66,2019-10-30,observed,10,inter_monsoon_2,20.27642,64.13594,14.15052,1.49434,5.13776,1.27099,0.0589,3.9931,12.29797,22.68633,,,,,23.51362112412233,False,1.0,2.01604,6.98693900493595,80.45312702988747
225,1,incident_cutting,cutting,4,61_64,2021-10-25,observed,10,inter_monsoon_2,23.85215,57.16554,18.46372,2.2608,5.16793,1.21018,0.06518,0.58727,14.58498,23.08554,,,,,11.561061158574518,False,1.0,1.94767,6.9323950049409575,80.63253802935863
234,1,incident_cutting,cutting,0,61_60,2020-09-18,observed,9,SW_monsoon,24.48647,56.42818,17.87716,2.3027,5.09226,1.21666,0.06367,3.25776,13.44079,25.19078,90.3,103.99999999999996,172.90000000000003,328.8,5.0251949233686055,True,2.0,3.11045,6.845452005023088,80.64374102933823
237,1,incident_cutting,cutting,1,56_67,2020-09-21,observed,9,SW_monsoon,19.67694,64.95882,14.02813,1.55904,5.22352,1.32236,0.06186,3.09667,12.12789,21.29682,,,,,23.78227606951505,False,1.0,1.97322,7.016955004896887,80.48838502977713
261,1,incident_cutting,cutting,1,66_65,2020-07-15,observed,7,SW_monsoon,27.2113,49.36278,22.53472,2.22925,5.3159,1.13526,0.07251,3.82686,15.60966,30.10894,,,,,23.39489857785031,False,2.0,1.16043,6.956636894879994,80.77186510994294
289,1,incident_cutting,cutting,3,71_70,2020-02-21,observed,2,NE_monsoon,16.51088,63.85368,17.69452,1.957,5.60714,1.28018,0.06131,14.16363,14.52316,29.45365,,,,,45.61949191493467,False,4.0,9.56521,7.104093304700225,80.91138122851376
408,1,incident_cutting,cutting,4,65_70,2021-11-24,observed,11,inter_monsoon_2,23.84051,54.35036,20.01871,1.51113,5.3945,1.25873,0.05892,8.00685,14.15983,29.81838,,,,,34.41294990814272,False,2.0,0.89086,7.107471091739669,80.74698266899509
410,1,incident_cutting,cutting,1,72_68,2021-12-01,observed,12,NE_monsoon,17.05255,61.69986,18.73138,2.04595,5.50683,1.23286,0.06415,18.30413,15.52191,34.0673,,,,,43.050542901485606,False,1.0,7.61606,7.048654004750505,80.92450702848313
411,1,incident_cutting,cutting,0,72_70,2021-12-03,observed,12,NE_monsoon,15.56912,65.59981,16.88597,1.30356,5.67339,1.32789,0.05874,14.84143,13.75203,29.22359,,,,,47.196772884715706,False,2.0,10.11628,7.1085910046920135,80.92633602846962
412,1,incident_cutting,cutting,0,72_70,2021-12-03,observed,12,NE_monsoon,15.56912,65.59981,16.88597,1.30356,5.67339,1.32789,0.05874,14.84143,13.75203,29.22359,,,,,46.68624139371785,False,4.0,10.45987,7.105456004695925,80.92293502847994
413,1,incident_cutting,cutting,3,71_70,2021-12-16,observed,12,NE_monsoon,17.7339,62.03863,18.45343,2.1261,5.52748,1.25185,0.06028,14.43164,15.2225,30.97297,,,,,43.793563456568094,False,3.0,7.56732,7.099281604709496,80.89354102856643
414,1,incident_cutting,cutting,3,57_64,2020-10-12,observed,10,inter_monsoon_2,18.34896,66.92907,13.48101,2.18377,5.13238,1.25369,0.06226,2.02862,12.79192,18.68837,,,,,16.37299556089878,False,2.0,0.87852,6.952502004953708,80.51245402971425
415,1,incident_cutting,cutting,0,72_70,2021-12-05,observed,12,NE_monsoon,15.56912,65.59981,16.88597,1.30356,5.67339,1.32789,0.05874,14.84143,13.75203,29.22359,,,,,47.25266828531018,False,2.0,10.08904,7.108819904691675,80.92680502846822
416,1,incident_cutting,cutting,0,66_66,2022-01-06,observed,1,NE_monsoon,26.20026,51.19955,21.50544,2.31801,5.30299,1.1531,0.0697,4.58771,15.79154,29.61359,,,,,24.03004454073541,False,2.0,1.49976,6.983552004857739,80.75690002898318
418,1,incident_cutting,cutting,0,72_70,2021-12-19,observed,12,NE_monsoon,15.56912,65.59981,16.88597,1.30356,5.67339,1.32789,0.05874,14.84143,13.75203,29.22359,,,,,46.950806874354264,False,3.0,10.4324,7.105751604694894,80.92581602847153
419,1,incident_cutting,cutting,0,72_70,2021-12-06,observed,12,NE_monsoon,16.29012,63.95737,17.74421,1.96688,5.59536,1.27662,0.0621,14.6919,14.52464,29.77274,,,,,45.9967962869824,False,4.0,10.17344,7.1004880047017584,80.9189600284922
420,1,incident_cutting,cutting,0,72_70,2021-11-28,observed,11,inter_monsoon_2,15.56912,65.59981,16.88597,1.30356,5.67339,1.32789,0.05874,14.84143,13.75203,29.22359,,,,,46.98709337134942,False,2.0,10.33264,7.106670604694095,80.92547302847238
421,1,incident_cutting,cutting,4,62_68,2021-11-17,observed,11,inter_monsoon_2,24.5375,55.22623,19.30339,2.09044,5.29483,1.20459,0.06763,2.3204,14.58238,25.89546,,,,,24.651042851280746,False,1.0,3.73336,7.047147004820808,80.6622140292541
422,1,incident_cutting,cutting,4,62_68,2021-11-27,observed,11,inter_monsoon_2,24.5375,55.22623,19.30339,2.09044,5.29483,1.20459,0.06763,2.3204,14.58238,25.89546,,,,,24.713215777780217,False,1.0,3.675,7.047530004820249,80.66291002925198
423,1,incident_cutting,cutting,1,72_68,2021-12-01,observed,12,NE_monsoon,17.05255,61.69986,18.73138,2.04595,5.50683,1.23286,0.06415,18.30413,15.52191,34.0673,,,,,43.04964247086546,False,1.0,7.62788,7.04875500475043,80.92443002848334
424,1,incident_cutting,cutting,3,71_70,2021-12-16,observed,12,NE_monsoon,17.7339,62.03863,18.45343,2.1261,5.52748,1.25185,0.06028,14.43164,15.2225,30.97297,,,,,43.69052897371765,False,2.0,7.44057,7.099413004709727,80.89216002857046
425,1,incident_cutting,cutting,1,56_66,2022-03-15,observed,3,inter_monsoon_1,19.14495,65.67743,13.78113,2.03831,5.17352,1.29253,0.06248,3.2904,12.79422,20.87264,,,,,21.704251352712696,False,2.0,1.10268,6.993647004920152,80.48706002978446
426,1,incident_cutting,cutting,4,62_69,2020-12-16,observed,12,NE_monsoon,24.35038,55.42733,19.18836,1.49535,5.37596,1.24596,0.06454,2.98363,14.22114,26.31801,,,,,28.13131400816397,False,2.0,1.52455,7.081185004789147,80.65625002926703
427,1,incident_cutting,cutting,4,62_69,2021-11-20,observed,11,inter_monsoon_2,24.68674,54.92613,19.32407,2.07121,5.31354,1.21078,0.06745,2.65051,14.58241,26.25882,,,,,26.97225770601224,False,3.0,1.66961,7.065473004799762,80.67411902921626
428,1,incident_cutting,cutting,4,57_63,2021-08-12,observed,8,SW_monsoon,19.13272,66.00538,13.42566,2.1583,5.06544,1.27573,0.0594,3.28791,13.3856,20.37574,,,,,12.904214070305734,False,1.0,0.44859,6.918406004985058,80.52038302969547
430,1,incident_cutting,cutting,2,66_64,2021-10-29,observed,10,inter_monsoon_2,27.91366,48.4124,22.92944,2.24188,5.30958,1.13047,0.07306,3.05166,15.60973,30.13716,,,,,22.789417810537085,False,2.0,1.00926,6.948243004888394,80.7710370289466
433,1,incident_cutting,cutting,0,63_66,2021-11-02,observed,11,inter_monsoon_2,25.58012,53.15654,20.51626,2.26267,5.28111,1.17632,0.0673,2.70427,15.42191,27.11926,,,,,21.315677594757258,False,2.0,3.32233,6.998514004858531,80.69898102915205
434,1,incident_cutting,cutting,1,63_69,2021-11-08,observed,11,inter_monsoon_2,24.72627,54.7003,19.46475,2.07574,5.31242,1.20829,0.06735,3.02413,14.58446,26.62468,,,,,27.61897427365313,False,2.0,1.11688,7.069921004794041,80.67934702920013
435,1,incident_cutting,cutting,1,70_69,2021-11-11,observed,11,inter_monsoon_2,18.55234,60.30385,18.84922,2.1829,5.50749,1.21848,0.06266,16.90692,15.73375,34.12032,,,,,41.229012010848315,False,2.0,5.95317,7.071458004738162,80.88697902858938
436,1,incident_cutting,cutting,4,67_65,2021-08-21,observed,8,SW_monsoon,25.7031,51.15271,21.88991,2.292,5.26839,1.14247,0.07024,6.77816,15.8484,31.31418,,,,,26.81612100775271,False,1.0,0.70657,6.973676004856535,80.79774802886439
437,1,incident_cutting,cutting,4,61_67,2021-11-02,observed,11,inter_monsoon_2,23.18124,57.91937,17.91698,2.24584,5.2809,1.1992,0.06661,2.02911,14.61286,23.78494,,,,,20.389325767215315,False,3.0,4.27828,7.015541004861229,80.62640002936492
440,1,incident_cutting,cutting,4,62_69,2021-11-03,observed,11,inter_monsoon_2,24.45845,55.30863,19.17138,1.49063,5.38533,1.24886,0.06476,2.88488,14.22084,26.30622,,,,,28.453635762349016,False,2.0,1.68934,7.084953004786418,80.65264332927721
442,1,incident_cutting,cutting,4,61_67,2021-11-12,observed,11,inter_monsoon_2,24.17369,56.25968,18.62466,2.25937,5.27083,1.19327,0.06664,2.3248,14.61716,25.09212,,,,,20.591213490999742,False,1.0,5.48028,7.0147780048581705,80.64066102932263
446,1,incident_cutting,cutting,4,70_70,2021-11-23,observed,11,inter_monsoon_2,17.7339,62.03863,18.45343,2.1261,5.52748,1.25185,0.06028,14.43164,15.2225,30.97297,,,,,42.95352998705215,False,4.0,6.79612,7.093156004716652,80.88883002858101
447,1,incident_cutting,cutting,1,65_62,2021-10-02,observed,10,inter_monsoon_2,28.43413,48.41606,22.7181,2.26628,5.27667,1.14763,0.07061,0.94969,15.336,28.48722,,,,,16.222402875825303,False,2.0,4.58287,6.888920004955695,80.73575002905925
448,1,incident_cutting,cutting,4,57_63,2021-08-21,observed,8,SW_monsoon,19.13272,66.00538,13.42566,2.1583,5.06544,1.27573,0.0594,3.28791,13.3856,20.37574,,,,,12.598981197926554,False,1.0,0.53854,6.915620004987508,80.52145202969267
450,1,incident_cutting,cutting,4,58_64,2021-07-09,observed,7,SW_monsoon,16.93399,68.62755,13.13225,2.25751,5.11482,1.23477,0.06238,2.39542,13.40856,17.61549,,,,,13.692268033839795,False,1.0,2.47042,6.941814004956517,80.5408020296309
451,1,incident_cutting,cutting,4,57_63,2021-08-12,observed,8,SW_monsoon,19.13272,66.00538,13.42566,2.1583,5.06544,1.27573,0.0594,3.28791,13.3856,20.37574,,,,,12.886885332919679,False,1.0,0.45301,6.918283004985153,80.5204810296952
452,1,incident_cutting,cutting,4,57_63,2021-08-21,observed,8,SW_monsoon,19.13272,66.00538,13.42566,2.1583,5.06544,1.27573,0.0594,3.28791,13.3856,20.37574,,,,,12.6422578367725,False,1.0,0.51487,6.916025004987147,80.52131002969307
453,1,incident_cutting,cutting,4,57_63,2021-08-12,observed,8,SW_monsoon,19.13272,66.00538,13.42566,2.1583,5.06544,1.27573,0.0594,3.28791,13.3856,20.37574,,,,,12.922726714280596,False,1.0,0.41436,6.918343004985204,80.52007002969643
456,1,incident_cutting,cutting,4,57_63,2021-08-21,observed,8,SW_monsoon,19.13272,66.00538,13.42566,2.1583,5.06544,1.27573,0.0594,3.28791,13.3856,20.37574,,,,,12.95927448400778,False,1.0,0.43712,6.918786004984773,80.5200600296964
457,1,incident_cutting,cutting,4,57_63,2021-08-12,observed,8,SW_monsoon,19.13272,66.00538,13.42566,2.1583,5.06544,1.27573,0.0594,3.28791,13.3856,20.37574,,,,,12.677759571404577,False,1.0,0.51336,6.916496004986676,80.5213410296929
458,1,incident_cutting,cutting,4,57_63,2021-08-12,observed,8,SW_monsoon,19.13272,66.00538,13.42566,2.1583,5.06544,1.27573,0.0594,3.28791,13.3856,20.37574,,,,,12.611228921358782,False,1.0,0.55592,6.915988304987082,80.52168002969196
460,1,incident_cutting,cutting,4,58_61,2020-08-05,observed,8,SW_monsoon,21.32388,62.43114,14.71185,2.23519,5.04875,1.25397,0.06063,3.08247,14.11827,21.42225,49.4,70.09999999999997,127.80000000000003,297.9,5.262768849666154,True,2.0,1.46093,6.860326195031052,80.56099712958256
461,1,incident_cutting,cutting,3,65_66,2021-10-26,observed,10,inter_monsoon_2,24.97138,52.76223,21.36053,2.29716,5.28123,1.16673,0.06604,5.02123,15.65208,28.74883,,,,,24.661637287017392,False,1.0,2.65817,6.998714348444932,80.74945356900297
462,1,incident_cutting,cutting,2,62_66,2021-10-23,observed,10,inter_monsoon_2,24.98678,54.82822,19.26121,2.27301,5.26043,1.18566,0.06676,2.71528,14.62147,26.3106,,,,,20.859356224157047,False,1.0,5.98848,7.009476004856381,80.66683002924573
463,1,incident_cutting,cutting,4,57_63,2021-08-21,observed,8,SW_monsoon,19.13272,66.00538,13.42566,2.1583,5.06544,1.27573,0.0594,3.28791,13.3856,20.37574,,,,,12.62663444570605,False,1.0,0.52229,6.915871004987287,80.52135302969296
464,1,incident_cutting,cutting,4,57_63,2021-08-21,observed,8,SW_monsoon,19.13272,66.00538,13.42566,2.1583,5.06544,1.27573,0.0594,3.28791,13.3856,20.37574,,,,,12.598929336703783,False,1.0,0.53914,6.915626004987498,80.52145902969266
465,1,incident_cutting,cutting,4,62_68,2021-11-17,observed,11,inter_monsoon_2,24.5375,55.22623,19.30339,2.09044,5.29483,1.20459,0.06763,2.3204,14.58238,25.89546,,,,,24.769296506764192,False,1.0,3.64153,7.047464004819781,80.66491102924604
466,1,incident_cutting,cutting,4,57_63,2021-08-12,observed,8,SW_monsoon,19.13272,66.00538,13.42566,2.1583,5.06544,1.27573,0.0594,3.28791,13.3856,20.37574,,,,,12.918427592348996,False,1.0,0.42235,6.918358004985171,80.52014302969621
467,1,incident_cutting,cutting,1,63_68,2021-07-09,observed,7,SW_monsoon,24.97635,53.84347,20.16118,2.14223,5.31873,1.20729,0.06275,4.75195,14.57699,28.52778,,,,,26.973414854102817,False,3.0,3.11892,7.057126004801988,80.69651802915108
468,1,incident_cutting,cutting,4,62_69,2021-11-10,observed,11,inter_monsoon_2,24.35038,55.42733,19.18836,1.49535,5.37596,1.24596,0.06454,2.98363,14.22114,26.31801,,,,,27.643896151299657,False,2.0,2.08706,7.077763004793815,80.65124002928238
469,1,incident_cutting,cutting,4,62_68,2021-12-08,observed,12,NE_monsoon,24.93742,54.888,19.07345,2.23801,5.28136,1.20004,0.0666,3.06118,14.61837,26.52714,,,,,24.242239642607696,False,2.0,4.21453,7.042078004824702,80.66619002924301
470,1,incident_cutting,cutting,4,57_63,2021-08-12,observed,8,SW_monsoon,19.13272,66.00538,13.42566,2.1583,5.06544,1.27573,0.0594,3.28791,13.3856,20.37574,,,,,13.050970425391927,False,1.0,0.39659,6.919193004984586,80.51928002969865
471,1,incident_cutting,cutting,4,57_63,2021-08-15,observed,8,SW_monsoon,19.13272,66.00538,13.42566,2.1583,5.06544,1.27573,0.0594,3.28791,13.3856,20.37574,,,,,13.415477836456784,False,,0.54304,6.921600004982837,80.51702502970508
472,1,incident_cutting,cutting,4,57_63,2021-08-12,observed,8,SW_monsoon,19.13272,66.00538,13.42566,2.1583,5.06544,1.27573,0.0594,3.28791,13.3856,20.37574,,,,,12.957609955594547,False,1.0,0.40352,6.918561004985055,80.51984102969708
473,1,incident_cutting,cutting,0,61_59,2021-03-26,observed,3,inter_monsoon_1,23.98984,57.22065,17.28864,2.30266,5.10453,1.22599,0.0632,3.88165,13.4397,24.8875,2.4,3.8999999999999715,18.90000000000003,204.1,4.775373893529158,True,1.0,1.99503,6.817140005051803,80.64020002935301
475,1,incident_cutting,cutting,2,65_64,2021-11-07,observed,11,inter_monsoon_2,27.98884,48.649,22.73204,2.23687,5.31436,1.13513,0.07199,2.51712,15.60719,29.64813,,,,,21.2605507787568,False,1.0,2.50001,6.947558004893441,80.75457502899519
476,1,incident_cutting,cutting,2,66_64,2021-12-11,observed,12,NE_monsoon,27.66862,48.59351,22.90384,2.2432,5.30847,1.12996,0.07352,3.48018,15.61095,30.31234,,,,,23.55848031195977,False,1.0,0.76213,6.943512004890004,80.78232702891404
477,1,incident_cutting,cutting,3,63_64,2021-11-11,observed,11,inter_monsoon_2,29.80849,48.18089,22.16662,2.33265,5.19123,1.16913,0.0624,0.66647,15.30552,29.8901,,,,,15.141243056441589,False,1.0,0.65878,6.932226004924477,80.69447002917494
478,1,incident_cutting,cutting,0,56_65,2021-11-16,observed,11,inter_monsoon_2,18.99537,66.06401,13.72324,2.15438,5.137,1.28511,0.0632,1.98106,12.78955,19.43513,,,,,19.728640740741987,False,3.0,2.36832,6.982643004926731,80.5026990297391
479,1,incident_cutting,cutting,4,57_63,2021-08-12,observed,8,SW_monsoon,19.13272,66.00538,13.42566,2.1583,5.06544,1.27573,0.0594,3.28791,13.3856,20.37574,,,,,12.694436964312292,False,1.0,0.51663,6.916735004986432,80.52137502969276
480,1,incident_cutting,cutting,4,55_64,2021-07-25,observed,7,SW_monsoon,19.82771,64.77291,13.99793,2.05611,5.10164,1.25335,0.0599,2.92068,12.65997,20.97466,,,,,18.18971370497023,False,3.0,3.36255,6.946500004968211,80.48080002981013
482,1,incident_cutting,cutting,1,56_66,2021-06-23,observed,6,SW_monsoon,19.371,65.44316,13.84134,1.563,5.21907,1.29479,0.06123,3.16026,12.12759,21.02589,,,,,23.0521753116697,False,1.0,1.38252,7.009758004903715,80.48929502977545
485,1,incident_cutting,cutting,1,70_68,2021-12-31,observed,12,NE_monsoon,18.55717,59.83221,19.16299,2.12437,5.49979,1.20226,0.06362,17.82799,15.39089,35.00879,,,,,39.60936261728033,False,4.0,4.44693,7.052980004757099,80.88303302860345
486,1,incident_cutting,cutting,4,57_63,2020-08-12,observed,8,SW_monsoon,19.13272,66.00538,13.42566,2.1583,5.06544,1.27573,0.0594,3.28791,13.3856,20.37574,,,,,13.086428355993675,False,1.0,0.42918,6.919616004984176,80.51926302969865
487,1,incident_cutting,cutting,0,55_65,2021-08-12,observed,8,SW_monsoon,20.26965,64.30064,14.01089,2.02081,5.10001,1.26636,0.06045,3.17413,12.65566,21.83184,,,,,21.990425401939053,False,,1.19783,6.974855004945846,80.46046002986715
488,1,incident_cutting,cutting,2,58_69,2021-08-12,observed,8,SW_monsoon,23.0446,59.40467,16.60627,1.59102,5.2916,1.28504,0.06258,0.57554,12.99016,22.34465,,,,,26.5817662183518,False,2.0,2.39869,7.068551004829279,80.55166502958025
489,1,incident_cutting,cutting,4,57_63,2021-11-11,observed,11,inter_monsoon_2,19.4715,65.55036,13.52205,2.16587,5.0594,1.25121,0.05917,3.3717,13.38647,20.68906,,,,,12.352236805174698,False,3.0,0.68945,6.911886004991347,80.52082202969513
490,1,incident_cutting,cutting,1,66_65,2021-10-23,observed,10,inter_monsoon_2,26.29562,50.65081,21.98572,2.28885,5.27388,1.14436,0.06954,5.60988,15.84553,30.77012,,,,,25.473093528415184,False,2.0,0.82373,6.976924004858053,80.78006902891589
491,1,incident_cutting,cutting,4,65_63,2021-09-30,observed,9,SW_monsoon,28.8348,47.85898,22.96183,2.24984,5.28537,1.14766,0.0698,1.26927,15.33901,29.33163,,,,,17.834782023951984,False,1.0,4.78537,6.913359744930705,80.7399755690432
494,1,incident_cutting,cutting,4,63_67,2021-11-01,observed,11,inter_monsoon_2,25.19734,53.83225,20.16488,2.24638,5.296,1.18468,0.06673,2.67197,15.41913,26.66223,,,,,22.244993594512643,False,4.0,3.04598,7.010980004847696,80.69395002916517
495,1,incident_cutting,cutting,2,58_69,2021-08-18,observed,8,SW_monsoon,23.38242,58.99028,16.69,1.58594,5.28799,1.28757,0.06345,0.44132,12.98952,22.56732,,,,,27.514566815896618,False,1.0,1.62019,7.075430004824684,80.54362202960331
499,1,incident_cutting,cutting,2,62_66,2021-07-06,observed,7,SW_monsoon,24.98678,54.82822,19.26121,2.27301,5.26043,1.18566,0.06676,2.71528,14.62147,26.3106,,,,,20.63978237237266,False,2.0,6.17508,7.007876004858312,80.66544102925008
500,1,incident_cutting,cutting,4,62_64,2021-10-23,observed,10,inter_monsoon_2,27.27088,52.11171,20.62275,2.27821,5.13289,1.18045,0.06417,0.2205,15.04669,26.66853,,,,,13.034305237019288,False,1.0,0.4672,6.93418800493166,80.66055832927516
501,1,incident_cutting,cutting,1,62_67,2021-10-06,observed,10,inter_monsoon_2,24.91782,54.91101,19.12293,2.24957,5.27423,1.19537,0.06665,2.97474,14.61937,26.44496,,,,,23.002827814509256,False,1.0,5.40546,7.031954004835973,80.66098802925988
502,1,incident_cutting,cutting,3,61_68,2021-11-09,observed,11,inter_monsoon_2,24.10011,56.65901,18.1471,1.57335,5.3548,1.21718,0.06561,2.16959,14.07381,24.80771,,,,,25.78195940265833,False,4.0,4.28515,7.063603004811986,80.63485302933302
506,1,incident_cutting,cutting,4,60_62,2021-05-25,observed,5,SW_monsoon,22.11106,60.66133,16.11188,2.24383,5.07218,1.2364,0.06234,2.22464,14.12761,22.09269,38.3,176.29999999999995,200.80000000000004,399.59999999999997,6.546562545883123,True,2.0,1.5888,6.8921520049899545,80.59718502946981
584,1,incident_cutting,cutting,4,67_66,2021-12-28,observed,12,NE_monsoon,24.52839,52.53154,21.41568,2.26584,5.28258,1.15263,0.06913,8.68826,15.84848,31.89363,,,,,28.271376520822646,False,2.0,1.18264,6.993299387537003,80.79940024785675
606,1,incident_cutting,cutting,4,67_66,2015-07-08,observed,7,SW_monsoon,24.52839,52.53154,21.41568,2.26584,5.28258,1.15263,0.06913,8.68826,15.84848,31.89363,,,,,28.467533018299807,False,2.0,1.65986,6.991027223838139,80.80346131884514
607,1,incident_cutting,cutting,4,62_68,2021-11-17,observed,11,inter_monsoon_2,24.5375,55.22623,19.30339,2.09044,5.29483,1.20459,0.06763,2.3204,14.58238,25.89546,,,,,24.672099628788057,False,1.0,3.72068,7.047022004820637,80.66331902925084
614,1,incident_cutting,cutting,4,60_62,2022-05-09,observed,5,SW_monsoon,22.11106,60.66133,16.11188,2.24383,5.07218,1.2364,0.06234,2.22464,14.12761,22.09269,37.5,38.799999999999955,38.80000000000001,193.0,5.854212141680198,True,2.0,0.85142,6.885956004995256,80.6000480294622
615,1,incident_cutting,cutting,3,71_70,2021-12-16,observed,12,NE_monsoon,17.7339,62.03863,18.45343,2.1261,5.52748,1.25185,0.06028,14.43164,15.2225,30.97297,,,,,43.66308839036905,False,2.0,7.41669,7.099164004709997,80.89205102857079
616,1,incident_cutting,cutting,1,66_65,2021-10-30,observed,10,inter_monsoon_2,26.29562,50.65081,21.98572,2.28885,5.27388,1.14436,0.06954,5.60988,15.84553,30.77012,,,,,25.149095882110096,False,2.0,0.54783,6.974415004860959,80.7783190289214
618,1,incident_cutting,cutting,1,56_66,2021-11-11,observed,11,inter_monsoon_2,19.14495,65.67743,13.78113,2.03831,5.17352,1.29253,0.06248,3.2904,12.79422,20.87264,,,,,21.54228551927388,False,2.0,1.26089,6.991223004922773,80.48617802978745
619,1,incident_cutting,cutting,4,62_68,2021-11-17,observed,11,inter_monsoon_2,24.5375,55.22623,19.30339,2.09044,5.29483,1.20459,0.06763,2.3204,14.58238,25.89546,,,,,24.727004420681222,False,1.0,3.65396,7.048053004820098,80.66155102925593
620,1,incident_cutting,cutting,4,62_68,2021-11-12,observed,11,inter_monsoon_2,24.5375,55.22623,19.30339,2.09044,5.29483,1.20459,0.06763,2.3204,14.58238,25.89546,,,,,24.688015436084644,False,1.0,3.69769,7.047409004820474,80.66251102925317
623,1,incident_cutting,cutting,4,62_69,2016-11-30,observed,11,inter_monsoon_2,24.37349,55.2659,19.28571,1.49757,5.37617,1.2439,0.06427,3.29207,14.22292,26.60687,,,,,28.297614345104726,False,2.0,1.3152,7.082255004787557,80.65831002926078
625,1,incident_cutting,cutting,1,63_69,2022-11-04,observed,11,inter_monsoon_2,24.72627,54.7003,19.46475,2.07574,5.31242,1.20829,0.06735,3.02413,14.58446,26.62468,,,,,27.080596361738206,False,2.0,1.67032,7.0649360047990255,80.67888802920217
626,1,incident_cutting,cutting,0,58_63,2021-12-13,observed,12,NE_monsoon,19.57816,64.95632,14.08636,2.1844,5.0783,1.26068,0.05985,3.04004,13.39347,20.45109,,,,,10.069792748096239,False,2.0,2.23389,6.911116304983314,80.55312102959856
628,1,incident_cutting,cutting,4,60_62,2022-03-26,observed,3,inter_monsoon_1,22.11106,60.66133,16.11188,2.24383,5.07218,1.2364,0.06234,2.22464,14.12761,22.09269,5.8,5.799999999999964,5.800000000000014,62.7,6.774003759677223,True,2.0,1.79225,6.894245004987668,80.59804202946695
631,1,incident_cutting,cutting,4,70_70,2021-11-15,observed,11,inter_monsoon_2,17.7339,62.03863,18.45343,2.1261,5.52748,1.25185,0.06028,14.43164,15.2225,30.97297,,,,,42.95022227352233,False,4.0,6.78419,7.093344004716524,80.88862002858161
632,1,incident_cutting,cutting,4,70_70,2021-11-15,observed,11,inter_monsoon_2,17.7339,62.03863,18.45343,2.1261,5.52748,1.25185,0.06028,14.43164,15.2225,30.97297,,,,,42.9796397359611,False,2.0,6.84506,7.092756004716861,80.8895080285791
635,1,incident_cutting,cutting,4,62_68,2021-01-24,observed,1,NE_monsoon,24.47111,55.83422,18.6207,2.22609,5.28827,1.20629,0.06673,2.53349,14.61428,25.55431,,,,,23.81879141321396,False,2.0,4.76153,7.043103004828587,80.64778102929748
636,1,incident_cutting,cutting,2,58_69,2022-03-31,observed,3,inter_monsoon_1,23.77345,58.24053,17.07376,1.58837,5.30025,1.27909,0.06315,0.46585,12.99154,23.00246,,,,,27.023457064164685,False,3.0,2.20103,7.074306004821176,80.56090802955181
639,1,incident_cutting,cutting,4,61_67,2021-07-02,observed,7,SW_monsoon,23.18124,57.91937,17.91698,2.24584,5.2809,1.1992,0.06661,2.02911,14.61286,23.78494,,,,,20.389325767215315,False,3.0,4.27828,7.015541004861229,80.62640002936492
640,1,incident_cutting,cutting,4,62_68,2021-12-31,observed,12,NE_monsoon,24.5794,55.19591,19.24444,2.07847,5.30438,1.20901,0.06761,2.33169,14.58136,25.90984,,,,,26.20903223026023,False,1.0,2.30867,7.062878004806549,80.65804162926426
642,1,incident_cutting,cutting,1,72_68,2021-11-30,observed,11,inter_monsoon_2,17.00524,62.27855,18.33705,2.03153,5.53465,1.24324,0.06299,16.85973,15.51759,32.61275,,,,,44.72682710500237,False,3.0,8.81653,7.059541004737122,80.9354760284497
643,1,incident_cutting,cutting,3,71_69,2021-11-28,observed,11,inter_monsoon_2,18.59894,60.86542,18.42441,2.15956,5.54374,1.23143,0.06075,15.34946,15.72842,32.6315,,,,,42.49120765980623,False,4.0,6.74114,7.0831460047255135,80.89206102857294
644,1,incident_cutting,cutting,0,59_63,2021-10-01,observed,10,inter_monsoon_2,19.41821,64.85621,14.45646,2.19008,5.09355,1.25403,0.06049,2.71946,13.3976,20.15159,53.4,55.69999999999997,148.20000000000002,245.6,9.631685538220399,True,2.0,1.55194,6.913780004976837,80.56733802955569
651,1,incident_cutting,cutting,4,58_64,2021-09-27,observed,9,SW_monsoon,18.33708,66.49251,13.86116,2.17431,5.09814,1.26422,0.06033,2.75287,13.39392,19.21636,,,,,11.740508900961297,False,2.0,3.63071,6.929191004965072,80.55496002959039
652,1,incident_cutting,cutting,4,55_64,2020-08-02,observed,8,SW_monsoon,19.97943,64.67827,13.92873,2.05042,5.09242,1.25553,0.05968,3.0722,12.6586,21.29232,,,,,18.404702551505412,False,2.0,3.28471,6.941765004974752,80.47387802983162
653,1,incident_cutting,cutting,3,64_67,2021-12-21,observed,12,NE_monsoon,24.50494,53.66256,20.85161,2.26474,5.31671,1.18482,0.0642,4.85552,15.64712,28.0042,,,,,24.874961108003095,False,,0.7692,7.018896004831243,80.72687402906672
656,1,incident_cutting,cutting,3,61_68,2022-01-04,observed,1,NE_monsoon,24.20663,56.33922,18.38654,2.22019,5.29139,1.20942,0.06683,2.30862,14.61225,25.07158,,,,,23.529182320945264,False,2.0,5.61003,7.042883004832097,80.63538102933434
659,1,incident_cutting,cutting,4,67_70,2021-12-25,observed,12,NE_monsoon,21.83649,56.62025,19.77455,2.03563,5.50798,1.24888,0.05892,9.71977,15.1748,29.76631,,,,,37.69529700187901,False,3.0,5.00036,7.110037589423611,80.7989601188418
660,1,incident_cutting,cutting,4,58_64,2021-11-20,observed,11,inter_monsoon_2,18.33708,66.49251,13.86116,2.17431,5.09814,1.26422,0.06033,2.75287,13.39392,19.21636,,,,,11.740508900961297,False,2.0,3.63071,6.929191004965072,80.55496002959039
663,1,incident_cutting,cutting,3,59_64,2022-08-01,observed,8,SW_monsoon,16.99989,67.75681,14.13813,2.28213,5.14305,1.2194,0.06328,1.92229,13.42041,17.47169,,,,,13.172305442238578,False,1.0,3.02061,6.951575740434102,80.58827008248767
665,1,incident_cutting,cutting,4,64_64,2022-05-10,observed,5,SW_monsoon,29.0589,48.18431,22.4852,2.26966,5.28009,1.16106,0.06648,1.73758,15.45195,30.00779,,,,,17.67126880133463,False,3.0,2.33035,6.940790004909776,80.71811502910374
676,1,incident_cutting,cutting,1,60_68,2022-08-03,observed,8,SW_monsoon,24.09686,57.11183,17.91144,2.06102,5.35293,1.21901,0.06803,-0.34943,13.8129,22.37529,,,,,23.529358821446984,False,3.0,4.65041,7.045396004835393,80.61377102939827
692,1,incident_cutting,cutting,0,56_65,2022-08-21,observed,8,SW_monsoon,18.6401,66.36114,13.60984,2.0599,5.17005,1.28484,0.0618,3.16925,12.79614,20.17412,,,,,19.563988983287224,False,3.0,2.59769,6.973758004938186,80.49266502977054
696,1,incident_cutting,cutting,1,68_67,2021-11-25,observed,11,inter_monsoon_2,20.81198,57.46539,19.71756,2.138,5.46911,1.19592,0.06395,12.90821,15.38853,32.35997,,,,,34.36596228011051,False,2.0,1.78594,7.036481004785607,80.83519302874568
702,1,incident_cutting,cutting,4,64_63,2022-06-10,observed,6,SW_monsoon,29.3094,48.19432,22.55508,2.24084,5.21915,1.16523,0.06689,0.32774,14.56675,28.96624,,,,,14.634855509820405,False,1.0,2.4529,6.909383004943111,80.70819002913767
704,1,incident_cutting,cutting,4,62_64,2022-08-18,observed,8,SW_monsoon,27.27088,52.11171,20.62275,2.27821,5.13289,1.18045,0.06417,0.2205,15.04669,26.66853,,,,,13.393741585190444,False,1.0,0.86617,6.937786004928065,80.66085702927374
706,1,incident_cutting,cutting,3,65_66,2022-10-21,observed,10,inter_monsoon_2,25.90272,51.73974,21.23204,2.30208,5.31695,1.16079,0.06869,4.58613,15.78921,29.25217,,,,,24.29351121566548,False,1.0,2.65006,6.993515004849809,80.75019302900152
727,1,incident_cutting,cutting,4,69_71,2022-12-18,observed,12,NE_monsoon,19.82235,60.23853,18.40994,1.50094,5.59065,1.29284,0.05548,10.75295,14.71367,29.28716,,,,,42.91044122890249,False,2.0,4.99829,7.135941670687065,80.8428866887095
728,1,incident_cutting,cutting,4,69_71,2022-12-18,observed,12,NE_monsoon,19.82235,60.23853,18.40994,1.50094,5.59065,1.29284,0.05548,10.75295,14.71367,29.28716,,,,,42.9104370854717,False,2.0,4.99828,7.135941670687064,80.84288662870951
735,1,incident_cutting,cutting,1,60_65,2023-06-16,observed,6,SW_monsoon,20.76651,61.78095,16.66133,2.26064,5.18247,1.19787,0.06418,0.89241,14.13347,20.25937,,,,,13.64596116098554,False,2.0,2.99892,6.955675004923228,80.61371702941125
738,1,incident_cutting,cutting,1,63_68,2023-07-05,observed,7,SW_monsoon,24.67015,54.91094,19.40311,2.08328,5.30307,1.20631,0.06752,2.65754,14.58343,26.28818,,,,,25.92860763301813,False,2.0,2.79475,7.055191004809522,80.67517302921455
765,1,incident_cutting,cutting,4,69_71,2023-11-19,observed,11,inter_monsoon_2,20.46322,59.05438,18.92169,2.05945,5.54788,1.25184,0.05805,10.16288,15.69803,29.31658,,,,,42.1475215730368,False,2.0,6.24695,7.124931664697086,80.84542662870355
792,1,incident_cutting,cutting,0,59_68,2023-11-11,observed,11,inter_monsoon_2,22.86408,59.50915,16.6836,1.59785,5.30036,1.27521,0.06161,0.73938,12.9919,22.31199,,,,,25.081588280754072,False,2.0,2.81015,7.0576120048356445,80.56796402953309
814,1,incident_cutting,cutting,1,70_69,2024-07-02,observed,7,SW_monsoon,18.92707,60.12581,18.78394,2.17306,5.51831,1.22294,0.06178,15.66859,15.73193,33.25009,,,,,40.890049496175735,False,2.0,5.13703,7.07633170473556,80.87879172861261
992,1,incident_natural,natural,4,62_68,2021-11-17,observed,11,inter_monsoon_2,24.5375,55.22623,19.30339,2.09044,5.29483,1.20459,0.06763,2.3204,14.58238,25.89546,,,,,24.58007084617072,False,1.0,3.80746,7.046390004821467,80.66251702925331
993,1,incident_natural,natural,2,66_64,2021-12-16,observed,12,NE_monsoon,27.91366,48.4124,22.92944,2.24188,5.30958,1.13047,0.07306,3.05166,15.60973,30.13716,,,,,22.99794205676589,False,2.0,0.83742,6.949545004886753,80.7724350289423
1021,1,incident_natural,natural,4,62_68,2021-11-17,observed,11,inter_monsoon_2,24.5375,55.22623,19.30339,2.09044,5.29483,1.20459,0.06763,2.3204,14.58238,25.89546,,,,,24.558435756680677,False,1.0,3.82551,7.046362004821652,80.6619130292551
1022,1,incident_natural,natural,4,62_68,2021-11-17,observed,11,inter_monsoon_2,24.5375,55.22623,19.30339,2.09044,5.29483,1.20459,0.06763,2.3204,14.58238,25.89546,,,,,24.77520645340216,False,1.0,3.62883,7.047652004819718,80.66447202924732
1023,1,incident_natural,natural,4,62_68,2021-11-17,observed,11,inter_monsoon_2,24.5375,55.22623,19.30339,2.09044,5.29483,1.20459,0.06763,2.3204,14.58238,25.89546,,,,,24.827162075900066,False,1.0,3.57457,7.048160004819237,80.66441402924742
1024,1,incident_natural,natural,4,62_68,2021-11-17,observed,11,inter_monsoon_2,24.5375,55.22623,19.30339,2.09044,5.29483,1.20459,0.06763,2.3204,14.58238,25.89546,,,,,24.69173140922651,False,1.0,3.68874,7.047984004820412,80.66062502925868
1037,1,incident_natural,natural,1,62_67,2023-07-23,observed,7,SW_monsoon,24.64539,55.44311,18.87262,2.24333,5.27837,1.1987,0.06666,2.71819,14.61729,25.92223,,,,,22.125870328663044,False,,6.27235,7.026550004843911,80.6509960292903
1165,1,incident_natural,natural,1,61_69,2022-08-01,observed,8,SW_monsoon,24.09091,55.99996,18.96648,1.49534,5.36692,1.24741,0.06483,2.53363,14.2179,25.70058,,,,,26.78936453766455,False,2.0,3.31158,7.0722010048025234,80.63885102931994
1166,1,incident_natural,natural,3,65_66,2022-08-01,observed,8,SW_monsoon,25.05182,52.82238,21.2727,2.29407,5.28777,1.171,0.06565,4.59461,15.65053,28.41171,,,,,24.295074857112986,False,1.0,3.25263,7.000661422644964,80.74218286302411
1167,1,incident_natural,natural,1,66_65,2022-08-03,observed,8,SW_monsoon,26.50711,50.64088,21.78694,2.33394,5.28995,1.14567,0.07075,4.53456,15.79383,29.93312,,,,,24.421388674122472,False,1.0,0.4205,6.977052324861235,80.7675956199526
1171,1,incident_natural,natural,1,63_68,2022-04-04,observed,4,inter_monsoon_1,25.10051,54.25525,19.50473,2.18569,5.3414,1.19887,0.06523,3.47317,14.68995,27.05623,,,,,25.961993160066697,False,2.0,2.88208,7.053939004809551,80.67967802920137
1176,1,incident_natural,natural,0,68_70,2022-01-09,observed,1,NE_monsoon,21.06736,57.89305,19.38773,2.03964,5.51572,1.24701,0.05878,10.10238,15.17648,29.62573,,,,,38.24392835092149,False,1.0,4.01505,7.105650004724192,80.81310832880087
1177,1,incident_natural,natural,0,56_65,2022-08-01,observed,8,SW_monsoon,18.70787,66.53521,13.51763,2.17079,5.12737,1.27948,0.0625,2.0898,12.79013,19.1573,,,,,18.393011699276766,False,3.0,2.36471,6.9653490049447,80.49911102975238
1178,1,incident_natural,natural,4,62_68,2021-11-17,observed,11,inter_monsoon_2,24.5375,55.22623,19.30339,2.09044,5.29483,1.20459,0.06763,2.3204,14.58238,25.89546,,,,,25.10168894673327,False,1.0,3.31066,7.050375004816735,80.66567302924338
1179,1,incident_natural,natural,0,56_65,2022-05-29,observed,5,SW_monsoon,18.6401,66.36114,13.60984,2.0599,5.17005,1.28484,0.0618,3.16925,12.79614,20.17412,,,,,20.034048360822354,False,3.0,2.283,6.97745830493513,80.49050502977647
1181,1,incident_natural,natural,0,55_66,2022-03-28,observed,3,inter_monsoon_1,19.14495,65.67743,13.78113,2.03831,5.17352,1.29253,0.06248,3.2904,12.79422,20.87264,,,,,22.192009118878914,False,2.0,0.69084,6.994825004920595,80.4811330298021
1182,1,incident_natural,natural,0,56_65,2022-08-01,observed,8,SW_monsoon,18.70787,66.53521,13.51763,2.17079,5.12737,1.27948,0.0625,2.0898,12.79013,19.1573,,,,,18.70858759008551,False,3.0,2.43111,6.968147004942231,80.49807602975508
1184,1,incident_natural,natural,0,58_63,2022-08-01,observed,8,SW_monsoon,19.13087,65.408,14.14197,2.18293,5.09017,1.2582,0.06022,2.83724,13.39498,19.95693,,,,,10.237248456819628,False,2.0,2.23499,6.914385004979379,80.55579302959006
1185,1,incident_natural,natural,0,68_70,2021-12-29,observed,12,NE_monsoon,21.15898,57.58176,19.58206,2.05093,5.49751,1.2419,0.05959,10.34069,15.17774,29.95407,,,,,38.04252995413438,False,3.0,3.37294,7.10034000472837,80.81685802879059
1186,1,incident_natural,natural,0,68_70,2021-12-29,observed,12,NE_monsoon,21.15898,57.58176,19.58206,2.05093,5.49751,1.2419,0.05959,10.34069,15.17774,29.95407,,,,,38.1013477229947,False,1.0,3.44026,7.100960004727749,80.81693802879028
1187,1,incident_natural,natural,1,56_66,2022-02-15,observed,2,NE_monsoon,19.00211,65.75516,13.86592,2.0429,5.18123,1.29009,0.0626,3.1092,12.79567,20.55708,,,,,21.486960541798236,False,1.0,1.47843,6.99475500491768,80.49216302976899
1188,1,incident_natural,natural,0,68_70,2021-12-29,observed,12,NE_monsoon,21.15898,57.58176,19.58206,2.05093,5.49751,1.2419,0.05959,10.34069,15.17774,29.95407,,,,,38.055171449825636,False,3.0,3.39767,7.100556004728184,80.81677302879082
1189,1,incident_natural,natural,1,62_67,2021-10-30,observed,10,inter_monsoon_2,24.91782,54.91101,19.12293,2.24957,5.27423,1.19537,0.06665,2.97474,14.61937,26.44496,,,,,22.521454957558692,False,1.0,5.97461,7.026247004840605,80.66453902925012
1190,1,incident_natural,natural,0,55_66,2022-03-08,observed,3,inter_monsoon_1,19.14495,65.67743,13.78113,2.03831,5.17352,1.29253,0.06248,3.2904,12.79422,20.87264,,,,,22.15719153222541,False,2.0,0.74179,6.994348004921098,80.48101602980253
1191,1,incident_natural,natural,0,55_66,2022-03-08,observed,3,inter_monsoon_1,19.14495,65.67743,13.78113,2.03831,5.17352,1.29253,0.06248,3.2904,12.79422,20.87264,,,,,22.12571612856236,False,1.0,0.80924,6.993710004921829,80.48063202980376
3186,0,random_negative,none,2,58_62,2021-12-05,pseudo_season_matched,12,NE_monsoon,20.06349,64.30195,14.22734,2.19233,5.07153,1.25962,0.05972,3.13055,13.39443,20.88102,2.3,2.299999999999968,33.50000000000001,299.2,8.608416409960002,True,2.0,2.00468,6.894815463850016,80.55261736958101
2574,0,random_negative,none,2,69_67,2022-08-18,pseudo_season_matched,8,SW_monsoon,20.52753,57.57856,19.80143,2.15013,5.45687,1.19002,0.06496,13.91472,15.39088,33.12336,,,,,34.55308740469876,False,2.0,1.2536,7.034124762261904,80.83943069912071
4287,0,random_negative,none,4,64_64,2021-07-02,pseudo_season_matched,7,SW_monsoon,28.08359,49.09323,22.39209,2.22595,5.32525,1.14118,0.07012,1.81693,15.60315,29.03054,,,,,18.75641045211493,False,2.0,3.39126,6.947893418543119,80.72492484959135
5143,0,random_negative,none,0,63_62,2021-06-23,pseudo_season_matched,6,SW_monsoon,29.62619,48.50833,22.15853,2.22875,5.22041,1.17645,0.06422,-0.24748,14.55999,28.65401,,,,,11.267802460367427,False,1.0,3.81053,6.894668640348843,80.68120079833363
3328,0,random_negative,none,0,67_75,2021-07-25,pseudo_season_matched,7,SW_monsoon,21.63501,61.144,15.99702,1.06149,5.79592,1.34091,0.0538,6.54038,13.63293,27.16804,,,,,48.41268711873211,False,1.0,2.45442,7.2289956903196355,80.78718339114945
3875,0,random_negative,none,4,65_70,2021-11-17,pseudo_season_matched,11,inter_monsoon_2,24.08044,54.37555,20.04518,1.53884,5.42006,1.25237,0.05783,7.19272,14.22098,29.60119,,,,,33.423975277507246,False,2.0,2.0249,7.104898547914131,80.73233674717537
3206,0,random_negative,none,0,68_60,2020-10-12,pseudo_season_matched,10,inter_monsoon_2,25.51218,50.55276,22.7415,2.23541,5.22973,1.17038,0.07768,1.52517,14.09388,26.1974,,,,,24.291582808118083,False,1.0,3.63395,6.8455275216029,80.81949591925785
1753,0,random_negative,none,3,57_64,2020-08-02,pseudo_season_matched,8,SW_monsoon,17.97389,67.47136,13.22519,2.24715,5.09699,1.23908,0.06233,2.5826,13.40444,18.77691,,,,,15.12374063754338,False,2.0,0.87324,6.942409748208428,80.51781947984794
5046,0,random_negative,none,3,67_61,2021-11-11,pseudo_season_matched,11,inter_monsoon_2,26.89064,49.11591,23.22636,2.20958,5.25798,1.16576,0.07626,0.28474,14.68954,26.3701,,,,,20.56396988219066,False,3.0,1.8417,6.857192069987885,80.78453769292648
4737,0,random_negative,none,3,63_64,2021-12-05,pseudo_season_matched,12,NE_monsoon,29.58379,48.68611,21.9157,2.32644,5.19503,1.17349,0.06157,0.52855,15.30322,29.51112,,,,,14.621144508644688,False,1.0,1.63186,6.933765684930158,80.68572111383862
2596,0,random_negative,none,0,61_62,2021-11-09,pseudo_season_matched,11,inter_monsoon_2,23.951,57.54012,17.61042,2.27212,5.12578,1.21258,0.06361,1.84454,14.49268,23.9549,18.3,85.29999999999997,125.8,366.6,7.705512580189726,True,2.0,2.62854,6.897275988267977,80.6269793866761
4580,0,random_negative,none,0,61_65,2021-12-29,pseudo_season_matched,12,NE_monsoon,22.6517,58.69883,17.87173,2.31367,5.2034,1.18257,0.06396,1.48346,14.33552,22.85175,,,,,16.918226038170488,False,1.0,4.26086,6.981670744118676,80.63632720779415
2491,0,random_negative,none,0,61_62,2022-05-10,pseudo_season_matched,5,SW_monsoon,24.32187,56.52981,18.46206,2.21504,5.20418,1.21149,0.06318,1.10714,14.76965,23.7509,124.6,163.39999999999995,163.4,315.20000000000005,8.11909804102512,True,2.0,2.76945,6.898606798886479,80.63303033644144
4689,0,random_negative,none,2,62_58,2021-11-25,pseudo_season_matched,11,inter_monsoon_2,22.9654,58.36834,17.06006,2.41986,5.2484,1.25404,0.06022,5.33709,13.75513,25.82159,,,,,10.567403426458405,False,2.0,3.2208,6.770578978729449,80.6724286894706
1853,0,random_negative,none,2,58_62,2021-12-25,pseudo_season_matched,12,NE_monsoon,20.81761,63.29689,14.39811,2.20738,5.05936,1.25822,0.05951,3.32399,13.39623,21.50365,0.0,0.0,1.5000000000000142,127.69999999999999,7.693655377477255,True,3.0,2.21041,6.880243889354146,80.54886887437608
3544,0,random_negative,none,1,55_63,2022-12-18,pseudo_season_matched,12,NE_monsoon,20.2167,64.51026,13.83426,2.06897,5.06653,1.2923,0.05887,3.24723,12.65921,21.55692,,,,,17.990908215894255,False,1.0,3.40888,6.9180539035361965,80.4611717298149
3532,0,random_negative,none,2,59_62,2021-10-23,pseudo_season_matched,10,inter_monsoon_2,21.01884,62.70313,14.91597,2.21451,5.0724,1.25071,0.06025,2.98986,13.40048,21.54503,7.6,30.79999999999997,82.90000000000002,349.4,6.903169104662942,True,2.0,1.25305,6.88885945731111,80.5720728324941
1895,0,random_negative,none,2,67_63,2021-11-17,pseudo_season_matched,11,inter_monsoon_2,30.56192,44.59721,24.62868,2.16725,5.27606,1.1426,0.07536,-0.04029,15.03039,30.14541,,,,,22.295491671869343,False,2.0,3.7802,6.904138866713175,80.78882932086535
2694,0,random_negative,none,3,66_63,2021-12-16,pseudo_season_matched,12,NE_monsoon,31.32855,43.84139,24.69293,2.22925,5.24358,1.14467,0.07204,0.30931,14.85401,31.26253,,,,,21.667098369357923,False,1.0,3.16206,6.9218827120685695,80.77479043914735
3620,0,random_negative,none,0,66_66,2020-08-12,pseudo_season_matched,8,SW_monsoon,25.43598,51.76109,21.54505,2.26122,5.29153,1.15599,0.0682,6.72541,15.84406,30.87529,,,,,26.056616390344512,False,1.0,0.87899,6.992757839448847,80.77342064556653
2149,0,random_negative,none,2,69_66,2021-08-18,pseudo_season_matched,8,SW_monsoon,20.40003,57.38933,20.02796,2.17392,5.43256,1.17929,0.06677,14.79402,15.39441,33.94045,,,,,33.67049754227028,False,1.0,2.49018,7.00748166396825,80.84982225483529
3168,0,random_negative,none,1,60_63,2021-08-12,pseudo_season_matched,8,SW_monsoon,21.74807,60.91861,16.4288,2.22951,5.08994,1.23351,0.06297,1.83388,14.12899,21.87639,35.4,44.299999999999976,99.10000000000002,241.39999999999998,9.154564944145685,True,2.0,1.58206,6.915708671655815,80.6041043159679
3213,0,random_negative,none,1,71_66,2021-10-29,pseudo_season_matched,10,inter_monsoon_2,16.97918,59.93501,20.09842,2.05515,5.45634,1.19512,0.06808,22.87146,15.66574,38.50022,,,,,39.156845278434524,False,1.0,3.45092,7.004212545497622,80.91029481895734
2686,0,random_negative,none,2,60_61,2022-05-29,pseudo_season_matched,5,SW_monsoon,22.44407,59.79161,16.57329,2.19938,5.13835,1.22942,0.0628,2.29743,14.1157,22.18245,6.0,14.699999999999957,41.600000000000016,405.7,3.90681267218835,True,2.0,1.28173,6.8678256079781725,80.60601255696099
2309,0,random_negative,none,0,61_62,2022-10-21,pseudo_season_matched,10,inter_monsoon_2,24.32234,56.5511,18.35894,2.2205,5.20112,1.21184,0.06317,1.23943,14.76952,23.72697,16.5,92.99999999999994,141.60000000000002,409.0,7.645113683009945,True,2.0,2.46213,6.893971932396675,80.63265320270871
3136,0,random_negative,none,4,62_62,2021-01-24,pseudo_season_matched,1,NE_monsoon,26.37199,53.44867,19.85,2.22943,5.19733,1.19356,0.06431,0.54515,14.77481,25.58609,0.0,0.0,46.300000000000026,237.0,8.911703447138082,True,1.0,1.60879,6.894364674906669,80.65230746615542
2670,0,random_negative,none,3,57_59,2021-12-11,pseudo_season_matched,12,NE_monsoon,20.71071,64.40446,13.17487,2.60069,5.08383,1.28152,0.0545,5.2191,11.94741,22.51201,0.0,0.0,5.500000000000014,159.3,8.46690473418927,True,2.0,3.01043,6.803125812189797,80.52944337397656
2345,0,random_negative,none,3,65_66,2023-11-11,pseudo_season_matched,11,inter_monsoon_2,26.36034,51.31507,21.36645,2.31195,5.31187,1.1568,0.06865,3.78315,15.78841,28.98453,,,,,22.794011050933037,False,2.0,3.54642,6.985881824524265,80.73844700689921
5170,0,random_negative,none,3,72_69,2015-07-08,pseudo_season_matched,7,SW_monsoon,17.51803,62.45615,17.81035,2.07285,5.57947,1.24411,0.06113,16.12362,15.40556,32.37397,,,,,45.964335571199705,False,4.0,10.61083,7.091176383148691,80.92617692912357
2253,0,random_negative,none,1,63_59,2021-12-31,pseudo_season_matched,12,NE_monsoon,24.79879,55.05374,18.90261,2.3646,5.13664,1.20504,0.0644,3.31806,14.0175,25.93457,2.9,2.899999999999968,2.900000000000014,75.6,8.905762516697758,True,3.0,2.25212,6.813307586193404,80.67815421863283
3084,0,random_negative,none,4,67_60,2020-08-12,pseudo_season_matched,8,SW_monsoon,26.53325,49.07168,23.60878,2.24924,5.22142,1.16755,0.07679,-0.63867,14.09184,25.10639,,,,,20.844750235990606,False,2.0,3.79701,6.830147931179242,80.78863275102621
2872,0,random_negative,none,2,69_73,2021-11-12,pseudo_season_matched,11,inter_monsoon_2,17.92328,63.76805,16.98062,1.24789,5.7784,1.33996,0.05328,11.30765,13.52049,28.03798,,,,,46.93325225280364,False,1.0,1.37708,7.180989038818401,80.84341650974976
2697,0,random_negative,none,1,65_76,2021-12-05,pseudo_season_matched,12,NE_monsoon,27.79932,51.6452,18.78191,1.0377,5.70452,1.33735,0.05294,3.63944,12.77567,30.60726,,,,,51.24614807266163,False,,2.07132,7.271233398346886,80.7512822286381
5588,0,random_negative,none,0,69_65,2021-11-17,pseudo_season_matched,11,inter_monsoon_2,22.01841,55.59333,20.41076,2.20428,5.40332,1.16162,0.06955,11.74838,15.56118,32.39954,,,,,30.83300778841645,False,1.0,2.1977,6.979933979805424,80.83722729508796
3882,0,random_negative,none,4,62_64,2022-08-01,pseudo_season_matched,8,SW_monsoon,26.69607,52.9025,20.2699,2.30916,5.14092,1.15482,0.06569,0.56673,15.02288,26.34221,,,,,14.278650866193773,False,1.0,1.28578,6.948168783505657,80.65850893027276
3116,0,random_negative,none,3,72_67,2021-12-03,pseudo_season_matched,12,NE_monsoon,16.72371,60.52072,19.79582,2.04087,5.47743,1.20313,0.06707,22.55927,15.6636,37.92912,,,,,40.54046492469095,False,3.0,3.47113,7.010166422187826,80.9213143374553
3005,0,random_negative,none,0,56_64,2021-11-17,pseudo_season_matched,11,inter_monsoon_2,19.81183,64.77433,14.01731,2.04779,5.10731,1.25649,0.06014,2.89845,12.65934,20.99309,,,,,18.041832972423652,False,2.0,3.54062,6.951777578074744,80.48800699847143
1483,0,random_negative,none,4,67_60,2024-07-02,pseudo_season_matched,7,SW_monsoon,26.24045,49.1801,23.74361,2.24655,5.23437,1.17053,0.07701,-0.97791,14.09113,24.52046,,,,,21.68119250848862,False,1.0,2.93879,6.825493003993092,80.79607982722236
1764,0,random_negative,none,1,66_68,2021-08-12,pseudo_season_matched,8,SW_monsoon,24.16813,53.64659,20.92767,2.17709,5.28013,1.19714,0.0644,7.08615,15.31164,29.94231,,,,,30.076247407523812,False,2.0,5.38943,7.052489722402563,80.76087877494788
5601,0,random_negative,none,4,66_70,2021-11-15,pseudo_season_matched,11,inter_monsoon_2,23.85994,53.06759,20.82336,1.51285,5.3829,1.25753,0.0588,10.53665,14.1632,31.75993,,,,,35.16014810973477,False,3.0,2.11395,7.102542346830208,80.7689674702948
2027,0,random_negative,none,2,73_72,2021-11-20,pseudo_season_matched,11,inter_monsoon_2,13.14684,69.85617,15.16166,0.98602,5.83555,1.3869,0.05659,14.36763,13.48979,26.37076,,,,,52.801779277850606,False,4.0,5.61231,7.14983787965796,80.95772792565387
2050,0,random_negative,none,2,64_58,2021-11-25,pseudo_season_matched,11,inter_monsoon_2,24.42772,55.16009,19.02424,2.27442,5.21802,1.20807,0.06517,3.89686,13.9575,26.39002,,,,,13.324295232981372,False,2.0,1.21876,6.784123563834756,80.71022514681516
1996,0,random_negative,none,4,59_58,2020-08-02,pseudo_season_matched,8,SW_monsoon,21.60142,62.12966,14.24304,2.40973,5.12087,1.26467,0.0567,5.42993,13.02701,22.59597,14.0,50.199999999999974,96.90000000000003,239.0,7.5071172083717475,True,2.0,6.18294,6.774107089651445,80.5661751344254
2946,0,random_negative,none,0,61_62,2021-11-10,pseudo_season_matched,11,inter_monsoon_2,24.9052,55.50318,18.86044,2.21088,5.23206,1.20087,0.06146,1.54397,14.54904,24.59989,6.0,60.099999999999966,129.9,370.7,7.339175635955806,True,2.0,0.84326,6.883439941155158,80.64319007154286
5732,0,random_negative,none,4,67_70,2021-12-03,pseudo_season_matched,12,NE_monsoon,21.59369,57.70157,19.06381,1.49034,5.52158,1.27731,0.05678,9.828,14.33682,29.8141,,,,,38.97991034870669,False,4.0,5.39442,7.117428060292571,80.8085725536352
1575,0,random_negative,none,4,58_61,2022-02-15,pseudo_season_matched,2,NE_monsoon,20.90556,63.33526,14.20124,2.20753,5.04917,1.26152,0.05907,3.53162,13.39463,21.66351,0.0,0.4999999999999645,64.40000000000002,74.20000000000002,7.830889252277884,True,2.0,0.99782,6.869110654014725,80.53902572521267
2592,0,random_negative,none,4,62_62,2021-12-31,pseudo_season_matched,12,NE_monsoon,26.34684,53.22498,19.95235,2.22316,5.2248,1.19039,0.06297,1.11186,14.55363,25.93567,2.9,2.899999999999968,2.900000000000014,75.6,9.003476001488623,True,3.0,1.52885,6.884603591411167,80.66304474134408
3108,0,random_negative,none,1,55_63,2022-08-03,pseudo_season_matched,8,SW_monsoon,20.55093,64.33626,13.64737,2.09221,4.97846,1.29121,0.05576,4.21155,11.99345,22.85966,,,,,17.143880669161774,False,1.0,3.05089,6.910410220946941,80.46554443820261
5462,0,random_negative,none,3,64_65,2021-11-28,pseudo_season_matched,11,inter_monsoon_2,26.75268,51.33839,21.23345,2.31323,5.31859,1.15111,0.0674,2.43938,15.78432,28.11731,,,,,19.568025475839317,False,3.0,4.83689,6.97473650781778,80.70610271137444
5767,0,random_negative,none,1,60_68,2022-10-21,pseudo_season_matched,10,inter_monsoon_2,23.78581,57.41691,17.89268,1.49587,5.41135,1.27055,0.0661,0.3064,13.45222,22.70608,,,,,24.673486833794644,False,2.0,3.27804,7.056178336153727,80.59766075598226
3023,0,random_negative,none,3,61_68,2021-11-25,pseudo_season_matched,11,inter_monsoon_2,24.19933,56.48424,18.23062,2.20399,5.29898,1.21621,0.06709,2.09128,14.6094,24.85036,,,,,23.88998954443389,False,3.0,5.44295,7.048087112420739,80.62095083567051
5289,0,random_negative,none,3,66_58,2021-11-08,pseudo_season_matched,11,inter_monsoon_2,23.91958,53.94732,20.67817,2.17355,5.37068,1.21527,0.07212,3.89029,14.70067,26.39268,,,,,20.75196535657544,False,3.0,0.99703,6.779015438502444,80.77987108053837
2323,0,random_negative,none,0,70_73,2021-12-08,pseudo_season_matched,12,NE_monsoon,14.92944,67.66973,15.90751,0.98754,5.82514,1.37957,0.05503,12.99084,13.49707,26.74422,,,,,50.090483878961535,False,,3.87345,7.180824279279068,80.89064955594992
2646,0,random_negative,none,1,68_67,2021-08-12,pseudo_season_matched,8,SW_monsoon,20.97178,57.16527,19.87242,2.1505,5.45501,1.19012,0.06478,12.84912,15.38994,32.50625,,,,,33.535063301076214,False,3.0,1.98411,7.028523563858981,80.83210164852584
5349,0,random_negative,none,2,65_64,2021-08-18,pseudo_season_matched,8,SW_monsoon,27.70698,49.38393,22.21099,2.35425,5.27984,1.14173,0.07076,2.72781,15.79226,29.47746,,,,,20.935890327915523,False,1.0,2.69036,6.953512891719784,80.74618374795071
3558,0,random_negative,none,3,64_69,2020-02-21,pseudo_season_matched,2,NE_monsoon,24.82732,53.63825,20.32576,2.13656,5.32152,1.20844,0.06248,5.84022,14.57966,29.27538,,,,,29.300263087198516,False,2.0,4.4938,7.069697790157472,80.71935088678727
1756,0,random_negative,none,2,64_57,2015-07-08,pseudo_season_matched,7,SW_monsoon,23.12863,57.10828,18.19389,2.28122,5.2636,1.23595,0.06229,4.44246,14.30832,25.57464,,,,,14.632312368008723,False,1.0,2.5241,6.7595618391544665,80.71016787710636
3384,0,random_negative,none,4,69_72,2022-03-15,pseudo_season_matched,3,inter_monsoon_1,17.65514,63.68869,17.15911,1.24489,5.73933,1.32968,0.05564,11.17422,14.08474,27.57842,,,,,45.766575305284626,False,4.0,2.98411,7.161988817814851,80.8515339282797
5402,0,random_negative,none,2,63_58,2022-08-03,pseudo_season_matched,8,SW_monsoon,24.57932,55.07101,19.01153,2.2745,5.20808,1.20643,0.06496,3.68154,13.95693,26.24487,,,,,11.815597431653776,False,1.0,1.31409,6.791809214150862,80.6986719326319
3693,0,random_negative,none,3,63_64,2021-10-01,pseudo_season_matched,10,inter_monsoon_2,28.62791,49.1533,22.06552,2.3443,5.2968,1.13736,0.06793,0.88201,15.78515,28.69841,,,,,16.418639782191754,False,,1.60296,6.944395151464722,80.69829281623494
3821,0,random_negative,none,2,63_58,2021-11-17,pseudo_season_matched,11,inter_monsoon_2,23.98719,56.47244,18.02098,2.25787,5.21347,1.22097,0.06227,4.16058,13.95083,25.63909,5.3,23.49999999999997,57.000000000000014,406.1,9.705037480035342,True,2.0,2.90654,6.786563907699963,80.6745380044484
4625,0,random_negative,none,3,60_66,2022-08-03,pseudo_season_matched,8,SW_monsoon,19.88191,63.05956,16.10695,2.2892,5.21318,1.19816,0.06262,1.42772,14.32714,19.97439,,,,,16.57835430708049,False,3.0,1.16672,6.98279541603218,80.60711820916491
3488,0,random_negative,none,2,64_58,2021-12-08,pseudo_season_matched,12,NE_monsoon,24.67706,54.74541,19.26391,2.27894,5.20925,1.20303,0.06577,3.59529,13.95864,26.38233,,,,,13.293348124588022,False,3.0,1.89254,6.791315088221712,80.71284580575823
5590,0,random_negative,none,2,65_69,2022-02-15,pseudo_season_matched,2,NE_monsoon,24.59061,53.43622,20.51717,2.12993,5.32393,1.21041,0.06211,7.22244,14.58213,30.15183,,,,,31.21323789577105,False,2.0,2.68668,7.081377790848669,80.73437865086433
3584,0,random_negative,none,2,61_58,2021-11-11,pseudo_season_matched,11,inter_monsoon_2,22.96382,58.86767,16.55196,2.45685,5.18434,1.25884,0.05918,4.74504,13.68859,24.69438,17.2,41.49999999999997,143.4,380.7,7.463218378025664,True,2.0,2.6426,6.779326168218373,80.64096796236282
2304,0,random_negative,none,4,58_64,2021-08-21,pseudo_season_matched,8,SW_monsoon,15.24074,70.83961,12.61224,2.25327,5.13045,1.23645,0.06239,2.25725,13.40961,15.95565,,,,,14.424044556560654,False,3.0,2.40667,6.951702318608583,80.5458007357242
5432,0,random_negative,none,2,63_58,2022-01-09,pseudo_season_matched,1,NE_monsoon,24.03292,56.12061,18.34116,2.26196,5.22325,1.2417,0.06309,4.31583,13.95317,26.12762,,,,,11.354240092509402,False,2.0,1.49249,6.7778312340863724,80.68667324130841
1763,0,random_negative,none,3,64_65,2021-08-12,pseudo_season_matched,8,SW_monsoon,27.29962,50.279,21.74907,2.33377,5.29799,1.14722,0.06901,2.60296,15.78838,28.88647,,,,,20.39780165075171,False,1.0,4.41847,6.96723270034313,80.7266819928763
4081,0,random_negative,none,1,63_59,2021-12-16,pseudo_season_matched,12,NE_monsoon,24.79879,55.05374,18.90261,2.3646,5.13664,1.20504,0.0644,3.31806,14.0175,25.93457,7.5,8.699999999999967,13.000000000000014,137.8,9.577551945389331,True,2.0,2.88278,6.81068343882637,80.683754001625
4233,0,random_negative,none,2,73_72,2021-11-11,pseudo_season_matched,11,inter_monsoon_2,13.14684,69.85617,15.16166,0.98602,5.83555,1.3869,0.05659,14.36763,13.48979,26.37076,,,,,52.729330571843064,False,4.0,5.43971,7.151137922637177,80.95569089474125
4186,0,random_negative,none,1,67_67,2022-12-18,pseudo_season_matched,12,NE_monsoon,23.54609,53.78101,21.06616,2.23486,5.3042,1.16919,0.0664,9.77249,15.68039,32.1076,,,,,30.65250321662891,False,4.0,2.52634,7.023320188008658,80.80179020703767
1617,0,random_negative,none,4,62_65,2021-11-02,pseudo_season_matched,11,inter_monsoon_2,24.55708,55.73567,19.17297,2.24475,5.1813,1.18207,0.06613,0.95554,14.5883,24.34047,,,,,15.796911371581247,False,2.0,2.94764,6.967059500945476,80.64950206283667
3717,0,random_negative,none,4,61_64,2021-08-12,pseudo_season_matched,8,SW_monsoon,24.16237,56.94629,18.36668,2.19268,5.13542,1.20831,0.06307,0.86357,14.12006,23.64416,,,,,11.437549580572814,False,1.0,1.2572,6.928973275840951,80.63866932135514
4858,0,random_negative,none,2,66_64,2021-11-27,pseudo_season_matched,11,inter_monsoon_2,29.58545,46.49131,23.48271,2.21745,5.24961,1.14136,0.07099,1.92076,14.85328,30.85467,,,,,21.629550265762763,False,2.0,2.42375,6.930685046291267,80.76963140726915
5444,0,random_negative,none,1,57_65,2021-10-01,pseudo_season_matched,10,inter_monsoon_2,17.95798,67.28083,13.54654,2.17119,5.15324,1.25768,0.06273,1.84115,12.7925,18.25663,,,,,18.057735202325343,False,2.0,0.64971,6.975833676952397,80.52069949245752
4160,0,random_negative,none,3,62_63,2021-11-11,pseudo_season_matched,11,inter_monsoon_2,28.14967,50.87825,21.10301,2.22479,5.19972,1.18525,0.06488,-0.17376,14.77792,27.15282,,,,,11.598837861411283,False,1.0,1.16847,6.919445249597689,80.65949685228819
5412,0,random_negative,none,0,58_63,2021-08-21,pseudo_season_matched,8,SW_monsoon,18.98237,65.91477,13.71179,2.16991,5.0797,1.2696,0.05977,3.06613,13.3901,20.00666,,,,,11.812622223432472,False,2.0,2.13272,6.921260401484926,80.53973176233187
3333,0,random_negative,none,1,71_66,2021-11-12,pseudo_season_matched,11,inter_monsoon_2,17.56574,60.06684,19.67696,2.05794,5.46105,1.19894,0.06834,18.45373,15.66378,34.76509,,,,,38.98461530124767,False,1.0,2.14086,6.992146309296191,80.91491155859924
3902,0,random_negative,none,4,65_70,2022-05-09,pseudo_season_matched,5,SW_monsoon,24.08044,54.37555,20.04518,1.53884,5.42006,1.25237,0.05783,7.19272,14.22098,29.60119,,,,,33.63340159647575,False,2.0,2.09982,7.107006203170135,80.73233158281718
4661,0,random_negative,none,2,63_58,2021-11-30,pseudo_season_matched,11,inter_monsoon_2,24.23985,55.77833,18.54133,2.26618,5.21526,1.21449,0.06367,4.03657,13.9542,26.08205,,,,,10.82884818153641,False,1.0,1.67893,6.787321141495932,80.6866934195203
4915,0,random_negative,none,2,58_62,2022-08-01,pseudo_season_matched,8,SW_monsoon,20.81761,63.29689,14.39811,2.20738,5.05936,1.25822,0.05951,3.32399,13.39623,21.50365,104.9,140.99999999999994,203.00000000000003,393.29999999999995,7.587233225885866,True,2.0,1.80996,6.8760060550006665,80.54648327364393
1517,0,random_negative,none,2,62_58,2021-06-23,pseudo_season_matched,6,SW_monsoon,23.67903,57.10041,17.59594,2.25039,5.21984,1.25204,0.06112,4.46377,13.9483,25.44461,6.8,6.799999999999971,6.800000000000028,389.79999999999995,9.541301794948717,True,2.0,3.80847,6.776969874482444,80.66567921806558
3107,0,random_negative,none,3,64_59,2020-12-16,pseudo_season_matched,12,NE_monsoon,25.0347,53.98048,19.7705,2.28776,5.20154,1.19471,0.06716,3.19265,13.96149,26.50814,,,,,13.787491880992667,False,1.0,2.35822,6.808810617397426,80.72241046462257
2498,0,random_negative,none,3,63_61,2021-11-17,pseudo_season_matched,11,inter_monsoon_2,25.79665,53.6193,19.78384,2.24224,5.21782,1.1848,0.06481,1.71563,14.55503,25.75791,5.3,23.49999999999997,57.000000000000014,406.1,8.905947415275126,True,2.0,4.09043,6.855218616874823,80.6774783485845
2004,0,random_negative,none,2,62_59,2021-11-15,pseudo_season_matched,11,inter_monsoon_2,24.2235,56.70873,17.64804,2.34946,5.13819,1.2218,0.06221,3.78208,14.01191,25.25882,14.5,23.49999999999997,72.30000000000001,403.2,5.975944638724105,True,1.0,0.8358,6.81293286023304,80.65021912262536
1623,0,random_negative,none,4,67_60,2020-08-02,pseudo_season_matched,8,SW_monsoon,26.63665,48.31851,24.28625,2.25098,5.21606,1.16328,0.07816,-1.32701,14.0942,24.70304,,,,,22.849970857812824,False,2.0,3.07407,6.843768073482424,80.80652473540023
5291,0,random_negative,none,3,64_65,2022-01-06,pseudo_season_matched,1,NE_monsoon,27.87882,49.91006,21.80808,2.33737,5.29981,1.13996,0.06819,1.61297,15.78596,28.56834,,,,,18.5534843191241,False,3.0,3.33659,6.957317985254985,80.71282209346934
3573,0,random_negative,none,3,57_64,2021-10-26,pseudo_season_matched,10,inter_monsoon_2,18.46755,66.78868,13.49448,2.19248,5.12656,1.24136,0.0621,2.06401,12.79244,18.76826,,,,,15.343479983835723,False,2.0,1.0584,6.942263570192734,80.51436050652238
1740,0,random_negative,none,0,61_60,2022-06-10,pseudo_season_matched,6,SW_monsoon,23.86837,57.54023,17.08677,2.29759,5.09997,1.22625,0.06288,3.78302,13.43756,24.53725,0.0,0.7999999999999503,8.600000000000014,321.9,3.817326550485277,True,1.0,2.98201,6.825055434638461,80.63362127512178
2381,0,random_negative,none,1,57_62,2021-11-17,pseudo_season_matched,11,inter_monsoon_2,20.17237,64.45999,13.87486,2.18674,5.05445,1.26084,0.05904,3.44179,13.39053,21.18793,,,,,10.142294414353255,False,2.0,1.95637,6.889702326426727,80.52783466109048
5502,0,random_negative,none,2,61_58,2021-07-25,pseudo_season_matched,7,SW_monsoon,22.77908,59.43425,16.0297,2.45103,5.18168,1.24293,0.05851,4.62278,13.68574,23.7849,4.4,31.699999999999974,51.60000000000003,336.0,6.175356774555345,True,2.0,0.99415,6.783118424116421,80.62515710456613
3765,0,random_negative,none,4,62_65,2023-07-05,pseudo_season_matched,7,SW_monsoon,25.90185,53.44394,19.9965,2.30014,5.2696,1.16902,0.06567,2.12574,14.81035,26.7638,,,,,17.860598473022282,False,4.0,3.27061,6.9795175723428144,80.66812910214176
3231,0,random_negative,none,0,72_70,2021-12-16,pseudo_season_matched,12,NE_monsoon,17.51803,62.45615,17.81035,2.07285,5.57947,1.24411,0.06113,16.12362,15.40556,32.37397,,,,,46.35605256647147,False,3.0,11.06726,7.091640692558768,80.9303256328039
1718,0,random_negative,none,2,73_69,2021-08-12,pseudo_season_matched,8,SW_monsoon,16.68141,63.63454,17.19802,1.924,5.63457,1.26471,0.06323,15.7622,14.71061,31.12868,,,,,47.771724781425704,False,2.0,8.50455,7.07551557353721,80.95794671138914
5058,0,random_negative,none,3,67_72,2022-04-04,pseudo_season_matched,4,inter_monsoon_1,21.93691,58.88275,17.83949,1.46808,5.62071,1.29048,0.05314,7.90685,14.13038,28.51885,,,,,43.639982289421795,False,2.0,2.84226,7.168854540624369,80.80763465598828
4627,0,random_negative,none,0,67_74,2021-08-12,pseudo_season_matched,8,SW_monsoon,20.51575,61.15055,16.93338,1.06134,5.76464,1.33884,0.05493,8.12481,13.63465,27.38669,,,,,45.88400093428847,False,1.0,5.03506,7.201538196440681,80.7911001881348
4664,0,random_negative,none,4,65_73,2021-10-02,pseudo_season_matched,10,inter_monsoon_2,22.93425,57.21753,18.41122,1.51177,5.53771,1.26803,0.05487,5.20963,14.22252,26.72076,,,,,41.07635074302901,False,1.0,6.28865,7.173070971611771,80.74984821107554
2827,0,random_negative,none,1,68_72,2021-10-01,pseudo_season_matched,10,inter_monsoon_2,21.42959,58.87029,18.29968,1.50328,5.57644,1.28661,0.0553,8.4199,14.857,28.54082,,,,,42.81837155425039,False,2.0,3.21632,7.155896582396399,80.81410092496623
4977,0,random_negative,none,0,63_60,2021-11-15,pseudo_season_matched,11,inter_monsoon_2,25.27872,54.17362,19.54926,2.25007,5.21713,1.1867,0.06548,2.12661,14.55478,25.54024,14.5,23.49999999999997,72.30000000000001,403.2,9.741196902550927,True,2.0,3.52479,6.831657192000928,80.688151686691
3563,0,random_negative,none,0,63_62,2021-12-01,pseudo_season_matched,12,NE_monsoon,26.9768,52.19738,20.45703,2.22933,5.22148,1.18533,0.06376,0.92472,14.55587,26.52922,2.1,14.79999999999997,60.30000000000002,307.2,9.634150438995928,True,2.0,2.71747,6.878242634598655,80.67452649942284
5227,0,random_negative,none,3,57_64,2021-11-17,pseudo_season_matched,11,inter_monsoon_2,18.2603,67.08215,13.31972,2.256,5.09105,1.27851,0.06226,2.63761,13.40536,19.02807,,,,,13.859977153969012,False,2.0,1.88668,6.93235549812886,80.52348698213993
1929,0,random_negative,none,3,61_68,2021-11-11,pseudo_season_matched,11,inter_monsoon_2,24.61947,55.6382,18.63402,2.21519,5.29439,1.21043,0.06677,2.55315,14.61336,25.71222,,,,,24.777061243019467,False,1.0,4.40564,7.053494179812447,80.6402256528378
4845,0,random_negative,none,4,68_73,2023-07-05,pseudo_season_matched,7,SW_monsoon,20.44406,60.54408,17.6947,1.27519,5.68088,1.32146,0.05565,9.50033,13.96468,28.72697,,,,,44.823120555268154,False,3.0,1.48222,7.174645628452668,80.8185447867002
5515,0,random_negative,none,2,60_69,2019-10-30,pseudo_season_matched,10,inter_monsoon_2,24.31898,56.58553,18.19382,1.4928,5.41647,1.25378,0.0661,0.30235,13.45329,23.25142,,,,,26.4039038523949,False,2.0,2.72502,7.071821178265363,80.60326968032226
2922,0,random_negative,none,2,70_67,2023-06-16,pseudo_season_matched,6,SW_monsoon,17.48499,59.92351,19.69461,2.14601,5.4709,1.19097,0.06557,22.76073,15.3951,38.82395,,,,,38.535692644932496,False,3.0,4.22225,7.02938474716914,80.88821295335384
5076,0,random_negative,none,0,67_59,2022-12-18,pseudo_season_matched,12,NE_monsoon,25.44616,50.76412,22.67555,2.2352,5.25207,1.177,0.07629,0.79559,14.08953,25.33605,,,,,22.623010852255657,False,1.0,1.16196,6.811260351842348,80.80358595600248
4295,0,random_negative,none,2,64_58,2022-10-21,pseudo_season_matched,10,inter_monsoon_2,24.25245,55.30177,19.00518,2.27315,5.22891,1.2315,0.06526,4.14368,13.95788,26.53806,,,,,14.802004257828596,False,2.0,2.44459,6.777691297024271,80.72199471469118
2858,0,random_negative,none,1,62_67,2021-12-31,pseudo_season_matched,12,NE_monsoon,25.12547,54.38983,19.54617,2.21846,5.31825,1.18709,0.06543,2.88469,14.69115,26.59798,,,,,22.533990990024368,False,4.0,5.32635,7.02374259066441,80.67193482810366
4916,0,random_negative,none,0,66_61,2021-11-11,pseudo_season_matched,11,inter_monsoon_2,27.74062,48.85904,22.75803,2.28423,5.2701,1.14386,0.07278,0.87709,15.33601,27.68519,,,,,17.653963879285886,False,2.0,2.07199,6.867769013037374,80.75594931982394
2534,0,random_negative,none,1,70_71,2021-12-21,pseudo_season_matched,12,NE_monsoon,17.79369,62.80352,17.74258,1.49098,5.62296,1.29777,0.05559,12.88507,14.4111,29.46874,,,,,45.14714024749697,False,2.0,7.98111,7.128515736401537,80.88211364255763
5654,0,random_negative,none,1,58_58,2021-08-12,pseudo_season_matched,8,SW_monsoon,21.4658,62.4231,14.05968,2.40352,5.11142,1.26813,0.05694,5.19794,13.02542,22.07499,35.4,44.299999999999976,99.10000000000002,241.39999999999998,6.447812151862857,True,2.0,5.21909,6.791381178491072,80.55911857963123
1880,0,random_negative,none,2,56_63,2022-10-21,pseudo_season_matched,10,inter_monsoon_2,20.83581,63.79691,13.96736,2.06731,5.02603,1.28723,0.057,2.86068,12.63458,21.71068,,,,,14.948815753494344,False,3.0,1.53831,6.905724102164266,80.48593154373525
3711,0,random_negative,none,3,64_65,2021-11-17,pseudo_season_matched,11,inter_monsoon_2,27.31113,50.44638,21.63654,2.32966,5.3033,1.14281,0.0684,2.31184,15.78677,28.61454,,,,,19.22319175901043,False,2.0,3.98851,6.961968538291036,80.71671485790598
4541,0,random_negative,none,4,69_72,2021-08-12,pseudo_season_matched,8,SW_monsoon,19.78981,60.48601,18.35297,1.44869,5.64329,1.29312,0.05474,9.96575,15.04472,28.54408,,,,,44.23565932919288,False,2.0,2.98839,7.153840821115313,80.83932833497857
2902,0,random_negative,none,4,69_68,2021-07-06,pseudo_season_matched,7,SW_monsoon,19.4395,58.98867,19.31613,2.12533,5.49198,1.20155,0.0635,15.70486,15.38957,33.7682,,,,,37.330001850588424,False,2.0,2.22001,7.045822625315904,80.86236833045307
2021,0,random_negative,none,3,64_66,2021-12-16,pseudo_season_matched,12,NE_monsoon,25.40331,53.19602,20.52848,2.25405,5.28524,1.17903,0.0674,3.27057,15.42278,27.44769,,,,,23.166389710801532,False,1.0,1.39195,7.00949941168142,80.71305214546656
1586,0,random_negative,none,2,63_58,2020-07-15,pseudo_season_matched,7,SW_monsoon,24.12112,56.1162,18.2863,2.26202,5.21426,1.21773,0.06296,4.10012,13.95252,25.87754,,,,,10.298682606186246,False,1.0,2.27429,6.785488582507504,80.68017099126378
4114,0,random_negative,none,3,57_64,2021-12-01,pseudo_season_matched,12,NE_monsoon,18.2603,67.08215,13.31972,2.256,5.09105,1.27851,0.06226,2.63761,13.40536,19.02807,,,,,14.355452863930214,False,2.0,1.62582,6.935297612336477,80.51996509847682
4596,0,random_negative,none,3,54_64,2021-08-21,pseudo_season_matched,8,SW_monsoon,20.27246,64.61993,13.6622,2.02614,5.0702,1.26481,0.05926,3.54971,12.654,22.17145,,,,,21.161591290480576,False,1.0,3.81738,6.951919943004273,80.44990452783586
3494,0,random_negative,none,4,64_64,2021-12-06,pseudo_season_matched,12,NE_monsoon,29.33102,48.04135,22.49353,2.26486,5.28421,1.16387,0.06572,1.39422,15.45057,29.98699,,,,,16.711005419843083,False,1.0,1.31542,6.938083653643023,80.70873328881707
3645,0,random_negative,none,2,57_61,2021-06-23,pseudo_season_matched,6,SW_monsoon,21.59015,62.80101,14.18349,2.34024,5.00355,1.25095,0.05569,3.8172,11.78931,22.86283,,,,,10.149646005700365,False,2.0,1.62601,6.8648941253092985,80.51386019044168
5188,0,random_negative,none,4,56_61,2021-11-30,pseudo_season_matched,11,inter_monsoon_2,21.50602,63.03009,14.04438,2.33376,4.99803,1.2632,0.05529,3.92739,11.78782,22.97864,,,,,11.104198575337616,False,1.0,2.55364,6.86585297095301,80.50502743684957
3519,0,random_negative,none,1,68_69,2021-07-02,pseudo_season_matched,7,SW_monsoon,21.3853,56.90232,20.05205,2.08729,5.44689,1.22506,0.06198,10.66423,15.18183,30.61858,,,,,35.27797627586819,False,4.0,0.88195,7.071521941827794,80.81216299824898
3944,0,random_negative,none,0,61_61,2021-11-11,pseudo_season_matched,11,inter_monsoon_2,23.87314,57.55599,17.39204,2.28876,5.08419,1.22271,0.06261,3.21111,13.43553,24.55569,17.2,41.49999999999997,143.4,380.7,4.527704466425698,True,1.0,0.83762,6.862617222619204,80.62830441271755
5411,0,random_negative,none,2,60_69,2021-11-17,pseudo_season_matched,11,inter_monsoon_2,24.31898,56.58553,18.19382,1.4928,5.41647,1.25378,0.0661,0.30235,13.45329,23.25142,,,,,25.795657032268164,False,1.0,2.80809,7.066337112655888,80.60142684533375
2963,0,random_negative,none,1,68_59,2021-12-16,pseudo_season_matched,12,NE_monsoon,25.58074,50.29746,23.02772,2.23771,5.24464,1.17534,0.07721,0.4754,14.09137,25.24057,,,,,24.143153980056482,False,1.0,2.28204,6.8194503674020055,80.81808326548382
1927,0,random_negative,none,3,63_61,2021-12-16,pseudo_season_matched,12,NE_monsoon,26.3827,52.99836,20.06478,2.2321,5.22066,1.18733,0.06388,1.25685,14.55494,26.07482,7.5,8.699999999999967,13.000000000000014,137.8,9.139561337961775,True,2.0,3.07615,6.867820757532852,80.6750252179032
2249,0,random_negative,none,2,71_72,2022-06-10,pseudo_season_matched,6,SW_monsoon,14.37048,68.27178,15.73669,0.98732,5.8246,1.38114,0.05561,13.60432,13.4952,26.79655,,,,,50.14676952914645,False,2.0,3.81884,7.1687375135590905,80.90530982114745
4502,0,random_negative,none,0,61_62,2021-10-30,pseudo_season_matched,10,inter_monsoon_2,24.9052,55.50318,18.86044,2.21088,5.23206,1.20087,0.06146,1.54397,14.54904,24.59989,12.7,65.59999999999997,109.30000000000001,347.5,6.699129856724934,True,3.0,1.04952,6.877878126001311,80.64074366947796
3787,0,random_negative,none,3,64_61,2021-11-15,pseudo_season_matched,11,inter_monsoon_2,26.36559,52.19886,20.70241,2.26019,5.21391,1.17421,0.06756,1.47846,14.56078,26.42241,,,,,12.461139749558068,False,1.0,0.93821,6.8477788615382575,80.71180704373391
4376,0,random_negative,none,3,72_67,2021-12-16,pseudo_season_matched,12,NE_monsoon,16.94326,61.51273,18.91936,2.05637,5.4899,1.2276,0.06504,19.23073,15.52406,34.87078,,,,,42.13834356400468,False,2.0,6.28589,7.036365329526469,80.92263090430347
5345,0,random_negative,none,1,60_65,2021-11-17,pseudo_season_matched,11,inter_monsoon_2,18.31621,65.72698,14.92587,2.28125,5.14773,1.21768,0.06374,1.85517,13.42276,18.77837,,,,,14.412968902305119,False,3.0,2.81577,6.963348947289088,80.59731370670276
4062,0,random_negative,none,0,61_61,2021-12-05,pseudo_season_matched,12,NE_monsoon,23.9239,57.46097,17.50499,2.26296,5.17809,1.22143,0.06203,2.44639,14.24572,24.02283,2.3,2.299999999999968,33.50000000000001,299.2,4.978156164953166,True,3.0,0.99059,6.8726135784500455,80.62142663556445
2627,0,random_negative,none,3,65_58,2022-05-09,pseudo_season_matched,5,SW_monsoon,24.54761,54.61833,19.4761,2.28236,5.22197,1.20008,0.06675,3.73482,13.9607,26.56594,,,,,15.07137491841312,False,1.0,3.3906,6.789345186735128,80.72921504415918
3674,0,random_negative,none,2,63_58,2022-12-18,pseudo_season_matched,12,NE_monsoon,24.12218,55.82872,18.57096,2.26577,5.22485,1.23826,0.06379,4.26152,13.95476,26.2943,,,,,12.744009994258573,False,1.0,0.85712,6.772471435216311,80.69815516952401
4878,0,random_negative,none,4,73_70,2020-08-05,pseudo_season_matched,8,SW_monsoon,16.64799,63.95815,17.03153,1.90376,5.65929,1.27272,0.06168,15.25522,14.70628,30.59772,,,,,48.06703447216065,False,3.0,10.59401,7.093632166517883,80.9483109964382
2092,0,random_negative,none,4,68_73,2016-11-30,pseudo_season_matched,11,inter_monsoon_2,19.15443,62.15682,17.43161,1.26021,5.73742,1.33668,0.05399,10.1705,13.82006,28.16651,,,,,46.48669436783769,False,2.0,0.49556,7.1839732668866,80.83182447333938
3274,0,random_negative,none,4,67_73,2020-09-21,pseudo_season_matched,9,SW_monsoon,21.46111,59.43646,17.65748,1.35036,5.68374,1.30835,0.05453,7.78031,13.88334,27.90347,,,,,43.58068528876459,False,2.0,4.31258,7.177378159631222,80.79204304370187
3604,0,random_negative,none,2,64_62,2021-07-09,pseudo_season_matched,7,SW_monsoon,28.97593,48.15744,22.66543,2.25093,5.21622,1.16237,0.06807,0.73397,14.56775,28.86525,,,,,14.85438342005881,False,,4.22482,6.896544805129317,80.71846352929104
3072,0,random_negative,none,2,62_66,2021-06-23,pseudo_season_matched,6,SW_monsoon,25.42672,54.05011,19.67369,2.27741,5.28512,1.18592,0.06528,2.64737,14.80793,26.71547,,,,,20.527701771901807,False,2.0,5.39551,7.003276717854466,80.67412214536618
3123,0,random_negative,none,2,72_73,2021-10-30,pseudo_season_matched,10,inter_monsoon_2,13.15354,70.24828,14.95639,0.98122,5.86664,1.39589,0.05499,13.75424,13.48433,25.81555,,,,,54.097913216815016,False,3.0,2.06179,7.183010811594055,80.94230897551436
4686,0,random_negative,none,1,60_63,2021-11-02,pseudo_season_matched,11,inter_monsoon_2,21.20968,61.89845,15.84244,2.21417,5.09602,1.23914,0.06153,2.32927,13.40619,21.68081,20.8,31.19999999999997,97.30000000000001,316.2,9.843430846881922,True,3.0,1.05998,6.922040946732986,80.59965130972694
2055,0,random_negative,none,2,60_61,2021-08-12,pseudo_season_matched,8,SW_monsoon,22.97111,59.22889,16.42787,2.29484,5.0669,1.23587,0.06342,3.0873,13.65611,23.23707,35.4,44.299999999999976,99.10000000000002,241.39999999999998,3.392354076904507,True,2.0,1.85816,6.862768460321557,80.60745417925926
3113,0,random_negative,none,2,62_58,2021-11-11,pseudo_season_matched,11,inter_monsoon_2,23.80999,56.75763,17.85423,2.25425,5.22078,1.2486,0.06175,4.4166,13.94993,25.70291,17.2,41.49999999999997,143.4,380.7,9.9971705757293,True,2.0,3.37758,6.775446030909592,80.66978535839523
3975,0,random_negative,none,1,68_59,2022-03-08,pseudo_season_matched,3,inter_monsoon_1,24.10632,52.97787,21.45097,2.18364,5.35526,1.18363,0.07537,3.18391,14.70472,26.15077,,,,,23.78763686353991,False,1.0,1.03452,6.793058060139613,80.81153945152741
1784,0,random_negative,none,3,62_70,2021-11-17,pseudo_season_matched,11,inter_monsoon_2,24.50457,55.16409,19.19654,1.48797,5.39682,1.24983,0.06462,3.07319,14.22232,26.47538,,,,,30.24001132342665,False,2.0,1.67568,7.098694829575818,80.66511339268921
2589,0,random_negative,none,2,55_67,2020-07-15,pseudo_season_matched,7,SW_monsoon,20.69067,63.25922,14.63568,1.48291,5.16411,1.30942,0.06081,3.7091,12.29939,22.89814,,,,,24.847874738657577,False,4.0,0.49983,7.015621585315516,80.46887660732257
3552,0,random_negative,none,2,60_61,2021-11-23,pseudo_season_matched,11,inter_monsoon_2,22.18277,60.39571,15.97787,2.214,5.06122,1.24158,0.06284,3.27083,13.30388,22.2931,9.4,9.399999999999972,40.100000000000016,362.99999999999994,2.08234493364221,True,,2.669,6.851572704826252,80.59685705021238
1641,0,random_negative,none,1,63_59,2023-11-11,pseudo_season_matched,11,inter_monsoon_2,24.55409,55.43013,18.68561,2.26875,5.19872,1.20905,0.06388,3.5752,13.95436,25.8765,21.1,92.19999999999996,213.70000000000002,598.4,9.676925632370086,True,1.0,2.93172,6.802145663841911,80.68195689354457
2727,0,random_negative,none,4,73_70,2021-12-01,pseudo_season_matched,12,NE_monsoon,14.89909,66.5968,16.58774,1.17975,5.72715,1.33413,0.05864,14.68574,13.7644,28.4444,,,,,49.815010245814015,False,2.0,9.54436,7.11373425706455,80.95277274095781
4131,0,random_negative,none,0,66_75,2021-11-17,pseudo_season_matched,11,inter_monsoon_2,26.55759,55.99815,15.7946,1.17574,5.63279,1.30392,0.05287,6.65672,13.69155,32.15155,,,,,49.1686124116046,False,,2.15835,7.247831119620377,80.76057531422259
3630,0,random_negative,none,3,67_62,2021-08-21,pseudo_season_matched,8,SW_monsoon,27.57023,48.441,23.29623,2.19992,5.25782,1.16551,0.07556,0.84681,14.69165,27.66511,,,,,21.04709546911889,False,2.0,1.80296,6.8810025892069655,80.78434151537815
1615,0,random_negative,none,2,67_71,2022-08-01,pseudo_season_matched,8,SW_monsoon,21.47975,58.12506,18.8149,1.48595,5.53881,1.28072,0.05621,9.44333,14.33615,29.37267,,,,,39.06475041134808,False,2.0,5.83541,7.120701315253784,80.80535257194498
5081,0,random_negative,none,2,70_67,2021-08-12,pseudo_season_matched,8,SW_monsoon,18.39733,59.62553,19.4117,2.13571,5.48313,1.19629,0.06457,19.08104,15.39268,36.09597,,,,,38.46388008735229,False,2.0,3.67501,7.036130377982725,80.88269387966346
2903,0,random_negative,none,3,66_58,2021-07-25,pseudo_season_matched,7,SW_monsoon,24.94646,52.79922,20.92377,2.23181,5.34405,1.20195,0.07163,3.45144,14.89359,26.91705,,,,,18.39419828365056,False,1.0,2.85119,6.785828313954369,80.7596382096901
3343,0,random_negative,none,2,69_67,2021-12-31,pseudo_season_matched,12,NE_monsoon,20.40003,57.38933,20.02796,2.17392,5.43256,1.17929,0.06677,14.79402,15.39441,33.94045,,,,,33.68126463994543,False,1.0,2.17381,7.01046162058391,80.84783204395846
3782,0,random_negative,none,0,58_59,2021-11-17,pseudo_season_matched,11,inter_monsoon_2,20.92044,63.78839,13.44362,2.46747,5.1067,1.28108,0.05507,6.2502,11.7893,23.4365,5.3,23.49999999999997,57.000000000000014,406.1,8.01425114717554,True,4.0,4.05061,6.794370718685595,80.53862549350649
4350,0,random_negative,none,0,61_62,2021-11-17,pseudo_season_matched,11,inter_monsoon_2,25.1695,55.24476,18.96267,2.22757,5.19822,1.1999,0.06375,1.01635,14.77201,24.50884,5.3,23.49999999999997,57.000000000000014,406.1,7.84368513823971,True,2.0,1.43898,6.890234477139735,80.64195802933385
2816,0,random_negative,none,0,56_64,2021-07-06,pseudo_season_matched,7,SW_monsoon,19.66283,64.93089,14.15549,2.17416,5.08727,1.22437,0.0607,1.75582,12.65711,19.59667,,,,,14.936692372886396,False,2.0,1.95522,6.9322321150673805,80.50824539830374
3226,0,random_negative,none,1,60_63,2022-12-18,pseudo_season_matched,12,NE_monsoon,22.62067,59.55031,17.0372,2.23746,5.08834,1.22763,0.06338,1.6488,14.13219,22.64866,0.5,0.49999999999994316,12.900000000000032,62.9,9.891731966430179,True,1.0,0.60956,6.921275380585825,80.61463350918358
4639,0,random_negative,none,4,66_67,2022-03-08,pseudo_season_matched,3,inter_monsoon_1,24.15436,53.35084,21.32482,2.29151,5.27428,1.16772,0.06648,6.94729,15.65571,29.76159,,,,,27.69388390109333,False,2.0,1.49773,7.014656624369633,80.77262757543865
5539,0,random_negative,none,2,67_71,2021-12-31,pseudo_season_matched,12,NE_monsoon,22.57463,56.87734,18.97255,1.52468,5.51353,1.27485,0.05673,8.77819,14.52574,29.71412,,,,,39.53608500125595,False,3.0,6.09682,7.133806630102415,80.79360221719207
2476,0,random_negative,none,3,65_58,2021-11-11,pseudo_season_matched,11,inter_monsoon_2,23.82425,54.71538,19.97718,2.24248,5.37715,1.21752,0.06826,4.09468,15.24256,26.26292,,,,,17.867173036932982,False,1.0,3.45403,6.769644199188962,80.74875467929418
2187,0,random_negative,none,3,60_58,2021-12-11,pseudo_season_matched,12,NE_monsoon,22.37268,60.20495,15.58634,2.44815,5.18917,1.28066,0.05693,5.1142,13.68228,23.85629,0.0,0.0,5.500000000000014,159.3,7.381122208553445,True,2.0,2.35136,6.769024658590362,80.61911788111003
2064,0,random_negative,none,2,62_58,2021-11-16,pseudo_season_matched,11,inter_monsoon_2,23.67903,57.10041,17.59594,2.25039,5.21984,1.25204,0.06112,4.46377,13.9483,25.44461,3.7,25.799999999999972,57.70000000000002,400.8,9.37607542885772,True,1.0,3.67315,6.780669916094073,80.66677647292126
4624,0,random_negative,none,2,63_65,2023-11-19,pseudo_season_matched,11,inter_monsoon_2,26.71678,51.69568,21.16384,2.30015,5.25342,1.15945,0.06808,1.75542,15.42489,27.48352,,,,,19.052769810095345,False,2.0,4.16816,6.974147156346967,80.69896576038902
5729,0,random_negative,none,4,66_67,2021-08-21,pseudo_season_matched,8,SW_monsoon,23.89437,53.67936,21.1749,2.27789,5.28513,1.17362,0.06582,7.33597,15.65472,29.81498,,,,,28.467193248343758,False,4.0,2.36792,7.02261260454496,80.77436048494235
4742,0,random_negative,none,2,62_66,2021-11-20,pseudo_season_matched,11,inter_monsoon_2,24.18834,56.27498,18.71008,2.28196,5.2594,1.18193,0.06665,2.06644,14.61923,24.8835,,,,,18.738308601416286,False,2.0,5.48608,6.995692506767525,80.64759739328883
2087,0,random_negative,none,4,64_63,2021-11-17,pseudo_season_matched,11,inter_monsoon_2,29.3094,48.19432,22.55508,2.24084,5.21915,1.16523,0.06689,0.32774,14.56675,28.96624,,,,,15.24133754699112,False,1.0,2.57205,6.91115643821376,80.71364486816884
5842,0,random_negative,none,3,65_66,2020-09-18,pseudo_season_matched,9,SW_monsoon,24.65696,53.15646,21.19049,2.28369,5.29209,1.17504,0.06546,5.40718,15.65112,28.74883,,,,,25.006447170925355,False,1.0,2.92485,7.007906002468848,80.74354400280878
2956,0,random_negative,none,1,68_59,2021-12-19,pseudo_season_matched,12,NE_monsoon,24.2053,52.59873,21.66612,2.18746,5.33738,1.17721,0.07682,3.2129,14.70736,26.36231,,,,,25.260465897947125,False,2.0,2.57034,6.813378091082697,80.82777046753608
4691,0,random_negative,none,3,64_59,2021-12-05,pseudo_season_matched,12,NE_monsoon,24.94457,54.3115,19.5104,2.28301,5.20044,1.19825,0.0663,3.30228,13.95973,26.41186,,,,,12.484066004295837,False,2.0,2.64838,6.808139526219708,80.7102116808347
3930,0,random_negative,none,2,62_58,2022-08-18,pseudo_season_matched,8,SW_monsoon,22.9654,58.36834,17.06006,2.41986,5.2484,1.25404,0.06022,5.33709,13.75513,25.82159,,,,,10.754537963284314,False,3.0,3.0862,6.769815949305133,80.67400519354494
3082,0,random_negative,none,1,68_59,2021-11-20,pseudo_season_matched,11,inter_monsoon_2,23.88431,53.30004,21.25778,2.17797,5.36187,1.18571,0.07542,3.60746,14.70471,26.3445,,,,,24.59110533553712,False,1.0,1.38175,6.798832359051708,80.8199126399031
4343,0,random_negative,none,2,70_72,2020-08-02,pseudo_season_matched,8,SW_monsoon,17.00961,63.89761,17.41,1.31023,5.70514,1.32411,0.05637,12.74544,13.87083,28.48254,,,,,45.58168084910987,False,3.0,5.11027,7.148692447968335,80.86546145042402
1971,0,random_negative,none,1,68_68,2021-08-12,pseudo_season_matched,8,SW_monsoon,20.75477,57.39598,20.13863,2.11488,5.42139,1.2119,0.06366,12.08331,15.18663,31.57223,,,,,35.12078819790587,False,2.0,1.96434,7.048936464892639,80.8332030717781
2859,0,random_negative,none,3,61_68,2021-12-25,pseudo_season_matched,12,NE_monsoon,23.96339,56.96978,17.98746,1.57105,5.35485,1.24699,0.06591,1.94632,14.07199,24.46041,,,,,25.389536189426178,False,,4.9368,7.060905650101979,80.62842008889561
1536,0,random_negative,none,0,56_65,2020-12-16,pseudo_season_matched,12,NE_monsoon,19.84777,64.69874,14.06133,2.03952,5.11286,1.25949,0.06044,2.87166,12.65878,21.05298,,,,,19.11725296051112,False,2.0,2.58789,6.964220303579016,80.48729613557936
1645,0,random_negative,none,2,70_67,2022-04-04,pseudo_season_matched,4,inter_monsoon_1,18.22246,59.42658,19.66469,2.14712,5.46718,1.19047,0.0655,20.38507,15.3944,37.21996,,,,,38.28878254364876,False,2.0,3.60201,7.033852532585616,80.88237509160089
5062,0,random_negative,none,1,68_72,2021-08-18,pseudo_season_matched,8,SW_monsoon,21.30556,59.31649,18.04717,1.49812,5.59545,1.29025,0.05466,8.06358,14.8555,28.11977,,,,,43.812822008494045,False,1.0,2.31769,7.166083592895708,80.81495996007659
4342,0,random_negative,none,4,62_64,2022-03-28,pseudo_season_matched,3,inter_monsoon_1,25.51614,54.52722,19.64637,2.26672,5.16552,1.15383,0.06611,0.44469,14.59016,24.85163,,,,,14.112522225505383,False,1.0,1.93253,6.949369223954711,80.65252203499858
4097,0,random_negative,none,2,64_57,2022-03-15,pseudo_season_matched,3,inter_monsoon_1,23.66888,55.62055,19.21435,2.23783,5.31748,1.22356,0.06653,4.59903,14.57629,26.46668,,,,,15.811775723556812,False,1.0,3.315,6.763774873915472,80.72521763965548
1762,0,random_negative,none,2,60_61,2021-08-18,pseudo_season_matched,8,SW_monsoon,22.18277,60.39571,15.97787,2.214,5.06122,1.24158,0.06284,3.27083,13.30388,22.2931,2.6,5.099999999999978,50.60000000000003,242.5,1.9583663808665246,True,,2.4497,6.849550565649253,80.59368005996625
5653,0,random_negative,none,3,71_70,2020-08-02,pseudo_season_matched,8,SW_monsoon,15.9932,64.69542,17.39927,1.32054,5.67817,1.31885,0.05817,14.67353,13.8714,29.43582,,,,,46.47723202753185,False,3.0,9.24283,7.11698302082648,80.91027244888298
4291,0,random_negative,none,4,65_61,2021-11-01,pseudo_season_matched,11,inter_monsoon_2,27.35147,50.09843,21.9758,2.27349,5.21232,1.15872,0.07054,0.97955,14.56846,27.31504,,,,,15.865975450515718,False,3.0,2.13775,6.866344499987218,80.73966995035558
2970,0,random_negative,none,1,57_62,2021-12-31,pseudo_season_matched,12,NE_monsoon,19.91995,64.6482,13.99396,2.18568,5.06636,1.26321,0.05945,3.24255,13.39199,20.85535,,,,,10.063482922807164,False,2.0,1.65029,6.899934774841861,80.5382672487496
4194,0,random_negative,none,1,65_62,2021-11-20,pseudo_season_matched,11,inter_monsoon_2,28.44716,48.17393,22.90623,2.2712,5.27376,1.14464,0.07145,0.94123,15.33717,28.5332,,,,,17.280236444323233,False,4.0,4.36934,6.889300477261677,80.7459062606021
4867,0,random_negative,none,2,69_66,2021-08-12,pseudo_season_matched,8,SW_monsoon,20.08206,57.55273,20.07306,2.18461,5.4233,1.17487,0.06771,15.70769,15.39642,34.55177,,,,,34.83829909957648,False,1.0,3.06587,7.005875853494754,80.863676473333
4903,0,random_negative,none,4,62_68,2021-10-02,pseudo_season_matched,10,inter_monsoon_2,24.5794,55.19591,19.24444,2.07847,5.30438,1.20901,0.06761,2.33169,14.58136,25.90984,,,,,26.16950532809019,False,,2.21247,7.060538782192886,80.6653513945492
3984,0,random_negative,none,0,62_60,2020-08-05,pseudo_season_matched,8,SW_monsoon,24.82742,55.187,18.89614,2.23865,5.21973,1.19491,0.06382,2.31579,14.55106,24.98063,49.4,70.09999999999997,127.80000000000003,297.9,7.884695160493753,True,3.0,2.27765,6.828657577889461,80.67122713809475
3597,0,random_negative,none,0,55_65,2021-10-01,pseudo_season_matched,10,inter_monsoon_2,20.26965,64.30064,14.01089,2.02081,5.10001,1.26636,0.06045,3.17413,12.65566,21.83184,,,,,21.30261803360287,False,2.0,0.84156,6.97286210277995,80.46735829485955
4198,0,random_negative,none,2,56_63,2021-11-15,pseudo_season_matched,11,inter_monsoon_2,20.60088,63.76338,14.26056,2.08452,5.05522,1.25357,0.05768,2.54354,12.63891,21.06329,,,,,12.947852574037006,False,2.0,1.36574,6.906946166762078,80.50911876972012
3477,0,random_negative,none,3,67_62,2022-11-04,pseudo_season_matched,11,inter_monsoon_2,28.36959,47.46501,23.5488,2.17321,5.27637,1.14241,0.07613,1.1776,15.03047,28.9286,,,,,22.705227715945693,False,1.0,3.01081,6.898490927739374,80.79477986549068
4871,0,random_negative,none,3,57_59,2021-12-08,pseudo_season_matched,12,NE_monsoon,20.9079,63.39043,13.87175,2.46551,5.10358,1.26853,0.05533,5.22308,11.7892,22.38617,3.2,3.199999999999968,21.900000000000013,200.8,7.627393391727793,True,3.0,3.11024,6.802912120382501,80.53788087006298
1909,0,random_negative,none,0,67_59,2021-12-29,pseudo_season_matched,12,NE_monsoon,25.44616,50.76412,22.67555,2.2352,5.25207,1.177,0.07629,0.79559,14.08953,25.33605,,,,,22.250751295143775,False,1.0,1.33022,6.810961756675282,80.80016463686569
2933,0,random_negative,none,4,70_70,2020-10-12,pseudo_season_matched,10,inter_monsoon_2,17.54582,62.92961,17.79133,1.49542,5.6112,1.29487,0.05621,13.52947,14.41209,29.87591,,,,,44.41115676032731,False,3.0,7.96089,7.111844373595834,80.88943732468019
2508,0,random_negative,none,4,66_67,2021-08-12,pseudo_season_matched,8,SW_monsoon,24.53339,53.15903,21.25618,2.28646,5.28581,1.17092,0.06581,5.88564,15.65266,29.09348,,,,,26.182283527501742,False,2.0,2.16403,7.010755834420887,80.75662264288941
3243,0,random_negative,none,2,62_59,2021-11-28,pseudo_season_matched,11,inter_monsoon_2,24.19642,56.28868,18.07993,2.35323,5.14188,1.21631,0.06258,3.7345,14.01314,25.31829,0.6,40.19999999999998,57.40000000000002,315.49999999999994,8.01795045580006,True,1.0,1.45026,6.802810706939001,80.66597888072802
3745,0,random_negative,none,0,66_61,2021-11-17,pseudo_season_matched,11,inter_monsoon_2,26.72827,49.47445,23.0317,2.2111,5.25889,1.15313,0.07574,0.13734,14.68771,25.98425,,,,,19.949285947923098,False,3.0,2.50968,6.853829404554721,80.77934757421617
2639,0,random_negative,none,0,66_66,2021-12-29,pseudo_season_matched,12,NE_monsoon,25.65367,51.75705,21.31914,2.3073,5.30875,1.15743,0.06967,5.5127,15.79234,29.91033,,,,,25.239923231438933,False,1.0,1.44836,6.993528851324913,80.7624645938545
4897,0,random_negative,none,0,57_60,2021-12-08,pseudo_season_matched,12,NE_monsoon,20.43376,64.10918,13.81316,2.61632,5.0024,1.25559,0.05692,4.58928,13.32089,21.87425,3.2,3.199999999999968,21.900000000000013,200.8,8.049962855336778,True,2.0,0.49317,6.828538476710564,80.5272822648057
2921,0,random_negative,none,1,68_66,2022-01-09,pseudo_season_matched,1,NE_monsoon,24.4809,52.47569,21.48879,2.27998,5.27244,1.15953,0.07009,8.87288,15.85058,32.07571,,,,,29.135521794990616,False,2.0,1.7962,6.985489861643792,80.81510611985172
2988,0,random_negative,none,3,72_67,2021-11-01,pseudo_season_matched,11,inter_monsoon_2,17.04783,60.69407,19.44197,2.14853,5.46247,1.21353,0.06532,21.40631,15.84686,37.10652,,,,,41.46797512829373,False,2.0,5.73771,7.030711696344675,80.91901004981437
4681,0,random_negative,none,2,60_61,2020-08-02,pseudo_season_matched,8,SW_monsoon,23.39013,58.38576,16.94939,2.28291,5.08386,1.23099,0.06207,3.38614,13.43267,24.09431,14.0,50.199999999999974,96.90000000000003,239.0,3.4404217711972267,True,1.0,1.86355,6.85882146167105,80.61738150382982
2091,0,random_negative,none,2,66_64,2021-08-12,pseudo_season_matched,8,SW_monsoon,28.79585,47.20504,23.43042,2.25452,5.30369,1.14718,0.07364,2.14042,15.60979,30.23049,,,,,21.888880672374167,False,2.0,2.19239,6.93206383121329,80.77154564128038
1600,0,random_negative,none,2,59_62,2021-08-21,pseudo_season_matched,8,SW_monsoon,21.76971,60.84576,16.18389,2.18752,5.14082,1.23927,0.0624,2.33257,14.11292,21.66127,1.0,0.9999999999999787,6.100000000000028,223.60000000000002,5.320769568222055,True,2.0,1.00214,6.8805128229638335,80.59230898896902
3252,0,random_negative,none,0,63_66,2022-06-10,pseudo_season_matched,6,SW_monsoon,25.72519,53.16145,20.48581,2.27068,5.27771,1.17392,0.06716,2.18353,15.42099,26.79448,,,,,20.033904825588507,False,2.0,4.68402,6.99065792360866,80.68942371998894
1876,0,random_negative,none,3,64_60,2022-02-15,pseudo_season_matched,2,NE_monsoon,25.96309,52.77342,20.419,2.26126,5.21462,1.17537,0.06747,1.70127,14.55962,26.13797,,,,,12.4844977277157,False,2.0,0.99746,6.845255191384591,80.7123244175535
5449,0,random_negative,none,3,71_70,2021-08-12,pseudo_season_matched,8,SW_monsoon,17.29214,63.0627,17.83711,1.49981,5.59983,1.29196,0.05684,14.18343,14.41314,30.28739,,,,,44.85811777963949,False,2.0,8.49892,7.109613511909712,80.89712786091273
2736,0,random_negative,none,4,59_58,2022-10-21,pseudo_season_matched,10,inter_monsoon_2,21.97304,61.58833,14.18334,2.41209,5.1225,1.25947,0.05776,5.06027,13.02984,21.6975,16.5,92.99999999999994,141.60000000000002,409.0,5.886483251643865,True,2.0,4.49053,6.783804957557286,80.57961438021692
2857,0,random_negative,none,4,65_61,2021-08-12,pseudo_season_matched,8,SW_monsoon,27.35147,50.09843,21.9758,2.27349,5.21232,1.15872,0.07054,0.97955,14.56846,27.31504,,,,,15.741097113441064,False,3.0,2.43522,6.868457890366943,80.737981464119
2065,0,random_negative,none,1,68_72,2021-12-25,pseudo_season_matched,12,NE_monsoon,19.39637,61.39027,17.78721,1.2582,5.69683,1.32401,0.05637,9.57684,14.38656,27.71567,,,,,43.93007334749969,False,3.0,2.37023,7.158282374683576,80.82846301779436
2517,0,random_negative,none,1,67_67,2022-12-18,pseudo_season_matched,12,NE_monsoon,23.85615,53.50291,21.11535,2.2332,5.30691,1.1706,0.06613,9.04595,15.67885,31.70338,,,,,29.649170489630226,False,2.0,1.95517,7.019767214517306,80.79262093055324
2109,0,random_negative,none,2,59_62,2020-08-12,pseudo_season_matched,8,SW_monsoon,21.58337,61.54567,15.67729,2.23646,5.07149,1.24145,0.06196,2.37843,14.12471,21.65473,0.0,27.499999999999964,177.20000000000005,470.8,6.695442150315428,True,2.0,1.90906,6.892955157854726,80.59141787511577
1781,0,random_negative,none,1,70_71,2022-05-10,pseudo_season_matched,5,SW_monsoon,17.00961,63.89761,17.41,1.31023,5.70514,1.32411,0.05637,12.74544,13.87083,28.48254,,,,,45.17515206799549,False,3.0,5.97416,7.140945487189264,80.86885677749352
1898,0,random_negative,none,2,71_72,2021-08-12,pseudo_season_matched,8,SW_monsoon,14.7121,67.61853,15.97908,0.98996,5.80597,1.37501,0.05623,13.69538,13.49948,27.17961,,,,,49.5818598100991,False,,4.33932,7.165514381842319,80.90125244846135
3031,0,random_negative,none,3,59_69,2021-12-16,pseudo_season_matched,12,NE_monsoon,23.58825,58.36177,17.12754,1.59538,5.30887,1.27529,0.06211,0.67973,12.99339,23.00001,,,,,25.856486354279255,False,2.0,1.59626,7.065799259323638,80.57740685277658
2969,0,random_negative,none,3,65_59,2022-01-06,pseudo_season_matched,1,NE_monsoon,25.47446,52.84196,20.57912,2.30171,5.1948,1.18278,0.06955,2.59293,13.96617,26.6182,,,,,15.887017698502722,False,1.0,3.14822,6.812257505434989,80.74227614236406
3470,0,random_negative,none,3,67_61,2021-12-31,pseudo_season_matched,12,NE_monsoon,26.90079,49.08806,23.19108,2.20452,5.25916,1.16547,0.07644,0.82019,14.69112,26.94378,,,,,21.888799318514607,False,1.0,0.28942,6.866898360259222,80.79518619827708
2197,0,random_negative,none,4,65_72,2022-04-04,pseudo_season_matched,4,inter_monsoon_1,22.93425,57.21753,18.41122,1.51177,5.53771,1.26803,0.05487,5.20963,14.22252,26.72076,,,,,40.340207686470904,False,1.0,5.51826,7.167800642622402,80.74527365065966
1527,0,random_negative,none,0,68_70,2021-11-17,pseudo_season_matched,11,inter_monsoon_2,20.35935,58.93922,19.09666,2.04312,5.52385,1.24585,0.05862,10.74157,15.17794,29.70775,,,,,39.71107899595414,False,2.0,4.27326,7.108639930024575,80.83053721414913
4121,0,random_negative,none,3,64_66,2020-08-12,pseudo_season_matched,8,SW_monsoon,26.41563,51.70311,21.26188,2.29665,5.25132,1.15404,0.06871,2.63694,15.42755,27.99755,,,,,21.16794524480739,False,2.0,3.81347,6.985813743783133,80.71546023239094
5352,0,random_negative,none,3,62_70,2021-12-21,pseudo_season_matched,12,NE_monsoon,24.50457,55.16409,19.19654,1.48797,5.39682,1.24983,0.06462,3.07319,14.22232,26.47538,,,,,30.303430487171987,False,2.0,1.34869,7.099977610553611,80.66220958114185
5545,0,random_negative,none,1,57_62,2021-11-11,pseudo_season_matched,11,inter_monsoon_2,20.47202,64.05925,13.93963,2.19391,5.0489,1.26022,0.05889,3.53523,13.3914,21.4395,17.2,41.49999999999997,143.4,380.7,9.562181152733782,True,4.0,0.98472,6.880689200591102,80.5277967902753
2157,0,random_negative,none,3,57_59,2021-11-20,pseudo_season_matched,11,inter_monsoon_2,20.83965,63.46163,13.9069,2.36592,5.09381,1.26932,0.05749,5.08241,11.893,22.26939,0.0,25.399999999999974,56.500000000000014,371.0,7.114734346499095,True,2.0,1.72066,6.816128258834945,80.53786222688515
1963,0,random_negative,none,2,67_63,2020-08-05,pseudo_season_matched,8,SW_monsoon,27.80732,48.14396,23.27639,2.15636,5.28514,1.14465,0.07586,2.44995,15.033,29.59497,,,,,24.911636336946955,False,1.0,1.78546,6.919641570173911,80.80815066535034
3993,0,random_negative,none,4,62_69,2023-07-05,pseudo_season_matched,7,SW_monsoon,24.43941,55.20839,19.24538,1.49271,5.38624,1.24692,0.06445,3.19742,14.22261,26.55411,,,,,29.10863806169209,False,2.0,1.12007,7.088358513883263,80.66427297616654
3946,0,random_negative,none,0,61_59,2021-11-11,pseudo_season_matched,11,inter_monsoon_2,23.74882,57.74386,16.91345,2.2974,5.10373,1.23016,0.06269,3.97828,13.43723,24.47181,17.2,41.49999999999997,143.4,380.7,4.703448017692832,True,2.0,2.47372,6.809743583247645,80.63564512972259
3076,0,random_negative,none,3,67_62,2015-07-08,pseudo_season_matched,7,SW_monsoon,28.18457,47.81001,23.4094,2.17963,5.27333,1.14269,0.07597,0.80183,15.02867,28.31381,,,,,21.178722089638015,False,1.0,2.2779,6.8863674810665385,80.78410061795525
3075,0,random_negative,none,0,59_60,2021-08-12,pseudo_season_matched,8,SW_monsoon,21.85755,61.53765,14.67542,2.40526,5.10713,1.25378,0.05876,4.49815,13.03103,21.85466,35.4,44.299999999999976,99.10000000000002,241.39999999999998,2.6907423916321487,True,2.0,1.39349,6.824402525332762,80.57721776208058
1562,0,random_negative,none,0,70_73,2021-08-12,pseudo_season_matched,8,SW_monsoon,15.2482,67.25478,16.01987,0.98843,5.8204,1.37707,0.05503,12.72944,13.49911,26.78652,,,,,49.22655212631069,False,3.0,5.08154,7.181861804477576,80.87698303693294
4751,0,random_negative,none,1,65_62,2021-11-17,pseudo_season_matched,11,inter_monsoon_2,28.10341,48.854,22.53543,2.27046,5.27565,1.14872,0.07084,0.97598,15.33487,28.10826,,,,,15.826716821266727,False,2.0,3.25337,6.876182734536317,80.73657393976409
1610,0,random_negative,none,1,71_66,2021-10-25,pseudo_season_matched,10,inter_monsoon_2,16.97918,59.93501,20.09842,2.05515,5.45634,1.19512,0.06808,22.87146,15.66574,38.50022,,,,,38.30631730542565,False,1.0,3.29557,6.9995210370311005,80.90408867602748
2486,0,random_negative,none,2,58_62,2021-11-25,pseudo_season_matched,11,inter_monsoon_2,20.28311,63.8491,14.49927,2.19933,5.07574,1.25573,0.06001,3.01451,13.39695,20.98922,5.3,17.19999999999997,41.80000000000001,328.7,8.506994081763109,True,2.0,1.56785,6.89635086843458,80.55629052097943
2581,0,random_negative,none,0,60_64,2021-11-01,pseudo_season_matched,11,inter_monsoon_2,21.82103,60.51346,16.85585,2.22491,5.1219,1.19238,0.06603,1.34248,13.67719,21.61855,,,,,11.77265703274396,False,1.0,1.81327,6.937694672144426,80.61950064279867
1881,0,random_negative,none,3,71_67,2021-12-25,pseudo_season_matched,12,NE_monsoon,16.97676,60.01421,20.00168,2.15746,5.44164,1.20461,0.06585,24.28684,15.84972,39.84424,,,,,39.12527344648606,False,,4.91151,7.029676425750409,80.89445554280294
2260,0,random_negative,none,2,69_67,2021-12-31,pseudo_season_matched,12,NE_monsoon,20.03966,58.01386,19.73794,2.1496,5.45903,1.19001,0.06512,15.14329,15.3918,33.85586,,,,,35.45042152290095,False,2.0,0.59059,7.027836064730471,80.85488733604225
5579,0,random_negative,none,2,60_69,2021-07-25,pseudo_season_matched,7,SW_monsoon,24.20091,56.81391,18.0862,1.49133,5.41395,1.27232,0.06654,0.22378,13.45231,23.06122,,,,,26.076645998287525,False,1.0,2.18694,7.0688550087433,80.59635409703678
2513,0,random_negative,none,3,61_63,2021-10-26,pseudo_season_matched,10,inter_monsoon_2,25.29629,55.05569,19.12644,2.22218,5.20088,1.19695,0.06374,0.85221,14.77222,24.63186,31.9,43.19999999999997,85.30000000000001,306.7,8.796135768938207,True,1.0,2.69239,6.902022138828604,80.63960890507353
5387,0,random_negative,none,4,63_67,2021-11-15,pseudo_season_matched,11,inter_monsoon_2,25.3157,53.58308,19.94857,2.2074,5.32155,1.19752,0.06585,4.09427,14.69505,27.88494,,,,,25.037839947622242,False,3.0,2.93927,7.036623153099188,80.69924004112764
3785,0,random_negative,none,2,70_72,2021-12-01,pseudo_season_matched,12,NE_monsoon,16.83105,64.54733,17.09956,1.30088,5.73666,1.33273,0.05499,12.16771,13.86658,27.7924,,,,,46.76041511238815,False,2.0,4.71446,7.159760355235449,80.8688319051839
4045,0,random_negative,none,3,64_59,2021-11-11,pseudo_season_matched,11,inter_monsoon_2,24.7567,54.43895,19.50946,2.28334,5.2107,1.19967,0.06659,3.50048,13.96032,26.48258,,,,,13.470780788778224,False,3.0,2.20494,6.792974676340207,80.71514730129483
5252,0,random_negative,none,1,65_68,2021-12-05,pseudo_season_matched,12,NE_monsoon,24.4999,53.76762,20.67881,2.16957,5.29307,1.2019,0.06401,5.45328,15.3067,28.80257,,,,,27.7609823262698,False,1.0,3.27759,7.047896949877649,80.73002314956406
4787,0,random_negative,none,1,68_69,2022-03-31,pseudo_season_matched,3,inter_monsoon_1,20.54911,58.11116,19.6444,2.07769,5.47065,1.22948,0.06117,11.58126,15.18221,30.76032,,,,,37.66604261458195,False,3.0,1.24316,7.080257097612027,80.83460650179214
5064,0,random_negative,none,0,55_65,2021-11-15,pseudo_season_matched,11,inter_monsoon_2,20.17453,64.46976,13.9354,2.02877,5.09442,1.26358,0.06007,3.19716,12.65613,21.72142,,,,,20.61256077784218,False,2.0,2.17281,6.961143914552858,80.46447054289449
3577,0,random_negative,none,2,71_68,2020-10-12,pseudo_season_matched,10,inter_monsoon_2,17.93237,60.30223,19.17605,2.20417,5.47929,1.20761,0.06449,19.7528,15.73828,36.32545,,,,,40.38204434746361,False,2.0,5.49055,7.045826573005303,80.89710648367335
3623,0,random_negative,none,3,68_61,2021-11-25,pseudo_season_matched,11,inter_monsoon_2,26.05402,50.10442,22.78781,2.19858,5.26577,1.16831,0.07697,1.69247,14.69164,26.92355,,,,,24.32073091630776,False,1.0,1.88713,6.87176838288058,80.81667863911169
5078,0,random_negative,none,2,57_61,2021-11-16,pseudo_season_matched,11,inter_monsoon_2,20.73747,63.70574,13.9863,2.20085,5.04368,1.25979,0.05874,3.63179,13.39225,21.65265,3.7,25.799999999999972,57.70000000000002,400.8,8.830751983540479,True,4.0,0.18537,6.873742221593411,80.53125252332568
2230,0,random_negative,none,4,68_73,2022-12-18,pseudo_season_matched,12,NE_monsoon,20.31473,60.98535,17.47139,1.27041,5.69668,1.325,0.05503,9.15297,13.96345,28.31055,,,,,45.82822907378738,False,4.0,1.23905,7.184022400905491,80.8207376729874
3194,0,random_negative,none,1,55_63,2020-02-21,pseudo_season_matched,2,NE_monsoon,20.55093,64.33626,13.64737,2.09221,4.97846,1.29121,0.05576,4.21155,11.99345,22.85966,,,,,16.991816231547272,False,1.0,2.665,6.912759688151121,80.46853345075839
3803,0,random_negative,none,2,66_60,2021-10-29,pseudo_season_matched,10,inter_monsoon_2,26.42403,50.17666,22.57939,2.20888,5.26194,1.17015,0.07482,0.42549,14.68559,25.83926,,,,,18.183866865177304,False,4.0,1.72268,6.843641619357914,80.76422951279613
5775,0,random_negative,none,1,58_58,2021-11-01,pseudo_season_matched,11,inter_monsoon_2,20.92038,63.84272,13.40606,2.47083,5.11242,1.28197,0.0544,6.61871,11.7893,23.95581,2.4,23.09999999999997,108.4,296.7,8.934790458642759,True,2.0,5.60148,6.78017031788058,80.5388066982449
5538,0,random_negative,none,0,67_74,2021-11-02,pseudo_season_matched,11,inter_monsoon_2,20.51575,61.15055,16.93338,1.06134,5.76464,1.33884,0.05493,8.12481,13.63465,27.38669,,,,,45.88432487426861,False,1.0,5.17486,7.202121016555827,80.78997643105532
4605,0,random_negative,none,2,63_58,2021-08-21,pseudo_season_matched,8,SW_monsoon,24.12218,55.82872,18.57096,2.26577,5.22485,1.23826,0.06379,4.26152,13.95476,26.2943,,,,,12.600235507266747,False,1.0,0.45914,6.776034696087124,80.69876795423072
2687,0,random_negative,none,3,71_73,2021-12-31,pseudo_season_matched,12,NE_monsoon,14.25298,68.73453,15.56094,0.98394,5.84814,1.38837,0.05447,13.21381,13.49065,26.35034,,,,,52.40542297681542,False,2.0,1.53529,7.194093057428236,80.90741924190661
4758,0,random_negative,none,0,65_60,2021-12-16,pseudo_season_matched,12,NE_monsoon,26.39025,50.54404,22.23615,2.20423,5.26391,1.16991,0.07386,0.77319,14.68471,26.05848,,,,,16.907751920593427,False,2.0,0.60024,6.845200621023427,80.75253723007528
4967,0,random_negative,none,2,56_63,2021-11-28,pseudo_season_matched,11,inter_monsoon_2,20.31368,64.15454,14.17449,2.07724,5.06093,1.25465,0.05795,2.47513,12.63812,20.80655,,,,,13.62098511460503,False,2.0,1.08189,6.914164658887801,80.50724412256717
4841,0,random_negative,none,3,68_61,2021-12-19,pseudo_season_matched,12,NE_monsoon,25.88826,49.98887,23.1018,2.20829,5.26679,1.16527,0.07762,0.56185,14.68933,25.66755,,,,,23.61824652718552,False,1.0,2.21342,6.856362827259731,80.81247984416225
3708,0,random_negative,none,3,64_66,2021-08-12,pseudo_season_matched,8,SW_monsoon,25.99413,52.43691,20.88566,2.27946,5.26614,1.16782,0.06796,2.69135,15.42473,27.57226,,,,,21.237868110003088,False,2.0,3.50295,6.989470117757831,80.71154248017862
1616,0,random_negative,none,4,66_67,2021-11-17,pseudo_season_matched,11,inter_monsoon_2,24.36606,53.22366,21.30096,2.28907,5.27987,1.16927,0.06615,6.39762,15.65418,29.42985,,,,,27.196608128070217,False,3.0,1.1085,7.010512113948053,80.7704523800274
3554,0,random_negative,none,0,61_62,2022-12-18,pseudo_season_matched,12,NE_monsoon,24.32187,56.52981,18.46206,2.21504,5.20418,1.21149,0.06318,1.10714,14.76965,23.7509,0.5,0.49999999999994316,12.900000000000032,62.9,8.111617153934347,True,3.0,2.30171,6.896328410061576,80.63708309070314
4932,0,random_negative,none,0,66_75,2021-08-12,pseudo_season_matched,8,SW_monsoon,23.81279,59.41161,15.41263,1.09589,5.73253,1.33955,0.05329,6.74767,13.38465,29.56982,,,,,48.320431376689164,False,2.0,1.8828,7.23446050262407,80.77303181666188
4460,0,random_negative,none,2,70_72,2020-08-05,pseudo_season_matched,8,SW_monsoon,16.60061,64.64917,17.14214,1.30443,5.72578,1.33068,0.05562,12.71596,13.86702,28.10155,,,,,46.56145960837091,False,2.0,6.04791,7.150259768039904,80.87726584644074
1904,0,random_negative,none,0,61_62,2021-11-17,pseudo_season_matched,11,inter_monsoon_2,24.32187,56.52981,18.46206,2.21504,5.20418,1.21149,0.06318,1.10714,14.76965,23.7509,5.3,23.49999999999997,57.000000000000014,406.1,8.148561232439668,True,2.0,2.54901,6.899816721612376,80.6311426051262
5228,0,random_negative,none,4,59_58,2022-03-08,pseudo_season_matched,3,inter_monsoon_1,21.97304,61.58833,14.18334,2.41209,5.1225,1.25947,0.05776,5.06027,13.02984,21.6975,9.1,23.399999999999963,23.400000000000013,116.8,5.4987057339395555,True,4.0,4.37219,6.787334148838964,80.58027498013857
2887,0,random_negative,none,2,64_58,2021-11-11,pseudo_season_matched,11,inter_monsoon_2,24.25245,55.30177,19.00518,2.27315,5.22891,1.2315,0.06526,4.14368,13.95788,26.53806,,,,,14.333612050825982,False,2.0,2.06055,6.780554004487912,80.7186332032331
4645,0,random_negative,none,1,71_71,2021-12-31,pseudo_season_matched,12,NE_monsoon,16.22029,64.57332,17.36729,1.31676,5.68847,1.32135,0.05756,14.13411,13.8706,29.11654,,,,,46.43385654692462,False,2.0,8.22853,7.128752347024745,80.8985072617505
1705,0,random_negative,none,3,64_60,2021-08-12,pseudo_season_matched,8,SW_monsoon,25.11614,54.22758,19.58867,2.25579,5.21724,1.1925,0.06614,2.27969,14.55542,25.56694,,,,,11.37867250441681,False,2.0,1.95597,6.826062118124161,80.70274704078204
2817,0,random_negative,none,3,64_69,2021-12-13,pseudo_season_matched,12,NE_monsoon,24.87112,53.80461,20.18465,2.13303,5.32627,1.21042,0.06245,5.30105,14.57775,28.8518,,,,,28.6764462192917,False,2.0,3.57877,7.06793469207591,80.71006093032712
2701,0,random_negative,none,4,59_58,2021-11-17,pseudo_season_matched,11,inter_monsoon_2,22.12202,61.50723,14.34635,2.37297,5.15455,1.26421,0.05684,5.20028,12.29836,23.12745,5.3,23.49999999999997,57.000000000000014,406.1,7.443551671563466,True,2.0,5.096,6.769096055669805,80.57877721574798
2550,0,random_negative,none,3,54_64,2021-08-12,pseudo_season_matched,8,SW_monsoon,20.18436,64.80878,13.56217,2.04171,5.05881,1.2589,0.05864,3.54433,12.6551,21.99965,,,,,20.451712722438486,False,1.0,4.7302,6.934121573565486,80.44498747461294
4589,0,random_negative,none,2,58_62,2020-09-18,pseudo_season_matched,9,SW_monsoon,20.47204,63.75516,14.32947,2.19999,5.06522,1.2588,0.05961,3.22503,13.39535,21.22768,90.3,103.99999999999996,172.90000000000003,328.8,8.426865258861339,True,3.0,2.22227,6.886002404407635,80.54518440606071
5148,0,random_negative,none,1,71_71,2022-03-15,pseudo_season_matched,3,inter_monsoon_1,15.93139,64.99501,17.23083,1.31546,5.6949,1.32374,0.05748,14.26712,13.86894,28.98564,,,,,47.245775798639585,False,2.0,8.15223,7.1268850877108205,80.91055318040644
2415,0,random_negative,none,2,69_73,2021-12-29,pseudo_season_matched,12,NE_monsoon,17.57668,64.44074,16.69604,1.00881,5.79621,1.37583,0.05393,11.5464,13.23984,27.95531,,,,,47.4605063347785,False,,1.49867,7.188001488792281,80.84164793783297
5549,0,random_negative,none,3,65_58,2021-11-16,pseudo_season_matched,11,inter_monsoon_2,24.54761,54.61833,19.4761,2.28236,5.22197,1.20008,0.06675,3.73482,13.9607,26.56594,,,,,15.423653196447003,False,2.0,3.65579,6.787941918899242,80.73210505263833
4486,0,random_negative,none,4,62_62,2021-10-23,pseudo_season_matched,10,inter_monsoon_2,26.34684,53.22498,19.95235,2.22316,5.2248,1.19039,0.06297,1.11186,14.55363,25.93567,7.6,30.79999999999997,82.90000000000002,349.4,8.690806267415287,True,2.0,1.70211,6.877090263468344,80.66512409317242
3245,0,random_negative,none,2,59_61,2021-08-12,pseudo_season_matched,8,SW_monsoon,21.51546,61.38119,15.7558,2.18609,5.13541,1.24432,0.06197,2.5996,14.11029,21.3869,35.4,44.299999999999976,99.10000000000002,241.39999999999998,4.016851734807618,True,2.0,1.57273,6.868228132516156,80.59109254925063
3207,0,random_negative,none,1,57_58,2022-12-18,pseudo_season_matched,12,NE_monsoon,20.92979,63.80444,13.41899,2.46924,5.10964,1.28262,0.05475,6.42786,11.78933,23.67219,0.5,0.49999999999994316,12.900000000000032,62.9,8.494953568031587,True,1.0,4.46367,6.790195979440982,80.53615258846325
2363,0,random_negative,none,3,71_70,2021-12-03,pseudo_season_matched,12,NE_monsoon,17.41329,62.49891,18.30634,2.12431,5.53404,1.25437,0.06021,14.63317,15.22107,30.87946,,,,,44.223510288023945,False,2.0,8.1181,7.098342101615964,80.89961302949014
5811,0,random_negative,none,2,69_73,2020-10-12,pseudo_season_matched,10,inter_monsoon_2,17.57668,64.44074,16.69604,1.00881,5.79621,1.37583,0.05393,11.5464,13.23984,27.95531,,,,,47.69583865913052,False,2.0,1.66482,7.191912910730017,80.83965062388528
4001,0,random_negative,none,1,56_66,2021-08-12,pseudo_season_matched,8,SW_monsoon,19.56452,65.18934,14.05407,2.13844,5.1455,1.29005,0.06411,1.84123,12.78923,19.93854,,,,,21.322954348584908,False,1.0,2.252,6.9983031473460615,80.5005433760947
5758,0,random_negative,none,2,66_60,2021-09-30,pseudo_season_matched,9,SW_monsoon,26.37721,50.63686,22.03033,2.21854,5.31468,1.17669,0.07324,1.21734,14.93992,26.41257,,,,,17.351817136288133,False,1.0,1.8197,6.83511854675667,80.7570280143488
4225,0,random_negative,none,3,60_60,2021-11-30,pseudo_season_matched,11,inter_monsoon_2,22.73225,59.78432,15.68708,2.27604,5.09152,1.24433,0.06105,4.06986,13.42741,22.89533,8.2,13.29999999999997,60.70000000000002,307.5,0.6837343655013381,True,2.0,2.29436,6.834536570293036,80.594005940449
4469,0,random_negative,none,4,68_73,2021-11-01,pseudo_season_matched,11,inter_monsoon_2,17.97347,63.98199,16.74041,1.00988,5.79264,1.37354,0.05409,11.00582,13.24177,27.79823,,,,,46.67544554402633,False,3.0,0.84527,7.1871487099227584,80.83008977754875
4345,0,random_negative,none,4,59_59,2021-06-23,pseudo_season_matched,6,SW_monsoon,22.21627,61.35857,13.89017,2.40932,5.11723,1.25533,0.05856,4.60332,13.03067,20.38991,6.8,6.799999999999971,6.800000000000028,389.79999999999995,4.124434020285796,True,2.0,3.35287,6.806080612425322,80.57415563744601
5676,0,random_negative,none,0,61_60,2022-03-28,pseudo_season_matched,3,inter_monsoon_1,24.48647,56.42818,17.87716,2.3027,5.09226,1.21666,0.06367,3.25776,13.44079,25.19078,1.0,15.299999999999965,15.300000000000015,61.2,4.480871463445115,True,2.0,3.48685,6.839154424569235,80.64008378061507
2758,0,random_negative,none,3,64_68,2020-12-16,pseudo_season_matched,12,NE_monsoon,24.9371,53.48006,20.44538,2.1499,5.30926,1.20287,0.06287,5.73035,14.5809,29.34924,,,,,28.630106004733292,False,3.0,4.57101,7.061264742814238,80.72243310845265
2527,0,random_negative,none,3,59_64,2021-10-30,pseudo_season_matched,10,inter_monsoon_2,17.94894,66.61739,14.29096,2.29441,5.12627,1.25764,0.06319,2.04521,13.41974,18.29299,,,,,12.283416853452561,False,2.0,3.49517,6.941385244487265,80.57551556179108
4259,0,random_negative,none,4,56_61,2021-12-28,pseudo_season_matched,12,NE_monsoon,21.33213,63.26228,14.01327,2.21497,4.94741,1.26366,0.05666,3.82733,11.972,22.80466,,,,,11.093854991388117,False,2.0,2.34561,6.869921551144657,80.50663584676246
5343,0,random_negative,none,2,55_67,2021-11-11,pseudo_season_matched,11,inter_monsoon_2,19.73267,65.11097,13.77078,1.55641,5.20837,1.30975,0.06186,3.48806,12.12559,21.72582,,,,,25.18849049435942,False,3.0,0.66872,7.023509648815216,80.4749290859832
3764,0,random_negative,none,0,66_73,2023-07-05,pseudo_season_matched,7,SW_monsoon,22.98186,57.2466,18.38384,1.53194,5.60601,1.27973,0.05439,6.36891,14.58422,27.96176,,,,,42.062635983746425,False,1.0,7.28577,7.175842937622907,80.76516635694016
3255,0,random_negative,none,0,58_63,2021-08-21,pseudo_season_matched,8,SW_monsoon,20.06349,64.30195,14.22734,2.19233,5.07153,1.25962,0.05972,3.13055,13.39443,20.88102,1.0,0.9999999999999787,6.100000000000028,223.60000000000002,9.663812935485174,True,3.0,2.42957,6.902542631918585,80.54700246818125
3827,0,random_negative,none,4,65_63,2021-12-29,pseudo_season_matched,12,NE_monsoon,28.90322,47.56249,23.14772,2.26061,5.27834,1.14427,0.07087,1.09223,15.33925,29.23659,,,,,17.77606774494156,False,1.0,5.36569,6.907084358313478,80.74280038856618
1535,0,random_negative,none,3,66_63,2021-08-21,pseudo_season_matched,8,SW_monsoon,29.84068,46.10449,23.69846,2.2325,5.24421,1.13907,0.07179,1.04531,14.85234,30.27482,,,,,20.48747242820571,False,2.0,4.90165,6.906790939523968,80.77010245179561
3335,0,random_negative,none,0,55_66,2015-07-08,pseudo_season_matched,7,SW_monsoon,20.25815,64.16918,14.17178,2.018,5.11448,1.26703,0.06105,2.96938,12.6565,21.64573,,,,,22.20756695395045,False,2.0,0.89442,6.98785054857495,80.47194802936372
4798,0,random_negative,none,2,58_62,2021-10-06,pseudo_season_matched,10,inter_monsoon_2,20.81761,63.29689,14.39811,2.20738,5.05936,1.25822,0.05951,3.32399,13.39623,21.50365,0.0,14.19999999999997,79.00000000000001,215.6,7.24646231340567,True,3.0,2.18664,6.877209812003485,80.55157616315297
5820,0,random_negative,none,0,66_59,2021-11-17,pseudo_season_matched,11,inter_monsoon_2,24.58539,52.72267,21.40829,2.19216,5.33988,1.19208,0.07382,2.79441,14.70329,26.08869,,,,,20.18601385294913,False,1.0,2.92264,6.796410513829879,80.77898082392844
3964,0,random_negative,none,0,56_65,2021-06-23,pseudo_season_matched,6,SW_monsoon,18.44197,66.73738,13.59982,2.1668,5.14282,1.25932,0.06279,1.93576,12.79116,18.80842,,,,,18.21268099575545,False,2.0,1.16451,6.970691856581946,80.50948361078875
1774,0,random_negative,none,3,64_66,2021-08-21,pseudo_season_matched,8,SW_monsoon,26.37231,51.94827,21.10298,2.29223,5.25678,1.16211,0.06826,2.35573,15.42572,27.67607,,,,,20.848188518432675,False,2.0,3.80836,6.987786466505751,80.70780837896187
5034,0,random_negative,none,1,67_68,2020-09-18,pseudo_season_matched,9,SW_monsoon,22.43383,55.48604,20.63463,2.12425,5.39758,1.20845,0.06405,9.1166,15.18394,30.29205,,,,,31.26207707037849,False,4.0,4.21426,7.040203338863248,80.7925934273313
1632,0,random_negative,none,0,61_60,2021-12-08,pseudo_season_matched,12,NE_monsoon,23.99058,57.33194,17.27214,2.29742,5.09604,1.22372,0.06301,3.59103,13.43784,24.63831,3.2,3.199999999999968,21.900000000000013,200.8,3.332987246366633,True,2.0,3.72492,6.836314858243797,80.62998210842512
2369,0,random_negative,none,2,71_68,2024-07-02,pseudo_season_matched,7,SW_monsoon,17.69523,60.71414,18.98654,2.20145,5.48819,1.2105,0.06436,19.74053,15.73719,36.08893,,,,,41.4051254472681,False,3.0,6.69719,7.045627165150833,80.90856815020506
5167,0,random_negative,none,3,60_58,2019-10-30,pseudo_season_matched,10,inter_monsoon_2,22.72511,59.67316,15.74336,2.44757,5.17887,1.24352,0.05837,4.46058,13.68459,23.11601,8.6,28.099999999999977,62.000000000000014,399.5,4.971565763295554,True,2.0,0.30775,6.791439350309021,80.61718891588416
4555,0,random_negative,none,0,61_61,2022-08-03,pseudo_season_matched,8,SW_monsoon,24.69545,55.80742,18.64583,2.21394,5.2299,1.20219,0.06156,1.75746,14.54837,24.42297,48.1,192.99999999999994,245.60000000000002,407.09999999999997,6.483830997253488,True,4.0,1.12418,6.871758086527033,80.64404478275428
4500,0,random_negative,none,3,64_61,2021-12-28,pseudo_season_matched,12,NE_monsoon,26.68887,51.97011,20.73022,2.25249,5.21458,1.17565,0.06661,1.3081,14.56,26.60463,,,,,11.694572518204193,False,2.0,2.04568,6.857331620784239,80.70300597510517
2738,0,random_negative,none,4,60_62,2021-12-01,pseudo_season_matched,12,NE_monsoon,23.17663,58.8424,17.11965,2.25238,5.07639,1.2259,0.06321,1.76809,14.13318,23.05432,2.1,14.79999999999997,60.30000000000002,307.2,6.958448357986025,True,1.0,2.14391,6.894963667015411,80.61107639239894
4658,0,random_negative,none,4,65_63,2020-08-05,pseudo_season_matched,8,SW_monsoon,28.69579,48.06644,22.86482,2.26146,5.27853,1.14707,0.07035,0.97386,15.33706,28.83597,,,,,17.439542410457065,False,2.0,5.54165,6.902308701881467,80.74179730670868
3868,0,random_negative,none,0,56_58,2021-11-17,pseudo_season_matched,11,inter_monsoon_2,21.02293,63.61519,13.655,2.63277,4.98654,1.27632,0.05019,5.93682,11.65314,24.10076,,,,,11.458735417816374,False,3.0,4.78639,6.790553101822495,80.50539316254586
1546,0,random_negative,none,4,62_65,2021-10-23,pseudo_season_matched,10,inter_monsoon_2,25.38687,54.28104,19.81686,2.32046,5.23025,1.16811,0.06805,1.3568,15.34732,25.62009,,,,,16.82532958903423,False,2.0,2.88081,6.973457279284324,80.65865776912815
5517,0,random_negative,none,0,69_65,2021-12-19,pseudo_season_matched,12,NE_monsoon,22.39719,55.16449,20.53145,2.21718,5.39329,1.16104,0.07032,10.90772,15.56192,31.98328,,,,,30.773744424523034,False,1.0,2.22897,6.975149259256726,80.83950384793987
3725,0,random_negative,none,0,63_62,2021-12-31,pseudo_season_matched,12,NE_monsoon,27.72595,50.78648,21.21138,2.24148,5.21649,1.17547,0.0655,0.75341,14.56012,27.32345,,,,,11.394679014285328,False,2.0,4.15301,6.876585585419038,80.69345747563668
3326,0,random_negative,none,4,69_72,2021-11-30,pseudo_season_matched,11,inter_monsoon_2,19.78981,60.48601,18.35297,1.44869,5.64329,1.29312,0.05474,9.96575,15.04472,28.54408,,,,,44.89422805749459,False,1.0,3.05729,7.15629463638121,80.84598061262626
5465,0,random_negative,none,2,68_71,2021-11-28,pseudo_season_matched,11,inter_monsoon_2,20.87202,59.3669,18.3276,1.50721,5.57174,1.28467,0.05534,9.46318,14.85818,29.05678,,,,,43.016388233788945,False,2.0,4.04077,7.1432445434565945,80.83506464360703
2900,0,random_negative,none,4,64_64,2021-08-21,pseudo_season_matched,8,SW_monsoon,29.18639,47.81721,22.69304,2.28287,5.27079,1.15621,0.06754,1.62755,15.45309,30.03096,,,,,17.692007694291124,False,2.0,2.9202,6.931265052749922,80.72639641861484
4155,0,random_negative,none,3,70_66,2021-10-02,pseudo_season_matched,10,inter_monsoon_2,18.26717,59.03696,20.02216,2.03962,5.42137,1.18954,0.06893,18.95098,15.18614,35.9423,,,,,36.06692965248477,False,1.0,2.68675,6.989999250729678,80.88619166272717
2337,0,random_negative,none,1,58_60,2021-07-02,pseudo_season_matched,7,SW_monsoon,20.99847,63.10595,14.10555,2.38028,5.08465,1.26844,0.05831,4.82269,12.84199,22.06343,0.0,6.699999999999972,15.700000000000028,289.70000000000005,5.309742060594172,True,,2.50212,6.823321406867681,80.5529311510408
1618,0,random_negative,none,0,58_63,2022-08-01,pseudo_season_matched,8,SW_monsoon,18.99812,65.74322,13.8994,2.17622,5.0855,1.2661,0.05998,2.95261,13.39249,19.92093,,,,,11.398750323317213,False,2.0,2.80347,6.921556376009279,80.5471523808018
4154,0,random_negative,none,0,67_59,2021-11-20,pseudo_season_matched,11,inter_monsoon_2,25.66061,50.82706,22.46525,2.23685,5.24571,1.18015,0.07535,0.92586,14.08864,25.57995,,,,,20.97730200494828,False,1.0,2.75172,6.818319173697523,80.7892826314065
4073,0,random_negative,none,0,63_60,2022-03-28,pseudo_season_matched,3,inter_monsoon_1,24.76595,55.11141,18.98267,2.24463,5.21881,1.19415,0.06444,2.46495,14.55185,25.12148,1.0,15.299999999999965,15.300000000000015,61.2,8.652202344963847,True,3.0,2.50275,6.823714563065556,80.67775234522294
2354,0,random_negative,none,4,62_65,2022-06-10,pseudo_season_matched,6,SW_monsoon,26.39335,52.78386,20.47168,2.33812,5.21698,1.1587,0.06841,1.11978,15.35042,26.48638,,,,,16.607759412174914,False,3.0,1.75699,6.965888301289059,80.6701167537214
5550,0,random_negative,none,3,65_58,2021-08-21,pseudo_season_matched,8,SW_monsoon,24.08863,54.25708,20.23607,2.25082,5.36371,1.21977,0.06905,3.73355,15.24346,26.20151,,,,,17.717721430628313,False,1.0,3.35876,6.780858356249393,80.7516221443374
4446,0,random_negative,none,2,62_58,2021-12-19,pseudo_season_matched,12,NE_monsoon,23.11811,58.60891,16.6904,2.45732,5.17995,1.24204,0.05968,4.50768,13.68952,24.5823,0.0,36.29999999999997,46.40000000000002,143.4,7.267015240397799,True,2.0,3.04609,6.787116462395379,80.64709551464638
4436,0,random_negative,none,0,61_65,2021-12-13,pseudo_season_matched,12,NE_monsoon,23.75323,57.01651,18.61806,2.23703,5.18546,1.18695,0.06564,0.98096,14.58529,23.50142,,,,,15.21674061445502,False,1.0,3.77307,6.964927367882837,80.63929434968351
1474,0,random_negative,none,0,55_65,2022-08-01,pseudo_season_matched,8,SW_monsoon,20.17453,64.46976,13.9354,2.02877,5.09442,1.26358,0.06007,3.19716,12.65613,21.72142,,,,,20.521404724457597,False,2.0,2.25908,6.960252519877807,80.46476336323553
2673,0,random_negative,none,3,70_66,2021-12-29,pseudo_season_matched,12,NE_monsoon,19.42849,58.08323,20.02096,2.18293,5.42612,1.17551,0.06783,17.45563,15.39727,35.61278,,,,,34.94920474509655,False,1.0,4.14907,6.998111368018362,80.8697893161893
5526,0,random_negative,none,0,56_58,2021-11-12,pseudo_season_matched,11,inter_monsoon_2,20.8594,63.56607,13.86897,2.63601,4.9875,1.27709,0.04985,6.41272,11.65323,24.43334,,,,,12.489447564586047,False,2.0,3.69652,6.782284009039424,80.49900093580118
3759,0,random_negative,none,3,67_61,2021-11-23,pseudo_season_matched,11,inter_monsoon_2,26.51939,49.5075,23.04799,2.20243,5.26184,1.1664,0.07679,1.17686,14.69146,26.90698,,,,,22.572354259032366,False,3.0,0.19403,6.873313423231155,80.80027782054401
2953,0,random_negative,none,3,64_60,2020-07-15,pseudo_season_matched,7,SW_monsoon,25.59299,53.31476,20.14444,2.26167,5.21561,1.17873,0.06729,1.93383,14.55841,25.9051,,,,,12.030327464957892,False,2.0,1.35547,6.835124882764457,80.70885926580385
2612,0,random_negative,none,1,72_71,2021-12-01,pseudo_season_matched,12,NE_monsoon,15.11939,66.20889,16.74877,1.18119,5.71919,1.33078,0.05877,14.79393,13.76648,28.75246,,,,,49.21672994385628,False,2.0,9.03218,7.11874440178332,80.94168837382993
4149,0,random_negative,none,0,69_65,2021-11-17,pseudo_season_matched,11,inter_monsoon_2,21.42739,56.08579,20.57178,2.08623,5.44103,1.16279,0.06967,11.72058,15.20961,32.08786,,,,,32.1250026990277,False,3.0,3.92539,6.971789935127645,80.85548123584637
5698,0,random_negative,none,3,65_66,2015-07-08,pseudo_season_matched,7,SW_monsoon,24.77448,53.33288,20.99778,2.27773,5.30557,1.17898,0.06472,4.54231,15.64803,28.02576,,,,,24.007387199555268,False,1.0,1.63506,7.008013433579687,80.7286651338841
2779,0,random_negative,none,2,72_73,2021-08-12,pseudo_season_matched,8,SW_monsoon,13.15354,70.24828,14.95639,0.98122,5.86664,1.39589,0.05499,13.75424,13.48433,25.81555,,,,,53.683041320508394,False,2.0,2.52201,7.179042276637503,80.94099298442582
1944,0,random_negative,none,0,63_62,2021-10-26,pseudo_season_matched,10,inter_monsoon_2,27.82201,50.43233,21.44918,2.24739,5.21494,1.17145,0.06644,0.77669,14.56211,27.50355,,,,,11.766249107495858,False,2.0,3.88775,6.876694240114257,80.69710710275218
4577,0,random_negative,none,3,65_58,2024-07-02,pseudo_season_matched,7,SW_monsoon,24.96862,52.93966,20.76264,2.22903,5.34311,1.19422,0.07097,3.54845,14.8925,26.9516,,,,,16.793561623084145,False,2.0,4.30645,6.786338565319922,80.74463495262216
1775,0,random_negative,none,3,64_67,2021-08-12,pseudo_season_matched,8,SW_monsoon,25.2006,53.26946,20.52728,2.24486,5.29003,1.18687,0.06745,3.88318,15.42361,27.78595,,,,,24.682466697099944,False,2.0,0.37081,7.022639718411408,80.71793008859464
2942,0,random_negative,none,2,56_62,2023-07-05,pseudo_season_matched,7,SW_monsoon,20.92051,63.44,14.23348,2.08559,5.04059,1.25484,0.05718,2.71842,12.6382,21.48987,,,,,13.497269692763437,False,2.0,2.11465,6.90003620370803,80.49789802215075
4075,0,random_negative,none,0,61_65,2021-12-29,pseudo_season_matched,12,NE_monsoon,21.86887,59.99451,17.34843,2.31584,5.20016,1.1836,0.0634,1.36333,14.33348,21.91786,,,,,16.29208178835721,False,2.0,2.8506,6.978700048725246,80.62216933237947
4421,0,random_negative,none,3,64_60,2021-10-23,pseudo_season_matched,10,inter_monsoon_2,25.79804,52.56084,20.71558,2.2734,5.21524,1.177,0.06925,1.68986,14.56194,26.07144,,,,,13.918367519220274,False,1.0,0.93687,6.8360532073119415,80.72593083955047
2017,0,random_negative,none,0,60_64,2021-11-11,pseudo_season_matched,11,inter_monsoon_2,19.73889,63.73645,15.51224,2.20835,5.12578,1.21255,0.06515,1.6333,13.67026,19.71799,,,,,11.619042606113872,False,3.0,1.47052,6.937952196057247,80.59436127676032
5691,0,random_negative,none,3,64_61,2021-12-29,pseudo_season_matched,12,NE_monsoon,26.46433,51.8283,20.9741,2.26618,5.21327,1.1703,0.06854,1.39902,14.56262,26.53032,,,,,13.404450614366269,False,1.0,0.50966,6.854567705834687,80.71938441563377
4823,0,random_negative,none,0,63_60,2021-11-15,pseudo_season_matched,11,inter_monsoon_2,25.63784,53.65303,19.82198,2.24941,5.21655,1.18348,0.06562,1.87958,14.5559,25.76311,,,,,10.592039524117961,False,2.0,2.80321,6.845395927049889,80.69505814738773
1650,0,random_negative,none,0,63_66,2021-08-12,pseudo_season_matched,8,SW_monsoon,25.4312,53.53566,20.31182,2.25849,5.28681,1.17935,0.06694,2.44378,15.42004,26.71222,,,,,21.149035801913506,False,2.0,3.93951,7.002372932289921,80.68901328371186
3942,0,random_negative,none,0,61_65,2022-03-26,pseudo_season_matched,3,inter_monsoon_1,22.77696,58.56517,17.93825,2.32432,5.19625,1.19652,0.06387,1.36275,14.33631,22.85985,,,,,16.062072316289147,False,1.0,4.37114,6.973993347638459,80.63511311039505
2572,0,random_negative,none,0,55_65,2021-10-23,pseudo_season_matched,10,inter_monsoon_2,20.26965,64.30064,14.01089,2.02081,5.10001,1.26636,0.06045,3.17413,12.65566,21.83184,,,,,21.324843863735946,False,2.0,0.59731,6.974688612078851,80.46901682913656
2068,0,random_negative,none,3,64_60,2022-01-09,pseudo_season_matched,1,NE_monsoon,25.96309,52.77342,20.419,2.26126,5.21462,1.17537,0.06747,1.70127,14.55962,26.13797,,,,,12.585501351109867,False,2.0,1.26546,6.839565927202589,80.7137155619107
2836,0,random_negative,none,0,60_67,2021-07-09,pseudo_season_matched,7,SW_monsoon,21.81242,61.01897,16.25218,2.17646,5.24685,1.21458,0.0621,0.36513,13.35363,20.86481,,,,,20.47232803066208,False,3.0,1.79661,7.018186290586087,80.59919338929927
4187,0,random_negative,none,3,64_65,2022-03-08,pseudo_season_matched,3,inter_monsoon_1,27.31113,50.44638,21.63654,2.32966,5.3033,1.14281,0.0684,2.31184,15.78677,28.61454,,,,,19.482690386281064,False,2.0,4.18274,6.962054645990316,80.72009607042814
1771,0,random_negative,none,2,70_72,2022-03-28,pseudo_season_matched,3,inter_monsoon_1,16.37316,64.76108,17.17562,1.30807,5.71523,1.32846,0.05625,13.24792,13.86757,28.40299,,,,,47.03690361584311,False,,6.85784,7.147750382277664,80.88655234705263
4573,0,random_negative,none,3,57_64,2021-10-29,pseudo_season_matched,10,inter_monsoon_2,18.2603,67.08215,13.31972,2.256,5.09105,1.27851,0.06226,2.63761,13.40536,19.02807,,,,,14.175246943168487,False,2.0,1.514,6.937571634068272,80.52574769871259
2108,0,random_negative,none,1,68_67,2021-11-20,pseudo_season_matched,11,inter_monsoon_2,21.37599,56.7789,19.94522,2.1507,5.45349,1.1903,0.06457,11.91178,15.38899,31.97446,,,,,32.56532514906351,False,2.0,3.4519,7.030463318154479,80.81875834354405
1837,0,random_negative,none,0,60_67,2021-05-25,pseudo_season_matched,5,SW_monsoon,21.81242,61.01897,16.25218,2.17646,5.24685,1.21458,0.0621,0.36513,13.35363,20.86481,,,,,21.24931009217029,False,2.0,2.20399,7.025213645437248,80.6010375287097
1704,0,random_negative,none,1,55_63,2020-02-21,pseudo_season_matched,2,NE_monsoon,20.1368,65.53875,12.90094,2.12259,4.95809,1.2955,0.05571,4.61989,11.59506,22.84923,,,,,17.44281523896052,False,2.0,2.1501,6.901783088450371,80.45791686159616
3160,0,random_negative,none,1,57_58,2021-08-12,pseudo_season_matched,8,SW_monsoon,20.77968,64.36818,13.12222,2.37995,5.08099,1.28283,0.05251,5.55427,11.37969,22.9236,35.4,44.299999999999976,99.10000000000002,241.39999999999998,9.685093105003387,True,1.0,5.08625,6.784492884679435,80.52701183910197
4540,0,random_negative,none,3,63_64,2021-07-25,pseudo_season_matched,7,SW_monsoon,28.60106,49.38439,21.93054,2.33918,5.30338,1.14495,0.06727,0.65534,15.78344,28.4562,,,,,15.912626091803304,False,,2.00327,6.947040808577859,80.68788602691382
4331,0,random_negative,none,3,64_60,2022-02-15,pseudo_season_matched,2,NE_monsoon,25.70646,52.92936,20.43004,2.26752,5.21529,1.18085,0.06825,1.82235,14.56019,26.01336,,,,,13.209107674953094,False,3.0,0.6169,6.835558248103419,80.71952124196378
3872,0,random_negative,none,3,64_67,2022-03-08,pseudo_season_matched,3,inter_monsoon_1,25.18044,53.48036,20.38307,2.24145,5.29502,1.18451,0.06713,3.51482,15.42184,27.41614,,,,,23.988557025516563,False,2.0,0.74454,7.017944847942104,80.71358254749275
2788,0,random_negative,none,2,56_63,2022-03-15,pseudo_season_matched,3,inter_monsoon_1,20.68685,63.7606,14.16652,2.0786,5.04585,1.25574,0.05746,2.64995,12.63744,21.28269,,,,,13.456229990660999,False,4.0,1.80309,6.905420616168996,80.50210948922008
5384,0,random_negative,none,2,69_67,2022-08-03,pseudo_season_matched,8,SW_monsoon,20.03966,58.01386,19.73794,2.1496,5.45903,1.19001,0.06512,15.14329,15.3918,33.85586,,,,,35.41273157804695,False,2.0,0.28372,7.03029897864542,80.85255064634765
1677,0,random_negative,none,4,68_73,2021-12-05,pseudo_season_matched,12,NE_monsoon,19.04444,62.95234,16.72284,1.02312,5.74726,1.36185,0.05526,10.12404,13.38311,27.99873,,,,,47.048084963751634,False,,1.60335,7.193372245301882,80.82660552734482
4363,0,random_negative,none,0,61_61,2022-08-21,pseudo_season_matched,8,SW_monsoon,24.69545,55.80742,18.64583,2.21394,5.2299,1.20219,0.06156,1.75746,14.54837,24.42297,4.0,3.999999999999943,9.80000000000003,350.29999999999995,6.239552231218737,True,4.0,1.25597,6.871537809505097,80.64125997266986
1550,0,random_negative,none,1,70_71,2021-11-17,pseudo_season_matched,11,inter_monsoon_2,17.00961,63.89761,17.41,1.31023,5.70514,1.32411,0.05637,12.74544,13.87083,28.48254,,,,,45.39444195366905,False,3.0,5.63435,7.144375995386419,80.86792578059864
5675,0,random_negative,none,3,71_70,2022-08-01,pseudo_season_matched,8,SW_monsoon,15.7216,65.10877,17.25704,1.31913,5.68507,1.32136,0.05807,14.7397,13.86972,29.25469,,,,,46.85016885877911,False,1.0,9.43724,7.114715621708634,80.91686905010104
5326,0,random_negative,none,4,67_60,2021-11-03,pseudo_season_matched,11,inter_monsoon_2,26.68992,48.40922,24.2089,2.22036,5.25959,1.1628,0.07761,-1.73174,14.68792,24.32012,,,,,21.892772483249512,False,1.0,3.45394,6.838278667412956,80.7980707554387
5100,0,random_negative,none,0,59_60,2022-08-03,pseudo_season_matched,8,SW_monsoon,21.33346,62.04383,14.9271,2.19904,5.05604,1.25505,0.06146,3.76823,13.29658,21.52492,48.1,192.99999999999994,245.60000000000002,407.09999999999997,3.2035667562215866,True,2.0,0.48883,6.840613690100005,80.57202488965251
5455,0,random_negative,none,2,62_59,2021-11-28,pseudo_season_matched,11,inter_monsoon_2,24.2235,56.70873,17.64804,2.34946,5.13819,1.2218,0.06221,3.78208,14.01191,25.25882,0.6,40.19999999999998,57.40000000000002,315.49999999999994,6.165488117335294,True,,0.65736,6.817187708788496,80.65350972172247
4253,0,random_negative,none,2,62_66,2021-10-06,pseudo_season_matched,10,inter_monsoon_2,24.75844,55.33546,19.1122,2.28938,5.2531,1.18185,0.06677,2.18986,14.62147,25.60126,,,,,18.711403208345907,False,2.0,5.24834,6.994012914893468,80.65222442824215
2171,0,random_negative,none,3,57_59,2021-11-11,pseudo_season_matched,11,inter_monsoon_2,20.75447,64.37431,13.14439,2.46376,5.10111,1.28154,0.05451,5.38469,11.78756,22.70112,17.2,41.49999999999997,143.4,380.7,8.265605345072421,True,3.0,3.60108,6.797819020503859,80.5339942454292
5154,0,random_negative,none,1,60_63,2021-10-23,pseudo_season_matched,10,inter_monsoon_2,22.11196,60.07957,17.01316,2.17632,5.14489,1.22899,0.06201,1.23345,14.11417,21.75105,,,,,10.239682608079516,False,1.0,0.74554,6.924420367965619,80.61490578025374
2560,0,random_negative,none,4,59_59,2020-09-18,pseudo_season_matched,9,SW_monsoon,22.00538,61.46117,14.36266,2.40742,5.11217,1.25541,0.05868,4.57222,13.03088,21.31995,90.3,103.99999999999996,172.90000000000003,328.8,3.1253689520845755,True,2.0,2.31785,6.815850477681352,80.57751305677215
5210,0,random_negative,none,0,63_66,2022-08-18,pseudo_season_matched,8,SW_monsoon,25.90185,53.44394,19.9965,2.30014,5.2696,1.16902,0.06567,2.12574,14.81035,26.7638,,,,,18.688545406992663,False,2.0,3.8664,6.984635802766855,80.67478658020843
2159,0,random_negative,none,3,61_63,2021-11-17,pseudo_season_matched,11,inter_monsoon_2,23.11343,58.54383,17.67268,2.18442,5.14037,1.22286,0.06255,1.06555,14.11709,22.67996,,,,,10.42159519428112,False,1.0,0.55441,6.92494470895521,80.62082899135562
3327,0,random_negative,none,0,67_59,2021-12-31,pseudo_season_matched,12,NE_monsoon,24.29625,52.74166,21.57331,2.18801,5.34967,1.18227,0.0752,2.87158,14.7046,26.0201,,,,,22.741796287621533,False,1.0,0.67711,6.797945806503171,80.80280671340195
4810,0,random_negative,none,4,57_63,2021-11-11,pseudo_season_matched,11,inter_monsoon_2,19.45738,65.4211,13.68519,2.17174,5.06651,1.2714,0.05938,3.26349,13.38873,20.5549,,,,,11.592437721291525,False,2.0,0.63086,6.91138899451023,80.5303078319758
2655,0,random_negative,none,1,65_68,2021-08-12,pseudo_season_matched,8,SW_monsoon,24.56678,53.50716,20.89044,2.18507,5.27747,1.19456,0.0646,5.71589,15.30951,29.16711,,,,,27.77184531900186,False,1.0,3.21539,7.04421811321162,80.73610756996034
5163,0,random_negative,none,0,73_71,2022-08-01,pseudo_season_matched,8,SW_monsoon,14.92678,66.86372,16.39669,1.17024,5.75326,1.34068,0.05753,14.21771,13.76097,28.01333,,,,,50.39928579549677,False,3.0,7.71985,7.1303083976251225,80.94591281049684
3310,0,random_negative,none,1,58_58,2021-12-05,pseudo_season_matched,12,NE_monsoon,21.38143,62.52003,14.14152,2.47815,5.12214,1.27207,0.05547,5.55805,11.79265,22.78589,2.3,2.299999999999968,33.50000000000001,299.2,7.547182175055609,True,2.0,6.61624,6.777698009162692,80.55995058516608
5030,0,random_negative,none,2,65_67,2022-05-10,pseudo_season_matched,5,SW_monsoon,24.27627,53.93668,20.72387,2.25184,5.32806,1.19059,0.06367,5.13997,15.64621,27.99438,,,,,26.01463568772598,False,2.0,1.47401,7.029972432866032,80.72885292038063
4289,0,random_negative,none,0,72_70,2022-08-03,pseudo_season_matched,8,SW_monsoon,15.3528,65.80903,16.90955,1.18258,5.71144,1.32748,0.0589,14.8726,13.76854,29.04301,,,,,48.32288335461505,False,2.0,9.08998,7.117819771816569,80.93186325321095
4407,0,random_negative,none,4,67_66,2021-08-15,pseudo_season_matched,8,SW_monsoon,24.52839,52.53154,21.41568,2.26584,5.28258,1.15263,0.06913,8.68826,15.84848,31.89363,,,,,29.145203232333877,False,2.0,1.51499,6.997443678176377,80.80621408512852
2276,0,random_negative,none,3,65_59,2021-08-12,pseudo_season_matched,8,SW_monsoon,25.52536,52.51696,20.8617,2.30668,5.19644,1.17924,0.07053,2.38984,13.96791,26.5611,,,,,15.89740910565938,False,1.0,2.99005,6.815446823646156,80.742800366365
2273,0,random_negative,none,0,63_66,2019-11-29,pseudo_season_matched,11,inter_monsoon_2,26.08961,52.69584,20.6923,2.2829,5.26867,1.16839,0.06739,1.88947,15.42197,26.91881,,,,,19.349100660791574,False,3.0,4.28396,6.984113260695265,80.6883753664332
2062,0,random_negative,none,3,67_61,2022-03-28,pseudo_season_matched,3,inter_monsoon_1,26.68704,49.19637,23.29156,2.20981,5.25918,1.16536,0.07684,0.33068,14.69006,26.24286,,,,,21.50049211261468,False,2.0,0.64833,6.865055821509475,80.79193485476887
2264,0,random_negative,none,3,63_61,2022-08-01,pseudo_season_matched,8,SW_monsoon,27.05643,51.68513,20.79351,2.24422,5.21613,1.1775,0.06562,1.07989,14.55909,26.80212,,,,,11.013232305734961,False,2.0,4.02306,6.872593566155724,80.69146836531702
4110,0,random_negative,none,1,68_66,2021-10-02,pseudo_season_matched,10,inter_monsoon_2,24.13154,52.9104,21.33104,2.26673,5.28038,1.15182,0.06939,9.47479,15.84994,32.26796,,,,,29.306726161554973,False,2.0,2.23664,6.989382093221144,80.81421258285283
4862,0,random_negative,none,0,61_59,2020-09-21,pseudo_season_matched,9,SW_monsoon,23.4197,58.42872,16.37345,2.29189,5.10622,1.23697,0.06199,4.25684,13.43445,23.98661,15.3,83.19999999999996,212.00000000000003,412.0,4.1843037124071465,True,2.0,1.5484,6.8036433924992,80.62390380021654
2143,0,random_negative,none,3,64_67,2021-11-17,pseudo_season_matched,11,inter_monsoon_2,25.18044,53.48036,20.38307,2.24145,5.29502,1.18451,0.06713,3.51482,15.42184,27.41614,,,,,23.82376442022266,False,1.0,1.11346,7.018327186338751,80.71006173971641
1489,0,random_negative,none,3,54_66,2021-12-03,pseudo_season_matched,12,NE_monsoon,20.35971,64.12559,14.06157,1.49304,5.12824,1.27296,0.0588,4.18209,12.29702,22.97084,,,,,23.962953632768443,False,2.0,2.64,6.98672099371122,80.44707300949477
3748,0,random_negative,none,0,64_70,2021-11-17,pseudo_season_matched,11,inter_monsoon_2,24.18138,55.24214,19.24007,1.50385,5.37816,1.25555,0.06037,5.20271,13.96856,27.91051,,,,,32.65705678785367,False,2.0,2.37757,7.109055146721924,80.7052525453773
1654,0,random_negative,none,0,61_59,2022-08-03,pseudo_season_matched,8,SW_monsoon,23.43484,58.0761,17.01081,2.45739,5.17061,1.2291,0.06051,4.04354,13.69126,24.48273,48.1,192.99999999999994,245.60000000000002,407.09999999999997,5.560512363748492,True,1.0,1.59011,6.808707265954696,80.644065474971
2456,0,random_negative,none,1,72_68,2022-03-15,pseudo_season_matched,3,inter_monsoon_1,16.89113,62.62784,18.13708,2.02749,5.54527,1.24836,0.06272,16.25704,15.51543,31.91845,,,,,45.72485138223554,False,3.0,9.24048,7.063796249010067,80.94350291041071
5513,0,random_negative,none,0,62_60,2022-08-03,pseudo_season_matched,8,SW_monsoon,24.82742,55.187,18.89614,2.23865,5.21973,1.19491,0.06382,2.31579,14.55106,24.98063,48.1,192.99999999999994,245.60000000000002,407.09999999999997,7.443451911799163,True,3.0,2.47144,6.833241800643903,80.66736596927659
1745,0,random_negative,none,0,61_61,2021-10-29,pseudo_season_matched,10,inter_monsoon_2,24.08506,56.79729,18.15611,2.20804,5.23303,1.2161,0.06083,1.93303,14.54615,23.82812,47.4,53.39999999999997,104.20000000000002,337.1,5.586091241758655,True,1.0,0.3382,6.871634899406487,80.632586263383
1832,0,random_negative,none,2,59_62,2021-12-08,pseudo_season_matched,12,NE_monsoon,21.4527,61.90693,15.32414,2.2361,5.06443,1.24575,0.06152,2.62089,14.12247,21.52679,3.2,3.199999999999968,21.900000000000013,200.8,5.56672692907267,True,2.0,0.591,6.877030690214566,80.57555357480993
2895,0,random_negative,none,4,59_59,2016-11-30,pseudo_season_matched,11,inter_monsoon_2,22.49448,60.87458,14.03764,2.41321,5.11968,1.25186,0.0591,4.45021,13.03311,20.2437,0.0,0.0,13.999999999999972,193.60000000000002,3.011787470789081,True,2.0,3.54545,6.808225941066164,80.58865947149424
5127,0,random_negative,none,0,59_60,2021-12-25,pseudo_season_matched,12,NE_monsoon,21.6308,61.50778,15.18799,2.20461,5.05972,1.25115,0.06189,3.65465,13.29903,21.66743,0.0,0.0,1.5000000000000142,127.69999999999999,3.1245142508605097,True,2.0,0.75048,6.843170724034545,80.57361605194758
1736,0,random_negative,none,2,56_60,2023-07-23,pseudo_season_matched,7,SW_monsoon,21.05656,63.62704,13.72397,2.61112,5.00116,1.25942,0.05591,5.59227,12.25058,23.85338,26.2,26.199999999999953,42.400000000000034,336.1,9.87332463247718,True,3.0,2.33228,6.834172527495954,80.51065069210424
4530,0,random_negative,none,0,64_70,2020-02-21,pseudo_season_matched,2,NE_monsoon,24.05241,54.78998,19.74372,1.53279,5.44039,1.25655,0.05779,6.3104,14.21914,28.81163,,,,,34.01000977893378,False,2.0,1.11935,7.1183354223731765,80.71511994510367
1923,0,random_negative,none,2,73_72,2021-11-08,pseudo_season_matched,11,inter_monsoon_2,13.06086,70.14366,15.01705,0.98399,5.84929,1.39089,0.05602,14.14361,13.48723,26.08229,,,,,53.12693072508165,False,3.0,4.53488,7.159122854504498,80.95329143212524
1511,0,random_negative,none,4,60_62,2021-08-21,pseudo_season_matched,8,SW_monsoon,22.78232,59.10676,17.16996,2.19603,5.14561,1.22326,0.06325,1.86765,14.11859,22.59249,1.0,0.9999999999999787,6.100000000000028,223.60000000000002,6.107529194306953,True,2.0,1.87651,6.885768998524452,80.61637144393404
5663,0,random_negative,none,4,57_63,2021-10-26,pseudo_season_matched,10,inter_monsoon_2,19.03956,65.98475,13.55944,2.16396,5.07295,1.27279,0.05958,3.17789,13.38781,20.17054,,,,,12.10692146937483,False,3.0,0.67367,6.914070309865487,80.52632620258528
3198,0,random_negative,none,4,66_69,2022-03-08,pseudo_season_matched,3,inter_monsoon_1,23.8622,53.21467,21.00169,2.12679,5.322,1.21933,0.0623,9.5747,15.30818,31.26452,,,,,33.865124505403664,False,2.0,2.53302,7.088169973583025,80.76963612169816
2981,0,random_negative,none,2,57_61,2022-10-21,pseudo_season_matched,10,inter_monsoon_2,21.0004,63.70777,13.72258,2.60528,4.9994,1.26089,0.05744,4.65003,13.32024,22.72887,16.5,92.99999999999994,141.60000000000002,409.0,7.8393635634937615,True,4.0,1.95967,6.847986232458701,80.53065238968479
3346,0,random_negative,none,4,67_65,2021-08-21,pseudo_season_matched,8,SW_monsoon,26.55634,49.95542,22.39268,2.23108,5.31409,1.13448,0.07337,4.87469,15.61213,30.46472,,,,,25.90023624915749,False,1.0,0.57714,6.956945528210997,80.79894711810579
3016,0,random_negative,none,1,60_65,2022-02-15,pseudo_season_matched,2,NE_monsoon,18.63042,65.31174,15.0455,2.29118,5.14107,1.21344,0.06372,1.83798,13.42368,19.0119,,,,,13.676237060228067,False,3.0,2.99871,6.956711612096964,80.60041668037542
5784,0,random_negative,none,3,57_59,2021-08-18,pseudo_season_matched,8,SW_monsoon,20.61024,63.88137,13.7722,2.63301,5.01264,1.27811,0.05621,5.20263,12.25467,22.41713,2.6,5.099999999999978,50.60000000000003,242.5,7.762625940842255,True,2.0,1.41639,6.817471733072571,80.53148600165117
2504,0,random_negative,none,0,61_61,2021-08-18,pseudo_season_matched,8,SW_monsoon,24.2438,56.90888,17.65755,2.296,5.08806,1.21938,0.06315,3.21356,13.43827,24.89703,2.6,5.099999999999978,50.60000000000003,242.5,4.211526215116366,True,2.0,1.6224,6.855353833397532,80.6308654269875
2979,0,random_negative,none,2,69_67,2021-07-25,pseudo_season_matched,7,SW_monsoon,20.70549,57.26282,19.95414,2.16251,5.44329,1.18444,0.06578,13.78553,15.39223,33.21335,,,,,34.049252155243025,False,2.0,1.31504,7.018887859786769,80.84576036884877
5363,0,random_negative,none,0,66_75,2021-12-16,pseudo_season_matched,12,NE_monsoon,22.95646,59.81126,15.81668,1.09582,5.72788,1.33869,0.05369,6.4764,13.38548,28.3506,,,,,47.903941787995606,False,2.0,2.50295,7.227367000152856,80.77974982758799
5501,0,random_negative,none,3,57_64,2022-03-28,pseudo_season_matched,3,inter_monsoon_1,18.2603,67.08215,13.31972,2.256,5.09105,1.27851,0.06226,2.63761,13.40536,19.02807,,,,,14.6826131873384,False,2.0,1.34596,6.9379193262103565,80.51851385240951
3789,0,random_negative,none,2,56_63,2021-10-25,pseudo_season_matched,10,inter_monsoon_2,20.45905,64.07007,14.10212,2.0715,5.05122,1.2567,0.05776,2.58239,12.63669,21.07731,,,,,14.278135055505768,False,2.0,1.25084,6.91871496549193,80.50332820883519
4076,0,random_negative,none,1,70_68,2021-08-12,pseudo_season_matched,8,SW_monsoon,18.99436,59.41279,19.24099,2.12493,5.49557,1.20179,0.06358,16.77963,15.39028,34.39874,,,,,38.36019715022751,False,2.0,3.24505,7.052227237135681,80.86917829756187
2927,0,random_negative,none,3,71_73,2021-11-12,pseudo_season_matched,11,inter_monsoon_2,14.25298,68.73453,15.56094,0.98394,5.84814,1.38837,0.05447,13.21381,13.49065,26.35034,,,,,52.14647195066409,False,2.0,1.76728,7.19219104583998,80.90603804438705
5704,0,random_negative,none,0,66_59,2021-08-21,pseudo_season_matched,8,SW_monsoon,25.97547,51.17612,21.85184,2.23283,5.23338,1.18095,0.07343,1.68899,14.08749,26.44095,,,,,17.716869803637948,False,2.0,3.57982,6.819125825636358,80.75974160838193
3824,0,random_negative,none,0,58_59,2021-11-27,pseudo_season_matched,11,inter_monsoon_2,21.4658,62.4231,14.05968,2.40352,5.11142,1.26813,0.05694,5.19794,13.02542,22.07499,35.2,44.89999999999998,56.80000000000002,362.3,6.0984163532984,True,1.0,4.88399,6.793981932538198,80.56098482115515
5665,0,random_negative,none,0,72_70,2021-10-25,pseudo_season_matched,10,inter_monsoon_2,16.81124,63.62009,17.20684,1.9625,5.61034,1.28239,0.06175,15.40879,14.52122,30.89767,,,,,46.74820361860618,False,3.0,11.41854,7.093995916530844,80.9329896798308
1598,0,random_negative,none,0,65_60,2021-11-28,pseudo_season_matched,11,inter_monsoon_2,25.85569,51.96958,21.166,2.31087,5.18644,1.17362,0.07105,2.07176,13.96914,26.64064,,,,,16.11201407199867,False,2.0,2.75267,6.825493836471424,80.74562645761
3035,0,random_negative,none,3,64_61,2022-02-15,pseudo_season_matched,2,NE_monsoon,26.93092,50.92927,21.49799,2.27036,5.21243,1.1641,0.06958,1.15119,14.56558,26.92006,,,,,14.292722606519359,False,2.0,1.08843,6.856763556419629,80.72715496360209
4071,0,random_negative,none,2,65_64,2021-11-28,pseudo_season_matched,11,inter_monsoon_2,27.70698,49.38393,22.21099,2.35425,5.27984,1.14173,0.07076,2.72781,15.79226,29.47746,,,,,21.06742209569861,False,1.0,2.54387,6.951648509424078,80.74922707148491
2426,0,random_negative,none,0,61_60,2021-08-12,pseudo_season_matched,8,SW_monsoon,24.31064,56.70487,17.66997,2.30306,5.09646,1.21916,0.06356,3.46488,13.44048,25.05777,35.4,44.299999999999976,99.10000000000002,241.39999999999998,5.034586668726646,True,2.0,2.75135,6.834711568287344,80.64553297445498
2679,0,random_negative,none,3,71_67,2021-07-06,pseudo_season_matched,7,SW_monsoon,16.97676,60.01421,20.00168,2.15746,5.44164,1.20461,0.06585,24.28684,15.84972,39.84424,,,,,39.30218419470424,False,1.0,5.10741,7.029902165107247,80.89622983457052
4020,0,random_negative,none,2,61_66,2022-05-29,pseudo_season_matched,5,SW_monsoon,21.88041,59.90199,17.34353,2.29519,5.2132,1.19172,0.06368,1.52317,14.33206,22.09661,,,,,18.374293202532442,False,2.0,3.16593,6.997195341544502,80.62581806219893
2242,0,random_negative,none,3,61_63,2020-08-02,pseudo_season_matched,8,SW_monsoon,23.11343,58.54383,17.67268,2.18442,5.14037,1.22286,0.06255,1.06555,14.11709,22.67996,,,,,10.588861845955604,False,1.0,1.06175,6.924447112131758,80.62851551261815
3704,0,random_negative,none,4,67_66,2022-06-10,pseudo_season_matched,6,SW_monsoon,23.79217,53.45375,21.20608,2.24769,5.29456,1.16362,0.06709,9.4137,15.6814,32.06514,,,,,30.191041635677728,False,1.0,1.87089,7.009517120440707,80.80853779653819
2983,0,random_negative,none,3,65_58,2021-11-11,pseudo_season_matched,11,inter_monsoon_2,24.5825,54.37577,19.69122,2.2861,5.22445,1.19709,0.06756,3.64488,13.96226,26.60705,,,,,16.158032059107917,False,2.0,4.38824,6.78753739334901,80.73897719889857
3000,0,random_negative,none,3,64_68,2021-11-16,pseudo_season_matched,11,inter_monsoon_2,24.55216,53.89422,20.56803,2.16705,5.29752,1.20354,0.06389,4.94932,15.30506,28.41368,,,,,26.92544588374752,False,2.0,2.91094,7.046231652301523,80.71779441021725
5135,0,random_negative,none,3,63_61,2021-11-11,pseudo_season_matched,11,inter_monsoon_2,27.05643,51.68513,20.79351,2.24422,5.21613,1.1775,0.06562,1.07989,14.55909,26.80212,,,,,10.809131955647372,False,2.0,3.89773,6.869629174404936,80.690706986511
2691,0,random_negative,none,4,62_62,2021-11-17,pseudo_season_matched,11,inter_monsoon_2,28.7133,49.90223,21.51615,2.22255,5.22411,1.18154,0.06342,0.03818,14.55767,27.85361,,,,,10.614359208073232,False,1.0,3.04537,6.896477412642789,80.67208047832698
1937,0,random_negative,none,0,66_59,2023-07-05,pseudo_season_matched,7,SW_monsoon,25.30672,52.31941,21.19799,2.22249,5.2554,1.19362,0.07222,2.45985,14.08463,26.40359,,,,,18.134938056667472,False,3.0,4.22851,6.803435958043238,80.76143733964797
4279,0,random_negative,none,4,61_64,2020-09-18,pseudo_season_matched,9,SW_monsoon,22.79537,58.77642,17.77783,2.25256,5.17264,1.21599,0.06467,0.748,14.58192,22.08835,,,,,11.517973806864086,False,1.0,1.65233,6.93435576975318,80.62414825265974
3934,0,random_negative,none,4,66_67,2021-12-25,pseudo_season_matched,12,NE_monsoon,24.03682,53.76318,20.97667,2.25952,5.30796,1.18522,0.0646,6.60006,15.65069,29.157,,,,,28.225856383365223,False,3.0,3.95918,7.033348527404693,80.75839300957209
2010,0,random_negative,none,2,55_62,2020-10-12,pseudo_season_matched,10,inter_monsoon_2,20.99253,63.57951,14.01098,2.07398,5.02133,1.28612,0.05667,2.92374,12.63529,21.85266,,,,,14.881774274519879,False,2.0,2.2811,6.899683096749686,80.48299254798293
5697,0,random_negative,none,2,73_69,2022-05-10,pseudo_season_matched,5,SW_monsoon,16.78935,63.33146,17.3824,1.92651,5.62514,1.261,0.06347,16.08927,14.71261,31.5473,,,,,47.05204566933315,False,2.0,9.74047,7.079630209176287,80.94715746421471
1662,0,random_negative,none,0,59_68,2024-07-02,pseudo_season_matched,7,SW_monsoon,22.53066,59.92351,16.59834,1.60363,5.30252,1.23767,0.06084,0.87049,12.99267,22.08962,,,,,24.418542121898728,False,2.0,2.99447,7.052926540934267,80.57943883250176
2623,0,random_negative,none,0,55_65,2021-11-27,pseudo_season_matched,11,inter_monsoon_2,20.20901,64.57831,13.77855,2.03141,5.07949,1.26276,0.0595,3.37971,12.65533,21.91496,,,,,20.67897915641093,False,2.0,2.80276,6.95683245449485,80.45971275535486
1686,0,random_negative,none,1,63_69,2021-07-25,pseudo_season_matched,7,SW_monsoon,24.35981,55.06183,19.37528,1.51233,5.35418,1.2499,0.06093,4.95821,13.9677,27.9714,,,,,30.203263850039157,False,2.0,2.07183,7.088563124134614,80.69668189067808
4072,0,random_negative,none,0,67_75,2021-11-17,pseudo_season_matched,11,inter_monsoon_2,23.15988,60.97512,14.87191,0.95069,5.81734,1.37852,0.05217,5.46274,12.46853,27.85455,,,,,49.69005153471091,False,,0.78616,7.243590097991614,80.78307918820113
4724,0,random_negative,none,4,61_64,2021-12-16,pseudo_season_matched,12,NE_monsoon,22.79537,58.77642,17.77783,2.25256,5.17264,1.21599,0.06467,0.748,14.58192,22.08835,,,,,11.62362043080402,False,1.0,1.77124,6.934938786117423,80.62578311459829
4267,0,random_negative,none,0,61_60,2022-05-29,pseudo_season_matched,5,SW_monsoon,24.31064,56.70487,17.66997,2.30306,5.09646,1.21916,0.06356,3.46488,13.44048,25.05777,6.0,14.699999999999957,41.600000000000016,405.7,4.858624558219907,True,2.0,2.8155,6.834431497721271,80.64394928471798
2328,0,random_negative,none,1,68_69,2021-12-16,pseudo_season_matched,12,NE_monsoon,20.54911,58.11116,19.6444,2.07769,5.47065,1.22948,0.06117,11.58126,15.18221,30.76032,,,,,37.60030469930801,False,3.0,1.18614,7.079910748720738,80.83410700392632
2483,0,random_negative,none,2,67_71,2021-11-07,pseudo_season_matched,11,inter_monsoon_2,21.47975,58.12506,18.8149,1.48595,5.53881,1.28072,0.05621,9.44333,14.33615,29.37267,,,,,39.82127653874529,False,2.0,6.24842,7.129653920118231,80.8045037163782
1658,0,random_negative,none,1,57_58,2021-12-29,pseudo_season_matched,12,NE_monsoon,20.46234,64.26971,13.42864,2.38117,5.08345,1.28424,0.05211,6.45104,11.37952,23.54299,0.0,0.0,0.0,83.0,9.810642596812652,True,1.0,5.48514,6.774440077864942,80.53328905799546
2134,0,random_negative,none,0,56_58,2020-08-05,pseudo_season_matched,8,SW_monsoon,20.35046,65.21468,12.80339,2.6389,4.99147,1.27394,0.0508,5.65709,11.6551,23.00363,,,,,10.806591445268023,False,1.0,4.80191,6.791762444060594,80.511328953275
4803,0,random_negative,none,2,57_61,2021-11-27,pseudo_season_matched,11,inter_monsoon_2,20.65001,64.31456,13.51451,2.42211,5.01201,1.24835,0.05714,4.65518,12.53778,22.62585,35.2,44.89999999999998,56.80000000000002,362.3,9.731976087255747,True,2.0,1.49301,6.861746787353084,80.51674810752733
5740,0,random_negative,none,0,60_64,2021-09-30,pseudo_season_matched,9,SW_monsoon,20.35393,62.89574,15.7426,2.21836,5.11829,1.24065,0.0653,1.62392,13.67143,20.21,,,,,10.792515400085204,False,2.0,1.27754,6.9304080089080005,80.593463697175
2615,0,random_negative,none,4,67_60,2021-07-06,pseudo_season_matched,7,SW_monsoon,26.07837,49.26952,23.76161,2.24454,5.23816,1.17247,0.07736,-0.90061,14.09148,24.46713,,,,,22.62900962203997,False,1.0,2.85048,6.8272022719699095,80.8047200253248
5772,0,random_negative,none,0,66_73,2021-12-31,pseudo_season_matched,12,NE_monsoon,21.75862,59.05998,17.69304,1.35043,5.68113,1.30737,0.05499,7.2651,13.88331,27.65882,,,,,43.86667310193045,False,1.0,5.42918,7.185570094366661,80.78224039118238
1780,0,random_negative,none,3,64_66,2021-10-23,pseudo_season_matched,10,inter_monsoon_2,25.71358,52.61302,20.84979,2.27064,5.27035,1.17533,0.06806,3.31857,15.42556,27.85246,,,,,22.907794288361544,False,1.0,1.71814,7.005150288780023,80.71542451671456
5321,0,random_negative,none,2,69_73,2021-12-29,pseudo_season_matched,12,NE_monsoon,17.25196,64.57477,16.86126,1.24526,5.78401,1.34476,0.05316,12.17957,13.51655,28.27602,,,,,48.38889470901845,False,4.0,3.55298,7.1830664569318285,80.86300842001761
3303,0,random_negative,none,2,68_71,2021-10-06,pseudo_season_matched,10,inter_monsoon_2,21.21254,58.89898,18.44011,1.50789,5.56428,1.28373,0.05564,9.13379,14.85836,29.02526,,,,,42.00261485999836,False,2.0,4.3431,7.14126926203145,80.82229321765915
3249,0,random_negative,none,1,66_65,2021-08-12,pseudo_season_matched,8,SW_monsoon,27.36632,49.31412,22.50399,2.22727,5.31797,1.1384,0.07201,3.44151,15.60838,29.8791,,,,,22.664367519609147,False,2.0,1.1331,6.956949937860768,80.76341103870529
5499,0,random_negative,none,2,68_71,2021-12-29,pseudo_season_matched,12,NE_monsoon,21.9061,57.87071,18.71964,1.52556,5.52596,1.27531,0.05602,9.44395,14.52701,29.84319,,,,,41.43997361270693,False,2.0,4.81269,7.137994026505109,80.81812327915748
2804,0,random_negative,none,1,65_68,2021-11-17,pseudo_season_matched,11,inter_monsoon_2,24.38394,53.90803,20.57409,2.15696,5.30458,1.20739,0.06358,5.66168,15.3056,28.80775,,,,,28.45459974125766,False,2.0,4.03147,7.054912868480464,80.73050837120502
2359,0,random_negative,none,1,68_68,2021-08-18,pseudo_season_matched,8,SW_monsoon,20.75477,57.39598,20.13863,2.11488,5.42139,1.2119,0.06366,12.08331,15.18663,31.57223,,,,,35.16598757646417,False,1.0,1.55843,7.053017677999382,80.82991866812063
2934,0,random_negative,none,3,67_62,2020-09-18,pseudo_season_matched,9,SW_monsoon,26.75755,49.29814,23.0373,2.19706,5.26193,1.16669,0.07641,1.55232,14.69253,27.53111,,,,,23.300648188868486,False,2.0,1.17203,6.880528985736213,80.80546078161048
4884,0,random_negative,none,1,63_59,2021-11-12,pseudo_season_matched,11,inter_monsoon_2,24.32907,55.78335,18.48044,2.26558,5.20652,1.21329,0.06345,3.8359,13.95346,25.85847,7.3,30.49999999999997,150.4,386.2,9.557966685801167,True,1.0,2.85875,6.799189299375181,80.67961234415267
4054,0,random_negative,none,1,66_68,2021-11-17,pseudo_season_matched,11,inter_monsoon_2,23.77803,53.87485,20.98336,2.1824,5.2728,1.19375,0.06466,8.17772,15.31498,30.60233,,,,,30.802953015116824,False,2.0,5.42431,7.050250900709504,80.7746043521742
3212,0,random_negative,none,3,66_58,2021-12-16,pseudo_season_matched,12,NE_monsoon,25.24105,52.28065,21.22919,2.23952,5.32943,1.19597,0.07234,3.00375,14.89463,26.82146,,,,,18.270065404320484,False,2.0,3.21733,6.79107981021573,80.75993801676331
3724,0,random_negative,none,4,67_66,2021-11-15,pseudo_season_matched,11,inter_monsoon_2,24.54327,52.63778,21.31378,2.25108,5.29399,1.15922,0.06816,8.47186,15.84629,31.638,,,,,28.548899625525298,False,1.0,0.41994,7.000448256336881,80.79674070612359
4207,0,random_negative,none,4,64_63,2021-12-16,pseudo_season_matched,12,NE_monsoon,28.97593,48.15744,22.66543,2.25093,5.21622,1.16237,0.06807,0.73397,14.56775,28.86525,,,,,15.670929165496581,False,1.0,3.98715,6.902665031652054,80.7235294249682
2430,0,random_negative,none,4,66_67,2021-12-19,pseudo_season_matched,12,NE_monsoon,24.53339,53.15903,21.25618,2.28646,5.28581,1.17092,0.06581,5.88564,15.65266,29.09348,,,,,26.972475401977853,False,2.0,2.16286,7.016108884430648,80.76136383316903
1646,0,random_negative,none,0,66_73,2021-11-20,pseudo_season_matched,11,inter_monsoon_2,22.65279,58.0047,18.02919,1.52726,5.628,1.28332,0.05336,6.5174,14.58359,27.86571,,,,,43.689779912807275,False,2.0,5.87201,7.18581832906106,80.77823163157757
3278,0,random_negative,none,2,55_67,2021-12-01,pseudo_season_matched,12,NE_monsoon,19.73267,65.11097,13.77078,1.55641,5.20837,1.30975,0.06186,3.48806,12.12559,21.72582,,,,,25.1827541824929,False,2.0,0.02952,7.019940958072822,80.46973944266391
3337,0,random_negative,none,4,65_61,2022-08-21,pseudo_season_matched,8,SW_monsoon,27.00591,50.30552,22.01002,2.28187,5.2126,1.15701,0.07164,0.95249,14.56912,26.93021,,,,,17.015533327736406,False,2.0,1.73859,6.865714989499868,80.75048486429844
3296,0,random_negative,none,4,57_63,2021-11-16,pseudo_season_matched,11,inter_monsoon_2,18.58784,66.59489,13.41599,2.15603,5.07955,1.27431,0.05981,3.09403,13.38691,19.74685,,,,,12.723469939651789,False,3.0,2.31021,6.927662488282535,80.53449655017299
4451,0,random_negative,none,3,67_58,2019-11-29,pseudo_season_matched,11,inter_monsoon_2,24.06571,53.34605,21.15637,2.1807,5.36157,1.18872,0.07393,3.39412,14.70286,26.20568,,,,,22.22396219227961,False,1.0,1.74203,6.785043268432874,80.79532106173853
2910,0,random_negative,none,1,57_58,2022-02-15,pseudo_season_matched,2,NE_monsoon,20.46234,64.26971,13.42864,2.38117,5.08345,1.28424,0.05211,6.45104,11.37952,23.54299,,,,,10.218092116749748,False,1.0,5.06989,6.772561903711307,80.53003585344216
1671,0,random_negative,none,2,62_58,2021-11-20,pseudo_season_matched,11,inter_monsoon_2,22.68989,59.07832,16.53881,2.4156,5.24738,1.26049,0.05891,5.44224,13.75149,25.31368,0.0,25.399999999999974,56.500000000000014,371.0,9.338537070790503,True,1.0,4.40381,6.765677353529834,80.6510485178693
4680,0,random_negative,none,0,66_61,2021-11-12,pseudo_season_matched,11,inter_monsoon_2,27.37996,49.31493,22.59425,2.28757,5.27037,1.1455,0.07297,0.8628,15.33478,27.24988,,,,,17.52812076244716,False,2.0,1.06943,6.85684315747791,80.75683761098648
2484,0,random_negative,none,0,59_60,2021-10-29,pseudo_season_matched,10,inter_monsoon_2,21.76396,61.39389,15.03211,2.2067,5.06293,1.25235,0.06178,3.78444,13.29921,21.51905,47.4,53.39999999999997,104.20000000000002,337.1,2.2442697018156412,True,2.0,0.72659,6.835473119810843,80.57983974080376
5639,0,random_negative,none,4,69_72,2022-03-28,pseudo_season_matched,3,inter_monsoon_1,17.16229,64.1234,17.19297,1.30191,5.73279,1.33051,0.05505,11.84856,13.86828,27.7799,,,,,46.33943433421238,False,2.0,3.307,7.16443485678274,80.85685886171292
3660,0,random_negative,none,0,66_61,2022-05-10,pseudo_season_matched,5,SW_monsoon,26.68237,50.45356,22.10106,2.28969,5.21379,1.16725,0.07271,0.819,14.56968,26.48209,,,,,17.871109656223037,False,2.0,1.19533,6.852065568490413,80.76061625206185
5762,0,random_negative,none,2,67_71,2023-07-05,pseudo_season_matched,7,SW_monsoon,22.57463,56.87734,18.97255,1.52468,5.51353,1.27485,0.05673,8.77819,14.52574,29.71412,,,,,39.542958876898744,False,3.0,6.22979,7.132096631476903,80.7963512243088
3813,0,random_negative,none,4,61_64,2021-07-25,pseudo_season_matched,7,SW_monsoon,24.93539,55.52464,19.1712,2.26913,5.16296,1.20429,0.06568,0.40006,14.58804,24.10382,,,,,12.578707602319597,False,1.0,1.61919,6.939845008844778,80.63915325358988
1559,0,random_negative,none,1,58_58,2021-08-12,pseudo_season_matched,8,SW_monsoon,21.70216,62.02941,14.12987,2.40855,5.11872,1.26253,0.05718,5.2163,13.02746,22.0351,35.4,44.299999999999976,99.10000000000002,241.39999999999998,6.906575454390725,True,3.0,6.12283,6.781774084665541,80.56421943296925
4032,0,random_negative,none,0,61_59,2021-11-15,pseudo_season_matched,11,inter_monsoon_2,22.89945,59.23461,16.13659,2.45078,5.17768,1.23987,0.05893,4.40487,13.68651,23.64975,14.5,23.49999999999997,72.30000000000001,403.2,5.069271414569875,True,2.0,0.4026,6.792898598753196,80.62225055458731
5771,0,random_negative,none,1,62_67,2022-12-18,pseudo_season_matched,12,NE_monsoon,25.12547,54.38983,19.54617,2.21846,5.31825,1.18709,0.06543,2.88469,14.69115,26.59798,,,,,22.16145161496214,False,,5.62207,7.021190871348427,80.66912651072104
2898,0,random_negative,none,0,63_60,2021-11-17,pseudo_season_matched,11,inter_monsoon_2,24.95505,54.65394,19.29176,2.25019,5.2179,1.19021,0.06527,2.37375,14.55364,25.36661,,,,,10.551254094277244,False,2.0,2.95501,6.821190831954766,80.69475853887377
4124,0,random_negative,none,4,70_70,2021-10-25,pseudo_season_matched,10,inter_monsoon_2,17.54582,62.92961,17.79133,1.49542,5.6112,1.29487,0.05621,13.52947,14.41209,29.87591,,,,,44.25220552332843,False,2.0,7.79831,7.111158094976132,80.88810004368972
3570,0,random_negative,none,2,67_63,2021-12-31,pseudo_season_matched,12,NE_monsoon,27.80732,48.14396,23.27639,2.15636,5.28514,1.14465,0.07586,2.44995,15.033,29.59497,,,,,24.782436582322394,False,1.0,1.91587,6.918899452449755,80.80719272474391
2377,0,random_negative,none,0,61_60,2021-12-06,pseudo_season_matched,12,NE_monsoon,23.74259,57.81389,17.04912,2.29119,5.09163,1.22613,0.06257,3.54311,13.43538,24.32148,0.0,2.299999999999968,29.00000000000001,264.59999999999997,2.489255328903205,True,1.0,3.31557,6.841432704409668,80.62088946832614
3687,0,random_negative,none,1,68_67,2021-08-12,pseudo_season_matched,8,SW_monsoon,23.19649,54.10439,21.00541,2.23635,5.30176,1.16785,0.06665,10.57071,15.68193,32.54519,,,,,31.601205488212095,False,2.0,3.24222,7.023971911704559,80.8128619179328
5799,0,random_negative,none,2,63_65,2024-07-02,pseudo_season_matched,7,SW_monsoon,26.26751,52.27438,20.9149,2.28764,5.26256,1.16514,0.06781,2.10549,15.42387,27.31989,,,,,19.833948047788134,False,3.0,4.7487,6.981929038095819,80.70011514699836
3529,0,random_negative,none,0,59_60,2021-08-21,pseudo_season_matched,8,SW_monsoon,21.94236,60.93743,15.49168,2.21033,5.06251,1.24707,0.06231,3.53535,13.3015,21.8904,1.0,0.9999999999999787,6.100000000000028,223.60000000000002,2.0340818348117473,True,2.0,1.86925,6.846158910076088,80.58713254571039
3215,0,random_negative,none,4,61_64,2023-06-16,pseudo_season_matched,6,SW_monsoon,24.93539,55.52464,19.1712,2.26913,5.16296,1.20429,0.06568,0.40006,14.58804,24.10382,,,,,12.913382200042914,False,1.0,1.43362,6.941337693331043,80.64370773325538
1499,0,random_negative,none,3,66_58,2021-08-12,pseudo_season_matched,8,SW_monsoon,23.97854,54.00631,20.57475,2.17372,5.36841,1.21688,0.07158,3.92302,14.70015,26.41773,,,,,19.547643506542013,False,2.0,1.58205,6.77798781349039,80.76812615694838
2844,0,random_negative,none,0,70_73,2021-11-23,pseudo_season_matched,11,inter_monsoon_2,14.97538,67.43537,16.00085,0.98913,5.81313,1.37613,0.05564,13.22383,13.49924,26.98649,,,,,49.12939912613691,False,,4.83432,7.174918663716698,80.88414765341658
5132,0,random_negative,none,4,63_67,2021-11-17,pseudo_season_matched,11,inter_monsoon_2,25.14734,54.18263,19.5866,2.19824,5.33154,1.19394,0.06539,3.39633,14.69102,27.05712,,,,,24.31078186901703,False,2.0,4.47601,7.036642785469541,80.68306836078811
5067,0,random_negative,none,4,60_59,2021-05-25,pseudo_season_matched,5,SW_monsoon,23.02163,59.41199,15.49052,2.2823,5.10398,1.24459,0.06119,4.38482,13.4297,22.75647,38.3,176.29999999999995,200.80000000000004,399.59999999999997,3.3674860077465336,True,2.0,1.88305,6.804185803388863,80.60988678021064
5269,0,random_negative,none,0,67_64,2022-06-10,pseudo_season_matched,6,SW_monsoon,26.55634,49.95542,22.39268,2.23108,5.31409,1.13448,0.07337,4.87469,15.61213,30.46472,,,,,25.021328629118994,False,2.0,0.78915,6.953109805159077,80.79196365007708
2781,0,random_negative,none,2,63_65,2022-11-04,pseudo_season_matched,11,inter_monsoon_2,25.82895,53.22478,20.4308,2.27802,5.27513,1.17187,0.06698,1.71002,15.42003,26.4643,,,,,18.395174418198934,False,4.0,3.41134,6.979548655087797,80.67887021495417
2537,0,random_negative,none,1,68_64,2022-03-28,pseudo_season_matched,3,inter_monsoon_1,24.93218,51.77291,21.79667,2.22895,5.3165,1.13585,0.07431,6.98302,15.61552,30.82906,,,,,28.056869626946593,False,3.0,2.03147,6.952125940796723,80.82424695608135
2883,0,random_negative,none,1,54_63,2021-11-17,pseudo_season_matched,11,inter_monsoon_2,19.99024,65.8501,12.74575,2.10248,4.95648,1.26042,0.05591,4.70341,11.59232,22.94364,,,,,19.247014950894563,False,1.0,2.8833,6.916885046772475,80.44734751776188
4683,0,random_negative,none,1,68_67,2022-08-21,pseudo_season_matched,8,SW_monsoon,21.37599,56.7789,19.94522,2.1507,5.45349,1.1903,0.06457,11.91178,15.38899,31.97446,,,,,33.01711872172164,False,3.0,2.89903,7.030985585904636,80.82377776894295
3898,0,random_negative,none,2,68_71,2016-11-30,pseudo_season_matched,11,inter_monsoon_2,21.9061,57.87071,18.71964,1.52556,5.52596,1.27531,0.05602,9.44395,14.52701,29.84319,,,,,40.81172186052205,False,2.0,5.54393,7.13119202591118,80.817833303678
5625,0,random_negative,none,2,69_66,2021-08-12,pseudo_season_matched,8,SW_monsoon,22.01841,55.59333,20.41076,2.20428,5.40332,1.16162,0.06955,11.74838,15.56118,32.39954,,,,,31.69401307828822,False,1.0,3.06366,6.986142418059155,80.84253505828285
5612,0,random_negative,none,4,62_65,2021-11-11,pseudo_season_matched,11,inter_monsoon_2,26.39335,52.78386,20.47168,2.33812,5.21698,1.1587,0.06841,1.11978,15.35042,26.48638,,,,,16.396350599876783,False,2.0,1.37034,6.961924893854967,80.67337347380023
4270,0,random_negative,none,0,72_70,2021-11-28,pseudo_season_matched,11,inter_monsoon_2,16.81124,63.62009,17.20684,1.9625,5.61034,1.28239,0.06175,15.40879,14.52122,30.89767,,,,,47.13836413649365,False,2.0,11.63494,7.094996804598754,80.9366901704479
1842,0,random_negative,none,2,66_64,2021-08-15,pseudo_season_matched,8,SW_monsoon,27.2113,49.36278,22.53472,2.22925,5.3159,1.13526,0.07251,3.82686,15.60966,30.10894,,,,,23.861137887688354,False,,0.27123,6.9524504374186025,80.77989307866362
3489,0,random_negative,none,1,63_59,2022-05-29,pseudo_season_matched,5,SW_monsoon,24.32907,55.78335,18.48044,2.26558,5.20652,1.21329,0.06345,3.8359,13.95346,25.85847,6.0,14.699999999999957,41.600000000000016,405.7,9.644325503394827,True,1.0,2.95385,6.797303616694316,80.67964125980771
3753,0,random_negative,none,3,72_67,2021-08-12,pseudo_season_matched,8,SW_monsoon,17.01264,60.78026,19.50923,2.10973,5.45898,1.20516,0.06817,19.26007,15.75774,35.00782,,,,,41.09071798735392,False,2.0,3.79885,7.013973328639946,80.92489866259065
2493,0,random_negative,none,1,58_60,2021-12-06,pseudo_season_matched,12,NE_monsoon,20.90426,63.22278,14.16704,2.40944,5.0744,1.26732,0.05895,4.35341,13.24941,21.73771,0.0,2.299999999999968,29.00000000000001,264.59999999999997,5.1129998726274595,True,,1.53508,6.836668131339885,80.55387108689577
5271,0,random_negative,none,2,69_66,2022-03-31,pseudo_season_matched,3,inter_monsoon_1,20.93286,56.92164,20.09828,2.17496,5.4305,1.17904,0.06659,13.47243,15.39348,33.1726,,,,,32.757616218879,False,2.0,2.66961,7.0085697484912295,80.83887401857842
4040,0,random_negative,none,1,57_58,2021-12-29,pseudo_season_matched,12,NE_monsoon,20.46234,64.26971,13.42864,2.38117,5.08345,1.28424,0.05211,6.45104,11.37952,23.54299,0.0,0.0,0.0,83.0,9.92335877730044,True,1.0,5.32863,6.775609118918148,80.53094783561765
4415,0,random_negative,none,0,66_59,2021-11-17,pseudo_season_matched,11,inter_monsoon_2,25.27325,51.89183,21.66361,2.22738,5.25682,1.18574,0.07373,1.99582,14.08619,26.07876,,,,,19.189479284504184,False,1.0,4.025,6.806996872262574,80.77170947517257
4829,0,random_negative,none,3,64_59,2021-08-12,pseudo_season_matched,8,SW_monsoon,24.94457,54.3115,19.5104,2.28301,5.20044,1.19825,0.0663,3.30228,13.95973,26.41186,,,,,12.634638342248705,False,1.0,2.49013,6.809024863068977,80.71180206404945
3254,0,random_negative,none,0,63_66,2020-08-12,pseudo_season_matched,8,SW_monsoon,25.22242,53.99212,20.08044,2.2542,5.29271,1.18255,0.0666,2.2152,15.41815,26.27312,,,,,21.011948028130906,False,2.0,4.34464,7.003339120869072,80.68438657331323
2060,0,random_negative,none,3,66_63,2021-05-25,pseudo_season_matched,5,SW_monsoon,29.99749,45.90256,23.75689,2.22556,5.24616,1.13981,0.0714,1.25977,14.85285,30.667,,,,,20.52216480729319,False,1.0,3.69331,6.920888699514795,80.76361594603121
3661,0,random_negative,none,0,58_59,2021-08-21,pseudo_season_matched,8,SW_monsoon,20.74676,63.5607,13.95328,2.49175,5.06584,1.2681,0.05759,4.95001,13.0528,22.18932,1.0,0.9999999999999787,6.100000000000028,223.60000000000002,6.755245205098876,True,2.0,1.51324,6.8198805587010645,80.54028915077693
2540,0,random_negative,none,4,65_63,2021-08-21,pseudo_season_matched,8,SW_monsoon,29.14389,47.02765,23.43438,2.265,5.27548,1.14158,0.07164,0.99449,15.34042,29.43865,,,,,18.800801984567983,False,1.0,5.48762,6.908784170391784,80.75234050831978
3235,0,random_negative,none,2,65_67,2021-11-23,pseudo_season_matched,11,inter_monsoon_2,24.50494,53.66256,20.85161,2.26474,5.31671,1.18482,0.0642,4.85552,15.64712,28.0042,,,,,25.03302044557241,False,2.0,1.39351,7.016897547788703,80.73222492568088
1934,0,random_negative,none,1,58_58,2022-03-08,pseudo_season_matched,3,inter_monsoon_1,21.38143,62.52003,14.14152,2.47815,5.12214,1.27207,0.05547,5.55805,11.79265,22.78589,9.1,23.399999999999963,23.400000000000013,116.8,8.216511286580463,True,2.0,7.03118,6.772186976032506,80.55724980698703
2136,0,random_negative,none,3,60_66,2022-08-03,pseudo_season_matched,8,SW_monsoon,20.60207,61.97569,16.43814,2.27014,5.22294,1.20471,0.06315,1.44776,14.32613,20.72695,,,,,18.49350001025919,False,3.0,1.78038,6.999989332236789,80.61000186085442
1720,0,random_negative,none,4,65_65,2021-12-16,pseudo_season_matched,12,NE_monsoon,27.45078,49.36946,22.43042,2.22471,5.3207,1.13993,0.07148,3.11695,15.60707,29.63404,,,,,21.68646298463641,False,1.0,1.92836,6.956765268699451,80.75230054201303
3743,0,random_negative,none,1,68_65,2023-11-11,pseudo_season_matched,11,inter_monsoon_2,23.77591,53.22506,21.42479,2.24357,5.32898,1.13682,0.07179,8.39515,15.67951,31.00017,,,,,29.316638777964414,False,3.0,1.89602,6.959247528685438,80.83336602966033
1977,0,random_negative,none,4,66_70,2021-12-29,pseudo_season_matched,12,NE_monsoon,23.52437,53.72973,20.73549,2.10655,5.34821,1.22718,0.06106,9.99856,15.30763,31.24725,,,,,35.49647837883476,False,3.0,2.76663,7.102348237769512,80.77493556282043
4660,0,random_negative,none,1,66_74,2021-12-19,pseudo_season_matched,12,NE_monsoon,22.4195,59.95578,16.14925,1.09581,5.72112,1.33774,0.05414,6.53074,13.38624,27.77944,,,,,46.62668659541073,False,,3.61727,7.218415317268878,80.77147760802391
2435,0,random_negative,none,1,62_67,2022-08-01,pseudo_season_matched,8,SW_monsoon,24.6044,55.51323,18.95276,2.26619,5.26565,1.18944,0.06669,2.50686,14.61932,25.71329,,,,,20.60410969019828,False,2.0,6.76862,7.010924247474367,80.65554311410213
5796,0,random_negative,none,4,68_73,2021-12-03,pseudo_season_matched,12,NE_monsoon,20.31473,60.98535,17.47139,1.27041,5.69668,1.325,0.05503,9.15297,13.96345,28.31055,,,,,45.25048851379894,False,3.0,1.27512,7.178606429946589,80.81952405610508
3362,0,random_negative,none,1,68_64,2021-11-11,pseudo_season_matched,11,inter_monsoon_2,25.49281,51.17727,22.00747,2.15515,5.30117,1.12821,0.07561,5.73086,15.00814,30.25717,,,,,27.617390955712025,False,1.0,1.49093,6.939309820802898,80.82621567171056
3796,0,random_negative,none,2,56_63,2021-11-12,pseudo_season_matched,11,inter_monsoon_2,20.68685,63.7606,14.16652,2.0786,5.04585,1.25574,0.05746,2.64995,12.63744,21.28269,,,,,13.614459940543053,False,2.0,1.56196,6.910320910525507,80.50408902597427
3557,0,random_negative,none,0,67_74,2021-11-10,pseudo_season_matched,11,inter_monsoon_2,21.63501,61.144,15.99702,1.06149,5.79592,1.34091,0.0538,6.54038,13.63293,27.16804,,,,,48.051290298613154,False,1.0,2.83871,7.22536149116783,80.78721595085514
5168,0,random_negative,none,3,67_62,2021-12-16,pseudo_season_matched,12,NE_monsoon,27.07044,48.94204,23.11675,2.19168,5.26226,1.16709,0.07603,1.81411,14.69358,28.13273,,,,,22.846601493848397,False,1.0,1.5054,6.88529980782036,80.80005314422334
3279,0,random_negative,none,2,62_59,2021-11-08,pseudo_season_matched,11,inter_monsoon_2,24.60763,55.50536,18.59287,2.35948,5.13699,1.20236,0.06363,3.40759,14.01565,25.66515,35.8,101.59999999999997,128.3,405.3,8.212903322655292,True,2.0,1.6219,6.815525421429031,80.67224354171717
1892,0,random_negative,none,3,61_63,2024-07-02,pseudo_season_matched,7,SW_monsoon,24.82827,56.11904,18.4247,2.26567,5.14055,1.20077,0.06334,1.07998,14.78239,24.36555,0.0,2.29999999999995,27.000000000000043,182.0,9.613622912454943,True,1.0,2.33294,6.910751629460554,80.63897492299226
1960,0,random_negative,none,1,57_62,2021-10-23,pseudo_season_matched,10,inter_monsoon_2,20.88336,63.37661,14.34348,2.09168,5.04964,1.25259,0.05744,2.61389,12.6397,21.3115,,,,,12.165388260335623,False,3.0,1.58121,6.900858631241374,80.51331785957204
1817,0,random_negative,none,0,66_72,2021-10-26,pseudo_season_matched,10,inter_monsoon_2,23.11629,55.98436,19.35516,1.52724,5.46965,1.25859,0.05563,7.91034,14.22581,29.37105,,,,,39.54428738173698,False,2.0,5.74132,7.148266556831825,80.76915194018318
4102,0,random_negative,none,4,67_70,2021-11-17,pseudo_season_matched,11,inter_monsoon_2,22.53132,55.78422,19.81817,1.49265,5.49282,1.27539,0.05778,9.97567,14.33553,30.52788,,,,,36.45056757623912,False,3.0,3.92198,7.106046126904378,80.78498587842697
3867,0,random_negative,none,3,68_63,2021-12-16,pseudo_season_matched,12,NE_monsoon,26.36672,49.99745,22.57003,2.14509,5.29316,1.14728,0.07585,3.97525,15.03464,29.52768,,,,,25.307493761575742,False,1.0,1.41336,6.923516902778613,80.81040046377868
3877,0,random_negative,none,1,65_68,2022-08-01,pseudo_season_matched,8,SW_monsoon,24.56678,53.50716,20.89044,2.18507,5.27747,1.19456,0.0646,5.71589,15.30951,29.16711,,,,,27.28871777567813,False,1.0,2.73468,7.040138807096734,80.73436637552136
4457,0,random_negative,none,3,61_63,2021-11-17,pseudo_season_matched,11,inter_monsoon_2,23.79791,57.7951,17.71883,2.25323,5.08011,1.22059,0.0637,1.47327,14.1359,23.63777,5.3,23.49999999999997,57.000000000000014,406.1,9.132574163674006,True,2.0,1.19895,6.911272306721002,80.62643732086512
3756,0,random_negative,none,0,57_60,2021-11-12,pseudo_season_matched,11,inter_monsoon_2,20.91897,63.78073,13.74148,2.60572,4.99962,1.25922,0.0562,5.45612,12.25016,23.68082,7.3,30.49999999999997,150.4,386.2,9.287776169654592,True,1.0,2.02862,6.840719877158924,80.51629741526617
3903,0,random_negative,none,4,67_60,2021-11-20,pseudo_season_matched,11,inter_monsoon_2,25.94165,49.54301,23.53042,2.2429,5.23252,1.16899,0.07783,-0.17476,14.09295,25.04312,,,,,23.186898531352007,False,1.0,3.44851,6.8327129183484505,80.80985236721715
5445,0,random_negative,none,3,59_69,2022-03-15,pseudo_season_matched,3,inter_monsoon_1,24.08477,57.0367,17.97909,1.48991,5.41136,1.27386,0.06699,0.15709,13.45135,22.88018,,,,,26.14330210396772,False,1.0,1.42867,7.069128216641568,80.58698721640015
3525,0,random_negative,none,1,70_68,2021-08-21,pseudo_season_matched,8,SW_monsoon,18.39733,59.62553,19.4117,2.13571,5.48313,1.19629,0.06457,19.08104,15.39268,36.09597,,,,,38.22012941402603,False,2.0,3.17918,7.04037824776717,80.87683646251631
4894,0,random_negative,none,2,69_67,2021-10-30,pseudo_season_matched,10,inter_monsoon_2,19.50097,58.46792,19.68857,2.14891,5.46145,1.19006,0.06527,16.58412,15.3927,34.74474,,,,,36.01701222691921,False,1.0,1.3042,7.02753042706698,80.86154333364306
5742,0,random_negative,none,0,66_66,2022-03-15,pseudo_season_matched,3,inter_monsoon_1,24.36606,53.22366,21.30096,2.28907,5.27987,1.16927,0.06615,6.39762,15.65418,29.42985,,,,,26.657839427792645,False,3.0,1.37047,7.00937186954084,80.76456140996034
2541,0,random_negative,none,3,67_62,2020-08-12,pseudo_season_matched,8,SW_monsoon,27.43186,48.4866,23.25795,2.18616,5.26298,1.16768,0.07567,2.0051,14.69461,28.72235,,,,,23.161779133900467,False,2.0,2.50776,6.894356070317706,80.80044818398379
2967,0,random_negative,none,0,63_66,2021-12-06,pseudo_season_matched,12,NE_monsoon,25.22242,53.99212,20.08044,2.2542,5.29271,1.18255,0.0666,2.2152,15.41815,26.27312,,,,,20.898294761628975,False,2.0,4.49451,7.002807314513618,80.6831379923434
3055,0,random_negative,none,0,66_59,2021-12-28,pseudo_season_matched,12,NE_monsoon,26.00293,50.82946,22.18853,2.23685,5.23281,1.17793,0.07435,1.29431,14.08849,26.17533,,,,,18.200801351793213,False,2.0,3.74357,6.8192403982197085,80.76414711914296
3407,0,random_negative,none,0,63_60,2020-09-18,pseudo_season_matched,9,SW_monsoon,25.45198,53.72686,19.85252,2.25585,5.21623,1.18269,0.06637,2.03297,14.55661,25.7474,,,,,10.945563489511374,False,2.0,2.31837,6.830645991413034,80.69903389709475
3583,0,random_negative,none,2,69_73,2022-01-04,pseudo_season_matched,1,NE_monsoon,17.45835,64.55608,16.77597,1.24173,5.79406,1.34658,0.05263,11.49203,13.51672,27.82726,,,,,47.76583843254354,False,2.0,2.04163,7.1870192214501545,80.84794110140629
3991,0,random_negative,none,0,61_57,2021-12-01,pseudo_season_matched,12,NE_monsoon,22.5221,59.84136,15.87051,2.45076,5.18901,1.26989,0.05748,5.07268,13.68406,24.20092,2.1,14.79999999999997,60.30000000000002,307.2,8.145547981936318,True,1.0,3.04865,6.762859157673556,80.62258158137756
5236,0,random_negative,none,1,57_65,2021-11-08,pseudo_season_matched,11,inter_monsoon_2,18.44197,66.73738,13.59982,2.1668,5.14282,1.25932,0.06279,1.93576,12.79116,18.80842,,,,,18.00334921717613,False,3.0,0.52562,6.972537557068282,80.51597753784188
5477,0,random_negative,none,1,68_72,2021-08-12,pseudo_season_matched,8,SW_monsoon,19.28525,61.72568,17.63925,1.26507,5.72185,1.33286,0.05462,10.49741,13.82155,28.56831,,,,,45.68152856106927,False,2.0,0.97428,7.172316702028019,80.83604818260085
4792,0,random_negative,none,2,59_62,2021-11-17,pseudo_season_matched,11,inter_monsoon_2,21.12618,62.32982,15.28474,2.22938,5.06985,1.24622,0.06159,2.51917,14.12188,21.29437,5.3,23.49999999999997,57.000000000000014,406.1,6.367722999888778,True,2.0,0.87934,6.887706831804003,80.58196077647204
4494,0,random_negative,none,1,55_63,2021-11-24,pseudo_season_matched,11,inter_monsoon_2,20.55093,64.33626,13.64737,2.09221,4.97846,1.29121,0.05576,4.21155,11.99345,22.85966,,,,,17.00310380690699,False,1.0,2.7401,6.912075751913546,80.46800142528394
3204,0,random_negative,none,4,58_61,2021-07-25,pseudo_season_matched,7,SW_monsoon,21.07797,62.74205,14.71538,2.22912,5.05324,1.25402,0.06071,2.97094,14.11771,21.28484,4.4,31.699999999999974,51.60000000000003,336.0,6.097668452928112,True,2.0,1.53671,6.866880457686267,80.55645012584182
4831,0,random_negative,none,0,66_59,2021-11-17,pseudo_season_matched,11,inter_monsoon_2,25.64965,51.45107,21.82532,2.23159,5.24412,1.18472,0.07374,1.7282,14.08702,26.18035,,,,,18.585822189745272,False,3.0,4.04034,6.817938046356743,80.76753136539148
4543,0,random_negative,none,3,64_66,2021-10-23,pseudo_season_matched,10,inter_monsoon_2,26.03965,52.19153,21.04392,2.28363,5.26076,1.16947,0.06838,2.99235,15.42655,27.9136,,,,,21.62935781437559,False,1.0,3.45342,6.988810114154238,80.71841957077473
5172,0,random_negative,none,2,65_67,2021-10-01,pseudo_season_matched,10,inter_monsoon_2,24.38566,53.48986,21.041,2.27031,5.30314,1.18101,0.06487,5.76233,15.65016,28.75961,,,,,26.097540287664252,False,1.0,2.76506,7.01936013387755,80.74501933111807
3647,0,random_negative,none,0,58_59,2023-07-05,pseudo_season_matched,7,SW_monsoon,21.19671,62.85843,14.01442,2.47132,5.1121,1.26712,0.05565,5.35799,11.79105,22.43731,49.1,129.09999999999997,262.3,337.0,7.40310134436785,True,1.0,4.44948,6.792916071818243,80.54632961419318
2210,0,random_negative,none,0,61_60,2021-03-26,pseudo_season_matched,3,inter_monsoon_1,23.66719,57.96212,16.86805,2.29189,5.09547,1.22823,0.0625,3.71502,13.43522,24.19693,2.4,3.8999999999999715,18.90000000000003,204.1,3.1127618794969223,True,1.0,3.94688,6.833003791917089,80.62817174941668
5514,0,random_negative,none,1,70_68,2024-07-02,pseudo_season_matched,7,SW_monsoon,18.39733,59.62553,19.4117,2.13571,5.48313,1.19629,0.06457,19.08104,15.39268,36.09597,,,,,37.97476776395752,False,2.0,3.02781,7.037183276386266,80.87644660529699
1798,0,random_negative,none,3,62_70,2021-10-23,pseudo_season_matched,10,inter_monsoon_2,24.45845,55.30863,19.17138,1.49063,5.38533,1.24886,0.06476,2.88488,14.22084,26.30622,,,,,29.214210727970062,False,2.0,1.09929,7.091465894328358,80.65510383228572
5323,0,random_negative,none,3,67_58,2021-10-30,pseudo_season_matched,10,inter_monsoon_2,24.16845,53.31817,21.1169,2.18236,5.35796,1.18892,0.0735,3.34137,14.70248,26.2097,,,,,21.506098172482435,False,1.0,2.28788,6.788407792109711,80.78944945684528
5745,0,random_negative,none,3,64_65,2021-07-06,pseudo_season_matched,7,SW_monsoon,26.81122,51.08382,21.37749,2.3173,5.31273,1.14842,0.06797,2.72003,15.78597,28.45301,,,,,20.38526293367065,False,1.0,5.01414,6.97469665416309,80.71808646796624
4804,0,random_negative,none,0,56_64,2022-05-10,pseudo_season_matched,5,SW_monsoon,19.72739,64.81467,14.06301,2.07044,5.1049,1.24779,0.05994,2.79466,12.66205,20.67165,,,,,16.93110554897487,False,2.0,2.22112,6.937998142061497,80.48843416292958
3461,0,random_negative,none,3,64_60,2023-07-23,pseudo_season_matched,7,SW_monsoon,25.64635,53.01444,20.30092,2.29486,5.18335,1.18482,0.06807,2.62667,13.96366,26.69042,,,,,13.085831689223149,False,1.0,1.0303,6.8209422698707565,80.71781511253089
4572,0,random_negative,none,1,56_66,2022-12-18,pseudo_season_matched,12,NE_monsoon,18.99537,66.06401,13.72324,2.15438,5.137,1.28511,0.0632,1.98106,12.78955,19.43513,,,,,20.216174031494337,False,3.0,2.73661,6.988200745903143,80.50321825726998
4100,0,random_negative,none,2,60_61,2021-11-17,pseudo_season_matched,11,inter_monsoon_2,22.97111,59.22889,16.42787,2.29484,5.0669,1.23587,0.06342,3.0873,13.65611,23.23707,5.3,23.49999999999997,57.000000000000014,406.1,3.2904266490563523,True,2.0,2.03335,6.861511916351326,80.60854859728333
3218,0,random_negative,none,0,58_63,2021-05-25,pseudo_season_matched,5,SW_monsoon,18.99812,65.74322,13.8994,2.17622,5.0855,1.2661,0.05998,2.95261,13.39249,19.92093,,,,,10.909799063134868,False,2.0,2.93255,6.918896798411824,80.55138126144784
5124,0,random_negative,none,1,65_71,2020-02-21,pseudo_season_matched,2,NE_monsoon,23.65907,54.8535,19.84867,1.53197,5.44261,1.25634,0.0569,7.83148,14.22338,29.68166,,,,,35.98102595239687,False,2.0,2.85957,7.125086730227462,80.74371884761894
3636,0,random_negative,none,4,62_64,2021-11-01,pseudo_season_matched,11,inter_monsoon_2,26.06374,53.82893,19.90937,2.27752,5.15782,1.19838,0.06617,0.1809,14.59111,25.15779,,,,,12.863989489478918,False,1.0,0.80206,6.936530963365206,80.65315734508441
4083,0,random_negative,none,0,65_60,2021-10-29,pseudo_season_matched,10,inter_monsoon_2,26.39025,50.54404,22.23615,2.20423,5.26391,1.16991,0.07386,0.77319,14.68471,26.05848,,,,,17.001764323045762,False,2.0,0.97546,6.841952240739145,80.75361433780677
4237,0,random_negative,none,2,70_67,2022-08-01,pseudo_season_matched,8,SW_monsoon,18.28763,58.94856,19.99414,2.16986,5.43989,1.18031,0.0672,21.01882,15.39716,37.94783,,,,,37.05330924149938,False,4.0,4.18109,7.012254607590579,80.8834177480821
5470,0,random_negative,none,0,64_70,2021-11-23,pseudo_season_matched,11,inter_monsoon_2,24.153,54.52665,19.91718,1.53764,5.42501,1.2534,0.058,6.56363,14.21945,29.16031,,,,,33.39390094813158,False,2.0,2.21679,7.109620504186778,80.7214666170402
5241,0,random_negative,none,4,66_70,2021-11-12,pseudo_season_matched,11,inter_monsoon_2,23.60691,53.60836,20.90875,2.12982,5.31922,1.21741,0.06231,9.78291,15.30983,31.31804,,,,,34.26318919552995,False,2.0,2.50428,7.091561645892174,80.77103822245077
3997,0,random_negative,none,4,67_66,2021-08-21,pseudo_season_matched,8,SW_monsoon,25.18258,51.95171,21.52571,2.26309,5.28812,1.15471,0.06854,7.3191,15.84555,31.20479,,,,,26.762168713143357,False,1.0,1.51065,6.991142003916922,80.78341912998266
5532,0,random_negative,none,0,56_64,2021-01-24,pseudo_season_matched,1,NE_monsoon,20.03379,64.5332,14.09048,2.06987,5.06669,1.25578,0.05826,2.40778,12.63736,20.55187,,,,,14.704794912181628,False,3.0,1.68071,6.929281519678618,80.50816697169739
5489,0,random_negative,none,2,59_62,2021-12-16,pseudo_season_matched,12,NE_monsoon,20.99697,62.55739,15.18366,2.2144,5.08099,1.24699,0.06066,2.7651,13.40227,21.50109,7.5,8.699999999999967,13.000000000000014,137.8,7.373527987148887,True,2.0,0.84097,6.895199319561078,80.57590205755734
2892,0,random_negative,none,3,64_61,2022-08-01,pseudo_season_matched,8,SW_monsoon,26.87993,51.24534,21.24998,2.26444,5.21282,1.16782,0.06856,1.21355,14.56376,26.86137,,,,,13.32482011090937,False,2.0,0.95011,6.858333057062644,80.71790508505059
3780,0,random_negative,none,2,66_60,2021-11-16,pseudo_season_matched,11,inter_monsoon_2,26.473,49.73177,22.99648,2.21334,5.26044,1.16728,0.0758,-0.06427,14.68644,25.50306,,,,,19.3021765533781,False,1.0,2.74738,6.844759603123124,80.77429923836328
4492,0,random_negative,none,2,68_71,2021-08-21,pseudo_season_matched,8,SW_monsoon,20.98376,58.97023,18.54925,1.51274,5.55312,1.2805,0.056,9.81549,14.85984,29.48142,,,,,41.495758562607165,False,2.0,5.47944,7.130029557279252,80.82969335017422
3840,0,random_negative,none,1,68_65,2021-11-24,pseudo_season_matched,11,inter_monsoon_2,24.4809,52.47569,21.48879,2.27998,5.27244,1.15953,0.07009,8.87288,15.85058,32.07571,,,,,28.85118021841026,False,1.0,1.20289,6.980024695475531,80.81577352962692
1480,0,random_negative,none,3,63_64,2019-10-30,pseudo_season_matched,10,inter_monsoon_2,29.58379,48.68611,21.9157,2.32644,5.19503,1.17349,0.06157,0.52855,15.30322,29.51112,,,,,15.10224178749455,False,1.0,1.94313,6.939714176377256,80.68534659010626
3500,0,random_negative,none,4,60_59,2021-08-12,pseudo_season_matched,8,SW_monsoon,23.21381,58.91938,15.95758,2.28704,5.10515,1.24082,0.06158,4.32747,13.43208,23.43602,35.4,44.299999999999976,99.10000000000002,241.39999999999998,3.392487021726483,True,2.0,2.01761,6.808482486405918,80.61846516263304
3596,0,random_negative,none,3,61_63,2022-05-29,pseudo_season_matched,5,SW_monsoon,23.42108,58.14822,17.75846,2.193,5.13379,1.22154,0.06242,1.05448,14.11801,22.88502,6.0,14.699999999999957,41.600000000000016,405.7,9.89812688717358,True,1.0,0.24213,6.919750029209183,80.62217677532216
2811,0,random_negative,none,2,62_58,2021-10-06,pseudo_season_matched,10,inter_monsoon_2,22.8318,58.71852,16.80313,2.41773,5.24781,1.25727,0.05956,5.39117,13.75332,25.58074,0.0,14.19999999999997,79.00000000000001,215.6,9.53564924252748,True,1.0,4.7349,6.769550130865506,80.65845996474377
3246,0,random_negative,none,0,58_63,2022-08-03,pseudo_season_matched,8,SW_monsoon,18.99812,65.74322,13.8994,2.17622,5.0855,1.2661,0.05998,2.95261,13.39249,19.92093,,,,,10.604766949013618,False,2.0,2.56059,6.913734521020621,80.54816043462645
1826,0,random_negative,none,2,61_66,2022-01-06,pseudo_season_matched,1,NE_monsoon,23.39216,57.49903,18.38156,2.32189,5.19993,1.17746,0.06441,1.53406,14.3383,23.67091,,,,,17.572106638395102,False,2.0,4.53925,6.986981961343695,80.6394708315101
5718,0,random_negative,none,0,66_61,2021-12-05,pseudo_season_matched,12,NE_monsoon,27.92042,48.58974,22.8173,2.25362,5.24494,1.14107,0.07322,1.09135,14.8496,28.12983,,,,,19.157941098587646,False,2.0,3.01316,6.872742796752513,80.76877432995076
5158,0,random_negative,none,3,64_67,2021-11-17,pseudo_season_matched,11,inter_monsoon_2,24.27627,53.93668,20.72387,2.25184,5.32806,1.19059,0.06367,5.13997,15.64621,27.99438,,,,,26.06783521754278,False,2.0,1.54589,7.033135364971755,80.72478932008676
4679,0,random_negative,none,3,65_59,2021-12-19,pseudo_season_matched,12,NE_monsoon,25.47446,52.84196,20.57912,2.30171,5.1948,1.18278,0.06955,2.59293,13.96617,26.6182,,,,,15.044475848906572,False,2.0,2.52022,6.8124954365868655,80.73460211331893
3138,0,random_negative,none,4,67_73,2021-11-24,pseudo_season_matched,11,inter_monsoon_2,22.22927,58.23781,18.25593,1.53295,5.6137,1.28167,0.05298,8.00912,14.58517,28.91966,,,,,43.741533068745426,False,1.0,3.88193,7.176827903867513,80.79598780583775
4021,0,random_negative,none,1,63_68,2021-12-11,pseudo_season_matched,12,NE_monsoon,25.24577,53.86702,19.77216,2.20284,5.32659,1.19098,0.06561,3.72787,14.69305,27.46959,,,,,24.68794677642328,False,4.0,3.98493,7.037965743868729,80.68873243267176
2034,0,random_negative,none,0,63_62,2021-11-17,pseudo_season_matched,11,inter_monsoon_2,27.82201,50.43233,21.44918,2.24739,5.21494,1.17145,0.06644,0.77669,14.56211,27.50355,,,,,11.72740817859757,False,2.0,4.09525,6.8782280491643615,80.69601315335764
4512,0,random_negative,none,4,65_61,2021-09-27,pseudo_season_matched,9,SW_monsoon,27.74208,49.09582,22.54466,2.27927,5.27246,1.14696,0.07191,0.96483,15.33486,27.71517,,,,,17.187802036441067,False,2.0,2.56177,6.873164942138575,80.75028363047356
4080,0,random_negative,none,0,61_61,2022-01-06,pseudo_season_matched,1,NE_monsoon,23.9239,57.46097,17.50499,2.26296,5.17809,1.22143,0.06203,2.44639,14.24572,24.02283,0.0,13.299999999999969,43.20000000000002,97.2,4.998158273330063,True,1.0,0.26667,6.868148816755181,80.62845353562385
5777,0,random_negative,none,3,67_58,2021-12-16,pseudo_season_matched,12,NE_monsoon,24.29625,52.74166,21.57331,2.18801,5.34967,1.18227,0.0752,2.87158,14.7046,26.0201,,,,,22.75536912590069,False,1.0,1.16262,6.79279613298887,80.80197224099349
2283,0,random_negative,none,2,55_67,2021-11-17,pseudo_season_matched,11,inter_monsoon_2,19.71154,65.0257,13.90195,1.5577,5.21593,1.32438,0.06187,3.28848,12.12673,21.51297,,,,,24.895630733856112,False,2.0,1.04316,7.022961835256628,80.47896449853086
4046,0,random_negative,none,4,62_69,2023-06-16,pseudo_season_matched,6,SW_monsoon,24.4701,55.47486,19.01796,1.50629,5.3558,1.25452,0.06207,3.59595,13.96212,26.90368,,,,,28.76956886983575,False,2.0,0.44657,7.082852327960034,80.67286172747757
1956,0,random_negative,none,3,67_62,2022-04-04,pseudo_season_matched,4,inter_monsoon_1,27.68449,48.21419,23.37586,2.19408,5.25954,1.16591,0.07568,1.27952,14.69319,28.25651,,,,,21.985642147512603,False,1.0,2.35147,6.890859362087367,80.79038516929398
2940,0,random_negative,none,1,68_59,2021-10-02,pseudo_season_matched,10,inter_monsoon_2,24.10632,52.97787,21.45097,2.18364,5.35526,1.18363,0.07537,3.18391,14.70472,26.15077,,,,,23.925407927448912,False,1.0,1.07183,6.793385456793483,80.81286954440853
5621,0,random_negative,none,2,72_73,2021-12-29,pseudo_season_matched,12,NE_monsoon,14.01734,68.92993,15.49004,0.98456,5.84338,1.38747,0.05503,13.53173,13.49079,26.41548,,,,,52.53465709705142,False,3.0,1.68952,7.184722229412639,80.91985638512266
4009,0,random_negative,none,0,69_65,2021-08-21,pseudo_season_matched,8,SW_monsoon,21.42739,56.08579,20.57178,2.08623,5.44103,1.16279,0.06967,11.72058,15.20961,32.08786,,,,,31.78128867991119,False,3.0,3.55008,6.97149872692801,80.85209464309823
4537,0,random_negative,none,0,58_59,2023-06-16,pseudo_season_matched,6,SW_monsoon,21.19671,62.85843,14.01442,2.47132,5.1121,1.26712,0.05565,5.35799,11.79105,22.43731,0.0,5.099999999999949,22.900000000000034,118.9,6.978451162443063,True,2.0,4.51468,6.79407991777825,80.55027711766768
4937,0,random_negative,none,1,63_63,2021-11-11,pseudo_season_matched,11,inter_monsoon_2,30.64085,46.69306,23.0686,2.30819,5.22962,1.1559,0.06487,-0.2788,15.16962,29.91937,,,,,14.403951773420383,False,1.0,1.30172,6.918319675936097,80.6985350275844
2490,0,random_negative,none,2,65_69,2022-10-21,pseudo_season_matched,10,inter_monsoon_2,23.96527,53.39435,20.84681,2.12482,5.32662,1.22048,0.06228,8.7202,15.3067,30.6611,,,,,32.82427837103722,False,2.0,1.43501,7.087422009308844,80.75319670118495
4371,0,random_negative,none,2,61_58,2021-11-15,pseudo_season_matched,11,inter_monsoon_2,23.11811,58.60891,16.6904,2.45732,5.17995,1.24204,0.05968,4.50768,13.68952,24.5823,14.5,23.49999999999997,72.30000000000001,403.2,6.716593710053681,True,2.0,2.37994,6.788290605599433,80.64115901254404
3865,0,random_negative,none,0,58_63,2021-01-24,pseudo_season_matched,1,NE_monsoon,18.98237,65.91477,13.71179,2.16991,5.0797,1.2696,0.05977,3.06613,13.3901,20.00666,,,,,11.253271529970704,False,2.0,1.59367,6.91428722420627,80.53868985164796
1972,0,random_negative,none,1,60_65,2021-12-13,pseudo_season_matched,12,NE_monsoon,18.63042,65.31174,15.0455,2.29118,5.14107,1.21344,0.06372,1.83798,13.42368,19.0119,,,,,13.790083218277124,False,2.0,3.14777,6.957734969308511,80.5986630391294
1859,0,random_negative,none,2,62_58,2022-10-21,pseudo_season_matched,10,inter_monsoon_2,23.28582,58.20172,16.9982,2.46057,5.17919,1.22742,0.06031,4.44456,13.69142,24.91744,16.5,92.99999999999994,141.60000000000002,409.0,7.9847006376010805,True,2.0,3.01347,6.785958071808369,80.65483373211703
5147,0,random_negative,none,3,63_64,2022-05-10,pseudo_season_matched,5,SW_monsoon,28.60106,49.38439,21.93054,2.33918,5.30338,1.14495,0.06727,0.65534,15.78344,28.4562,,,,,15.76060564342787,False,1.0,1.89859,6.9437978100514695,80.68977461244813
2703,0,random_negative,none,4,60_62,2021-11-27,pseudo_season_matched,11,inter_monsoon_2,22.89677,58.97604,17.11473,2.20136,5.14192,1.22362,0.06324,1.98899,14.11855,22.64748,35.2,44.89999999999998,56.80000000000002,362.3,6.043371369684888,True,2.0,1.99845,6.8845975285444885,80.61807102932082
2256,0,random_negative,none,0,61_62,2024-07-02,pseudo_season_matched,7,SW_monsoon,23.951,57.54012,17.61042,2.27212,5.12578,1.21258,0.06361,1.84454,14.49268,23.9549,0.0,2.29999999999995,27.000000000000043,182.0,7.589702368881929,True,1.0,2.68404,6.896506018952801,80.62610129287947
3342,0,random_negative,none,3,57_59,2021-05-25,pseudo_season_matched,5,SW_monsoon,20.75447,64.37431,13.14439,2.46376,5.10111,1.28154,0.05451,5.38469,11.78756,22.70112,38.3,176.29999999999995,200.80000000000004,399.59999999999997,8.680111898612573,True,2.0,4.01924,6.793936374777508,80.53185691825935
5108,0,random_negative,none,0,68_60,2021-08-21,pseudo_season_matched,8,SW_monsoon,25.35856,50.76711,22.65342,2.23369,5.24034,1.17325,0.07743,1.42567,14.09261,25.92622,,,,,24.23586144237509,False,1.0,3.98839,6.835751006578782,80.81932968542313
3011,0,random_negative,none,3,60_66,2021-10-23,pseudo_season_matched,10,inter_monsoon_2,20.60207,61.97569,16.43814,2.27014,5.22294,1.20471,0.06315,1.44776,14.32613,20.72695,,,,,18.849569441381856,False,3.0,1.69244,7.003487804148335,80.60269197832224
4593,0,random_negative,none,1,63_69,2022-02-15,pseudo_season_matched,2,NE_monsoon,24.39865,55.21444,19.24539,1.51038,5.35533,1.25136,0.06129,4.46045,13.96586,27.58138,,,,,30.06986683353377,False,2.0,1.75291,7.088495556852639,80.69339706701827
5231,0,random_negative,none,1,68_59,2021-11-17,pseudo_season_matched,11,inter_monsoon_2,24.4865,52.21976,21.93043,2.19349,5.33865,1.17697,0.07629,2.45647,14.70621,25.8883,,,,,23.45781672623549,False,1.0,0.50913,6.805287586241555,80.81048023503925
3856,0,random_negative,none,1,63_69,2021-11-17,pseudo_season_matched,11,inter_monsoon_2,24.4269,55.12627,19.34567,1.51561,5.34438,1.24778,0.06128,4.54453,13.96636,27.72789,,,,,29.419367333303335,False,2.0,1.67486,7.081585951003552,80.69507841025022
4209,0,random_negative,none,0,68_60,2021-08-12,pseudo_season_matched,8,SW_monsoon,25.51218,50.55276,22.7415,2.23541,5.22973,1.17038,0.07768,1.52517,14.09388,26.1974,,,,,25.17797611792637,False,1.0,4.19739,6.845944730447768,80.82750771151309
5492,0,random_negative,none,4,60_62,2022-12-18,pseudo_season_matched,12,NE_monsoon,23.36608,58.38895,17.03335,2.25652,5.17821,1.22431,0.06148,2.63309,14.24282,23.5128,0.5,0.49999999999994316,12.900000000000032,62.9,5.079077377587151,True,2.0,1.23321,6.874474281296888,80.61977877781939
3002,0,random_negative,none,2,66_64,2021-08-12,pseudo_season_matched,8,SW_monsoon,28.79585,47.20504,23.43042,2.25452,5.30369,1.14718,0.07364,2.14042,15.60979,30.23049,,,,,22.116286487552173,False,1.0,1.75914,6.936780707224619,80.77114346378269
5129,0,random_negative,none,1,54_63,2021-10-01,pseudo_season_matched,10,inter_monsoon_2,20.18231,64.83184,13.53996,2.04949,5.05333,1.26321,0.0584,3.53682,12.65572,21.94536,,,,,20.049124953804622,False,2.0,3.5865,6.923891421469599,80.44296725835811
3061,0,random_negative,none,4,67_66,2021-01-24,pseudo_season_matched,1,NE_monsoon,24.89665,52.0653,21.59161,2.27931,5.27432,1.14723,0.06983,8.10742,15.84916,31.74639,,,,,27.765520794566342,False,2.0,1.82618,6.9851404850626215,80.79997430209943
1899,0,random_negative,none,3,57_64,2021-08-21,pseudo_season_matched,8,SW_monsoon,17.97389,67.47136,13.22519,2.24715,5.09699,1.23908,0.06233,2.5826,13.40444,18.77691,,,,,15.920572572573574,False,2.0,0.37963,6.950438503705914,80.51659248067585
5325,0,random_negative,none,3,64_60,2021-08-21,pseudo_season_matched,8,SW_monsoon,25.59299,53.31476,20.14444,2.26167,5.21561,1.17873,0.06729,1.93383,14.55841,25.9051,,,,,11.861128471063996,False,2.0,1.46741,6.834009676149621,80.70734380852319
3947,0,random_negative,none,4,65_72,2021-12-01,pseudo_season_matched,12,NE_monsoon,22.93425,57.21753,18.41122,1.51177,5.53771,1.26803,0.05487,5.20963,14.22252,26.72076,,,,,40.3621076590856,False,1.0,5.4834,7.168847945903355,80.74333781697325
5036,0,random_negative,none,4,60_59,2021-12-01,pseudo_season_matched,12,NE_monsoon,23.26772,58.80323,16.10487,2.28719,5.10192,1.23831,0.06178,4.15597,13.4323,23.48088,2.1,14.79999999999997,60.30000000000002,307.2,2.7292276997180336,True,2.0,2.95393,6.8169768755391456,80.61879115261762
2636,0,random_negative,none,0,65_60,2021-07-25,pseudo_season_matched,7,SW_monsoon,25.79804,52.56084,20.71558,2.2734,5.21524,1.177,0.06925,1.68986,14.56194,26.07144,,,,,14.374159778383595,False,2.0,1.18578,6.833641345081812,80.73009113975627
2800,0,random_negative,none,1,62_67,2021-10-23,pseudo_season_matched,10,inter_monsoon_2,24.98678,54.82822,19.26121,2.27301,5.26043,1.18566,0.06676,2.71528,14.62147,26.3106,,,,,20.819266198240985,False,2.0,6.57806,7.011146653949219,80.66112326975161
4740,0,random_negative,none,4,62_62,2021-11-20,pseudo_season_matched,11,inter_monsoon_2,24.9052,55.50318,18.86044,2.21088,5.23206,1.20087,0.06146,1.54397,14.54904,24.59989,0.0,25.399999999999974,56.500000000000014,371.0,7.198513038295505,True,2.0,0.3872,6.877849745696976,80.6472348093122
2221,0,random_negative,none,2,64_62,2021-11-16,pseudo_season_matched,11,inter_monsoon_2,28.53448,49.48292,21.87811,2.24404,5.21571,1.16985,0.06627,0.46807,14.56311,28.08185,,,,,12.789867137194044,False,2.0,4.5081,6.886813840497125,80.7024757421273
2539,0,random_negative,none,1,68_69,2016-11-30,pseudo_season_matched,11,inter_monsoon_2,21.23809,57.32239,19.75404,2.06267,5.47999,1.23651,0.0604,10.51138,15.17907,30.22499,,,,,36.35331537398501,False,3.0,1.63712,7.083287314914244,80.81346448199245
3698,0,random_negative,none,2,62_66,2021-11-23,pseudo_season_matched,11,inter_monsoon_2,25.25858,54.48837,19.48376,2.29679,5.24687,1.17785,0.06691,2.3397,14.62369,26.27405,,,,,19.123461469444976,False,1.0,4.98619,6.994419083512155,80.6622391257457
5071,0,random_negative,none,3,54_64,2021-11-17,pseudo_season_matched,11,inter_monsoon_2,20.16832,64.66626,13.73027,2.03932,5.07381,1.2598,0.05919,3.38627,12.65588,21.83862,,,,,20.99544257401106,False,1.0,3.89997,6.950482080489143,80.45068462992828
2278,0,random_negative,none,0,66_61,2021-08-12,pseudo_season_matched,8,SW_monsoon,27.17384,48.8773,23.20649,2.20481,5.2578,1.16555,0.07591,0.63781,14.69062,27.02211,,,,,20.58059413297159,False,1.0,1.46221,6.869731337477807,80.78260971264226
4254,0,random_negative,none,0,59_68,2021-07-06,pseudo_season_matched,7,SW_monsoon,22.26094,60.24596,16.54911,1.60974,5.30375,1.23282,0.06012,0.98232,12.99351,21.91576,,,,,23.49912762657338,False,3.0,2.8019,7.044982672671878,80.5842316216958
4849,0,random_negative,none,3,64_65,2021-12-08,pseudo_season_matched,12,NE_monsoon,26.37231,51.94827,21.10298,2.29223,5.25678,1.16211,0.06826,2.35573,15.42572,27.67607,,,,,20.502109146044287,False,2.0,4.54771,6.979306835723381,80.71404593082008
4698,0,random_negative,none,4,66_62,2022-05-10,pseudo_season_matched,5,SW_monsoon,28.12186,48.3739,22.9326,2.28025,5.27039,1.14265,0.07254,0.8903,15.33718,28.14274,,,,,18.147791968690576,False,2.0,3.0532,6.876290937788763,80.75843919911759
3773,0,random_negative,none,3,60_66,2021-08-21,pseudo_season_matched,8,SW_monsoon,21.08047,61.18322,16.8162,2.28735,5.21583,1.19664,0.06327,1.47635,14.32932,21.23771,,,,,18.001555695686918,False,4.0,2.21504,6.994894212353657,80.61752078447043
2582,0,random_negative,none,4,65_72,2021-07-25,pseudo_season_matched,7,SW_monsoon,23.15658,56.72533,18.66763,1.5141,5.52295,1.267,0.05562,5.1898,14.22124,26.88431,,,,,40.00352010350785,False,1.0,5.09748,7.1664581774983365,80.74066159154485
4761,0,random_negative,none,2,62_59,2021-08-15,pseudo_season_matched,8,SW_monsoon,23.64673,57.5992,17.35358,2.46112,5.1693,1.21326,0.06118,3.96179,13.69327,24.8561,0.0,10.09999999999998,65.50000000000003,242.0,6.8619892560743745,True,1.0,0.80101,6.806043521935955,80.65594039960735
5722,0,random_negative,none,3,64_60,2021-10-29,pseudo_season_matched,10,inter_monsoon_2,25.59299,53.31476,20.14444,2.26167,5.21561,1.17873,0.06729,1.93383,14.55841,25.9051,,,,,11.815589838281102,False,2.0,1.47423,6.832689735288744,80.70693581722213
5298,0,random_negative,none,3,66_63,2021-10-01,pseudo_season_matched,10,inter_monsoon_2,28.88238,47.38021,23.30129,2.27068,5.27291,1.14146,0.07195,0.9124,15.33939,29.05039,,,,,19.38198436685005,False,1.0,5.25248,6.902024596433432,80.76126148759195
4359,0,random_negative,none,1,63_69,2021-11-23,pseudo_season_matched,11,inter_monsoon_2,24.39865,55.21444,19.24539,1.51038,5.35533,1.25136,0.06129,4.46045,13.96586,27.58138,,,,,29.722449863321817,False,1.0,1.43701,7.08578730282585,80.69164736059301
3281,0,random_negative,none,2,59_61,2021-08-12,pseudo_season_matched,8,SW_monsoon,21.51546,61.38119,15.7558,2.18609,5.13541,1.24432,0.06197,2.5996,14.11029,21.3869,35.4,44.299999999999976,99.10000000000002,241.39999999999998,4.757635164526504,True,2.0,1.04578,6.874167963336799,80.58744930644482
3663,0,random_negative,none,1,71_66,2022-12-18,pseudo_season_matched,12,NE_monsoon,16.97918,59.93501,20.09842,2.05515,5.45634,1.19512,0.06808,22.87146,15.66574,38.50022,,,,,38.40155617045531,False,2.0,3.41579,7.000560327578697,80.90450134040746
4836,0,random_negative,none,1,66_68,2022-08-01,pseudo_season_matched,8,SW_monsoon,23.88611,53.80209,20.89389,2.16635,5.28748,1.20147,0.06397,7.96812,15.31203,30.38024,,,,,31.528614506208985,False,2.0,4.64087,7.0626767796129,80.76921095466328
1796,0,random_negative,none,4,68_73,2021-11-30,pseudo_season_matched,11,inter_monsoon_2,20.86991,59.917,17.76962,1.29725,5.67269,1.31141,0.05523,9.19944,13.58965,28.70561,,,,,44.78123900100299,False,3.0,1.70419,7.175762191950075,80.81607582148618
5630,0,random_negative,none,2,61_58,2022-08-01,pseudo_season_matched,8,SW_monsoon,22.77908,59.43425,16.0297,2.45103,5.18168,1.24293,0.05851,4.62278,13.68574,23.7849,104.9,140.99999999999994,203.00000000000003,393.29999999999995,5.852230413335731,True,2.0,0.83771,6.787265091182281,80.62667267953269
3799,0,random_negative,none,4,65_72,2021-11-17,pseudo_season_matched,11,inter_monsoon_2,23.20773,56.32878,18.98099,1.51962,5.49901,1.26358,0.05572,6.27909,14.2228,27.94528,,,,,38.6645713735601,False,2.0,4.43077,7.1496878962621695,80.74857025243281
2832,0,random_negative,none,4,57_63,2021-10-23,pseudo_season_matched,10,inter_monsoon_2,18.7853,66.47104,13.32325,2.15061,5.07156,1.27709,0.05967,3.20572,13.38475,20.0485,,,,,13.286196584960885,False,3.0,1.16795,6.9252439551344,80.52291355301296
4904,0,random_negative,none,3,64_59,2022-08-18,pseudo_season_matched,8,SW_monsoon,25.2506,53.82907,19.87639,2.26144,5.21686,1.18864,0.06704,2.17846,14.55717,25.72157,,,,,12.415314790026835,False,2.0,1.492,6.819481464114925,80.7115455364923
4132,0,random_negative,none,4,62_65,2021-08-21,pseudo_season_matched,8,SW_monsoon,23.75323,57.01651,18.61806,2.23703,5.18546,1.18695,0.06564,0.98096,14.58529,23.50142,,,,,15.40880085552048,False,2.0,2.96849,6.964167909304805,80.6471810500873
2522,0,random_negative,none,3,59_64,2021-08-12,pseudo_season_matched,8,SW_monsoon,17.35158,67.60645,13.83723,2.2866,5.12427,1.26236,0.06289,2.14948,13.41692,17.7746,,,,,12.233752812187193,False,3.0,4.28275,6.938715057617772,80.56725687973825
3715,0,random_negative,none,0,56_65,2021-05-25,pseudo_season_matched,5,SW_monsoon,19.58634,64.97937,14.05149,2.05343,5.11652,1.25437,0.06033,2.74726,12.6607,20.61258,,,,,18.373017261690773,False,3.0,3.31847,6.9567679111038405,80.4890103212127
3795,0,random_negative,none,3,62_70,2021-12-29,pseudo_season_matched,12,NE_monsoon,24.50457,55.16409,19.19654,1.48797,5.39682,1.24983,0.06462,3.07319,14.22232,26.47538,,,,,29.927889230474726,False,2.0,1.55655,7.096166813987175,80.66355866909629
2184,0,random_negative,none,0,62_60,2021-11-17,pseudo_season_matched,11,inter_monsoon_2,24.54941,55.60054,18.6596,2.23913,5.21995,1.19813,0.06365,2.55621,14.55003,24.83306,5.3,23.49999999999997,57.000000000000014,406.1,7.830696994477054,True,2.0,2.13191,6.827410423903243,80.6706497293388
2266,0,random_negative,none,2,55_67,2021-09-30,pseudo_season_matched,9,SW_monsoon,19.99261,64.57443,14.07886,1.55377,5.22066,1.32568,0.06252,3.22086,12.12705,21.75217,,,,,25.156688967472277,False,2.0,1.63025,7.027902258913278,80.48245702660235
4872,0,random_negative,none,2,70_67,2022-03-31,pseudo_season_matched,3,inter_monsoon_1,17.18146,59.37653,20.36976,2.17255,5.41843,1.19612,0.0669,25.09139,15.85228,40.84464,,,,,37.59376047891156,False,2.0,4.16266,7.017831895399158,80.8856553043664
3490,0,random_negative,none,1,68_69,2021-11-11,pseudo_season_matched,11,inter_monsoon_2,20.93077,57.61498,19.77222,2.07633,5.4668,1.2301,0.06119,11.07531,15.18134,30.58448,,,,,36.92587641608671,False,3.0,1.15737,7.07949522852839,80.82559276555337
5584,0,random_negative,none,0,69_65,2023-07-05,pseudo_season_matched,7,SW_monsoon,20.87195,56.69032,20.39597,2.08339,5.44558,1.16472,0.06974,12.6319,15.21008,32.41226,,,,,33.30411574179523,False,3.0,4.12417,6.978901561590026,80.8637530110551
1498,0,random_negative,none,0,59_60,2021-11-17,pseudo_season_matched,11,inter_monsoon_2,22.674,59.79366,15.87033,2.27488,5.08792,1.24283,0.06106,3.94945,13.42733,23.09673,5.3,23.49999999999997,57.000000000000014,406.1,1.4342996190131978,True,3.0,2.21066,6.843295544785449,80.59210056479924
3784,0,random_negative,none,2,61_66,2021-05-25,pseudo_season_matched,5,SW_monsoon,22.6517,58.69883,17.87173,2.31367,5.2034,1.18257,0.06396,1.48346,14.33552,22.85175,,,,,17.102371991275085,False,1.0,4.34168,6.983143394863472,80.6373141039214
3244,0,random_negative,none,3,72_67,2022-06-10,pseudo_season_matched,6,SW_monsoon,16.81083,60.59413,19.64061,2.15855,5.44703,1.20872,0.06622,22.72208,15.84845,38.16788,,,,,41.34192011431734,False,2.0,4.99508,7.024371269916907,80.92152939011575
3614,0,random_negative,none,0,66_75,2021-11-15,pseudo_season_matched,11,inter_monsoon_2,27.83962,56.66408,14.24143,1.02804,5.70575,1.34178,0.05163,9.12056,12.77503,36.1216,,,,,50.25045450588605,False,2.0,0.74504,7.253017410212882,80.77396744298262
3404,0,random_negative,none,3,57_64,2021-12-03,pseudo_season_matched,12,NE_monsoon,18.7853,66.47104,13.32325,2.15061,5.07156,1.27709,0.05967,3.20572,13.38475,20.0485,,,,,13.674482627616632,False,2.0,1.75818,6.9307479778041134,80.52415129885381
2217,0,random_negative,none,3,71_69,2021-08-12,pseudo_season_matched,8,SW_monsoon,17.83798,61.78858,18.12434,2.16496,5.55107,1.23267,0.06134,16.38308,15.72788,32.94374,,,,,44.3444384497801,False,4.0,9.18605,7.078019726583797,80.91785184700046
2200,0,random_negative,none,4,62_69,2021-08-12,pseudo_season_matched,8,SW_monsoon,24.43685,55.47082,19.0893,1.51125,5.34595,1.25119,0.06199,3.69332,13.9626,26.99562,,,,,28.760826704041182,False,2.0,0.44027,7.082769509097229,80.67286326408465
2719,0,random_negative,none,2,58_62,2022-05-10,pseudo_season_matched,5,SW_monsoon,21.06402,62.81201,14.66852,2.21455,5.06335,1.25433,0.05984,3.21174,13.39875,21.62171,124.6,163.39999999999995,163.4,315.20000000000005,6.971441465369534,True,2.0,1.71204,6.882826948973253,80.56132473315964
2355,0,random_negative,none,0,61_60,2020-07-15,pseudo_season_matched,7,SW_monsoon,24.31064,56.70487,17.66997,2.30306,5.09646,1.21916,0.06356,3.46488,13.44048,25.05777,7.0,7.299999999999971,11.100000000000028,122.19999999999999,4.896175517415955,True,2.0,2.30315,6.828769417725268,80.64410958984381
2761,0,random_negative,none,0,63_60,2021-11-11,pseudo_season_matched,11,inter_monsoon_2,25.41041,54.16718,19.49655,2.24354,5.21797,1.18766,0.06475,1.97161,14.55399,25.49422,17.2,41.49999999999997,143.4,380.7,9.476609442162369,True,4.0,3.97048,6.8400715045749205,80.68547571661374
2810,0,random_negative,none,3,59_69,2021-11-12,pseudo_season_matched,11,inter_monsoon_2,24.08477,57.0367,17.97909,1.48991,5.41136,1.27386,0.06699,0.15709,13.45135,22.88018,,,,,26.307137936849063,False,1.0,1.40768,7.07070002678782,80.5887013388201
4544,0,random_negative,none,0,60_67,2020-08-02,pseudo_season_matched,8,SW_monsoon,21.02215,61.35253,16.6271,2.26074,5.22763,1.20778,0.06348,1.43881,14.32569,21.1389,,,,,19.967196394450575,False,2.0,3.00367,7.013338973387338,80.61005851783153
1695,0,random_negative,none,3,70_66,2021-08-18,pseudo_season_matched,8,SW_monsoon,19.42849,58.08323,20.02096,2.18293,5.42612,1.17551,0.06783,17.45563,15.39727,35.61278,,,,,34.781635453011525,False,1.0,3.80887,6.999957042947354,80.86686205476245
5863,0,random_negative,none,3,64_69,2021-11-17,pseudo_season_matched,11,inter_monsoon_2,24.64329,53.95913,20.07106,2.11077,5.34789,1.21891,0.06168,5.9006,14.57731,29.03072,,,,,30.993103051054444,False,1.0,3.42727,7.085076168567313,80.72280741465327
3325,0,random_negative,none,1,57_65,2021-11-17,pseudo_season_matched,11,inter_monsoon_2,18.23524,66.85715,13.70722,2.16288,5.15767,1.26015,0.06309,1.78026,12.79225,18.51839,,,,,18.74711714333203,False,1.0,1.24284,6.980745613129409,80.51670359102076
1874,0,random_negative,none,4,55_64,2021-11-27,pseudo_season_matched,11,inter_monsoon_2,20.09123,64.64496,13.83901,2.04482,5.08314,1.25768,0.05944,3.22737,12.65724,21.57873,,,,,20.00099739278954,False,2.0,3.70672,6.9479439046062295,80.46019438857871
1636,0,random_negative,none,4,61_64,2021-12-29,pseudo_season_matched,12,NE_monsoon,23.15258,58.05869,18.15895,2.23984,5.18243,1.18731,0.0651,0.8725,14.58312,22.72733,,,,,14.147134631774316,False,2.0,3.06407,6.955117169254285,80.63829040964647
4409,0,random_negative,none,3,64_59,2021-12-13,pseudo_season_matched,12,NE_monsoon,25.33088,53.50548,20.0349,2.29162,5.19241,1.19005,0.06766,2.90001,13.96261,26.57583,,,,,13.801222811820896,False,1.0,1.62295,6.815800524226371,80.72371400751057
5383,0,random_negative,none,1,68_65,2021-11-15,pseudo_season_matched,11,inter_monsoon_2,25.51297,51.10752,22.02016,2.2302,5.31515,1.13511,0.07404,6.24269,15.61443,30.71197,,,,,27.505489020044767,False,1.0,1.52004,6.956871766809112,80.81592214610768
5751,0,random_negative,none,2,60_61,2021-12-05,pseudo_season_matched,12,NE_monsoon,22.98428,59.15078,16.39786,2.27886,5.08624,1.23702,0.06156,3.68258,13.42994,23.59013,2.3,2.299999999999968,33.50000000000001,299.2,2.5580675667665225,True,2.0,2.73909,6.854614815859651,80.6082657086929
4693,0,random_negative,none,1,60_65,2022-03-26,pseudo_season_matched,3,inter_monsoon_1,19.69478,63.35779,16.01563,2.29897,5.20771,1.19454,0.06244,1.399,14.32778,19.73924,,,,,15.794895390594823,False,3.0,1.60129,6.975795767768533,80.60482704639891
5177,0,random_negative,none,0,61_57,2021-11-20,pseudo_season_matched,11,inter_monsoon_2,22.41188,59.66501,16.15653,2.41094,5.25359,1.26865,0.05774,5.74212,13.74857,25.21545,0.0,25.399999999999974,56.500000000000014,371.0,9.467854348218534,True,1.0,4.30089,6.758165923286685,80.64166971683741
5748,0,random_negative,none,0,66_61,2021-11-11,pseudo_season_matched,11,inter_monsoon_2,27.92042,48.58974,22.8173,2.25362,5.24494,1.14107,0.07322,1.09135,14.8496,28.12983,,,,,19.25616303619827,False,2.0,2.89906,6.872382626470322,80.7697715223302
5284,0,random_negative,none,2,56_63,2020-10-12,pseudo_season_matched,10,inter_monsoon_2,20.99253,63.57951,14.01098,2.07398,5.02133,1.28612,0.05667,2.92374,12.63529,21.85266,,,,,14.69959286024582,False,3.0,1.88146,6.902180754293584,80.48637954870426
4695,0,random_negative,none,2,65_67,2021-10-06,pseudo_season_matched,10,inter_monsoon_2,24.46581,53.54747,20.9559,2.26757,5.30979,1.18287,0.06454,5.29508,15.64864,28.38776,,,,,25.77731945821404,False,1.0,2.24252,7.019330687979295,80.74028679793412
3086,0,random_negative,none,4,59_58,2022-03-28,pseudo_season_matched,3,inter_monsoon_1,21.99155,61.36061,14.59066,2.41651,5.12676,1.2588,0.05772,5.20938,13.03159,22.56389,1.0,15.299999999999965,15.300000000000015,61.2,6.7525790205686285,True,4.0,3.84256,6.772794991509026,80.58967854590585
4119,0,random_negative,none,0,61_62,2021-11-20,pseudo_season_matched,11,inter_monsoon_2,24.32234,56.5511,18.35894,2.2205,5.20112,1.21184,0.06317,1.23943,14.76952,23.72697,0.0,25.399999999999974,56.500000000000014,371.0,7.532593231557222,True,2.0,1.95738,6.890857551335722,80.63601145505044
4754,0,random_negative,none,4,56_61,2021-12-01,pseudo_season_matched,12,NE_monsoon,21.50602,63.03009,14.04438,2.33376,4.99803,1.2632,0.05529,3.92739,11.78782,22.97864,,,,,11.191597816374214,False,1.0,2.80516,6.8630758643667695,80.50328236349311
2142,0,random_negative,none,0,62_61,2021-12-29,pseudo_season_matched,12,NE_monsoon,24.99699,55.24994,18.87817,2.22247,5.22537,1.20723,0.06237,1.82312,14.54979,24.77431,0.0,0.0,0.0,83.0,6.815955802490251,True,2.0,1.64272,6.865358074330071,80.65251088981869
2729,0,random_negative,none,3,64_60,2021-12-29,pseudo_season_matched,12,NE_monsoon,25.45198,53.72686,19.85252,2.25585,5.21623,1.18269,0.06637,2.03297,14.55661,25.7474,,,,,11.514761130705686,False,2.0,1.75786,6.828909562130971,80.70413282458055
3825,0,random_negative,none,4,66_70,2021-11-20,pseudo_season_matched,11,inter_monsoon_2,23.52437,53.72973,20.73549,2.10655,5.34821,1.22718,0.06106,9.99856,15.30763,31.24725,,,,,35.967468786136685,False,2.0,2.86877,7.107451424384453,80.77487661775052
4135,0,random_negative,none,1,71_71,2023-06-16,pseudo_season_matched,6,SW_monsoon,15.93139,64.99501,17.23083,1.31546,5.6949,1.32374,0.05748,14.26712,13.86894,28.98564,,,,,47.3102877264804,False,2.0,8.12348,7.127068454738549,80.91118371480943
2277,0,random_negative,none,4,65_70,2021-12-11,pseudo_season_matched,12,NE_monsoon,23.8222,54.3185,20.14801,1.53635,5.4248,1.25365,0.05725,8.34165,14.22363,30.24156,,,,,35.18127648901281,False,2.0,1.98164,7.116876695466965,80.74396748716582
1509,0,random_negative,none,3,65_59,2021-11-12,pseudo_season_matched,11,inter_monsoon_2,25.20406,53.07111,20.5419,2.30162,5.20666,1.18444,0.06989,2.75501,13.96659,26.5404,,,,,16.363301403075862,False,3.0,3.97951,6.804394007559054,80.7452991921231
2308,0,random_negative,none,2,72_73,2021-12-31,pseudo_season_matched,12,NE_monsoon,13.23888,69.98606,15.07276,0.98313,5.85414,1.39201,0.05552,13.93641,13.48682,26.05989,,,,,53.40588662050471,False,2.0,3.09195,7.172743304414837,80.94375730535589
3471,0,random_negative,none,1,57_62,2022-12-18,pseudo_season_matched,12,NE_monsoon,21.40987,62.65052,14.48973,2.1055,5.03908,1.25098,0.05701,2.76236,12.64129,21.76244,,,,,10.849491999734894,False,1.0,1.95588,6.88058884119827,80.51412032331578
4246,0,random_negative,none,2,58_62,2022-03-08,pseudo_season_matched,3,inter_monsoon_1,20.81761,63.29689,14.39811,2.20738,5.05936,1.25822,0.05951,3.32399,13.39623,21.50365,9.1,23.399999999999963,23.400000000000013,116.8,8.018922578928361,True,2.0,1.93749,6.881092705180957,80.54566730076826
4866,0,random_negative,none,4,65_65,2022-12-18,pseudo_season_matched,12,NE_monsoon,26.79678,50.75272,21.59974,2.32481,5.30231,1.15091,0.06912,3.35909,15.78918,29.06562,,,,,21.457651615208434,False,2.0,3.36967,6.971093281316495,80.73649331696618
2861,0,random_negative,none,3,60_58,2022-05-29,pseudo_season_matched,5,SW_monsoon,22.2872,60.82498,14.78954,2.41927,5.12601,1.2531,0.05869,4.8914,13.03445,22.26708,6.0,14.699999999999957,41.600000000000016,405.7,5.11392115294811,True,2.0,2.59637,6.786874467516737,80.59647919631246
2297,0,random_negative,none,0,72_70,2022-08-01,pseudo_season_matched,8,SW_monsoon,15.11939,66.20889,16.74877,1.18119,5.71919,1.33078,0.05877,14.79393,13.76648,28.75246,,,,,49.13842293729523,False,1.0,9.47468,7.114511013403046,80.94427311462864
5585,0,random_negative,none,4,65_61,2021-12-05,pseudo_season_matched,12,NE_monsoon,26.59563,51.14173,21.51556,2.27811,5.21291,1.16275,0.0706,1.18072,14.56621,26.604,,,,,15.741909621518525,False,3.0,1.12282,6.854419921068583,80.74085355156421
2628,0,random_negative,none,0,65_60,2021-07-09,pseudo_season_matched,7,SW_monsoon,25.73108,52.66224,20.58053,2.30019,5.18411,1.18105,0.06903,2.4787,13.96551,26.73067,,,,,14.60304831003717,False,2.0,1.67592,6.820165329253569,80.73153712904188
5467,0,random_negative,none,2,54_65,2021-11-20,pseudo_season_matched,11,inter_monsoon_2,20.35971,64.12559,14.06157,1.49304,5.12824,1.27296,0.0588,4.18209,12.29702,22.97084,,,,,23.61445349147446,False,3.0,2.8393,6.979361777656472,80.44431094157763
1717,0,random_negative,none,2,70_72,2021-11-17,pseudo_season_matched,11,inter_monsoon_2,15.01318,67.20124,16.10577,0.99077,5.80057,1.37265,0.05625,13.4965,13.50142,27.26128,,,,,48.403410921016686,False,1.0,5.40693,7.162334256763339,80.88878312173165
3280,0,random_negative,none,2,62_59,2021-11-24,pseudo_season_matched,11,inter_monsoon_2,23.98984,57.22065,17.28864,2.30266,5.10453,1.22599,0.0632,3.88165,13.4397,24.8875,2.5,11.899999999999972,37.30000000000002,355.29999999999995,5.622881662900485,True,1.0,1.15987,6.814436816424975,80.64737830862444
3068,0,random_negative,none,1,56_66,2021-12-05,pseudo_season_matched,12,NE_monsoon,19.00211,65.75516,13.86592,2.0429,5.18123,1.29009,0.0626,3.1092,12.79567,20.55708,,,,,21.38339218897819,False,1.0,1.91869,6.996900744494872,80.49721203676525
2373,0,random_negative,none,2,73_69,2021-10-06,pseudo_season_matched,10,inter_monsoon_2,16.68141,63.63454,17.19802,1.924,5.63457,1.26471,0.06323,15.7622,14.71061,31.12868,,,,,47.12499166939618,False,2.0,9.09109,7.075056610185462,80.95116758377192
2708,0,random_negative,none,4,65_63,2021-12-13,pseudo_season_matched,12,NE_monsoon,28.84241,47.86383,22.95278,2.25599,5.2814,1.14706,0.07007,1.07307,15.33807,29.12542,,,,,17.490063256532384,False,2.0,4.90318,6.908784732197541,80.73896250114255
2378,0,random_negative,none,1,68_67,2021-11-20,pseudo_season_matched,11,inter_monsoon_2,21.37599,56.7789,19.94522,2.1507,5.45349,1.1903,0.06457,11.91178,15.38899,31.97446,,,,,33.2267460914316,False,2.0,2.50493,7.029813595411311,80.82732727487407
2789,0,random_negative,none,3,57_59,2021-08-12,pseudo_season_matched,8,SW_monsoon,20.61024,63.88137,13.7722,2.63301,5.01264,1.27811,0.05621,5.20263,12.25467,22.41713,35.4,44.299999999999976,99.10000000000002,241.39999999999998,7.596206712460228,True,2.0,1.70647,6.815014355209201,80.53364973752116
3273,0,random_negative,none,0,66_59,2021-11-27,pseudo_season_matched,11,inter_monsoon_2,25.97547,51.17612,21.85184,2.23283,5.23338,1.18095,0.07343,1.68899,14.08749,26.44095,,,,,17.35248163963251,False,2.0,3.50119,6.818994881814319,80.7564193589576
1791,0,random_negative,none,1,54_63,2021-12-16,pseudo_season_matched,12,NE_monsoon,20.22622,64.63383,13.69559,2.06306,5.05735,1.25802,0.05855,3.38716,12.65778,21.74693,,,,,19.01317996128244,False,1.0,3.47768,6.9210480779373365,80.4521708654002
5406,0,random_negative,none,2,58_69,2019-10-30,pseudo_season_matched,10,inter_monsoon_2,23.58283,58.60663,16.88764,1.5871,5.29413,1.28598,0.06331,0.44561,12.9905,22.78416,,,,,27.41719975736372,False,2.0,2.6806,7.076589102294178,80.55335203739233
4960,0,random_negative,none,4,65_61,2021-10-30,pseudo_season_matched,10,inter_monsoon_2,26.97131,50.61828,21.75004,2.27619,5.21235,1.16049,0.07061,1.06577,14.56737,26.9425,,,,,15.53064706506856,False,3.0,1.93789,6.862268844533828,80.73747933195857
4025,0,random_negative,none,4,65_70,2021-11-11,pseudo_season_matched,11,inter_monsoon_2,23.8443,53.74532,20.4016,1.51182,5.38839,1.25827,0.05886,9.21977,14.1615,30.74665,,,,,35.048252244245354,False,2.0,1.25278,7.111070236101173,80.75241055707691
4608,0,random_negative,none,2,62_59,2021-08-12,pseudo_season_matched,8,SW_monsoon,24.01181,56.57575,17.90525,2.25676,5.20582,1.22016,0.06206,3.97542,13.94993,25.3231,35.4,44.299999999999976,99.10000000000002,241.39999999999998,7.92720293408952,True,2.0,1.90546,6.796247431472923,80.66160250950924
2507,0,random_negative,none,0,66_75,2021-11-28,pseudo_season_matched,11,inter_monsoon_2,26.55759,55.99815,15.7946,1.17574,5.63279,1.30392,0.05287,6.65672,13.69155,32.15155,,,,,49.54081457279249,False,,2.35963,7.252503896639038,80.75776732514346
4064,0,random_negative,none,1,56_66,2021-10-06,pseudo_season_matched,10,inter_monsoon_2,19.2528,65.66554,13.87663,2.14636,5.14136,1.28765,0.06363,1.91497,12.78936,19.6661,,,,,20.53567801164069,False,3.0,2.47842,6.989208843095082,80.49940586187148
2086,0,random_negative,none,4,66_70,2021-11-20,pseudo_season_matched,11,inter_monsoon_2,23.26308,54.84448,20.00308,1.51113,5.39772,1.25821,0.05821,9.40262,14.16452,30.5572,,,,,36.38813058010674,False,2.0,2.91373,7.113236524889596,80.77280821278197
2186,0,random_negative,none,3,71_69,2022-06-10,pseudo_season_matched,6,SW_monsoon,18.05963,61.6916,18.09901,2.15586,5.55999,1.2362,0.06054,15.69951,15.72637,32.47916,,,,,44.19080507384322,False,4.0,8.6739,7.08658715369066,80.90925450658699
3961,0,random_negative,none,2,59_61,2021-11-17,pseudo_season_matched,11,inter_monsoon_2,21.11591,62.07796,15.39931,2.17978,5.13274,1.24876,0.06158,2.73306,14.10766,21.07925,5.3,23.49999999999997,57.000000000000014,406.1,5.277103067422928,True,2.0,0.74953,6.873973482730258,80.57549456215463
4250,0,random_negative,none,3,64_61,2023-06-16,pseudo_season_matched,6,SW_monsoon,27.28777,50.92126,21.30863,2.25615,5.21351,1.16949,0.06752,1.04743,14.56299,27.15081,,,,,12.496640680391431,False,2.0,3.01991,6.8732635249794205,80.70568715307606
3546,0,random_negative,none,4,66_62,2021-10-06,pseudo_season_matched,10,inter_monsoon_2,28.26527,47.97005,23.11727,2.25218,5.24304,1.14424,0.07361,1.16403,14.85143,28.64506,,,,,20.47663567428779,False,1.0,2.01151,6.877998681540751,80.77977982411
2873,0,random_negative,none,1,63_59,2021-11-01,pseudo_season_matched,11,inter_monsoon_2,25.11099,54.23114,19.48551,2.28151,5.19113,1.19748,0.06588,3.1275,13.95895,26.34426,,,,,11.111272990593399,False,2.0,3.02726,6.812982415216251,80.69854531650375
2335,0,random_negative,none,3,71_69,2021-11-23,pseudo_season_matched,11,inter_monsoon_2,17.79936,61.52478,18.32832,2.17611,5.53329,1.2264,0.06229,17.17769,15.73056,33.68459,,,,,43.147586959695346,False,2.0,8.06224,7.06548520210129,80.91375126657738
5255,0,random_negative,none,4,65_72,2016-11-30,pseudo_season_matched,11,inter_monsoon_2,23.06815,56.78013,18.69754,1.51566,5.51831,1.26583,0.0553,5.7516,14.22265,27.34209,,,,,39.83228083561113,False,1.0,5.03281,7.163521928555512,80.74358968247887
1565,0,random_negative,none,0,61_61,2021-12-01,pseudo_season_matched,12,NE_monsoon,23.9679,56.98596,17.97549,2.21081,5.23094,1.2176,0.06091,2.12764,14.54553,23.71413,2.1,14.79999999999997,60.30000000000002,307.2,5.131334357027243,True,1.0,1.22726,6.8612593403055255,80.63684311894569
2647,0,random_negative,none,3,67_61,2022-05-29,pseudo_season_matched,5,SW_monsoon,26.68704,49.19637,23.29156,2.20981,5.25918,1.16536,0.07684,0.33068,14.69006,26.24286,,,,,21.500810971694982,False,2.0,1.17238,6.859270929112836,80.79281453548403
4181,0,random_negative,none,3,67_61,2021-11-17,pseudo_season_matched,11,inter_monsoon_2,26.36742,49.53296,23.18094,2.20782,5.2619,1.16618,0.07719,0.6339,14.69038,26.22405,,,,,22.357160534917085,False,1.0,1.43206,6.857494919274554,80.80085852190898
2465,0,random_negative,none,3,64_67,2021-11-28,pseudo_season_matched,11,inter_monsoon_2,24.68787,53.7186,20.68452,2.17958,5.28637,1.19809,0.06429,4.7451,15.30615,28.42119,,,,,26.207061055055846,False,2.0,1.85353,7.036708055982677,80.72134236992547
3485,0,random_negative,none,3,66_63,2022-12-18,pseudo_season_matched,12,NE_monsoon,29.17242,46.98114,23.44832,2.25853,5.27924,1.14232,0.07131,1.23167,15.34138,29.71526,,,,,19.931401636650577,False,1.0,4.41748,6.91504807050356,80.76064145897745
3906,0,random_negative,none,4,65_65,2021-11-28,pseudo_season_matched,11,inter_monsoon_2,27.211,50.04,21.94042,2.34125,5.28859,1.14312,0.07021,3.23417,15.79151,29.41936,,,,,22.420796930366624,False,1.0,1.86035,6.9695308633645405,80.75007564246484
5059,0,random_negative,none,4,65_70,2021-11-20,pseudo_season_matched,11,inter_monsoon_2,24.4737,53.97924,20.08068,2.10121,5.35739,1.22234,0.06119,6.51136,14.57799,29.31813,,,,,32.25437550127876,False,2.0,2.15537,7.093442370676144,80.73162516397926
2123,0,random_negative,none,4,66_62,2020-10-12,pseudo_season_matched,10,inter_monsoon_2,28.12186,48.3739,22.9326,2.28025,5.27039,1.14265,0.07254,0.8903,15.33718,28.14274,,,,,18.35559899081238,False,2.0,3.32288,6.8784080048906775,80.7598014735673
1961,0,random_negative,none,0,61_65,2021-09-30,pseudo_season_matched,9,SW_monsoon,21.86887,59.99451,17.34843,2.31584,5.20016,1.1836,0.0634,1.36333,14.33348,21.91786,,,,,16.186347529245257,False,2.0,2.89016,6.977738208053816,80.62213218607052
4869,0,random_negative,none,2,59_62,2021-07-02,pseudo_season_matched,7,SW_monsoon,21.58337,61.54567,15.67729,2.23646,5.07149,1.24145,0.06196,2.37843,14.12471,21.65473,0.0,6.699999999999972,15.700000000000028,289.70000000000005,5.962678723847814,True,,1.16358,6.885764610749782,80.58880832977128
5165,0,random_negative,none,3,64_61,2022-08-01,pseudo_season_matched,8,SW_monsoon,26.68887,51.97011,20.73022,2.25249,5.21458,1.17565,0.06661,1.3081,14.56,26.60463,,,,,11.729982561952028,False,2.0,2.01267,6.857336795831883,80.70333404336867
2652,0,random_negative,none,3,68_62,2021-11-16,pseudo_season_matched,11,inter_monsoon_2,26.21155,49.98166,22.76112,2.19337,5.2657,1.16857,0.07662,2.09019,14.69276,27.48192,,,,,24.17944563434479,False,1.0,1.72115,6.875933523836178,80.81458802634734
5488,0,random_negative,none,3,60_66,2021-11-17,pseudo_season_matched,11,inter_monsoon_2,19.85871,63.17258,15.94613,2.26295,5.22405,1.20914,0.0628,1.40236,14.32354,19.93552,,,,,18.734679052238985,False,2.0,1.56741,7.00237700496272,80.59439257564168
2467,0,random_negative,none,2,63_58,2022-08-18,pseudo_season_matched,8,SW_monsoon,23.74994,56.72782,17.92801,2.25388,5.22945,1.25079,0.06181,4.63705,13.95057,26.01407,,,,,11.63247580144953,False,2.0,2.47764,6.766839026630568,80.68185984656655
1967,0,random_negative,none,0,61_57,2021-08-21,pseudo_season_matched,8,SW_monsoon,22.5221,59.84136,15.87051,2.45076,5.18901,1.26989,0.05748,5.07268,13.68406,24.20092,1.0,0.9999999999999787,6.100000000000028,223.60000000000002,8.199516678794087,True,1.0,3.07627,6.762772205986665,80.62387376384662
