sample_id,label,source,failure_group,in_study_area,split,near_footprint_500m,fold,block_id,occ_date,month,season,soil_clay_0_30,soil_sand_0_30,soil_silt_0_30,soil_oc_0_30,soil_ph_0_30,soil_bd_0_30,soil_awc_0_30,soil_clay_gradient,soil_cec_0_30,soil_clay_60_100,bench_lhmp_class,diag_nearest_gauge_km,meta_lat,meta_lon
0,1,incident_cutting,cutting,FALSE,cv,FALSE,4,66_70,,,,23.99696,53.11716,20.90986,2.11253,5.33985,1.22577,0.06172,9.25907,15.30557,30.97781,2,0.70095,7.098072005,80.75604503
1,1,incident_cutting,cutting,FALSE,cv,FALSE,4,65_70,,,,23.84051,54.35036,20.01871,1.51113,5.3945,1.25873,0.05892,8.00685,14.15983,29.81838,3,1.07428,7.109057005,80.74648203
2,1,incident_cutting,cutting,FALSE,cv,FALSE,4,66_70,,,,23.99696,53.11716,20.90986,2.11253,5.33985,1.22577,0.06172,9.25907,15.30557,30.97781,2,0.6356,7.099661005,80.75574403
3,1,incident_cutting,cutting,FALSE,cv,FALSE,4,65_70,,,,23.99696,53.11716,20.90986,2.11253,5.33985,1.22577,0.06172,9.25907,15.30557,30.97781,2,0.39824,7.098072005,80.75304503
4,1,incident_cutting,cutting,FALSE,cv,FALSE,3,67_72,,,,22.30682,57.88093,18.38064,1.51489,5.55341,1.28142,0.05545,7.89976,14.52311,28.72892,1,5.44532,7.151015505,80.79085713
5,1,incident_cutting,cutting,FALSE,cv,FALSE,4,65_65,,,,26.73848,50.65952,21.68395,2.32819,5.29774,1.14896,0.06968,3.71662,15.79075,29.35907,2,2.18474,6.977065005,80.74985393
6,1,incident_cutting,cutting,FALSE,cv,FALSE,2,64_62,,,,28.20422,49.43531,22.07727,2.25526,5.21437,1.16299,0.06825,0.7582,14.56685,28.05312,1,4.51347,6.890737005,80.72254403
7,1,incident_cutting,cutting,FALSE,cv,FALSE,3,65_66,,,,25.90272,51.73974,21.23204,2.30208,5.31695,1.16079,0.06869,4.58613,15.78921,29.25217,1,2.83402,6.993532005,80.74821703
8,1,incident_cutting,cutting,TRUE,cv,FALSE,1,70_68,,,,18.935,59.17779,19.45601,2.13647,5.47946,1.19591,0.0645,17.60239,15.39197,35.16771,2,2.01075,7.038090005,80.86630003
9,1,incident_cutting,cutting,FALSE,cv,FALSE,4,66_70,,,,23.99696,53.11716,20.90986,2.11253,5.33985,1.22577,0.06172,9.25907,15.30557,30.97781,2,0.6356,7.099661005,80.75574403
10,1,incident_cutting,cutting,FALSE,cv,FALSE,2,64_62,,,,28.20422,49.43531,22.07727,2.25526,5.21437,1.16299,0.06825,0.7582,14.56685,28.05312,1,4.51347,6.890737005,80.72254403
11,1,incident_cutting,cutting,FALSE,cv,FALSE,1,65_62,,,,28.43413,48.41606,22.7181,2.26628,5.27667,1.14763,0.07061,0.94969,15.336,28.48722,2,4.60603,6.889524005,80.73684503
12,1,incident_cutting,cutting,FALSE,cv,FALSE,2,64_62,,,,28.77503,48.18956,22.7335,2.25649,5.28174,1.15004,0.0695,0.89282,15.33587,28.81794,1,4.64878,6.895791005,80.72445203
13,1,incident_cutting,cutting,FALSE,cv,FALSE,3,65_66,,,,25.90272,51.73974,21.23204,2.30208,5.31695,1.16079,0.06869,4.58613,15.78921,29.25217,1,2.83402,6.993532005,80.74821703
14,1,incident_cutting,cutting,TRUE,cv,FALSE,4,63_67,,,,25.22227,54.07939,19.67703,2.21092,5.32195,1.18887,0.06554,3.28557,14.69212,27.05575,1,4.30856,7.030550005,80.68245803
15,1,incident_cutting,cutting,FALSE,cv,FALSE,4,67_70,,,,21.96456,57.07444,19.26019,1.48932,5.51593,1.27792,0.05702,9.61303,14.33592,29.85373,2,4.96618,7.11614226,80.79195458
16,1,incident_cutting,cutting,TRUE,cv,FALSE,2,61_66,,,,24.15234,56.30496,18.65543,2.27063,5.26513,1.1887,0.06664,2.20715,14.61817,24.97054,1,5.08597,7.001066005,80.64278903
17,1,incident_cutting,cutting,FALSE,cv,TRUE,4,67_69,,,,21.75756,56.41631,20.17712,2.08582,5.44384,1.22593,0.06194,10.17566,15.18086,30.4466,3,1.83783,7.070318605,80.80336643
18,1,incident_cutting,cutting,FALSE,cv,FALSE,3,65_66,,,,24.97138,52.76223,21.36053,2.29716,5.28123,1.16673,0.06604,5.02123,15.65208,28.74883,1,3.26256,7.000015405,80.74390853
19,1,incident_cutting,cutting,FALSE,cv,FALSE,2,66_64,,,,27.91366,48.4124,22.92944,2.24188,5.30958,1.13047,0.07306,3.05166,15.60973,30.13716,2,1.19002,6.942647705,80.77213563
20,1,incident_cutting,cutting,FALSE,cv,FALSE,4,67_65,,,,26.55217,50.17258,22.22463,2.30459,5.26265,1.13945,0.07061,5.48296,15.84766,30.96726,1,0.53443,6.967873005,80.78369553
21,1,incident_cutting,cutting,FALSE,cv,FALSE,0,67_64,,,,27.06117,49.23904,22.72717,2.15972,5.29643,1.12593,0.07512,4.13297,15.00636,30.36993,1,1.50632,6.938160005,80.80061453
22,1,incident_cutting,cutting,FALSE,cv,FALSE,4,67_65,,,,26.55217,50.17258,22.22463,2.30459,5.26265,1.13945,0.07061,5.48296,15.84766,30.96726,1,0.53443,6.967873005,80.78369553
23,1,incident_cutting,cutting,FALSE,cv,FALSE,3,65_66,,,,24.97138,52.76223,21.36053,2.29716,5.28123,1.16673,0.06604,5.02123,15.65208,28.74883,1,3.26256,7.000015405,80.74390853
24,1,incident_cutting,cutting,FALSE,cv,FALSE,2,66_64,,,,27.91366,48.4124,22.92944,2.24188,5.30958,1.13047,0.07306,3.05166,15.60973,30.13716,2,1.19002,6.942647705,80.77213563
25,1,incident_cutting,cutting,FALSE,cv,FALSE,0,67_64,,,,27.06117,49.23904,22.72717,2.15972,5.29643,1.12593,0.07512,4.13297,15.00636,30.36993,1,1.50632,6.938160005,80.80061453
26,1,incident_cutting,cutting,FALSE,cv,FALSE,1,68_66,,,,23.16341,54.17563,20.99185,2.13715,5.37407,1.16522,0.06867,10.25481,15.38009,32.35806,2,2.63177,6.993731005,80.81819303
27,1,incident_cutting,cutting,FALSE,cv,TRUE,4,66_69,,,,23.58312,53.86381,20.85088,2.14274,5.30717,1.21159,0.0629,9.23868,15.31111,31.0002,4,3.77546,7.082207005,80.77917003
28,1,incident_cutting,cutting,FALSE,cv,FALSE,4,64_64,,,,29.0589,48.18431,22.4852,2.26966,5.28009,1.16106,0.06648,1.73758,15.45195,30.00779,3,1.70055,6.932980805,80.71509753
29,1,incident_cutting,cutting,FALSE,cv,FALSE,4,65_63,,,,28.90101,47.55399,23.15212,2.25429,5.28223,1.14495,0.07057,1.31718,15.34021,29.47151,2,5.09553,6.914744005,80.75030773
30,1,incident_cutting,cutting,TRUE,cv,FALSE,0,58_68,,,,22.67658,59.8658,16.50526,1.59633,5.29489,1.28226,0.06175,0.70977,12.99082,22.09113,2,3.21588,7.058036905,80.56091883
31,1,incident_cutting,cutting,TRUE,cv,FALSE,1,62_67,,,,24.64539,55.44311,18.87262,2.24333,5.27837,1.1987,0.06666,2.71819,14.61729,25.92223,1,5.67272,7.033161605,80.64905643
32,1,incident_cutting,cutting,FALSE,cv,FALSE,1,65_71,,,,23.70821,55.42167,19.40175,1.525,5.47023,1.26106,0.05702,6.14666,14.2202,28.28372,2,2.22241,7.137122578,80.73270628
33,1,incident_cutting,cutting,FALSE,cv,FALSE,1,65_71,,,,23.70821,55.42167,19.40175,1.525,5.47023,1.26106,0.05702,6.14666,14.2202,28.28372,2,2.16952,7.137641292,80.73190799
34,1,incident_cutting,cutting,FALSE,cv,FALSE,1,65_71,,,,23.70821,55.42167,19.40175,1.525,5.47023,1.26106,0.05702,6.14666,14.2202,28.28372,2,2.20434,7.137163705,80.73250473
35,1,incident_cutting,cutting,FALSE,cv,FALSE,0,64_72,,,,23.56691,55.82398,19.15741,1.52077,5.48849,1.26355,0.05669,5.69382,14.22002,27.73713,2,2.58792,7.147669105,80.72791703
36,1,incident_cutting,cutting,FALSE,cv,TRUE,4,66_70,,,,23.26308,54.84448,20.00308,1.51113,5.39772,1.25821,0.05821,9.40262,14.16452,30.5572,3,3.44958,7.112743645,80.7785045
37,1,incident_cutting,cutting,FALSE,cv,FALSE,4,67_69,,,,22.01726,56.10996,20.11336,2.05889,5.47251,1.23857,0.06044,9.96214,15.17719,30.23936,3,3.42585,7.089283405,80.79572738
38,1,incident_cutting,cutting,FALSE,cv,FALSE,3,67_72,,,,22.30682,57.88093,18.38064,1.51489,5.55341,1.28142,0.05545,7.89976,14.52311,28.72892,1,5.11321,7.156318938,80.79100803
39,1,incident_cutting,cutting,TRUE,cv,FALSE,0,59_63,,,,21.03981,62.31809,15.4849,2.21426,5.08895,1.24315,0.06108,2.54235,13.40417,21.52606,2,2.3425,6.907193005,80.58993803
40,1,incident_cutting,cutting,TRUE,cv,FALSE,3,60_60,,,,23.01688,59.1593,16.2429,2.28019,5.08971,1.23844,0.06155,3.81672,13.42999,23.4673,,3.73984,6.845037005,80.60706103
41,1,incident_cutting,cutting,TRUE,cv,FALSE,0,59_63,,,,19.41821,64.85621,14.45646,2.19008,5.09355,1.25403,0.06049,2.71946,13.3976,20.15159,2,1.5148,6.913689005,80.57051103
42,1,incident_cutting,cutting,TRUE,cv,FALSE,0,59_68,,,,23.78581,57.41691,17.89268,1.49587,5.41135,1.27055,0.0661,0.3064,13.45222,22.70608,3,2.65072,7.059299005,80.59209803
43,1,incident_cutting,cutting,TRUE,cv,FALSE,2,61_66,,,,23.18124,57.91937,17.91698,2.24584,5.2809,1.1992,0.06661,2.02911,14.61286,23.78494,2,3.95005,7.007663005,80.62878003
44,1,incident_cutting,cutting,TRUE,cv,FALSE,3,61_68,,,,24.20663,56.33922,18.38654,2.22019,5.29139,1.20942,0.06683,2.30862,14.61225,25.07158,2,6.02221,7.040869005,80.63208603
45,1,incident_cutting,cutting,FALSE,cv,FALSE,3,65_66,,,,25.05182,52.82238,21.2727,2.29407,5.28777,1.171,0.06565,4.59461,15.65053,28.41171,1,3.22872,7.001006905,80.74219573
46,1,incident_cutting,cutting,TRUE,cv,FALSE,3,54_64,,,,20.27246,64.61993,13.6622,2.02614,5.0702,1.26481,0.05926,3.54971,12.654,22.17145,2,3.89474,6.954726005,80.44545103
47,1,incident_cutting,cutting,TRUE,cv,FALSE,0,59_60,,,,21.6308,61.50778,15.18799,2.20461,5.05972,1.25115,0.06189,3.65465,13.29903,21.66743,2,1.2135,6.846179405,80.57829173
48,1,incident_cutting,cutting,TRUE,cv,FALSE,0,59_60,,,,21.6308,61.50778,15.18799,2.20461,5.05972,1.25115,0.06189,3.65465,13.29903,21.66743,2,1.17128,6.845077005,80.57939353
49,1,incident_cutting,cutting,FALSE,cv,FALSE,0,63_62,,,,27.72595,50.78648,21.21138,2.24148,5.21649,1.17547,0.0655,0.75341,14.56012,27.32345,2,4.55415,6.883603905,80.69105113
50,1,incident_cutting,cutting,FALSE,cv,FALSE,2,66_64,,,,27.91366,48.4124,22.92944,2.24188,5.30958,1.13047,0.07306,3.05166,15.60973,30.13716,1,0.69291,6.948162005,80.77400503
51,1,incident_cutting,cutting,FALSE,cv,FALSE,4,62_64,,,,28.00367,51.11077,20.91267,2.29876,5.18133,1.18221,0.0638,0.11427,15.40485,27.29208,1,0.71563,6.929573005,80.66646203
52,1,incident_cutting,cutting,TRUE,cv,FALSE,2,69_67,,,,20.52753,57.57856,19.80143,2.15013,5.45687,1.19002,0.06496,13.91472,15.39088,33.12336,2,0.88611,7.028838741,80.84206403
53,1,incident_cutting,cutting,TRUE,cv,FALSE,3,71_69,,,,18.59488,60.57418,18.6324,2.17115,5.5256,1.225,0.0617,16.05942,15.73107,33.3261,4,6.70084,7.077901405,80.89291312
54,1,incident_cutting,cutting,TRUE,cv,FALSE,2,70_67,,,,18.22246,59.42658,19.66469,2.14712,5.46718,1.19047,0.0655,20.38507,15.3944,37.21996,1,3.34121,7.026593725,80.88005025
55,1,incident_cutting,cutting,TRUE,cv,FALSE,3,70_66,,,,19.42849,58.08323,20.02096,2.18293,5.42612,1.17551,0.06783,17.45563,15.39727,35.61278,2,3.33679,7.007333005,80.8699364
56,1,incident_cutting,cutting,FALSE,cv,FALSE,1,65_71,,,,23.70821,55.42167,19.40175,1.525,5.47023,1.26106,0.05702,6.14666,14.2202,28.28372,2,2.16952,7.137641292,80.73190799
57,1,incident_cutting,cutting,FALSE,cv,FALSE,1,65_71,,,,23.35209,55.86067,19.26493,1.52365,5.47989,1.26125,0.05613,6.79757,14.22297,28.53297,3,3.6705,7.141808271,80.74497703
58,1,incident_cutting,cutting,FALSE,cv,FALSE,1,65_71,,,,23.70821,55.42167,19.40175,1.525,5.47023,1.26106,0.05702,6.14666,14.2202,28.28372,2,2.20434,7.137163705,80.73250473
59,1,incident_cutting,cutting,FALSE,cv,FALSE,1,65_71,,,,23.70821,55.42167,19.40175,1.525,5.47023,1.26106,0.05702,6.14666,14.2202,28.28372,2,2.22241,7.137122578,80.73270628
60,1,incident_cutting,cutting,FALSE,cv,FALSE,4,65_63,,,,28.8348,47.85898,22.96183,2.24984,5.28537,1.14766,0.0698,1.26927,15.33901,29.33163,2,4.65593,6.916167005,80.73979503
61,1,incident_cutting,cutting,FALSE,cv,FALSE,4,64_63,,,,30.15616,47.01314,22.90089,2.28072,5.27331,1.15588,0.06619,0.64431,15.45023,30.1469,1,1.81468,6.914815005,80.70622693
62,1,incident_cutting,cutting,FALSE,cv,FALSE,2,66_60,,,,26.39808,49.8037,22.93771,2.24491,5.22159,1.17052,0.07577,0.38369,14.09082,25.8427,2,3.13957,6.837591005,80.77555003
63,1,incident_cutting,cutting,FALSE,cv,FALSE,4,65_61,,,,26.64325,50.80131,21.79983,2.28397,5.21319,1.15912,0.07165,1.0225,14.56796,26.57007,3,0.56592,6.854769005,80.74814203
64,1,incident_cutting,cutting,FALSE,cv,FALSE,0,67_64,,,,29.74675,45.71689,24.17025,2.14988,5.28554,1.14571,0.07472,1.10355,15.03181,30.37457,1,2.1986,6.931648005,80.78765503
65,1,incident_cutting,cutting,FALSE,cv,FALSE,4,62_64,,,,28.00367,51.11077,20.91267,2.29876,5.18133,1.18221,0.0638,0.11427,15.40485,27.29208,1,0.71563,6.929573005,80.66646203
66,1,incident_cutting,cutting,FALSE,cv,FALSE,2,66_64,,,,27.91366,48.4124,22.92944,2.24188,5.30958,1.13047,0.07306,3.05166,15.60973,30.13716,1,0.69291,6.948162005,80.77400503
67,1,incident_cutting,cutting,FALSE,cv,FALSE,1,66_65,,,,27.01344,49.96761,22.06689,2.34736,5.28097,1.13985,0.07132,3.97068,15.79455,29.95306,2,0.58823,6.963012805,80.76279763
68,1,incident_cutting,cutting,FALSE,cv,FALSE,4,64_63,,,,29.20984,47.84135,22.81355,2.24629,5.28791,1.15277,0.0684,0.73247,15.33566,29.17385,1,3.20708,6.907369005,80.71815003
69,1,incident_cutting,cutting,FALSE,cv,FALSE,1,66_65,,,,25.83836,51.24469,21.75042,2.27499,5.28258,1.15016,0.06886,6.19597,15.84481,30.82228,1,0.73543,6.980027005,80.77665603
70,1,incident_cutting,cutting,FALSE,cv,FALSE,2,65_64,,,,27.98453,48.83812,22.60254,2.23355,5.31762,1.13696,0.07139,2.29726,15.60587,29.40978,2,3.02303,6.945282205,80.74962233
71,1,incident_cutting,cutting,FALSE,cv,FALSE,3,65_66,,,,25.05182,52.82238,21.2727,2.29407,5.28777,1.171,0.06565,4.59461,15.65053,28.41171,1,2.63019,7.004732405,80.73825463
72,1,incident_cutting,cutting,FALSE,cv,FALSE,3,65_66,,,,24.97138,52.76223,21.36053,2.29716,5.28123,1.16673,0.06604,5.02123,15.65208,28.74883,1,3.13963,6.998339005,80.74511203
73,1,incident_cutting,cutting,FALSE,cv,FALSE,0,63_62,,,,27.72595,50.78648,21.21138,2.24148,5.21649,1.17547,0.0655,0.75341,14.56012,27.32345,2,4.55415,6.883603905,80.69105113
74,1,incident_cutting,cutting,FALSE,cv,FALSE,4,65_63,,,,28.90101,47.55399,23.15212,2.25429,5.28223,1.14495,0.07057,1.31718,15.34021,29.47151,2,4.86984,6.918196605,80.74951543
75,1,incident_cutting,cutting,FALSE,cv,FALSE,4,64_64,,,,27.84759,49.75966,21.9133,2.34192,5.29422,1.13728,0.06884,1.88437,15.78758,28.79405,2,3.51498,6.954496665,80.72027085
76,1,incident_cutting,cutting,FALSE,cv,FALSE,3,67_72,,,,22.30682,57.88093,18.38064,1.51489,5.55341,1.28142,0.05545,7.89976,14.52311,28.72892,1,5.11321,7.156318938,80.79100803
77,1,incident_cutting,cutting,FALSE,cv,TRUE,4,67_70,,,,22.34728,56.3882,19.48621,1.48829,5.51044,1.27861,0.05727,9.46538,14.33497,29.94818,3,4.41399,7.113456683,80.7876209
78,1,incident_cutting,cutting,FALSE,cv,TRUE,4,66_70,,,,23.26308,54.84448,20.00308,1.51113,5.39772,1.25821,0.05821,9.40262,14.16452,30.5572,3,3.44958,7.112743645,80.7785045
79,1,incident_cutting,cutting,TRUE,cv,FALSE,0,59_60,,,,22.43938,60.34299,15.35146,2.27098,5.0889,1.24842,0.06057,4.18912,13.42483,22.58157,3,1.63227,6.828322505,80.58569743
80,1,incident_cutting,cutting,TRUE,cv,FALSE,1,56_67,,,,19.371,65.44316,13.84134,1.563,5.21907,1.29479,0.06123,3.16026,12.12759,21.02589,1,1.79696,7.012091005,80.49225103
81,1,incident_cutting,cutting,TRUE,cv,FALSE,0,59_60,,,,21.6308,61.50778,15.18799,2.20461,5.05972,1.25115,0.06189,3.65465,13.29903,21.66743,2,1.2135,6.846179405,80.57829173
82,1,incident_cutting,cutting,TRUE,cv,FALSE,0,59_60,,,,21.6308,61.50778,15.18799,2.20461,5.05972,1.25115,0.06189,3.65465,13.29903,21.66743,2,1.17128,6.845077005,80.57939353
83,1,incident_cutting,cutting,TRUE,cv,FALSE,0,59_63,,,,21.03981,62.31809,15.4849,2.21426,5.08895,1.24315,0.06108,2.54235,13.40417,21.52606,2,2.3425,6.907193005,80.58993803
84,1,incident_cutting,cutting,TRUE,cv,FALSE,1,56_67,,,,19.75683,64.74328,14.33564,2.13463,5.15926,1.268,0.06458,1.64977,12.79054,19.9852,1,3.24353,7.012447005,80.50738203
85,1,incident_cutting,cutting,TRUE,cv,FALSE,3,54_64,,,,20.20901,64.57831,13.77855,2.03141,5.07949,1.26276,0.0595,3.37971,12.65533,21.91496,2,3.51307,6.951349005,80.45626403
86,1,incident_cutting,cutting,TRUE,cv,FALSE,0,55_66,,,,20.38757,63.65615,14.55906,1.48841,5.16772,1.3064,0.06023,3.56037,12.30014,22.41836,2,0.846,6.999911405,80.47276743
87,1,incident_cutting,cutting,TRUE,cv,FALSE,3,54_66,,,,20.27642,64.13594,14.15052,1.49434,5.13776,1.27099,0.0589,3.9931,12.29797,22.68633,,1.92986,6.983517305,80.45289223
88,1,incident_cutting,cutting,FALSE,cv,FALSE,1,66_65,,,,26.20026,51.19955,21.50544,2.31801,5.30299,1.1531,0.0697,4.58771,15.79154,29.61359,2,1.32442,6.979698005,80.75801703
89,1,incident_cutting,cutting,FALSE,cv,FALSE,4,67_65,,,,25.31296,51.53587,21.78987,2.29287,5.26641,1.14188,0.07054,7.4614,15.84981,31.58435,2,1.01357,6.974164885,80.8005945
90,1,incident_cutting,cutting,TRUE,cv,FALSE,1,62_67,,,,25.2366,54.24916,19.64559,2.23104,5.30944,1.18197,0.06556,2.73059,14.69228,26.5901,2,5.79973,7.012070215,80.66810842
91,1,incident_cutting,cutting,TRUE,cv,FALSE,1,61_69,,,,24.09091,55.99996,18.96648,1.49534,5.36692,1.24741,0.06483,2.53363,14.2179,25.70058,2,3.71571,7.070136105,80.63458203
92,1,incident_cutting,cutting,TRUE,cv,FALSE,0,59_68,,,,23.78581,57.41691,17.89268,1.49587,5.41135,1.27055,0.0661,0.3064,13.45222,22.70608,3,2.65072,7.059299005,80.59209803
93,1,incident_cutting,cutting,TRUE,cv,FALSE,2,61_66,,,,23.18124,57.91937,17.91698,2.24584,5.2809,1.1992,0.06661,2.02911,14.61286,23.78494,2,3.95005,7.007663005,80.62878003
94,1,incident_cutting,cutting,TRUE,cv,FALSE,4,62_69,,,,24.45845,55.30863,19.17138,1.49063,5.38533,1.24886,0.06476,2.88488,14.22084,26.30622,1,1.82416,7.083520005,80.64927003
95,1,incident_cutting,cutting,FALSE,cv,FALSE,4,62_64,,,,27.27088,52.11171,20.62275,2.27821,5.13289,1.18045,0.06417,0.2205,15.04669,26.66853,1,0.58684,6.933963005,80.66353203
96,1,incident_cutting,cutting,FALSE,cv,FALSE,3,65_66,,,,25.05182,52.82238,21.2727,2.29407,5.28777,1.171,0.06565,4.59461,15.65053,28.41171,1,3.22872,7.001006905,80.74219573
97,1,incident_cutting,cutting,FALSE,cv,FALSE,1,60_63,,,,21.20968,61.89845,15.84244,2.21417,5.09602,1.23914,0.06153,2.32927,13.40619,21.68081,2,1.78858,6.915221005,80.59841003
98,1,incident_cutting,cutting,FALSE,cv,FALSE,2,66_64,,,,27.91366,48.4124,22.92944,2.24188,5.30958,1.13047,0.07306,3.05166,15.60973,30.13716,2,0.70587,6.948491605,80.77379283
99,1,incident_cutting,cutting,FALSE,cv,FALSE,2,65_64,,,,27.98884,48.649,22.73204,2.23687,5.31436,1.13513,0.07199,2.51712,15.60719,29.64813,2,2.5417,6.947145005,80.75452403
100,1,incident_cutting,cutting,FALSE,cv,FALSE,1,66_65,,,,26.29562,50.65081,21.98572,2.28885,5.27388,1.14436,0.06954,5.60988,15.84553,30.77012,2,0.83713,6.977014905,80.77800822
101,1,incident_cutting,cutting,FALSE,cv,FALSE,1,66_65,,,,27.01344,49.96761,22.06689,2.34736,5.28097,1.13985,0.07132,3.97068,15.79455,29.95306,2,0.63559,6.963083815,80.76216875
102,1,incident_cutting,cutting,TRUE,cv,FALSE,0,58_68,,,,22.11275,60.69628,16.22204,1.60028,5.29247,1.28129,0.06105,0.81228,12.99045,21.60677,4,2.79688,7.053530005,80.55928503
103,1,incident_cutting,cutting,TRUE,cv,FALSE,4,61_67,,,,23.664,57.22579,18.06889,2.22479,5.2897,1.20876,0.06683,2.10143,14.61111,24.32909,2,5.24557,7.031569005,80.62808703
104,1,incident_cutting,cutting,TRUE,cv,FALSE,3,61_68,,,,24.20663,56.33922,18.38654,2.22019,5.29139,1.20942,0.06683,2.30862,14.61225,25.07158,2,6.02221,7.040869005,80.63208603
105,1,incident_cutting,cutting,FALSE,cv,FALSE,0,67_64,,,,29.74675,45.71689,24.17025,2.14988,5.28554,1.14571,0.07472,1.10355,15.03181,30.37457,1,2.1986,6.931648005,80.78765503
106,1,incident_cutting,cutting,TRUE,cv,FALSE,4,62_69,,,,24.37349,55.2659,19.28571,1.49757,5.37617,1.2439,0.06427,3.29207,14.22292,26.60687,2,0.51134,7.076794745,80.66666353
107,1,incident_cutting,cutting,TRUE,cv,FALSE,4,62_69,,,,24.68674,54.92613,19.32407,2.07121,5.31354,1.21078,0.06745,2.65051,14.58241,26.25882,2,0.86368,7.072202005,80.67044003
108,1,incident_cutting,cutting,TRUE,cv,FALSE,4,61_67,,,,23.18124,57.91937,17.91698,2.24584,5.2809,1.1992,0.06661,2.02911,14.61286,23.78494,3,4.31146,7.015970005,80.62640303
109,1,incident_cutting,cutting,TRUE,cv,FALSE,4,61_67,,,,23.18124,57.91937,17.91698,2.24584,5.2809,1.1992,0.06661,2.02911,14.61286,23.78494,3,4.46249,7.016578005,80.62771403
110,1,incident_cutting,cutting,FALSE,cv,FALSE,4,64_63,,,,28.94078,47.961,22.83929,2.25119,5.2846,1.1499,0.06925,0.95395,15.33687,29.10022,1,4.2252,6.904233005,80.72823303
111,1,incident_cutting,cutting,TRUE,cv,FALSE,1,62_67,,,,24.93742,54.888,19.07345,2.23801,5.28136,1.20004,0.0666,3.06118,14.61837,26.52714,2,5.03133,7.035860005,80.65895203
112,1,incident_cutting,cutting,FALSE,cv,FALSE,4,65_72,11/29/2019,11,inter_monsoon_2,23.30955,56.28362,18.94079,1.51808,5.50357,1.26476,0.05602,5.72606,14.22137,27.52154,2,4.25539,7.15704917,80.74032853
113,1,incident_cutting,cutting,FALSE,cv,FALSE,3,64_71,,,,23.94448,55.414,19.28752,1.52255,5.4765,1.26328,0.05759,5.13648,14.21709,27.64363,3,0.54395,7.133342105,80.71412455
114,1,incident_cutting,cutting,TRUE,cv,TRUE,1,70_68,,,,20.24214,57.86399,19.70049,2.21124,5.45433,1.2023,0.06343,15.77016,16.04201,34.67698,2,4.25238,7.059806905,80.87432003
115,1,incident_cutting,cutting,TRUE,cv,TRUE,4,67_70,,,,21.54209,56.98032,19.75985,2.04901,5.49355,1.24283,0.05964,10.07931,15.17687,29.9697,4,3.31641,7.094966605,80.80336603
116,1,incident_cutting,cutting,TRUE,cv,FALSE,0,59_63,,,,21.41122,61.5727,15.98941,2.22945,5.0841,1.23791,0.06248,2.05617,14.12648,21.55467,2,2.65775,6.909254315,80.59219591
117,1,incident_cutting,cutting,TRUE,cv,FALSE,0,56_65,,,,18.69336,66.58526,13.47249,2.17919,5.12207,1.24163,0.06225,2.13308,12.79053,19.1252,2,2.06484,6.958703005,80.50346703
118,1,incident_cutting,cutting,TRUE,cv,FALSE,4,55_64,,,,20.10199,64.65062,13.81913,2.05288,5.07752,1.25457,0.0592,3.23639,12.65786,21.54708,2,3.11933,6.934072005,80.46866003
119,1,incident_cutting,cutting,TRUE,cv,FALSE,4,67_65,,,,26.06553,50.48616,22.22519,2.23094,5.31431,1.13463,0.07373,5.53127,15.6133,30.59453,1,1.02076,6.958703005,80.80501921
120,1,incident_cutting,cutting,TRUE,cv,FALSE,4,58_61,,,,21.07797,62.74205,14.71538,2.22912,5.05324,1.25402,0.06071,2.97094,14.11771,21.28484,3,1.03254,6.873760005,80.56144803
121,1,incident_cutting,cutting,TRUE,cv,FALSE,1,55_63,,,,20.08281,64.56347,13.92941,2.06682,5.08113,1.24908,0.05929,3.09821,12.65993,21.30338,2,2.3847,6.926247005,80.47198403
122,1,incident_cutting,cutting,TRUE,cv,FALSE,0,56_65,,,,18.69336,66.58526,13.47249,2.17919,5.12207,1.24163,0.06225,2.13308,12.79053,19.1252,2,2.06484,6.958703005,80.50346703
123,1,incident_cutting,cutting,TRUE,cv,FALSE,1,56_67,,,,19.371,65.44316,13.84134,1.563,5.21907,1.29479,0.06123,3.16026,12.12759,21.02589,1,1.75248,7.012408911,80.49137553
124,1,incident_cutting,cutting,TRUE,cv,FALSE,0,59_63,,,,20.49526,63.22896,15.04664,2.2062,5.08802,1.24807,0.06073,2.67719,13.40134,21.07138,2,0.93716,6.906205435,80.57577573
125,1,incident_cutting,cutting,FALSE,cv,FALSE,4,67_65,,,,25.31296,51.53587,21.78987,2.29287,5.26641,1.14188,0.07054,7.4614,15.84981,31.58435,2,1.67983,6.978680005,80.80752303
126,1,incident_cutting,cutting,TRUE,cv,FALSE,0,55_66,,,,20.31947,63.90936,14.35242,1.49138,5.15296,1.27155,0.05956,3.78202,12.29904,22.54275,2,1.89152,6.994091005,80.46029503
127,1,incident_cutting,cutting,TRUE,cv,FALSE,2,68_71,,,,22.0391,57.1759,19.30158,2.11766,5.47512,1.24376,0.05889,9.39915,15.66938,29.99444,,5.96879,7.123746105,80.81501259
128,1,incident_cutting,cutting,TRUE,cv,FALSE,2,69_66,,,,20.40003,57.38933,20.02796,2.17392,5.43256,1.17929,0.06677,14.79402,15.39441,33.94045,1,2.3239,7.009607005,80.85508103
129,1,incident_cutting,cutting,TRUE,cv,FALSE,0,68_70,,,,20.61907,58.77382,19.02855,2.03059,5.53828,1.2513,0.05786,10.09894,15.17596,29.27549,2,5.05217,7.115556205,80.82653603
130,1,incident_cutting,cutting,FALSE,cv,FALSE,2,66_64,,,,27.66862,48.59351,22.90384,2.2432,5.30847,1.12996,0.07352,3.48018,15.61095,30.31234,1,0.7681,6.943256324,80.78166582
131,1,incident_cutting,cutting,FALSE,cv,FALSE,2,66_64,,,,27.91366,48.4124,22.92944,2.24188,5.30958,1.13047,0.07306,3.05166,15.60973,30.13716,2,0.65588,6.948925196,80.7741625
132,1,incident_cutting,cutting,FALSE,cv,FALSE,4,62_64,,,,26.59725,53.24107,20.06244,2.27888,5.13045,1.18833,0.0635,0.28736,15.04422,25.90013,1,0.05243,6.930089005,80.65046603
133,1,incident_cutting,cutting,FALSE,cv,FALSE,1,63_63,,,,30.02915,48.34631,21.99473,2.32849,5.19074,1.16654,0.06088,-0.02183,15.301,29.4521,1,1.59309,6.927430914,80.67418576
134,1,incident_cutting,cutting,FALSE,cv,FALSE,4,62_64,,,,27.27088,52.11171,20.62275,2.27821,5.13289,1.18045,0.06417,0.2205,15.04669,26.66853,1,0.59424,6.933963005,80.66363203
135,1,incident_cutting,cutting,FALSE,cv,FALSE,3,61_63,,,,25.75612,54.66734,19.16414,2.26604,5.14137,1.19569,0.06396,0.76296,14.78478,25.24354,1,1.91106,6.915827762,80.64010285
136,1,incident_cutting,cutting,TRUE,cv,FALSE,3,71_67,,,,16.17254,60.26237,20.24351,2.17365,5.4211,1.19905,0.06741,27.18223,15.85155,41.90933,2,4.30585,7.013176405,80.90959813
137,1,incident_cutting,cutting,FALSE,cv,FALSE,3,63_64,,,,29.80849,48.18089,22.16662,2.33265,5.19123,1.16913,0.0624,0.66647,15.30552,29.8901,1,1.38104,6.937786335,80.69022831
138,1,incident_cutting,cutting,FALSE,cv,FALSE,3,63_64,,,,29.80849,48.18089,22.16662,2.33265,5.19123,1.16913,0.0624,0.66647,15.30552,29.8901,1,1.38572,6.937572805,80.69000845
139,1,incident_cutting,cutting,FALSE,cv,FALSE,3,61_63,,,,23.79791,57.7951,17.71883,2.25323,5.08011,1.22059,0.0637,1.47327,14.1359,23.63777,3,1.76594,6.904038615,80.62051568
140,1,incident_cutting,cutting,FALSE,cv,FALSE,4,67_66,,,,24.52839,52.53154,21.41568,2.26584,5.28258,1.15263,0.06913,8.68826,15.84848,31.89363,2,1.17938,6.993287005,80.79933003
141,1,incident_cutting,cutting,FALSE,cv,FALSE,3,62_63,,,,26.56259,53.17644,20.0358,2.22366,5.20028,1.19098,0.06431,0.3852,14.77504,25.76528,1,2.65343,6.906458386,80.65535205
142,1,incident_cutting,cutting,FALSE,cv,FALSE,2,69_66,,,,21.81663,55.60557,20.6023,2.12261,5.39248,1.17107,0.06817,12.90454,15.38101,33.55426,1,3.45091,6.999860485,80.8419001
143,1,incident_cutting,cutting,TRUE,cv,FALSE,4,69_71,,,,20.21222,59.17398,18.99965,2.07118,5.53463,1.24706,0.0588,10.83196,15.69993,29.75807,2,5.86949,7.118429048,80.85174793
144,1,incident_cutting,cutting,FALSE,cv,FALSE,0,67_64,,,,27.21895,49.06576,22.75788,2.24358,5.30835,1.12993,0.07393,4.06117,15.61212,30.41022,2,1.02506,6.945258426,80.79229415
145,1,incident_cutting,cutting,TRUE,cv,FALSE,1,71_66,,,,16.95191,59.89619,20.09328,2.02589,5.43509,1.19484,0.06824,23.64122,15.18583,39.21281,1,4.03089,7.005952205,80.89397958
146,1,incident_cutting,cutting,FALSE,cv,FALSE,1,66_65,,,,26.81688,49.96519,22.25775,2.30278,5.26545,1.1386,0.07023,4.96123,15.84624,30.72396,1,0.13886,6.968639605,80.78003723
147,1,incident_cutting,cutting,FALSE,cv,FALSE,3,64_71,,,,23.94448,55.414,19.28752,1.52255,5.4765,1.26328,0.05759,5.13648,14.21709,27.64363,3,0.54395,7.133342105,80.71412455
148,1,incident_cutting,cutting,FALSE,cv,FALSE,3,67_72,,,,22.07476,58.40295,18.11376,1.4736,5.6021,1.28679,0.05371,8.29239,14.13178,28.97662,2,3.20877,7.162215477,80.80774003
149,1,incident_cutting,cutting,FALSE,cv,FALSE,2,67_71,,,,22.90186,56.39347,19.09398,1.52434,5.50772,1.27463,0.05709,8.43175,14.52506,29.63132,2,5.18938,7.131010005,80.78526203
150,1,incident_cutting,cutting,FALSE,cv,FALSE,1,68_72,,,,21.09129,59.32441,18.2034,1.50254,5.58312,1.28764,0.05499,8.78111,14.85678,28.60171,3,3.12925,7.152354005,80.82324403
151,1,incident_cutting,cutting,FALSE,cv,TRUE,4,67_69,,,,22.42737,55.46066,20.37519,2.0696,5.4537,1.23393,0.06115,9.59242,15.1775,30.27143,2,4.151,7.076356005,80.78296603
152,1,incident_cutting,cutting,FALSE,cv,FALSE,2,67_71,,,,22.90186,56.39347,19.09398,1.52434,5.50772,1.27463,0.05709,8.43175,14.52506,29.63132,2,5.15873,7.131516005,80.78443403
153,1,incident_cutting,cutting,FALSE,cv,FALSE,4,66_62,,,,28.80627,47.48202,23.18531,2.24392,5.24349,1.13937,0.07254,1.15515,14.85108,29.20373,4,3.79422,6.886866855,80.76626625
154,1,incident_cutting,cutting,FALSE,cv,FALSE,1,60_65,,,,20.00316,63.22983,15.84678,2.30037,5.13867,1.2074,0.06416,1.75024,13.42697,20.31248,2,3.20083,6.958591005,80.60945003
155,1,incident_cutting,cutting,FALSE,cv,FALSE,4,67_66,,,,24.52839,52.53154,21.41568,2.26584,5.28258,1.15263,0.06913,8.68826,15.84848,31.89363,1,1.65817,6.989614005,80.80162903
156,1,incident_cutting,cutting,FALSE,cv,FALSE,2,67_71,,,,22.90186,56.39347,19.09398,1.52434,5.50772,1.27463,0.05709,8.43175,14.52506,29.63132,2,5.18938,7.131010005,80.78526203
157,1,incident_cutting,cutting,FALSE,cv,FALSE,1,68_72,,,,21.09129,59.32441,18.2034,1.50254,5.58312,1.28764,0.05499,8.78111,14.85678,28.60171,3,3.12925,7.152354005,80.82324403
158,1,incident_cutting,cutting,FALSE,cv,TRUE,4,67_69,,,,22.42737,55.46066,20.37519,2.0696,5.4537,1.23393,0.06115,9.59242,15.1775,30.27143,2,4.151,7.076356005,80.78296603
159,1,incident_cutting,cutting,FALSE,cv,FALSE,2,67_71,,,,22.90186,56.39347,19.09398,1.52434,5.50772,1.27463,0.05709,8.43175,14.52506,29.63132,2,5.15873,7.131516005,80.78443403
160,1,incident_cutting,cutting,FALSE,cv,FALSE,1,60_65,,,,20.00316,63.22983,15.84678,2.30037,5.13867,1.2074,0.06416,1.75024,13.42697,20.31248,2,3.20083,6.958591005,80.60945003
161,1,incident_cutting,cutting,FALSE,cv,FALSE,4,67_65,,,,25.31296,51.53587,21.78987,2.29287,5.26641,1.14188,0.07054,7.4614,15.84981,31.58435,2,1.73821,6.978855005,80.80700203
162,1,incident_cutting,cutting,FALSE,cv,FALSE,4,67_65,,,,25.31296,51.53587,21.78987,2.29287,5.26641,1.14188,0.07054,7.4614,15.84981,31.58435,2,1.67983,6.978680005,80.80752303
163,1,incident_cutting,cutting,TRUE,cv,FALSE,4,67_65,,,,26.06553,50.48616,22.22519,2.23094,5.31431,1.13463,0.07373,5.53127,15.6133,30.59453,1,1.02076,6.958703005,80.80501921
164,1,incident_cutting,cutting,TRUE,cv,FALSE,0,56_65,,,,18.69336,66.58526,13.47249,2.17919,5.12207,1.24163,0.06225,2.13308,12.79053,19.1252,2,2.06484,6.958703005,80.50346703
165,1,incident_cutting,cutting,TRUE,cv,FALSE,0,56_65,,,,18.69336,66.58526,13.47249,2.17919,5.12207,1.24163,0.06225,2.13308,12.79053,19.1252,2,2.06484,6.958703005,80.50346703
166,1,incident_cutting,cutting,TRUE,cv,FALSE,1,55_63,,,,20.08281,64.56347,13.92941,2.06682,5.08113,1.24908,0.05929,3.09821,12.65993,21.30338,2,2.3847,6.926247005,80.47198403
167,1,incident_cutting,cutting,TRUE,cv,FALSE,4,69_71,,,,19.34558,61.11978,18.07371,1.49432,5.61557,1.29892,0.05466,10.7614,14.71069,28.88795,2,5.12514,7.139494005,80.85435103
168,1,incident_cutting,cutting,TRUE,cv,FALSE,1,70_69,,,,19.91806,58.55196,19.36085,2.19822,5.48008,1.20944,0.06233,15.61061,16.03983,34.20533,2,4.83834,7.069427805,80.87701288
169,1,incident_cutting,cutting,TRUE,cv,FALSE,2,69_66,,,,20.40003,57.38933,20.02796,2.17392,5.43256,1.17929,0.06677,14.79402,15.39441,33.94045,1,2.3239,7.009607005,80.85508103
170,1,incident_cutting,cutting,TRUE,cv,FALSE,1,71_66,,,,16.95191,59.89619,20.09328,2.02589,5.43509,1.19484,0.06824,23.64122,15.18583,39.21281,1,3.57337,7.002293605,80.89883693
171,1,incident_cutting,cutting,TRUE,cv,FALSE,0,68_70,,,,20.28277,59.26378,18.89655,2.03228,5.54226,1.25091,0.05776,10.41831,15.1766,29.32341,4,5.2687,7.117598175,80.83212536
172,1,incident_cutting,cutting,TRUE,cv,FALSE,2,68_71,,,,21.69544,57.68391,19.16762,2.11855,5.48222,1.24393,0.05858,9.70356,15.66968,30.0237,2,6.10305,7.125204491,80.82146956
173,1,incident_cutting,cutting,TRUE,cv,FALSE,4,67_69,,,,22.01726,56.10996,20.11336,2.05889,5.47251,1.23857,0.06044,9.96214,15.17719,30.23936,4,3.0207,7.087572605,80.79906421
174,1,incident_cutting,cutting,FALSE,cv,TRUE,4,67_69,,,,21.75756,56.41631,20.17712,2.08582,5.44384,1.22593,0.06194,10.17566,15.18086,30.4466,3,1.38587,7.068331505,80.80756635
175,1,incident_cutting,cutting,FALSE,cv,FALSE,0,67_64,,,,27.06117,49.23904,22.72717,2.15972,5.29643,1.12593,0.07512,4.13297,15.00636,30.36993,2,1.95252,6.934981005,80.80471103
176,1,incident_cutting,cutting,FALSE,cv,FALSE,1,66_65,,,,26.29562,50.65081,21.98572,2.28885,5.27388,1.14436,0.06954,5.60988,15.84553,30.77012,1,0.47933,6.976250027,80.77217592
177,1,incident_cutting,cutting,FALSE,cv,FALSE,4,62_64,,,,27.27088,52.11171,20.62275,2.27821,5.13289,1.18045,0.06417,0.2205,15.04669,26.66853,1,0.45002,6.934068459,80.65990492
178,1,incident_cutting,cutting,FALSE,cv,FALSE,2,66_64,,,,27.66862,48.59351,22.90384,2.2432,5.30847,1.12996,0.07352,3.48018,15.61095,30.31234,1,0.7681,6.943256324,80.78166582
179,1,incident_cutting,cutting,FALSE,cv,FALSE,2,66_60,,,,26.34103,50.28119,22.48283,2.2406,5.2221,1.17357,0.07479,1.00296,14.0898,26.28933,2,2.48751,6.832964755,80.76469892
180,1,incident_cutting,cutting,FALSE,cv,FALSE,1,60_65,,,,20.76651,61.78095,16.66133,2.26064,5.18247,1.19787,0.06418,0.89241,14.13347,20.25937,2,3.29919,6.958026445,80.6152174
181,1,incident_cutting,cutting,FALSE,cv,FALSE,2,67_71,,,,22.11406,57.84557,18.57128,1.52007,5.53902,1.27858,0.05572,8.70524,14.52501,29.31558,1,5.24533,7.142815005,80.80100003
182,1,incident_cutting,cutting,FALSE,cv,FALSE,4,66_71,,,,23.07129,55.59876,19.58225,1.5073,5.41537,1.26063,0.05772,8.65749,14.164,29.81326,2,4.07691,7.124875705,80.77724143
183,1,incident_cutting,cutting,FALSE,cv,FALSE,4,62_64,,,,28.75088,49.98553,21.32482,2.31992,5.19996,1.1688,0.0608,0.69882,15.30076,28.72753,1,1.30487,6.938212405,80.66945526
184,1,incident_cutting,cutting,FALSE,cv,FALSE,0,64_72,,,,23.56691,55.82398,19.15741,1.52077,5.48849,1.26355,0.05669,5.69382,14.22002,27.73713,2,2.58792,7.147669105,80.72791703
185,1,incident_cutting,cutting,TRUE,cv,FALSE,0,56_65,,,,18.69336,66.58526,13.47249,2.17919,5.12207,1.24163,0.06225,2.13308,12.79053,19.1252,2,2.06484,6.958703005,80.50346703
186,1,incident_cutting,cutting,TRUE,cv,FALSE,2,60_61,,,,23.36608,58.38895,17.03335,2.25652,5.17821,1.22431,0.06148,2.63309,14.24282,23.5128,2,1.25682,6.872763705,80.61102519
187,1,incident_cutting,cutting,TRUE,cv,FALSE,1,55_63,,,,20.08281,64.56347,13.92941,2.06682,5.08113,1.24908,0.05929,3.09821,12.65993,21.30338,2,2.3847,6.926247005,80.47198403
188,1,incident_cutting,cutting,TRUE,cv,FALSE,1,56_67,,,,19.371,65.44316,13.84134,1.563,5.21907,1.29479,0.06123,3.16026,12.12759,21.02589,1,1.75248,7.012408911,80.49137553
189,1,incident_cutting,cutting,TRUE,cv,FALSE,4,67_65,,,,26.06553,50.48616,22.22519,2.23094,5.31431,1.13463,0.07373,5.53127,15.6133,30.59453,1,1.02076,6.958703005,80.80501921
190,1,incident_cutting,cutting,TRUE,cv,FALSE,0,56_64,,,,19.81106,64.83417,14.10397,2.16023,5.08178,1.23848,0.06073,1.80875,12.65504,19.87491,1,2.45233,6.948301805,80.49787183
191,1,incident_cutting,cutting,FALSE,cv,FALSE,1,68_72,,,,21.09129,59.32441,18.2034,1.50254,5.58312,1.28764,0.05499,8.78111,14.85678,28.60171,3,3.07572,7.152894435,80.82311923
192,1,incident_cutting,cutting,FALSE,cv,FALSE,2,67_71,,,,21.82128,57.58043,18.97151,1.48507,5.53371,1.28112,0.05647,9.16466,14.33533,29.3471,2,5.07806,7.121655875,80.79053943
193,1,incident_cutting,cutting,FALSE,cv,FALSE,1,68_72,,,,21.09129,59.32441,18.2034,1.50254,5.58312,1.28764,0.05499,8.78111,14.85678,28.60171,3,3.12925,7.152354005,80.82324403
194,1,incident_cutting,cutting,FALSE,cv,FALSE,3,61_63,,,,25.75612,54.66734,19.16414,2.26604,5.14137,1.19569,0.06396,0.76296,14.78478,25.24354,1,1.91106,6.915827762,80.64010285
195,1,incident_cutting,cutting,FALSE,cv,FALSE,2,67_71,,,,22.90186,56.39347,19.09398,1.52434,5.50772,1.27463,0.05709,8.43175,14.52506,29.63132,2,5.18641,7.131010005,80.78522623
196,1,incident_cutting,cutting,FALSE,cv,FALSE,2,67_71,,,,22.90186,56.39347,19.09398,1.52434,5.50772,1.27463,0.05709,8.43175,14.52506,29.63132,2,5.43827,7.135150005,80.78443403
197,1,incident_cutting,cutting,TRUE,cv,FALSE,0,59_63,,,,19.41821,64.85621,14.45646,2.19008,5.09355,1.25403,0.06049,2.71946,13.3976,20.15159,2,1.65759,6.914956005,80.56899303
198,1,incident_cutting,cutting,TRUE,cv,FALSE,1,62_67,,,,24.91782,54.91101,19.12293,2.24957,5.27423,1.19537,0.06665,2.97474,14.61937,26.44496,1,6.0048,7.026374005,80.66144903
199,1,incident_cutting,cutting,TRUE,cv,FALSE,4,62_69,,,,24.43941,55.20839,19.24538,1.49271,5.38624,1.24692,0.06445,3.19742,14.22261,26.55411,2,1.21941,7.082876305,80.65934333
200,1,incident_cutting,cutting,FALSE,cv,FALSE,4,67_66,,,,24.87963,52.20982,21.4818,2.26463,5.28515,1.15359,0.06885,7.97157,15.84702,31.54203,1,1.43623,6.990498905,80.79916312
201,1,incident_cutting,cutting,FALSE,cv,FALSE,0,55_66,,,,20.38757,63.65615,14.55906,1.48841,5.16772,1.3064,0.06023,3.56037,12.30014,22.41836,2,0.84678,6.999635005,80.47280603
202,1,incident_cutting,cutting,FALSE,cv,FALSE,0,67_64,,,,27.21895,49.06576,22.75788,2.24358,5.30835,1.12993,0.07393,4.06117,15.61212,30.41022,2,1.02506,6.945258426,80.79229415
203,1,incident_cutting,cutting,TRUE,cv,FALSE,4,62_69,,,,24.63615,55.15521,19.18604,2.06666,5.31426,1.2133,0.06759,2.31198,14.58036,25.91214,2,1.49031,7.071395005,80.65961703
204,1,incident_cutting,cutting,FALSE,cv,FALSE,3,65_66,,,,25.05182,52.82238,21.2727,2.29407,5.28777,1.171,0.06565,4.59461,15.65053,28.41171,1,2.20607,7.005276005,80.73347303
205,1,incident_cutting,cutting,FALSE,cv,FALSE,1,66_65,,,,26.29562,50.65081,21.98572,2.28885,5.27388,1.14436,0.06954,5.60988,15.84553,30.77012,2,0.74938,6.975556805,80.77512103
206,1,incident_cutting,cutting,FALSE,cv,FALSE,1,68_66,,,,24.13154,52.9104,21.33104,2.26673,5.28038,1.15182,0.06939,9.47479,15.84994,32.26796,2,2.59967,6.993434005,80.81811933
207,1,incident_cutting,cutting,FALSE,cv,FALSE,3,61_63,,,,23.79791,57.7951,17.71883,2.25323,5.08011,1.22059,0.0637,1.47327,14.1359,23.63777,3,1.76594,6.904038615,80.62051568
208,1,incident_cutting,cutting,FALSE,cv,FALSE,4,66_62,,,,28.80627,47.48202,23.18531,2.24392,5.24349,1.13937,0.07254,1.15515,14.85108,29.20373,4,3.79422,6.886866855,80.76626625
209,1,incident_cutting,cutting,FALSE,cv,FALSE,4,65_63,,,,28.90322,47.56249,23.14772,2.26061,5.27834,1.14427,0.07087,1.09223,15.33925,29.23659,1,5.97241,6.905138005,80.74798003
210,1,incident_cutting,cutting,FALSE,cv,FALSE,3,64_61,,,,27.31763,50.64157,21.52935,2.26203,5.2128,1.16577,0.06851,1.04269,14.56485,27.23437,2,1.88032,6.866725185,80.71693103
211,1,incident_cutting,cutting,FALSE,cv,FALSE,4,67_66,,,,24.52839,52.53154,21.41568,2.26584,5.28258,1.15263,0.06913,8.68826,15.84848,31.89363,2,1.17938,6.993287005,80.79933003
212,1,incident_cutting,cutting,FALSE,cv,FALSE,1,66_65,,,,26.50711,50.64088,21.78694,2.33394,5.28995,1.14567,0.07075,4.53456,15.79383,29.93312,1,0.3569,6.976798005,80.77040503
213,1,incident_cutting,cutting,FALSE,cv,FALSE,4,62_62,,,,27.49377,51.6869,20.71765,2.21619,5.22865,1.18777,0.06267,0.45588,14.55522,26.83,1,2.20319,6.897991005,80.65856603
214,1,incident_cutting,cutting,FALSE,cv,FALSE,2,66_64,,,,27.66862,48.59351,22.90384,2.2432,5.30847,1.12996,0.07352,3.48018,15.61095,30.31234,1,0.77946,6.943131005,80.78158303
215,1,incident_cutting,cutting,FALSE,cv,FALSE,4,62_62,,,,27.49377,51.6869,20.71765,2.21619,5.22865,1.18777,0.06267,0.45588,14.55522,26.83,1,2.20183,6.897974005,80.65857303
216,1,incident_cutting,cutting,FALSE,cv,FALSE,4,64_63,,,,28.94078,47.961,22.83929,2.25119,5.2846,1.1499,0.06925,0.95395,15.33687,29.10022,1,4.12357,6.905770005,80.72836503
217,1,incident_cutting,cutting,FALSE,cv,FALSE,1,60_65,,,,20.00316,63.22983,15.84678,2.30037,5.13867,1.2074,0.06416,1.75024,13.42697,20.31248,2,3.20083,6.958591005,80.60945003
218,1,incident_cutting,cutting,FALSE,cv,FALSE,1,68_64,,,,25.97817,50.50678,22.25715,2.24201,5.31053,1.13111,0.07459,5.48775,15.61433,30.49008,1,2.02435,6.943131005,80.81583003
219,1,incident_cutting,cutting,TRUE,cv,FALSE,4,62_69,,,,24.63615,55.15521,19.18604,2.06666,5.31426,1.2133,0.06759,2.31198,14.58036,25.91214,2,1.49031,7.071395005,80.65961703
220,1,incident_cutting,cutting,TRUE,cv,FALSE,4,62_69,,,,24.63615,55.15521,19.18604,2.06666,5.31426,1.2133,0.06759,2.31198,14.58036,25.91214,2,1.46699,7.069238005,80.66223503
221,1,incident_cutting,cutting,TRUE,cv,FALSE,4,62_69,,,,24.37349,55.2659,19.28571,1.49757,5.37617,1.2439,0.06427,3.29207,14.22292,26.60687,2,0.66434,7.077333405,80.66461093
222,1,incident_cutting,cutting,TRUE,cv,FALSE,3,54_66,10/30/2019,10,inter_monsoon_2,20.27642,64.13594,14.15052,1.49434,5.13776,1.27099,0.0589,3.9931,12.29797,22.68633,1,2.01604,6.986939005,80.45312703
223,1,incident_cutting,cutting,TRUE,cv,FALSE,0,56_64,,,,19.66283,64.93089,14.15549,2.17416,5.08727,1.22437,0.0607,1.75582,12.65711,19.59667,2,1.60289,6.939347005,80.51016303
224,1,incident_cutting,cutting,FALSE,cv,FALSE,1,65_62,,,,28.10341,48.854,22.53543,2.27046,5.27565,1.14872,0.07084,0.97598,15.33487,28.10826,1,3.90619,6.882365005,80.73583803
225,1,incident_cutting,cutting,FALSE,cv,FALSE,4,61_64,10/25/2021,10,inter_monsoon_2,23.85215,57.16554,18.46372,2.2608,5.16793,1.21018,0.06518,0.58727,14.58498,23.08554,1,1.94767,6.932395005,80.63253803
226,1,incident_cutting,cutting,TRUE,cv,TRUE,4,67_70,,,,21.54209,56.98032,19.75985,2.04901,5.49355,1.24283,0.05964,10.07931,15.17687,29.9697,4,3.80513,7.100770005,80.80458003
227,1,incident_cutting,cutting,FALSE,cv,TRUE,1,67_68,,,,21.95016,56.06994,20.42608,2.11196,5.41363,1.21384,0.06344,9.94954,15.18362,30.57174,3,2.64828,7.053534905,80.80259173
228,1,incident_cutting,cutting,FALSE,cv,FALSE,1,66_65,,,,26.29562,50.65081,21.98572,2.28885,5.27388,1.14436,0.06954,5.60988,15.84553,30.77012,2,0.44992,6.973584774,80.77950513
229,1,incident_cutting,cutting,FALSE,cv,FALSE,1,63_63,,,,31.00499,46.42101,23.15548,2.29578,5.23716,1.16038,0.06379,-0.55621,15.16809,30.12281,1,1.56921,6.925574005,80.68650764
230,1,incident_cutting,cutting,FALSE,cv,FALSE,2,64_62,,,,27.8124,50.2096,21.63607,2.25322,5.21392,1.1677,0.06741,0.83296,14.56402,27.59263,2,3.6389,6.881838105,80.71167493
231,1,incident_cutting,cutting,TRUE,cv,FALSE,3,71_70,,,,17.29214,63.0627,17.83711,1.49981,5.59983,1.29196,0.05684,14.18343,14.41314,30.28739,2,8.63004,7.105842005,80.90088803
232,1,incident_cutting,cutting,FALSE,cv,FALSE,4,67_70,,,,21.95056,56.2881,19.97656,2.04693,5.4896,1.24395,0.05969,9.92764,15.17595,30.08385,3,3.93294,7.097238205,80.79710629
233,1,incident_cutting,cutting,TRUE,cv,FALSE,2,69_66,,,,21.81663,55.60557,20.6023,2.12261,5.39248,1.17107,0.06817,12.90454,15.38101,33.55426,2,3.22666,7.003099845,80.83868463
234,1,incident_cutting,cutting,TRUE,cv,FALSE,0,61_60,9/18/2020,9,SW_monsoon,24.48647,56.42818,17.87716,2.3027,5.09226,1.21666,0.06367,3.25776,13.44079,25.19078,2,3.11045,6.845452005,80.64374103
235,1,incident_cutting,cutting,TRUE,cv,FALSE,1,56_66,,,,19.371,65.44316,13.84134,1.563,5.21907,1.29479,0.06123,3.16026,12.12759,21.02589,1,1.29368,7.009500005,80.48841203
236,1,incident_cutting,cutting,TRUE,cv,FALSE,3,54_66,,,,20.49879,63.85738,14.18967,1.48885,5.13431,1.30843,0.05939,4.16675,12.29715,23.12216,3,3.00792,6.992719005,80.44593603
237,1,incident_cutting,cutting,TRUE,cv,FALSE,1,56_67,9/21/2020,9,SW_monsoon,19.67694,64.95882,14.02813,1.55904,5.22352,1.32236,0.06186,3.09667,12.12789,21.29682,1,1.97322,7.016955005,80.48838503
238,1,incident_cutting,cutting,TRUE,cv,FALSE,1,56_66,,,,18.79304,66.09903,13.72496,2.05136,5.17574,1.28754,0.06217,3.14184,12.79587,20.34293,2,2.47521,6.985350005,80.49633803
239,1,incident_cutting,cutting,TRUE,cv,FALSE,4,60_62,,,,22.11106,60.66133,16.11188,2.24383,5.07218,1.2364,0.06234,2.22464,14.12761,22.09269,2,1.04406,6.887498005,80.59885203
240,1,incident_cutting,cutting,TRUE,cv,FALSE,1,56_67,,,,19.371,65.44316,13.84134,1.563,5.21907,1.29479,0.06123,3.16026,12.12759,21.02589,1,1.78595,7.014072005,80.48986703
241,1,incident_cutting,cutting,TRUE,cv,FALSE,3,60_60,,,,23.34697,58.58636,16.46271,2.28648,5.09462,1.23577,0.062,3.83575,13.4326,23.74434,1,4.21043,6.835288005,80.61434403
242,1,incident_cutting,cutting,TRUE,cv,FALSE,4,60_62,,,,21.79866,61.06427,16.07253,2.2368,5.0779,1.23699,0.0624,2.1321,14.12706,21.86204,2,2.24909,6.897592645,80.59457731
243,1,incident_cutting,cutting,TRUE,cv,FALSE,3,54_64,,,,20.20901,64.57831,13.77855,2.03141,5.07949,1.26276,0.0595,3.37971,12.65533,21.91496,4,3.22702,6.954743405,80.45537003
244,1,incident_cutting,cutting,TRUE,cv,FALSE,4,60_62,,,,22.70368,59.68487,16.58651,2.25147,5.07199,1.2311,0.06274,2.05535,14.13058,22.6004,2,1.5003,6.891847005,80.60228003
245,1,incident_cutting,cutting,TRUE,cv,FALSE,0,56_65,,,,18.99537,66.06401,13.72324,2.15438,5.137,1.28511,0.0632,1.98106,12.78955,19.43513,3,2.19022,6.981191005,80.50364503
246,1,incident_cutting,cutting,TRUE,cv,FALSE,0,56_65,,,,18.6401,66.36114,13.60984,2.0599,5.17005,1.28484,0.0618,3.16925,12.79614,20.17412,2,2.43446,6.971622005,80.49037503
247,1,incident_cutting,cutting,TRUE,cv,FALSE,0,56_65,,,,18.80958,66.35986,13.60171,2.16252,5.13234,1.28239,0.06282,2.03931,12.7898,19.26168,3,1.96229,6.975180505,80.50301423
248,1,incident_cutting,cutting,TRUE,cv,FALSE,0,68_70,,,,20.28277,59.26378,18.89655,2.03228,5.54226,1.25091,0.05776,10.41831,15.1766,29.32341,4,5.26203,7.117553005,80.83175103
249,1,incident_cutting,cutting,TRUE,cv,FALSE,3,71_70,,,,17.29214,63.0627,17.83711,1.49981,5.59983,1.29196,0.05684,14.18343,14.41314,30.28739,2,8.63004,7.105842005,80.90088803
250,1,incident_cutting,cutting,TRUE,cv,TRUE,4,67_70,,,,21.54209,56.98032,19.75985,2.04901,5.49355,1.24283,0.05964,10.07931,15.17687,29.9697,4,3.31641,7.094966605,80.80336603
251,1,incident_cutting,cutting,TRUE,cv,FALSE,1,70_69,,,,18.59894,60.86542,18.42441,2.15956,5.54374,1.23143,0.06075,15.34946,15.72842,32.6315,4,6.51922,7.085181505,80.88934003
252,1,incident_cutting,cutting,FALSE,cv,FALSE,1,66_65,,,,26.20026,51.19955,21.50544,2.31801,5.30299,1.1531,0.0697,4.58771,15.79154,29.61359,2,0.97109,6.981818066,80.76140143
253,1,incident_cutting,cutting,FALSE,cv,FALSE,1,60_63,,,,21.20968,61.89845,15.84244,2.21417,5.09602,1.23914,0.06153,2.32927,13.40619,21.68081,2,1.88303,6.914303345,80.59837849
254,1,incident_cutting,cutting,FALSE,cv,FALSE,2,64_62,,,,28.90631,48.74062,22.30186,2.24558,5.21651,1.16546,0.06707,0.43557,14.56593,28.56075,1,4.08615,6.895202365,80.71244077
255,1,incident_cutting,cutting,FALSE,cv,FALSE,4,64_63,,,,29.2344,47.78932,22.85389,2.24055,5.29194,1.15315,0.06817,0.85061,15.33657,29.35392,1,2.8073,6.920079691,80.72338485
256,1,incident_cutting,cutting,TRUE,cv,FALSE,1,68_69,,,,21.23809,57.32239,19.75404,2.06267,5.47999,1.23651,0.0604,10.51138,15.17907,30.22499,1,2.2094,7.089616005,80.81620003
257,1,incident_cutting,cutting,FALSE,cv,FALSE,1,60_63,,,,21.74807,60.91861,16.4288,2.22951,5.08994,1.23351,0.06297,1.83388,14.12899,21.87639,3,1.05175,6.921861181,80.60996471
258,1,incident_cutting,cutting,TRUE,cv,FALSE,1,71_66,,,,17.61721,59.35479,20.14319,2.0294,5.43005,1.19192,0.06829,21.86824,15.18598,38.13731,1,4.01416,7.005473005,80.89228603
259,1,incident_cutting,cutting,TRUE,cv,FALSE,1,70_69,,,,18.59488,60.57418,18.6324,2.17115,5.5256,1.225,0.0617,16.05942,15.73107,33.3261,3,6.56291,7.082383225,80.89059832
260,1,incident_cutting,cutting,FALSE,cv,FALSE,4,64_63,,,,28.94141,47.94221,22.86013,2.24525,5.28862,1.1504,0.069,1.11447,15.3378,29.28718,1,3.37568,6.914556955,80.72635095
261,1,incident_cutting,cutting,FALSE,cv,FALSE,1,66_65,7/15/2020,7,SW_monsoon,27.2113,49.36278,22.53472,2.22925,5.3159,1.13526,0.07251,3.82686,15.60966,30.10894,2,1.16043,6.956636895,80.77186511
262,1,incident_cutting,cutting,TRUE,cv,FALSE,4,69_71,,,,19.87321,59.64244,18.8652,2.07066,5.54187,1.24795,0.05865,11.13063,15.69958,29.75575,2,6.27158,7.119349897,80.85797894
263,1,incident_cutting,cutting,FALSE,cv,FALSE,1,66_65,,,,26.29562,50.65081,21.98572,2.28885,5.27388,1.14436,0.06954,5.60988,15.84553,30.77012,2,0.44992,6.973584774,80.77950513
264,1,incident_cutting,cutting,TRUE,cv,FALSE,0,60_67,,,,22.34609,60.26379,16.47152,2.16708,5.2504,1.21726,0.06247,0.3124,13.35335,21.34929,3,2.76196,7.034838005,80.60018703
265,1,incident_cutting,cutting,TRUE,cv,FALSE,4,61_67,,,,24.34254,56.01035,18.61212,2.2371,5.28234,1.20206,0.06669,2.48853,14.61522,25.39345,3,6.17747,7.032568005,80.64045903
266,1,incident_cutting,cutting,TRUE,cv,FALSE,4,62_68,,,,24.66993,54.88377,19.48314,2.09553,5.29294,1.2017,0.06758,2.63079,14.58447,26.30458,1,2.9033,7.053962005,80.67337103
267,1,incident_cutting,cutting,TRUE,cv,FALSE,0,59_68,,,,23.28067,58.74343,17.04442,1.60128,5.31054,1.27222,0.06132,0.83726,12.99422,22.82154,3,2.14687,7.060907005,80.58352103
268,1,incident_cutting,cutting,TRUE,cv,FALSE,1,56_67,,,,19.91288,64.6607,14.24764,2.13061,5.14949,1.29231,0.06464,1.76009,12.78916,20.23619,1,2.83708,7.015189005,80.50175203
269,1,incident_cutting,cutting,FALSE,cv,FALSE,0,60_64,,,,20.7807,62.12273,16.18024,2.21653,5.12416,1.20692,0.06559,1.49464,13.6737,20.66762,1,1.13049,6.939967005,80.60280203
270,1,incident_cutting,cutting,FALSE,cv,FALSE,4,67_65,,,,25.31296,51.53587,21.78987,2.29287,5.26641,1.14188,0.07054,7.4614,15.84981,31.58435,2,1.64914,6.978834005,80.80458703
271,1,incident_cutting,cutting,FALSE,cv,FALSE,1,68_66,,,,24.13154,52.9104,21.33104,2.26673,5.28038,1.15182,0.06939,9.47479,15.84994,32.26796,2,2.36658,6.993909005,80.81310703
272,1,incident_cutting,cutting,FALSE,cv,FALSE,1,66_65,,,,27.36632,49.31412,22.50399,2.22727,5.31797,1.1384,0.07201,3.44151,15.60838,29.8791,2,1.03255,6.958150005,80.77049803
273,1,incident_cutting,cutting,FALSE,cv,FALSE,4,62_64,,,,25.51614,54.52722,19.64637,2.26672,5.16552,1.15383,0.06611,0.44469,14.59016,24.85163,1,1.49504,6.942693005,80.65465903
274,1,incident_cutting,cutting,FALSE,cv,FALSE,4,65_65,,,,26.30059,51.2283,21.44703,2.31512,5.30721,1.15486,0.06918,4.16831,15.78998,29.30241,2,2.5361,6.982256005,80.74715803
275,1,incident_cutting,cutting,FALSE,cv,FALSE,0,67_64,,,,27.21895,49.06576,22.75788,2.24358,5.30835,1.12993,0.07393,4.06117,15.61212,30.41022,1,0.72478,6.945161005,80.79833803
276,1,incident_cutting,cutting,FALSE,cv,FALSE,3,63_64,,,,29.80849,48.18089,22.16662,2.33265,5.19123,1.16913,0.0624,0.66647,15.30552,29.8901,1,1.43898,6.938454005,80.69010003
277,1,incident_cutting,cutting,FALSE,cv,FALSE,1,66_65,,,,26.20026,51.19955,21.50544,2.31801,5.30299,1.1531,0.0697,4.58771,15.79154,29.61359,2,1.32419,6.979798005,80.75801703
278,1,incident_cutting,cutting,FALSE,cv,FALSE,0,60_64,,,,20.00316,63.22983,15.84678,2.30037,5.13867,1.2074,0.06416,1.75024,13.42697,20.31248,2,2.38574,6.951340005,80.60193503
279,1,incident_cutting,cutting,FALSE,cv,FALSE,0,60_64,,,,20.30488,62.76257,15.99922,2.20647,5.13129,1.21125,0.06552,1.53186,13.67261,20.31339,3,2.29035,6.950495005,80.60212003
280,1,incident_cutting,cutting,FALSE,cv,FALSE,0,60_64,,,,20.00316,63.22983,15.84678,2.30037,5.13867,1.2074,0.06416,1.75024,13.42697,20.31248,2,2.38716,6.951347005,80.60189403
281,1,incident_cutting,cutting,FALSE,cv,FALSE,0,60_64,,,,20.7807,62.12273,16.18024,2.21653,5.12416,1.20692,0.06559,1.49464,13.6737,20.66762,1,1.13049,6.939967005,80.60280203
282,1,incident_cutting,cutting,FALSE,cv,FALSE,4,67_66,,,,24.89665,52.0653,21.59161,2.27931,5.27432,1.14723,0.06983,8.10742,15.84916,31.74639,1,2.04078,6.983780005,80.80507003
283,1,incident_cutting,cutting,FALSE,cv,FALSE,4,65_65,,,,26.73848,50.65952,21.68395,2.32819,5.29774,1.14896,0.06968,3.71662,15.79075,29.35907,2,1.99533,6.978757005,80.75198403
284,1,incident_cutting,cutting,FALSE,cv,FALSE,0,66_73,,,,23.18043,56.98002,18.42847,1.53187,5.60369,1.27911,0.05488,5.77713,14.58384,27.55761,2,6.9875,7.173716333,80.75869203
285,1,incident_cutting,cutting,TRUE,cv,FALSE,0,68_70,,,,20.61907,58.77382,19.02855,2.03059,5.53828,1.2513,0.05786,10.09894,15.17596,29.27549,2,5.00734,7.115021905,80.82485176
286,1,incident_cutting,cutting,TRUE,cv,FALSE,0,68_70,,,,20.70867,58.43398,19.23504,2.04145,5.51971,1.24635,0.0587,10.40347,15.17724,29.65154,2,4.3704,7.109220005,80.82511803
287,1,incident_cutting,cutting,TRUE,cv,FALSE,0,68_70,,,,20.61907,58.77382,19.02855,2.03059,5.53828,1.2513,0.05786,10.09894,15.17596,29.27549,2,4.89062,7.114081925,80.8264227
288,1,incident_cutting,cutting,TRUE,cv,FALSE,3,71_67,,,,16.8554,60.40785,19.76836,2.15308,5.45111,1.20865,0.06563,23.54219,15.84846,39.00111,2,6.01386,7.029569305,80.90760803
289,1,incident_cutting,cutting,TRUE,cv,FALSE,3,71_70,2/21/2020,2,NE_monsoon,16.51088,63.85368,17.69452,1.957,5.60714,1.28018,0.06131,14.16363,14.52316,29.45365,4,9.56521,7.104093305,80.91138123
290,1,incident_cutting,cutting,TRUE,cv,TRUE,4,67_70,,,,21.54209,56.98032,19.75985,2.04901,5.49355,1.24283,0.05964,10.07931,15.17687,29.9697,4,3.3342,7.095038005,80.80318303
291,1,incident_cutting,cutting,TRUE,cv,FALSE,3,71_70,,,,16.51088,63.85368,17.69452,1.957,5.60714,1.28018,0.06131,14.16363,14.52316,29.45365,4,9.08513,7.101763005,80.90767803
292,1,incident_cutting,cutting,TRUE,cv,FALSE,3,71_67,,,,16.8554,60.40785,19.76836,2.15308,5.45111,1.20865,0.06563,23.54219,15.84846,39.00111,1,6.0209,7.034204405,80.90433603
293,1,incident_cutting,cutting,TRUE,cv,FALSE,0,68_70,,,,20.61907,58.77382,19.02855,2.03059,5.53828,1.2513,0.05786,10.09894,15.17596,29.27549,2,4.90663,7.114189005,80.82597771
294,1,incident_cutting,cutting,TRUE,cv,FALSE,0,68_70,,,,20.28277,59.26378,18.89655,2.03228,5.54226,1.25091,0.05776,10.41831,15.1766,29.32341,4,5.2687,7.117598175,80.83212536
295,1,incident_cutting,cutting,TRUE,cv,FALSE,0,68_70,,,,20.28277,59.26378,18.89655,2.03228,5.54226,1.25091,0.05776,10.41831,15.1766,29.32341,4,5.26595,7.117582005,80.83192103
296,1,incident_cutting,cutting,TRUE,cv,TRUE,0,68_70,,,,20.61907,58.77382,19.02855,2.03059,5.53828,1.2513,0.05786,10.09894,15.17596,29.27549,2,4.95427,7.114703665,80.82297121
297,1,incident_cutting,cutting,TRUE,cv,FALSE,3,71_70,,,,16.51088,63.85368,17.69452,1.957,5.60714,1.28018,0.06131,14.16363,14.52316,29.45365,2,9.32591,7.103888005,80.90907303
298,1,incident_cutting,cutting,TRUE,cv,TRUE,3,71_67,,,,15.35054,60.38254,20.61408,2.0161,5.44331,1.19674,0.06764,31.40341,15.18582,45.21454,2,5.02874,7.015465005,80.89901803
299,1,incident_cutting,cutting,TRUE,cv,FALSE,1,70_68,,,,18.55717,59.83221,19.16299,2.12437,5.49979,1.20226,0.06362,17.82799,15.39089,35.00879,4,4.36809,7.050469105,80.88381623
300,1,incident_cutting,cutting,TRUE,cv,FALSE,1,70_69,,,,20.33629,58.31325,19.31201,2.18749,5.48952,1.21463,0.06151,14.33414,16.03778,33.33722,1,4.57738,7.082716005,80.87150903
301,1,incident_cutting,cutting,TRUE,cv,FALSE,4,60_62,,,,21.79866,61.06427,16.07253,2.2368,5.0779,1.23699,0.0624,2.1321,14.12706,21.86204,2,2.24909,6.897592645,80.59457731
302,1,incident_cutting,cutting,TRUE,cv,FALSE,4,60_62,,,,22.30894,59.94604,16.63243,2.19433,5.14172,1.2289,0.06281,2.16853,14.11571,22.12724,2,0.54156,6.883203005,80.60159903
303,1,incident_cutting,cutting,TRUE,cv,FALSE,2,60_61,,,,23.36608,58.38895,17.03335,2.25652,5.17821,1.22431,0.06148,2.63309,14.24282,23.5128,2,1.50067,6.872566605,80.61340353
304,1,incident_cutting,cutting,TRUE,cv,FALSE,0,55_65,,,,20.2801,64.4423,13.84384,2.02353,5.08521,1.26561,0.05986,3.36825,12.65482,22.01293,2,1.73072,6.968667005,80.45919703
305,1,incident_cutting,cutting,TRUE,cv,FALSE,1,56_66,,,,19.08748,65.8959,13.66384,1.567,5.21456,1.2925,0.06064,3.21665,12.12732,20.7671,1,1.06916,6.999309005,80.48986703
306,1,incident_cutting,cutting,TRUE,cv,FALSE,4,60_62,,,,22.30894,59.94604,16.63243,2.19433,5.14172,1.2289,0.06281,2.16853,14.11571,22.12724,2,0.54156,6.883203005,80.60159903
307,1,incident_cutting,cutting,TRUE,cv,FALSE,4,60_62,,,,22.11106,60.66133,16.11188,2.24383,5.07218,1.2364,0.06234,2.22464,14.12761,22.09269,2,1.24942,6.888920005,80.59716903
308,1,incident_cutting,cutting,TRUE,cv,FALSE,0,61_59,,,,23.98984,57.22065,17.28864,2.30266,5.10453,1.22599,0.0632,3.88165,13.4397,24.8875,1,1.877,6.817159005,80.64130303
309,1,incident_cutting,cutting,TRUE,cv,FALSE,0,56_65,,,,18.99537,66.06401,13.72324,2.15438,5.137,1.28511,0.0632,1.98106,12.78955,19.43513,3,2.18111,6.981052005,80.50365003
310,1,incident_cutting,cutting,TRUE,cv,FALSE,4,60_62,,,,22.70368,59.68487,16.58651,2.25147,5.07199,1.2311,0.06274,2.05535,14.13058,22.6004,3,1.02341,6.886677005,80.60511003
311,1,incident_cutting,cutting,TRUE,cv,FALSE,4,62_64,,,,25.2855,55.25223,19.1097,2.20108,5.13012,1.20231,0.06359,0.61485,14.12305,24.66205,1,0.26906,6.928581005,80.64802203
312,1,incident_cutting,cutting,TRUE,cv,FALSE,1,56_66,,,,19.08748,65.8959,13.66384,1.567,5.21456,1.2925,0.06064,3.21665,12.12732,20.7671,1,1.22723,7.005202005,80.49063303
313,1,incident_cutting,cutting,TRUE,cv,FALSE,1,56_67,,,,19.67694,64.95882,14.02813,1.55904,5.22352,1.32236,0.06186,3.09667,12.12789,21.29682,1,2.57431,7.019626005,80.49435003
314,1,incident_cutting,cutting,TRUE,cv,FALSE,4,60_62,,,,22.70368,59.68487,16.58651,2.25147,5.07199,1.2311,0.06274,2.05535,14.13058,22.6004,3,1.00011,6.886496005,80.60500003
315,1,incident_cutting,cutting,TRUE,cv,FALSE,0,61_59,,,,23.86837,57.54023,17.08677,2.29759,5.09997,1.22625,0.06288,3.78302,13.43756,24.53725,1,2.74642,6.819420005,80.63376303
316,1,incident_cutting,cutting,TRUE,cv,FALSE,2,60_61,,,,23.36608,58.38895,17.03335,2.25652,5.17821,1.22431,0.06148,2.63309,14.24282,23.5128,2,1.50067,6.872566605,80.61340353
317,1,incident_cutting,cutting,TRUE,cv,FALSE,1,56_66,,,,19.08748,65.8959,13.66384,1.567,5.21456,1.2925,0.06064,3.21665,12.12732,20.7671,1,1.00854,7.000810005,80.48946903
318,1,incident_cutting,cutting,TRUE,cv,FALSE,0,55_65,,,,20.2801,64.4423,13.84384,2.02353,5.08521,1.26561,0.05986,3.36825,12.65482,22.01293,2,2.20915,6.963458005,80.45879003
319,1,incident_cutting,cutting,TRUE,cv,FALSE,0,62_60,,,,24.2522,56.34704,18.1771,2.22752,5.22314,1.21458,0.0623,2.52018,14.54726,24.24703,2,2.24924,6.833296064,80.65582243
320,1,incident_cutting,cutting,FALSE,cv,FALSE,2,67_71,,,,22.2416,57.37471,18.8456,1.5251,5.51963,1.27506,0.05637,9.11144,14.52639,29.78166,2,5.51682,7.138658005,80.80243403
321,1,incident_cutting,cutting,FALSE,cv,FALSE,4,67_70,,,,21.43989,57.29916,19.5629,2.0377,5.51182,1.24786,0.05885,9.86238,15.17566,29.6523,3,4.84006,7.109371005,80.80085703
322,1,incident_cutting,cutting,FALSE,cv,TRUE,1,67_68,,,,22.60328,55.34622,20.57841,2.10948,5.41048,1.21547,0.06321,8.79419,15.18155,30.03279,3,4.00515,7.050537405,80.78942403
323,1,incident_cutting,cutting,TRUE,cv,FALSE,2,60_61,,,,23.36608,58.38895,17.03335,2.25652,5.17821,1.22431,0.06148,2.63309,14.24282,23.5128,2,1.25258,6.873911005,80.61154603
324,1,incident_cutting,cutting,TRUE,cv,FALSE,2,60_61,,,,23.36608,58.38895,17.03335,2.25652,5.17821,1.22431,0.06148,2.63309,14.24282,23.5128,2,1.33509,6.873676005,80.61225703
325,1,incident_cutting,cutting,FALSE,cv,FALSE,1,63_63,,,,31.00499,46.42101,23.15548,2.29578,5.23716,1.16038,0.06379,-0.55621,15.16809,30.12281,1,1.56962,6.925564005,80.68650703
326,1,incident_cutting,cutting,FALSE,cv,FALSE,2,64_62,,,,27.8124,50.2096,21.63607,2.25322,5.21392,1.1677,0.06741,0.83296,14.56402,27.59263,2,3.53746,6.881285805,80.71332113
327,1,incident_cutting,cutting,FALSE,cv,FALSE,1,63_63,,,,31.00499,46.42101,23.15548,2.29578,5.23716,1.16038,0.06379,-0.55621,15.16809,30.12281,1,1.56945,6.925569005,80.68650703
328,1,incident_cutting,cutting,FALSE,cv,FALSE,3,62_63,,,,26.56259,53.17644,20.0358,2.22366,5.20028,1.19098,0.06431,0.3852,14.77504,25.76528,1,2.48618,6.908036005,80.65519403
329,1,incident_cutting,cutting,FALSE,cv,FALSE,1,63_63,,,,31.00499,46.42101,23.15548,2.29578,5.23716,1.16038,0.06379,-0.55621,15.16809,30.12281,1,1.56931,6.925573005,80.68650703
330,1,incident_cutting,cutting,FALSE,cv,FALSE,0,66_72,,,,22.77455,56.88787,18.89928,1.54262,5.57114,1.27465,0.05458,8.35967,14.58693,29.63585,2,5.94996,7.157234005,80.78201503
331,1,incident_cutting,cutting,FALSE,cv,FALSE,1,63_63,,,,31.94152,45.51153,23.43078,2.22485,5.22165,1.17507,0.06398,-1.32644,14.56096,30.3576,1,2.75831,6.911653005,80.67691103
332,1,incident_cutting,cutting,FALSE,cv,FALSE,1,63_63,,,,31.94152,45.51153,23.43078,2.22485,5.22165,1.17507,0.06398,-1.32644,14.56096,30.3576,1,3.29536,6.906112005,80.67782903
333,1,incident_cutting,cutting,FALSE,cv,FALSE,4,64_63,,,,28.94078,47.961,22.83929,2.25119,5.2846,1.1499,0.06925,0.95395,15.33687,29.10022,1,4.12634,6.905742005,80.72837403
334,1,incident_cutting,cutting,FALSE,cv,FALSE,3,61_63,,,,25.75612,54.66734,19.16414,2.26604,5.14137,1.19569,0.06396,0.76296,14.78478,25.24354,1,1.6617,6.917689005,80.64137703
335,1,incident_cutting,cutting,FALSE,cv,TRUE,4,67_70,,,,22.53132,55.78422,19.81817,1.49265,5.49282,1.27539,0.05778,9.97567,14.33553,30.52788,2,4.42873,7.109188005,80.78902403
336,1,incident_cutting,cutting,TRUE,cv,FALSE,1,62_67,,,,24.64539,55.44311,18.87262,2.24333,5.27837,1.1987,0.06666,2.71819,14.61729,25.92223,2,5.37724,7.033504005,80.65574803
337,1,incident_cutting,cutting,FALSE,cv,FALSE,4,61_64,,,,24.5133,56.06354,18.97942,2.25853,5.17037,1.17725,0.06561,0.58867,14.58711,23.88181,1,1.83358,6.946179345,80.64636815
338,1,incident_cutting,cutting,FALSE,cv,FALSE,1,68_72,,,,21.09129,59.32441,18.2034,1.50254,5.58312,1.28764,0.05499,8.78111,14.85678,28.60171,3,3.07572,7.152894435,80.82311923
339,1,incident_cutting,cutting,FALSE,cv,FALSE,0,60_64,,,,20.00316,63.22983,15.84678,2.30037,5.13867,1.2074,0.06416,1.75024,13.42697,20.31248,2,2.37622,6.951247005,80.60189403
340,1,incident_cutting,cutting,FALSE,cv,FALSE,0,60_64,,,,20.7807,62.12273,16.18024,2.21653,5.12416,1.20692,0.06559,1.49464,13.6737,20.66762,1,1.13049,6.939967005,80.60280203
341,1,incident_cutting,cutting,FALSE,cv,FALSE,4,65_65,,,,26.30059,51.2283,21.44703,2.31512,5.30721,1.15486,0.06918,4.16831,15.78998,29.30241,1,2.96083,6.982160005,80.74329003
342,1,incident_cutting,cutting,FALSE,cv,FALSE,1,66_65,,,,26.29562,50.65081,21.98572,2.28885,5.27388,1.14436,0.06954,5.60988,15.84553,30.77012,2,0.75315,6.975250005,80.77545003
343,1,incident_cutting,cutting,FALSE,cv,FALSE,1,66_65,,,,27.36632,49.31412,22.50399,2.22727,5.31797,1.1384,0.07201,3.44151,15.60838,29.8791,2,0.94839,6.958880005,80.77026443
344,1,incident_cutting,cutting,FALSE,cv,FALSE,4,62_64,,,,28.75088,49.98553,21.32482,2.31992,5.19996,1.1688,0.0608,0.69882,15.30076,28.72753,1,1.181,6.935350005,80.66925003
345,1,incident_cutting,cutting,FALSE,cv,FALSE,1,66_65,,,,27.36632,49.31412,22.50399,2.22727,5.31797,1.1384,0.07201,3.44151,15.60838,29.8791,2,0.95641,6.958800005,80.77026403
346,1,incident_cutting,cutting,FALSE,cv,FALSE,4,62_64,,,,27.27088,52.11171,20.62275,2.27821,5.13289,1.18045,0.06417,0.2205,15.04669,26.66853,1,1.08821,6.939661005,80.66187403
347,1,incident_cutting,cutting,FALSE,cv,FALSE,4,64_63,,,,29.4349,47.71106,22.67835,2.27801,5.2744,1.15888,0.06675,1.34343,15.45177,30.03273,1,2.55121,6.927121005,80.72290703
348,1,incident_cutting,cutting,FALSE,cv,FALSE,4,61_64,,,,24.5133,56.06354,18.97942,2.25853,5.17037,1.17725,0.06561,0.58867,14.58711,23.88181,1,2.14186,6.948194005,80.64335103
349,1,incident_cutting,cutting,FALSE,cv,FALSE,1,66_65,,,,27.36632,49.31412,22.50399,2.22727,5.31797,1.1384,0.07201,3.44151,15.60838,29.8791,2,0.95044,6.958820005,80.77017703
350,1,incident_cutting,cutting,TRUE,cv,TRUE,4,67_70,,,,21.54209,56.98032,19.75985,2.04901,5.49355,1.24283,0.05964,10.07931,15.17687,29.9697,4,3.33432,7.095044005,80.80319003
351,1,incident_cutting,cutting,TRUE,cv,FALSE,0,59_68,,,,23.28067,58.74343,17.04442,1.60128,5.31054,1.27222,0.06132,0.83726,12.99422,22.82154,3,2.14687,7.060907005,80.58352103
352,1,incident_cutting,cutting,FALSE,cv,FALSE,4,62_64,,,,27.27088,52.11171,20.62275,2.27821,5.13289,1.18045,0.06417,0.2205,15.04669,26.66853,1,0.6796,6.935730565,80.66222225
353,1,incident_cutting,cutting,FALSE,cv,FALSE,3,65_66,,,,26.20026,51.19955,21.50544,2.31801,5.30299,1.1531,0.0697,4.58771,15.79154,29.61359,2,1.94447,6.986491857,80.75364453
354,1,incident_cutting,cutting,FALSE,cv,FALSE,2,66_64,,,,27.91366,48.4124,22.92944,2.24188,5.30958,1.13047,0.07306,3.05166,15.60973,30.13716,1,0.66494,6.945768716,80.7757243
355,1,incident_cutting,cutting,FALSE,cv,FALSE,4,67_65,,,,26.55217,50.17258,22.22463,2.30459,5.26265,1.13945,0.07061,5.48296,15.84766,30.96726,1,0.69161,6.967313937,80.786817
356,1,incident_cutting,cutting,FALSE,cv,FALSE,1,66_65,,,,27.2113,49.36278,22.53472,2.22925,5.3159,1.13526,0.07251,3.82686,15.60966,30.10894,2,1.16043,6.956636895,80.77186511
357,1,incident_cutting,cutting,FALSE,cv,FALSE,4,64_63,,,,28.94141,47.94221,22.86013,2.24525,5.28862,1.1504,0.069,1.11447,15.3378,29.28718,1,3.37568,6.914556955,80.72635095
358,1,incident_cutting,cutting,FALSE,cv,FALSE,4,64_63,,,,29.2344,47.78932,22.85389,2.24055,5.29194,1.15315,0.06817,0.85061,15.33657,29.35392,1,2.8073,6.920079691,80.72338485
359,1,incident_cutting,cutting,TRUE,cv,FALSE,2,61_66,,,,23.59552,57.22234,18.26707,2.26352,5.27087,1.19088,0.06657,2.07586,14.61597,24.26651,1,4.55482,6.999989005,80.63809853
360,1,incident_cutting,cutting,FALSE,cv,FALSE,4,62_64,,,,26.69607,52.9025,20.2699,2.30916,5.14092,1.15482,0.06569,0.56673,15.02288,26.34221,1,1.27528,6.942799343,80.66098485
361,1,incident_cutting,cutting,FALSE,cv,FALSE,3,62_63,,,,28.05673,51.02621,20.98025,2.23107,5.19609,1.18478,0.06486,-0.09227,14.77772,27.03038,1,2.66308,6.906023005,80.66225603
362,1,incident_cutting,cutting,TRUE,cv,FALSE,4,62_68,,,,24.66993,54.88377,19.48314,2.09553,5.29294,1.2017,0.06758,2.63079,14.58447,26.30458,1,2.9033,7.053962005,80.67337103
363,1,incident_cutting,cutting,TRUE,cv,FALSE,2,61_66,,,,21.82845,60.01261,17.32628,2.30546,5.2068,1.18775,0.06352,1.45057,14.33274,21.97146,3,3.29713,6.983202005,80.62774003
364,1,incident_cutting,cutting,TRUE,cv,FALSE,1,63_69,,,,24.72627,54.7003,19.46475,2.07574,5.31242,1.20829,0.06735,3.02413,14.58446,26.62468,3,1.59297,7.065644005,80.68119403
365,1,incident_cutting,cutting,TRUE,cv,FALSE,3,59_69,,,,24.08477,57.0367,17.97909,1.48991,5.41136,1.27386,0.06699,0.15709,13.45135,22.88018,2,0.99783,7.071312005,80.58244003
366,1,incident_cutting,cutting,FALSE,cv,FALSE,1,60_63,,,,21.263,61.47143,16.35583,2.22652,5.11701,1.23493,0.06572,1.47076,13.67481,21.02521,2,0.59986,6.925062104,80.6072944
367,1,incident_cutting,cutting,TRUE,cv,FALSE,0,63_66,,,,25.72519,53.16145,20.48581,2.27068,5.27771,1.17392,0.06716,2.18353,15.42099,26.79448,3,4.37949,6.996438315,80.68813862
368,1,incident_cutting,cutting,TRUE,cv,FALSE,2,61_66,,,,21.82845,60.01261,17.32628,2.30546,5.2068,1.18775,0.06352,1.45057,14.33274,21.97146,2,3.44713,6.983202005,80.62912103
369,1,incident_cutting,cutting,FALSE,cv,FALSE,1,68_66,,,,24.13154,52.9104,21.33104,2.26673,5.28038,1.15182,0.06939,9.47479,15.84994,32.26796,2,2.36658,6.993909005,80.81310703
370,1,incident_cutting,cutting,FALSE,cv,FALSE,1,63_63,,,,30.14225,48.04356,22.27483,2.29608,5.23214,1.18064,0.0624,-0.58549,15.16249,28.95438,1,2.73714,6.911693005,80.67667103
371,1,incident_cutting,cutting,FALSE,cv,FALSE,4,62_64,,,,27.27088,52.11171,20.62275,2.27821,5.13289,1.18045,0.06417,0.2205,15.04669,26.66853,1,1.08821,6.939661005,80.66187403
372,1,incident_cutting,cutting,FALSE,cv,FALSE,4,65_63,,,,28.90322,47.56249,23.14772,2.26061,5.27834,1.14427,0.07087,1.09223,15.33925,29.23659,1,5.97123,6.905138005,80.74796803
373,1,incident_cutting,cutting,FALSE,cv,FALSE,4,65_63,,,,28.90322,47.56249,23.14772,2.26061,5.27834,1.14427,0.07087,1.09223,15.33925,29.23659,1,5.97134,6.905132005,80.74796603
374,1,incident_cutting,cutting,FALSE,cv,FALSE,0,61_62,,,,25.29629,55.05569,19.12644,2.22218,5.20088,1.19695,0.06374,0.85221,14.77222,24.63186,2,1.79307,6.895268005,80.64453603
375,1,incident_cutting,cutting,FALSE,cv,FALSE,4,64_63,,,,28.94078,47.961,22.83929,2.25119,5.2846,1.1499,0.06925,0.95395,15.33687,29.10022,1,4.12634,6.905742005,80.72837403
376,1,incident_cutting,cutting,TRUE,cv,FALSE,2,54_65,,,,20.38053,64.2609,13.92473,2.01568,5.09092,1.26836,0.06026,3.35098,12.65436,22.13068,2,2.00412,6.977735005,80.45200403
377,1,incident_cutting,cutting,TRUE,cv,FALSE,4,60_62,,,,22.70368,59.68487,16.58651,2.25147,5.07199,1.2311,0.06274,2.05535,14.13058,22.6004,3,1.02341,6.886677005,80.60511003
378,1,incident_cutting,cutting,FALSE,cv,FALSE,1,66_65,,,,26.20026,51.19955,21.50544,2.31801,5.30299,1.1531,0.0697,4.58771,15.79154,29.61359,2,0.97109,6.981818066,80.76140143
379,1,incident_cutting,cutting,FALSE,cv,FALSE,3,62_63,,,,26.56259,53.17644,20.0358,2.22366,5.20028,1.19098,0.06431,0.3852,14.77504,25.76528,1,2.65343,6.906458386,80.65535205
380,1,incident_cutting,cutting,FALSE,cv,FALSE,4,65_65,,,,26.73848,50.65952,21.68395,2.32819,5.29774,1.14896,0.06968,3.71662,15.79075,29.35907,2,1.99533,6.978757005,80.75198403
381,1,incident_cutting,cutting,FALSE,cv,FALSE,4,64_63,,,,28.94078,47.961,22.83929,2.25119,5.2846,1.1499,0.06925,0.95395,15.33687,29.10022,1,4.12634,6.905742005,80.72837403
382,1,incident_cutting,cutting,FALSE,cv,FALSE,4,61_64,,,,24.5133,56.06354,18.97942,2.25853,5.17037,1.17725,0.06561,0.58867,14.58711,23.88181,2,2.42099,6.950269005,80.64171803
383,1,incident_cutting,cutting,FALSE,cv,FALSE,0,67_74,,,,21.06917,60.88558,16.6563,1.06211,5.77497,1.33846,0.05479,7.15821,13.63426,27.02934,2,4.12186,7.212865005,80.78322343
384,1,incident_cutting,cutting,FALSE,cv,FALSE,4,61_64,,,,24.10568,56.57876,18.78797,2.24781,5.17791,1.18211,0.0656,0.78734,14.58618,23.67051,2,2.51153,6.951035005,80.64142803
385,1,incident_cutting,cutting,FALSE,cv,FALSE,3,62_63,,,,28.05673,51.02621,20.98025,2.23107,5.19609,1.18478,0.06486,-0.09227,14.77772,27.03038,1,2.44775,6.907923005,80.65839103
386,1,incident_cutting,cutting,FALSE,cv,FALSE,2,65_64,,,,28.42912,48.24282,22.85275,2.24515,5.31204,1.1533,0.07191,1.7827,15.60599,29.39618,2,3.51148,6.940999329,80.74795564
387,1,incident_cutting,cutting,FALSE,cv,FALSE,4,65_65,,,,26.64462,50.61828,21.74811,2.33125,5.29361,1.14721,0.07023,4.10549,15.7923,29.64839,1,1.48067,6.971573005,80.75419803
388,1,incident_cutting,cutting,FALSE,cv,FALSE,4,67_65,,,,25.31296,51.53587,21.78987,2.29287,5.26641,1.14188,0.07054,7.4614,15.84981,31.58435,2,1.64914,6.978834005,80.80458703
389,1,incident_cutting,cutting,FALSE,cv,FALSE,4,67_65,,,,26.0322,50.85516,21.95638,2.29067,5.27087,1.14329,0.06991,6.16071,15.84698,31.0442,1,0.55917,6.970050005,80.78711392
390,1,incident_cutting,cutting,FALSE,cv,FALSE,4,61_64,,,,24.5133,56.06354,18.97942,2.25853,5.17037,1.17725,0.06561,0.58867,14.58711,23.88181,1,2.19997,6.948819005,80.64354203
391,1,incident_cutting,cutting,FALSE,cv,FALSE,1,63_63,,,,31.00499,46.42101,23.15548,2.29578,5.23716,1.16038,0.06379,-0.55621,15.16809,30.12281,1,1.47476,6.927268005,80.68693703
392,1,incident_cutting,cutting,FALSE,cv,FALSE,1,63_63,,,,31.94152,45.51153,23.43078,2.22485,5.22165,1.17507,0.06398,-1.32644,14.56096,30.3576,1,3.29536,6.906112005,80.67782903
393,1,incident_cutting,cutting,TRUE,cv,FALSE,1,61_69,,,,24.09091,55.99996,18.96648,1.49534,5.36692,1.24741,0.06483,2.53363,14.2179,25.70058,2,3.6778,7.070072205,80.63547703
394,1,incident_cutting,cutting,TRUE,cv,FALSE,0,61_65,,,,21.82845,60.01261,17.32628,2.30546,5.2068,1.18775,0.06352,1.45057,14.33274,21.97146,2,3.25171,6.982156005,80.62709903
395,1,incident_cutting,cutting,FALSE,cv,FALSE,1,63_63,,,,31.94152,45.51153,23.43078,2.22485,5.22165,1.17507,0.06398,-1.32644,14.56096,30.3576,1,2.99271,6.908462005,80.68360103
396,1,incident_cutting,cutting,FALSE,cv,FALSE,1,66_65,,,,27.36632,49.31412,22.50399,2.22727,5.31797,1.1384,0.07201,3.44151,15.60838,29.8791,2,1.03255,6.958150005,80.77049803
397,1,incident_cutting,cutting,FALSE,cv,FALSE,4,61_64,,,,24.5133,56.06354,18.97942,2.25853,5.17037,1.17725,0.06561,0.58867,14.58711,23.88181,1,2.14168,6.948193005,80.64335303
398,1,incident_cutting,cutting,TRUE,cv,FALSE,1,62_67,,,,24.60543,55.50202,18.90532,2.25471,5.27196,1.19413,0.06667,2.62581,14.6183,25.81049,2,6.63444,7.023896005,80.64872203
399,1,incident_cutting,cutting,TRUE,cv,FALSE,1,63_69,,,,24.72627,54.7003,19.46475,2.07574,5.31242,1.20829,0.06735,3.02413,14.58446,26.62468,2,1.64857,7.065601005,80.68386703
400,1,incident_cutting,cutting,TRUE,cv,FALSE,1,62_67,,,,24.60543,55.50202,18.90532,2.25471,5.27196,1.19413,0.06667,2.62581,14.6183,25.81049,1,6.64479,7.017488005,80.65126603
401,1,incident_cutting,cutting,TRUE,cv,FALSE,1,61_69,,,,24.09091,55.99996,18.96648,1.49534,5.36692,1.24741,0.06483,2.53363,14.2179,25.70058,2,3.6783,7.070076905,80.63545703
402,1,incident_cutting,cutting,TRUE,cv,FALSE,2,61_66,,,,21.82845,60.01261,17.32628,2.30546,5.2068,1.18775,0.06352,1.45057,14.33274,21.97146,2,3.12073,6.983217005,80.62611603
403,1,incident_cutting,cutting,TRUE,cv,FALSE,1,63_69,,,,24.72627,54.7003,19.46475,2.07574,5.31242,1.20829,0.06735,3.02413,14.58446,26.62468,3,1.59297,7.065644005,80.68119403
404,1,incident_cutting,cutting,TRUE,cv,FALSE,1,61_69,,,,24.09091,55.99996,18.96648,1.49534,5.36692,1.24741,0.06483,2.53363,14.2179,25.70058,2,3.68002,7.070071805,80.63543203
405,1,incident_cutting,cutting,TRUE,cv,FALSE,3,64_68,,,,25.20955,53.73055,19.841,2.19428,5.33209,1.20194,0.06562,4.21186,14.69392,27.85275,2,3.62537,7.047221005,80.70171103
406,1,incident_cutting,cutting,TRUE,cv,FALSE,4,62_69,,,,24.37349,55.2659,19.28571,1.49757,5.37617,1.2439,0.06427,3.29207,14.22292,26.60687,2,1.02885,7.079365005,80.66070803
407,1,incident_cutting,cutting,FALSE,cv,TRUE,1,68_68,,,,21.47139,56.70321,20.19219,2.10006,5.43116,1.21912,0.06275,10.65733,15.18325,30.75873,2,1.74036,7.057518973,80.81040292
408,1,incident_cutting,cutting,FALSE,cv,FALSE,4,65_70,11/24/2021,11,inter_monsoon_2,23.84051,54.35036,20.01871,1.51113,5.3945,1.25873,0.05892,8.00685,14.15983,29.81838,2,0.89086,7.107471092,80.74698267
409,1,incident_cutting,cutting,TRUE,cv,FALSE,0,55_66,,,,19.14495,65.67743,13.78113,2.03831,5.17352,1.29253,0.06248,3.2904,12.79422,20.87264,2,0.66315,6.995035005,80.48068303
410,1,incident_cutting,cutting,TRUE,cv,FALSE,1,72_68,12/1/2021,12,NE_monsoon,17.05255,61.69986,18.73138,2.04595,5.50683,1.23286,0.06415,18.30413,15.52191,34.0673,1,7.61606,7.048654005,80.92450703
411,1,incident_cutting,cutting,TRUE,cv,FALSE,0,72_70,12/3/2021,12,NE_monsoon,15.56912,65.59981,16.88597,1.30356,5.67339,1.32789,0.05874,14.84143,13.75203,29.22359,2,10.11628,7.108591005,80.92633603
412,1,incident_cutting,cutting,TRUE,cv,FALSE,0,72_70,12/3/2021,12,NE_monsoon,15.56912,65.59981,16.88597,1.30356,5.67339,1.32789,0.05874,14.84143,13.75203,29.22359,4,10.45987,7.105456005,80.92293503
413,1,incident_cutting,cutting,TRUE,cv,TRUE,3,71_70,12/16/2021,12,NE_monsoon,17.7339,62.03863,18.45343,2.1261,5.52748,1.25185,0.06028,14.43164,15.2225,30.97297,3,7.56732,7.099281605,80.89354103
414,1,incident_cutting,cutting,TRUE,cv,FALSE,3,57_64,10/12/2020,10,inter_monsoon_2,18.34896,66.92907,13.48101,2.18377,5.13238,1.25369,0.06226,2.02862,12.79192,18.68837,2,0.87852,6.952502005,80.51245403
415,1,incident_cutting,cutting,TRUE,cv,FALSE,0,72_70,12/5/2021,12,NE_monsoon,15.56912,65.59981,16.88597,1.30356,5.67339,1.32789,0.05874,14.84143,13.75203,29.22359,2,10.08904,7.108819905,80.92680503
416,1,incident_cutting,cutting,FALSE,cv,FALSE,0,66_66,1/6/2022,1,NE_monsoon,26.20026,51.19955,21.50544,2.31801,5.30299,1.1531,0.0697,4.58771,15.79154,29.61359,2,1.49976,6.983552005,80.75690003
417,1,incident_cutting,cutting,TRUE,cv,TRUE,1,70_69,,,,18.55234,60.30385,18.84922,2.1829,5.50749,1.21848,0.06266,16.90692,15.73375,34.12032,2,5.95317,7.071458005,80.88697903
418,1,incident_cutting,cutting,TRUE,cv,FALSE,0,72_70,12/19/2021,12,NE_monsoon,15.56912,65.59981,16.88597,1.30356,5.67339,1.32789,0.05874,14.84143,13.75203,29.22359,3,10.4324,7.105751605,80.92581603
419,1,incident_cutting,cutting,TRUE,cv,FALSE,0,72_70,12/6/2021,12,NE_monsoon,16.29012,63.95737,17.74421,1.96688,5.59536,1.27662,0.0621,14.6919,14.52464,29.77274,4,10.17344,7.100488005,80.91896003
420,1,incident_cutting,cutting,TRUE,cv,FALSE,0,72_70,11/28/2021,11,inter_monsoon_2,15.56912,65.59981,16.88597,1.30356,5.67339,1.32789,0.05874,14.84143,13.75203,29.22359,2,10.33264,7.106670605,80.92547303
421,1,incident_cutting,cutting,TRUE,cv,TRUE,4,62_68,11/17/2021,11,inter_monsoon_2,24.5375,55.22623,19.30339,2.09044,5.29483,1.20459,0.06763,2.3204,14.58238,25.89546,1,3.73336,7.047147005,80.66221403
422,1,incident_cutting,cutting,TRUE,cv,TRUE,4,62_68,11/27/2021,11,inter_monsoon_2,24.5375,55.22623,19.30339,2.09044,5.29483,1.20459,0.06763,2.3204,14.58238,25.89546,1,3.675,7.047530005,80.66291003
423,1,incident_cutting,cutting,TRUE,cv,FALSE,1,72_68,12/1/2021,12,NE_monsoon,17.05255,61.69986,18.73138,2.04595,5.50683,1.23286,0.06415,18.30413,15.52191,34.0673,1,7.62788,7.048755005,80.92443003
424,1,incident_cutting,cutting,TRUE,cv,TRUE,3,71_70,12/16/2021,12,NE_monsoon,17.7339,62.03863,18.45343,2.1261,5.52748,1.25185,0.06028,14.43164,15.2225,30.97297,2,7.44057,7.099413005,80.89216003
425,1,incident_cutting,cutting,TRUE,cv,FALSE,1,56_66,3/15/2022,3,inter_monsoon_1,19.14495,65.67743,13.78113,2.03831,5.17352,1.29253,0.06248,3.2904,12.79422,20.87264,2,1.10268,6.993647005,80.48706003
426,1,incident_cutting,cutting,TRUE,cv,FALSE,4,62_69,12/16/2020,12,NE_monsoon,24.35038,55.42733,19.18836,1.49535,5.37596,1.24596,0.06454,2.98363,14.22114,26.31801,2,1.52455,7.081185005,80.65625003
427,1,incident_cutting,cutting,TRUE,cv,FALSE,4,62_69,11/20/2021,11,inter_monsoon_2,24.68674,54.92613,19.32407,2.07121,5.31354,1.21078,0.06745,2.65051,14.58241,26.25882,3,1.66961,7.065473005,80.67411903
428,1,incident_cutting,cutting,TRUE,cv,FALSE,4,57_63,8/12/2021,8,SW_monsoon,19.13272,66.00538,13.42566,2.1583,5.06544,1.27573,0.0594,3.28791,13.3856,20.37574,1,0.44859,6.918406005,80.52038303
429,1,incident_cutting,cutting,TRUE,cv,FALSE,4,57_63,,,,19.13272,66.00538,13.42566,2.1583,5.06544,1.27573,0.0594,3.28791,13.3856,20.37574,1,0.55521,6.915353005,80.52154003
430,1,incident_cutting,cutting,FALSE,cv,FALSE,2,66_64,10/29/2021,10,inter_monsoon_2,27.91366,48.4124,22.92944,2.24188,5.30958,1.13047,0.07306,3.05166,15.60973,30.13716,2,1.00926,6.948243005,80.77103703
431,1,incident_cutting,cutting,TRUE,cv,FALSE,3,61_68,,,,24.47111,55.83422,18.6207,2.22609,5.28827,1.20629,0.06673,2.53349,14.61428,25.55431,2,5.08709,7.042779005,80.64293803
432,1,incident_cutting,cutting,TRUE,cv,TRUE,1,70_69,,,,18.55234,60.30385,18.84922,2.1829,5.50749,1.21848,0.06266,16.90692,15.73375,34.12032,2,5.99344,7.071548005,80.88733703
433,1,incident_cutting,cutting,TRUE,cv,FALSE,0,63_66,11/2/2021,11,inter_monsoon_2,25.58012,53.15654,20.51626,2.26267,5.28111,1.17632,0.0673,2.70427,15.42191,27.11926,2,3.32233,6.998514005,80.69898103
434,1,incident_cutting,cutting,TRUE,cv,TRUE,1,63_69,11/8/2021,11,inter_monsoon_2,24.72627,54.7003,19.46475,2.07574,5.31242,1.20829,0.06735,3.02413,14.58446,26.62468,2,1.11688,7.069921005,80.67934703
435,1,incident_cutting,cutting,TRUE,cv,TRUE,1,70_69,11/11/2021,11,inter_monsoon_2,18.55234,60.30385,18.84922,2.1829,5.50749,1.21848,0.06266,16.90692,15.73375,34.12032,2,5.95317,7.071458005,80.88697903
436,1,incident_cutting,cutting,FALSE,cv,FALSE,4,67_65,8/21/2021,8,SW_monsoon,25.7031,51.15271,21.88991,2.292,5.26839,1.14247,0.07024,6.77816,15.8484,31.31418,1,0.70657,6.973676005,80.79774803
437,1,incident_cutting,cutting,TRUE,cv,FALSE,4,61_67,11/2/2021,11,inter_monsoon_2,23.18124,57.91937,17.91698,2.24584,5.2809,1.1992,0.06661,2.02911,14.61286,23.78494,3,4.27828,7.015541005,80.62640003
438,1,incident_cutting,cutting,TRUE,cv,FALSE,1,70_68,,,,18.39733,59.62553,19.4117,2.13571,5.48313,1.19629,0.06457,19.08104,15.39268,36.09597,2,3.26994,7.044911005,80.87556003
439,1,incident_cutting,cutting,TRUE,cv,FALSE,1,70_68,,,,18.55717,59.83221,19.16299,2.12437,5.49979,1.20226,0.06362,17.82799,15.39089,35.00879,2,3.27887,7.045138005,80.87552003
440,1,incident_cutting,cutting,TRUE,cv,FALSE,4,62_69,11/3/2021,11,inter_monsoon_2,24.45845,55.30863,19.17138,1.49063,5.38533,1.24886,0.06476,2.88488,14.22084,26.30622,2,1.68934,7.084953005,80.65264333
441,1,incident_cutting,cutting,TRUE,cv,FALSE,2,64_58,,,,24.12218,55.82872,18.57096,2.26577,5.22485,1.23826,0.06379,4.26152,13.95476,26.2943,1,0.39334,6.779770005,80.70355103
442,1,incident_cutting,cutting,TRUE,cv,FALSE,4,61_67,11/12/2021,11,inter_monsoon_2,24.17369,56.25968,18.62466,2.25937,5.27083,1.19327,0.06664,2.3248,14.61716,25.09212,1,5.48028,7.014778005,80.64066103
443,1,incident_cutting,cutting,TRUE,cv,FALSE,2,64_58,,,,24.12218,55.82872,18.57096,2.26577,5.22485,1.23826,0.06379,4.26152,13.95476,26.2943,1,0.39483,6.779778005,80.70356503
444,1,incident_cutting,cutting,TRUE,cv,FALSE,1,70_68,,,,18.55717,59.83221,19.16299,2.12437,5.49979,1.20226,0.06362,17.82799,15.39089,35.00879,2,3.27887,7.045138005,80.87552003
445,1,incident_cutting,cutting,TRUE,cv,FALSE,1,70_68,,,,18.55717,59.83221,19.16299,2.12437,5.49979,1.20226,0.06362,17.82799,15.39089,35.00879,2,3.31928,7.045149005,80.87593803
446,1,incident_cutting,cutting,TRUE,cv,TRUE,4,70_70,11/23/2021,11,inter_monsoon_2,17.7339,62.03863,18.45343,2.1261,5.52748,1.25185,0.06028,14.43164,15.2225,30.97297,4,6.79612,7.093156005,80.88883003
447,1,incident_cutting,cutting,FALSE,cv,FALSE,1,65_62,10/2/2021,10,inter_monsoon_2,28.43413,48.41606,22.7181,2.26628,5.27667,1.14763,0.07061,0.94969,15.336,28.48722,2,4.58287,6.888920005,80.73575003
448,1,incident_cutting,cutting,TRUE,cv,FALSE,4,57_63,8/21/2021,8,SW_monsoon,19.13272,66.00538,13.42566,2.1583,5.06544,1.27573,0.0594,3.28791,13.3856,20.37574,1,0.53854,6.915620005,80.52145203
449,1,incident_cutting,cutting,TRUE,cv,TRUE,4,62_68,,,,24.5375,55.22623,19.30339,2.09044,5.29483,1.20459,0.06763,2.3204,14.58238,25.89546,1,3.9122,7.045549005,80.66194403
450,1,incident_cutting,cutting,TRUE,cv,FALSE,4,58_64,7/9/2021,7,SW_monsoon,16.93399,68.62755,13.13225,2.25751,5.11482,1.23477,0.06238,2.39542,13.40856,17.61549,1,2.47042,6.941814005,80.54080203
451,1,incident_cutting,cutting,TRUE,cv,FALSE,4,57_63,8/12/2021,8,SW_monsoon,19.13272,66.00538,13.42566,2.1583,5.06544,1.27573,0.0594,3.28791,13.3856,20.37574,1,0.45301,6.918283005,80.52048103
452,1,incident_cutting,cutting,TRUE,cv,FALSE,4,57_63,8/21/2021,8,SW_monsoon,19.13272,66.00538,13.42566,2.1583,5.06544,1.27573,0.0594,3.28791,13.3856,20.37574,1,0.51487,6.916025005,80.52131003
453,1,incident_cutting,cutting,TRUE,cv,FALSE,4,57_63,8/12/2021,8,SW_monsoon,19.13272,66.00538,13.42566,2.1583,5.06544,1.27573,0.0594,3.28791,13.3856,20.37574,1,0.41436,6.918343005,80.52007003
454,1,incident_cutting,cutting,TRUE,cv,FALSE,2,58_69,,,,23.58283,58.60663,16.88764,1.5871,5.29413,1.28598,0.06331,0.44561,12.9905,22.78416,2,1.74361,7.074876005,80.54501003
455,1,incident_cutting,cutting,TRUE,cv,FALSE,4,57_63,,,,19.13272,66.00538,13.42566,2.1583,5.06544,1.27573,0.0594,3.28791,13.3856,20.37574,2,0.61689,6.922276005,80.51687003
456,1,incident_cutting,cutting,TRUE,cv,FALSE,4,57_63,8/21/2021,8,SW_monsoon,19.13272,66.00538,13.42566,2.1583,5.06544,1.27573,0.0594,3.28791,13.3856,20.37574,1,0.43712,6.918786005,80.52006003
457,1,incident_cutting,cutting,TRUE,cv,FALSE,4,57_63,8/12/2021,8,SW_monsoon,19.13272,66.00538,13.42566,2.1583,5.06544,1.27573,0.0594,3.28791,13.3856,20.37574,1,0.51336,6.916496005,80.52134103
458,1,incident_cutting,cutting,TRUE,cv,FALSE,4,57_63,8/12/2021,8,SW_monsoon,19.13272,66.00538,13.42566,2.1583,5.06544,1.27573,0.0594,3.28791,13.3856,20.37574,1,0.55592,6.915988305,80.52168003
459,1,incident_cutting,cutting,TRUE,cv,TRUE,4,67_70,,,,21.43989,57.29916,19.5629,2.0377,5.51182,1.24786,0.05885,9.86238,15.17566,29.6523,3,4.30189,7.105301005,80.80363503
460,1,incident_cutting,cutting,TRUE,cv,FALSE,4,58_61,8/5/2020,8,SW_monsoon,21.32388,62.43114,14.71185,2.23519,5.04875,1.25397,0.06063,3.08247,14.11827,21.42225,2,1.46093,6.860326195,80.56099713
461,1,incident_cutting,cutting,FALSE,cv,FALSE,3,65_66,10/26/2021,10,inter_monsoon_2,24.97138,52.76223,21.36053,2.29716,5.28123,1.16673,0.06604,5.02123,15.65208,28.74883,1,2.65817,6.998714348,80.74945357
462,1,incident_cutting,cutting,TRUE,cv,FALSE,2,62_66,10/23/2021,10,inter_monsoon_2,24.98678,54.82822,19.26121,2.27301,5.26043,1.18566,0.06676,2.71528,14.62147,26.3106,1,5.98848,7.009476005,80.66683003
463,1,incident_cutting,cutting,TRUE,cv,FALSE,4,57_63,8/21/2021,8,SW_monsoon,19.13272,66.00538,13.42566,2.1583,5.06544,1.27573,0.0594,3.28791,13.3856,20.37574,1,0.52229,6.915871005,80.52135303
464,1,incident_cutting,cutting,TRUE,cv,FALSE,4,57_63,8/21/2021,8,SW_monsoon,19.13272,66.00538,13.42566,2.1583,5.06544,1.27573,0.0594,3.28791,13.3856,20.37574,1,0.53914,6.915626005,80.52145903
465,1,incident_cutting,cutting,TRUE,cv,TRUE,4,62_68,11/17/2021,11,inter_monsoon_2,24.5375,55.22623,19.30339,2.09044,5.29483,1.20459,0.06763,2.3204,14.58238,25.89546,1,3.64153,7.047464005,80.66491103
466,1,incident_cutting,cutting,TRUE,cv,FALSE,4,57_63,8/12/2021,8,SW_monsoon,19.13272,66.00538,13.42566,2.1583,5.06544,1.27573,0.0594,3.28791,13.3856,20.37574,1,0.42235,6.918358005,80.52014303
467,1,incident_cutting,cutting,TRUE,cv,TRUE,1,63_68,7/9/2021,7,SW_monsoon,24.97635,53.84347,20.16118,2.14223,5.31873,1.20729,0.06275,4.75195,14.57699,28.52778,3,3.11892,7.057126005,80.69651803
468,1,incident_cutting,cutting,TRUE,cv,FALSE,4,62_69,11/10/2021,11,inter_monsoon_2,24.35038,55.42733,19.18836,1.49535,5.37596,1.24596,0.06454,2.98363,14.22114,26.31801,2,2.08706,7.077763005,80.65124003
469,1,incident_cutting,cutting,TRUE,cv,TRUE,4,62_68,12/8/2021,12,NE_monsoon,24.93742,54.888,19.07345,2.23801,5.28136,1.20004,0.0666,3.06118,14.61837,26.52714,2,4.21453,7.042078005,80.66619003
470,1,incident_cutting,cutting,TRUE,cv,FALSE,4,57_63,8/12/2021,8,SW_monsoon,19.13272,66.00538,13.42566,2.1583,5.06544,1.27573,0.0594,3.28791,13.3856,20.37574,1,0.39659,6.919193005,80.51928003
471,1,incident_cutting,cutting,TRUE,cv,FALSE,4,57_63,8/15/2021,8,SW_monsoon,19.13272,66.00538,13.42566,2.1583,5.06544,1.27573,0.0594,3.28791,13.3856,20.37574,,0.54304,6.921600005,80.51702503
472,1,incident_cutting,cutting,TRUE,cv,FALSE,4,57_63,8/12/2021,8,SW_monsoon,19.13272,66.00538,13.42566,2.1583,5.06544,1.27573,0.0594,3.28791,13.3856,20.37574,1,0.40352,6.918561005,80.51984103
473,1,incident_cutting,cutting,TRUE,cv,FALSE,0,61_59,3/26/2021,3,inter_monsoon_1,23.98984,57.22065,17.28864,2.30266,5.10453,1.22599,0.0632,3.88165,13.4397,24.8875,1,1.99503,6.817140005,80.64020003
474,1,incident_cutting,cutting,TRUE,cv,FALSE,1,61_69,,,,24.38734,56.14674,18.33177,1.57003,5.36075,1.24519,0.06559,2.3424,14.07519,25.25279,2,3.21497,7.072220005,80.64141603
475,1,incident_cutting,cutting,FALSE,cv,FALSE,2,65_64,11/7/2021,11,inter_monsoon_2,27.98884,48.649,22.73204,2.23687,5.31436,1.13513,0.07199,2.51712,15.60719,29.64813,1,2.50001,6.947558005,80.75457503
476,1,incident_cutting,cutting,FALSE,cv,FALSE,2,66_64,12/11/2021,12,NE_monsoon,27.66862,48.59351,22.90384,2.2432,5.30847,1.12996,0.07352,3.48018,15.61095,30.31234,1,0.76213,6.943512005,80.78232703
477,1,incident_cutting,cutting,FALSE,cv,FALSE,3,63_64,11/11/2021,11,inter_monsoon_2,29.80849,48.18089,22.16662,2.33265,5.19123,1.16913,0.0624,0.66647,15.30552,29.8901,1,0.65878,6.932226005,80.69447003
478,1,incident_cutting,cutting,TRUE,cv,FALSE,0,56_65,11/16/2021,11,inter_monsoon_2,18.99537,66.06401,13.72324,2.15438,5.137,1.28511,0.0632,1.98106,12.78955,19.43513,3,2.36832,6.982643005,80.50269903
479,1,incident_cutting,cutting,TRUE,cv,FALSE,4,57_63,8/12/2021,8,SW_monsoon,19.13272,66.00538,13.42566,2.1583,5.06544,1.27573,0.0594,3.28791,13.3856,20.37574,1,0.51663,6.916735005,80.52137503
480,1,incident_cutting,cutting,TRUE,cv,FALSE,4,55_64,7/25/2021,7,SW_monsoon,19.82771,64.77291,13.99793,2.05611,5.10164,1.25335,0.0599,2.92068,12.65997,20.97466,3,3.36255,6.946500005,80.48080003
481,1,incident_cutting,cutting,TRUE,cv,FALSE,0,55_66,,,,20.38757,63.65615,14.55906,1.48841,5.16772,1.3064,0.06023,3.56037,12.30014,22.41836,2,0.94047,7.000180005,80.47187303
482,1,incident_cutting,cutting,TRUE,cv,FALSE,1,56_66,6/23/2021,6,SW_monsoon,19.371,65.44316,13.84134,1.563,5.21907,1.29479,0.06123,3.16026,12.12759,21.02589,1,1.38252,7.009758005,80.48929503
483,1,incident_cutting,cutting,TRUE,cv,FALSE,1,56_66,,,,18.99537,66.06401,13.72324,2.15438,5.137,1.28511,0.0632,1.98106,12.78955,19.43513,3,2.60762,6.983719005,80.50080503
484,1,incident_cutting,cutting,TRUE,cv,FALSE,4,55_64,,,,19.82771,64.77291,13.99793,2.05611,5.10164,1.25335,0.0599,2.92068,12.65997,20.97466,2,3.30036,6.947011605,80.48410003
485,1,incident_cutting,cutting,TRUE,cv,FALSE,1,70_68,12/31/2021,12,NE_monsoon,18.55717,59.83221,19.16299,2.12437,5.49979,1.20226,0.06362,17.82799,15.39089,35.00879,4,4.44693,7.052980005,80.88303303
486,1,incident_cutting,cutting,TRUE,cv,FALSE,4,57_63,8/12/2020,8,SW_monsoon,19.13272,66.00538,13.42566,2.1583,5.06544,1.27573,0.0594,3.28791,13.3856,20.37574,1,0.42918,6.919616005,80.51926303
487,1,incident_cutting,cutting,TRUE,cv,FALSE,0,55_65,8/12/2021,8,SW_monsoon,20.26965,64.30064,14.01089,2.02081,5.10001,1.26636,0.06045,3.17413,12.65566,21.83184,,1.19783,6.974855005,80.46046003
488,1,incident_cutting,cutting,TRUE,cv,FALSE,2,58_69,8/12/2021,8,SW_monsoon,23.0446,59.40467,16.60627,1.59102,5.2916,1.28504,0.06258,0.57554,12.99016,22.34465,2,2.39869,7.068551005,80.55166503
489,1,incident_cutting,cutting,TRUE,cv,FALSE,4,57_63,11/11/2021,11,inter_monsoon_2,19.4715,65.55036,13.52205,2.16587,5.0594,1.25121,0.05917,3.3717,13.38647,20.68906,3,0.68945,6.911886005,80.52082203
490,1,incident_cutting,cutting,FALSE,cv,FALSE,1,66_65,10/23/2021,10,inter_monsoon_2,26.29562,50.65081,21.98572,2.28885,5.27388,1.14436,0.06954,5.60988,15.84553,30.77012,2,0.82373,6.976924005,80.78006903
491,1,incident_cutting,cutting,FALSE,cv,FALSE,4,65_63,9/30/2021,9,SW_monsoon,28.8348,47.85898,22.96183,2.24984,5.28537,1.14766,0.0698,1.26927,15.33901,29.33163,1,4.78537,6.913359745,80.73997557
492,1,incident_cutting,cutting,TRUE,cv,TRUE,0,68_70,,,,20.61907,58.77382,19.02855,2.03059,5.53828,1.2513,0.05786,10.09894,15.17596,29.27549,2,4.94351,7.114583005,80.82330103
493,1,incident_cutting,cutting,TRUE,cv,FALSE,0,58_68,,,,22.34534,60.66791,15.93615,1.61422,5.24076,1.28587,0.06497,1.1737,12.57293,22.2253,2,1.46704,7.062881005,80.54120603
494,1,incident_cutting,cutting,TRUE,cv,TRUE,4,63_67,11/1/2021,11,inter_monsoon_2,25.19734,53.83225,20.16488,2.24638,5.296,1.18468,0.06673,2.67197,15.41913,26.66223,4,3.04598,7.010980005,80.69395003
495,1,incident_cutting,cutting,TRUE,cv,FALSE,2,58_69,8/18/2021,8,SW_monsoon,23.38242,58.99028,16.69,1.58594,5.28799,1.28757,0.06345,0.44132,12.98952,22.56732,1,1.62019,7.075430005,80.54362203
496,1,incident_cutting,cutting,TRUE,cv,FALSE,4,58_64,,,,16.93399,68.62755,13.13225,2.25751,5.11482,1.23477,0.06238,2.39542,13.40856,17.61549,2,2.37005,6.946110005,80.54114103
497,1,incident_cutting,cutting,TRUE,cv,TRUE,1,63_68,,,,24.8016,54.37787,19.71721,2.0928,5.29943,1.20106,0.06742,3.4132,14.58756,27.08512,2,2.17141,7.062741005,80.68937503
498,1,incident_cutting,cutting,TRUE,cv,FALSE,4,62_69,,,,24.35038,55.42733,19.18836,1.49535,5.37596,1.24596,0.06454,2.98363,14.22114,26.31801,2,1.99998,7.074859005,80.65264203
499,1,incident_cutting,cutting,TRUE,cv,FALSE,2,62_66,7/6/2021,7,SW_monsoon,24.98678,54.82822,19.26121,2.27301,5.26043,1.18566,0.06676,2.71528,14.62147,26.3106,2,6.17508,7.007876005,80.66544103
500,1,incident_cutting,cutting,FALSE,cv,FALSE,4,62_64,10/23/2021,10,inter_monsoon_2,27.27088,52.11171,20.62275,2.27821,5.13289,1.18045,0.06417,0.2205,15.04669,26.66853,1,0.4672,6.934188005,80.66055833
501,1,incident_cutting,cutting,TRUE,cv,FALSE,1,62_67,10/6/2021,10,inter_monsoon_2,24.91782,54.91101,19.12293,2.24957,5.27423,1.19537,0.06665,2.97474,14.61937,26.44496,1,5.40546,7.031954005,80.66098803
502,1,incident_cutting,cutting,TRUE,cv,FALSE,3,61_68,11/9/2021,11,inter_monsoon_2,24.10011,56.65901,18.1471,1.57335,5.3548,1.21718,0.06561,2.16959,14.07381,24.80771,4,4.28515,7.063603005,80.63485303
503,1,incident_cutting,cutting,FALSE,cv,TRUE,4,67_70,,,,21.54209,56.98032,19.75985,2.04901,5.49355,1.24283,0.05964,10.07931,15.17687,29.9697,3,3.96296,7.099281387,80.79931601
504,1,incident_cutting,cutting,TRUE,cv,TRUE,1,68_69,,,,20.93077,57.61498,19.77222,2.07633,5.4668,1.2301,0.06119,11.07531,15.18134,30.58448,4,0.85989,7.077746005,80.81931603
505,1,incident_cutting,cutting,TRUE,cv,FALSE,1,56_66,,,,19.371,65.44316,13.84134,1.563,5.21907,1.29479,0.06123,3.16026,12.12759,21.02589,1,1.59238,7.009249515,80.49217198
506,1,incident_cutting,cutting,TRUE,cv,FALSE,4,60_62,5/25/2021,5,SW_monsoon,22.11106,60.66133,16.11188,2.24383,5.07218,1.2364,0.06234,2.22464,14.12761,22.09269,2,1.5888,6.892152005,80.59718503
507,1,incident_cutting,cutting,TRUE,cv,FALSE,0,55_66,,,,20.31947,63.90936,14.35242,1.49138,5.15296,1.27155,0.05956,3.78202,12.29904,22.54275,2,1.63293,6.996687605,80.46621503
508,1,incident_cutting,cutting,TRUE,cv,FALSE,0,55_66,,,,20.31947,63.90936,14.35242,1.49138,5.15296,1.27155,0.05956,3.78202,12.29904,22.54275,3,1.8545,6.993944005,80.46067503
509,1,incident_cutting,cutting,TRUE,cv,FALSE,4,57_63,,,,19.45738,65.4211,13.68519,2.17174,5.06651,1.2714,0.05938,3.26349,13.38873,20.5549,2,0.60367,6.903972005,80.52938503
510,1,incident_cutting,cutting,TRUE,cv,FALSE,4,60_62,,,,22.11106,60.66133,16.11188,2.24383,5.07218,1.2364,0.06234,2.22464,14.12761,22.09269,2,0.98704,6.886804005,80.59830403
511,1,incident_cutting,cutting,TRUE,cv,FALSE,0,55_66,,,,20.38757,63.65615,14.55906,1.48841,5.16772,1.3064,0.06023,3.56037,12.30014,22.41836,2,1.24325,7.006591005,80.47056803
512,1,incident_cutting,cutting,TRUE,cv,FALSE,0,55_66,,,,20.31947,63.90936,14.35242,1.49138,5.15296,1.27155,0.05956,3.78202,12.29904,22.54275,2,1.91984,6.997727005,80.46328303
513,1,incident_cutting,cutting,TRUE,cv,FALSE,1,70_69,,,,18.55234,60.30385,18.84922,2.1829,5.50749,1.21848,0.06266,16.90692,15.73375,34.12032,2,5.51694,7.066069005,80.88450203
514,1,incident_cutting,cutting,TRUE,cv,TRUE,1,70_69,,,,18.55234,60.30385,18.84922,2.1829,5.50749,1.21848,0.06266,16.90692,15.73375,34.12032,2,5.75072,7.069240005,80.88529503
515,1,incident_cutting,cutting,TRUE,cv,TRUE,1,70_68,,,,18.45937,60.05798,19.07875,2.19479,5.48946,1.21186,0.06362,17.94267,15.73645,35.05159,2,4.88996,7.055852005,80.88591103
516,1,incident_cutting,cutting,TRUE,cv,TRUE,1,70_69,,,,18.55234,60.30385,18.84922,2.1829,5.50749,1.21848,0.06266,16.90692,15.73375,34.12032,2,5.75212,7.069888005,80.88527203
517,1,incident_cutting,cutting,TRUE,cv,FALSE,1,62_67,,,,24.91782,54.91101,19.12293,2.24957,5.27423,1.19537,0.06665,2.97474,14.61937,26.44496,1,5.97461,7.026247005,80.66453903
518,1,incident_cutting,cutting,TRUE,cv,FALSE,0,55_65,,,,20.38053,64.2609,13.92473,2.01568,5.09092,1.26836,0.06026,3.35098,12.65436,22.13068,2,1.25399,6.978896721,80.45870463
519,1,incident_cutting,cutting,TRUE,cv,FALSE,1,56_67,,,,19.44413,65.4583,13.73009,1.56166,5.21119,1.29724,0.06125,3.34835,12.12644,21.27729,1,1.93449,7.016775005,80.48795803
520,1,incident_cutting,cutting,TRUE,cv,FALSE,4,60_62,,,,22.11106,60.66133,16.11188,2.24383,5.07218,1.2364,0.06234,2.22464,14.12761,22.09269,2,1.34242,6.889711005,80.59688303
521,1,incident_cutting,cutting,TRUE,cv,FALSE,4,60_62,,,,22.70368,59.68487,16.58651,2.25147,5.07199,1.2311,0.06274,2.05535,14.13058,22.6004,2,1.46159,6.891509005,80.60211703
522,1,incident_cutting,cutting,TRUE,cv,FALSE,1,69_69,,,,20.20888,58.3478,19.69868,2.09089,5.45755,1.22323,0.06201,12.43584,15.18454,31.33634,2,0.68255,7.066521005,80.83947603
523,1,incident_cutting,cutting,TRUE,cv,FALSE,3,60_60,,,,23.37431,58.49665,16.63932,2.28562,5.0909,1.23391,0.06205,3.68164,13.43268,23.88376,1,4.01807,6.839110005,80.61085503
524,1,incident_cutting,cutting,FALSE,cv,FALSE,1,68_72,,,,21.09129,59.32441,18.2034,1.50254,5.58312,1.28764,0.05499,8.78111,14.85678,28.60171,3,3.04976,7.153096005,80.82326603
525,1,incident_cutting,cutting,FALSE,cv,FALSE,4,65_72,,,,23.41561,56.23968,18.90466,1.51667,5.50731,1.26591,0.05634,5.20079,14.21989,27.1377,2,3.6632,7.156421005,80.73231603
526,1,incident_cutting,cutting,FALSE,cv,TRUE,1,65_71,,,,23.35209,55.86067,19.26493,1.52365,5.47989,1.26125,0.05613,6.79757,14.22297,28.53297,3,3.74656,7.140362805,80.74631003
527,1,incident_cutting,cutting,FALSE,cv,FALSE,4,64_64,,,,28.52658,49.0855,22.13637,2.34924,5.29095,1.17213,0.06861,1.16248,15.78678,28.84793,2,2.30624,6.949453005,80.70752503
528,1,incident_cutting,cutting,TRUE,cv,FALSE,1,56_66,,,,19.08748,65.8959,13.66384,1.567,5.21456,1.2925,0.06064,3.21665,12.12732,20.7671,1,1.22723,7.005202005,80.49063303
529,1,incident_cutting,cutting,FALSE,cv,FALSE,1,68_72,,,,21.09129,59.32441,18.2034,1.50254,5.58312,1.28764,0.05499,8.78111,14.85678,28.60171,3,3.04976,7.153096005,80.82326603
530,1,incident_cutting,cutting,FALSE,cv,FALSE,4,65_72,,,,23.41561,56.23968,18.90466,1.51667,5.50731,1.26591,0.05634,5.20079,14.21989,27.1377,2,3.6632,7.156421005,80.73231603
531,1,incident_cutting,cutting,FALSE,cv,FALSE,4,65_65,,,,26.30059,51.2283,21.44703,2.31512,5.30721,1.15486,0.06918,4.16831,15.78998,29.30241,1,2.96083,6.982160005,80.74329003
532,1,incident_cutting,cutting,TRUE,cv,FALSE,2,59_62,,,,21.79866,61.06427,16.07253,2.2368,5.0779,1.23699,0.0624,2.1321,14.12706,21.86204,2,2.34873,6.897527005,80.59200503
533,1,incident_cutting,cutting,TRUE,cv,FALSE,3,71_69,,,,18.59488,60.57418,18.6324,2.17115,5.5256,1.225,0.0617,16.05942,15.73107,33.3261,3,6.61028,7.079872005,80.89166803
534,1,incident_cutting,cutting,TRUE,cv,FALSE,3,60_66,,,,21.32438,60.80568,16.92311,2.27752,5.22136,1.20015,0.06351,1.50582,14.32877,21.51229,3,2.58623,7.001551005,80.61804203
535,1,incident_cutting,cutting,TRUE,cv,FALSE,2,69_66,,,,20.08206,57.55273,20.07306,2.18461,5.4233,1.17487,0.06771,15.70769,15.39642,34.55177,1,3.09662,7.003088005,80.85774803
536,1,incident_cutting,cutting,TRUE,cv,FALSE,1,56_67,,,,19.67694,64.95882,14.02813,1.55904,5.22352,1.32236,0.06186,3.09667,12.12789,21.29682,2,2.08835,7.020588005,80.48889303
537,1,incident_cutting,cutting,TRUE,cv,FALSE,3,54_66,,,,20.49879,63.85738,14.18967,1.48885,5.13431,1.30843,0.05939,4.16675,12.29715,23.12216,2,2.75276,6.993418005,80.44901503
538,1,incident_cutting,cutting,TRUE,cv,FALSE,4,60_62,,,,21.76971,60.84576,16.18389,2.18752,5.14082,1.23927,0.0624,2.33257,14.11292,21.66127,2,0.20018,6.880140005,80.60114103
539,1,incident_cutting,cutting,TRUE,cv,FALSE,0,59_60,,,,21.44549,62.14114,14.65714,2.39877,5.09956,1.25613,0.05827,4.55506,13.02857,22.12628,2,0.36494,6.834657005,80.57052003
540,1,incident_cutting,cutting,TRUE,cv,FALSE,1,56_67,,,,19.67694,64.95882,14.02813,1.55904,5.22352,1.32236,0.06186,3.09667,12.12789,21.29682,2,2.08835,7.020588005,80.48889303
541,1,incident_cutting,cutting,FALSE,cv,FALSE,1,68_72,,,,21.09129,59.32441,18.2034,1.50254,5.58312,1.28764,0.05499,8.78111,14.85678,28.60171,3,3.04976,7.153096005,80.82326603
542,1,incident_cutting,cutting,FALSE,cv,FALSE,4,65_72,,,,23.41561,56.23968,18.90466,1.51667,5.50731,1.26591,0.05634,5.20079,14.21989,27.1377,2,3.6632,7.156421005,80.73231603
543,1,incident_cutting,cutting,FALSE,cv,FALSE,4,67_70,,,,21.96456,57.07444,19.26019,1.48932,5.51593,1.27792,0.05702,9.61303,14.33592,29.85373,2,4.99447,7.117157005,80.79182603
544,1,incident_cutting,cutting,FALSE,cv,FALSE,2,67_63,,,,29.74675,45.71689,24.17025,2.14988,5.28554,1.14571,0.07472,1.10355,15.03181,30.37457,1,3.01306,6.924545005,80.78972703
545,1,incident_cutting,cutting,FALSE,cv,FALSE,4,67_66,,,,24.89665,52.0653,21.59161,2.27931,5.27432,1.14723,0.06983,8.10742,15.84916,31.74639,1,2.04078,6.983780005,80.80507003
546,1,incident_cutting,cutting,FALSE,cv,FALSE,1,65_62,,,,28.10341,48.854,22.53543,2.27046,5.27565,1.14872,0.07084,0.97598,15.33487,28.10826,1,3.88987,6.882452005,80.73641703
547,1,incident_cutting,cutting,TRUE,cv,FALSE,1,70_69,,,,20.33629,58.31325,19.31201,2.18749,5.48952,1.21463,0.06151,14.33414,16.03778,33.33722,1,4.57738,7.082716005,80.87150903
548,1,incident_cutting,cutting,TRUE,cv,TRUE,2,69_70,,,,19.98612,59.01541,19.26819,2.09553,5.50204,1.23612,0.06046,12.00668,15.7043,30.72445,2,4.22122,7.092543005,80.86142403
549,1,incident_cutting,cutting,TRUE,cv,FALSE,4,62_69,,,,24.35038,55.42733,19.18836,1.49535,5.37596,1.24596,0.06454,2.98363,14.22114,26.31801,2,1.97159,7.074713005,80.65295503
550,1,incident_cutting,cutting,FALSE,cv,FALSE,2,66_64,,,,27.91366,48.4124,22.92944,2.24188,5.30958,1.13047,0.07306,3.05166,15.60973,30.13716,2,0.79619,6.948416005,80.77297103
551,1,incident_cutting,cutting,FALSE,cv,FALSE,1,66_65,,,,27.01344,49.96761,22.06689,2.34736,5.28097,1.13985,0.07132,3.97068,15.79455,29.95306,2,0.41151,6.968752005,80.76358203
552,1,incident_cutting,cutting,TRUE,cv,FALSE,1,60_68,,,,24.09686,57.11183,17.91144,2.06102,5.35293,1.21901,0.06803,-0.34943,13.8129,22.37529,3,4.63487,7.046711005,80.61233003
553,1,incident_cutting,cutting,TRUE,cv,FALSE,4,62_69,,,,24.68674,54.92613,19.32407,2.07121,5.31354,1.21078,0.06745,2.65051,14.58241,26.25882,2,1.39387,7.067396005,80.66984303
554,1,incident_cutting,cutting,TRUE,cv,FALSE,4,62_69,,,,24.35038,55.42733,19.18836,1.49535,5.37596,1.24596,0.06454,2.98363,14.22114,26.31801,2,1.99998,7.074859005,80.65264203
555,1,incident_cutting,cutting,TRUE,cv,FALSE,4,62_69,,,,24.68674,54.92613,19.32407,2.07121,5.31354,1.21078,0.06745,2.65051,14.58241,26.25882,3,1.66961,7.065473005,80.67411903
556,1,incident_cutting,cutting,FALSE,cv,FALSE,0,60_64,,,,20.00316,63.22983,15.84678,2.30037,5.13867,1.2074,0.06416,1.75024,13.42697,20.31248,3,2.32406,6.950989552,80.60425843
557,1,incident_cutting,cutting,TRUE,cv,FALSE,0,58_68,,,,22.4694,60.35802,16.14084,1.61564,5.24993,1.28413,0.06474,1.09981,12.57441,22.28491,2,2.61343,7.063318005,80.55269203
558,1,incident_cutting,cutting,TRUE,cv,FALSE,1,62_67,,,,24.60543,55.50202,18.90532,2.25471,5.27196,1.19413,0.06667,2.62581,14.6183,25.81049,1,6.64479,7.017488005,80.65126603
559,1,incident_cutting,cutting,TRUE,cv,FALSE,1,62_67,,,,24.60543,55.50202,18.90532,2.25471,5.27196,1.19413,0.06667,2.62581,14.6183,25.81049,1,6.64063,7.017446005,80.65124603
560,1,incident_cutting,cutting,TRUE,cv,FALSE,1,62_67,,,,24.93742,54.888,19.07345,2.23801,5.28136,1.20004,0.0666,3.06118,14.61837,26.52714,2,5.03271,7.035699005,80.65956303
561,1,incident_cutting,cutting,TRUE,cv,FALSE,1,62_67,,,,24.64539,55.44311,18.87262,2.24333,5.27837,1.1987,0.06666,2.71819,14.61729,25.92223,1,5.72474,7.030593005,80.65452403
562,1,incident_cutting,cutting,TRUE,cv,FALSE,4,61_67,,,,23.18124,57.91937,17.91698,2.24584,5.2809,1.1992,0.06661,2.02911,14.61286,23.78494,3,4.14278,7.013010005,80.62703203
563,1,incident_cutting,cutting,TRUE,cv,TRUE,1,63_69,,,,24.72627,54.7003,19.46475,2.07574,5.31242,1.20829,0.06735,3.02413,14.58446,26.62468,2,1.539,7.066335005,80.68264103
564,1,incident_cutting,cutting,TRUE,cv,FALSE,4,62_68,,,,24.81032,55.22952,18.83415,2.22087,5.29168,1.2075,0.06665,2.82182,14.61536,26.15735,3,3.70425,7.051178005,80.65291203
565,1,incident_cutting,cutting,TRUE,cv,FALSE,4,62_68,,,,24.61947,55.6382,18.63402,2.21519,5.29439,1.21043,0.06677,2.55315,14.61336,25.71222,2,3.95014,7.052252005,80.64748103
566,1,incident_cutting,cutting,TRUE,cv,FALSE,0,59_68,,,,21.96769,60.75042,16.32428,1.60774,5.29969,1.23544,0.06021,0.9485,12.9923,21.58871,2,2.40646,7.041612005,80.57744803
567,1,incident_cutting,cutting,TRUE,cv,FALSE,3,61_68,,,,24.20663,56.33922,18.38654,2.22019,5.29139,1.20942,0.06683,2.30862,14.61225,25.07158,2,5.6996,7.042942005,80.63414103
568,1,incident_cutting,cutting,TRUE,cv,FALSE,0,59_68,,,,23.06596,59.13443,16.86347,1.59951,5.30558,1.27378,0.06147,0.78173,12.99304,22.55583,2,2.47797,7.057953005,80.57598703
569,1,incident_cutting,cutting,TRUE,cv,FALSE,4,62_68,,,,24.81032,55.22952,18.83415,2.22087,5.29168,1.2075,0.06665,2.82182,14.61536,26.15735,2,4.22363,7.047300005,80.65024303
570,1,incident_cutting,cutting,TRUE,cv,FALSE,1,62_67,,,,24.93742,54.888,19.07345,2.23801,5.28136,1.20004,0.0666,3.06118,14.61837,26.52714,2,5.03608,7.035667005,80.65956603
571,1,incident_cutting,cutting,TRUE,cv,FALSE,0,59_67,,,,20.43313,62.33094,16.20936,2.25391,5.22793,1.21188,0.06318,1.37131,14.32318,20.47996,2,0.98374,7.015847005,80.59186303
572,1,incident_cutting,cutting,TRUE,cv,FALSE,2,61_66,,,,23.59552,57.22234,18.26707,2.26352,5.27087,1.19088,0.06657,2.07586,14.61597,24.26651,2,4.30575,7.006399405,80.63318403
573,1,incident_cutting,cutting,TRUE,cv,FALSE,1,60_68,,,,24.09686,57.11183,17.91144,2.06102,5.35293,1.21901,0.06803,-0.34943,13.8129,22.37529,3,4.60722,7.046005005,80.61264303
574,1,incident_cutting,cutting,TRUE,cv,FALSE,4,62_69,,,,24.35038,55.42733,19.18836,1.49535,5.37596,1.24596,0.06454,2.98363,14.22114,26.31801,2,2.05027,7.075110405,80.65209703
575,1,incident_cutting,cutting,TRUE,cv,FALSE,1,62_67,,,,24.60543,55.50202,18.90532,2.25471,5.27196,1.19413,0.06667,2.62581,14.6183,25.81049,1,6.64063,7.017446005,80.65124603
576,1,incident_cutting,cutting,TRUE,cv,FALSE,1,62_67,,,,24.60543,55.50202,18.90532,2.25471,5.27196,1.19413,0.06667,2.62581,14.6183,25.81049,1,6.64474,7.017487005,80.65126603
577,1,incident_cutting,cutting,TRUE,cv,FALSE,1,66_65,,,,26.29562,50.65081,21.98572,2.28885,5.27388,1.14436,0.06954,5.60988,15.84553,30.77012,1,0.53716,6.971607005,80.77475703
578,1,incident_cutting,cutting,TRUE,cv,FALSE,1,63_68,,,,24.7446,54.63788,19.5608,2.08807,5.30142,1.20366,0.06745,3.01715,14.5855,26.67954,3,2.04864,7.061475005,80.68020103
579,1,incident_cutting,cutting,FALSE,cv,FALSE,3,63_64,,,,29.80849,48.18089,22.16662,2.33265,5.19123,1.16913,0.0624,0.66647,15.30552,29.8901,1,1.43898,6.938454005,80.69010003
580,1,incident_cutting,cutting,FALSE,cv,FALSE,1,63_63,,,,31.94152,45.51153,23.43078,2.22485,5.22165,1.17507,0.06398,-1.32644,14.56096,30.3576,1,3.06282,6.908325078,80.68274402
581,1,incident_cutting,cutting,TRUE,cv,TRUE,1,63_69,,,,24.72627,54.7003,19.46475,2.07574,5.31242,1.20829,0.06735,3.02413,14.58446,26.62468,2,1.61037,7.066404005,80.68522303
582,1,incident_cutting,cutting,TRUE,cv,FALSE,1,62_67,,,,24.93742,54.888,19.07345,2.23801,5.28136,1.20004,0.0666,3.06118,14.61837,26.52714,2,5.03608,7.035667005,80.65956603
583,1,incident_cutting,cutting,TRUE,cv,FALSE,1,66_65,,,,26.29562,50.65081,21.98572,2.28885,5.27388,1.14436,0.06954,5.60988,15.84553,30.77012,1,0.53716,6.971607005,80.77475703
584,1,incident_cutting,cutting,FALSE,cv,FALSE,4,67_66,12/28/2021,12,NE_monsoon,24.52839,52.53154,21.41568,2.26584,5.28258,1.15263,0.06913,8.68826,15.84848,31.89363,2,1.18264,6.993299388,80.79940025
585,1,incident_cutting,cutting,FALSE,cv,FALSE,1,65_62,,,,28.10341,48.854,22.53543,2.27046,5.27565,1.14872,0.07084,0.97598,15.33487,28.10826,1,3.88897,6.882298005,80.73607503
586,1,incident_cutting,cutting,FALSE,cv,FALSE,4,62_64,,,,25.51614,54.52722,19.64637,2.26672,5.16552,1.15383,0.06611,0.44469,14.59016,24.85163,1,1.49504,6.942693005,80.65465903
587,1,incident_cutting,cutting,FALSE,cv,FALSE,4,65_65,,,,26.20026,51.19955,21.50544,2.31801,5.30299,1.1531,0.0697,4.58771,15.79154,29.61359,2,1.6961,6.980548005,80.75465903
588,1,incident_cutting,cutting,FALSE,cv,FALSE,1,66_65,,,,27.2113,49.36278,22.53472,2.22925,5.3159,1.13526,0.07251,3.82686,15.60966,30.10894,2,0.97877,6.958950005,80.77100553
589,1,incident_cutting,cutting,FALSE,cv,FALSE,1,65_62,,,,28.10341,48.854,22.53543,2.27046,5.27565,1.14872,0.07084,0.97598,15.33487,28.10826,1,3.88845,6.882343005,80.73619203
590,1,incident_cutting,cutting,TRUE,cv,FALSE,2,59_62,,,,21.79866,61.06427,16.07253,2.2368,5.0779,1.23699,0.0624,2.1321,14.12706,21.86204,2,2.34873,6.897527005,80.59200503
591,1,incident_cutting,cutting,TRUE,cv,FALSE,4,62_69,,,,24.43685,55.47082,19.0893,1.51125,5.34595,1.25119,0.06199,3.69332,13.9626,26.99562,2,0.29805,7.077333005,80.66961003
592,1,incident_cutting,cutting,TRUE,cv,FALSE,3,61_68,,,,24.10011,56.65901,18.1471,1.57335,5.3548,1.21718,0.06561,2.16959,14.07381,24.80771,4,4.40706,7.063837005,80.63323303
593,1,incident_cutting,cutting,TRUE,cv,FALSE,2,61_66,,,,23.59552,57.22234,18.26707,2.26352,5.27087,1.19088,0.06657,2.07586,14.61597,24.26651,2,4.56127,7.007007855,80.63546503
594,1,incident_cutting,cutting,TRUE,cv,FALSE,1,70_69,,,,20.33629,58.31325,19.31201,2.18749,5.48952,1.21463,0.06151,14.33414,16.03778,33.33722,1,4.57738,7.082716005,80.87150903
595,1,incident_cutting,cutting,TRUE,cv,FALSE,0,61_65,,,,21.82845,60.01261,17.32628,2.30546,5.2068,1.18775,0.06352,1.45057,14.33274,21.97146,2,3.25171,6.982156005,80.62709903
596,1,incident_cutting,cutting,FALSE,cv,FALSE,1,65_62,,,,28.10341,48.854,22.53543,2.27046,5.27565,1.14872,0.07084,0.97598,15.33487,28.10826,1,3.88897,6.882298005,80.73607503
597,1,incident_cutting,cutting,FALSE,cv,FALSE,1,66_65,,,,27.36632,49.31412,22.50399,2.22727,5.31797,1.1384,0.07201,3.44151,15.60838,29.8791,2,0.92958,6.958669005,80.76925803
598,1,incident_cutting,cutting,FALSE,cv,FALSE,4,62_62,,,,26.9768,52.19738,20.45703,2.22933,5.22148,1.18533,0.06376,0.92472,14.55587,26.52922,1,2.48405,6.884413855,80.67203932
599,1,incident_cutting,cutting,TRUE,cv,FALSE,0,59_68,,,,22.30667,60.33039,16.40522,1.60188,5.29766,1.27918,0.06095,0.8363,12.99153,21.82991,2,3.17272,7.053616005,80.56871603
600,1,incident_cutting,cutting,TRUE,cv,FALSE,1,62_67,,,,24.60543,55.50202,18.90532,2.25471,5.27196,1.19413,0.06667,2.62581,14.6183,25.81049,1,6.64063,7.017446005,80.65124603
601,1,incident_cutting,cutting,TRUE,cv,FALSE,1,62_67,,,,24.60543,55.50202,18.90532,2.25471,5.27196,1.19413,0.06667,2.62581,14.6183,25.81049,1,6.69002,7.019284005,80.65072303
602,1,incident_cutting,cutting,TRUE,cv,FALSE,1,62_67,,,,24.60543,55.50202,18.90532,2.25471,5.27196,1.19413,0.06667,2.62581,14.6183,25.81049,1,6.64063,7.017446005,80.65124603
603,1,incident_cutting,cutting,TRUE,cv,FALSE,1,62_67,,,,24.60543,55.50202,18.90532,2.25471,5.27196,1.19413,0.06667,2.62581,14.6183,25.81049,1,6.64474,7.017487005,80.65126603
604,1,incident_cutting,cutting,TRUE,cv,FALSE,2,61_66,,,,21.82845,60.01261,17.32628,2.30546,5.2068,1.18775,0.06352,1.45057,14.33274,21.97146,3,3.37976,6.983202005,80.62850103
605,1,incident_cutting,cutting,TRUE,cv,FALSE,1,63_69,,,,24.72627,54.7003,19.46475,2.07574,5.31242,1.20829,0.06735,3.02413,14.58446,26.62468,3,1.51495,7.066478005,80.67779703
606,1,incident_cutting,cutting,FALSE,cv,FALSE,4,67_66,7/8/2015,7,SW_monsoon,24.52839,52.53154,21.41568,2.26584,5.28258,1.15263,0.06913,8.68826,15.84848,31.89363,2,1.65986,6.991027224,80.80346132
607,1,incident_cutting,cutting,TRUE,cv,TRUE,4,62_68,11/17/2021,11,inter_monsoon_2,24.5375,55.22623,19.30339,2.09044,5.29483,1.20459,0.06763,2.3204,14.58238,25.89546,1,3.72068,7.047022005,80.66331903
608,1,incident_cutting,cutting,FALSE,cv,FALSE,3,65_66,,,,25.08778,52.94385,21.16395,2.29081,5.29463,1.17309,0.06525,4.19922,15.64896,28.06141,3,2.13499,7.003647805,80.73027403
609,1,incident_cutting,cutting,FALSE,cv,FALSE,3,65_66,,,,25.08778,52.94385,21.16395,2.29081,5.29463,1.17309,0.06525,4.19922,15.64896,28.06141,3,2.13479,7.003647405,80.73027003
610,1,incident_cutting,cutting,TRUE,cv,TRUE,4,62_68,,,,24.5375,55.22623,19.30339,2.09044,5.29483,1.20459,0.06763,2.3204,14.58238,25.89546,1,3.72588,7.047075005,80.66283703
611,1,incident_cutting,cutting,TRUE,cv,FALSE,4,62_68,,,,24.5375,55.22623,19.30339,2.09044,5.29483,1.20459,0.06763,2.3204,14.58238,25.89546,1,3.33242,7.050125005,80.66604203
612,1,incident_cutting,cutting,TRUE,cv,FALSE,4,62_68,,,,24.5375,55.22623,19.30339,2.09044,5.29483,1.20459,0.06763,2.3204,14.58238,25.89546,1,3.31066,7.050375005,80.66567303
613,1,incident_cutting,cutting,TRUE,cv,TRUE,4,62_68,,,,24.5375,55.22623,19.30339,2.09044,5.29483,1.20459,0.06763,2.3204,14.58238,25.89546,1,3.55282,7.048855005,80.66210303
614,1,incident_cutting,cutting,TRUE,cv,FALSE,4,60_62,5/9/2022,5,SW_monsoon,22.11106,60.66133,16.11188,2.24383,5.07218,1.2364,0.06234,2.22464,14.12761,22.09269,2,0.85142,6.885956005,80.60004803
615,1,incident_cutting,cutting,TRUE,cv,TRUE,3,71_70,12/16/2021,12,NE_monsoon,17.7339,62.03863,18.45343,2.1261,5.52748,1.25185,0.06028,14.43164,15.2225,30.97297,2,7.41669,7.099164005,80.89205103
616,1,incident_cutting,cutting,FALSE,cv,FALSE,1,66_65,10/30/2021,10,inter_monsoon_2,26.29562,50.65081,21.98572,2.28885,5.27388,1.14436,0.06954,5.60988,15.84553,30.77012,2,0.54783,6.974415005,80.77831903
617,1,incident_cutting,cutting,TRUE,cv,FALSE,2,62_59,,,,24.08393,56.46159,18.11393,2.35443,5.13752,1.20618,0.0629,2.88001,14.01378,24.4121,2,0.77828,6.813433005,80.66481103
618,1,incident_cutting,cutting,TRUE,cv,FALSE,1,56_66,11/11/2021,11,inter_monsoon_2,19.14495,65.67743,13.78113,2.03831,5.17352,1.29253,0.06248,3.2904,12.79422,20.87264,2,1.26089,6.991223005,80.48617803
619,1,incident_cutting,cutting,TRUE,cv,TRUE,4,62_68,11/17/2021,11,inter_monsoon_2,24.5375,55.22623,19.30339,2.09044,5.29483,1.20459,0.06763,2.3204,14.58238,25.89546,1,3.65396,7.048053005,80.66155103
620,1,incident_cutting,cutting,TRUE,cv,TRUE,4,62_68,11/12/2021,11,inter_monsoon_2,24.5375,55.22623,19.30339,2.09044,5.29483,1.20459,0.06763,2.3204,14.58238,25.89546,1,3.69769,7.047409005,80.66251103
621,1,incident_cutting,cutting,TRUE,cv,FALSE,4,62_69,,,,24.68674,54.92613,19.32407,2.07121,5.31354,1.21078,0.06745,2.65051,14.58241,26.25882,2,1.08567,7.070183305,80.67014903
622,1,incident_cutting,cutting,TRUE,cv,FALSE,4,62_69,,,,24.37349,55.2659,19.28571,1.49757,5.37617,1.2439,0.06427,3.29207,14.22292,26.60687,2,1.3152,7.082255005,80.65831003
623,1,incident_cutting,cutting,TRUE,cv,FALSE,4,62_69,11/30/2016,11,inter_monsoon_2,24.37349,55.2659,19.28571,1.49757,5.37617,1.2439,0.06427,3.29207,14.22292,26.60687,2,1.3152,7.082255005,80.65831003
624,1,incident_cutting,cutting,TRUE,cv,FALSE,0,59_68,,,,22.30667,60.33039,16.40522,1.60188,5.29766,1.27918,0.06095,0.8363,12.99153,21.82991,2,3.00154,7.053825005,80.57280803
625,1,incident_cutting,cutting,TRUE,cv,FALSE,1,63_69,11/4/2022,11,inter_monsoon_2,24.72627,54.7003,19.46475,2.07574,5.31242,1.20829,0.06735,3.02413,14.58446,26.62468,2,1.67032,7.064936005,80.67888803
626,1,incident_cutting,cutting,TRUE,cv,FALSE,0,58_63,12/13/2021,12,NE_monsoon,19.57816,64.95632,14.08636,2.1844,5.0783,1.26068,0.05985,3.04004,13.39347,20.45109,2,2.23389,6.911116305,80.55312103
627,1,incident_cutting,cutting,TRUE,cv,FALSE,3,71_70,,,,18.59894,60.86542,18.42441,2.15956,5.54374,1.23143,0.06075,15.34946,15.72842,32.6315,4,7.03347,7.091618005,80.89188103
628,1,incident_cutting,cutting,TRUE,cv,FALSE,4,60_62,3/26/2022,3,inter_monsoon_1,22.11106,60.66133,16.11188,2.24383,5.07218,1.2364,0.06234,2.22464,14.12761,22.09269,2,1.79225,6.894245005,80.59804203
629,1,incident_cutting,cutting,FALSE,cv,FALSE,0,63_62,,,,29.35084,48.40356,22.35758,2.24016,5.21703,1.16867,0.06608,0.12618,14.56406,28.74788,1,3.43148,6.899018005,80.69824603
630,1,incident_cutting,cutting,TRUE,cv,FALSE,2,68_71,,,,21.69544,57.68391,19.16762,2.11855,5.48222,1.24393,0.05858,9.70356,15.66968,30.0237,2,5.97829,7.125726005,80.82609003
631,1,incident_cutting,cutting,TRUE,cv,TRUE,4,70_70,11/15/2021,11,inter_monsoon_2,17.7339,62.03863,18.45343,2.1261,5.52748,1.25185,0.06028,14.43164,15.2225,30.97297,4,6.78419,7.093344005,80.88862003
632,1,incident_cutting,cutting,TRUE,cv,TRUE,4,70_70,11/15/2021,11,inter_monsoon_2,17.7339,62.03863,18.45343,2.1261,5.52748,1.25185,0.06028,14.43164,15.2225,30.97297,2,6.84506,7.092756005,80.88950803
633,1,incident_cutting,cutting,TRUE,cv,FALSE,3,71_67,,,,17.04783,60.69407,19.44197,2.14853,5.46247,1.21353,0.06532,21.40631,15.84686,37.10652,2,5.58399,7.027853005,80.91386103
634,1,incident_cutting,cutting,TRUE,cv,FALSE,3,71_67,,,,17.04783,60.69407,19.44197,2.14853,5.46247,1.21353,0.06532,21.40631,15.84686,37.10652,2,5.65812,7.028488005,80.91364603
635,1,incident_cutting,cutting,TRUE,cv,FALSE,4,62_68,1/24/2021,1,NE_monsoon,24.47111,55.83422,18.6207,2.22609,5.28827,1.20629,0.06673,2.53349,14.61428,25.55431,2,4.76153,7.043103005,80.64778103
636,1,incident_cutting,cutting,TRUE,cv,FALSE,2,58_69,3/31/2022,3,inter_monsoon_1,23.77345,58.24053,17.07376,1.58837,5.30025,1.27909,0.06315,0.46585,12.99154,23.00246,3,2.20103,7.074306005,80.56090803
637,1,incident_cutting,cutting,TRUE,cv,FALSE,2,68_71,,,,21.69544,57.68391,19.16762,2.11855,5.48222,1.24393,0.05858,9.70356,15.66968,30.0237,4,5.99932,7.125525005,80.82620103
638,1,incident_cutting,cutting,TRUE,cv,FALSE,2,68_71,,,,21.69544,57.68391,19.16762,2.11855,5.48222,1.24393,0.05858,9.70356,15.66968,30.0237,2,5.9658,7.125921005,80.82527003
639,1,incident_cutting,cutting,TRUE,cv,FALSE,4,61_67,7/2/2021,7,SW_monsoon,23.18124,57.91937,17.91698,2.24584,5.2809,1.1992,0.06661,2.02911,14.61286,23.78494,3,4.27828,7.015541005,80.62640003
640,1,incident_cutting,cutting,TRUE,cv,FALSE,4,62_68,12/31/2021,12,NE_monsoon,24.5794,55.19591,19.24444,2.07847,5.30438,1.20901,0.06761,2.33169,14.58136,25.90984,1,2.30867,7.062878005,80.65804163
641,1,incident_cutting,cutting,TRUE,cv,TRUE,4,62_68,,,,24.5375,55.22623,19.30339,2.09044,5.29483,1.20459,0.06763,2.3204,14.58238,25.89546,1,3.68293,7.047561005,80.66244603
642,1,incident_cutting,cutting,TRUE,cv,FALSE,1,72_68,11/30/2021,11,inter_monsoon_2,17.00524,62.27855,18.33705,2.03153,5.53465,1.24324,0.06299,16.85973,15.51759,32.61275,3,8.81653,7.059541005,80.93547603
643,1,incident_cutting,cutting,TRUE,cv,FALSE,3,71_69,11/28/2021,11,inter_monsoon_2,18.59894,60.86542,18.42441,2.15956,5.54374,1.23143,0.06075,15.34946,15.72842,32.6315,4,6.74114,7.083146005,80.89206103
644,1,incident_cutting,cutting,TRUE,cv,FALSE,0,59_63,10/1/2021,10,inter_monsoon_2,19.41821,64.85621,14.45646,2.19008,5.09355,1.25403,0.06049,2.71946,13.3976,20.15159,2,1.55194,6.913780005,80.56733803
645,1,incident_cutting,cutting,TRUE,cv,FALSE,0,56_65,,,,18.99537,66.06401,13.72324,2.15438,5.137,1.28511,0.0632,1.98106,12.78955,19.43513,3,2.07869,6.979638005,80.50384803
646,1,incident_cutting,cutting,TRUE,cv,FALSE,1,72_68,,,,17.05255,61.69986,18.73138,2.04595,5.50683,1.23286,0.06415,18.30413,15.52191,34.0673,1,8.15431,7.053704005,80.92767903
647,1,incident_cutting,cutting,FALSE,cv,TRUE,4,67_69,,,,22.11407,55.93933,20.30214,2.08426,5.44115,1.22688,0.0619,9.73453,15.17986,30.30148,3,2.56958,7.071632254,80.79679669
648,1,incident_cutting,cutting,TRUE,cv,FALSE,3,71_69,,,,18.59488,60.57418,18.6324,2.17115,5.5256,1.225,0.0617,16.05942,15.73107,33.3261,3,6.75347,7.081851005,80.89252403
649,1,incident_cutting,cutting,FALSE,cv,FALSE,4,67_69,,,,22.01726,56.10996,20.11336,2.05889,5.47251,1.23857,0.06044,9.96214,15.17719,30.23936,3,3.42223,7.089304198,80.79578589
650,1,incident_cutting,cutting,TRUE,cv,FALSE,0,56_65,,,,18.99537,66.06401,13.72324,2.15438,5.137,1.28511,0.0632,1.98106,12.78955,19.43513,3,2.07665,6.979911005,80.50403603
651,1,incident_cutting,cutting,TRUE,cv,FALSE,4,58_64,9/27/2021,9,SW_monsoon,18.33708,66.49251,13.86116,2.17431,5.09814,1.26422,0.06033,2.75287,13.39392,19.21636,2,3.63071,6.929191005,80.55496003
652,1,incident_cutting,cutting,TRUE,cv,FALSE,4,55_64,8/2/2020,8,SW_monsoon,19.97943,64.67827,13.92873,2.05042,5.09242,1.25553,0.05968,3.0722,12.6586,21.29232,2,3.28471,6.941765005,80.47387803
653,1,incident_cutting,cutting,TRUE,cv,FALSE,3,64_67,12/21/2021,12,NE_monsoon,24.50494,53.66256,20.85161,2.26474,5.31671,1.18482,0.0642,4.85552,15.64712,28.0042,,0.7692,7.018896005,80.72687403
654,1,incident_cutting,cutting,TRUE,cv,TRUE,4,62_68,,,,24.5375,55.22623,19.30339,2.09044,5.29483,1.20459,0.06763,2.3204,14.58238,25.89546,1,3.66922,7.047945005,80.66142003
655,1,incident_cutting,cutting,TRUE,cv,FALSE,0,55_66,,,,20.38757,63.65615,14.55906,1.48841,5.16772,1.3064,0.06023,3.56037,12.30014,22.41836,2,0.80463,6.999880005,80.47315103
656,1,incident_cutting,cutting,TRUE,cv,FALSE,3,61_68,1/4/2022,1,NE_monsoon,24.20663,56.33922,18.38654,2.22019,5.29139,1.20942,0.06683,2.30862,14.61225,25.07158,2,5.61003,7.042883005,80.63538103
657,1,incident_cutting,cutting,FALSE,cv,FALSE,2,66_64,,,,27.91366,48.4124,22.92944,2.24188,5.30958,1.13047,0.07306,3.05166,15.60973,30.13716,2,0.59114,6.949600293,80.77466517
658,1,incident_cutting,cutting,TRUE,cv,FALSE,1,58_60,,,,20.65788,63.6809,13.98711,2.4875,5.06241,1.26646,0.05786,4.47342,13.05268,21.80243,2,0.82739,6.831271005,80.53881003
659,1,incident_cutting,cutting,FALSE,cv,TRUE,4,67_70,12/25/2021,12,NE_monsoon,21.83649,56.62025,19.77455,2.03563,5.50798,1.24888,0.05892,9.71977,15.1748,29.76631,3,5.00036,7.110037589,80.79896012
660,1,incident_cutting,cutting,TRUE,cv,FALSE,4,58_64,11/20/2021,11,inter_monsoon_2,18.33708,66.49251,13.86116,2.17431,5.09814,1.26422,0.06033,2.75287,13.39392,19.21636,2,3.63071,6.929191005,80.55496003
661,1,incident_cutting,cutting,TRUE,cv,FALSE,3,71_67,,,,16.17254,60.26237,20.24351,2.17365,5.4211,1.19905,0.06741,27.18223,15.85155,41.90933,2,4.55846,7.015925005,80.90976603
662,1,incident_cutting,cutting,TRUE,cv,FALSE,4,62_69,,,,24.63615,55.15521,19.18604,2.06666,5.31426,1.2133,0.06759,2.31198,14.58036,25.91214,2,1.10013,7.071098662,80.6655524
663,1,incident_cutting,cutting,FALSE,cv,FALSE,3,59_64,8/1/2022,8,SW_monsoon,16.99989,67.75681,14.13813,2.28213,5.14305,1.2194,0.06328,1.92229,13.42041,17.47169,1,3.02061,6.95157574,80.58827008
664,1,incident_cutting,cutting,TRUE,cv,FALSE,0,56_65,,,,18.99537,66.06401,13.72324,2.15438,5.137,1.28511,0.0632,1.98106,12.78955,19.43513,3,2.41653,6.982482005,80.50204803
665,1,incident_cutting,cutting,FALSE,cv,FALSE,4,64_64,5/10/2022,5,SW_monsoon,29.0589,48.18431,22.4852,2.26966,5.28009,1.16106,0.06648,1.73758,15.45195,30.00779,3,2.33035,6.940790005,80.71811503
666,1,incident_cutting,cutting,FALSE,cv,FALSE,0,60_64,,,,20.00316,63.22983,15.84678,2.30037,5.13867,1.2074,0.06416,1.75024,13.42697,20.31248,3,2.32408,6.950989552,80.60425487
667,1,incident_cutting,cutting,FALSE,cv,FALSE,3,59_64,,,,16.99989,67.75681,14.13813,2.28213,5.14305,1.2194,0.06328,1.92229,13.42041,17.47169,1,3.02061,6.95157574,80.58827008
668,1,incident_cutting,cutting,TRUE,cv,FALSE,0,59_67,,,,20.43313,62.33094,16.20936,2.25391,5.22793,1.21188,0.06318,1.37131,14.32318,20.47996,2,1.1455,7.011979339,80.59222897
669,1,incident_cutting,cutting,TRUE,cv,FALSE,4,61_67,,,,23.41234,57.5841,17.98992,2.23529,5.28527,1.20276,0.06671,2.0751,14.61198,24.0561,3,4.57188,7.018459005,80.62724403
670,1,incident_cutting,cutting,TRUE,cv,FALSE,4,67_69,,,,21.68807,56.57034,20.05463,2.07315,5.45968,1.23181,0.06119,10.21612,15.17949,30.34419,2,2.28023,7.081393005,80.80279503
671,1,incident_cutting,cutting,TRUE,cv,TRUE,4,67_70,,,,21.43989,57.29916,19.5629,2.0377,5.51182,1.24786,0.05885,9.86238,15.17566,29.6523,3,4.1336,7.103617005,80.80363603
672,1,incident_cutting,cutting,TRUE,cv,FALSE,0,72_70,,,,15.56912,65.59981,16.88597,1.30356,5.67339,1.32789,0.05874,14.84143,13.75203,29.22359,2,10.08904,7.108819905,80.92680503
673,1,incident_cutting,cutting,TRUE,cv,FALSE,2,60_69,,,,24.43865,56.35093,18.30314,1.4943,5.41889,1.25173,0.06567,0.39294,13.45431,23.45119,2,4.39809,7.067005005,80.61762803
674,1,incident_cutting,cutting,FALSE,cv,FALSE,0,66_73,,,,22.65279,58.0047,18.02919,1.52726,5.628,1.28332,0.05336,6.5174,14.58359,27.86571,2,6.14979,7.181812005,80.77539203
675,1,incident_cutting,cutting,FALSE,cv,FALSE,4,62_64,,,,27.27088,52.11171,20.62275,2.27821,5.13289,1.18045,0.06417,0.2205,15.04669,26.66853,1,0.85626,6.937565905,80.66164903
676,1,incident_cutting,cutting,TRUE,cv,FALSE,1,60_68,8/3/2022,8,SW_monsoon,24.09686,57.11183,17.91144,2.06102,5.35293,1.21901,0.06803,-0.34943,13.8129,22.37529,3,4.65041,7.045396005,80.61377103
677,1,incident_cutting,cutting,TRUE,cv,FALSE,1,60_68,,,,23.64225,57.37707,17.91385,2.20864,5.29684,1.21554,0.06711,1.92716,14.6083,24.13154,2,4.61375,7.042075005,80.61615003
678,1,incident_cutting,cutting,FALSE,cv,FALSE,1,66_65,,,,26.29562,50.65081,21.98572,2.28885,5.27388,1.14436,0.06954,5.60988,15.84553,30.77012,2,0.41315,6.973237005,80.77963003
679,1,incident_cutting,cutting,TRUE,cv,FALSE,4,61_67,,,,23.41234,57.5841,17.98992,2.23529,5.28527,1.20276,0.06671,2.0751,14.61198,24.0561,3,4.76417,7.024852605,80.62534303
680,1,incident_cutting,cutting,TRUE,cv,FALSE,2,61_66,,,,23.69771,57.06379,18.2786,2.25258,5.27593,1.19713,0.06661,2.16643,14.615,24.44837,2,4.11946,7.008752005,80.62990603
681,1,incident_cutting,cutting,TRUE,cv,FALSE,4,55_64,,,,20.10199,64.65062,13.81913,2.05288,5.07752,1.25457,0.0592,3.23639,12.65786,21.54708,2,3.22489,6.935595005,80.46857003
682,1,incident_cutting,cutting,TRUE,cv,FALSE,2,59_61,,,,21.11591,62.07796,15.39931,2.17978,5.13274,1.24876,0.06158,2.73306,14.10766,21.07925,,0.49837,6.869013005,80.57440003
683,1,incident_cutting,cutting,TRUE,cv,FALSE,4,61_67,,,,23.92797,56.85671,18.14993,2.21436,5.29425,1.21252,0.06696,2.10712,14.61025,24.59555,2,4.74004,7.035678005,80.62147003
684,1,incident_cutting,cutting,TRUE,cv,FALSE,1,60_68,,,,22.8475,59.55416,16.67785,2.15768,5.25413,1.23,0.06286,0.2542,13.35308,21.7982,2,3.38609,7.042982005,80.60025403
685,1,incident_cutting,cutting,TRUE,cv,FALSE,4,61_67,,,,23.18124,57.91937,17.91698,2.24584,5.2809,1.1992,0.06661,2.02911,14.61286,23.78494,3,3.78043,7.010545005,80.62482003
686,1,incident_cutting,cutting,TRUE,cv,FALSE,3,60_66,,,,18.71509,64.8562,15.41366,2.28121,5.21602,1.20331,0.06217,1.43549,14.32437,18.81577,1,0.748,6.983804005,80.59385003
687,1,incident_cutting,cutting,TRUE,cv,FALSE,2,61_66,,,,23.69771,57.06379,18.2786,2.25258,5.27593,1.19713,0.06661,2.16643,14.615,24.44837,2,4.11946,7.008752005,80.62990603
688,1,incident_cutting,cutting,TRUE,cv,FALSE,2,71_68,,,,17.60564,60.03266,19.64561,2.14672,5.45969,1.2107,0.06484,21.0075,15.84769,37.24513,3,5.88751,7.042118005,80.90189303
689,1,incident_cutting,cutting,TRUE,cv,FALSE,2,70_67,,,,18.13054,59.21321,19.88167,2.15853,5.45253,1.18504,0.06638,21.28707,15.39593,38.03347,1,3.41398,7.026055236,80.88064838
690,1,incident_cutting,cutting,TRUE,cv,FALSE,0,56_64,,,,18.46755,66.78868,13.49448,2.19248,5.12656,1.24136,0.0621,2.06401,12.79244,18.76826,2,1.16617,6.948525005,80.50955003
691,1,incident_cutting,cutting,FALSE,cv,FALSE,3,67_72,,,,22.7527,56.94816,18.76786,1.51948,5.5284,1.27778,0.05647,7.93002,14.5238,29.08065,1,6.21584,7.147145993,80.78505219
692,1,incident_cutting,cutting,TRUE,cv,FALSE,0,56_65,8/21/2022,8,SW_monsoon,18.6401,66.36114,13.60984,2.0599,5.17005,1.28484,0.0618,3.16925,12.79614,20.17412,3,2.59769,6.973758005,80.49266503
693,1,incident_cutting,cutting,TRUE,cv,FALSE,0,56_65,,,,18.6401,66.36114,13.60984,2.0599,5.17005,1.28484,0.0618,3.16925,12.79614,20.17412,2,2.34023,6.975123005,80.49061003
694,1,incident_cutting,cutting,TRUE,cv,FALSE,4,55_64,,,,20.01358,64.64845,13.91962,2.05862,5.08676,1.25235,0.05946,3.08654,12.65924,21.28405,2,2.75152,6.937282005,80.47599803
695,1,incident_cutting,cutting,FALSE,cv,TRUE,4,67_70,,,,21.43989,57.29916,19.5629,2.0377,5.51182,1.24786,0.05885,9.86238,15.17566,29.6523,3,4.1336,7.103617005,80.80363603
696,1,incident_cutting,cutting,TRUE,cv,FALSE,1,68_67,11/25/2021,11,inter_monsoon_2,20.81198,57.46539,19.71756,2.138,5.46911,1.19592,0.06395,12.90821,15.38853,32.35997,2,1.78594,7.036481005,80.83519303
697,1,incident_cutting,cutting,FALSE,cv,FALSE,4,66_71,,,,23.24041,55.90254,19.31573,1.52534,5.47485,1.25999,0.05588,7.36342,14.2244,28.95787,2,5.0107,7.144393305,80.75909003
698,1,incident_cutting,cutting,TRUE,cv,FALSE,4,62_69,,,,24.63615,55.15521,19.18604,2.06666,5.31426,1.2133,0.06759,2.31198,14.58036,25.91214,2,1.35647,7.069218005,80.66414403
699,1,incident_cutting,cutting,TRUE,cv,FALSE,4,62_69,,,,24.35038,55.42733,19.18836,1.49535,5.37596,1.24596,0.06454,2.98363,14.22114,26.31801,2,2.04825,7.073385005,80.65268103
700,1,incident_cutting,cutting,TRUE,cv,FALSE,4,62_69,,,,24.57582,55.38643,19.05089,2.06209,5.31459,1.21585,0.06775,2.00515,14.57832,25.58314,2,2.035,7.072983005,80.65297003
701,1,incident_cutting,cutting,FALSE,cv,FALSE,3,65_66,,,,24.97138,52.76223,21.36053,2.29716,5.28123,1.16673,0.06604,5.02123,15.65208,28.74883,1,3.37074,6.999693005,80.74275303
702,1,incident_cutting,cutting,FALSE,cv,FALSE,4,64_63,6/10/2022,6,SW_monsoon,29.3094,48.19432,22.55508,2.24084,5.21915,1.16523,0.06689,0.32774,14.56675,28.96624,1,2.4529,6.909383005,80.70819003
703,1,incident_cutting,cutting,FALSE,cv,FALSE,1,66_65,,,,27.36632,49.31412,22.50399,2.22727,5.31797,1.1384,0.07201,3.44151,15.60838,29.8791,2,1.15621,6.957081005,80.77084603
704,1,incident_cutting,cutting,FALSE,cv,FALSE,4,62_64,8/18/2022,8,SW_monsoon,27.27088,52.11171,20.62275,2.27821,5.13289,1.18045,0.06417,0.2205,15.04669,26.66853,1,0.86617,6.937786005,80.66085703
705,1,incident_cutting,cutting,FALSE,cv,FALSE,4,62_62,,,,27.49377,51.6869,20.71765,2.21619,5.22865,1.18777,0.06267,0.45588,14.55522,26.83,1,2.22536,6.897981005,80.65904303
706,1,incident_cutting,cutting,FALSE,cv,FALSE,3,65_66,10/21/2022,10,inter_monsoon_2,25.90272,51.73974,21.23204,2.30208,5.31695,1.16079,0.06869,4.58613,15.78921,29.25217,1,2.65006,6.993515005,80.75019303
707,1,incident_cutting,cutting,FALSE,cv,FALSE,4,65_63,,,,29.18639,47.81721,22.69304,2.28287,5.27079,1.15621,0.06754,1.62755,15.45309,30.03096,1,3.32279,6.924615005,80.72958303
708,1,incident_cutting,cutting,TRUE,cv,FALSE,4,61_67,,,,23.18124,57.91937,17.91698,2.24584,5.2809,1.1992,0.06661,2.02911,14.61286,23.78494,3,4.1204,7.013545205,80.62629893
709,1,incident_cutting,cutting,FALSE,cv,FALSE,2,67_71,,,,22.7527,56.94816,18.76786,1.51948,5.5284,1.27778,0.05647,7.93002,14.5238,29.08065,2,6.16804,7.144538048,80.78361746
710,1,incident_cutting,cutting,FALSE,cv,FALSE,3,63_64,,,,27.58789,51.53501,20.89772,2.4082,5.16293,1.14987,0.06378,0.53879,14.96341,27.33015,2,0.73005,6.945825005,80.67511803
711,1,incident_cutting,cutting,TRUE,cv,FALSE,2,60_61,,,,22.98428,59.15078,16.39786,2.27886,5.08624,1.23702,0.06156,3.68258,13.42994,23.59013,2,2.99825,6.851263005,80.60270203
712,1,incident_cutting,cutting,TRUE,cv,FALSE,0,72_70,,,,15.56912,65.59981,16.88597,1.30356,5.67339,1.32789,0.05874,14.84143,13.75203,29.22359,2,10.19597,7.107876005,80.92618163
713,1,incident_cutting,cutting,TRUE,cv,FALSE,0,59_67,,,,20.43313,62.33094,16.20936,2.25391,5.22793,1.21188,0.06318,1.37131,14.32318,20.47996,2,1.1455,7.011979339,80.59222897
714,1,incident_cutting,cutting,TRUE,cv,FALSE,1,60_68,,,,23.64225,57.37707,17.91385,2.20864,5.29684,1.21554,0.06711,1.92716,14.6083,24.13154,2,4.90175,7.043606005,80.61826003
715,1,incident_cutting,cutting,TRUE,cv,FALSE,2,62_59,,,,24.08393,56.46159,18.11393,2.35443,5.13752,1.20618,0.0629,2.88001,14.01378,24.4121,2,0.83357,6.812786005,80.66531703
716,1,incident_cutting,cutting,FALSE,cv,FALSE,1,66_65,,,,26.0322,50.85516,21.95638,2.29067,5.27087,1.14329,0.06991,6.16071,15.84698,31.0442,2,0.73985,6.976064015,80.7805988
717,1,incident_cutting,cutting,TRUE,cv,FALSE,4,67_69,,,,21.68807,56.57034,20.05463,2.07315,5.45968,1.23181,0.06119,10.21612,15.17949,30.34419,2,2.28023,7.081393005,80.80279503
718,1,incident_cutting,cutting,TRUE,cv,FALSE,2,70_67,,,,18.13054,59.21321,19.88167,2.15853,5.45253,1.18504,0.06638,21.28707,15.39593,38.03347,1,3.18643,7.026023005,80.87856603
719,1,incident_cutting,cutting,FALSE,cv,FALSE,1,70_69,,,,18.55234,60.30385,18.84922,2.1829,5.50749,1.21848,0.06266,16.90692,15.73375,34.12032,2,5.51694,7.066069005,80.88450203
720,1,incident_cutting,cutting,TRUE,cv,FALSE,4,58_64,,,,16.93399,68.62755,13.13225,2.25751,5.11482,1.23477,0.06238,2.39542,13.40856,17.61549,2,2.0524,6.948338005,80.53931503
721,1,incident_cutting,cutting,TRUE,cv,FALSE,0,59_60,,,,21.76396,61.39389,15.03211,2.2067,5.06293,1.25235,0.06178,3.78444,13.29921,21.51905,2,0.24136,6.834459005,80.57434803
722,1,incident_cutting,cutting,TRUE,cv,TRUE,4,70_70,,,,18.60972,61.08055,18.55686,2.07338,5.55048,1.24832,0.05956,12.74713,15.39811,30.09826,2,6.31288,7.110332255,80.87044542
723,1,incident_cutting,cutting,TRUE,cv,FALSE,0,59_60,,,,21.44549,62.14114,14.65714,2.39877,5.09956,1.25613,0.05827,4.55506,13.02857,22.12628,2,0.31068,6.834019005,80.57182203
724,1,incident_cutting,cutting,TRUE,cv,FALSE,1,70_69,,,,18.91493,60.42446,18.57737,2.1613,5.53642,1.22937,0.06083,15.01622,15.72931,32.59389,3,5.4805,7.086249905,80.87888903
725,1,incident_cutting,cutting,TRUE,cv,FALSE,1,70_69,,,,18.91493,60.42446,18.57737,2.1613,5.53642,1.22937,0.06083,15.01622,15.72931,32.59389,3,5.42097,7.086296605,80.87828169
726,1,incident_cutting,cutting,FALSE,cv,FALSE,4,67_65,,,,26.55217,50.17258,22.22463,2.30459,5.26265,1.13945,0.07061,5.48296,15.84766,30.96726,1,0.99036,6.961373005,80.78285003
727,1,incident_cutting,cutting,TRUE,cv,FALSE,4,69_71,12/18/2022,12,NE_monsoon,19.82235,60.23853,18.40994,1.50094,5.59065,1.29284,0.05548,10.75295,14.71367,29.28716,2,4.99829,7.135941671,80.84288669
728,1,incident_cutting,cutting,TRUE,cv,FALSE,4,69_71,12/18/2022,12,NE_monsoon,19.82235,60.23853,18.40994,1.50094,5.59065,1.29284,0.05548,10.75295,14.71367,29.28716,2,4.99828,7.135941671,80.84288663
729,1,incident_cutting,cutting,FALSE,cv,FALSE,0,63_62,,,,27.72595,50.78648,21.21138,2.24148,5.21649,1.17547,0.0655,0.75341,14.56012,27.32345,2,4.44991,6.881789005,80.69022603
730,1,incident_cutting,cutting,FALSE,cv,TRUE,4,67_70,,,,21.83649,56.62025,19.77455,2.03563,5.50798,1.24888,0.05892,9.71977,15.1748,29.76631,3,4.61133,7.105828335,80.79863993
731,1,incident_cutting,cutting,TRUE,cv,FALSE,1,63_69,,,,24.43523,55.30139,19.2141,1.51346,5.34542,1.24945,0.06162,4.09946,13.96449,27.34866,2,0.50452,7.075918005,80.67796003
732,1,incident_cutting,cutting,FALSE,cv,FALSE,1,60_63,,,,22.93229,59.15041,17.09945,2.24507,5.08218,1.22659,0.06328,1.69423,14.1327,22.88076,3,1.77692,6.903933005,80.61974803
733,1,incident_cutting,cutting,FALSE,cv,FALSE,4,65_63,,,,29.18639,47.81721,22.69304,2.28287,5.27079,1.15621,0.06754,1.62755,15.45309,30.03096,1,3.32279,6.924615005,80.72958303
734,1,incident_cutting,cutting,TRUE,cv,FALSE,1,61_69,,,,24.38734,56.14674,18.33177,1.57003,5.36075,1.24519,0.06559,2.3424,14.07519,25.25279,1,2.88592,7.069733005,80.64598203
735,1,incident_cutting,cutting,FALSE,cv,FALSE,1,60_65,6/16/2023,6,SW_monsoon,20.76651,61.78095,16.66133,2.26064,5.18247,1.19787,0.06418,0.89241,14.13347,20.25937,2,2.99892,6.955675005,80.61371703
736,1,incident_cutting,cutting,TRUE,cv,FALSE,3,59_69,,,,23.40693,58.70617,16.96046,1.59381,5.30326,1.27659,0.06229,0.62967,12.99227,22.7709,3,1.79756,7.068285005,80.56871903
737,1,incident_cutting,cutting,TRUE,cv,FALSE,1,60_68,,,,23.05511,59.00482,17.00907,1.60751,5.31118,1.23259,0.0606,0.97173,12.9951,22.70744,2,3.5863,7.051546005,80.59557703
738,1,incident_cutting,cutting,TRUE,cv,FALSE,1,63_68,7/5/2023,7,SW_monsoon,24.67015,54.91094,19.40311,2.08328,5.30307,1.20631,0.06752,2.65754,14.58343,26.28818,2,2.79475,7.055191005,80.67517303
739,1,incident_cutting,cutting,FALSE,cv,FALSE,2,66_64,,,,28.79585,47.20504,23.43042,2.25452,5.30369,1.14718,0.07364,2.14042,15.60979,30.23049,1,1.70892,6.935116005,80.77583803
740,1,incident_cutting,cutting,FALSE,cv,FALSE,4,61_64,,,,22.44874,59.22891,17.63743,2.24224,5.17977,1.18802,0.0646,0.84821,14.58096,21.89677,1,2.86604,6.948851005,80.62280303
741,1,incident_cutting,cutting,FALSE,cv,FALSE,1,66_65,,,,26.05529,51.23493,21.53895,2.32059,5.29922,1.15153,0.0702,5.04756,15.79309,29.91969,2,0.83187,6.981489005,80.76262003
742,1,incident_cutting,cutting,TRUE,cv,FALSE,0,56_65,,,,18.99537,66.06401,13.72324,2.15438,5.137,1.28511,0.0632,1.98106,12.78955,19.43513,2,2.69407,6.980078335,80.49780169
743,1,incident_cutting,cutting,TRUE,cv,FALSE,0,56_65,,,,18.99537,66.06401,13.72324,2.15438,5.137,1.28511,0.0632,1.98106,12.78955,19.43513,2,2.59496,6.979173305,80.49838333
744,1,incident_cutting,cutting,TRUE,cv,FALSE,1,56_66,,,,19.56452,65.18934,14.05407,2.13844,5.1455,1.29005,0.06411,1.84123,12.78923,19.93854,2,2.02791,7.003360005,80.49854803
745,1,incident_cutting,cutting,TRUE,cv,FALSE,2,63_58,,,,24.32907,55.78335,18.48044,2.26558,5.20652,1.21329,0.06345,3.8359,13.95346,25.85847,1,2.49903,6.790976005,80.68023703
746,1,incident_cutting,cutting,TRUE,cv,FALSE,0,56_65,,,,18.96145,65.98728,13.65003,2.04668,5.16783,1.26503,0.06205,3.31959,12.79443,20.6819,2,1.77012,6.979585005,80.48601503
747,1,incident_cutting,cutting,TRUE,cv,FALSE,1,56_66,,,,19.56452,65.18934,14.05407,2.13844,5.1455,1.29005,0.06411,1.84123,12.78923,19.93854,2,2.02791,7.003360005,80.49854803
748,1,incident_cutting,cutting,TRUE,cv,FALSE,3,65_66,,,,24.97138,52.76223,21.36053,2.29716,5.28123,1.16673,0.06604,5.02123,15.65208,28.74883,1,2.65817,6.998714348,80.74945357
749,1,incident_cutting,cutting,FALSE,cv,FALSE,2,67_71,,,,22.57463,56.87734,18.97255,1.52468,5.51353,1.27485,0.05673,8.77819,14.52574,29.71412,2,5.76555,7.138331665,80.79907836
750,1,incident_cutting,cutting,TRUE,cv,FALSE,0,59_68,,,,22.86408,59.50915,16.6836,1.59785,5.30036,1.27521,0.06161,0.73938,12.9919,22.31199,2,2.82627,7.055557005,80.57252503
751,1,incident_cutting,cutting,TRUE,cv,FALSE,4,61_67,,,,23.664,57.22579,18.06889,2.22479,5.2897,1.20876,0.06683,2.10143,14.61111,24.32909,2,4.93444,7.035369005,80.62356703
752,1,incident_cutting,cutting,TRUE,cv,FALSE,1,56_66,,,,19.08748,65.8959,13.66384,1.567,5.21456,1.2925,0.06064,3.21665,12.12732,20.7671,1,1.02504,7.002698005,80.48946803
753,1,incident_cutting,cutting,TRUE,cv,TRUE,2,60_69,,,,24.61402,56.21655,18.27919,1.48682,5.41673,1.27409,0.06698,0.12933,13.45238,23.40717,2,1.77284,7.074140005,80.59493803
754,1,incident_cutting,cutting,TRUE,cv,FALSE,2,61_70,,,,24.63181,55.22204,19.10671,1.48404,5.39303,1.25351,0.06534,2.47159,14.2188,26.09335,,0.75925,7.100579005,80.64315103
755,1,incident_cutting,cutting,TRUE,cv,FALSE,4,62_68,,,,24.34832,56.04641,18.47076,1.57795,5.35388,1.21173,0.06509,2.68971,14.07753,25.54145,1,2.61237,7.061047805,80.65588213
756,1,incident_cutting,cutting,TRUE,cv,FALSE,1,63_69,,,,24.43523,55.30139,19.2141,1.51346,5.34542,1.24945,0.06162,4.09946,13.96449,27.34866,2,0.54803,7.075312005,80.67839103
757,1,incident_cutting,cutting,TRUE,cv,TRUE,3,64_67,,,,24.85328,53.89672,20.14338,2.21661,5.31523,1.19518,0.0666,3.9126,15.42003,27.38647,1,2.29067,7.035987005,80.70681503
758,1,incident_cutting,cutting,FALSE,cv,FALSE,0,66_66,,,,26.20026,51.19955,21.50544,2.31801,5.30299,1.1531,0.0697,4.58771,15.79154,29.61359,2,1.49976,6.983552005,80.75690003
759,1,incident_cutting,cutting,TRUE,cv,FALSE,1,63_69,,,,24.72627,54.7003,19.46475,2.07574,5.31242,1.20829,0.06735,3.02413,14.58446,26.62468,2,1.71187,7.064530005,80.67942503
760,1,incident_cutting,cutting,FALSE,cv,FALSE,1,68_66,,,,22.35044,55.08134,20.71963,2.12327,5.38882,1.17073,0.06806,11.79179,15.38004,32.99977,1,3.12131,7.007074005,80.83351903
761,1,incident_cutting,cutting,TRUE,cv,FALSE,2,69_70,,,,19.87321,59.64244,18.8652,2.07066,5.54187,1.24795,0.05865,11.13063,15.69958,29.75575,2,6.04949,7.117339905,80.85744663
762,1,incident_cutting,cutting,TRUE,cv,TRUE,4,69_71,,,,20.46322,59.05438,18.92169,2.05945,5.54788,1.25184,0.05805,10.16288,15.69803,29.31658,2,6.2095,7.125270005,80.84538163
763,1,incident_cutting,cutting,TRUE,cv,FALSE,3,71_69,,,,18.59488,60.57418,18.6324,2.17115,5.5256,1.225,0.0617,16.05942,15.73107,33.3261,3,6.55318,7.077545005,80.89162003
764,1,incident_cutting,cutting,TRUE,cv,TRUE,4,69_71,,,,20.46322,59.05438,18.92169,2.05945,5.54788,1.25184,0.05805,10.16288,15.69803,29.31658,2,6.21427,7.125188335,80.84524003
765,1,incident_cutting,cutting,TRUE,cv,TRUE,4,69_71,11/19/2023,11,inter_monsoon_2,20.46322,59.05438,18.92169,2.05945,5.54788,1.25184,0.05805,10.16288,15.69803,29.31658,2,6.24695,7.124931665,80.84542663
766,1,incident_cutting,cutting,FALSE,cv,FALSE,4,62_64,,,,27.27088,52.11171,20.62275,2.27821,5.13289,1.18045,0.06417,0.2205,15.04669,26.66853,1,0.54632,6.934847005,80.66095703
767,1,incident_cutting,cutting,TRUE,cv,FALSE,1,63_69,,,,24.43523,55.30139,19.2141,1.51346,5.34542,1.24945,0.06162,4.09946,13.96449,27.34866,2,0.54803,7.075312005,80.67839103
768,1,incident_cutting,cutting,FALSE,cv,FALSE,4,65_63,,,,28.94141,47.94221,22.86013,2.24525,5.28862,1.1504,0.069,1.11447,15.3378,29.28718,2,3.55913,6.918473005,80.73007203
769,1,incident_cutting,cutting,FALSE,cv,FALSE,0,66_72,,,,23.10142,56.39024,19.02078,1.52133,5.49388,1.26234,0.05544,6.84135,14.2242,28.38492,1,5.6234,7.151356605,80.76001003
770,1,incident_cutting,cutting,FALSE,cv,FALSE,0,66_73,,,,22.75632,57.54754,18.34003,1.53215,5.60834,1.28037,0.05392,6.94114,14.58456,28.32658,2,5.62557,7.176624335,80.78017836
771,1,incident_cutting,cutting,FALSE,cv,FALSE,4,65_72,,,,23.06815,56.78013,18.69754,1.51566,5.51831,1.26583,0.0553,5.7516,14.22265,27.34209,2,5.37961,7.161610005,80.75019003
772,1,incident_cutting,cutting,FALSE,cv,FALSE,0,66_72,,,,22.77455,56.88787,18.89928,1.54262,5.57114,1.27465,0.05458,8.35967,14.58693,29.63585,2,6.11425,7.152791675,80.7825917
773,1,incident_cutting,cutting,FALSE,cv,FALSE,4,66_71,,,,22.62367,56.8792,18.83606,1.45438,5.55775,1.28245,0.0551,8.53241,13.60842,29.39176,2,4.92947,7.137913335,80.77347333
774,1,incident_cutting,cutting,TRUE,cv,FALSE,0,59_67,,,,21.81242,61.01897,16.25218,2.17646,5.24685,1.21458,0.0621,0.36513,13.35363,20.86481,2,1.3767,7.024579005,80.59264803
775,1,incident_cutting,cutting,FALSE,cv,FALSE,0,66_72,,,,22.88754,57.05748,18.64988,1.53714,5.58807,1.27735,0.05447,7.3915,14.58554,28.83579,2,6.29619,7.159452785,80.77769647
776,1,incident_cutting,cutting,TRUE,cv,FALSE,3,64_67,,,,25.2006,53.26946,20.52728,2.24486,5.29003,1.18687,0.06745,3.88318,15.42361,27.78595,2,0.23422,7.019710005,80.72210003
777,1,incident_cutting,cutting,FALSE,cv,FALSE,1,68_67,,,,22.56197,54.96486,20.6871,2.11029,5.39739,1.17585,0.06718,11.25178,15.37796,32.63565,3,3.33325,7.015841005,80.82336503
778,1,incident_cutting,cutting,FALSE,cv,FALSE,0,66_73,,,,22.75632,57.54754,18.34003,1.53215,5.60834,1.28037,0.05392,6.94114,14.58456,28.32658,2,6.33499,7.175883305,80.77378833
779,1,incident_cutting,cutting,FALSE,cv,FALSE,0,66_72,,,,22.46305,57.47146,18.48777,1.45019,5.57651,1.28517,0.05461,7.98033,13.60798,28.7934,2,6.01606,7.147703305,80.77618669
780,1,incident_cutting,cutting,FALSE,cv,TRUE,4,69_71,,,,20.46322,59.05438,18.92169,2.05945,5.54788,1.25184,0.05805,10.16288,15.69803,29.31658,2,6.24695,7.124931665,80.84542663
781,1,incident_cutting,cutting,TRUE,cv,TRUE,3,71_70,,,,17.7339,62.03863,18.45343,2.1261,5.52748,1.25185,0.06028,14.43164,15.2225,30.97297,2,7.33578,7.095661005,80.89304503
782,1,incident_cutting,cutting,FALSE,cv,FALSE,0,66_72,,,,22.88754,57.05748,18.64988,1.53714,5.58807,1.27735,0.05447,7.3915,14.58554,28.83579,2,6.30549,7.159346605,80.77764663
783,1,incident_cutting,cutting,FALSE,cv,FALSE,0,66_72,,,,22.88754,57.05748,18.64988,1.53714,5.58807,1.27735,0.05447,7.3915,14.58554,28.83579,2,5.83711,7.164386665,80.78041003
784,1,incident_cutting,cutting,FALSE,cv,FALSE,2,67_71,,,,22.15675,57.03629,19.1306,1.48424,5.52894,1.28154,0.05673,8.89618,14.33448,29.32232,3,4.68291,7.122605005,80.78585003
785,1,incident_cutting,cutting,FALSE,cv,FALSE,4,66_71,,,,22.46305,57.47146,18.48777,1.45019,5.57651,1.28517,0.05461,7.98033,13.60798,28.7934,2,5.64389,7.142518335,80.77826493
786,1,incident_cutting,cutting,TRUE,cv,FALSE,0,66_72,,,,23.18043,56.98002,18.42847,1.53187,5.60369,1.27911,0.05488,5.77713,14.58384,27.55761,2,6.95035,7.171083305,80.76079003
787,1,incident_cutting,cutting,FALSE,cv,FALSE,1,60_63,,,,21.74807,60.91861,16.4288,2.22951,5.08994,1.23351,0.06297,1.83388,14.12899,21.87639,2,1.36628,6.914844005,80.60876403
788,1,incident_cutting,cutting,FALSE,cv,FALSE,0,66_73,,,,22.98186,57.2466,18.38384,1.53194,5.60601,1.27973,0.05439,6.36891,14.58422,27.96176,1,6.67845,7.173132005,80.77090403
789,1,incident_cutting,cutting,FALSE,cv,FALSE,1,66_65,,,,26.05529,51.23493,21.53895,2.32059,5.29922,1.15153,0.0702,5.04756,15.79309,29.91969,2,0.73594,6.981322005,80.76347203
790,1,incident_cutting,cutting,TRUE,cv,FALSE,1,60_68,,,,22.8475,59.55416,16.67785,2.15768,5.25413,1.23,0.06286,0.2542,13.35308,21.7982,2,3.21608,7.040196005,80.60094703
791,1,incident_cutting,cutting,TRUE,cv,FALSE,4,62_69,,,,24.37349,55.2659,19.28571,1.49757,5.37617,1.2439,0.06427,3.29207,14.22292,26.60687,2,1.24224,7.078262005,80.65889003
792,1,incident_cutting,cutting,TRUE,cv,FALSE,0,59_68,11/11/2023,11,inter_monsoon_2,22.86408,59.50915,16.6836,1.59785,5.30036,1.27521,0.06161,0.73938,12.9919,22.31199,2,2.81015,7.057612005,80.56796403
793,1,incident_cutting,cutting,FALSE,cv,FALSE,4,66_71,,,,23.39241,55.37326,19.62269,1.52939,5.45594,1.2576,0.0563,7.90585,14.22461,29.54389,2,3.67313,7.132048335,80.75874169
794,1,incident_cutting,cutting,FALSE,cv,FALSE,3,68_63,,,,25.5001,51.0932,22.15457,2.14224,5.29681,1.14851,0.0761,4.77475,15.03547,29.38191,2,0.2911,6.926805005,80.82547003
795,1,incident_cutting,cutting,TRUE,cv,FALSE,3,54_66,,,,20.49879,63.85738,14.18967,1.48885,5.13431,1.30843,0.05939,4.16675,12.29715,23.12216,3,2.95381,6.993931005,80.44719003
796,1,incident_cutting,cutting,TRUE,cv,FALSE,1,56_67,,,,19.371,65.44316,13.84134,1.563,5.21907,1.29479,0.06123,3.16026,12.12759,21.02589,1,1.65241,7.010134005,80.49219703
797,1,incident_cutting,cutting,FALSE,cv,FALSE,4,66_71,,,,22.46305,57.47146,18.48777,1.45019,5.57651,1.28517,0.05461,7.98033,13.60798,28.7934,1,5.33579,7.141355005,80.77488836
798,1,incident_cutting,cutting,FALSE,cv,FALSE,1,66_65,,,,26.29562,50.65081,21.98572,2.28885,5.27388,1.14436,0.06954,5.60988,15.84553,30.77012,1,0.34918,6.971955005,80.77712663
799,1,incident_cutting,cutting,TRUE,cv,FALSE,4,57_63,,,,19.13272,66.00538,13.42566,2.1583,5.06544,1.27573,0.0594,3.28791,13.3856,20.37574,2,0.57289,6.913254005,80.52057103
800,1,incident_cutting,cutting,FALSE,cv,FALSE,3,65_66,,,,24.97138,52.76223,21.36053,2.29716,5.28123,1.16673,0.06604,5.02123,15.65208,28.74883,1,3.34191,6.998659995,80.74325169
801,1,incident_cutting,cutting,TRUE,cv,TRUE,4,67_70,,,,21.43989,57.29916,19.5629,2.0377,5.51182,1.24786,0.05885,9.86238,15.17566,29.6523,4,4.10314,7.104078005,80.80530503
802,1,incident_cutting,cutting,TRUE,cv,TRUE,0,68_70,,,,20.96276,58.25508,19.17179,2.02879,5.53451,1.25184,0.05795,9.80481,15.17527,29.24694,4,5.31271,7.117713005,80.81436803
803,1,incident_cutting,cutting,FALSE,cv,FALSE,1,66_65,,,,26.50711,50.64088,21.78694,2.33394,5.28995,1.14567,0.07075,4.53456,15.79383,29.93312,1,0.63059,6.977771605,80.76474663
804,1,incident_cutting,cutting,FALSE,cv,FALSE,1,66_65,,,,26.50711,50.64088,21.78694,2.33394,5.28995,1.14567,0.07075,4.53456,15.79383,29.93312,1,0.63059,6.977771605,80.76474663
805,1,incident_cutting,cutting,FALSE,cv,FALSE,4,66_71,,,,22.46305,57.47146,18.48777,1.45019,5.57651,1.28517,0.05461,7.98033,13.60798,28.7934,2,5.61316,7.142175005,80.77827903
806,1,incident_cutting,cutting,TRUE,cv,FALSE,1,70_69,,,,18.59488,60.57418,18.6324,2.17115,5.5256,1.225,0.0617,16.05942,15.73107,33.3261,3,6.3493,7.082109005,80.88866803
807,1,incident_cutting,cutting,FALSE,cv,FALSE,3,65_66,,,,26.20026,51.19955,21.50544,2.31801,5.30299,1.1531,0.0697,4.58771,15.79154,29.61359,2,1.92427,6.986696005,80.75392503
808,1,incident_cutting,cutting,FALSE,cv,FALSE,0,66_72,,,,23.12556,56.74819,18.6997,1.53692,5.58513,1.27681,0.05494,6.84851,14.58515,28.51589,1,6.90251,7.165028005,80.77025003
809,1,incident_cutting,cutting,FALSE,cv,FALSE,0,66_72,,,,23.12556,56.74819,18.6997,1.53692,5.58513,1.27681,0.05494,6.84851,14.58515,28.51589,1,6.90251,7.165028005,80.77025003
810,1,incident_cutting,cutting,FALSE,cv,FALSE,0,66_72,,,,23.12556,56.74819,18.6997,1.53692,5.58513,1.27681,0.05494,6.84851,14.58515,28.51589,1,6.87223,7.165428005,80.77043703
811,1,incident_cutting,cutting,TRUE,cv,FALSE,0,60_67,,,,22.34609,60.26379,16.47152,2.16708,5.2504,1.21726,0.06247,0.3124,13.35335,21.34929,2,1.87795,7.031273005,80.59271303
812,1,incident_cutting,cutting,TRUE,cv,FALSE,2,69_70,,,,19.98612,59.01541,19.26819,2.09553,5.50204,1.23612,0.06046,12.00668,15.7043,30.72445,2,4.3951,7.095660005,80.86055003
813,1,incident_cutting,cutting,FALSE,cv,FALSE,1,67_68,,,,22.50436,55.45529,20.4863,2.09601,5.42461,1.22169,0.06253,9.05896,15.1802,30.08536,2,3.60509,7.061815005,80.78841103
814,1,incident_cutting,cutting,TRUE,cv,FALSE,1,70_69,7/2/2024,7,SW_monsoon,18.92707,60.12581,18.78394,2.17306,5.51831,1.22294,0.06178,15.66859,15.73193,33.25009,2,5.13703,7.076331705,80.87879173
815,1,incident_cutting,cutting,FALSE,cv,FALSE,2,66_64,,,,27.9893,48.47383,22.85465,2.23971,5.31161,1.13356,0.07255,2.75194,15.60848,29.90152,2,1.35161,6.946930005,80.76816003
816,1,incident_cutting,cutting,TRUE,cv,FALSE,2,69_67,,,,20.03966,58.01386,19.73794,2.1496,5.45903,1.19001,0.06512,15.14329,15.3918,33.85586,2,0.34836,7.029480005,80.84689003
817,1,incident_cutting,cutting,TRUE,cv,FALSE,4,62_69,,,,24.45845,55.30863,19.17138,1.49063,5.38533,1.24886,0.06476,2.88488,14.22084,26.30622,1,1.75011,7.084368005,80.65247603
818,1,incident_cutting,cutting,TRUE,cv,FALSE,4,62_69,,,,24.45845,55.30863,19.17138,1.49063,5.38533,1.24886,0.06476,2.88488,14.22084,26.30622,1,1.75104,7.084340005,80.65234903
819,1,incident_cutting,cutting,TRUE,cv,FALSE,1,62_67,,,,25.2366,54.24916,19.64559,2.23104,5.30944,1.18197,0.06556,2.73059,14.69228,26.5901,2,5.79037,7.014138005,80.66791903
820,1,incident_cutting,cutting,TRUE,cv,FALSE,4,62_69,,,,24.32415,55.58229,19.09662,1.4931,5.37536,1.24804,0.06483,2.70221,14.21937,26.04917,1,2.50056,7.076673005,80.64761003
821,1,incident_cutting,cutting,TRUE,cv,FALSE,2,71_68,,,,17.38387,60.44609,19.45456,2.14265,5.46876,1.21443,0.06464,20.77476,15.84651,36.80619,3,6.18733,7.038927005,80.90528803
822,1,incident_cutting,cutting,TRUE,cv,FALSE,3,60_66,,,,18.71509,64.8562,15.41366,2.28121,5.21602,1.20331,0.06217,1.43549,14.32437,18.81577,2,0.34664,6.987364005,80.60122203
823,1,incident_cutting,cutting,TRUE,cv,FALSE,2,58_69,,,,23.22537,59.05436,16.78639,1.59235,5.29749,1.28326,0.06244,0.59523,12.99119,22.55227,2,2.91326,7.064163005,80.55571603
824,1,incident_cutting,cutting,TRUE,cv,FALSE,4,55_64,,,,19.98493,64.64713,13.95825,2.04224,5.09807,1.2586,0.05994,3.05423,12.658,21.33161,2,3.01727,6.952837005,80.47258303
825,1,incident_cutting,cutting,TRUE,cv,FALSE,4,57_63,,,,19.4715,65.55036,13.52205,2.16587,5.0594,1.25121,0.05917,3.3717,13.38647,20.68906,3,0.34224,6.905580005,80.52379003
826,1,incident_cutting,cutting,TRUE,cv,FALSE,0,55_65,,,,19.93767,64.54376,14.13048,2.03131,5.11825,1.26234,0.0608,2.8394,12.65826,21.15568,3,1.39531,6.972426005,80.48010003
827,1,incident_cutting,cutting,TRUE,cv,FALSE,0,56_65,,,,18.99537,66.06401,13.72324,2.15438,5.137,1.28511,0.0632,1.98106,12.78955,19.43513,3,2.33762,6.982295005,80.50279003
828,1,incident_cutting,cutting,TRUE,cv,FALSE,4,57_63,,,,19.83501,64.91278,13.79039,2.17935,5.06033,1.26165,0.0592,3.35131,13.38963,20.89399,4,0.57324,6.902966005,80.52690703
829,1,incident_cutting,cutting,TRUE,cv,FALSE,0,58_59,,,,21.44876,62.42429,14.09864,2.40172,5.10806,1.26639,0.05723,5.04879,13.02567,21.93313,2,3.40779,6.807763005,80.56191403
830,1,incident_cutting,cutting,TRUE,cv,FALSE,4,70_70,,,,19.14712,60.12319,19.04657,2.13781,5.49131,1.24461,0.06028,13.30359,15.52628,31.23626,1,5.11741,7.099500005,80.86598003
831,1,incident_cutting,cutting,TRUE,cv,FALSE,0,58_63,,,,19.41821,64.85621,14.45646,2.19008,5.09355,1.25403,0.06049,2.71946,13.3976,20.15159,2,1.75197,6.914980005,80.56483803
832,1,incident_cutting,cutting,TRUE,cv,FALSE,4,60_62,,,,22.11106,60.66133,16.11188,2.24383,5.07218,1.2364,0.06234,2.22464,14.12761,22.09269,2,1.76013,6.893938005,80.59798603
833,1,incident_cutting,cutting,TRUE,cv,FALSE,4,59_59,,,,21.78191,61.92772,14.07943,2.40545,5.11285,1.25868,0.05789,4.85478,13.02816,21.38158,2,3.69934,6.803080005,80.57023003
834,1,incident_cutting,cutting,TRUE,cv,FALSE,1,68_69,,,,21.23809,57.32239,19.75404,2.06267,5.47999,1.23651,0.0604,10.51138,15.17907,30.22499,1,2.17951,7.088905205,80.81442103
835,1,incident_cutting,cutting,TRUE,cv,TRUE,1,70_68,,,,18.55717,59.83221,19.16299,2.12437,5.49979,1.20226,0.06362,17.82799,15.39089,35.00879,2,4.14858,7.053171705,80.87953303
836,1,incident_cutting,cutting,TRUE,cv,FALSE,2,69_70,,,,20.21222,59.17398,18.99965,2.07118,5.53463,1.24706,0.0588,10.83196,15.69993,29.75807,2,5.64354,7.114776005,80.85451503
837,1,incident_cutting,cutting,TRUE,cv,FALSE,4,57_63,,,,19.83501,64.91278,13.79039,2.17935,5.06033,1.26165,0.0592,3.35131,13.38963,20.89399,4,0.58001,6.903013005,80.52730503
838,1,incident_cutting,cutting,TRUE,cv,FALSE,0,55_65,,,,19.93767,64.54376,14.13048,2.03131,5.11825,1.26234,0.0608,2.8394,12.65826,21.15568,3,1.3395,6.973744005,80.48038103
839,1,incident_cutting,cutting,TRUE,cv,FALSE,4,57_63,,,,19.4715,65.55036,13.52205,2.16587,5.0594,1.25121,0.05917,3.3717,13.38647,20.68906,4,0.36944,6.905910005,80.52310803
840,1,incident_cutting,cutting,TRUE,cv,FALSE,4,57_63,,,,19.83501,64.91278,13.79039,2.17935,5.06033,1.26165,0.0592,3.35131,13.38963,20.89399,4,0.4938,6.903660005,80.52672003
841,1,incident_cutting,cutting,TRUE,cv,FALSE,4,57_63,,,,19.83501,64.91278,13.79039,2.17935,5.06033,1.26165,0.0592,3.35131,13.38963,20.89399,4,0.53801,6.903288005,80.52688303
842,1,incident_cutting,cutting,TRUE,cv,FALSE,1,57_62,,,,20.88336,63.37661,14.34348,2.09168,5.04964,1.25259,0.05744,2.61389,12.6397,21.3115,2,1.97287,6.895409005,80.51307003
843,1,incident_cutting,cutting,TRUE,cv,FALSE,1,70_69,,,,20.34613,58.5677,19.12091,2.1759,5.50744,1.22066,0.06055,13.72191,16.03568,32.73984,1,5.03027,7.086393005,80.87434803
844,1,incident_cutting,cutting,TRUE,cv,FALSE,1,69_69,,,,20.16679,58.59374,19.52266,2.0789,5.47471,1.22902,0.06115,12.12167,15.18302,30.96078,2,1.51108,7.077721005,80.84138703
845,1,incident_cutting,cutting,TRUE,cv,FALSE,4,70_70,,,,18.60972,61.08055,18.55686,2.07338,5.55048,1.24832,0.05956,12.74713,15.39811,30.09826,3,5.89133,7.101950005,80.87328903
846,1,incident_cutting,cutting,TRUE,cv,FALSE,4,70_70,,,,18.60972,61.08055,18.55686,2.07338,5.55048,1.24832,0.05956,12.74713,15.39811,30.09826,1,6.02333,7.106426705,80.87060503
847,1,incident_cutting,cutting,FALSE,cv,TRUE,1,65_71,,,,23.35209,55.86067,19.26493,1.52365,5.47989,1.26125,0.05613,6.79757,14.22297,28.53297,3,3.87765,7.140513305,80.74752003
848,1,incident_cutting,cutting,FALSE,cv,FALSE,0,66_72,,,,23.10142,56.39024,19.02078,1.52133,5.49388,1.26234,0.05544,6.84135,14.2242,28.38492,1,5.62847,7.151280005,80.76010003
849,1,incident_cutting,cutting,TRUE,cv,FALSE,1,70_69,,,,20.34613,58.5677,19.12091,2.1759,5.50744,1.22066,0.06055,13.72191,16.03568,32.73984,1,4.58621,7.087321005,80.86932103
850,1,incident_cutting,cutting,TRUE,cv,FALSE,3,71_67,,,,16.17254,60.26237,20.24351,2.17365,5.4211,1.19905,0.06741,27.18223,15.85155,41.90933,2,4.36272,7.013388005,80.90896403
851,1,incident_cutting,cutting,TRUE,cv,FALSE,3,54_66,,,,20.4192,63.86839,14.27593,1.4901,5.1436,1.30716,0.05948,3.97135,12.29809,22.838,1,1.90708,6.990142005,80.45604003
852,1,incident_cutting,cutting,TRUE,cv,FALSE,3,60_60,,,,23.01688,59.1593,16.2429,2.28019,5.08971,1.23844,0.06155,3.81672,13.42999,23.4673,2,3.28933,6.843405005,80.60225203
853,1,incident_cutting,cutting,TRUE,cv,FALSE,1,63_68,,,,24.66993,54.88377,19.48314,2.09553,5.29294,1.2017,0.06758,2.63079,14.58447,26.30458,1,2.99291,7.053379805,80.67489303
854,1,incident_cutting,cutting,TRUE,cv,FALSE,0,55_65,,,,20.38053,64.2609,13.92473,2.01568,5.09092,1.26836,0.06026,3.35098,12.65436,22.13068,2,1.45253,6.977700005,80.45705703
855,1,incident_cutting,cutting,TRUE,cv,FALSE,4,62_69,,,,24.45845,55.30863,19.17138,1.49063,5.38533,1.24886,0.06476,2.88488,14.22084,26.30622,2,1.45247,7.084943005,80.65781803
856,1,incident_cutting,cutting,FALSE,cv,TRUE,4,67_70,,,,21.43989,57.29916,19.5629,2.0377,5.51182,1.24786,0.05885,9.86238,15.17566,29.6523,2,4.25844,7.102654005,80.79956503
857,1,incident_cutting,cutting,TRUE,cv,FALSE,1,63_68,,,,24.7446,54.63788,19.5608,2.08807,5.30142,1.20366,0.06745,3.01715,14.5855,26.67954,2,1.90109,7.062940005,80.68212703
858,1,incident_cutting,cutting,TRUE,cv,TRUE,1,69_69,,,,20.68958,58.10907,19.26901,2.17646,5.49929,1.21992,0.06071,13.27043,16.03574,32.6074,2,4.29119,7.090711005,80.86381703
859,1,incident_cutting,cutting,FALSE,cv,FALSE,1,66_65,,,,27.01344,49.96761,22.06689,2.34736,5.28097,1.13985,0.07132,3.97068,15.79455,29.95306,2,0.56641,6.962018005,80.76451403
860,1,incident_cutting,cutting,TRUE,cv,TRUE,4,62_68,,,,24.5375,55.22623,19.30339,2.09044,5.29483,1.20459,0.06763,2.3204,14.58238,25.89546,1,3.60672,7.048397005,80.66192603
861,1,incident_cutting,cutting,TRUE,cv,FALSE,4,61_67,,,,23.84087,56.85307,18.30589,2.24171,5.28099,1.20133,0.06667,2.23598,14.61407,24.65039,3,5.4466,7.023436005,80.63346503
862,1,incident_cutting,cutting,TRUE,cv,FALSE,3,64_69,,,,24.87112,53.80461,20.18465,2.13303,5.32627,1.21042,0.06245,5.30105,14.57775,28.8518,2,3.15106,7.072799005,80.70759903
863,1,incident_cutting,cutting,TRUE,cv,FALSE,3,71_69,,,,18.30054,61.00179,18.47224,2.16916,5.5335,1.22732,0.06161,16.31544,15.73011,33.30456,4,6.99936,7.076867005,80.89583803
864,1,incident_cutting,cutting,TRUE,cv,FALSE,0,59_68,,,,21.96769,60.75042,16.32428,1.60774,5.29969,1.23544,0.06021,0.9485,12.9923,21.58871,2,2.01818,7.037954005,80.57672003
865,1,incident_cutting,cutting,TRUE,cv,FALSE,4,62_69,,,,24.45845,55.30863,19.17138,1.49063,5.38533,1.24886,0.06476,2.88488,14.22084,26.30622,2,1.65083,7.086143005,80.65556003
866,1,incident_cutting,cutting,TRUE,cv,FALSE,4,62_69,,,,24.43941,55.20839,19.24538,1.49271,5.38624,1.24692,0.06445,3.19742,14.22261,26.55411,2,1.40494,7.086650005,80.65916303
867,1,incident_cutting,cutting,FALSE,cv,FALSE,2,67_71,,,,22.90186,56.39347,19.09398,1.52434,5.50772,1.27463,0.05709,8.43175,14.52506,29.63132,2,6.04181,7.138986005,80.78832203
868,1,incident_cutting,cutting,TRUE,cv,FALSE,1,70_68,,,,18.99436,59.41279,19.24099,2.12493,5.49557,1.20179,0.06358,16.77963,15.39028,34.39874,2,3.11882,7.047725005,80.87195903
869,1,incident_cutting,cutting,TRUE,cv,FALSE,2,61_70,,,,24.77698,55.07077,19.09558,1.47965,5.40253,1.25612,0.06556,2.32465,14.21852,26.07951,1,0.9373,7.101665005,80.64168003
870,1,incident_cutting,cutting,FALSE,cv,FALSE,4,66_71,,,,22.7527,56.94816,18.76786,1.51948,5.5284,1.27778,0.05647,7.93002,14.5238,29.08065,2,6.03549,7.143886005,80.78248603
871,1,incident_cutting,cutting,FALSE,cv,FALSE,4,65_65,,,,26.30059,51.2283,21.44703,2.31512,5.30721,1.15486,0.06918,4.16831,15.78998,29.30241,2,2.12331,6.980739005,80.75079703
872,1,incident_cutting,cutting,TRUE,cv,FALSE,4,62_69,,,,24.43685,55.47082,19.0893,1.51125,5.34595,1.25119,0.06199,3.69332,13.9626,26.99562,2,0.40097,7.076476005,80.66914503
873,1,incident_cutting,cutting,FALSE,cv,FALSE,4,65_70,,,,23.84051,54.35036,20.01871,1.51113,5.3945,1.25873,0.05892,8.00685,14.15983,29.81838,2,0.89088,7.107471005,80.74698203
874,1,incident_cutting,cutting,FALSE,cv,FALSE,4,65_65,,,,26.30059,51.2283,21.44703,2.31512,5.30721,1.15486,0.06918,4.16831,15.78998,29.30241,2,2.09841,6.980547005,80.75101603
875,1,incident_cutting,cutting,TRUE,cv,TRUE,0,63_66,,,,25.4312,53.53566,20.31182,2.25849,5.28681,1.17935,0.06694,2.44378,15.42004,26.71222,3,3.54259,7.006481005,80.69093003
876,1,incident_cutting,cutting,FALSE,cv,FALSE,2,67_71,,,,22.7527,56.94816,18.76786,1.51948,5.5284,1.27778,0.05647,7.93002,14.5238,29.08065,2,6.01092,7.143297005,80.78290203
877,1,incident_cutting,cutting,FALSE,cv,FALSE,4,62_64,,,,27.27088,52.11171,20.62275,2.27821,5.13289,1.18045,0.06417,0.2205,15.04669,26.66853,1,0.75154,6.935551005,80.66392403
878,1,incident_cutting,cutting,FALSE,cv,TRUE,1,67_68,,,,21.84208,56.2553,20.29883,2.09877,5.42852,1.21992,0.06269,10.08567,15.18224,30.52009,2,2.64047,7.056891005,80.80002203
879,1,incident_cutting,cutting,FALSE,cv,FALSE,0,66_72,,,,22.7527,56.94816,18.76786,1.51948,5.5284,1.27778,0.05647,7.93002,14.5238,29.08065,2,6.40938,7.148336005,80.78202203
880,1,incident_cutting,cutting,TRUE,cv,FALSE,1,70_69,,,,20.34613,58.5677,19.12091,2.1759,5.50744,1.22066,0.06055,13.72191,16.03568,32.73984,1,4.60725,7.087397005,80.86949703
881,1,incident_cutting,cutting,TRUE,cv,FALSE,0,59_67,,,,21.33448,61.80287,15.91912,2.17053,5.24485,1.22808,0.06193,0.35874,13.35196,20.37715,2,0.70352,7.025565905,80.58308433
882,1,incident_cutting,cutting,TRUE,cv,FALSE,3,65_66,,,,25.05182,52.82238,21.2727,2.29407,5.28777,1.171,0.06565,4.59461,15.65053,28.41171,1,2.73422,7.000728405,80.73550503
883,1,incident_cutting,cutting,FALSE,cv,FALSE,3,65_66,,,,25.08778,52.94385,21.16395,2.29081,5.29463,1.17309,0.06525,4.19922,15.64896,28.06141,3,2.27841,7.002246005,80.73046503
884,1,incident_cutting,cutting,TRUE,cv,FALSE,2,61_66,,,,24.17369,56.25968,18.62466,2.25937,5.27083,1.19327,0.06664,2.3248,14.61716,25.09212,1,5.0318,7.007660005,80.63986803
885,1,incident_cutting,cutting,FALSE,cv,FALSE,1,63_63,,,,32.78228,44.17872,24.04262,2.30285,5.22961,1.1586,0.06385,-1.46745,15.16774,31.24364,1,1.69505,6.922232005,80.68677603
886,1,incident_cutting,cutting,TRUE,cv,FALSE,2,69_67,,,,19.50097,58.46792,19.68857,2.14891,5.46145,1.19006,0.06527,16.58412,15.3927,34.74474,2,0.89729,7.035094005,80.85632203
887,1,incident_cutting,cutting,TRUE,cv,FALSE,3,71_69,,,,17.99471,61.14537,18.51504,2.17844,5.524,1.22348,0.06244,17.29062,15.73174,33.97578,4,7.75339,7.070977005,80.90695003
888,1,incident_cutting,cutting,FALSE,cv,TRUE,1,68_68,,,,21.08125,57.16527,20.084,2.10123,5.43411,1.21841,0.0628,11.28433,15.18422,31.02976,4,0.8458,7.062987005,80.82305603
889,1,incident_cutting,cutting,FALSE,cv,FALSE,3,64_71,,,,24.05338,55.1184,19.47996,1.52697,5.45993,1.26056,0.05782,5.4823,14.21731,28.08173,3,0.42483,7.126971005,80.71100603
890,1,incident_cutting,cutting,TRUE,cv,FALSE,3,71_69,,,,18.0484,61.40679,18.30259,2.16709,5.542,1.22988,0.06149,16.42135,15.72904,33.1752,4,7.83043,7.074022005,80.90551903
891,1,incident_cutting,cutting,TRUE,cv,FALSE,3,71_69,,,,17.99471,61.14537,18.51504,2.17844,5.524,1.22348,0.06244,17.29062,15.73174,33.97578,4,7.63188,7.072097005,80.90474403
892,1,incident_cutting,cutting,TRUE,cv,FALSE,1,69_69,,,,20.20888,58.3478,19.69868,2.09089,5.45755,1.22323,0.06201,12.43584,15.18454,31.33634,2,0.61983,7.067503005,80.83885303
893,1,incident_cutting,cutting,TRUE,cv,FALSE,0,58_68,,,,22.67658,59.8658,16.50526,1.59633,5.29489,1.28226,0.06175,0.70977,12.99082,22.09113,2,3.11748,7.061295005,80.55684103
894,1,incident_cutting,cutting,TRUE,cv,FALSE,2,58_69,,,,23.0446,59.40467,16.60627,1.59102,5.2916,1.28504,0.06258,0.57554,12.99016,22.34465,2,2.37807,7.068643005,80.55148403
895,1,incident_cutting,cutting,TRUE,cv,FALSE,3,71_69,,,,18.0484,61.40679,18.30259,2.16709,5.542,1.22988,0.06149,16.42135,15.72904,33.1752,2,8.25618,7.080608005,80.90673003
896,1,incident_cutting,cutting,TRUE,cv,TRUE,3,64_68,,,,24.85328,53.89672,20.14338,2.21661,5.31523,1.19518,0.0666,3.9126,15.42003,27.38647,1,2.56434,7.038615005,80.70615803
897,1,incident_cutting,cutting,TRUE,cv,FALSE,0,58_63,,,,19.13087,65.408,14.14197,2.18293,5.09017,1.2582,0.06022,2.83724,13.39498,19.95693,2,1.95486,6.914480005,80.55985203
898,1,incident_cutting,cutting,FALSE,cv,FALSE,2,69_67,,,,19.8038,57.88145,19.97547,2.17271,5.43484,1.17959,0.06693,16.37817,15.39534,34.90256,2,2.09649,7.012677005,80.85771103
899,1,incident_cutting,cutting,FALSE,cv,FALSE,1,68_72,,,,20.87202,59.3669,18.3276,1.50721,5.57174,1.28467,0.05534,9.46318,14.85818,29.05678,3,3.56573,7.147477005,80.82782203
900,1,incident_cutting,cutting,TRUE,cv,TRUE,4,67_70,,,,21.54209,56.98032,19.75985,2.04901,5.49355,1.24283,0.05964,10.07931,15.17687,29.9697,1,3.61591,7.098900005,80.80468603
901,1,incident_cutting,cutting,FALSE,cv,FALSE,1,66_65,,,,26.55217,50.17258,22.22463,2.30459,5.26265,1.13945,0.07061,5.48296,15.84766,30.96726,1,0.31613,6.968997005,80.78196303
902,1,incident_cutting,cutting,FALSE,cv,TRUE,4,67_70,,,,22.34728,56.3882,19.48621,1.48829,5.51044,1.27861,0.05727,9.46538,14.33497,29.94818,2,4.16589,7.111891005,80.78578603
903,1,incident_cutting,cutting,TRUE,cv,FALSE,3,64_67,,,,24.99889,53.71123,20.25579,2.22897,5.305,1.1899,0.06686,3.72901,15.42092,27.39771,1,1.55772,7.032270005,80.71307403
904,1,incident_cutting,cutting,TRUE,cv,FALSE,3,71_67,,,,16.8554,60.40785,19.76836,2.15308,5.45111,1.20865,0.06563,23.54219,15.84846,39.00111,1,6.01719,7.034169005,80.90430503
905,1,incident_cutting,cutting,TRUE,cv,FALSE,0,58_68,,,,22.4694,60.35802,16.14084,1.61564,5.24993,1.28413,0.06474,1.09981,12.57441,22.28491,2,2.61544,7.063525005,80.55277103
906,1,incident_cutting,cutting,TRUE,cv,FALSE,2,62_66,,,,24.22966,55.81346,19.24387,2.26618,5.26442,1.17724,0.06867,1.18344,14.91236,24.11889,1,4.58862,6.987228005,80.65165603
907,1,incident_cutting,cutting,FALSE,cv,FALSE,4,67_65,,,,25.31296,51.53587,21.78987,2.29287,5.26641,1.14188,0.07054,7.4614,15.84981,31.58435,2,1.42601,6.974855005,80.80432703
908,1,incident_cutting,cutting,TRUE,cv,FALSE,1,63_68,,,,25.20955,53.73055,19.841,2.19428,5.33209,1.20194,0.06562,4.21186,14.69392,27.85275,3,3.62966,7.052965005,80.69863303
909,1,incident_cutting,cutting,FALSE,cv,TRUE,4,67_69,,,,22.44624,55.49358,20.4184,2.0827,5.43898,1.22786,0.06184,9.32187,15.17884,30.16271,3,4.0881,7.068352005,80.78303003
910,1,incident_cutting,cutting,FALSE,cv,FALSE,0,67_64,,,,27.06117,49.23904,22.72717,2.15972,5.29643,1.12593,0.07512,4.13297,15.00636,30.36993,2,1.78506,6.935911005,80.80241903
911,1,incident_cutting,cutting,FALSE,cv,FALSE,1,68_66,,,,22.84232,54.58929,20.83661,2.12369,5.38544,1.17049,0.06793,10.80338,15.37906,32.52612,2,3.31663,7.000352005,80.82328603
912,1,incident_cutting,cutting,FALSE,cv,FALSE,1,60_65,,,,20.91145,61.45698,16.74077,2.29729,5.21008,1.19296,0.06307,1.43254,14.32994,21.01846,3,1.83969,6.981281005,80.61328603
913,1,incident_cutting,cutting,TRUE,cv,FALSE,4,60_62,,,,22.11106,60.66133,16.11188,2.24383,5.07218,1.2364,0.06234,2.22464,14.12761,22.09269,2,1.18286,6.888729005,80.59860203
914,1,incident_cutting,cutting,TRUE,cv,FALSE,2,61_58,,,,22.94767,59.02113,16.36856,2.45413,5.1808,1.24558,0.05908,4.56736,13.68762,24.20687,3,1.87272,6.783179005,80.63510103
915,1,incident_cutting,cutting,TRUE,cv,FALSE,1,56_66,,,,18.79304,66.09903,13.72496,2.05136,5.17574,1.28754,0.06217,3.14184,12.79587,20.34293,2,2.56873,6.984891005,80.49707203
916,1,incident_cutting,cutting,TRUE,cv,FALSE,4,60_62,,,,22.11106,60.66133,16.11188,2.24383,5.07218,1.2364,0.06234,2.22464,14.12761,22.09269,2,1.10587,6.887936005,80.59832703
917,1,incident_cutting,cutting,TRUE,cv,FALSE,2,69_67,,,,20.18934,57.71293,19.89166,2.16173,5.44532,1.18452,0.06596,15.09613,15.39317,33.99249,2,1.12477,7.021155005,80.85502703
918,1,incident_cutting,cutting,TRUE,cv,TRUE,0,63_66,,,,25.01851,54.24754,19.94992,2.24239,5.30158,1.18773,0.06642,2.41925,15.41727,26.23536,2,4.52335,7.008781005,80.68062803
919,1,incident_cutting,cutting,TRUE,cv,TRUE,1,70_68,,,,18.55234,60.30385,18.84922,2.1829,5.50749,1.21848,0.06266,16.90692,15.73375,34.12032,2,5.58492,7.063969005,80.88741103
920,1,incident_cutting,cutting,TRUE,cv,FALSE,1,70_69,,,,18.55234,60.30385,18.84922,2.1829,5.50749,1.21848,0.06266,16.90692,15.73375,34.12032,2,5.55751,7.064150005,80.88690803
921,1,incident_cutting,cutting,TRUE,cv,FALSE,1,70_68,,,,18.45937,60.05798,19.07875,2.19479,5.48946,1.21186,0.06362,17.94267,15.73645,35.05159,2,5.5648,7.063827005,80.88729403
922,1,incident_cutting,cutting,TRUE,cv,TRUE,1,70_69,,,,18.55234,60.30385,18.84922,2.1829,5.50749,1.21848,0.06266,16.90692,15.73375,34.12032,2,5.60346,7.064197005,80.88743003
923,1,incident_cutting,cutting,TRUE,cv,FALSE,0,59_63,,,,20.49526,63.22896,15.04664,2.2062,5.08802,1.24807,0.06073,2.67719,13.40134,21.07138,3,1.53435,6.907012005,80.58198103
924,1,incident_cutting,cutting,TRUE,cv,FALSE,2,60_61,,,,22.44407,59.79161,16.57329,2.19938,5.13835,1.22942,0.0628,2.29743,14.1157,22.18245,2,0.6757,6.872280005,80.60196803
925,1,incident_cutting,cutting,TRUE,cv,FALSE,1,72_68,,,,16.96959,62.05913,18.50674,2.04167,5.5177,1.23814,0.06387,17.48121,15.51972,33.18783,3,8.09425,7.053157005,80.93243103
926,1,incident_cutting,cutting,TRUE,cv,FALSE,2,60_61,,,,22.98428,59.15078,16.39786,2.27886,5.08624,1.23702,0.06156,3.68258,13.42994,23.59013,2,2.9952,6.851270005,80.60230003
927,1,incident_cutting,cutting,TRUE,cv,FALSE,1,70_68,,,,18.45937,60.05798,19.07875,2.19479,5.48946,1.21186,0.06362,17.94267,15.73645,35.05159,2,5.5478,7.063422005,80.88745203
928,1,incident_cutting,cutting,TRUE,cv,TRUE,1,70_68,,,,18.55234,60.30385,18.84922,2.1829,5.50749,1.21848,0.06266,16.90692,15.73375,34.12032,2,5.61633,7.064080005,80.88769403
929,1,incident_cutting,cutting,TRUE,cv,TRUE,0,68_70,,,,20.96276,58.25508,19.17179,2.02879,5.53451,1.25184,0.05795,9.80481,15.17527,29.24694,4,5.10628,7.115666005,80.81314403
930,1,incident_cutting,cutting,FALSE,cv,TRUE,4,67_69,,,,22.44624,55.49358,20.4184,2.0827,5.43898,1.22786,0.06184,9.32187,15.17884,30.16271,2,4.02325,7.068713005,80.78360303
931,1,incident_cutting,cutting,FALSE,cv,FALSE,4,67_69,,,,22.42737,55.46066,20.37519,2.0696,5.4537,1.23393,0.06115,9.59242,15.1775,30.27143,3,3.78337,7.077138005,80.78650503
932,1,incident_cutting,cutting,TRUE,cv,FALSE,4,60_62,,,,22.70368,59.68487,16.58651,2.25147,5.07199,1.2311,0.06274,2.05535,14.13058,22.6004,2,1.09911,6.888199005,80.60229203
933,1,incident_cutting,cutting,TRUE,cv,FALSE,2,61_70,,,,24.77698,55.07077,19.09558,1.47965,5.40253,1.25612,0.06556,2.32465,14.21852,26.07951,,0.88708,7.101985005,80.64221903
934,1,incident_cutting,cutting,TRUE,cv,FALSE,2,61_58,,,,22.94767,59.02113,16.36856,2.45413,5.1808,1.24558,0.05908,4.56736,13.68762,24.20687,2,1.69305,6.783010005,80.63320003
935,1,incident_cutting,cutting,TRUE,cv,FALSE,2,61_58,,,,22.94767,59.02113,16.36856,2.45413,5.1808,1.24558,0.05908,4.56736,13.68762,24.20687,2,1.79512,6.782486005,80.63396603
936,1,incident_cutting,cutting,TRUE,cv,FALSE,2,61_58,,,,22.94767,59.02113,16.36856,2.45413,5.1808,1.24558,0.05908,4.56736,13.68762,24.20687,2,1.65194,6.782799005,80.63265603
937,1,incident_cutting,cutting,TRUE,cv,FALSE,4,62_69,,,,24.68674,54.92613,19.32407,2.07121,5.31354,1.21078,0.06745,2.65051,14.58241,26.25882,2,1.01238,7.070845005,80.67003503
938,1,incident_cutting,cutting,TRUE,cv,FALSE,1,61_69,,,,24.09091,55.99996,18.96648,1.49534,5.36692,1.24741,0.06483,2.53363,14.2179,25.70058,4,4.08449,7.065056005,80.63618703
939,1,incident_cutting,cutting,TRUE,cv,FALSE,0,63_66,,,,25.22242,53.99212,20.08044,2.2542,5.29271,1.18255,0.0666,2.2152,15.41815,26.27312,2,4.60453,7.006713005,80.68050203
940,1,incident_natural,natural,FALSE,cv,TRUE,1,65_71,,,,23.70821,55.42167,19.40175,1.525,5.47023,1.26106,0.05702,6.14666,14.2202,28.28372,2,1.62709,7.132615245,80.72868503
941,1,incident_natural,natural,TRUE,cv,FALSE,3,71_67,,,,16.72371,60.52072,19.79582,2.04087,5.47743,1.20313,0.06707,22.55927,15.6636,37.92912,2,4.13987,7.014321115,80.91503313
942,1,incident_natural,natural,FALSE,cv,TRUE,1,65_71,,,,23.70821,55.42167,19.40175,1.525,5.47023,1.26106,0.05702,6.14666,14.2202,28.28372,2,1.62709,7.132615245,80.72868503
943,1,incident_natural,natural,TRUE,cv,FALSE,3,54_64,,,,20.27246,64.61993,13.6622,2.02614,5.0702,1.26481,0.05926,3.54971,12.654,22.17145,2,3.89474,6.954726005,80.44545103
944,1,incident_natural,natural,TRUE,cv,FALSE,0,58_63,,,,18.33708,66.49251,13.86116,2.17431,5.09814,1.26422,0.06033,2.75287,13.39392,19.21636,2,2.9298,6.923020605,80.55687563
945,1,incident_natural,natural,FALSE,cv,FALSE,1,66_65,,,,26.0322,50.85516,21.95638,2.29067,5.27087,1.14329,0.06991,6.16071,15.84698,31.0442,1,0.3187,6.972075738,80.78050727
946,1,incident_natural,natural,TRUE,cv,FALSE,0,60_67,,,,22.34609,60.26379,16.47152,2.16708,5.2504,1.21726,0.06247,0.3124,13.35335,21.34929,2,1.87387,7.030545005,80.59327703
947,1,incident_natural,natural,TRUE,cv,FALSE,0,58_63,,,,18.33708,66.49251,13.86116,2.17431,5.09814,1.26422,0.06033,2.75287,13.39392,19.21636,2,2.91412,6.922906005,80.55696103
948,1,incident_natural,natural,FALSE,cv,FALSE,4,66_70,,,,23.49126,54.51701,20.06623,1.50915,5.40093,1.25979,0.05834,9.0978,14.16273,30.41148,3,2.74472,7.117145024,80.76796752
949,1,incident_natural,natural,TRUE,cv,FALSE,1,70_69,,,,18.59894,60.86542,18.42441,2.15956,5.54374,1.23143,0.06075,15.34946,15.72842,32.6315,4,6.51922,7.085181505,80.88934003
950,1,incident_natural,natural,FALSE,cv,FALSE,1,60_63,,,,21.263,61.47143,16.35583,2.22652,5.11701,1.23493,0.06572,1.47076,13.67481,21.02521,2,0.42255,6.926518005,80.60662203
951,1,incident_natural,natural,FALSE,cv,FALSE,1,66_65,,,,26.50711,50.64088,21.78694,2.33394,5.28995,1.14567,0.07075,4.53456,15.79383,29.93312,1,0.58667,6.974889305,80.76857483
952,1,incident_natural,natural,TRUE,cv,FALSE,4,62_68,,,,24.22938,56.35013,18.30842,1.57565,5.35448,1.21446,0.06534,2.41673,14.07566,25.16836,1,3.5155,7.057226005,80.64779603
953,1,incident_natural,natural,FALSE,cv,TRUE,4,67_69,,,,21.75756,56.41631,20.17712,2.08582,5.44384,1.22593,0.06194,10.17566,15.18086,30.4466,3,2.25671,7.072401671,80.7997134
954,1,incident_natural,natural,TRUE,cv,FALSE,4,62_69,,,,24.43941,55.20839,19.24538,1.49271,5.38624,1.24692,0.06445,3.19742,14.22261,26.55411,2,1.20254,7.082830005,80.65948903
955,1,incident_natural,natural,TRUE,cv,FALSE,4,60_62,,,,22.11106,60.66133,16.11188,2.24383,5.07218,1.2364,0.06234,2.22464,14.12761,22.09269,2,1.05482,6.887811005,80.60006003
956,1,incident_natural,natural,TRUE,cv,FALSE,4,60_62,,,,22.11106,60.66133,16.11188,2.24383,5.07218,1.2364,0.06234,2.22464,14.12761,22.09269,2,1.03899,6.887548005,80.59929003
957,1,incident_natural,natural,TRUE,cv,TRUE,4,67_70,,,,21.54209,56.98032,19.75985,2.04901,5.49355,1.24283,0.05964,10.07931,15.17687,29.9697,1,3.56326,7.099327005,80.80663503
958,1,incident_natural,natural,FALSE,cv,FALSE,2,67_71,,,,21.82128,57.58043,18.97151,1.48507,5.53371,1.28112,0.05647,9.16466,14.33533,29.3471,2,5.50506,7.127390005,80.79161703
959,1,incident_natural,natural,TRUE,cv,FALSE,0,63_66,,,,25.58012,53.15654,20.51626,2.26267,5.28111,1.17632,0.0673,2.70427,15.42191,27.11926,4,2.91156,7.006649005,80.69728603
960,1,incident_natural,natural,FALSE,cv,TRUE,4,67_73,,,,20.51575,61.15055,16.93338,1.06134,5.76464,1.33884,0.05493,8.12481,13.63465,27.38669,4,4.38887,7.197883005,80.79577703
961,1,incident_natural,natural,FALSE,cv,FALSE,4,67_65,,,,26.0322,50.85516,21.95638,2.29067,5.27087,1.14329,0.06991,6.16071,15.84698,31.0442,2,0.30996,6.970129005,80.78937903
962,1,incident_natural,natural,TRUE,cv,TRUE,1,63_68,,,,24.97635,53.84347,20.16118,2.14223,5.31873,1.20729,0.06275,4.75195,14.57699,28.52778,3,3.16346,7.057375005,80.69752503
963,1,incident_natural,natural,TRUE,cv,FALSE,2,60_61,,,,23.36608,58.38895,17.03335,2.25652,5.17821,1.22431,0.06148,2.63309,14.24282,23.5128,2,1.61823,6.868654005,80.61209503
964,1,incident_natural,natural,TRUE,cv,FALSE,0,61_60,,,,23.66719,57.96212,16.86805,2.29189,5.09547,1.22823,0.0625,3.71502,13.43522,24.19693,1,3.8031,6.836762005,80.62116003
965,1,incident_natural,natural,TRUE,cv,FALSE,0,56_65,,,,18.70787,66.53521,13.51763,2.17079,5.12737,1.27948,0.0625,2.0898,12.79013,19.1573,2,2.43216,6.969280005,80.49800003
966,1,incident_natural,natural,TRUE,cv,FALSE,2,62_59,,,,24.08393,56.46159,18.11393,2.35443,5.13752,1.20618,0.0629,2.88001,14.01378,24.4121,2,1.0008,6.813582005,80.66681903
967,1,incident_natural,natural,TRUE,cv,FALSE,3,60_60,,,,23.01688,59.1593,16.2429,2.28019,5.08971,1.23844,0.06155,3.81672,13.42999,23.4673,1,4.00096,6.839989005,80.60977903
968,1,incident_natural,natural,TRUE,cv,FALSE,4,61_67,,,,23.664,57.22579,18.06889,2.22479,5.2897,1.20876,0.06683,2.10143,14.61111,24.32909,2,5.34676,7.031487005,80.62907703
969,1,incident_natural,natural,FALSE,cv,FALSE,4,67_70,,,,21.96456,57.07444,19.26019,1.48932,5.51593,1.27792,0.05702,9.61303,14.33592,29.85373,2,4.96618,7.11614226,80.79195458
970,1,incident_natural,natural,TRUE,cv,FALSE,4,67_69,,,,21.68807,56.57034,20.05463,2.07315,5.45968,1.23181,0.06119,10.21612,15.17949,30.34419,4,1.40141,7.075404005,80.80852503
971,1,incident_natural,natural,FALSE,cv,FALSE,4,65_65,,,,26.73848,50.65952,21.68395,2.32819,5.29774,1.14896,0.06968,3.71662,15.79075,29.35907,2,2.75408,6.973694405,80.74275403
972,1,incident_natural,natural,FALSE,cv,FALSE,1,65_62,,,,28.73244,47.79529,23.05523,2.26623,5.27556,1.14419,0.07117,0.97961,15.33824,28.91406,1,5.07837,6.895857005,80.74750369
973,1,incident_natural,natural,TRUE,cv,FALSE,3,60_60,,,,23.01688,59.1593,16.2429,2.28019,5.08971,1.23844,0.06155,3.81672,13.42999,23.4673,,3.73984,6.845037005,80.60706103
974,1,incident_natural,natural,TRUE,cv,FALSE,0,59_63,,,,19.41821,64.85621,14.45646,2.19008,5.09355,1.25403,0.06049,2.71946,13.3976,20.15159,2,1.5148,6.913689005,80.57051103
975,1,incident_natural,natural,FALSE,cv,FALSE,3,63_64,,,,31.55657,46.13897,22.98762,2.33536,5.18526,1.16442,0.06163,-0.58812,15.30352,30.67209,1,2.13478,6.931679826,80.67924575
976,1,incident_natural,natural,TRUE,cv,FALSE,0,61_65,,,,22.87075,58.40583,18.02935,2.22928,5.18964,1.19196,0.06514,1.02072,14.58224,22.60249,2,4.4294,6.969234005,80.63483703
977,1,incident_natural,natural,FALSE,cv,FALSE,3,67_72,,,,22.07476,58.40295,18.11376,1.4736,5.6021,1.28679,0.05371,8.29239,14.13178,28.97662,2,3.20877,7.162215477,80.80774003
978,1,incident_natural,natural,FALSE,cv,FALSE,4,65_70,,,,23.84051,54.35036,20.01871,1.51113,5.3945,1.25873,0.05892,8.00685,14.15983,29.81838,2,1.15891,7.107606041,80.74278226
979,1,incident_natural,natural,TRUE,cv,FALSE,4,69_68,,,,19.4535,58.73274,19.50793,2.13707,5.47633,1.19573,0.06439,16.21997,15.39118,34.31285,2,1.70877,7.039183394,80.86243947
980,1,incident_natural,natural,TRUE,cv,FALSE,4,70_70,,,,18.31874,61.22736,18.62455,2.0843,5.53679,1.24395,0.06041,13.54486,15.39991,30.62487,1,5.80989,7.092628895,80.87904313
981,1,incident_natural,natural,TRUE,cv,FALSE,4,67_69,,,,21.68807,56.57034,20.05463,2.07315,5.45968,1.23181,0.06119,10.21612,15.17949,30.34419,4,1.40141,7.075404005,80.80852503
982,1,incident_natural,natural,TRUE,cv,FALSE,0,68_70,,,,20.28277,59.26378,18.89655,2.03228,5.54226,1.25091,0.05776,10.41831,15.1766,29.32341,4,5.2687,7.117598175,80.83212536
983,1,incident_natural,natural,TRUE,cv,FALSE,4,67_69,,,,21.31057,57.10244,19.90827,2.0748,5.46314,1.23088,0.06119,10.61692,15.18044,30.4432,4,1.62635,7.079876205,80.80909085
984,1,incident_natural,natural,TRUE,cv,FALSE,4,58_61,,,,21.07797,62.74205,14.71538,2.22912,5.05324,1.25402,0.06071,2.97094,14.11771,21.28484,3,1.03254,6.873760005,80.56144803
985,1,incident_natural,natural,FALSE,cv,FALSE,1,66_65,,,,26.0322,50.85516,21.95638,2.29067,5.27087,1.14329,0.06991,6.16071,15.84698,31.0442,2,0.83635,6.976849005,80.78106605
986,1,incident_natural,natural,FALSE,cv,FALSE,2,64_62,,,,28.20422,49.43531,22.07727,2.25526,5.21437,1.16299,0.06825,0.7582,14.56685,28.05312,1,4.31177,6.888664705,80.71495373
987,1,incident_natural,natural,TRUE,cv,FALSE,0,59_68,,,,22.86408,59.50915,16.6836,1.59785,5.30036,1.27521,0.06161,0.73938,12.9919,22.31199,2,2.28012,7.060811259,80.57244589
988,1,incident_natural,natural,FALSE,cv,FALSE,1,66_65,,,,26.0322,50.85516,21.95638,2.29067,5.27087,1.14329,0.06991,6.16071,15.84698,31.0442,1,0.20924,6.969835795,80.78102141
989,1,incident_natural,natural,TRUE,cv,FALSE,1,63_69,,,,24.72627,54.7003,19.46475,2.07574,5.31242,1.20829,0.06735,3.02413,14.58446,26.62468,3,1.50412,7.066471944,80.6785831
990,1,incident_natural,natural,TRUE,cv,FALSE,1,61_69,,,,24.2958,55.73014,19.0105,1.49084,5.37439,1.25011,0.06515,2.44511,14.21761,25.79908,2,3.21118,7.074425314,80.63623033
991,1,incident_natural,natural,TRUE,cv,TRUE,2,68_71,,,,20.80704,58.57037,19.05369,2.05976,5.54137,1.25115,0.0582,9.85805,15.69834,29.30631,4,6.06003,7.124827005,80.83371733
992,1,incident_natural,natural,TRUE,cv,TRUE,4,62_68,11/17/2021,11,inter_monsoon_2,24.5375,55.22623,19.30339,2.09044,5.29483,1.20459,0.06763,2.3204,14.58238,25.89546,1,3.80746,7.046390005,80.66251703
993,1,incident_natural,natural,FALSE,cv,FALSE,2,66_64,12/16/2021,12,NE_monsoon,27.91366,48.4124,22.92944,2.24188,5.30958,1.13047,0.07306,3.05166,15.60973,30.13716,2,0.83742,6.949545005,80.77243503
994,1,incident_natural,natural,FALSE,cv,FALSE,4,66_71,,,,22.7527,56.94816,18.76786,1.51948,5.5284,1.27778,0.05647,7.93002,14.5238,29.08065,2,5.77016,7.141659031,80.78145694
995,1,incident_natural,natural,FALSE,cv,TRUE,4,67_70,,,,21.54209,56.98032,19.75985,2.04901,5.49355,1.24283,0.05964,10.07931,15.17687,29.9697,3,4.02203,7.100096443,80.7995554
996,1,incident_natural,natural,FALSE,cv,FALSE,2,64_62,,,,27.8124,50.2096,21.63607,2.25322,5.21392,1.1677,0.06741,0.83296,14.56402,27.59263,2,3.53835,6.881320505,80.71344613
997,1,incident_natural,natural,FALSE,cv,FALSE,2,64_62,,,,27.8124,50.2096,21.63607,2.25322,5.21392,1.1677,0.06741,0.83296,14.56402,27.59263,2,3.63244,6.881748505,80.71156386
998,1,incident_natural,natural,FALSE,cv,FALSE,2,64_62,,,,27.8124,50.2096,21.63607,2.25322,5.21392,1.1677,0.06741,0.83296,14.56402,27.59263,2,3.63126,6.881737405,80.71156386
999,1,incident_natural,natural,TRUE,cv,FALSE,4,62_68,,,,24.81032,55.22952,18.83415,2.22087,5.29168,1.2075,0.06665,2.82182,14.61536,26.15735,2,3.77223,7.052784005,80.64941303
1000,1,incident_natural,natural,TRUE,cv,FALSE,3,64_67,,,,25.18044,53.48036,20.38307,2.24145,5.29502,1.18451,0.06713,3.51482,15.42184,27.41614,2,0.99697,7.026128005,80.71338103
1001,1,incident_natural,natural,FALSE,cv,FALSE,4,66_71,,,,23.39241,55.37326,19.62269,1.52939,5.45594,1.2576,0.0563,7.90585,14.22461,29.54389,2,3.68444,7.132082406,80.75900266
1002,1,incident_natural,natural,TRUE,cv,FALSE,2,60_69,,,,24.43865,56.35093,18.30314,1.4943,5.41889,1.25173,0.06567,0.39294,13.45431,23.45119,3,4.57787,7.066045087,80.61901507
1003,1,incident_natural,natural,FALSE,cv,FALSE,2,64_62,,,,28.90631,48.74062,22.30186,2.24558,5.21651,1.16546,0.06707,0.43557,14.56593,28.56075,1,3.60464,6.898176505,80.7070659
1004,1,incident_natural,natural,FALSE,cv,FALSE,1,66_65,,,,26.20026,51.19955,21.50544,2.31801,5.30299,1.1531,0.0697,4.58771,15.79154,29.61359,2,1.58404,6.981112105,80.75570675
1005,1,incident_natural,natural,FALSE,cv,FALSE,4,64_64,,,,29.65449,47.91983,22.45278,2.24229,5.26506,1.16687,0.0658,0.72837,15.7632,29.71723,1,0.78288,6.936650705,80.70242884
1006,1,incident_natural,natural,FALSE,cv,FALSE,2,64_62,,,,28.90631,48.74062,22.30186,2.24558,5.21651,1.16546,0.06707,0.43557,14.56593,28.56075,1,3.59297,6.898308305,80.70717164
1007,1,incident_natural,natural,FALSE,cv,FALSE,2,64_62,,,,27.8124,50.2096,21.63607,2.25322,5.21392,1.1677,0.06741,0.83296,14.56402,27.59263,2,3.52913,6.881246605,80.71350024
1008,1,incident_natural,natural,FALSE,cv,FALSE,2,64_62,,,,27.8124,50.2096,21.63607,2.25322,5.21392,1.1677,0.06741,0.83296,14.56402,27.59263,2,3.54344,6.881384205,80.71352683
1009,1,incident_natural,natural,FALSE,cv,FALSE,1,63_63,,,,31.00499,46.42101,23.15548,2.29578,5.23716,1.16038,0.06379,-0.55621,15.16809,30.12281,1,1.56976,6.925560005,80.68650703
1010,1,incident_natural,natural,FALSE,cv,FALSE,2,64_62,,,,27.8124,50.2096,21.63607,2.25322,5.21392,1.1677,0.06741,0.83296,14.56402,27.59263,2,3.63031,6.881728505,80.71156385
1011,1,incident_natural,natural,FALSE,cv,FALSE,2,64_62,,,,27.8124,50.2096,21.63607,2.25322,5.21392,1.1677,0.06741,0.83296,14.56402,27.59263,2,3.63015,6.881727005,80.71156385
1012,1,incident_natural,natural,FALSE,cv,FALSE,1,66_65,,,,26.29562,50.65081,21.98572,2.28885,5.27388,1.14436,0.06954,5.60988,15.84553,30.77012,2,0.72913,6.975842105,80.77724005
1013,1,incident_natural,natural,TRUE,cv,FALSE,4,61_67,,,,24.01341,56.60726,18.34331,2.23091,5.28613,1.20542,0.06675,2.28364,14.61315,24.86103,2,5.32613,7.027250005,80.63003803
1014,1,incident_natural,natural,TRUE,cv,FALSE,1,63_68,,,,24.97635,53.84347,20.16118,2.14223,5.31873,1.20729,0.06275,4.75195,14.57699,28.52778,3,3.57623,7.055471005,80.70109803
1015,1,incident_natural,natural,TRUE,cv,FALSE,2,61_66,,,,21.82845,60.01261,17.32628,2.30546,5.2068,1.18775,0.06352,1.45057,14.33274,21.97146,2,3.46039,6.983202005,80.62924303
1016,1,incident_natural,natural,FALSE,cv,FALSE,4,64_64,,,,28.52658,49.0855,22.13637,2.34924,5.29095,1.17213,0.06861,1.16248,15.78678,28.84793,2,1.57911,6.942813676,80.70630798
1017,1,incident_natural,natural,TRUE,cv,FALSE,0,60_67,,,,22.34609,60.26379,16.47152,2.16708,5.2504,1.21726,0.06247,0.3124,13.35335,21.34929,3,2.76196,7.034838005,80.60018703
1018,1,incident_natural,natural,TRUE,cv,FALSE,4,61_67,,,,24.34254,56.01035,18.61212,2.2371,5.28234,1.20206,0.06669,2.48853,14.61522,25.39345,3,6.17747,7.032568005,80.64045903
1019,1,incident_natural,natural,TRUE,cv,FALSE,0,61_65,,,,21.82845,60.01261,17.32628,2.30546,5.2068,1.18775,0.06352,1.45057,14.33274,21.97146,3,3.28272,6.982156005,80.62738703
1020,1,incident_natural,natural,TRUE,cv,TRUE,1,63_68,,,,24.7446,54.63788,19.5608,2.08807,5.30142,1.20366,0.06745,3.01715,14.5855,26.67954,2,2.17006,7.060742005,80.68377703
1021,1,incident_natural,natural,TRUE,cv,TRUE,4,62_68,11/17/2021,11,inter_monsoon_2,24.5375,55.22623,19.30339,2.09044,5.29483,1.20459,0.06763,2.3204,14.58238,25.89546,1,3.82551,7.046362005,80.66191303
1022,1,incident_natural,natural,TRUE,cv,TRUE,4,62_68,11/17/2021,11,inter_monsoon_2,24.5375,55.22623,19.30339,2.09044,5.29483,1.20459,0.06763,2.3204,14.58238,25.89546,1,3.62883,7.047652005,80.66447203
1023,1,incident_natural,natural,TRUE,cv,TRUE,4,62_68,11/17/2021,11,inter_monsoon_2,24.5375,55.22623,19.30339,2.09044,5.29483,1.20459,0.06763,2.3204,14.58238,25.89546,1,3.57457,7.048160005,80.66441403
1024,1,incident_natural,natural,TRUE,cv,TRUE,4,62_68,11/17/2021,11,inter_monsoon_2,24.5375,55.22623,19.30339,2.09044,5.29483,1.20459,0.06763,2.3204,14.58238,25.89546,1,3.68874,7.047984005,80.66062503
1025,1,incident_natural,natural,FALSE,cv,FALSE,3,64_71,,,,23.82,55.43088,19.33799,1.52376,5.4738,1.26215,0.05729,5.61712,14.21866,27.93453,2,1.30707,7.138773729,80.72030789
1026,1,incident_natural,natural,TRUE,cv,FALSE,1,62_67,,,,24.60543,55.50202,18.90532,2.25471,5.27196,1.19413,0.06667,2.62581,14.6183,25.81049,1,6.64479,7.017488005,80.65126603
1027,1,incident_natural,natural,FALSE,cv,FALSE,4,64_64,,,,28.52658,49.0855,22.13637,2.34924,5.29095,1.17213,0.06861,1.16248,15.78678,28.84793,2,2.30624,6.949453005,80.70752503
1028,1,incident_natural,natural,TRUE,cv,FALSE,4,62_69,,,,24.35038,55.42733,19.18836,1.49535,5.37596,1.24596,0.06454,2.98363,14.22114,26.31801,2,2.03198,7.077839905,80.65173303
1029,1,incident_natural,natural,TRUE,cv,FALSE,1,63_68,,,,24.7446,54.63788,19.5608,2.08807,5.30142,1.20366,0.06745,3.01715,14.5855,26.67954,,2.14226,7.060650005,80.67906103
1030,1,incident_natural,natural,TRUE,cv,TRUE,4,67_70,,,,21.54209,56.98032,19.75985,2.04901,5.49355,1.24283,0.05964,10.07931,15.17687,29.9697,3,3.54021,7.09614207,80.80150025
1031,1,incident_natural,natural,TRUE,cv,FALSE,4,62_68,,,,24.81032,55.22952,18.83415,2.22087,5.29168,1.2075,0.06665,2.82182,14.61536,26.15735,2,3.80125,7.050236005,80.65278503
1032,1,incident_natural,natural,TRUE,cv,FALSE,4,62_69,,,,24.43941,55.20839,19.24538,1.49271,5.38624,1.24692,0.06445,3.19742,14.22261,26.55411,2,1.21149,7.084447005,80.65997703
1033,1,incident_natural,natural,TRUE,cv,FALSE,0,56_65,,,,18.79304,66.09903,13.72496,2.05136,5.17574,1.28754,0.06217,3.14184,12.79587,20.34293,2,2.84283,6.980825005,80.49666333
1034,1,incident_natural,natural,TRUE,cv,FALSE,0,56_65,,,,18.79304,66.09903,13.72496,2.05136,5.17574,1.28754,0.06217,3.14184,12.79587,20.34293,2,2.84001,6.980796665,80.49667836
1035,1,incident_natural,natural,TRUE,cv,FALSE,0,56_65,,,,18.99537,66.06401,13.72324,2.15438,5.137,1.28511,0.0632,1.98106,12.78955,19.43513,2,2.66077,6.979175005,80.49773836
1036,1,incident_natural,natural,TRUE,cv,FALSE,0,56_65,,,,18.99537,66.06401,13.72324,2.15438,5.137,1.28511,0.0632,1.98106,12.78955,19.43513,2,2.58221,6.979954995,80.49886003
1037,1,incident_natural,natural,TRUE,cv,FALSE,1,62_67,7/23/2023,7,SW_monsoon,24.64539,55.44311,18.87262,2.24333,5.27837,1.1987,0.06666,2.71819,14.61729,25.92223,,6.27235,7.026550005,80.65099603
1038,1,incident_natural,natural,TRUE,cv,TRUE,1,63_69,,,,24.91971,54.14628,19.91159,2.12581,5.33471,1.21463,0.06244,4.36386,14.57386,28.08538,3,1.42795,7.072561005,80.69056603
1039,1,incident_natural,natural,TRUE,cv,FALSE,3,64_66,,,,25.67279,52.8506,20.69505,2.26673,5.27562,1.17346,0.06768,2.99619,15.42374,27.49792,2,2.59694,6.998087005,80.71154603
1040,1,incident_natural,natural,TRUE,cv,TRUE,1,63_69,,,,24.91971,54.14628,19.91159,2.12581,5.33471,1.21463,0.06244,4.36386,14.57386,28.08538,3,1.83311,7.066866405,80.69012503
1041,1,incident_natural,natural,FALSE,cv,FALSE,1,68_69,,,,21.3853,56.90232,20.05205,2.08729,5.44689,1.22506,0.06198,10.66423,15.18183,30.61858,2,1.12009,7.066708005,80.81041103
1042,1,incident_natural,natural,TRUE,cv,TRUE,3,71_67,,,,15.35054,60.38254,20.61408,2.0161,5.44331,1.19674,0.06764,31.40341,15.18582,45.21454,1,5.06796,7.015817005,80.90110303
1043,1,incident_natural,natural,TRUE,cv,FALSE,3,71_69,,,,18.0484,61.40679,18.30259,2.16709,5.542,1.22988,0.06149,16.42135,15.72904,33.1752,2,7.77212,7.075138005,80.90392703
1044,1,incident_natural,natural,TRUE,cv,FALSE,4,67_70,,,,21.54209,56.98032,19.75985,2.04901,5.49355,1.24283,0.05964,10.07931,15.17687,29.9697,3,3.48053,7.093827005,80.79941303
1045,1,incident_natural,natural,FALSE,cv,FALSE,4,65_63,,,,28.90101,47.55399,23.15212,2.25429,5.28223,1.14495,0.07057,1.31718,15.34021,29.47151,2,5.4218,6.913254005,80.74611403
1046,1,incident_natural,natural,TRUE,cv,FALSE,4,69_72,,,,17.25381,63.78908,17.35209,1.30649,5.71709,1.32636,0.05574,12.13183,13.87032,28.11672,1,4.51506,7.153994005,80.86290203
1047,1,incident_natural,natural,TRUE,cv,FALSE,4,69_72,,,,19.06071,61.82617,17.70336,1.25691,5.70178,1.32537,0.05623,9.93552,14.38577,27.76889,1,2.10124,7.165272005,80.84356903
1048,1,incident_natural,natural,TRUE,cv,FALSE,4,60_59,,,,23.26772,58.80323,16.10487,2.28719,5.10192,1.23831,0.06178,4.15597,13.4323,23.48088,2,2.30804,6.809740005,80.61217003
1049,1,incident_natural,natural,TRUE,cv,FALSE,1,62_67,,,,25.2366,54.24916,19.64559,2.23104,5.30944,1.18197,0.06556,2.73059,14.69228,26.5901,2,5.19869,7.010139005,80.67399203
1050,1,incident_natural,natural,FALSE,cv,FALSE,1,65_71,,,,23.56691,55.82398,19.15741,1.52077,5.48849,1.26355,0.05669,5.69382,14.22002,27.73713,2,2.71812,7.144787005,80.73293903
1051,1,incident_natural,natural,FALSE,cv,FALSE,1,65_71,,,,23.56691,55.82398,19.15741,1.52077,5.48849,1.26355,0.05669,5.69382,14.22002,27.73713,2,2.71812,7.144787005,80.73293903
1052,1,incident_natural,natural,TRUE,cv,FALSE,3,54_66,,,,20.49879,63.85738,14.18967,1.48885,5.13431,1.30843,0.05939,4.16675,12.29715,23.12216,2,2.53337,6.990681205,80.44971613
1053,1,incident_natural,natural,FALSE,cv,FALSE,3,64_65,,,,26.38044,51.45761,21.26489,2.30853,5.31694,1.15892,0.0681,3.4282,15.78681,28.6568,2,4.53522,6.979198005,80.72415603
1054,1,incident_natural,natural,TRUE,cv,TRUE,1,71_71,,,,17.23257,63.38197,17.64418,1.49379,5.61808,1.29746,0.05615,13.70984,14.41041,29.7684,2,9.15341,7.119189585,80.89737303
1055,1,incident_natural,natural,FALSE,cv,FALSE,1,68_66,,,,22.84232,54.58929,20.83661,2.12369,5.38544,1.17049,0.06793,10.80338,15.37906,32.52612,2,3.18045,6.998472005,80.82407303
1056,1,incident_natural,natural,TRUE,cv,TRUE,0,57_60,,,,20.31106,64.89875,13.13259,2.62206,5.00714,1.2711,0.05605,5.64144,12.25263,22.89222,2,1.51339,6.823809805,80.51932433
1057,1,incident_natural,natural,TRUE,cv,FALSE,0,55_65,,,,20.16934,64.18245,14.22724,1.49565,5.14735,1.26902,0.05898,3.80954,12.29892,22.38671,2,1.0255,6.982381995,80.46103011
1058,1,incident_natural,natural,FALSE,cv,TRUE,1,65_71,,,,23.84122,55.03723,19.63537,1.52939,5.45263,1.25841,0.05732,6.55651,14.22041,28.78053,2,1.76752,7.128035005,80.73055603
1059,1,incident_natural,natural,FALSE,cv,TRUE,4,67_69,,,,22.06232,56.01831,20.21204,2.07139,5.45647,1.23284,0.06117,9.87797,15.1785,30.2908,3,3.43843,7.082008421,80.79128866
1060,1,incident_natural,natural,TRUE,cv,FALSE,2,60_61,,,,22.18277,60.39571,15.97787,2.214,5.06122,1.24158,0.06284,3.27083,13.30388,22.2931,2,2.43502,6.856318005,80.60050303
1061,1,incident_natural,natural,TRUE,cv,TRUE,4,67_70,,,,21.54209,56.98032,19.75985,2.04901,5.49355,1.24283,0.05964,10.07931,15.17687,29.9697,3,3.54021,7.09614207,80.80150025
1062,1,incident_natural,natural,TRUE,cv,FALSE,3,60_60,,,,23.34697,58.58636,16.46271,2.28648,5.09462,1.23577,0.062,3.83575,13.4326,23.74434,1,4.25788,6.833812005,80.61683803
1063,1,incident_natural,natural,TRUE,cv,FALSE,0,59_60,,,,21.44549,62.14114,14.65714,2.39877,5.09956,1.25613,0.05827,4.55506,13.02857,22.12628,2,0.36534,6.833261005,80.57226903
1064,1,incident_natural,natural,FALSE,cv,FALSE,1,65_71,,,,23.50206,55.37044,19.55317,1.52776,5.46105,1.25885,0.05652,7.31355,14.22316,29.11027,2,3.36878,7.139269305,80.74306733
1065,1,incident_natural,natural,FALSE,cv,FALSE,1,65_71,,,,23.50206,55.37044,19.55317,1.52776,5.46105,1.25885,0.05652,7.31355,14.22316,29.11027,2,3.36878,7.139269305,80.74306733
1066,1,incident_natural,natural,FALSE,cv,FALSE,3,61_63,,,,25.75612,54.66734,19.16414,2.26604,5.14137,1.19569,0.06396,0.76296,14.78478,25.24354,1,1.67508,6.917401005,80.64158403
1067,1,incident_natural,natural,FALSE,cv,TRUE,4,66_69,,,,23.58312,53.86381,20.85088,2.14274,5.30717,1.21159,0.0629,9.23868,15.31111,31.0002,4,3.77546,7.082207005,80.77917003
1068,1,incident_natural,natural,TRUE,cv,TRUE,1,69_69,,,,20.70826,57.83916,19.45819,2.18823,5.48147,1.2139,0.06166,13.79111,16.0378,33.14613,2,3.62525,7.079108073,80.86367578
1069,1,incident_natural,natural,FALSE,cv,TRUE,1,68_67,,,,23.42787,53.7905,21.13895,2.24898,5.29226,1.16243,0.06735,10.22389,15.68292,32.49362,2,2.98257,7.015047585,80.81700003
1070,1,incident_natural,natural,FALSE,cv,FALSE,1,65_71,,,,23.70821,55.42167,19.40175,1.525,5.47023,1.26106,0.05702,6.14666,14.2202,28.28372,2,2.10617,7.138927505,80.73047779
1071,1,incident_natural,natural,FALSE,cv,TRUE,1,67_68,,,,21.84208,56.2553,20.29883,2.09877,5.42852,1.21992,0.06269,10.08567,15.18224,30.52009,3,1.99328,7.059815905,80.80511218
1072,1,incident_natural,natural,TRUE,cv,FALSE,4,69_71,,,,20.12626,59.52358,18.79207,2.05907,5.55466,1.25267,0.05791,10.45939,15.69767,29.31851,1,5.82639,7.129715105,80.84811803
1073,1,incident_natural,natural,FALSE,cv,FALSE,4,62_64,,,,26.59725,53.24107,20.06244,2.27888,5.13045,1.18833,0.0635,0.28736,15.04422,25.90013,1,0.09967,6.929184005,80.65038303
1074,1,incident_natural,natural,FALSE,cv,FALSE,4,66_62,,,,28.514,47.86635,23.11904,2.27573,5.27128,1.14184,0.07225,0.89628,15.33831,28.60531,4,4.35438,6.888649005,80.75754403
1075,1,incident_natural,natural,FALSE,cv,FALSE,1,65_71,,,,23.70821,55.42167,19.40175,1.525,5.47023,1.26106,0.05702,6.14666,14.2202,28.28372,2,2.10617,7.138927505,80.73047779
1076,1,incident_natural,natural,TRUE,cv,FALSE,4,70_70,,,,18.60972,61.08055,18.55686,2.07338,5.55048,1.24832,0.05956,12.74713,15.39811,30.09826,3,6.19731,7.106017328,80.87327916
1077,1,incident_natural,natural,TRUE,cv,TRUE,3,71_67,,,,15.35054,60.38254,20.61408,2.0161,5.44331,1.19674,0.06764,31.40341,15.18582,45.21454,1,4.77528,7.013036005,80.89643003
1078,1,incident_natural,natural,FALSE,cv,TRUE,2,67_71,,,,22.11406,57.84557,18.57128,1.52007,5.53902,1.27858,0.05572,8.70524,14.52501,29.31558,2,5.10615,7.139856005,80.80743112
1079,1,incident_natural,natural,TRUE,cv,FALSE,1,61_69,,,,24.2958,55.73014,19.0105,1.49084,5.37439,1.25011,0.06515,2.44511,14.21761,25.79908,2,3.19677,7.074483005,80.63639903
1080,1,incident_natural,natural,FALSE,cv,FALSE,4,64_63,,,,29.3094,48.19432,22.55508,2.24084,5.21915,1.16523,0.06689,0.32774,14.56675,28.96624,1,2.85432,6.905059005,80.70665403
1081,1,incident_natural,natural,TRUE,cv,FALSE,0,56_64,,,,19.66283,64.93089,14.15549,2.17416,5.08727,1.22437,0.0607,1.75582,12.65711,19.59667,2,1.72229,6.937328005,80.51093803
1082,1,incident_natural,natural,TRUE,cv,FALSE,3,54_66,,,,20.27642,64.13594,14.15052,1.49434,5.13776,1.27099,0.0589,3.9931,12.29797,22.68633,1,1.89803,6.986536005,80.45411603
1083,1,incident_natural,natural,FALSE,cv,FALSE,3,67_72,,,,22.07476,58.40295,18.11376,1.4736,5.6021,1.28679,0.05371,8.29239,14.13178,28.97662,2,3.4637,7.159968245,80.8065627
1084,1,incident_natural,natural,FALSE,cv,TRUE,1,68_72,,,,21.42959,58.87029,18.29968,1.50328,5.57644,1.28661,0.0553,8.4199,14.857,28.54082,3,3.89763,7.149095246,80.81328638
1085,1,incident_natural,natural,TRUE,cv,FALSE,1,57_65,,,,17.84112,67.47664,13.45638,2.17972,5.14821,1.25491,0.06245,1.89135,12.79286,18.13348,2,0.75258,6.962370745,80.51970133
1086,1,incident_natural,natural,FALSE,cv,FALSE,1,60_63,,,,23.17663,58.8424,17.11965,2.25238,5.07639,1.2259,0.06321,1.76809,14.13318,23.05432,2,2.0851,6.902317555,80.61344756
1087,1,incident_natural,natural,TRUE,cv,FALSE,3,72_69,,,,17.51803,62.45615,17.81035,2.07285,5.57947,1.24411,0.06113,16.12362,15.40556,32.37397,3,10.29221,7.086413262,80.92435595
1088,1,incident_natural,natural,TRUE,cv,FALSE,0,68_70,,,,20.28277,59.26378,18.89655,2.03228,5.54226,1.25091,0.05776,10.41831,15.1766,29.32341,4,5.26203,7.117553005,80.83175103
1089,1,incident_natural,natural,TRUE,cv,FALSE,0,68_70,,,,20.28277,59.26378,18.89655,2.03228,5.54226,1.25091,0.05776,10.41831,15.1766,29.32341,4,5.26869,7.117598105,80.83212536
1090,1,incident_natural,natural,TRUE,cv,FALSE,0,59_60,,,,21.76396,61.39389,15.03211,2.2067,5.06293,1.25235,0.06178,3.78444,13.29921,21.51905,3,1.01656,6.829908005,80.57985203
1091,1,incident_natural,natural,TRUE,cv,FALSE,1,61_69,,,,24.55912,56.11014,18.415,1.49581,5.42118,1.24959,0.06525,0.4961,13.45535,23.66078,2,4.27815,7.069575174,80.62607771
1092,1,incident_natural,natural,TRUE,cv,FALSE,2,60_69,,,,24.43865,56.35093,18.30314,1.4943,5.41889,1.25173,0.06567,0.39294,13.45431,23.45119,3,4.27101,7.072243305,80.61787524
1093,1,incident_natural,natural,TRUE,cv,FALSE,1,62_67,,,,24.17369,56.25968,18.62466,2.25937,5.27083,1.19327,0.06664,2.3248,14.61716,25.09212,2,6.14942,7.01402046,80.6480262
1094,1,incident_natural,natural,FALSE,cv,TRUE,1,65_71,,,,23.35209,55.86067,19.26493,1.52365,5.47989,1.26125,0.05613,6.79757,14.22297,28.53297,3,3.74656,7.140362805,80.74631003
1095,1,incident_natural,natural,TRUE,cv,TRUE,3,64_68,,,,24.97635,53.84347,20.16118,2.14223,5.31873,1.20729,0.06275,4.75195,14.57699,28.52778,3,3.6199,7.055938991,80.70221851
1096,1,incident_natural,natural,FALSE,cv,FALSE,4,61_64,,,,24.5133,56.06354,18.97942,2.25853,5.17037,1.17725,0.06561,0.58867,14.58711,23.88181,2,2.39356,6.949807005,80.64126403
1097,1,incident_natural,natural,TRUE,cv,FALSE,0,68_70,,,,20.28277,59.26378,18.89655,2.03228,5.54226,1.25091,0.05776,10.41831,15.1766,29.32341,4,5.2687,7.117598175,80.83212536
1098,1,incident_natural,natural,TRUE,cv,FALSE,0,61_65,,,,21.82845,60.01261,17.32628,2.30546,5.2068,1.18775,0.06352,1.45057,14.33274,21.97146,3,3.26086,6.982156005,80.62718403
1099,1,incident_natural,natural,TRUE,cv,FALSE,0,59_67,,,,21.81242,61.01897,16.25218,2.17646,5.24685,1.21458,0.0621,0.36513,13.35363,20.86481,3,1.20801,7.022164005,80.59246803
1100,1,incident_natural,natural,TRUE,cv,FALSE,1,61_69,,,,24.09091,55.99996,18.96648,1.49534,5.36692,1.24741,0.06483,2.53363,14.2179,25.70058,2,3.67919,7.070075205,80.63544203
1101,1,incident_natural,natural,TRUE,cv,TRUE,3,59_69,,,,24.5422,56.37407,18.19837,1.48552,5.41348,1.2755,0.06746,0.05187,13.45144,23.26365,2,1.29745,7.076603005,80.59124203
1102,1,incident_natural,natural,TRUE,cv,TRUE,3,59_69,,,,24.5422,56.37407,18.19837,1.48552,5.41348,1.2755,0.06746,0.05187,13.45144,23.26365,2,1.29745,7.076603005,80.59124203
1103,1,incident_natural,natural,FALSE,cv,FALSE,4,65_72,,,,23.15658,56.72533,18.66763,1.5141,5.52295,1.267,0.05562,5.1898,14.22124,26.88431,2,4.18138,7.160750031,80.7342294
1104,1,incident_natural,natural,TRUE,cv,FALSE,0,59_67,,,,21.81242,61.01897,16.25218,2.17646,5.24685,1.21458,0.0621,0.36513,13.35363,20.86481,3,1.20801,7.022164005,80.59246803
1105,1,incident_natural,natural,TRUE,cv,FALSE,0,56_65,,,,18.55067,66.53037,13.52422,2.06854,5.16417,1.25743,0.06148,3.19231,12.79648,20.05825,3,2.93295,6.963962005,80.49415303
1106,1,incident_natural,natural,TRUE,cv,TRUE,1,70_68,,,,20.24214,57.86399,19.70049,2.21124,5.45433,1.2023,0.06343,15.77016,16.04201,34.67698,2,4.37046,7.063481005,80.87273103
1107,1,incident_natural,natural,TRUE,cv,FALSE,0,56_65,,,,18.55067,66.53037,13.52422,2.06854,5.16417,1.25743,0.06148,3.19231,12.79648,20.05825,3,2.93295,6.963962005,80.49415303
1108,1,incident_natural,natural,TRUE,cv,FALSE,1,61_69,,,,24.38734,56.14674,18.33177,1.57003,5.36075,1.24519,0.06559,2.3424,14.07519,25.25279,1,2.6744,7.073081005,80.64680203
1109,1,incident_natural,natural,TRUE,cv,FALSE,3,71_67,,,,16.08822,60.45467,20.15064,2.1635,5.43434,1.20314,0.06659,27.35473,15.8503,41.98314,3,5.20975,7.019257005,80.90393003
1110,1,incident_natural,natural,FALSE,cv,TRUE,4,67_69,,,,22.11407,55.93933,20.30214,2.08426,5.44115,1.22688,0.0619,9.73453,15.17986,30.30148,3,2.54515,7.067279909,80.79712196
1111,1,incident_natural,natural,TRUE,cv,FALSE,0,56_65,,,,18.99537,66.06401,13.72324,2.15438,5.137,1.28511,0.0632,1.98106,12.78955,19.43513,3,2.1249,6.979929005,80.50353503
1112,1,incident_natural,natural,TRUE,cv,FALSE,1,70_69,,,,18.55234,60.30385,18.84922,2.1829,5.50749,1.21848,0.06266,16.90692,15.73375,34.12032,1,5.74859,7.072590005,80.88500303
1113,1,incident_natural,natural,TRUE,cv,TRUE,3,71_67,,,,15.35054,60.38254,20.61408,2.0161,5.44331,1.19674,0.06764,31.40341,15.18582,45.21454,2,4.85297,7.013825005,80.89768303
1114,1,incident_natural,natural,TRUE,cv,FALSE,2,69_66,,,,20.08206,57.55273,20.07306,2.18461,5.4233,1.17487,0.06771,15.70769,15.39642,34.55177,1,3.09662,7.003088005,80.85774803
1115,1,incident_natural,natural,TRUE,cv,FALSE,1,70_69,,,,18.92707,60.12581,18.78394,2.17306,5.51831,1.22294,0.06178,15.66859,15.73193,33.25009,2,5.147,7.078899005,80.8782639
1116,1,incident_natural,natural,TRUE,cv,TRUE,3,71_67,,,,15.35054,60.38254,20.61408,2.0161,5.44331,1.19674,0.06764,31.40341,15.18582,45.21454,2,4.85297,7.013825005,80.89768303
1117,1,incident_natural,natural,FALSE,cv,TRUE,4,67_69,,,,22.11407,55.93933,20.30214,2.08426,5.44115,1.22688,0.0619,9.73453,15.17986,30.30148,3,2.54515,7.067279909,80.79712196
1118,1,incident_natural,natural,TRUE,cv,FALSE,1,61_69,,,,24.38734,56.14674,18.33177,1.57003,5.36075,1.24519,0.06559,2.3424,14.07519,25.25279,1,2.6744,7.073081005,80.64680203
1119,1,incident_natural,natural,TRUE,cv,FALSE,1,62_67,,,,24.93742,54.888,19.07345,2.23801,5.28136,1.20004,0.0666,3.06118,14.61837,26.52714,2,5.03608,7.035667005,80.65956603
1120,1,incident_natural,natural,TRUE,cv,FALSE,2,60_69,,,,24.74384,55.91243,18.43282,1.48953,5.42314,1.25415,0.06603,0.32313,13.45437,23.70489,,4.05119,7.079805005,80.61940103
1121,1,incident_natural,natural,TRUE,cv,FALSE,1,63_68,,,,25.1664,53.98191,19.67537,2.19001,5.33683,1.19609,0.06542,3.82412,14.69194,27.44945,1,3.31222,7.051348005,80.68874003
1122,1,incident_natural,natural,TRUE,cv,FALSE,1,62_67,,,,24.91782,54.91101,19.12293,2.24957,5.27423,1.19537,0.06665,2.97474,14.61937,26.44496,2,5.04632,7.035559005,80.65962103
1123,1,incident_natural,natural,FALSE,cv,FALSE,4,67_69,,,,22.44624,55.49358,20.4184,2.0827,5.43898,1.22786,0.06184,9.32187,15.17884,30.16271,4,3.93195,7.06772306,80.78447979
1124,1,incident_natural,natural,TRUE,cv,TRUE,3,71_67,,,,15.53605,60.24948,20.61554,2.16826,5.42381,1.1985,0.06686,31.26268,15.85176,45.25754,3,5.38745,7.019946005,80.90208503
1125,1,incident_natural,natural,FALSE,cv,FALSE,1,65_71,,,,23.70821,55.42167,19.40175,1.525,5.47023,1.26106,0.05702,6.14666,14.2202,28.28372,2,2.21397,7.138810651,80.73170613
1126,1,incident_natural,natural,TRUE,cv,TRUE,3,64_67,,,,24.95571,53.95312,20.10188,2.22574,5.3099,1.19239,0.06659,3.36603,15.41917,27.0151,3,2.20963,7.031835005,80.70388503
1127,1,incident_natural,natural,TRUE,cv,FALSE,0,56_65,,,,18.70787,66.53521,13.51763,2.17079,5.12737,1.27948,0.0625,2.0898,12.79013,19.1573,3,1.70357,6.964251005,80.50569603
1128,1,incident_natural,natural,TRUE,cv,FALSE,0,56_65,,,,18.79304,66.09903,13.72496,2.05136,5.17574,1.28754,0.06217,3.14184,12.79587,20.34293,3,2.41813,6.980523005,80.49187903
1129,1,incident_natural,natural,FALSE,cv,FALSE,1,65_71,,,,23.70821,55.42167,19.40175,1.525,5.47023,1.26106,0.05702,6.14666,14.2202,28.28372,2,2.21397,7.138810651,80.73170613
1130,1,incident_natural,natural,TRUE,cv,TRUE,4,69_71,,,,19.82235,60.23853,18.40994,1.50094,5.59065,1.29284,0.05548,10.75295,14.71367,29.28716,2,5.56611,7.130070005,80.84021003
1131,1,incident_natural,natural,TRUE,cv,FALSE,3,70_66,,,,19.33759,58.17067,20.095,2.05388,5.40819,1.18403,0.0696,15.73375,15.18639,33.87902,1,3.13138,6.983433005,80.87505103
1132,1,incident_natural,natural,TRUE,cv,FALSE,1,61_69,,,,24.2958,55.73014,19.0105,1.49084,5.37439,1.25011,0.06515,2.44511,14.21761,25.79908,4,2.95831,7.075647005,80.63891503
1133,1,incident_natural,natural,FALSE,cv,FALSE,4,66_71,,,,23.39241,55.37326,19.62269,1.52939,5.45594,1.2576,0.0563,7.90585,14.22461,29.54389,3,4.22189,7.136433005,80.76142663
1134,1,incident_natural,natural,FALSE,cv,TRUE,4,67_70,,,,21.43989,57.29916,19.5629,2.0377,5.51182,1.24786,0.05885,9.86238,15.17566,29.6523,3,4.49372,7.104980005,80.79929503
1135,1,incident_natural,natural,TRUE,cv,FALSE,1,70_69,,,,18.59488,60.57418,18.6324,2.17115,5.5256,1.225,0.0617,16.05942,15.73107,33.3261,2,6.23366,7.075807005,80.88898803
1136,1,incident_natural,natural,TRUE,cv,FALSE,4,57_63,,,,19.4715,65.55036,13.52205,2.16587,5.0594,1.25121,0.05917,3.3717,13.38647,20.68906,3,0.62965,6.911464005,80.52117903
1137,1,incident_natural,natural,TRUE,cv,TRUE,0,63_66,,,,25.4312,53.53566,20.31182,2.25849,5.28681,1.17935,0.06694,2.44378,15.42004,26.71222,3,3.54259,7.006481005,80.69093003
1138,1,incident_natural,natural,TRUE,cv,FALSE,2,65_67,,,,24.7373,53.21476,21.10423,2.28078,5.29869,1.17696,0.06509,4.95975,15.64958,28.39351,1,2.10909,7.010578005,80.73659803
1139,1,incident_natural,natural,TRUE,cv,FALSE,2,71_68,,,,17.88458,60.91208,18.74057,2.1899,5.50605,1.21701,0.0634,18.36492,15.73446,34.92322,2,7.36508,7.061002005,80.90900503
1140,1,incident_natural,natural,TRUE,cv,FALSE,3,54_66,,,,20.27642,64.13594,14.15052,1.49434,5.13776,1.27099,0.0589,3.9931,12.29797,22.68633,,1.89873,6.983455005,80.45316703
1141,1,incident_natural,natural,TRUE,cv,FALSE,0,59_63,,,,21.03981,62.31809,15.4849,2.21426,5.08895,1.24315,0.06108,2.54235,13.40417,21.52606,2,2.52281,6.912548005,80.58906603
1142,1,incident_natural,natural,TRUE,cv,FALSE,0,56_65,,,,18.70787,66.53521,13.51763,2.17079,5.12737,1.27948,0.0625,2.0898,12.79013,19.1573,3,2.00547,6.967874005,80.50197503
1143,1,incident_natural,natural,TRUE,cv,FALSE,0,56_65,,,,18.69336,66.58526,13.47249,2.17919,5.12207,1.24163,0.06225,2.13308,12.79053,19.1252,2,1.87026,6.958260005,80.50523003
1144,1,incident_natural,natural,TRUE,cv,FALSE,1,71_66,,,,17.68892,59.6141,19.95509,2.06382,5.4498,1.19349,0.06866,19.49903,15.66557,35.91512,1,2.18646,6.989480005,80.90339103
1145,1,incident_natural,natural,FALSE,cv,FALSE,3,64_61,,,,26.80567,51.58373,20.99787,2.25848,5.21352,1.17167,0.06757,1.26183,14.5619,26.7599,2,1.90798,6.862210005,80.70780203
1146,1,incident_natural,natural,FALSE,cv,FALSE,4,67_65,,,,26.0322,50.85516,21.95638,2.29067,5.27087,1.14329,0.06991,6.16071,15.84698,31.0442,2,1.06703,6.977568405,80.78449673
1147,1,incident_natural,natural,TRUE,cv,TRUE,1,70_68,,,,18.99436,59.41279,19.24099,2.12493,5.49557,1.20179,0.06358,16.77963,15.39028,34.39874,2,3.37878,7.049841525,80.87325803
1148,1,incident_natural,natural,TRUE,cv,FALSE,2,61_66,,,,24.15234,56.30496,18.65543,2.27063,5.26513,1.1887,0.06664,2.20715,14.61817,24.97054,1,5.08597,7.001066005,80.64278903
1149,1,incident_natural,natural,FALSE,cv,FALSE,4,62_62,,,,27.49377,51.6869,20.71765,2.21619,5.22865,1.18777,0.06267,0.45588,14.55522,26.83,2,2.74571,6.899122005,80.66584903
1150,1,incident_natural,natural,TRUE,cv,FALSE,3,54_66,,,,20.27642,64.13594,14.15052,1.49434,5.13776,1.27099,0.0589,3.9931,12.29797,22.68633,1,2.03597,6.987689805,80.45325753
1151,1,incident_natural,natural,FALSE,cv,FALSE,4,67_65,,,,25.99779,50.69561,22.08903,2.21862,5.32024,1.13908,0.07283,5.60294,15.6121,30.54906,1,0.55779,6.966077705,80.78990159
1152,1,incident_natural,natural,FALSE,cv,FALSE,2,66_64,,,,27.91366,48.4124,22.92944,2.24188,5.30958,1.13047,0.07306,3.05166,15.60973,30.13716,2,0.65588,6.948925196,80.7741625
1153,1,incident_natural,natural,TRUE,cv,TRUE,4,62_68,,,,24.93742,54.888,19.07345,2.23801,5.28136,1.20004,0.0666,3.06118,14.61837,26.52714,2,4.42314,7.040683415,80.66263533
1154,1,incident_natural,natural,FALSE,cv,FALSE,3,63_64,,,,29.80849,48.18089,22.16662,2.33265,5.19123,1.16913,0.0624,0.66647,15.30552,29.8901,1,1.38104,6.937786335,80.69022831
1155,1,incident_natural,natural,TRUE,cv,FALSE,1,56_67,,,,19.91288,64.6607,14.24764,2.13061,5.14949,1.29231,0.06464,1.76009,12.78916,20.23619,1,2.83708,7.015189005,80.50175203
1156,1,incident_natural,natural,TRUE,cv,FALSE,1,61_69,,,,24.55912,56.11014,18.415,1.49581,5.42118,1.24959,0.06525,0.4961,13.45535,23.66078,2,4.47757,7.069287405,80.62358533
1157,1,incident_natural,natural,FALSE,cv,TRUE,4,67_69,,,,21.68807,56.57034,20.05463,2.07315,5.45968,1.23181,0.06119,10.21612,15.17949,30.34419,4,1.75075,7.074214477,80.80472337
1158,1,incident_natural,natural,FALSE,cv,FALSE,0,61_65,,,,22.13915,59.6251,17.50705,2.23188,5.18687,1.19257,0.06459,0.95855,14.58004,21.73596,2,3.827,6.95834618,80.62486748
1159,1,incident_natural,natural,TRUE,cv,FALSE,3,71_67,,,,16.72371,60.52072,19.79582,2.04087,5.47743,1.20313,0.06707,22.55927,15.6636,37.92912,4,3.79976,7.011169005,80.91552303
1160,1,incident_natural,natural,FALSE,cv,FALSE,4,67_65,,,,26.55217,50.17258,22.22463,2.30459,5.26265,1.13945,0.07061,5.48296,15.84766,30.96726,1,0.69161,6.967313937,80.786817
1161,1,incident_natural,natural,FALSE,cv,FALSE,1,60_63,,,,21.263,61.47143,16.35583,2.22652,5.11701,1.23493,0.06572,1.47076,13.67481,21.02521,3,0.214,6.928128005,80.60447703
1162,1,incident_natural,natural,FALSE,cv,FALSE,4,67_65,,,,25.99779,50.69561,22.08903,2.21862,5.32024,1.13908,0.07283,5.60294,15.6121,30.54906,1,0.35382,6.967802265,80.79058466
1163,1,incident_natural,natural,TRUE,cv,FALSE,4,62_69,,,,24.35038,55.42733,19.18836,1.49535,5.37596,1.24596,0.06454,2.98363,14.22114,26.31801,2,2.03461,7.073602505,80.65273103
1164,1,incident_natural,natural,FALSE,cv,FALSE,1,65_62,,,,28.10341,48.854,22.53543,2.27046,5.27565,1.14872,0.07084,0.97598,15.33487,28.10826,1,3.91881,6.882560005,80.73600103
1165,1,incident_natural,natural,TRUE,cv,FALSE,1,61_69,8/1/2022,8,SW_monsoon,24.09091,55.99996,18.96648,1.49534,5.36692,1.24741,0.06483,2.53363,14.2179,25.70058,2,3.31158,7.072201005,80.63885103
1166,1,incident_natural,natural,FALSE,cv,FALSE,3,65_66,8/1/2022,8,SW_monsoon,25.05182,52.82238,21.2727,2.29407,5.28777,1.171,0.06565,4.59461,15.65053,28.41171,1,3.25263,7.000661423,80.74218286
1167,1,incident_natural,natural,FALSE,cv,FALSE,1,66_65,8/3/2022,8,SW_monsoon,26.50711,50.64088,21.78694,2.33394,5.28995,1.14567,0.07075,4.53456,15.79383,29.93312,1,0.4205,6.977052325,80.76759562
1168,1,incident_natural,natural,TRUE,cv,FALSE,0,56_65,,,,18.99537,66.06401,13.72324,2.15438,5.137,1.28511,0.0632,1.98106,12.78955,19.43513,3,2.07383,6.979755005,80.50397003
1169,1,incident_natural,natural,TRUE,cv,FALSE,0,55_65,,,,20.25815,64.16918,14.17178,2.018,5.11448,1.26703,0.06105,2.96938,12.6565,21.64573,1,0.27739,6.982384005,80.47078103
1170,1,incident_natural,natural,TRUE,cv,FALSE,1,61_69,,,,24.32415,55.58229,19.09662,1.4931,5.37536,1.24804,0.06483,2.70221,14.21937,26.04917,2,2.84544,7.074838005,80.64461003
1171,1,incident_natural,natural,TRUE,cv,FALSE,1,63_68,4/4/2022,4,inter_monsoon_1,25.10051,54.25525,19.50473,2.18569,5.3414,1.19887,0.06523,3.47317,14.68995,27.05623,2,2.88208,7.053939005,80.67967803
1172,1,incident_natural,natural,TRUE,cv,FALSE,4,62_69,,,,24.63615,55.15521,19.18604,2.06666,5.31426,1.2133,0.06759,2.31198,14.58036,25.91214,3,1.52908,7.067285005,80.66456003
1173,1,incident_natural,natural,TRUE,cv,FALSE,4,62_69,,,,24.43685,55.47082,19.0893,1.51125,5.34595,1.25119,0.06199,3.69332,13.9626,26.99562,2,0.64865,7.074579005,80.67224303
1174,1,incident_natural,natural,TRUE,cv,FALSE,4,62_69,,,,24.57582,55.38643,19.05089,2.06209,5.31459,1.21585,0.06775,2.00515,14.57832,25.58314,,1.9109,7.071336005,80.65503303
1175,1,incident_natural,natural,TRUE,cv,TRUE,3,64_67,,,,24.99889,53.71123,20.25579,2.22897,5.305,1.1899,0.06686,3.72901,15.42092,27.39771,3,2.1616,7.032570005,80.70501603
1176,1,incident_natural,natural,TRUE,cv,FALSE,0,68_70,1/9/2022,1,NE_monsoon,21.06736,57.89305,19.38773,2.03964,5.51572,1.24701,0.05878,10.10238,15.17648,29.62573,1,4.01505,7.105650005,80.81310833
1177,1,incident_natural,natural,TRUE,cv,FALSE,0,56_65,8/1/2022,8,SW_monsoon,18.70787,66.53521,13.51763,2.17079,5.12737,1.27948,0.0625,2.0898,12.79013,19.1573,3,2.36471,6.965349005,80.49911103
1178,1,incident_natural,natural,TRUE,cv,FALSE,4,62_68,11/17/2021,11,inter_monsoon_2,24.5375,55.22623,19.30339,2.09044,5.29483,1.20459,0.06763,2.3204,14.58238,25.89546,1,3.31066,7.050375005,80.66567303
1179,1,incident_natural,natural,TRUE,cv,FALSE,0,56_65,5/29/2022,5,SW_monsoon,18.6401,66.36114,13.60984,2.0599,5.17005,1.28484,0.0618,3.16925,12.79614,20.17412,3,2.283,6.977458305,80.49050503
1180,1,incident_natural,natural,FALSE,cv,FALSE,1,66_68,,,,23.77803,53.87485,20.98336,2.1824,5.2728,1.19375,0.06466,8.17772,15.31498,30.60233,2,4.96265,7.050670005,80.77945803
1181,1,incident_natural,natural,TRUE,cv,FALSE,0,55_66,3/28/2022,3,inter_monsoon_1,19.14495,65.67743,13.78113,2.03831,5.17352,1.29253,0.06248,3.2904,12.79422,20.87264,2,0.69084,6.994825005,80.48113303
1182,1,incident_natural,natural,TRUE,cv,FALSE,0,56_65,8/1/2022,8,SW_monsoon,18.70787,66.53521,13.51763,2.17079,5.12737,1.27948,0.0625,2.0898,12.79013,19.1573,3,2.43111,6.968147005,80.49807603
1183,1,incident_natural,natural,FALSE,cv,TRUE,4,67_73,,,,21.14124,59.83067,17.62488,1.35035,5.68684,1.30937,0.05408,8.27129,13.88334,28.1014,2,3.35124,7.178915005,80.80069303
1184,1,incident_natural,natural,TRUE,cv,FALSE,0,58_63,8/1/2022,8,SW_monsoon,19.13087,65.408,14.14197,2.18293,5.09017,1.2582,0.06022,2.83724,13.39498,19.95693,2,2.23499,6.914385005,80.55579303
1185,1,incident_natural,natural,TRUE,cv,FALSE,0,68_70,12/29/2021,12,NE_monsoon,21.15898,57.58176,19.58206,2.05093,5.49751,1.2419,0.05959,10.34069,15.17774,29.95407,3,3.37294,7.100340005,80.81685803
1186,1,incident_natural,natural,TRUE,cv,FALSE,0,68_70,12/29/2021,12,NE_monsoon,21.15898,57.58176,19.58206,2.05093,5.49751,1.2419,0.05959,10.34069,15.17774,29.95407,1,3.44026,7.100960005,80.81693803
1187,1,incident_natural,natural,TRUE,cv,FALSE,1,56_66,2/15/2022,2,NE_monsoon,19.00211,65.75516,13.86592,2.0429,5.18123,1.29009,0.0626,3.1092,12.79567,20.55708,1,1.47843,6.994755005,80.49216303
1188,1,incident_natural,natural,TRUE,cv,FALSE,0,68_70,12/29/2021,12,NE_monsoon,21.15898,57.58176,19.58206,2.05093,5.49751,1.2419,0.05959,10.34069,15.17774,29.95407,3,3.39767,7.100556005,80.81677303
1189,1,incident_natural,natural,TRUE,cv,FALSE,1,62_67,10/30/2021,10,inter_monsoon_2,24.91782,54.91101,19.12293,2.24957,5.27423,1.19537,0.06665,2.97474,14.61937,26.44496,1,5.97461,7.026247005,80.66453903
1190,1,incident_natural,natural,TRUE,cv,FALSE,0,55_66,3/8/2022,3,inter_monsoon_1,19.14495,65.67743,13.78113,2.03831,5.17352,1.29253,0.06248,3.2904,12.79422,20.87264,2,0.74179,6.994348005,80.48101603
1191,1,incident_natural,natural,TRUE,cv,FALSE,0,55_66,3/8/2022,3,inter_monsoon_1,19.14495,65.67743,13.78113,2.03831,5.17352,1.29253,0.06248,3.2904,12.79422,20.87264,1,0.80924,6.993710005,80.48063203
1192,1,incident_natural,natural,TRUE,cv,TRUE,2,69_70,,,,19.9362,59.32092,19.06709,2.08296,5.52194,1.24211,0.05955,11.55314,15.70192,30.22855,2,5.54275,7.109798335,80.86050333
1193,1,incident_natural,natural,FALSE,cv,FALSE,1,66_65,,,,26.50711,50.64088,21.78694,2.33394,5.28995,1.14567,0.07075,4.53456,15.79383,29.93312,1,0.64525,6.977975005,80.76452303
1194,1,incident_natural,natural,TRUE,cv,FALSE,1,62_67,,,,24.60543,55.50202,18.90532,2.25471,5.27196,1.19413,0.06667,2.62581,14.6183,25.81049,2,6.82308,7.021257005,80.65110303
1195,1,incident_natural,natural,FALSE,cv,FALSE,1,66_68,,,,23.88611,53.80209,20.89389,2.16635,5.28748,1.20147,0.06397,7.96812,15.31203,30.38024,4,4.89284,7.058866005,80.76631903
1196,1,incident_natural,natural,FALSE,cv,FALSE,2,67_71,,,,22.7527,56.94816,18.76786,1.51948,5.5284,1.27778,0.05647,7.93002,14.5238,29.08065,2,6.02637,7.143430005,80.78295803
1197,1,incident_natural,natural,TRUE,cv,TRUE,3,64_67,,,,24.85328,53.89672,20.14338,2.21661,5.31523,1.19518,0.0666,3.9126,15.42003,27.38647,2,2.18842,7.035797005,80.70806803
1198,1,incident_natural,natural,TRUE,cv,TRUE,1,61_69,,,,24.2958,55.73014,19.0105,1.49084,5.37439,1.25011,0.06515,2.44511,14.21761,25.79908,2,2.74496,7.078271005,80.63798603
1199,1,footprint,natural,,external_test,TRUE,4,64_64,,,,28.08359,49.09323,22.39209,2.22595,5.32525,1.14118,0.07012,1.81693,15.60315,29.03054,2,3.32067,6.942424288,80.72735856
1200,1,footprint,natural,,external_test,TRUE,2,65_64,,,,28.01188,48.99211,22.48662,2.22988,5.32127,1.13899,0.07077,2.0672,15.60452,29.20226,3,3.4785,6.949503157,80.74028463
1201,1,footprint,natural,,external_test,TRUE,2,65_67,,,,24.38566,53.48986,21.041,2.27031,5.30314,1.18101,0.06487,5.76233,15.65016,28.75961,2,3.30847,7.020920928,80.75135268
1202,1,footprint,natural,,external_test,TRUE,2,65_67,,,,24.15581,53.76363,20.91152,2.25701,5.31437,1.18696,0.0643,6.09032,15.6492,28.78189,2,3.51189,7.029363391,80.75037479
1203,1,footprint,natural,,external_test,TRUE,1,66_68,,,,24.13225,53.57743,21.06917,2.19314,5.26528,1.18949,0.06508,7.31234,15.31456,30.21792,2,4.34119,7.039784918,80.76692134
1204,1,footprint,natural,,external_test,TRUE,2,65_67,,,,24.15581,53.76363,20.91152,2.25701,5.31437,1.18696,0.0643,6.09032,15.6492,28.78189,3,2.98742,7.034186951,80.74301209
1205,1,footprint,natural,,external_test,TRUE,2,63_65,,,,26.25805,52.6778,20.6644,2.28998,5.26637,1.16637,0.06719,1.40334,15.42103,26.64201,4,2.65703,6.971672431,80.68038348
1206,1,footprint,natural,,external_test,TRUE,2,63_65,,,,26.79697,51.98862,20.95022,2.30192,5.25761,1.16079,0.06741,1.05287,15.42206,26.89686,4,2.49825,6.967007372,80.68488274
1207,1,footprint,natural,,external_test,TRUE,2,63_65,,,,26.79697,51.98862,20.95022,2.30192,5.25761,1.16079,0.06741,1.05287,15.42206,26.89686,4,2.20895,6.966548385,80.68119736
1208,1,footprint,natural,,external_test,TRUE,2,63_65,,,,27.08756,51.41576,21.23261,2.30735,5.25073,1.1571,0.06787,1.18491,15.42403,27.34569,4,2.97007,6.966799336,80.69097285
1209,1,footprint,natural,,external_test,TRUE,4,63_67,,,,25.01851,54.24754,19.94992,2.24239,5.30158,1.18773,0.06642,2.41925,15.41727,26.23536,4,4.09844,7.010646561,80.68410463
1210,1,footprint,natural,,external_test,TRUE,4,63_67,,,,25.19734,53.83225,20.16488,2.24638,5.296,1.18468,0.06673,2.67197,15.41913,26.66223,3,3.72917,7.012819923,80.68702014
1211,1,footprint,natural,,external_test,TRUE,0,63_66,,,,25.19734,53.83225,20.16488,2.24638,5.296,1.18468,0.06673,2.67197,15.41913,26.66223,4,3.20488,7.00939154,80.69300487
1212,1,footprint,natural,,external_test,TRUE,3,64_68,,,,24.85328,53.89672,20.14338,2.21661,5.31523,1.19518,0.0666,3.9126,15.42003,27.38647,1,2.17354,7.037289306,80.7106413
1213,1,footprint,natural,,external_test,TRUE,3,64_67,,,,24.99889,53.71123,20.25579,2.22897,5.305,1.1899,0.06686,3.72901,15.42092,27.39771,3,2.17651,7.033144934,80.7053368
1214,1,footprint,natural,,external_test,TRUE,1,65_68,,,,24.31031,53.63392,20.86294,2.17455,5.28427,1.19874,0.06427,6.53225,15.30998,29.57528,4,4.32534,7.051308442,80.74346859
1215,1,footprint,natural,,external_test,TRUE,4,66_67,,,,23.49982,54.15549,20.93441,2.25096,5.30746,1.18777,0.06453,8.00834,15.65268,29.92957,2,3.83694,7.035897892,80.77427625
1216,1,footprint,natural,,external_test,TRUE,4,66_69,,,,23.98573,53.73492,20.80211,2.15067,5.30279,1.20895,0.06335,7.76283,15.30916,30.15606,4,3.15217,7.073031691,80.75924395
1217,1,footprint,natural,,external_test,TRUE,1,63_69,,,,24.72627,54.7003,19.46475,2.07574,5.31242,1.20829,0.06735,3.02413,14.58446,26.62468,3,1.18868,7.070784415,80.68553949
1218,1,footprint,natural,,external_test,TRUE,1,63_68,,,,24.97635,53.84347,20.16118,2.14223,5.31873,1.20729,0.06275,4.75195,14.57699,28.52778,3,2.88959,7.062849233,80.69973497
1219,1,footprint,natural,,external_test,TRUE,0,64_70,,,,24.153,54.52665,19.91718,1.53764,5.42501,1.2534,0.058,6.56363,14.21945,29.16031,2,2.83333,7.104376055,80.72336133
1220,1,footprint,natural,,external_test,TRUE,0,67_74,,,,20.21633,62.33148,16.23686,0.98536,5.77099,1.35524,0.05466,7.83553,13.22044,26.89667,2,4.49164,7.205952117,80.80011213
1221,1,footprint,natural,,external_test,TRUE,2,68_71,,,,20.80704,58.57037,19.05369,2.05976,5.54137,1.25115,0.0582,9.85805,15.69834,29.30631,4,5.66762,7.12859618,80.8364467
1222,1,footprint,natural,,external_test,TRUE,1,63_69,,,,24.4269,55.12627,19.34567,1.51561,5.34438,1.24778,0.06128,4.54453,13.96636,27.72789,3,1.02669,7.074686884,80.68762179
1223,1,footprint,natural,,external_test,TRUE,1,63_69,,,,24.43525,55.35161,19.12658,1.50836,5.35586,1.25291,0.06166,4.00814,13.964,27.22657,2,0.67795,7.086013831,80.68119304
1224,1,footprint,natural,,external_test,TRUE,2,63_65,,,,26.53761,52.12175,20.93809,2.29514,5.25968,1.16278,0.06762,1.55846,15.42298,27.0972,2,3.15226,6.969739645,80.69058211
1225,1,footprint,natural,,external_test,TRUE,2,71_68,,,,17.34341,60.79251,19.21291,2.13844,5.47923,1.2188,0.06438,19.75614,15.84507,35.77664,4,7.23845,7.043635898,80.9146482
1226,1,footprint,natural,,external_test,TRUE,3,71_67,,,,15.35054,60.38254,20.61408,2.0161,5.44331,1.19674,0.06764,31.40341,15.18582,45.21454,2,5.14993,7.016553538,80.8987046
1227,1,footprint,natural,,external_test,TRUE,3,71_67,,,,16.08822,60.45467,20.15064,2.1635,5.43434,1.20314,0.06659,27.35473,15.8503,41.98314,3,5.52302,7.024185179,80.90669417
1228,1,footprint,natural,,external_test,TRUE,2,69_67,,,,19.93999,58.29633,19.57036,2.13754,5.47359,1.19568,0.06427,14.98163,15.39033,33.56547,3,0.73141,7.035815929,80.84684694
1229,1,footprint,natural,,external_test,TRUE,4,62_62,,,,26.34684,53.22498,19.95235,2.22316,5.2248,1.19039,0.06297,1.11186,14.55363,25.93567,3,0.98734,6.879916735,80.65893371
1230,1,footprint,natural,,external_test,TRUE,4,67_69,,,,22.01726,56.10996,20.11336,2.05889,5.47251,1.23857,0.06044,9.96214,15.17719,30.23936,4,3.6938,7.086244906,80.79078251
1231,1,footprint,natural,,external_test,TRUE,4,67_66,,,,24.54327,52.63778,21.31378,2.25108,5.29399,1.15922,0.06816,8.47186,15.84629,31.638,1,0.36328,7.002478213,80.79005203
1232,1,footprint,natural,,external_test,TRUE,1,72_71,,,,13.95976,68.37267,15.79262,0.99109,5.79864,1.3749,0.05736,14.62931,13.49833,27.36677,3,6.29515,7.143077162,80.93072856
1233,1,footprint,natural,,external_test,TRUE,1,72_71,,,,15.1797,66.44719,16.56311,1.17153,5.7455,1.33741,0.05764,14.23915,13.76308,28.26796,4,7.29075,7.13457993,80.93819968
1234,1,footprint,natural,,external_test,TRUE,2,72_73,,,,13.79335,69.1188,15.42687,0.98531,5.83841,1.38645,0.05558,13.8361,13.49104,26.48327,4,2.80191,7.174673091,80.93074621
1235,1,footprint,natural,,external_test,TRUE,1,65_71,,,,23.50206,55.37044,19.55317,1.52776,5.46105,1.25885,0.05652,7.31355,14.22316,29.11027,2,4.15815,7.138839732,80.75073739
1236,1,footprint,natural,,external_test,TRUE,3,64_67,,,,24.95571,53.95312,20.10188,2.22574,5.3099,1.19239,0.06659,3.36603,15.41917,27.0151,3,2.02665,7.029981623,80.70461517
1237,1,footprint,natural,,external_test,TRUE,4,66_67,,,,23.67675,53.94768,21.04469,2.26438,5.29619,1.17954,0.06517,7.68689,15.65371,29.86948,3,3.31349,7.030645371,80.77972493
1238,1,footprint,natural,,external_test,TRUE,4,66_67,,,,23.67675,53.94768,21.04469,2.26438,5.29619,1.17954,0.06517,7.68689,15.65371,29.86948,4,3.19944,7.029785167,80.77864365
1239,1,footprint,natural,,external_test,TRUE,1,67_67,,,,24.1264,53.27499,21.14973,2.23137,5.30996,1.17208,0.06585,8.37792,15.67732,31.3204,2,2.61768,7.025424218,80.78927118
1240,1,footprint,natural,,external_test,TRUE,0,57_60,,,,21.20552,63.29966,13.8775,2.61683,5.00564,1.27121,0.05634,5.45517,12.25224,23.71065,1,1.37922,6.82883503,80.51899536
1241,1,footprint,natural,,external_test,TRUE,1,63_68,,,,24.8016,54.37787,19.71721,2.0928,5.29943,1.20106,0.06742,3.4132,14.58756,27.08512,3,2.37297,7.062110912,80.69186417
1242,1,footprint,natural,,external_test,TRUE,0,64_70,,,,24.25131,55.05009,19.38866,1.50892,5.36485,1.25215,0.0605,5.38718,13.96901,28.18166,3,3.41617,7.09755516,80.71396484
1243,1,footprint,natural,,external_test,TRUE,3,64_71,,,,23.84122,55.03723,19.63537,1.52939,5.45263,1.25841,0.05732,6.55651,14.22041,28.78053,2,1.31535,7.125912381,80.72619496
1244,1,footprint,natural,,external_test,TRUE,3,64_71,,,,23.70821,55.42167,19.40175,1.525,5.47023,1.26106,0.05702,6.14666,14.2202,28.28372,2,1.25359,7.131609025,80.72545662
1245,1,footprint,natural,,external_test,TRUE,3,64_68,,,,24.96599,53.65433,20.30433,2.14609,5.31411,1.20505,0.0628,5.22037,14.57895,28.92936,2,3.78829,7.057876888,80.70618339
1246,1,footprint,natural,,external_test,TRUE,1,63_68,,,,24.8016,54.37787,19.71721,2.0928,5.29943,1.20106,0.06742,3.4132,14.58756,27.08512,2,2.78093,7.059165888,80.69409899
1247,1,footprint,natural,,external_test,TRUE,2,63_65,,,,27.71274,50.5059,21.48534,2.32772,5.31272,1.14614,0.06694,1.1683,15.78256,27.96201,2,2.25372,6.958835613,80.68838005
1248,1,footprint,natural,,external_test,TRUE,2,63_65,,,,27.71274,50.5059,21.48534,2.32772,5.31272,1.14614,0.06694,1.1683,15.78256,27.96201,2,2.39491,6.959461235,80.6894966
1249,1,footprint,natural,,external_test,TRUE,2,63_65,,,,27.08756,51.41576,21.23261,2.30735,5.25073,1.1571,0.06787,1.18491,15.42403,27.34569,4,2.80763,6.96166991,80.69256635
1250,1,footprint,natural,,external_test,TRUE,2,63_65,,,,26.26457,52.97765,20.21572,2.31157,5.26181,1.16391,0.06588,1.81327,14.81161,26.87044,4,2.3839,6.97104264,80.67468924
1251,1,footprint,natural,,external_test,TRUE,4,62_65,,,,25.05748,54.699,19.62947,2.30956,5.2367,1.17304,0.06794,1.61019,15.3464,25.50813,2,3.60289,6.980684289,80.65903546
1252,1,footprint,natural,,external_test,TRUE,3,66_76,,,,29.08691,53.50483,15.74985,1.03335,5.70731,1.33706,0.05257,8.01112,12.77582,36.11088,3,1.81246,7.257665644,80.75919077
1253,1,footprint,natural,,external_test,TRUE,3,64_67,,,,24.99889,53.71123,20.25579,2.22897,5.305,1.1899,0.06686,3.72901,15.42092,27.39771,,2.15876,7.035194482,80.70773164
1254,1,footprint,natural,,external_test,TRUE,1,62_67,,,,24.91782,54.91101,19.12293,2.24957,5.27423,1.19537,0.06665,2.97474,14.61937,26.44496,2,5.23406,7.03278924,80.66660755
1255,1,footprint,natural,,external_test,TRUE,4,62_68,,,,24.93742,54.888,19.07345,2.23801,5.28136,1.20004,0.0666,3.06118,14.61837,26.52714,2,4.54179,7.039496537,80.66318296
1256,1,footprint,natural,,external_test,TRUE,4,62_68,,,,24.93742,54.888,19.07345,2.23801,5.28136,1.20004,0.0666,3.06118,14.61837,26.52714,2,4.17049,7.042726526,80.6642451
1257,1,footprint,natural,,external_test,TRUE,4,62_68,,,,24.93742,54.888,19.07345,2.23801,5.28136,1.20004,0.0666,3.06118,14.61837,26.52714,1,4.08787,7.043910991,80.66198234
1258,1,footprint,natural,,external_test,TRUE,4,63_67,,,,25.01851,54.24754,19.94992,2.24239,5.30158,1.18773,0.06642,2.41925,15.41727,26.23536,3,4.05806,7.015146214,80.68359188
1259,1,footprint,natural,,external_test,TRUE,1,63_68,,,,25.24577,53.86702,19.77216,2.20284,5.32659,1.19098,0.06561,3.72787,14.69305,27.46959,2,4.07154,7.044641505,80.69027905
1260,1,footprint,natural,,external_test,TRUE,1,63_68,,,,25.24577,53.86702,19.77216,2.20284,5.32659,1.19098,0.06561,3.72787,14.69305,27.46959,2,3.9826,7.043186198,80.69241528
1261,1,footprint,natural,,external_test,TRUE,4,63_67,,,,25.33195,53.93521,19.78017,2.22371,5.31257,1.19278,0.0657,3.14178,14.69325,27.05951,2,4.75709,7.01976775,80.67694253
1262,1,footprint,natural,,external_test,TRUE,1,61_69,,,,24.80727,55.75502,18.51193,1.49091,5.42618,1.25216,0.06558,0.43897,13.4554,23.86554,2,3.3965,7.078805874,80.62774547
1263,1,footprint,natural,,external_test,TRUE,3,62_70,,,,24.50437,55.49226,18.93681,1.50146,5.36619,1.25773,0.06213,3.4632,13.96167,26.7826,2,1.79807,7.096260112,80.67005261
1264,1,footprint,natural,,external_test,TRUE,1,61_69,,,,24.50213,55.46775,19.04904,1.48641,5.38223,1.25276,0.06545,2.33438,14.21733,25.87997,2,2.45118,7.083034525,80.63571885
1265,1,footprint,natural,,external_test,TRUE,1,63_69,,,,24.72627,54.7003,19.46475,2.07574,5.31242,1.20829,0.06735,3.02413,14.58446,26.62468,3,0.99664,7.071811685,80.68376972
1266,1,footprint,natural,,external_test,TRUE,4,62_69,,,,24.4701,55.47486,19.01796,1.50629,5.3558,1.25452,0.06207,3.59595,13.96212,26.90368,2,1.21566,7.090856332,80.671732
1267,1,footprint,natural,,external_test,TRUE,4,62_68,,,,24.66993,54.88377,19.48314,2.09553,5.29294,1.2017,0.06758,2.63079,14.58447,26.30458,2,3.84982,7.045200294,80.67101359
1268,1,footprint,natural,,external_test,TRUE,4,70_70,,,,17.54582,62.92961,17.79133,1.49542,5.6112,1.29487,0.05621,13.52947,14.41209,29.87591,2,8.31309,7.117942826,80.88836449
1269,1,footprint,natural,,external_test,TRUE,1,72_71,,,,15.30493,66.13262,16.77698,1.30769,5.72564,1.33377,0.05661,14.06851,13.86295,28.22333,2,7.74692,7.129976284,80.92212635
1270,1,footprint,natural,,external_test,TRUE,4,68_73,,,,20.75339,60.35582,17.53291,1.29289,5.6887,1.31457,0.05459,8.83015,13.58861,28.28706,2,2.32909,7.180273066,80.8099531
1271,1,footprint,natural,,external_test,TRUE,1,72_72,,,,13.58459,69.29306,15.37427,0.98616,5.83315,1.38533,0.05612,14.12191,13.4914,26.55143,2,4.53475,7.160034123,80.93919758
1272,1,footprint,natural,,external_test,TRUE,1,72_72,,,,13.58459,69.29306,15.37427,0.98616,5.83315,1.38533,0.05612,14.12191,13.4914,26.55143,3,4.49526,7.159622141,80.93470941
1273,1,footprint,natural,,external_test,TRUE,1,72_72,,,,13.58459,69.29306,15.37427,0.98616,5.83315,1.38533,0.05612,14.12191,13.4914,26.55143,3,4.04017,7.16477788,80.94027978
1274,1,footprint,natural,,external_test,TRUE,1,72_71,,,,15.1797,66.44719,16.56311,1.17153,5.7455,1.33741,0.05764,14.23915,13.76308,28.26796,4,7.56271,7.131681453,80.93313079
1275,1,footprint,natural,,external_test,TRUE,1,72_72,,,,14.07877,68.6933,15.58741,0.98634,5.83124,1.38376,0.0556,13.73785,13.49313,26.65462,3,3.36641,7.169593789,80.92149121
1276,1,footprint,natural,,external_test,TRUE,2,71_72,,,,14.74688,67.38465,16.09352,0.99173,5.79291,1.37139,0.05686,13.99575,13.50174,27.4831,2,5.74256,7.152120518,80.89986721
1277,1,footprint,natural,,external_test,TRUE,1,72_72,,,,14.18187,68.21034,15.8144,0.99005,5.80536,1.37622,0.05679,14.25629,13.49787,27.22092,3,5.63291,7.149062825,80.92040407
1278,1,footprint,natural,,external_test,TRUE,0,67_74,,,,20.66819,61.75211,16.37514,1.06046,5.78762,1.34178,0.05385,7.25034,13.63329,26.84887,4,4.11362,7.217597945,80.79829898
1279,1,footprint,natural,,external_test,TRUE,0,67_74,,,,20.66819,61.75211,16.37514,1.06046,5.78762,1.34178,0.05385,7.25034,13.63329,26.84887,4,3.86601,7.219425186,80.79697707
1280,1,footprint,natural,,external_test,TRUE,2,72_73,,,,13.35783,70.04028,15.05185,0.98054,5.87013,1.39682,0.0545,13.55171,13.48409,25.82801,1,1.23342,7.192585,80.93834304
1281,1,footprint,natural,,external_test,TRUE,2,72_73,,,,13.65252,69.59464,15.23579,0.9817,5.86226,1.39396,0.05449,13.4727,13.48629,26.03176,3,1.00271,7.191509223,80.9268135
1282,1,footprint,natural,,external_test,TRUE,1,72_72,,,,13.79335,69.1188,15.42687,0.98531,5.83841,1.38645,0.05558,13.8361,13.49104,26.48327,2,3.43843,7.168920561,80.92904954
1283,1,footprint,natural,,external_test,TRUE,3,71_73,,,,14.07877,68.6933,15.58741,0.98634,5.83124,1.38376,0.0556,13.73785,13.49313,26.65462,3,2.69308,7.175907253,80.91643966
1284,1,footprint,natural,,external_test,TRUE,4,68_73,,,,20.75339,60.35582,17.53291,1.29289,5.6887,1.31457,0.05459,8.83015,13.58861,28.28706,4,1.86892,7.183450677,80.81456147
1285,1,footprint,natural,,external_test,TRUE,0,67_74,,,,20.58095,61.44648,16.66646,1.0609,5.77669,1.34029,0.05437,7.69105,13.63399,27.10615,2,4.60233,7.212144875,80.79731974
1286,1,footprint,natural,,external_test,TRUE,0,67_74,,,,20.58095,61.44648,16.66646,1.0609,5.77669,1.34029,0.05437,7.69105,13.63399,27.10615,2,4.85161,7.210044871,80.79814868
1287,1,footprint,natural,,external_test,TRUE,0,67_74,,,,20.23765,61.97548,16.46303,0.98619,5.75941,1.35332,0.05521,8.27225,13.22131,27.26575,4,4.24503,7.203516016,80.80099301
1288,1,footprint,natural,,external_test,TRUE,0,67_74,,,,20.58095,61.44648,16.66646,1.0609,5.77669,1.34029,0.05437,7.69105,13.63399,27.10615,2,4.67925,7.20690156,80.79869052
1289,1,footprint,natural,,external_test,TRUE,4,67_73,,,,21.4022,59.84635,17.38045,1.34653,5.6999,1.31097,0.05388,7.39259,13.88256,27.5302,2,4.38959,7.188804637,80.79237612
1290,1,footprint,natural,,external_test,TRUE,4,67_73,,,,21.4022,59.84635,17.38045,1.34653,5.6999,1.31097,0.05388,7.39259,13.88256,27.5302,2,4.36717,7.194934855,80.79460522
1291,1,footprint,natural,,external_test,TRUE,4,67_73,,,,20.51575,61.15055,16.93338,1.06134,5.76464,1.33884,0.05493,8.12481,13.63465,27.38669,1,4.11195,7.197599434,80.79847075
1292,1,footprint,natural,,external_test,TRUE,0,66_73,,,,21.89639,59.78557,16.71841,1.09592,5.70217,1.3109,0.05517,7.16364,13.38757,27.72618,2,5.80788,7.197586068,80.77664201
1293,1,footprint,natural,,external_test,TRUE,0,66_73,,,,22.0009,59.08318,17.4355,1.34687,5.69635,1.3087,0.05482,6.2979,13.88259,26.97772,2,6.44431,7.187261591,80.77319078
1294,1,footprint,natural,,external_test,TRUE,0,66_73,,,,22.0009,59.08318,17.4355,1.34687,5.69635,1.3087,0.05482,6.2979,13.88259,26.97772,2,6.55025,7.188732156,80.772435
1295,1,footprint,natural,,external_test,TRUE,0,66_73,,,,21.89639,59.78557,16.71841,1.09592,5.70217,1.3109,0.05517,7.16364,13.38757,27.72618,2,5.88208,7.197364817,80.77231245
1296,1,footprint,natural,,external_test,TRUE,1,66_74,,,,22.08882,59.92974,16.4441,1.09584,5.71247,1.33677,0.05464,6.78387,13.38693,27.61832,,4.81288,7.207366955,80.77123041
1297,1,footprint,natural,,external_test,TRUE,1,66_74,,,,22.08882,59.92974,16.4441,1.09584,5.71247,1.33677,0.05464,6.78387,13.38693,27.61832,2,4.64813,7.208816538,80.77157834
1298,1,footprint,natural,,external_test,TRUE,1,66_74,,,,22.33625,59.54709,16.4953,1.09668,5.71131,1.33528,0.05513,6.08853,13.38692,27.12889,,4.57292,7.20980403,80.77027207
1299,1,footprint,natural,,external_test,TRUE,2,69_73,,,,17.25196,64.57477,16.86126,1.24526,5.78401,1.34476,0.05316,12.17957,13.51655,28.27602,3,2.82617,7.183517477,80.85631122
1300,1,footprint,natural,,external_test,TRUE,2,70_72,,,,17.37537,64.20201,17.01421,1.25028,5.77026,1.34033,0.05375,12.46,13.51844,28.63618,2,3.90621,7.169942843,80.86506132
1301,1,footprint,natural,,external_test,TRUE,4,65_72,,,,22.97451,56.84822,18.73044,1.51738,5.51294,1.26464,0.055,6.32832,14.22402,27.81883,2,5.99249,7.164863315,80.75473318
1302,1,footprint,natural,,external_test,TRUE,0,66_72,,,,23.12556,56.74819,18.6997,1.53692,5.58513,1.27681,0.05494,6.84851,14.58515,28.51589,2,6.48511,7.163412114,80.76169356
1303,1,footprint,natural,,external_test,TRUE,4,65_72,,,,23.45827,55.84085,19.20979,1.52215,5.48452,1.26242,0.0564,6.23403,14.22151,28.11846,2,3.56327,7.147932063,80.74024968
1304,1,footprint,natural,,external_test,TRUE,3,67_72,,,,22.07476,58.40295,18.11376,1.4736,5.6021,1.28679,0.05371,8.29239,14.13178,28.97662,2,3.87481,7.163917577,80.79963718
1305,1,footprint,natural,,external_test,TRUE,3,67_72,,,,22.35857,57.7574,18.54303,1.538,5.59473,1.27837,0.05356,8.41026,14.58623,29.38008,2,3.9459,7.16444588,80.7986667
1306,1,footprint,natural,,external_test,TRUE,3,67_72,,,,22.30682,57.88093,18.38064,1.51489,5.55341,1.28142,0.05545,7.89976,14.52311,28.72892,2,4.38913,7.156271017,80.79885137
1307,1,footprint,natural,,external_test,TRUE,1,68_72,,,,21.42959,58.87029,18.29968,1.50328,5.57644,1.28661,0.0553,8.4199,14.857,28.54082,3,3.68038,7.149925242,80.81586808
1308,1,footprint,natural,,external_test,TRUE,1,70_71,,,,16.52129,64.14548,17.49802,1.31796,5.68254,1.31912,0.05764,13.95238,13.87219,29.20884,3,8.76087,7.122678767,80.88942314
1309,1,footprint,natural,,external_test,TRUE,4,70_70,,,,18.53765,61.41718,18.35241,2.06088,5.57031,1.25448,0.05867,12.31937,15.3953,29.61149,2,6.07677,7.111964959,80.86551689
1310,1,footprint,natural,,external_test,TRUE,4,70_70,,,,18.27122,61.54475,18.41929,2.0717,5.55667,1.25028,0.0595,13.0359,15.39702,30.07889,2,6.78158,7.105480035,80.88085864
1311,1,footprint,natural,,external_test,TRUE,4,70_70,,,,17.7339,62.03863,18.45343,2.1261,5.52748,1.25185,0.06028,14.43164,15.2225,30.97297,3,6.70545,7.097028382,80.88586367
1312,1,footprint,natural,,external_test,TRUE,4,70_70,,,,17.7339,62.03863,18.45343,2.1261,5.52748,1.25185,0.06028,14.43164,15.2225,30.97297,3,7.28446,7.100439116,80.88993743
1313,1,footprint,natural,,external_test,TRUE,1,69_69,,,,20.68958,58.10907,19.26901,2.17646,5.49929,1.21992,0.06071,13.27043,16.03574,32.6074,2,3.89652,7.089003632,80.86060781
1314,1,footprint,natural,,external_test,TRUE,4,67_69,,,,21.75756,56.41631,20.17712,2.08582,5.44384,1.22593,0.06194,10.17566,15.18086,30.4466,3,1.92336,7.070430746,80.80259444
1315,1,footprint,natural,,external_test,TRUE,4,66_69,,,,23.81998,53.78739,20.85467,2.15309,5.29882,1.20744,0.06342,8.34223,15.31076,30.52681,3,4.0501,7.06642708,80.76465418
1316,1,footprint,natural,,external_test,TRUE,4,66_69,,,,23.81998,53.78739,20.85467,2.15309,5.29882,1.20744,0.06342,8.34223,15.31076,30.52681,3,3.3334,7.073184981,80.7637854
1317,1,footprint,natural,,external_test,TRUE,4,66_69,,,,23.58312,53.86381,20.85088,2.14274,5.30717,1.21159,0.0629,9.23868,15.31111,31.0002,3,3.94569,7.074802409,80.77529016
1318,1,footprint,natural,,external_test,TRUE,4,66_69,,,,23.58312,53.86381,20.85088,2.14274,5.30717,1.21159,0.0629,9.23868,15.31111,31.0002,4,3.74849,7.082714091,80.77919059
1319,1,footprint,natural,,external_test,TRUE,4,67_69,,,,22.11407,55.93933,20.30214,2.08426,5.44115,1.22688,0.0619,9.73453,15.17986,30.30148,2,2.92074,7.068508199,80.79360271
1320,1,footprint,natural,,external_test,TRUE,1,66_68,,,,22.50436,55.45529,20.4863,2.09601,5.42461,1.22169,0.06253,9.05896,15.1802,30.08536,2,4.41289,7.058378207,80.78178502
1321,1,footprint,natural,,external_test,TRUE,4,67_69,,,,22.11407,55.93933,20.30214,2.08426,5.44115,1.22688,0.0619,9.73453,15.17986,30.30148,2,3.07875,7.072401056,80.7922339
1322,1,footprint,natural,,external_test,TRUE,1,67_68,,,,22.60328,55.34622,20.57841,2.10948,5.41048,1.21547,0.06321,8.79419,15.18155,30.03279,3,4.71683,7.047218343,80.78390256
1323,1,footprint,natural,,external_test,TRUE,1,68_69,,,,20.93077,57.61498,19.77222,2.07633,5.4668,1.2301,0.06119,11.07531,15.18134,30.58448,3,0.58471,7.074487719,80.82279911
1324,1,footprint,natural,,external_test,TRUE,2,67_71,,,,21.78732,58.30901,18.46678,1.52046,5.54477,1.279,0.05536,9.06907,14.52557,29.40496,2,4.94497,7.140224984,80.80973813
1325,1,footprint,natural,,external_test,TRUE,2,68_71,,,,21.33151,58.48115,18.67602,1.51338,5.54526,1.27971,0.05628,9.49698,14.85997,29.46081,4,5.24895,7.132581704,80.82424801
1326,1,footprint,natural,,external_test,TRUE,1,68_72,,,,20.44406,60.54408,17.6947,1.27519,5.68088,1.32146,0.05565,9.50033,13.96468,28.72697,3,1.28732,7.168985424,80.82616142
1327,1,footprint,natural,,external_test,TRUE,1,72_72,,,,13.85588,68.87169,15.53985,0.98719,5.82562,1.38264,0.05616,14.06714,13.49345,26.7508,2,4.32862,7.160869604,80.92896847
1328,1,footprint,natural,,external_test,TRUE,2,71_72,,,,14.13392,68.45266,15.69603,0.98817,5.81854,1.38001,0.05619,13.97929,13.49549,26.92322,3,4.04137,7.163539864,80.91748733
1329,1,footprint,natural,,external_test,TRUE,1,72_72,,,,13.91169,68.62219,15.66227,0.98911,5.81234,1.37879,0.05675,14.33134,13.49589,27.04535,4,5.04114,7.15441507,80.92953332
1330,1,footprint,natural,,external_test,TRUE,1,72_72,,,,15.07603,66.77736,16.39498,0.99013,5.80594,1.37749,0.0573,13.97283,13.49636,27.91533,3,5.85198,7.147890101,80.93923435
1331,1,footprint,natural,,external_test,TRUE,1,72_72,,,,13.95976,68.37267,15.79262,0.99109,5.79864,1.3749,0.05736,14.62931,13.49833,27.36677,2,5.73521,7.148176203,80.92204058
1332,1,footprint,natural,,external_test,TRUE,1,72_72,,,,13.95976,68.37267,15.79262,0.99109,5.79864,1.3749,0.05736,14.62931,13.49833,27.36677,2,5.96979,7.146049509,80.92193825
1333,1,footprint,natural,,external_test,TRUE,1,72_72,,,,13.91169,68.62219,15.66227,0.98911,5.81234,1.37879,0.05675,14.33134,13.49589,27.04535,2,5.5394,7.150135019,80.92478159
1334,1,footprint,natural,,external_test,TRUE,1,72_72,,,,13.91169,68.62219,15.66227,0.98911,5.81234,1.37879,0.05675,14.33134,13.49589,27.04535,3,5.62691,7.149116525,80.93032722
1335,1,footprint,natural,,external_test,TRUE,0,73_71,,,,14.92678,66.86372,16.39669,1.17024,5.75326,1.34068,0.05753,14.21771,13.76097,28.01333,2,6.91633,7.137512217,80.94732732
1336,1,footprint,natural,,external_test,TRUE,1,72_71,,,,15.1797,66.44719,16.56311,1.17153,5.7455,1.33741,0.05764,14.23915,13.76308,28.26796,4,6.72364,7.139251719,80.93256558
1337,1,footprint,natural,,external_test,TRUE,1,72_71,,,,15.30493,66.13262,16.77698,1.30769,5.72564,1.33377,0.05661,14.06851,13.86295,28.22333,4,6.71604,7.13927655,80.93110911
1338,1,footprint,natural,,external_test,TRUE,1,72_71,,,,15.1797,66.44719,16.56311,1.17153,5.7455,1.33741,0.05764,14.23915,13.76308,28.26796,4,6.77658,7.138916025,80.93491732
1339,1,footprint,natural,,external_test,TRUE,1,72_71,,,,15.1797,66.44719,16.56311,1.17153,5.7455,1.33741,0.05764,14.23915,13.76308,28.26796,4,7.36481,7.133819504,80.93747654
1340,1,footprint,natural,,external_test,TRUE,1,72_71,,,,15.1797,66.44719,16.56311,1.17153,5.7455,1.33741,0.05764,14.23915,13.76308,28.26796,4,7.60009,7.131413,80.93440728
1341,1,footprint,natural,,external_test,TRUE,1,72_71,,,,15.27241,66.12372,16.73498,1.17703,5.72857,1.33246,0.05826,14.53834,13.7658,28.64354,4,7.91007,7.128561078,80.93363824
1342,1,footprint,natural,,external_test,TRUE,1,72_71,,,,15.27241,66.12372,16.73498,1.17703,5.72857,1.33246,0.05826,14.53834,13.7658,28.64354,4,7.94992,7.12815087,80.93247643
1343,1,footprint,natural,,external_test,TRUE,1,72_71,,,,15.27241,66.12372,16.73498,1.17703,5.72857,1.33246,0.05826,14.53834,13.7658,28.64354,4,8.02467,7.127445322,80.93137083
1344,1,footprint,natural,,external_test,TRUE,1,72_71,,,,15.30493,66.13262,16.77698,1.30769,5.72564,1.33377,0.05661,14.06851,13.86295,28.22333,2,6.82809,7.1383552,80.92355433
1345,1,footprint,natural,,external_test,TRUE,1,72_71,,,,13.95976,68.37267,15.79262,0.99109,5.79864,1.3749,0.05736,14.62931,13.49833,27.36677,2,6.47014,7.14163205,80.92407799
1346,1,footprint,natural,,external_test,TRUE,1,72_71,,,,15.48573,66.03109,16.76878,1.30424,5.73448,1.33588,0.05603,13.70968,13.8623,28.04413,2,6.35767,7.142507562,80.92022353
1347,1,footprint,natural,,external_test,TRUE,2,71_72,,,,14.18187,68.21034,15.8144,0.99005,5.80536,1.37622,0.05679,14.25629,13.49787,27.22092,2,5.06975,7.15419961,80.91795157
1348,1,footprint,natural,,external_test,TRUE,1,71_71,,,,15.77222,65.61029,16.91206,1.30559,5.72756,1.3333,0.05611,13.59582,13.8641,28.196,2,6.40316,7.142719497,80.91151353
1349,1,footprint,natural,,external_test,TRUE,1,71_71,,,,15.8572,65.3005,17.06817,1.31048,5.71139,1.32855,0.05679,13.90964,13.86652,28.57362,2,7.54328,7.132905932,80.90767256
1350,1,footprint,natural,,external_test,TRUE,1,71_71,,,,16.14948,64.87791,17.20419,1.31176,5.70496,1.32613,0.05687,13.76613,13.86822,28.69864,2,7.67469,7.134023676,80.89843577
1351,1,footprint,natural,,external_test,TRUE,1,70_71,,,,16.45232,64.45067,17.33371,1.31296,5.69904,1.32383,0.05694,13.5791,13.86987,28.78881,4,7.80698,7.135562885,80.89111842
1352,1,footprint,natural,,external_test,TRUE,1,70_71,,,,16.45232,64.45067,17.33371,1.31296,5.69904,1.32383,0.05694,13.5791,13.86987,28.78881,2,7.70471,7.136602411,80.88595011
1353,1,footprint,natural,,external_test,TRUE,1,70_71,,,,16.45232,64.45067,17.33371,1.31296,5.69904,1.32383,0.05694,13.5791,13.86987,28.78881,2,8.08153,7.133362056,80.88772404
1354,1,footprint,natural,,external_test,TRUE,3,71_70,,,,16.29012,63.95737,17.74421,1.96688,5.59536,1.27662,0.0621,14.6919,14.52464,29.77274,4,9.42936,7.09377079,80.91424374
1355,1,footprint,natural,,external_test,TRUE,0,72_70,,,,16.05529,64.35467,17.59042,1.96471,5.60267,1.27945,0.06193,14.6181,14.52296,29.4886,2,10.954,7.097747583,80.92746521
1356,1,footprint,natural,,external_test,TRUE,0,72_70,,,,16.05529,64.35467,17.59042,1.96471,5.60267,1.27945,0.06193,14.6181,14.52296,29.4886,4,10.6787,7.096462992,80.92526355
1357,1,footprint,natural,,external_test,TRUE,4,65_70,,,,24.39558,53.739,20.27525,2.10391,5.35187,1.22107,0.06115,7.31206,14.57974,29.89069,2,1.4793,7.09860047,80.73668149
1358,1,footprint,natural,,external_test,TRUE,4,66_71,,,,22.62367,56.8792,18.83606,1.45438,5.55775,1.28245,0.0551,8.53241,13.60842,29.39176,2,4.52705,7.130590449,80.77723698
1359,1,footprint,natural,,external_test,TRUE,4,66_70,,,,22.34728,56.3882,19.48621,1.48829,5.51044,1.27861,0.05727,9.46538,14.33497,29.94818,2,3.72959,7.11135678,80.7817924
1360,1,footprint,natural,,external_test,TRUE,4,66_70,,,,23.85994,53.06759,20.82336,1.51285,5.3829,1.25753,0.0588,10.53665,14.1632,31.75993,2,1.70735,7.105794919,80.76432662
1361,1,footprint,natural,,external_test,TRUE,4,66_70,,,,23.99696,53.11716,20.90986,2.11253,5.33985,1.22577,0.06172,9.25907,15.30557,30.97781,3,1.29473,7.095825213,80.76095061
1362,1,footprint,natural,,external_test,TRUE,4,67_70,,,,21.83649,56.62025,19.77455,2.03563,5.50798,1.24888,0.05892,9.71977,15.1748,29.76631,3,4.9732,7.107589735,80.79528368
1363,1,footprint,natural,,external_test,TRUE,4,67_70,,,,21.83649,56.62025,19.77455,2.03563,5.50798,1.24888,0.05892,9.71977,15.1748,29.76631,4,4.88834,7.106407245,80.79490019
1364,1,footprint,natural,,external_test,TRUE,4,67_70,,,,21.83649,56.62025,19.77455,2.03563,5.50798,1.24888,0.05892,9.71977,15.1748,29.76631,3,4.62353,7.104501733,80.79635716
1365,1,footprint,natural,,external_test,TRUE,4,67_70,,,,21.43989,57.29916,19.5629,2.0377,5.51182,1.24786,0.05885,9.86238,15.17566,29.6523,2,4.01087,7.102794681,80.80448909
1366,1,footprint,natural,,external_test,TRUE,4,67_70,,,,21.54209,56.98032,19.75985,2.04901,5.49355,1.24283,0.05964,10.07931,15.17687,29.9697,1,3.73855,7.100175904,80.80473901
1367,1,footprint,natural,,external_test,TRUE,4,66_69,,,,23.60691,53.60836,20.90875,2.12982,5.31922,1.21741,0.06231,9.78291,15.30983,31.31804,3,3.36387,7.089855204,80.77870922
1368,1,footprint,natural,,external_test,TRUE,4,66_69,,,,22.43441,55.38893,20.34382,2.05684,5.46904,1.23979,0.06045,9.84929,15.1762,30.38685,4,3.58397,7.089962026,80.78084974
1369,1,footprint,natural,,external_test,TRUE,1,69_69,,,,19.76112,59.32085,19.22011,2.06836,5.49674,1.23445,0.06022,12.25982,15.1822,30.72225,2,3.43105,7.089633952,80.85421989
1370,1,footprint,natural,,external_test,TRUE,1,69_69,,,,19.76112,59.32085,19.22011,2.06836,5.49674,1.23445,0.06022,12.25982,15.1822,30.72225,4,3.01226,7.091159831,80.84717289
1371,1,footprint,natural,,external_test,TRUE,1,69_69,,,,19.76112,59.32085,19.22011,2.06836,5.49674,1.23445,0.06022,12.25982,15.1822,30.72225,4,2.84893,7.089639256,80.84669195
1372,1,footprint,natural,,external_test,TRUE,2,69_70,,,,20.21222,59.17398,18.99965,2.07118,5.53463,1.24706,0.0588,10.83196,15.69993,29.75807,2,5.09127,7.112106333,80.84864312
1373,1,footprint,natural,,external_test,TRUE,0,68_70,,,,20.96276,58.25508,19.17179,2.02879,5.53451,1.25184,0.05795,9.80481,15.17527,29.24694,4,5.29158,7.117795123,80.81765626
1374,1,footprint,natural,,external_test,TRUE,0,68_70,,,,20.61907,58.77382,19.02855,2.03059,5.53828,1.2513,0.05786,10.09894,15.17596,29.27549,4,4.69731,7.112478302,80.81991849
1375,1,footprint,natural,,external_test,TRUE,4,69_71,,,,20.46322,59.05438,18.92169,2.05945,5.54788,1.25184,0.05805,10.16288,15.69803,29.31658,2,5.92765,7.122015425,80.84296894
1376,1,footprint,natural,,external_test,TRUE,1,69_69,,,,20.12311,58.8514,19.34265,2.06718,5.49224,1.23469,0.06028,11.78918,15.18151,30.5727,4,2.45491,7.085681926,80.84572999
1377,1,footprint,natural,,external_test,TRUE,1,65_68,,,,24.19616,53.73794,20.77587,2.16145,5.2956,1.20455,0.06377,6.82417,15.30879,29.63642,3,4.77305,7.055093776,80.74515357
1378,1,footprint,natural,,external_test,TRUE,1,66_68,,,,24.31252,53.49489,21.03017,2.19045,5.2691,1.19119,0.06492,6.7683,15.31286,29.88148,3,4.83527,7.04458675,80.75619262
1379,1,footprint,natural,,external_test,TRUE,1,65_68,,,,24.31252,53.49489,21.03017,2.19045,5.2691,1.19119,0.06492,6.7683,15.31286,29.88148,2,4.48825,7.042867747,80.75356408
1380,1,footprint,natural,,external_test,TRUE,4,66_69,,,,23.60691,53.60836,20.90875,2.12982,5.31922,1.21741,0.06231,9.78291,15.30983,31.31804,4,3.56292,7.08819581,80.78001185
1381,1,footprint,natural,,external_test,TRUE,4,66_69,,,,23.60896,53.96631,20.85615,2.15584,5.29549,1.20568,0.06349,8.82862,15.31241,30.80581,4,4.57393,7.068998354,80.77741055
1382,1,footprint,natural,,external_test,TRUE,4,66_69,,,,23.60896,53.96631,20.85615,2.15584,5.29549,1.20568,0.06349,8.82862,15.31241,30.80581,4,4.66215,7.067993172,80.77784455
1383,1,footprint,natural,,external_test,TRUE,1,67_68,,,,22.60328,55.34622,20.57841,2.10948,5.41048,1.21547,0.06321,8.79419,15.18155,30.03279,4,4.52773,7.045228079,80.78736649
1384,1,footprint,natural,,external_test,TRUE,1,67_68,,,,22.74284,55.17163,20.69226,2.12309,5.39655,1.20923,0.0639,8.51342,15.18288,29.99391,4,4.53533,7.044398366,80.78792654
1385,1,footprint,natural,,external_test,TRUE,1,67_68,,,,21.47139,56.70321,20.19219,2.10006,5.43116,1.21912,0.06275,10.65733,15.18325,30.75873,3,1.81532,7.057346371,80.80953109
1386,1,footprint,natural,,external_test,TRUE,1,67_68,,,,21.84208,56.2553,20.29883,2.09877,5.42852,1.21992,0.06269,10.08567,15.18224,30.52009,3,2.13773,7.055692699,80.80698623
1387,1,footprint,natural,,external_test,TRUE,1,69_69,,,,19.76112,59.32085,19.22011,2.06836,5.49674,1.23445,0.06022,12.25982,15.1822,30.72225,4,2.89937,7.087974559,80.84910832
1388,1,footprint,natural,,external_test,TRUE,4,69_68,,,,20.25461,58.10777,19.87162,2.10312,5.4408,1.21735,0.06286,12.71811,15.18607,31.68987,1,1.53025,7.061845833,80.84627193
1389,1,footprint,natural,,external_test,TRUE,4,69_68,,,,20.29086,58.15002,19.47604,2.12569,5.48614,1.20158,0.06327,13.72879,15.38795,32.63026,2,1.94458,7.052814494,80.844101
1390,1,footprint,natural,,external_test,TRUE,4,69_68,,,,21.17169,56.81701,19.9707,2.21344,5.43944,1.20107,0.06363,14.07155,16.04182,33.89085,2,2.05163,7.054759989,80.84751473
1391,1,footprint,natural,,external_test,TRUE,1,68_68,,,,21.08125,57.16527,20.084,2.10123,5.43411,1.21841,0.0628,11.28433,15.18422,31.02976,3,0.87232,7.063129984,80.82388091
1392,1,footprint,natural,,external_test,TRUE,1,70_68,,,,18.99436,59.41279,19.24099,2.12493,5.49557,1.20179,0.06358,16.77963,15.39028,34.39874,2,3.79068,7.054206858,80.87429509
1393,1,footprint,natural,,external_test,TRUE,1,70_68,,,,20.24214,57.86399,19.70049,2.21124,5.45433,1.2023,0.06343,15.77016,16.04201,34.67698,2,4.13619,7.059858331,80.87255059
1394,1,footprint,natural,,external_test,TRUE,1,69_69,,,,19.76112,59.32085,19.22011,2.06836,5.49674,1.23445,0.06022,12.25982,15.1822,30.72225,1,3.14305,7.084648143,80.85536207
1395,1,footprint,natural,,external_test,TRUE,1,69_69,,,,20.70826,57.83916,19.45819,2.18823,5.48147,1.2139,0.06166,13.79111,16.0378,33.14613,2,3.60759,7.080942164,80.86268106
1396,1,footprint,natural,,external_test,TRUE,1,69_69,,,,20.70826,57.83916,19.45819,2.18823,5.48147,1.2139,0.06166,13.79111,16.0378,33.14613,1,2.98349,7.077920923,80.8578611
1397,1,footprint,natural,,external_test,TRUE,1,69_69,,,,20.71206,57.58544,19.64686,2.20022,5.46392,1.20778,0.0626,14.34486,16.03987,33.70734,2,2.88182,7.069833765,80.85919776
1398,1,footprint,natural,,external_test,TRUE,1,70_69,,,,18.55234,60.30385,18.84922,2.1829,5.50749,1.21848,0.06266,16.90692,15.73375,34.12032,3,6.10832,7.068969737,80.8891869
1399,1,footprint,natural,,external_test,TRUE,3,71_69,,,,18.55234,60.30385,18.84922,2.1829,5.50749,1.21848,0.06266,16.90692,15.73375,34.12032,2,6.26049,7.066469203,80.89334546
1400,1,footprint,natural,,external_test,TRUE,2,71_68,,,,18.13129,60.50236,18.92081,2.19239,5.49731,1.21426,0.06353,18.31214,15.73553,35.10314,4,5.75582,7.056316442,80.89495091
1401,1,footprint,natural,,external_test,TRUE,1,70_68,,,,18.45937,60.05798,19.07875,2.19479,5.48946,1.21186,0.06362,17.94267,15.73645,35.05159,3,5.13909,7.056768429,80.88802642
1402,1,footprint,natural,,external_test,TRUE,3,72_69,,,,16.72683,63.63618,17.20791,1.91511,5.64215,1.26685,0.06258,15.65827,14.70946,31.06608,2,10.40799,7.085903177,80.94420526
1403,1,footprint,natural,,external_test,TRUE,2,73_69,,,,16.00738,64.0737,17.52675,1.90286,5.59814,1.28064,0.06338,15.92434,14.64028,30.67159,4,8.77057,7.068982978,80.95086126
1404,1,footprint,natural,,external_test,TRUE,2,73_69,,,,16.00738,64.0737,17.52675,1.90286,5.59814,1.28064,0.06338,15.92434,14.64028,30.67159,4,8.65765,7.067920054,80.95143763
1405,1,footprint,natural,,external_test,TRUE,2,73_69,,,,17.29941,62.55858,17.78825,2.09055,5.56434,1.23962,0.06255,16.61306,15.40776,32.65384,4,8.85873,7.068363199,80.94960445
1406,1,footprint,natural,,external_test,TRUE,2,71_68,,,,17.88458,60.91208,18.74057,2.1899,5.50605,1.21701,0.0634,18.36492,15.73446,34.92322,4,6.69677,7.057785044,80.90386132
1407,1,footprint,natural,,external_test,TRUE,2,71_68,,,,17.71443,61.28723,18.54085,2.18735,5.51562,1.2201,0.06323,18.12809,15.73324,34.53384,2,8.03479,7.055096834,80.91825304
1408,1,footprint,natural,,external_test,TRUE,2,71_68,,,,17.58545,60.92162,18.99124,2.12837,5.49664,1.22424,0.06341,18.29509,15.84321,34.5798,3,7.50743,7.046499107,80.9163125
1409,1,footprint,natural,,external_test,TRUE,1,73_68,,,,16.06114,63.80113,17.68367,1.91247,5.58227,1.27577,0.06426,16.23132,14.64268,31.02373,4,8.40943,7.062229167,80.95105352
1410,1,footprint,natural,,external_test,TRUE,3,63_64,,,,27.85321,50.13434,21.6754,2.33264,5.30593,1.1429,0.06755,1.36583,15.78429,28.30536,3,2.33633,6.951122236,80.70048637
1411,1,footprint,natural,,external_test,TRUE,3,64_65,,,,27.85321,50.13434,21.6754,2.33264,5.30593,1.1429,0.06755,1.36583,15.78429,28.30536,2,3.06216,6.957555752,80.70274198
1412,1,footprint,natural,,external_test,TRUE,1,65_62,,,,28.514,47.86635,23.11904,2.27573,5.27128,1.14184,0.07225,0.89628,15.33831,28.60531,2,4.88431,6.893995295,80.7539253
1413,1,footprint,natural,,external_test,TRUE,4,65_61,,,,27.74208,49.09582,22.54466,2.27927,5.27246,1.14696,0.07191,0.96483,15.33486,27.71517,1,2.5601,6.872011992,80.74282201
1414,1,footprint,natural,,external_test,TRUE,1,71_71,,,,15.8572,65.3005,17.06817,1.31048,5.71139,1.32855,0.05679,13.90964,13.86652,28.57362,4,7.24455,7.136035966,80.90582065
1415,1,footprint,natural,,external_test,TRUE,1,68_67,,,,22.56197,54.96486,20.6871,2.11029,5.39739,1.17585,0.06718,11.25178,15.37796,32.63565,2,3.14024,7.011674892,80.8200765
1416,1,footprint,natural,,external_test,TRUE,4,66_67,,,,23.67675,53.94768,21.04469,2.26438,5.29619,1.17954,0.06517,7.68689,15.65371,29.86948,3,3.71883,7.034524928,80.77869038
1417,1,footprint,natural,,external_test,TRUE,1,67_67,,,,23.63759,53.78976,20.98546,2.22033,5.317,1.17636,0.06546,9.35627,15.6778,31.71645,3,3.3463,7.032281844,80.79550929
1418,1,footprint,natural,,external_test,TRUE,1,67_67,,,,23.89871,53.56409,21.01909,2.21839,5.32011,1.17793,0.06519,8.70471,15.67626,31.3346,3,2.87016,7.027252216,80.78690581
1419,1,footprint,natural,,external_test,TRUE,1,67_67,,,,23.63759,53.78976,20.98546,2.22033,5.317,1.17636,0.06546,9.35627,15.6778,31.71645,2,2.70785,7.026529322,80.7916292
1420,1,footprint,natural,,external_test,TRUE,1,66_68,,,,23.49982,54.15549,20.93441,2.25096,5.30746,1.18777,0.06453,8.00834,15.65268,29.92957,4,4.0509,7.037590045,80.77838211
1421,1,footprint,natural,,external_test,TRUE,1,67_67,,,,23.63759,53.78976,20.98546,2.22033,5.317,1.17636,0.06546,9.35627,15.6778,31.71645,3,3.56049,7.034297984,80.79323048
1422,1,footprint,natural,,external_test,TRUE,3,71_67,,,,15.35054,60.38254,20.61408,2.0161,5.44331,1.19674,0.06764,31.40341,15.18582,45.21454,1,4.72065,7.01251793,80.89617335
1423,1,footprint,natural,,external_test,TRUE,4,66_67,,,,24.10042,53.55486,21.15074,2.27547,5.29078,1.17521,0.06552,6.78041,15.6532,29.47082,3,2.77417,7.025503169,80.76793786
1424,1,footprint,natural,,external_test,TRUE,3,70_66,,,,18.88272,58.47338,20.11876,2.04329,5.41699,1.18674,0.06894,17.56721,15.18614,35.20252,4,3.50566,6.996212153,80.88215392
1425,1,footprint,natural,,external_test,TRUE,3,70_66,,,,18.88272,58.47338,20.11876,2.04329,5.41699,1.18674,0.06894,17.56721,15.18614,35.20252,4,3.38728,6.993883144,80.88080361
1426,1,footprint,natural,,external_test,TRUE,2,63_65,,,,27.71274,50.5059,21.48534,2.32772,5.31272,1.14614,0.06694,1.1683,15.78256,27.96201,2,2.41071,6.957811281,80.69036857
1427,1,footprint,natural,,external_test,TRUE,1,67_67,,,,23.63759,53.78976,20.98546,2.22033,5.317,1.17636,0.06546,9.35627,15.6778,31.71645,3,3.57949,7.034412446,80.79524763
1428,1,footprint,natural,,external_test,TRUE,4,67_73,,,,21.14124,59.83067,17.62488,1.35035,5.68684,1.30937,0.05408,8.27129,13.88334,28.1014,1,2.99933,7.186225906,80.80470443
1429,1,footprint,natural,,external_test,TRUE,0,67_74,,,,20.66819,61.75211,16.37514,1.06046,5.78762,1.34178,0.05385,7.25034,13.63329,26.84887,4,3.94281,7.218835865,80.79734685
1430,1,footprint,natural,,external_test,TRUE,1,69_69,,,,19.76112,59.32085,19.22011,2.06836,5.49674,1.23445,0.06022,12.25982,15.1822,30.72225,4,2.62924,7.086086283,80.84752683
1431,1,footprint,natural,,external_test,TRUE,1,69_69,,,,19.78634,59.0644,19.40492,2.07994,5.47902,1.22874,0.06111,12.67945,15.18376,31.17307,2,2.33966,7.08259008,80.84728433
1432,1,footprint,natural,,external_test,TRUE,2,69_70,,,,19.72767,59.59154,19.03295,2.05705,5.5147,1.24001,0.05933,11.85083,15.18066,30.28027,2,3.64564,7.095857652,80.85047304
1433,1,footprint,natural,,external_test,TRUE,2,71_68,,,,17.58545,60.92162,18.99124,2.12837,5.49664,1.22424,0.06341,18.29509,15.84321,34.5798,3,7.51263,7.046688089,80.91701794
1434,1,footprint,natural,,external_test,TRUE,1,72_71,,,,15.43961,66.23206,16.5141,1.29321,5.70671,1.33813,0.05737,14.0432,13.74684,28.32795,2,8.40265,7.124015149,80.93036357
1435,1,footprint,natural,,external_test,TRUE,1,72_71,,,,15.1797,66.44719,16.56311,1.17153,5.7455,1.33741,0.05764,14.23915,13.76308,28.26796,4,7.55272,7.131721542,80.93170566
1436,1,footprint,natural,,external_test,TRUE,1,72_71,,,,15.1797,66.44719,16.56311,1.17153,5.7455,1.33741,0.05764,14.23915,13.76308,28.26796,4,7.52222,7.132265165,80.93627231
1437,1,footprint,natural,,external_test,TRUE,1,72_72,,,,13.95976,68.37267,15.79262,0.99109,5.79864,1.3749,0.05736,14.62931,13.49833,27.36677,4,5.80672,7.147489541,80.92990038
1438,1,footprint,natural,,external_test,TRUE,1,72_72,,,,13.64926,69.03395,15.50224,0.98812,5.81975,1.38143,0.0567,14.37273,13.49387,26.843,4,5.15366,7.153423319,80.93162292
1439,1,footprint,natural,,external_test,TRUE,1,72_71,,,,14.81347,67.20432,16.22358,1.16484,5.76997,1.3456,0.05692,13.97155,13.75822,27.67021,4,6.14921,7.145023356,80.94163635
1440,1,footprint,natural,,external_test,TRUE,1,72_72,,,,13.85588,68.87169,15.53985,0.98719,5.82562,1.38264,0.05616,14.06714,13.49345,26.7508,2,4.49417,7.159359026,80.92994079
1441,1,footprint,natural,,external_test,TRUE,3,59_69,,,,23.95016,57.8991,17.24454,1.58976,5.30633,1.27801,0.06296,0.50421,12.99262,23.21939,3,0.9775,7.074921808,80.57275709
1442,1,footprint,natural,,external_test,TRUE,3,59_69,,,,24.5422,56.37407,18.19837,1.48552,5.41348,1.2755,0.06746,0.05187,13.45144,23.26365,2,1.30138,7.075829778,80.59101623
1443,1,footprint,natural,,external_test,TRUE,3,59_69,,,,23.95016,57.8991,17.24454,1.58976,5.30633,1.27801,0.06296,0.50421,12.99262,23.21939,3,0.82073,7.078759537,80.5726749
1444,1,footprint,natural,,external_test,TRUE,1,68_64,,,,24.6867,52.05057,21.70526,2.23828,5.3148,1.13231,0.07505,6.96222,15.61635,30.56957,,2.66667,6.948302266,80.83264341
1445,1,footprint,natural,,external_test,TRUE,1,58_60,,,,20.51368,63.84569,14.02847,2.61697,5.00417,1.26567,0.05763,4.35497,13.32287,21.72812,3,1.34985,6.84172015,80.54102563
1446,1,footprint,natural,,external_test,TRUE,1,58_58,,,,21.1936,62.86795,14.0189,2.47297,5.11488,1.28,0.05532,5.51607,11.79105,22.67912,4,5.36427,6.787122779,80.55355113
1447,1,footprint,natural,,external_test,TRUE,0,57_60,,,,20.67799,63.94312,13.72723,2.61089,5.00085,1.25515,0.05718,4.74471,13.32058,22.31593,1,1.14427,6.840252653,80.52862744
1448,1,footprint,natural,,external_test,TRUE,4,67_66,,,,25.26453,51.7178,21.67226,2.27827,5.27662,1.14801,0.06954,7.40707,15.84773,31.43202,1,1.65735,6.987205926,80.79499232
1449,1,footprint,natural,,external_test,TRUE,1,63_69,,,,24.90173,53.97401,20.04659,2.12944,5.33067,1.21249,0.06244,4.80972,14.57581,28.45559,3,2.43075,7.065246507,80.69631155
1450,1,footprint,natural,,external_test,TRUE,0,64_70,,,,24.25131,55.05009,19.38866,1.50892,5.36485,1.25215,0.0605,5.38718,13.96901,28.18166,3,3.35115,7.098137981,80.71438299
1451,1,footprint,natural,,external_test,TRUE,2,68_71,,,,20.80704,58.57037,19.05369,2.05976,5.54137,1.25115,0.0582,9.85805,15.69834,29.30631,4,5.9654,7.125737253,80.83463408
1452,1,footprint,natural,,external_test,TRUE,1,57_62,,,,20.35518,64.36271,13.74045,2.18759,5.04259,1.2484,0.05859,3.63578,13.38908,21.47097,2,1.67495,6.884048812,80.52108365
1453,1,footprint,natural,,external_test,TRUE,2,56_63,,,,20.68685,63.7606,14.16652,2.0786,5.04585,1.25574,0.05746,2.64995,12.63744,21.28269,4,1.01295,6.911036919,80.4976893
1454,1,footprint,natural,,external_test,TRUE,1,57_62,,,,20.35518,64.36271,13.74045,2.18759,5.04259,1.2484,0.05859,3.63578,13.38908,21.47097,2,1.39363,6.88222793,80.52288575
1455,1,footprint,natural,,external_test,TRUE,0,64_70,,,,24.5575,54.15459,19.92108,2.09842,5.36224,1.22373,0.06126,5.82532,14.5762,28.83279,3,3.44275,7.097309405,80.71442496
1456,1,footprint,natural,,external_test,TRUE,0,64_70,,,,24.25131,55.05009,19.38866,1.50892,5.36485,1.25215,0.0605,5.38718,13.96901,28.18166,2,3.54584,7.096463726,80.712197
1457,1,footprint,natural,,external_test,TRUE,2,63_65,,,,27.08756,51.41576,21.23261,2.30735,5.25073,1.1571,0.06787,1.18491,15.42403,27.34569,4,2.73926,6.960458977,80.69247257
1458,1,footprint,natural,,external_test,TRUE,2,63_65,,,,27.71274,50.5059,21.48534,2.32772,5.31272,1.14614,0.06694,1.1683,15.78256,27.96201,4,2.80865,6.957311096,80.69434273
1459,1,footprint,natural,,external_test,TRUE,2,63_65,,,,27.08756,51.41576,21.23261,2.30735,5.25073,1.1571,0.06787,1.18491,15.42403,27.34569,4,3.09149,6.966862414,80.69231626
1460,1,footprint,natural,,external_test,TRUE,3,67_58,,,,24.53226,52.62775,21.53923,2.19214,5.34203,1.19086,0.07441,2.70032,14.70387,26.00694,2,2.43803,6.791431898,80.7851764
1461,1,footprint,natural,,external_test,TRUE,0,61_57,,,,22.5221,59.84136,15.87051,2.45076,5.18901,1.26989,0.05748,5.07268,13.68406,24.20092,2,3.22291,6.762697039,80.62913858
1462,1,footprint,natural,,external_test,TRUE,0,59_63,,,,19.806,63.98142,15.08761,2.19693,5.10425,1.24607,0.06124,2.40645,13.40222,20.43264,2,1.92559,6.928257349,80.58767761
1463,1,footprint,natural,,external_test,TRUE,0,72_70,,,,16.64799,63.95815,17.03153,1.90376,5.65929,1.27272,0.06168,15.25522,14.70628,30.59772,2,11.31439,7.097941719,80.94272231
1464,1,footprint,natural,,external_test,TRUE,1,72_72,,,,14.13392,68.45266,15.69603,0.98817,5.81854,1.38001,0.05619,13.97929,13.49549,26.92322,3,4.42606,7.159991886,80.91882926
1465,1,footprint,natural,,external_test,TRUE,1,68_64,,,,26.36672,49.99745,22.57003,2.14509,5.29316,1.14728,0.07585,3.97525,15.03464,29.52768,2,0.76416,6.929910185,80.81703659
1466,0,random_negative,none,,cv,FALSE,3,67_62,,,,26.75755,49.29814,23.0373,2.19706,5.26193,1.16669,0.07641,1.55232,14.69253,27.53111,2,1.0208,6.879786841,80.80404601
1467,0,random_negative,none,,cv,FALSE,1,69_69,,,,20.12311,58.8514,19.34265,2.06718,5.49224,1.23469,0.06028,11.78918,15.18151,30.5727,4,1.90303,7.08512319,80.83822127
1468,0,random_negative,none,,cv,FALSE,4,69_68,,,,21.17169,56.81701,19.9707,2.21344,5.43944,1.20107,0.06363,14.07155,16.04182,33.89085,2,2.21839,7.058369962,80.85156826
1469,0,random_negative,none,,cv,FALSE,2,62_58,,,,23.98719,56.47244,18.02098,2.25787,5.21347,1.22097,0.06227,4.16058,13.95083,25.63909,1,3.10104,6.788770437,80.67181943
1470,0,random_negative,none,,cv,FALSE,2,70_67,,,,19.11852,58.39857,19.95528,2.17135,5.43729,1.17993,0.06707,18.36049,15.39625,36.16631,2,2.86127,7.015160326,80.87121589
1471,0,random_negative,none,,cv,FALSE,2,62_57,,,,22.9654,58.36834,17.06006,2.41986,5.2484,1.25404,0.06022,5.33709,13.75513,25.82159,1,3.87657,6.762974001,80.66809266
1472,0,random_negative,none,,cv,FALSE,4,58_61,,,,21.11095,62.91237,14.43735,2.21448,5.05393,1.25789,0.05941,3.42763,13.39708,21.71831,2,1.95749,6.86888824,80.55232276
1473,0,random_negative,none,,cv,FALSE,3,64_66,,,,25.44681,52.49289,21.35124,2.30394,5.28387,1.16717,0.06578,3.82577,15.6499,28.11312,1,2.97558,6.994179826,80.72758268
1474,0,random_negative,none,,cv,FALSE,0,55_65,,,,20.17453,64.46976,13.9354,2.02877,5.09442,1.26358,0.06007,3.19716,12.65613,21.72142,2,2.25908,6.96025252,80.46476336
1475,0,random_negative,none,,cv,FALSE,4,66_69,,,,23.81998,53.78739,20.85467,2.15309,5.29882,1.20744,0.06342,8.34223,15.31076,30.52681,3,3.75976,7.071699917,80.76886412
1476,0,random_negative,none,,cv,FALSE,4,57_63,,,,18.58784,66.59489,13.41599,2.15603,5.07955,1.27431,0.05981,3.09403,13.38691,19.74685,3,2.01336,6.923764516,80.5348405
1477,0,random_negative,none,,cv,FALSE,3,67_62,,,,28.36959,47.46501,23.5488,2.17321,5.27637,1.14241,0.07613,1.1776,15.03047,28.9286,1,2.95162,6.89819066,80.79637988
1478,0,random_negative,none,,cv,FALSE,0,68_60,,,,25.03161,51.43526,22.15723,2.2266,5.23749,1.1746,0.07734,2.57929,14.09358,26.68578,1,4.48873,6.844129634,80.8294187
1479,0,random_negative,none,,cv,FALSE,0,61_62,,,,23.4967,57.96305,17.71854,2.20331,5.14492,1.21763,0.06368,1.65859,14.12154,23.22191,2,2.50966,6.892673306,80.62900061
1480,0,random_negative,none,,cv,FALSE,3,63_64,,,,29.58379,48.68611,21.9157,2.32644,5.19503,1.17349,0.06157,0.52855,15.30322,29.51112,1,1.94313,6.939714176,80.68534659
1481,0,random_negative,none,,cv,FALSE,1,58_60,,,,20.99847,63.10595,14.10555,2.38028,5.08465,1.26844,0.05831,4.82269,12.84199,22.06343,,2.3127,6.827785934,80.55216519
1482,0,random_negative,none,,cv,FALSE,4,60_59,,,,22.48274,60.55842,14.78278,2.41708,5.11972,1.24828,0.05947,4.47586,13.03546,21.60475,2,3.09749,6.807887263,80.59792489
1483,0,random_negative,none,,cv,FALSE,4,67_60,,,,26.24045,49.1801,23.74361,2.24655,5.23437,1.17053,0.07701,-0.97791,14.09113,24.52046,1,2.93879,6.825493004,80.79607983
1484,0,random_negative,none,,cv,FALSE,4,57_63,,,,19.48438,65.23521,13.86929,2.1779,5.07286,1.26808,0.0596,3.15306,13.39106,20.46692,4,1.37048,6.90474313,80.53767162
1485,0,random_negative,none,,cv,FALSE,4,67_73,,,,21.75862,59.05998,17.69304,1.35043,5.68113,1.30737,0.05499,7.2651,13.88331,27.65882,1,4.69714,7.181582616,80.78854765
1486,0,random_negative,none,,cv,FALSE,2,63_58,,,,23.92848,56.43058,18.10243,2.25811,5.2219,1.24515,0.06241,4.3674,13.95156,25.93054,2,1.97174,6.774894034,80.68290908
1487,0,random_negative,none,,cv,FALSE,0,66_66,,,,26.05529,51.23493,21.53895,2.32059,5.29922,1.15153,0.0702,5.04756,15.79309,29.91969,1,0.89055,6.988037876,80.77050021
1488,0,random_negative,none,,cv,FALSE,3,64_69,,,,24.66517,53.62088,20.35505,2.12673,5.32931,1.21208,0.06209,6.52976,14.58031,29.64149,2,3.53672,7.077713369,80.72703624
1489,0,random_negative,none,,cv,FALSE,3,54_66,,,,20.35971,64.12559,14.06157,1.49304,5.12824,1.27296,0.0588,4.18209,12.29702,22.97084,2,2.64,6.986720994,80.44707301
1490,0,random_negative,none,,cv,FALSE,2,62_58,,,,23.67903,57.10041,17.59594,2.25039,5.21984,1.25204,0.06112,4.46377,13.9483,25.44461,2,3.98014,6.773948069,80.66450533
1491,0,random_negative,none,,cv,FALSE,4,58_61,,,,21.11095,62.91237,14.43735,2.21448,5.05393,1.25789,0.05941,3.42763,13.39708,21.71831,3,1.67668,6.869927282,80.54554692
1492,0,random_negative,none,,cv,FALSE,2,59_61,,,,21.51546,61.38119,15.7558,2.18609,5.13541,1.24432,0.06197,2.5996,14.11029,21.3869,2,1.2241,6.872190316,80.58784999
1493,0,random_negative,none,,cv,FALSE,3,65_58,,,,23.90478,55.21912,19.44335,2.24509,5.30477,1.20562,0.06718,4.259,14.57716,26.39219,1,3.2713,6.773687971,80.72891319
1494,0,random_negative,none,,cv,FALSE,2,57_61,,,,20.59982,64.03415,13.78758,2.19443,5.03753,1.24778,0.05843,3.7288,13.38992,21.67569,1,0.92354,6.872426788,80.52005283
1495,0,random_negative,none,,cv,FALSE,0,63_60,,,,25.07049,54.65998,19.23108,2.24433,5.21831,1.19078,0.06463,2.21982,14.55293,25.28407,3,3.50923,6.837548776,80.67796175
1496,0,random_negative,none,,cv,FALSE,1,63_63,,,,30.5474,46.71407,22.98692,2.26805,5.28208,1.15725,0.06513,0.40121,15.4491,30.40418,1,0.32663,6.927251096,80.69891831
1497,0,random_negative,none,,cv,FALSE,0,61_57,,,,22.26818,60.01541,15.90096,2.40912,5.25301,1.27159,0.05715,5.78117,13.7468,24.93075,1,3.72266,6.760125636,80.63469357
1498,0,random_negative,none,,cv,FALSE,0,59_60,,,,22.674,59.79366,15.87033,2.27488,5.08792,1.24283,0.06106,3.94945,13.42733,23.09673,3,2.21066,6.843295545,80.59210056
1499,0,random_negative,none,,cv,FALSE,3,66_58,,,,23.97854,54.00631,20.57475,2.17372,5.36841,1.21688,0.07158,3.92302,14.70015,26.41773,2,1.58205,6.777987813,80.76812616
1500,0,random_negative,none,,cv,FALSE,1,55_63,,,,20.67973,64.03128,13.81499,2.10471,4.98246,1.28821,0.05575,4.11877,11.99567,22.78229,1,2.30942,6.903153969,80.47756186
1501,0,random_negative,none,,cv,FALSE,2,56_59,,,,20.7405,64.09052,13.52527,2.42853,4.968,1.26428,0.0516,5.74798,11.99724,23.83666,2,4.55283,6.813291265,80.49386851
1502,0,random_negative,none,,cv,FALSE,1,68_68,,,,21.57667,56.49071,20.33357,2.11307,5.4159,1.2131,0.06352,10.59415,15.18465,30.86561,2,2.53291,7.04775982,80.81451429
1503,0,random_negative,none,,cv,FALSE,2,62_66,,,,25.42672,54.05011,19.67369,2.27741,5.28512,1.18592,0.06528,2.64737,14.80793,26.71547,3,5.57096,7.00036419,80.67122644
1504,0,random_negative,none,,cv,FALSE,0,60_64,,,,19.73889,63.73645,15.51224,2.20835,5.12578,1.21255,0.06515,1.6333,13.67026,19.71799,2,1.36786,6.936421509,80.5944456
1505,0,random_negative,none,,cv,FALSE,4,65_65,,,,27.26484,50.1449,21.84998,2.33765,5.29309,1.14507,0.06962,2.90989,15.78996,29.15257,2,2.87205,6.964337414,80.74077841
1506,0,random_negative,none,,cv,FALSE,4,62_65,,,,25.53446,54.40133,19.6516,2.28719,5.15549,1.1646,0.0656,1.27133,15.02146,25.7781,2,2.33952,6.969582196,80.66198495
1507,0,random_negative,none,,cv,FALSE,3,66_63,,,,30.15665,45.50613,23.95776,2.22045,5.24742,1.14685,0.0716,1.61823,14.85445,31.2287,1,2.58751,6.926642414,80.77860154
1508,0,random_negative,none,,cv,FALSE,4,60_62,,,,22.30894,59.94604,16.63243,2.19433,5.14172,1.2289,0.06281,2.16853,14.11571,22.12724,2,0.70597,6.876629838,80.60726733
1509,0,random_negative,none,,cv,FALSE,3,65_59,,,,25.20406,53.07111,20.5419,2.30162,5.20666,1.18444,0.06989,2.75501,13.96659,26.5404,3,3.97951,6.804394008,80.74529919
1510,0,random_negative,none,,cv,FALSE,3,57_64,,,,17.97389,67.47136,13.22519,2.24715,5.09699,1.23908,0.06233,2.5826,13.40444,18.77691,2,0.76623,6.943351669,80.52195392
1511,0,random_negative,none,,cv,FALSE,4,60_62,,,,22.78232,59.10676,17.16996,2.19603,5.14561,1.22326,0.06325,1.86765,14.11859,22.59249,2,1.87651,6.885768999,80.61637144
1512,0,random_negative,none,,cv,FALSE,2,63_58,,,,24.03292,56.12061,18.34116,2.26196,5.22325,1.2417,0.06309,4.31583,13.95317,26.12762,1,1.22621,6.780149757,80.68890774
1513,0,random_negative,none,,cv,FALSE,2,55_67,,,,19.49656,65.50261,13.61031,1.56036,5.20334,1.30811,0.06124,3.54352,12.12531,21.51803,2,1.07251,7.011603862,80.47485931
1514,0,random_negative,none,,cv,FALSE,0,63_62,,,,28.5826,49.65185,21.72287,2.23826,5.21714,1.1737,0.06533,0.35421,14.56112,27.9912,3,4.19201,6.89312015,80.69122017
1515,0,random_negative,none,,cv,FALSE,2,63_58,,,,24.12112,56.1162,18.2863,2.26202,5.21426,1.21773,0.06296,4.10012,13.95252,25.87754,1,1.93646,6.787539617,80.68418795
1516,0,random_negative,none,,cv,FALSE,3,64_66,,,,25.67279,52.8506,20.69505,2.26673,5.27562,1.17346,0.06768,2.99619,15.42374,27.49792,2,2.27144,7.002388321,80.70941897
1517,0,random_negative,none,,cv,FALSE,2,62_58,,,,23.67903,57.10041,17.59594,2.25039,5.21984,1.25204,0.06112,4.46377,13.9483,25.44461,2,3.80847,6.776969874,80.66567922
1518,0,random_negative,none,,cv,FALSE,3,70_66,,,,19.42849,58.08323,20.02096,2.18293,5.42612,1.17551,0.06783,17.45563,15.39727,35.61278,1,4.06585,7.001380656,80.87310374
1519,0,random_negative,none,,cv,FALSE,4,59_59,,,,22.00538,61.46117,14.36266,2.40742,5.11217,1.25541,0.05868,4.57222,13.03088,21.31995,2,2.34854,6.816683725,80.58125404
1520,0,random_negative,none,,cv,FALSE,3,68_63,,,,25.5001,51.0932,22.15457,2.14224,5.29681,1.14851,0.0761,4.77475,15.03547,29.38191,2,0.46677,6.923252691,80.81991384
1521,0,random_negative,none,,cv,FALSE,0,56_64,,,,19.62929,64.93794,14.04435,2.06191,5.11078,1.25114,0.06011,2.77272,12.66135,20.61959,2,3.01441,6.945238746,80.48829479
1522,0,random_negative,none,,cv,FALSE,3,64_67,,,,24.77448,53.33288,20.99778,2.27773,5.30557,1.17898,0.06472,4.54231,15.64803,28.02576,1,1.1034,7.0136748,80.72772422
1523,0,random_negative,none,,cv,FALSE,2,68_71,,,,20.87202,59.3669,18.3276,1.50721,5.57174,1.28467,0.05534,9.46318,14.85818,29.05678,2,4.26915,7.140959377,80.83151554
1524,0,random_negative,none,,cv,FALSE,4,67_73,,,,21.75862,59.05998,17.69304,1.35043,5.68113,1.30737,0.05499,7.2651,13.88331,27.65882,1,5.13589,7.185709097,80.78493563
1525,0,random_negative,none,,cv,FALSE,0,61_59,,,,23.63096,57.94159,16.75786,2.29685,5.10725,1.23306,0.06245,4.17801,13.43685,24.45548,2,2.41831,6.809174009,80.63073754
1526,0,random_negative,none,,cv,FALSE,0,55_66,,,,19.19759,65.8615,13.56684,1.56565,5.2064,1.29494,0.06065,3.40113,12.12619,21.05243,2,0.1241,7.0018018,80.4811514
1527,0,random_negative,none,,cv,FALSE,0,68_70,,,,20.35935,58.93922,19.09666,2.04312,5.52385,1.24585,0.05862,10.74157,15.17794,29.70775,2,4.27326,7.10863993,80.83053721
1528,0,random_negative,none,,cv,FALSE,4,65_65,,,,27.211,50.04,21.94042,2.34125,5.28859,1.14312,0.07021,3.23417,15.79151,29.41936,1,1.73043,6.962479604,80.75157673
1529,0,random_negative,none,,cv,FALSE,3,64_69,,,,24.35981,55.06183,19.37528,1.51233,5.35418,1.2499,0.06093,4.95821,13.9677,27.9714,2,2.48349,7.085779423,80.70172487
1530,0,random_negative,none,,cv,FALSE,4,65_70,,,,23.88933,54.52661,19.98666,1.53515,5.4306,1.25458,0.05741,7.58729,14.22217,29.69966,2,1.66567,7.112631249,80.74178486
1531,0,random_negative,none,,cv,FALSE,1,68_65,,,,24.54588,52.24708,21.61957,2.21744,5.32114,1.13965,0.07379,7.72511,15.61566,31.12664,1,1.14171,6.961846145,80.82633854
1532,0,random_negative,none,,cv,FALSE,2,72_73,,,,13.72519,69.36076,15.32496,0.98348,5.85065,1.39023,0.05502,13.63798,13.48865,26.24334,3,1.86225,7.183360366,80.92740357
1533,0,random_negative,none,,cv,FALSE,4,59_58,,,,21.99155,61.36061,14.59066,2.41651,5.12676,1.2588,0.05772,5.20938,13.03159,22.56389,4,3.66491,6.772365331,80.59182533
1534,0,random_negative,none,,cv,FALSE,0,67_64,,,,26.94585,49.57035,22.50016,2.23053,5.3146,1.13468,0.07296,4.3013,15.61091,30.30614,2,0.74249,6.953751009,80.78557325
1535,0,random_negative,none,,cv,FALSE,3,66_63,,,,29.84068,46.10449,23.69846,2.2325,5.24421,1.13907,0.07179,1.04531,14.85234,30.27482,2,4.90165,6.90679094,80.77010245
1536,0,random_negative,none,,cv,FALSE,0,56_65,,,,19.84777,64.69874,14.06133,2.03952,5.11286,1.25949,0.06044,2.87166,12.65878,21.05298,2,2.58789,6.964220304,80.48729614
1537,0,random_negative,none,,cv,FALSE,2,56_59,,,,21.02747,63.86071,13.56834,2.51252,4.98021,1.26233,0.05286,5.19044,11.77456,23.4625,3,3.48719,6.811798233,80.50582603
1538,0,random_negative,none,,cv,FALSE,2,73_69,,,,16.72683,63.63618,17.20791,1.91511,5.64215,1.26685,0.06258,15.65827,14.70946,31.06608,2,10.31627,7.089513755,80.94808634
1539,0,random_negative,none,,cv,FALSE,2,65_69,,,,24.11242,53.7841,20.70942,2.14851,5.30724,1.21028,0.06327,7.11986,15.30759,29.71806,3,3.08122,7.072137,80.74978277
1540,0,random_negative,none,,cv,FALSE,0,63_66,,,,25.48869,53.65641,20.2387,2.26609,5.2839,1.17726,0.06678,1.97944,15.41907,26.34579,3,4.52099,6.989412275,80.68087978
1541,0,random_negative,none,,cv,FALSE,1,56_67,,,,19.99642,64.4559,14.22004,1.5551,5.22796,1.32363,0.06251,3.02509,12.12822,21.57094,2,2.2255,7.026692598,80.48899723
1542,0,random_negative,none,,cv,FALSE,0,70_73,,,,15.28973,67.01754,16.11561,0.98994,5.80838,1.37374,0.05565,12.97466,13.50121,27.03307,2,4.86896,7.174492251,80.87482217
1543,0,random_negative,none,,cv,FALSE,0,58_59,,,,21.44876,62.42429,14.09864,2.40172,5.10806,1.26639,0.05723,5.04879,13.02567,21.93313,2,3.86833,6.804681957,80.55524405
1544,0,random_negative,none,,cv,FALSE,3,64_69,,,,24.73131,53.79253,20.20345,2.1235,5.33435,1.2138,0.06208,5.90112,14.57846,29.17362,1,3.84977,7.081513114,80.71481723
1545,0,random_negative,none,,cv,FALSE,4,65_61,,,,27.37996,49.31493,22.59425,2.28757,5.27037,1.1455,0.07297,0.8628,15.33478,27.24988,2,0.84939,6.856799458,80.7535753
1546,0,random_negative,none,,cv,FALSE,4,62_65,,,,25.38687,54.28104,19.81686,2.32046,5.23025,1.16811,0.06805,1.3568,15.34732,25.62009,2,2.88081,6.973457279,80.65865777
1547,0,random_negative,none,,cv,FALSE,0,66_66,,,,25.08284,52.20882,21.36527,2.24753,5.30074,1.16184,0.06755,7.20183,15.84329,30.92571,1,0.67831,7.003817492,80.77971906
1548,0,random_negative,none,,cv,FALSE,3,62_63,,,,30.69577,47.30192,22.63549,2.29027,5.2369,1.16839,0.06223,-0.84787,15.16308,29.42318,1,2.10218,6.916782289,80.67367284
1549,0,random_negative,none,,cv,FALSE,1,58_60,,,,21.0251,62.88512,14.45185,2.40994,5.07485,1.26292,0.05966,4.10604,13.25179,21.71865,2,1.16641,6.839865137,80.56336567
1550,0,random_negative,none,,cv,FALSE,1,70_71,,,,17.00961,63.89761,17.41,1.31023,5.70514,1.32411,0.05637,12.74544,13.87083,28.48254,3,5.63435,7.144375995,80.86792578
1551,0,random_negative,none,,cv,FALSE,1,56_66,,,,18.96145,65.98728,13.65003,2.04668,5.16783,1.26503,0.06205,3.31959,12.79443,20.6819,2,1.93246,6.984298872,80.48695234
1552,0,random_negative,none,,cv,FALSE,0,72_70,,,,15.51119,65.91168,16.69829,1.29835,5.69014,1.33303,0.05805,14.41915,13.74943,28.75885,2,9.54147,7.113801424,80.92384857
1553,0,random_negative,none,,cv,FALSE,4,59_58,,,,22.46346,60.94609,13.96867,2.41462,5.12322,1.25401,0.05878,4.62173,13.03272,20.3663,4,4.04681,6.791540171,80.58313032
1554,0,random_negative,none,,cv,FALSE,0,56_58,,,,20.8729,63.91135,13.53346,2.62678,4.98139,1.26272,0.04959,6.07822,11.65121,24.24438,1,4.59842,6.791581169,80.49253415
1555,0,random_negative,none,,cv,FALSE,1,54_63,,,,20.18231,64.83184,13.53996,2.04949,5.05333,1.26321,0.0584,3.53682,12.65572,21.94536,1,3.99874,6.927652929,80.44193547
1556,0,random_negative,none,,cv,FALSE,1,60_63,,,,21.20968,61.89845,15.84244,2.21417,5.09602,1.23914,0.06153,2.32927,13.40619,21.68081,2,0.95859,6.922358846,80.60089521
1557,0,random_negative,none,,cv,FALSE,3,63_61,,,,26.22921,52.61003,20.4187,2.25419,5.21487,1.17823,0.0666,1.55165,14.5589,26.26128,2,2.13569,6.847865293,80.70079442
1558,0,random_negative,none,,cv,FALSE,0,70_73,,,,14.87556,67.9027,15.82778,0.986,5.83654,1.38299,0.05443,12.79974,13.49493,26.53648,,3.8918,7.189221694,80.88645395
1559,0,random_negative,none,,cv,FALSE,1,58_58,,,,21.70216,62.02941,14.12987,2.40855,5.11872,1.26253,0.05718,5.2163,13.02746,22.0351,3,6.12283,6.781774085,80.56421943
1560,0,random_negative,none,,cv,FALSE,2,65_69,,,,24.49373,53.55787,20.4127,2.11665,5.33737,1.21594,0.06164,7.32508,14.5809,30.06295,2,2.40294,7.082967022,80.73649217
1561,0,random_negative,none,,cv,FALSE,0,56_65,,,,19.81183,64.77433,14.01731,2.04779,5.10731,1.25649,0.06014,2.89845,12.65934,20.99309,3,2.75677,6.960105917,80.48503573
1562,0,random_negative,none,,cv,FALSE,0,70_73,,,,15.2482,67.25478,16.01987,0.98843,5.8204,1.37707,0.05503,12.72944,13.49911,26.78652,3,5.08154,7.181861804,80.87698304
1563,0,random_negative,none,,cv,FALSE,2,66_60,,,,26.04706,50.40537,22.59734,2.24072,5.23266,1.17505,0.07528,0.75142,14.08945,25.78708,1,3.73989,6.826838519,80.77465788
1564,0,random_negative,none,,cv,FALSE,3,64_67,,,,25.43507,52.97076,20.6782,2.25771,5.2801,1.18113,0.06775,3.6154,15.42457,27.8111,1,0.87299,7.012458409,80.71766347
1565,0,random_negative,none,,cv,FALSE,0,61_61,,,,23.9679,56.98596,17.97549,2.21081,5.23094,1.2176,0.06091,2.12764,14.54553,23.71413,1,1.22726,6.86125934,80.63684312
1566,0,random_negative,none,,cv,FALSE,4,66_62,,,,28.26527,47.97005,23.11727,2.25218,5.24304,1.14424,0.07361,1.16403,14.85143,28.64506,1,2.75061,6.879539263,80.7730947
1567,0,random_negative,none,,cv,FALSE,4,56_61,,,,21.50602,63.03009,14.04438,2.33376,4.99803,1.2632,0.05529,3.92739,11.78782,22.97864,1,2.54123,6.864087092,80.50549129
1568,0,random_negative,none,,cv,FALSE,2,63_58,,,,23.16214,57.30595,17.97194,2.28099,5.25123,1.24753,0.06162,4.24342,14.30645,25.1774,1,1.95092,6.768587801,80.68654029
1569,0,random_negative,none,,cv,FALSE,4,62_62,,,,25.9877,53.86845,19.68567,2.21362,5.23059,1.19437,0.06208,1.07577,14.55207,25.55989,2,1.28043,6.890916866,80.65386222
1570,0,random_negative,none,,cv,FALSE,4,61_64,,,,22.13915,59.6251,17.50705,2.23188,5.18687,1.19257,0.06459,0.95855,14.58004,21.73596,1,3.4273,6.951437717,80.62740429
1571,0,random_negative,none,,cv,FALSE,1,60_65,,,,19.69478,63.35779,16.01563,2.29897,5.20771,1.19454,0.06244,1.399,14.32778,19.73924,3,2.17941,6.970576457,80.60596789
1572,0,random_negative,none,,cv,FALSE,3,64_66,,,,26.41563,51.70311,21.26188,2.29665,5.25132,1.15404,0.06871,2.63694,15.42755,27.99755,1,3.80551,6.985689924,80.71732741
1573,0,random_negative,none,,cv,FALSE,3,64_69,,,,24.82732,53.63825,20.32576,2.13656,5.32152,1.20844,0.06248,5.84022,14.57966,29.27538,3,4.15812,7.068585146,80.71586479
1574,0,random_negative,none,,cv,FALSE,1,68_59,,,,23.88431,53.30004,21.25778,2.17797,5.36187,1.18571,0.07542,3.60746,14.70471,26.3445,1,1.82885,6.799466712,80.82412993
1575,0,random_negative,none,,cv,FALSE,4,58_61,,,,20.90556,63.33526,14.20124,2.20753,5.04917,1.26152,0.05907,3.53162,13.39463,21.66351,2,0.99782,6.869110654,80.53902573
1576,0,random_negative,none,,cv,FALSE,4,67_65,,,,25.56429,51.14092,21.96073,2.21873,5.32001,1.13901,0.07319,6.25775,15.61332,30.74296,2,1.20655,6.967709974,80.8026757
1577,0,random_negative,none,,cv,FALSE,2,56_59,,,,20.96237,63.6939,13.65507,2.6294,4.98553,1.26289,0.0505,5.76852,11.65302,23.89186,1,4.08942,6.808596883,80.50141815
1578,0,random_negative,none,,cv,FALSE,2,55_67,,,,19.71154,65.0257,13.90195,1.5577,5.21593,1.32438,0.06187,3.28848,12.12673,21.51297,2,1.31066,7.017008135,80.48147891
1579,0,random_negative,none,,cv,FALSE,0,68_60,,,,25.35856,50.76711,22.65342,2.23369,5.24034,1.17325,0.07743,1.42567,14.09261,25.92622,1,3.67195,6.832754184,80.81921996
1580,0,random_negative,none,,cv,FALSE,0,56_64,,,,18.69336,66.58526,13.47249,2.17919,5.12207,1.24163,0.06225,2.13308,12.79053,19.1252,1,1.7615,6.951947034,80.50417807
1581,0,random_negative,none,,cv,FALSE,1,65_62,,,,28.10439,48.6233,22.73024,2.27555,5.27277,1.14557,0.0717,0.94241,15.33604,28.12504,1,3.31611,6.879952213,80.74852776
1582,0,random_negative,none,,cv,FALSE,3,72_69,,,,17.40559,62.23448,17.98809,2.09319,5.55402,1.23564,0.06275,17.00958,15.40975,33.13875,3,9.88059,7.069056864,80.93725568
1583,0,random_negative,none,,cv,FALSE,1,65_62,,,,28.10439,48.6233,22.73024,2.27555,5.27277,1.14557,0.0717,0.94241,15.33604,28.12504,1,3.38748,6.880444339,80.74659686
1584,0,random_negative,none,,cv,FALSE,2,65_64,,,,28.87911,48.20969,22.52894,2.27431,5.27624,1.15837,0.06723,2.01988,15.4533,30.08113,4,3.67583,6.93288672,80.73313936
1585,0,random_negative,none,,cv,FALSE,3,65_58,,,,23.94449,54.98656,19.6437,2.24788,5.30794,1.20285,0.06796,4.18445,14.57879,26.45218,2,4.10757,6.780584332,80.73715587
1586,0,random_negative,none,,cv,FALSE,2,63_58,,,,24.12112,56.1162,18.2863,2.26202,5.21426,1.21773,0.06296,4.10012,13.95252,25.87754,1,2.27429,6.785488583,80.68017099
1587,0,random_negative,none,,cv,FALSE,3,64_59,,,,24.67706,54.74541,19.26391,2.27894,5.20925,1.20303,0.06577,3.59529,13.95864,26.38233,3,2.41344,6.799138959,80.7104945
1588,0,random_negative,none,,cv,FALSE,2,56_63,,,,20.58853,64.0108,14.02293,2.06595,5.04116,1.28629,0.05756,2.68951,12.63529,21.33765,2,0.35311,6.919922118,80.4947318
1589,0,random_negative,none,,cv,FALSE,3,67_62,,,,29.01763,46.70685,23.81142,2.17343,5.27455,1.14259,0.07566,0.62551,15.02954,29.07355,1,3.65694,6.90023842,80.78289384
1590,0,random_negative,none,,cv,FALSE,3,67_58,,,,23.72821,53.98181,20.77633,2.17067,5.37771,1.19566,0.07299,3.97408,14.70143,26.3861,1,1.52215,6.779513291,80.79004746
1591,0,random_negative,none,,cv,FALSE,2,69_70,,,,20.07419,59.12546,19.15768,2.05576,5.51009,1.2402,0.05941,11.44622,15.18003,30.17734,2,3.01462,7.095747338,80.83896872
1592,0,random_negative,none,,cv,FALSE,4,59_59,,,,22.00538,61.46117,14.36266,2.40742,5.11217,1.25541,0.05868,4.57222,13.03088,21.31995,2,2.03272,6.818139196,80.57552558
1593,0,random_negative,none,,cv,FALSE,0,61_61,,,,23.9239,57.46097,17.50499,2.26296,5.17809,1.22143,0.06203,2.44639,14.24572,24.02283,1,0.59501,6.866826112,80.62565242
1594,0,random_negative,none,,cv,FALSE,2,56_63,,,,20.60088,63.76338,14.26056,2.08452,5.05522,1.25357,0.05768,2.54354,12.63891,21.06329,2,1.50489,6.904990772,80.50976026
1595,0,random_negative,none,,cv,FALSE,3,64_69,,,,24.66517,53.62088,20.35505,2.12673,5.32931,1.21208,0.06209,6.52976,14.58031,29.64149,2,3.7188,7.07570508,80.72672235
1596,0,random_negative,none,,cv,FALSE,0,56_64,,,,19.58634,64.97937,14.05149,2.05343,5.11652,1.25437,0.06033,2.74726,12.6607,20.61258,2,2.88389,6.952694237,80.49404056
1597,0,random_negative,none,,cv,FALSE,2,70_67,,,,17.48499,59.92351,19.69461,2.14601,5.4709,1.19097,0.06557,22.76073,15.3951,38.82395,1,4.00236,7.026889681,80.88609342
1598,0,random_negative,none,,cv,FALSE,0,65_60,,,,25.85569,51.96958,21.166,2.31087,5.18644,1.17362,0.07105,2.07176,13.96914,26.64064,2,2.75267,6.825493836,80.74562646
1599,0,random_negative,none,,cv,FALSE,1,63_59,,,,24.60763,55.50536,18.59287,2.35948,5.13699,1.20236,0.06363,3.40759,14.01565,25.66515,2,2.05364,6.815603922,80.67618368
1600,0,random_negative,none,,cv,FALSE,2,59_62,,,,21.76971,60.84576,16.18389,2.18752,5.14082,1.23927,0.0624,2.33257,14.11292,21.66127,2,1.00214,6.880512823,80.59230899
1601,0,random_negative,none,,cv,FALSE,3,72_69,,,,17.53543,61.88809,18.18971,2.09583,5.54396,1.23174,0.06293,17.35993,15.41169,33.6005,3,9.08442,7.068804959,80.92247936
1602,0,random_negative,none,,cv,FALSE,0,66_59,,,,25.27325,51.89183,21.66361,2.22738,5.25682,1.18574,0.07373,1.99582,14.08619,26.07876,1,3.27202,6.807669623,80.77874889
1603,0,random_negative,none,,cv,FALSE,4,57_63,,,,19.48438,65.23521,13.86929,2.1779,5.07286,1.26808,0.0596,3.15306,13.39106,20.46692,4,1.26202,6.905129567,80.536759
1604,0,random_negative,none,,cv,FALSE,4,65_73,,,,23.18043,56.98002,18.42847,1.53187,5.60369,1.27911,0.05488,5.77713,14.58384,27.55761,2,6.96087,7.176660609,80.75507277
1605,0,random_negative,none,,cv,FALSE,1,68_66,,,,24.02366,52.9377,21.36944,2.28029,5.27091,1.16006,0.07032,9.70404,15.85198,32.42769,1,1.88809,6.986598815,80.82400478
1606,0,random_negative,none,,cv,FALSE,2,59_61,,,,21.33386,61.81475,15.36473,2.18463,5.12948,1.25195,0.06155,2.85583,14.10776,21.17335,3,0.26096,6.858511041,80.57562894
1607,0,random_negative,none,,cv,FALSE,1,68_65,,,,25.07357,51.66764,21.80024,2.21832,5.32033,1.13921,0.07351,6.96997,15.61451,30.93271,2,1.06565,6.967218704,80.81076591
1608,0,random_negative,none,,cv,FALSE,0,66_61,,,,27.37996,49.31493,22.59425,2.28757,5.27037,1.1455,0.07297,0.8628,15.33478,27.24988,3,1.58406,6.861823467,80.7580922
1609,0,random_negative,none,,cv,FALSE,2,66_64,,,,28.52406,47.9238,23.03683,2.24881,5.30872,1.15097,0.07253,1.90684,15.60728,29.64411,2,2.34699,6.94126548,80.76064185
1610,0,random_negative,none,,cv,FALSE,1,71_66,,,,16.97918,59.93501,20.09842,2.05515,5.45634,1.19512,0.06808,22.87146,15.66574,38.50022,1,3.29557,6.999521037,80.90408868
1611,0,random_negative,none,,cv,FALSE,3,57_64,,,,18.2603,67.08215,13.31972,2.256,5.09105,1.27851,0.06226,2.63761,13.40536,19.02807,2,1.09096,6.940706279,80.52331276
1612,0,random_negative,none,,cv,FALSE,4,69_72,,,,17.65514,63.68869,17.15911,1.24489,5.73933,1.32968,0.05564,11.17422,14.08474,27.57842,3,3.14759,7.158798498,80.85052299
1613,0,random_negative,none,,cv,FALSE,4,59_65,,,,18.31621,65.72698,14.92587,2.28125,5.14773,1.21768,0.06374,1.85517,13.42276,18.77837,1,2.28065,6.969201514,80.59196232
1614,0,random_negative,none,,cv,FALSE,3,65_58,,,,24.5825,54.37577,19.69122,2.2861,5.22445,1.19709,0.06756,3.64488,13.96226,26.60705,2,4.5411,6.788719585,80.7401461
1615,0,random_negative,none,,cv,FALSE,2,67_71,,,,21.47975,58.12506,18.8149,1.48595,5.53881,1.28072,0.05621,9.44333,14.33615,29.37267,2,5.83541,7.120701315,80.80535257
1616,0,random_negative,none,,cv,FALSE,4,66_67,,,,24.36606,53.22366,21.30096,2.28907,5.27987,1.16927,0.06615,6.39762,15.65418,29.42985,3,1.1085,7.010512114,80.77045238
1617,0,random_negative,none,,cv,FALSE,4,62_65,,,,24.55708,55.73567,19.17297,2.24475,5.1813,1.18207,0.06613,0.95554,14.5883,24.34047,2,2.94764,6.967059501,80.64950206
1618,0,random_negative,none,,cv,FALSE,0,58_63,,,,18.99812,65.74322,13.8994,2.17622,5.0855,1.2661,0.05998,2.95261,13.39249,19.92093,2,2.80347,6.921556376,80.54715238
1619,0,random_negative,none,,cv,FALSE,3,65_59,,,,24.89507,53.61979,20.21767,2.29586,5.21698,1.18844,0.06917,3.14759,13.9652,26.5642,1,4.67766,6.794712047,80.74565395
1620,0,random_negative,none,,cv,FALSE,4,58_61,,,,21.32487,62.69163,14.40849,2.25276,4.98608,1.25779,0.06028,3.62173,12.99716,21.95,2,1.07992,6.859658347,80.55144576
1621,0,random_negative,none,,cv,FALSE,1,65_68,,,,24.42,53.6779,20.7784,2.17205,5.28862,1.20031,0.06414,5.98404,15.30834,29.19224,1,3.87288,7.050545228,80.73715093
1622,0,random_negative,none,,cv,FALSE,1,65_68,,,,24.42,53.6779,20.7784,2.17205,5.28862,1.20031,0.06414,5.98404,15.30834,29.19224,2,3.92488,7.052802319,80.73356944
1623,0,random_negative,none,,cv,FALSE,4,67_60,,,,26.63665,48.31851,24.28625,2.25098,5.21606,1.16328,0.07816,-1.32701,14.0942,24.70304,2,3.07407,6.843768073,80.80652474
1624,0,random_negative,none,,cv,FALSE,0,61_61,,,,23.87314,57.55599,17.39204,2.28876,5.08419,1.22271,0.06261,3.21111,13.43553,24.55569,2,0.96082,6.863949091,80.62376073
1625,0,random_negative,none,,cv,FALSE,2,64_62,,,,28.36746,49.46313,21.97496,2.2497,5.21486,1.16633,0.06725,0.62223,14.56501,28.07425,1,4.49561,6.887863142,80.70518619
1626,0,random_negative,none,,cv,FALSE,4,69_71,,,,17.33959,63.45859,17.51792,1.3112,5.70097,1.32213,0.05643,12.44368,13.87238,28.47931,1,5.17221,7.142033733,80.85897924
1627,0,random_negative,none,,cv,FALSE,3,60_60,,,,22.73225,59.78432,15.68708,2.27604,5.09152,1.24433,0.06105,4.06986,13.42741,22.89533,3,2.84243,6.835454487,80.59903074
1628,0,random_negative,none,,cv,FALSE,3,70_66,,,,18.28763,58.94856,19.99414,2.16986,5.43989,1.18031,0.0672,21.01882,15.39716,37.94783,4,4.0678,7.007392429,80.87904496
1629,0,random_negative,none,,cv,FALSE,2,56_63,,,,19.8687,64.62615,14.10236,2.07897,5.09897,1.28758,0.05983,2.81421,12.6628,20.75833,2,0.59865,6.923610808,80.49265363
1630,0,random_negative,none,,cv,FALSE,1,57_62,,,,19.79073,65.12128,13.60773,2.1733,5.05355,1.25013,0.05896,3.45741,13.38735,20.97818,4,0.93561,6.899909552,80.52326265
1631,0,random_negative,none,,cv,FALSE,3,60_60,,,,22.73225,59.78432,15.68708,2.27604,5.09152,1.24433,0.06105,4.06986,13.42741,22.89533,2,2.87171,6.830940062,80.59873398
1632,0,random_negative,none,,cv,FALSE,0,61_60,,,,23.99058,57.33194,17.27214,2.29742,5.09604,1.22372,0.06301,3.59103,13.43784,24.63831,2,3.72492,6.836314858,80.62998211
1633,0,random_negative,none,,cv,FALSE,3,57_66,,,,18.97252,65.92151,13.91181,2.15048,5.15158,1.26401,0.06358,1.80852,12.79072,19.29714,2,2.59813,6.992377479,80.51283399
1634,0,random_negative,none,,cv,FALSE,4,65_61,,,,27.37996,49.31493,22.59425,2.28757,5.27037,1.1455,0.07297,0.8628,15.33478,27.24988,2,0.97236,6.858470613,80.75236157
1635,0,random_negative,none,,cv,FALSE,2,72_73,,,,13.06536,70.49926,14.85319,0.97935,5.87848,1.39972,0.05449,13.60038,13.48188,25.59653,2,0.97803,7.193545449,80.94394548
1636,0,random_negative,none,,cv,FALSE,4,61_64,,,,23.15258,58.05869,18.15895,2.23984,5.18243,1.18731,0.0651,0.8725,14.58312,22.72733,2,3.06407,6.955117169,80.63829041
1637,0,random_negative,none,,cv,FALSE,3,66_63,,,,31.32855,43.84139,24.69293,2.22925,5.24358,1.14467,0.07204,0.30931,14.85401,31.26253,1,3.34463,6.920394261,80.77380454
1638,0,random_negative,none,,cv,FALSE,3,54_66,,,,20.42461,64.14372,13.96262,1.49176,5.1188,1.2749,0.05869,4.37701,12.29608,23.24568,2,3.77432,6.985665327,80.4363143
1639,0,random_negative,none,,cv,FALSE,3,64_67,,,,25.40331,53.19602,20.52848,2.25405,5.28524,1.17903,0.0674,3.27057,15.42278,27.44769,2,0.97544,7.016774935,80.71178222
1640,0,random_negative,none,,cv,FALSE,2,56_59,,,,20.96237,63.6939,13.65507,2.6294,4.98553,1.26289,0.0505,5.76852,11.65302,23.89186,4,3.6033,6.809235371,80.50650001
1641,0,random_negative,none,,cv,FALSE,1,63_59,,,,24.55409,55.43013,18.68561,2.26875,5.19872,1.20905,0.06388,3.5752,13.95436,25.8765,1,2.93172,6.802145664,80.68195689
1642,0,random_negative,none,,cv,FALSE,4,59_58,,,,21.99155,61.36061,14.59066,2.41651,5.12676,1.2588,0.05772,5.20938,13.03159,22.56389,4,3.99225,6.774854211,80.5870657
1643,0,random_negative,none,,cv,FALSE,4,65_70,,,,24.33044,53.38299,20.53008,2.10651,5.3457,1.21992,0.06112,8.29121,14.58144,30.59633,2,0.61434,7.098517042,80.74464025
1644,0,random_negative,none,,cv,FALSE,1,63_63,,,,31.00499,46.42101,23.15548,2.29578,5.23716,1.16038,0.06379,-0.55621,15.16809,30.12281,1,0.8394,6.924498611,80.69476608
1645,0,random_negative,none,,cv,FALSE,2,70_67,,,,18.22246,59.42658,19.66469,2.14712,5.46718,1.19047,0.0655,20.38507,15.3944,37.21996,2,3.60201,7.033852533,80.88237509
1646,0,random_negative,none,,cv,FALSE,0,66_73,,,,22.65279,58.0047,18.02919,1.52726,5.628,1.28332,0.05336,6.5174,14.58359,27.86571,2,5.87201,7.185818329,80.77823163
1647,0,random_negative,none,,cv,FALSE,4,67_60,,,,26.1289,49.84677,23.12329,2.24424,5.23303,1.17243,0.07621,-0.01918,14.09036,25.22615,1,3.1805,6.823859007,80.78949868
1648,0,random_negative,none,,cv,FALSE,4,69_68,,,,20.25461,58.10777,19.87162,2.10312,5.4408,1.21735,0.06286,12.71811,15.18607,31.68987,2,0.91872,7.060807033,80.83916231
1649,0,random_negative,none,,cv,FALSE,3,60_66,,,,21.61208,60.36926,17.04755,2.26777,5.22682,1.20353,0.06379,1.51995,14.32826,21.8127,3,2.68035,7.008995096,80.61182491
1650,0,random_negative,none,,cv,FALSE,0,63_66,,,,25.4312,53.53566,20.31182,2.25849,5.28681,1.17935,0.06694,2.44378,15.42004,26.71222,2,3.93951,7.002372932,80.68901328
1651,0,random_negative,none,,cv,FALSE,2,63_58,,,,23.25762,57.016,18.19155,2.28422,5.25279,1.24429,0.06232,4.2074,14.30788,25.36346,1,1.566,6.765870028,80.70094845
1652,0,random_negative,none,,cv,FALSE,0,60_64,,,,21.36745,60.88669,16.9543,2.2342,5.18416,1.19339,0.06408,0.96244,14.5779,20.86384,1,2.20792,6.948295277,80.61298847
1653,0,random_negative,none,,cv,FALSE,0,63_60,,,,25.11614,54.22758,19.58867,2.25579,5.21724,1.1925,0.06614,2.27969,14.55542,25.56694,3,2.64077,6.82131907,80.6977417
1654,0,random_negative,none,,cv,FALSE,0,61_59,,,,23.43484,58.0761,17.01081,2.45739,5.17061,1.2291,0.06051,4.04354,13.69126,24.48273,1,1.59011,6.808707266,80.64406547
1655,0,random_negative,none,,cv,FALSE,0,72_70,,,,15.51119,65.91168,16.69829,1.29835,5.69014,1.33303,0.05805,14.41915,13.74943,28.75885,1,9.22394,7.116608916,80.92190336
1656,0,random_negative,none,,cv,FALSE,0,57_60,,,,21.20552,63.29966,13.8775,2.61683,5.00564,1.27121,0.05634,5.45517,12.25224,23.71065,1,0.67752,6.832592297,80.52571331
1657,0,random_negative,none,,cv,FALSE,1,60_68,,,,24.13259,56.79574,18.17083,1.49912,5.41489,1.24929,0.06529,0.45027,13.45426,23.18767,,4.08365,7.061547375,80.61202074
1658,0,random_negative,none,,cv,FALSE,1,57_58,,,,20.46234,64.26971,13.42864,2.38117,5.08345,1.28424,0.05211,6.45104,11.37952,23.54299,1,5.48514,6.774440078,80.53328906
1659,0,random_negative,none,,cv,FALSE,4,62_64,,,,27.58789,51.53501,20.89772,2.4082,5.16293,1.14987,0.06378,0.53879,14.96341,27.33015,,0.81823,6.942626664,80.67062066
1660,0,random_negative,none,,cv,FALSE,0,60_67,,,,22.8475,59.55416,16.67785,2.15768,5.25413,1.23,0.06286,0.2542,13.35308,21.7982,3,2.48301,7.03649104,80.59525336
1661,0,random_negative,none,,cv,FALSE,1,65_76,,,,27.79932,51.6452,18.78191,1.0377,5.70452,1.33735,0.05294,3.63944,12.77567,30.60726,,2.09408,7.271268295,80.75107795
1662,0,random_negative,none,,cv,FALSE,0,59_68,,,,22.53066,59.92351,16.59834,1.60363,5.30252,1.23767,0.06084,0.87049,12.99267,22.08962,2,2.99447,7.052926541,80.57943883
1663,0,random_negative,none,,cv,FALSE,0,66_66,,,,24.67615,52.82965,21.47223,2.30275,5.26915,1.16334,0.06679,5.97745,15.65515,29.39382,1,0.55711,7.004392477,80.76999214
1664,0,random_negative,none,,cv,FALSE,2,73_72,,,,13.06086,70.14366,15.01705,0.98399,5.84929,1.39089,0.05602,14.14361,13.48723,26.08229,4,4.46171,7.160171259,80.95645736
1665,0,random_negative,none,,cv,FALSE,1,63_69,,,,24.39865,55.21444,19.24539,1.51038,5.35533,1.25136,0.06129,4.46045,13.96586,27.58138,1,0.88322,7.084937604,80.68628457
1666,0,random_negative,none,,cv,FALSE,1,69_69,,,,21.13511,57.07788,19.78923,2.20105,5.45637,1.20725,0.06271,13.64751,16.03979,33.41517,2,1.79647,7.069018113,80.84939577
1667,0,random_negative,none,,cv,FALSE,1,71_66,,,,18.5715,58.79918,20.09488,2.07848,5.43415,1.18695,0.06947,17.06385,15.66688,34.42636,1,1.97164,6.987054831,80.89479617
1668,0,random_negative,none,,cv,FALSE,3,64_69,,,,24.66517,53.62088,20.35505,2.12673,5.32931,1.21208,0.06209,6.52976,14.58031,29.64149,2,3.53724,7.077971482,80.72678145
1669,0,random_negative,none,,cv,FALSE,1,66_74,,,,21.06917,60.88558,16.6563,1.06211,5.77497,1.33846,0.05479,7.15821,13.63426,27.02934,1,4.58965,7.208504867,80.78088608
1670,0,random_negative,none,,cv,FALSE,1,68_67,,,,22.08192,55.43908,20.58149,2.11012,5.40068,1.17591,0.0673,12.25626,15.37897,33.14265,2,2.78554,7.012124246,80.83223568
1671,0,random_negative,none,,cv,FALSE,2,62_58,,,,22.68989,59.07832,16.53881,2.4156,5.24738,1.26049,0.05891,5.44224,13.75149,25.31368,1,4.40381,6.765677354,80.65104852
1672,0,random_negative,none,,cv,FALSE,2,70_67,,,,18.89975,58.93908,19.66135,2.14808,5.46414,1.1902,0.06539,18.30598,15.39358,35.84568,2,2.33926,7.031456579,80.87112374
1673,0,random_negative,none,,cv,FALSE,1,54_63,,,,19.99024,65.8501,12.74575,2.10248,4.95648,1.26042,0.05591,4.70341,11.59232,22.94364,1,3.30184,6.919965833,80.4504136
1674,0,random_negative,none,,cv,FALSE,4,67_60,,,,26.68992,48.40922,24.2089,2.22036,5.25959,1.1628,0.07761,-1.73174,14.68792,24.32012,2,2.92266,6.843250115,80.79223123
1675,0,random_negative,none,,cv,FALSE,1,68_59,,,,24.4865,52.21976,21.93043,2.19349,5.33865,1.17697,0.07629,2.45647,14.70621,25.8883,1,0.77969,6.806742634,80.81254813
1676,0,random_negative,none,,cv,FALSE,3,71_67,,,,16.97676,60.01421,20.00168,2.15746,5.44164,1.20461,0.06585,24.28684,15.84972,39.84424,1,4.87317,7.02857784,80.89408672
1677,0,random_negative,none,,cv,FALSE,4,68_73,,,,19.04444,62.95234,16.72284,1.02312,5.74726,1.36185,0.05526,10.12404,13.38311,27.99873,,1.60335,7.193372245,80.82660553
1678,0,random_negative,none,,cv,FALSE,0,61_61,,,,24.48802,56.11291,18.42793,2.21659,5.22818,1.21242,0.06163,1.97543,14.54766,24.25066,2,2.21071,6.85742839,80.64555336
1679,0,random_negative,none,,cv,FALSE,2,70_67,,,,17.18146,59.37653,20.36976,2.17255,5.41843,1.19612,0.0669,25.09139,15.85228,40.84464,3,4.31365,7.018453379,80.8872951
1680,0,random_negative,none,,cv,FALSE,3,60_66,,,,21.32438,60.80568,16.92311,2.27752,5.22136,1.20015,0.06351,1.50582,14.32877,21.51229,4,2.88018,7.007111231,80.61695377
1681,0,random_negative,none,,cv,FALSE,2,70_72,,,,15.01318,67.20124,16.10577,0.99077,5.80057,1.37265,0.05625,13.4965,13.50142,27.26128,1,5.72212,7.159595044,80.88763221
1682,0,random_negative,none,,cv,FALSE,0,59_63,,,,20.48227,63.06669,15.31613,2.20574,5.09638,1.24447,0.06115,2.46898,13.40322,21.03932,2,1.87353,6.920917588,80.59069602
1683,0,random_negative,none,,cv,FALSE,3,65_59,,,,25.20406,53.07111,20.5419,2.30162,5.20666,1.18444,0.06989,2.75501,13.96659,26.5404,2,4.34956,6.801133881,80.74673182
1684,0,random_negative,none,,cv,FALSE,0,59_63,,,,19.097,65.12586,14.57847,2.18888,5.1037,1.25112,0.06089,2.52487,13.39931,19.8064,2,2.76123,6.923729124,80.57777962
1685,0,random_negative,none,,cv,FALSE,4,62_64,,,,25.51614,54.52722,19.64637,2.26672,5.16552,1.15383,0.06611,0.44469,14.59016,24.85163,1,2.2946,6.950729012,80.64905583
1686,0,random_negative,none,,cv,FALSE,1,63_69,,,,24.35981,55.06183,19.37528,1.51233,5.35418,1.2499,0.06093,4.95821,13.9677,27.9714,2,2.07183,7.088563124,80.69668189
1687,0,random_negative,none,,cv,FALSE,3,61_63,,,,23.79791,57.7951,17.71883,2.25323,5.08011,1.22059,0.0637,1.47327,14.1359,23.63777,2,1.4233,6.908759629,80.62627491
1688,0,random_negative,none,,cv,FALSE,3,66_58,,,,24.28387,53.45945,20.89404,2.18259,5.35352,1.20008,0.07238,3.44578,14.70139,26.29919,1,2.26572,6.788106145,80.7704054
1689,0,random_negative,none,,cv,FALSE,1,60_63,,,,22.11196,60.07957,17.01316,2.17632,5.14489,1.22899,0.06201,1.23345,14.11417,21.75105,1,0.99414,6.927069544,80.61444231
1690,0,random_negative,none,,cv,FALSE,1,68_69,,,,20.54911,58.11116,19.6444,2.07769,5.47065,1.22948,0.06117,11.58126,15.18221,30.76032,3,0.8471,7.076912694,80.83330448
1691,0,random_negative,none,,cv,FALSE,1,68_65,,,,23.77591,53.22506,21.42479,2.24357,5.32898,1.13682,0.07179,8.39515,15.67951,31.00017,1,1.58182,6.958221378,80.82812356
1692,0,random_negative,none,,cv,FALSE,4,65_65,,,,27.211,50.04,21.94042,2.34125,5.28859,1.14312,0.07021,3.23417,15.79151,29.41936,2,2.17855,6.966808788,80.74695051
1693,0,random_negative,none,,cv,FALSE,0,66_75,,,,22.07332,61.21569,15.57588,1.06116,5.80423,1.34218,0.05338,6.31417,13.63218,27.49205,2,1.03643,7.240642494,80.78053134
1694,0,random_negative,none,,cv,FALSE,3,71_69,,,,18.24514,60.73822,18.68918,2.18071,5.51539,1.22083,0.06256,17.20444,15.73281,34.12456,1,7.02227,7.07064132,80.89884255
1695,0,random_negative,none,,cv,FALSE,3,70_66,,,,19.42849,58.08323,20.02096,2.18293,5.42612,1.17551,0.06783,17.45563,15.39727,35.61278,1,3.80887,6.999957043,80.86686205
1696,0,random_negative,none,,cv,FALSE,3,71_70,,,,15.7216,65.10877,17.25704,1.31913,5.68507,1.32136,0.05807,14.7397,13.86972,29.25469,3,9.76107,7.111934768,80.91398208
1697,0,random_negative,none,,cv,FALSE,4,69_72,,,,17.58946,63.35367,17.44655,1.30743,5.71371,1.32437,0.0558,11.795,13.8719,28.08443,4,3.37616,7.157734644,80.85240274
1698,0,random_negative,none,,cv,FALSE,1,57_58,,,,20.75447,64.37431,13.14439,2.46376,5.10111,1.28154,0.05451,5.38469,11.78756,22.70112,2,4.16226,6.792671908,80.52984122
1699,0,random_negative,none,,cv,FALSE,4,65_65,,,,27.29962,50.279,21.74907,2.33377,5.29799,1.14722,0.06901,2.60296,15.78838,28.88647,2,3.87525,6.96473016,80.73164803
1700,0,random_negative,none,,cv,FALSE,2,64_62,,,,28.36746,49.46313,21.97496,2.2497,5.21486,1.16633,0.06725,0.62223,14.56501,28.07425,1,4.43987,6.890184727,80.70518202
1701,0,random_negative,none,,cv,FALSE,2,62_66,,,,25.25858,54.48837,19.48376,2.29679,5.24687,1.17785,0.06691,2.3397,14.62369,26.27405,1,5.02304,6.994793371,80.66245009
1702,0,random_negative,none,,cv,FALSE,4,55_64,,,,20.09123,64.64496,13.83901,2.04482,5.08314,1.25768,0.05944,3.22737,12.65724,21.57873,1,3.89518,6.945039887,80.46569066
1703,0,random_negative,none,,cv,FALSE,3,64_66,,,,25.67279,52.8506,20.69505,2.26673,5.27562,1.17346,0.06768,2.99619,15.42374,27.49792,2,2.50797,7.001432904,80.70696367
1704,0,random_negative,none,,cv,FALSE,1,55_63,,,,20.1368,65.53875,12.90094,2.12259,4.95809,1.2955,0.05571,4.61989,11.59506,22.84923,2,2.1501,6.901783088,80.45791686
1705,0,random_negative,none,,cv,FALSE,3,64_60,,,,25.11614,54.22758,19.58867,2.25579,5.21724,1.1925,0.06614,2.27969,14.55542,25.56694,2,1.95597,6.826062118,80.70274704
1706,0,random_negative,none,,cv,FALSE,0,62_61,,,,25.12751,54.91396,19.03825,2.23041,5.22199,1.20449,0.06317,1.93384,14.55102,25.01218,4,3.43533,6.851178691,80.66160211
1707,0,random_negative,none,,cv,FALSE,2,70_72,,,,16.60061,64.64917,17.14214,1.30443,5.72578,1.33068,0.05562,12.71596,13.86702,28.10155,3,6.48993,7.148886633,80.88112495
1708,0,random_negative,none,,cv,FALSE,1,58_58,,,,21.38143,62.52003,14.14152,2.47815,5.12214,1.27207,0.05547,5.55805,11.79265,22.78589,2,6.848,6.772002562,80.56052736
1709,0,random_negative,none,,cv,FALSE,0,58_63,,,,18.99812,65.74322,13.8994,2.17622,5.0855,1.2661,0.05998,2.95261,13.39249,19.92093,2,2.88418,6.919654152,80.55284248
1710,0,random_negative,none,,cv,FALSE,1,72_68,,,,16.94326,61.51273,18.91936,2.05637,5.4899,1.2276,0.06504,19.23073,15.52406,34.87078,2,6.72659,7.040818886,80.92886714
1711,0,random_negative,none,,cv,FALSE,1,63_59,,,,24.32907,55.78335,18.48044,2.26558,5.20652,1.21329,0.06345,3.8359,13.95346,25.85847,1,2.73825,6.797900486,80.67737648
1712,0,random_negative,none,,cv,FALSE,1,68_59,,,,24.4865,52.21976,21.93043,2.19349,5.33865,1.17697,0.07629,2.45647,14.70621,25.8883,1,0.80326,6.807719346,80.81163801
1713,0,random_negative,none,,cv,FALSE,2,56_59,,,,20.8729,63.91135,13.53346,2.62678,4.98139,1.26272,0.04959,6.07822,11.65121,24.24438,2,5.14799,6.796623801,80.48992914
1714,0,random_negative,none,,cv,FALSE,1,58_58,,,,21.4658,62.4231,14.05968,2.40352,5.11142,1.26813,0.05694,5.19794,13.02542,22.07499,4,5.07199,6.792480805,80.56006664
1715,0,random_negative,none,,cv,FALSE,4,65_72,,,,22.93425,57.21753,18.41122,1.51177,5.53771,1.26803,0.05487,5.20963,14.22252,26.72076,1,5.86783,7.170734725,80.74664529
1716,0,random_negative,none,,cv,FALSE,1,66_68,,,,24.13225,53.57743,21.06917,2.19314,5.26528,1.18949,0.06508,7.31234,15.31456,30.21792,2,4.96996,7.044509466,80.76214461
1717,0,random_negative,none,,cv,FALSE,2,70_72,,,,15.01318,67.20124,16.10577,0.99077,5.80057,1.37265,0.05625,13.4965,13.50142,27.26128,1,5.40693,7.162334257,80.88878312
1718,0,random_negative,none,,cv,FALSE,2,73_69,,,,16.68141,63.63454,17.19802,1.924,5.63457,1.26471,0.06323,15.7622,14.71061,31.12868,2,8.50455,7.075515574,80.95794671
1719,0,random_negative,none,,cv,FALSE,1,60_63,,,,20.35393,62.89574,15.7426,2.21836,5.11829,1.24065,0.0653,1.62392,13.67143,20.21,2,0.74952,6.924443808,80.60111295
1720,0,random_negative,none,,cv,FALSE,4,65_65,,,,27.45078,49.36946,22.43042,2.22471,5.3207,1.13993,0.07148,3.11695,15.60707,29.63404,1,1.92836,6.956765269,80.75230054
1721,0,random_negative,none,,cv,FALSE,0,60_64,,,,21.82103,60.51346,16.85585,2.22491,5.1219,1.19238,0.06603,1.34248,13.67719,21.61855,1,1.48796,6.93756332,80.61614507
1722,0,random_negative,none,,cv,FALSE,2,67_63,,,,26.66375,49.61793,22.71053,2.15365,5.28892,1.14583,0.07615,3.40334,15.03382,29.29034,1,1.71793,6.917885219,80.80979075
1723,0,random_negative,none,,cv,FALSE,2,64_58,,,,24.12218,55.82872,18.57096,2.26577,5.22485,1.23826,0.06379,4.26152,13.95476,26.2943,1,0.71382,6.773962834,80.70228624
1724,0,random_negative,none,,cv,FALSE,2,71_72,,,,14.66914,67.85294,15.87454,0.98825,5.81855,1.3786,0.05562,13.43348,13.49723,26.90752,3,3.87133,7.169888142,80.90211986
1725,0,random_negative,none,,cv,FALSE,3,65_59,,,,25.52536,52.51696,20.8617,2.30668,5.19644,1.17924,0.07053,2.38984,13.96791,26.5611,2,3.53021,6.816631918,80.74900495
1726,0,random_negative,none,,cv,FALSE,3,70_66,,,,18.41516,58.78122,20.14454,2.03265,5.42663,1.18968,0.06825,19.45625,15.18581,36.56734,4,4.1473,7.00551573,80.87843547
1727,0,random_negative,none,,cv,FALSE,3,64_59,,,,25.10673,53.66591,20.02726,2.29247,5.20293,1.19121,0.06805,3.06775,13.96322,26.56227,1,2.55937,6.807950926,80.72704103
1728,0,random_negative,none,,cv,FALSE,0,61_60,,,,24.48647,56.42818,17.87716,2.3027,5.09226,1.21666,0.06367,3.25776,13.44079,25.19078,2,3.29241,6.838773729,80.64278005
1729,0,random_negative,none,,cv,FALSE,1,67_67,,,,24.11448,53.16576,21.26014,2.24618,5.29715,1.16489,0.06681,8.67754,15.67988,31.66943,2,0.90922,7.01032063,80.79347842
1730,0,random_negative,none,,cv,FALSE,1,68_72,,,,19.39637,61.39027,17.78721,1.2582,5.69683,1.32401,0.05637,9.57684,14.38656,27.71567,2,1.476,7.167512454,80.8367772
1731,0,random_negative,none,,cv,FALSE,3,54_66,,,,20.42461,64.14372,13.96262,1.49176,5.1188,1.2749,0.05869,4.37701,12.29608,23.24568,2,3.67254,6.985656921,80.43724737
1732,0,random_negative,none,,cv,FALSE,3,64_61,,,,27.28777,50.92126,21.30863,2.25615,5.21351,1.16949,0.06752,1.04743,14.56299,27.15081,2,2.77379,6.872642401,80.70919918
1733,0,random_negative,none,,cv,FALSE,3,62_70,,,,24.56482,55.20371,19.1458,1.48602,5.39517,1.25167,0.06496,2.76033,14.22056,26.27063,2,0.49798,7.095602526,80.6490283
1734,0,random_negative,none,,cv,FALSE,0,55_65,,,,19.84777,64.69874,14.06133,2.03952,5.11286,1.25949,0.06044,2.87166,12.65878,21.05298,2,2.16005,6.963827455,80.48096345
1735,0,random_negative,none,,cv,FALSE,3,71_70,,,,16.51088,63.85368,17.69452,1.957,5.60714,1.28018,0.06131,14.16363,14.52316,29.45365,2,9.44758,7.109924984,80.90707216
1736,0,random_negative,none,,cv,FALSE,2,56_60,,,,21.05656,63.62704,13.72397,2.61112,5.00116,1.25942,0.05591,5.59227,12.25058,23.85338,3,2.33228,6.834172527,80.51065069
1737,0,random_negative,none,,cv,FALSE,3,57_64,,,,17.5046,67.97761,13.1995,2.25223,5.10614,1.23726,0.06235,2.48849,13.40648,18.24066,2,0.68504,6.949250231,80.52615398
1738,0,random_negative,none,,cv,FALSE,4,70_70,,,,17.68187,62.36817,18.248,2.11406,5.54674,1.25831,0.05937,13.93118,15.2195,30.43309,3,7.83945,7.108472197,80.89063975
1739,0,random_negative,none,,cv,FALSE,3,72_69,,,,16.87268,63.0672,18.20334,2.13229,5.52934,1.25347,0.06093,15.32132,15.22108,31.06289,4,9.81902,7.088963037,80.91934726
1740,0,random_negative,none,,cv,FALSE,0,61_60,,,,23.86837,57.54023,17.08677,2.29759,5.09997,1.22625,0.06288,3.78302,13.43756,24.53725,1,2.98201,6.825055435,80.63362128
1741,0,random_negative,none,,cv,FALSE,2,64_58,,,,24.42772,55.16009,19.02424,2.27442,5.21802,1.20807,0.06517,3.89686,13.9575,26.39002,2,1.00594,6.785164633,80.70749178
1742,0,random_negative,none,,cv,FALSE,1,68_72,,,,20.9677,59.75506,17.96779,1.49734,5.60161,1.29145,0.05433,8.44548,14.85522,28.19508,3,2.01291,7.163662249,80.82215749
1743,0,random_negative,none,,cv,FALSE,3,65_59,,,,25.47446,52.84196,20.57912,2.30171,5.1948,1.18278,0.06955,2.59293,13.96617,26.6182,2,2.82169,6.809970375,80.73581712
1744,0,random_negative,none,,cv,FALSE,2,55_62,,,,20.99253,63.57951,14.01098,2.07398,5.02133,1.28612,0.05667,2.92374,12.63529,21.85266,2,2.58686,6.896218505,80.48410544
1745,0,random_negative,none,,cv,FALSE,0,61_61,,,,24.08506,56.79729,18.15611,2.20804,5.23303,1.2161,0.06083,1.93303,14.54615,23.82812,1,0.3382,6.871634899,80.63258626
1746,0,random_negative,none,,cv,FALSE,1,68_68,,,,21.70761,56.25495,20.47913,2.12626,5.40108,1.20706,0.06429,10.4674,15.18603,30.93621,2,2.87059,7.044380343,80.81581147
1747,0,random_negative,none,,cv,FALSE,4,66_71,,,,23.56175,54.78026,19.95299,1.5335,5.43723,1.25516,0.05671,8.489,14.22484,30.15769,2,2.81741,7.1246149,80.75658323
1748,0,random_negative,none,,cv,FALSE,4,65_61,,,,26.97131,50.61828,21.75004,2.27619,5.21235,1.16049,0.07061,1.06577,14.56737,26.9425,2,1.84575,6.864502823,80.74173251
1749,0,random_negative,none,,cv,FALSE,2,62_66,,,,24.65189,55.46278,19.01994,2.27776,5.25938,1.18462,0.06672,2.36153,14.62038,25.6401,2,5.78638,6.999523147,80.64968477
1750,0,random_negative,none,,cv,FALSE,2,63_58,,,,23.74994,56.72782,17.92801,2.25388,5.22945,1.25079,0.06181,4.63705,13.95057,26.01407,2,2.54277,6.766948883,80.6810605
1751,0,random_negative,none,,cv,FALSE,3,61_63,,,,24.43841,56.59807,18.44329,2.20132,5.12894,1.20682,0.06294,0.83242,14.12094,23.81058,1,1.39516,6.92072071,80.63260477
1752,0,random_negative,none,,cv,FALSE,2,56_63,,,,20.45905,64.07007,14.10212,2.0715,5.05122,1.2567,0.05776,2.58239,12.63669,21.07731,2,1.00576,6.920542684,80.50082264
1753,0,random_negative,none,,cv,FALSE,3,57_64,,,,17.97389,67.47136,13.22519,2.24715,5.09699,1.23908,0.06233,2.5826,13.40444,18.77691,2,0.87324,6.942409748,80.51781948
1754,0,random_negative,none,,cv,FALSE,1,60_68,,,,24.13259,56.79574,18.17083,1.49912,5.41489,1.24929,0.06529,0.45027,13.45426,23.18767,,4.03298,7.063103417,80.61235344
1755,0,random_negative,none,,cv,FALSE,1,58_58,,,,21.38143,62.52003,14.14152,2.47815,5.12214,1.27207,0.05547,5.55805,11.79265,22.78589,2,6.70876,6.774475852,80.56112258
1756,0,random_negative,none,,cv,FALSE,2,64_57,,,,23.12863,57.10828,18.19389,2.28122,5.2636,1.23595,0.06229,4.44246,14.30832,25.57464,1,2.5241,6.759561839,80.71016788
1757,0,random_negative,none,,cv,FALSE,3,66_58,,,,23.91958,53.94732,20.67817,2.17355,5.37068,1.21527,0.07212,3.89029,14.70067,26.39268,3,1.12963,6.78021549,80.78003018
1758,0,random_negative,none,,cv,FALSE,2,59_62,,,,21.08894,62.55677,14.98783,2.22929,5.06178,1.25017,0.06116,2.7483,14.11975,21.27101,2,0.95315,6.877534239,80.56581057
1759,0,random_negative,none,,cv,FALSE,1,71_71,,,,16.22029,64.57332,17.36729,1.31676,5.68847,1.32135,0.05756,14.13411,13.8706,29.11654,1,8.17026,7.128827484,80.90014236
1760,0,random_negative,none,,cv,FALSE,1,71_66,,,,17.56574,60.06684,19.67696,2.05794,5.46105,1.19894,0.06834,18.45373,15.66378,34.76509,2,2.45116,6.994769997,80.91345782
1761,0,random_negative,none,,cv,FALSE,2,73_72,,,,13.06086,70.14366,15.01705,0.98399,5.84929,1.39089,0.05602,14.14361,13.48723,26.08229,3,3.84854,7.166112954,80.9579399
1762,0,random_negative,none,,cv,FALSE,2,60_61,,,,22.18277,60.39571,15.97787,2.214,5.06122,1.24158,0.06284,3.27083,13.30388,22.2931,,2.4497,6.849550566,80.59368006
1763,0,random_negative,none,,cv,FALSE,3,64_65,,,,27.29962,50.279,21.74907,2.33377,5.29799,1.14722,0.06901,2.60296,15.78838,28.88647,1,4.41847,6.9672327,80.72668199
1764,0,random_negative,none,,cv,FALSE,1,66_68,,,,24.16813,53.64659,20.92767,2.17709,5.28013,1.19714,0.0644,7.08615,15.31164,29.94231,2,5.38943,7.052489722,80.76087877
1765,0,random_negative,none,,cv,FALSE,4,64_64,,,,28.39868,49.05231,22.19598,2.354,5.28561,1.14352,0.06931,1.45059,15.78837,28.97901,2,3.18178,6.949641091,80.72104254
1766,0,random_negative,none,,cv,FALSE,1,57_65,,,,18.66154,66.39464,13.73564,2.15857,5.14738,1.26177,0.06315,1.87638,12.7909,19.01501,1,1.40543,6.98219778,80.51642735
1767,0,random_negative,none,,cv,FALSE,1,70_68,,,,17.88643,60.06299,19.35826,2.1348,5.48768,1.19699,0.0646,20.45436,15.39324,36.9458,4,4.27199,7.041718569,80.88684665
1768,0,random_negative,none,,cv,FALSE,3,65_66,,,,25.90272,51.73974,21.23204,2.30208,5.31695,1.16079,0.06869,4.58613,15.78921,29.25217,2,3.30215,6.993728565,80.7434588
1769,0,random_negative,none,,cv,FALSE,1,68_59,,,,24.55306,51.98131,22.08091,2.19569,5.32938,1.17359,0.07704,2.41336,14.70756,25.96399,2,2.26392,6.813681745,80.82425796
1770,0,random_negative,none,,cv,FALSE,1,68_67,,,,23.19649,54.10439,21.00541,2.23635,5.30176,1.16785,0.06665,10.57071,15.68193,32.54519,2,2.95901,7.022239668,80.81095286
1771,0,random_negative,none,,cv,FALSE,2,70_72,,,,16.37316,64.76108,17.17562,1.30807,5.71523,1.32846,0.05625,13.24792,13.86757,28.40299,,6.85784,7.147750382,80.88655235
1772,0,random_negative,none,,cv,FALSE,3,60_58,,,,22.497,60.02276,15.62293,2.44819,5.18594,1.24942,0.05747,4.89186,13.68309,23.56707,2,1.40375,6.779931188,80.61236509
1773,0,random_negative,none,,cv,FALSE,1,57_58,,,,20.25979,64.65477,13.28832,2.64836,4.99673,1.28511,0.05108,6.43606,11.65714,23.48011,1,4.81358,6.784248231,80.51703739
1774,0,random_negative,none,,cv,FALSE,3,64_66,,,,26.37231,51.94827,21.10298,2.29223,5.25678,1.16211,0.06826,2.35573,15.42572,27.67607,2,3.80836,6.987786467,80.70780838
1775,0,random_negative,none,,cv,FALSE,3,64_67,,,,25.2006,53.26946,20.52728,2.24486,5.29003,1.18687,0.06745,3.88318,15.42361,27.78595,2,0.37081,7.022639718,80.71793009
1776,0,random_negative,none,,cv,FALSE,3,72_69,,,,17.29941,62.55858,17.78825,2.09055,5.56434,1.23962,0.06255,16.61306,15.40776,32.65384,3,9.56975,7.065826898,80.9410997
1777,0,random_negative,none,,cv,FALSE,1,58_58,,,,20.92979,63.80444,13.41899,2.46924,5.10964,1.28262,0.05475,6.42786,11.78933,23.67219,1,5.05009,6.785838256,80.54191001
1778,0,random_negative,none,,cv,FALSE,2,54_65,,,,20.35617,64.46044,13.7366,2.01837,5.07602,1.26762,0.05964,3.54517,12.65352,22.2845,3,2.82946,6.969437271,80.44667616
1779,0,random_negative,none,,cv,FALSE,1,63_59,,,,24.55409,55.43013,18.68561,2.26875,5.19872,1.20905,0.06388,3.5752,13.95436,25.8765,1,2.71986,6.801771872,80.67964807
1780,0,random_negative,none,,cv,FALSE,3,64_66,,,,25.71358,52.61302,20.84979,2.27064,5.27035,1.17533,0.06806,3.31857,15.42556,27.85246,1,1.71814,7.005150289,80.71542452
1781,0,random_negative,none,,cv,FALSE,1,70_71,,,,17.00961,63.89761,17.41,1.31023,5.70514,1.32411,0.05637,12.74544,13.87083,28.48254,3,5.97416,7.140945487,80.86885678
1782,0,random_negative,none,,cv,FALSE,0,60_67,,,,21.61208,60.36926,17.04755,2.26777,5.22682,1.20353,0.06379,1.51995,14.32826,21.8127,2,3.36097,7.014934481,80.61393699
1783,0,random_negative,none,,cv,FALSE,0,66_61,,,,27.05619,49.4066,22.82639,2.20457,5.25909,1.15356,0.0747,0.54808,14.6881,26.68396,2,2.2614,6.864848116,80.76407025
1784,0,random_negative,none,,cv,FALSE,3,62_70,,,,24.50457,55.16409,19.19654,1.48797,5.39682,1.24983,0.06462,3.07319,14.22232,26.47538,2,1.67568,7.09869483,80.66511339
1785,0,random_negative,none,,cv,FALSE,0,66_75,,,,22.95646,59.81126,15.81668,1.09582,5.72788,1.33869,0.05369,6.4764,13.38548,28.3506,2,2.58259,7.227779412,80.77280122
1786,0,random_negative,none,,cv,FALSE,2,59_62,,,,21.12618,62.32982,15.28474,2.22938,5.06985,1.24622,0.06159,2.51917,14.12188,21.29437,2,0.91822,6.888237672,80.58104498
1787,0,random_negative,none,,cv,FALSE,4,55_64,,,,20.10199,64.65062,13.81913,2.05288,5.07752,1.25457,0.0592,3.23639,12.65786,21.54708,2,3.9871,6.940748511,80.46383666
1788,0,random_negative,none,,cv,FALSE,0,61_61,,,,24.69545,55.80742,18.64583,2.21394,5.2299,1.20219,0.06156,1.75746,14.54837,24.42297,4,1.25884,6.872816148,80.64103656
1789,0,random_negative,none,,cv,FALSE,1,68_68,,,,21.29653,56.68942,20.39025,2.12706,5.40338,1.20648,0.06439,11.24542,15.18707,31.31335,2,3.16813,7.041354663,80.81948967
1790,0,random_negative,none,,cv,FALSE,4,67_65,,,,25.26453,51.7178,21.67226,2.27827,5.27662,1.14801,0.06954,7.40707,15.84773,31.43202,1,1.30852,6.982323051,80.79373061
1791,0,random_negative,none,,cv,FALSE,1,54_63,,,,20.22622,64.63383,13.69559,2.06306,5.05735,1.25802,0.05855,3.38716,12.65778,21.74693,1,3.47768,6.921048078,80.45217087
1792,0,random_negative,none,,cv,FALSE,3,62_63,,,,30.14225,48.04356,22.27483,2.29608,5.23214,1.18064,0.0624,-0.58549,15.16249,28.95438,1,3.16323,6.903757271,80.67139217
1793,0,random_negative,none,,cv,FALSE,0,64_70,,,,24.05241,54.78998,19.74372,1.53279,5.44039,1.25655,0.05779,6.3104,14.21914,28.81163,2,1.11956,7.118335686,80.71515782
1794,0,random_negative,none,,cv,FALSE,4,59_65,,,,18.31621,65.72698,14.92587,2.28125,5.14773,1.21768,0.06374,1.85517,13.42276,18.77837,2,2.55769,6.966410491,80.59257264
1795,0,random_negative,none,,cv,FALSE,3,61_68,,,,23.92797,56.85671,18.14993,2.21436,5.29425,1.21252,0.06696,2.10712,14.61025,24.59555,3,5.57584,7.04184504,80.62674645
1796,0,random_negative,none,,cv,FALSE,4,68_73,,,,20.86991,59.917,17.76962,1.29725,5.67269,1.31141,0.05523,9.19944,13.58965,28.70561,3,1.70419,7.175762192,80.81607582
1797,0,random_negative,none,,cv,FALSE,2,64_58,,,,24.34225,55.45955,18.78702,2.27032,5.2165,1.21127,0.06441,3.96912,13.95586,26.2528,1,0.81225,6.786630026,80.70316317
1798,0,random_negative,none,,cv,FALSE,3,62_70,,,,24.45845,55.30863,19.17138,1.49063,5.38533,1.24886,0.06476,2.88488,14.22084,26.30622,2,1.09929,7.091465894,80.65510383
1799,0,random_negative,none,,cv,FALSE,0,66_59,,,,24.58539,52.72267,21.40829,2.19216,5.33988,1.19208,0.07382,2.79441,14.70329,26.08869,1,3.18506,6.798658466,80.7771142
1800,0,random_negative,none,,cv,FALSE,0,62_61,,,,25.12751,54.91396,19.03825,2.23041,5.22199,1.20449,0.06317,1.93384,14.55102,25.01218,3,3.3149,6.854817201,80.66627176
1801,0,random_negative,none,,cv,FALSE,4,67_60,,,,26.56121,49.1431,23.53955,2.21744,5.25951,1.16469,0.07676,-0.78279,14.68724,24.99669,1,3.44258,6.840032786,80.7855943
1802,0,random_negative,none,,cv,FALSE,4,58_61,,,,20.85565,63.07166,14.52194,2.40529,5.07138,1.26048,0.05985,3.98647,13.2516,21.69834,2,1.46673,6.853718045,80.56273902
1803,0,random_negative,none,,cv,FALSE,4,56_61,,,,21.33213,63.26228,14.01327,2.21497,4.94741,1.26366,0.05666,3.82733,11.972,22.80466,1,3.08772,6.869126481,80.49991704
1804,0,random_negative,none,,cv,FALSE,4,59_58,,,,22.17338,61.18331,14.39383,2.41567,5.12496,1.25633,0.05827,4.949,13.03217,21.75104,4,4.23433,6.781252538,80.58249228
1805,0,random_negative,none,,cv,FALSE,0,67_64,,,,28.02587,47.96839,23.20983,2.25607,5.30307,1.12529,0.07452,3.13747,15.6121,30.407,1,1.61779,6.938861724,80.79193059
1806,0,random_negative,none,,cv,FALSE,2,71_74,,,,13.87933,69.3812,15.33505,0.98116,5.86578,1.39475,0.05396,13.22579,13.48618,26.02831,,0.21273,7.200613513,80.91817438
1807,0,random_negative,none,,cv,FALSE,2,58_62,,,,19.91995,64.6482,13.99396,2.18568,5.06636,1.26321,0.05945,3.24255,13.39199,20.85535,2,1.93255,6.896740953,80.53907535
1808,0,random_negative,none,,cv,FALSE,0,67_59,,,,24.71392,51.90081,22.11285,2.1983,5.33299,1.1753,0.07616,2.03617,14.7061,25.69951,1,0.19303,6.800754311,80.80619448
1809,0,random_negative,none,,cv,FALSE,1,66_68,,,,23.99103,53.72563,20.96835,2.1797,5.27629,1.19548,0.06453,7.6356,15.3133,30.28529,2,5.44795,7.049708852,80.76555067
1810,0,random_negative,none,,cv,FALSE,0,61_57,,,,22.41188,59.66501,16.15653,2.41094,5.25359,1.26865,0.05774,5.74212,13.74857,25.21545,1,4.39777,6.759310173,80.64467997
1811,0,random_negative,none,,cv,FALSE,4,67_60,,,,26.9704,47.4548,25.0013,2.25377,5.22158,1.16466,0.07782,-2.95285,14.09284,23.50581,2,3.64411,6.836528875,80.79765029
1812,0,random_negative,none,,cv,FALSE,3,66_58,,,,24.94646,52.79922,20.92377,2.23181,5.34405,1.20195,0.07163,3.45144,14.89359,26.91705,1,2.9985,6.784982008,80.75738977
1813,0,random_negative,none,,cv,FALSE,2,72_73,,,,13.43753,69.79969,15.14712,0.98237,5.85842,1.39304,0.05501,13.71135,13.4865,26.04282,3,2.19296,7.180258921,80.93188971
1814,0,random_negative,none,,cv,FALSE,3,60_60,,,,23.04185,59.25548,15.86599,2.2819,5.0971,1.24201,0.06147,4.09149,13.42996,23.09352,3,3.47424,6.826576138,80.60319117
1815,0,random_negative,none,,cv,FALSE,4,64_64,,,,29.0589,48.18431,22.4852,2.26966,5.28009,1.16106,0.06648,1.73758,15.45195,30.00779,1,2.51053,6.934763954,80.72221367
1816,0,random_negative,none,,cv,FALSE,1,63_59,,,,24.96685,54.62908,19.19956,2.27648,5.19088,1.20125,0.06505,3.22549,13.95709,26.16123,2,3.58752,6.811663456,80.69292876
1817,0,random_negative,none,,cv,FALSE,0,66_72,,,,23.11629,55.98436,19.35516,1.52724,5.46965,1.25859,0.05563,7.91034,14.22581,29.37105,2,5.74132,7.148266557,80.76915194
1818,0,random_negative,none,,cv,FALSE,0,60_67,,,,21.02215,61.35253,16.6271,2.26074,5.22763,1.20778,0.06348,1.43881,14.32569,21.1389,3,2.93142,7.015289549,80.60949548
1819,0,random_negative,none,,cv,FALSE,1,68_64,,,,24.44076,52.47713,21.5518,2.17968,5.33946,1.12974,0.0749,6.55944,15.46527,29.93735,3,1.04161,6.932911663,80.82955226
1820,0,random_negative,none,,cv,FALSE,2,69_67,,,,20.52753,57.57856,19.80143,2.15013,5.45687,1.19002,0.06496,13.91472,15.39088,33.12336,2,1.18097,7.034036885,80.84010339
1821,0,random_negative,none,,cv,FALSE,2,63_65,,,,25.90185,53.44394,19.9965,2.30014,5.2696,1.16902,0.06567,2.12574,14.81035,26.7638,3,3.30933,6.979502071,80.67502837
1822,0,random_negative,none,,cv,FALSE,0,59_67,,,,21.95522,60.92452,16.18163,2.16144,5.24778,1.23044,0.06235,0.2876,13.35172,20.93193,2,1.44648,7.031871008,80.5854989
1823,0,random_negative,none,,cv,FALSE,2,62_59,,,,23.46267,57.90524,17.16917,2.461,5.17433,1.22358,0.06078,4.20161,13.69236,24.86669,2,1.71038,6.79957273,80.65018693
1824,0,random_negative,none,,cv,FALSE,3,70_66,,,,19.52227,57.90249,20.20872,2.04676,5.41348,1.18432,0.0689,16.07144,15.186,34.37735,1,4.23555,6.990501531,80.86761935
1825,0,random_negative,none,,cv,FALSE,1,60_65,,,,19.69478,63.35779,16.01563,2.29897,5.20771,1.19454,0.06244,1.399,14.32778,19.73924,2,2.49472,6.969782573,80.61059228
1826,0,random_negative,none,,cv,FALSE,2,61_66,,,,23.39216,57.49903,18.38156,2.32189,5.19993,1.17746,0.06441,1.53406,14.3383,23.67091,2,4.53925,6.986981961,80.63947083
1827,0,random_negative,none,,cv,FALSE,4,57_63,,,,19.45738,65.4211,13.68519,2.17174,5.06651,1.2714,0.05938,3.26349,13.38873,20.5549,3,0.88918,6.908235842,80.53375164
1828,0,random_negative,none,,cv,FALSE,3,57_59,,,,20.35046,65.21468,12.80339,2.6389,4.99147,1.27394,0.0508,5.65709,11.6551,23.00363,1,4.25501,6.796406407,80.51312806
1829,0,random_negative,none,,cv,FALSE,2,66_64,,,,28.68208,47.52849,23.24964,2.25202,5.30584,1.14888,0.07311,2.00169,15.60855,29.93876,1,2.77969,6.931999457,80.76244112
1830,0,random_negative,none,,cv,FALSE,3,72_69,,,,17.54196,62.16093,17.99881,2.08429,5.56167,1.23793,0.06203,16.69944,15.40863,32.96,3,10.33362,7.078049377,80.93022754
1831,0,random_negative,none,,cv,FALSE,1,56_66,,,,19.2528,65.66554,13.87663,2.14636,5.14136,1.28765,0.06363,1.91497,12.78936,19.6661,1,2.80741,6.993059502,80.50447051
1832,0,random_negative,none,,cv,FALSE,2,59_62,,,,21.4527,61.90693,15.32414,2.2361,5.06443,1.24575,0.06152,2.62089,14.12247,21.52679,2,0.591,6.87703069,80.57555357
1833,0,random_negative,none,,cv,FALSE,1,67_67,,,,23.85615,53.50291,21.11535,2.2332,5.30691,1.1706,0.06613,9.04595,15.67885,31.70338,2,2.10637,7.020551204,80.79805412
1834,0,random_negative,none,,cv,FALSE,3,64_65,,,,26.75268,51.33839,21.23345,2.31323,5.31859,1.15111,0.0674,2.43938,15.78432,28.11731,2,4.96725,6.976949461,80.70716605
1835,0,random_negative,none,,cv,FALSE,1,55_63,,,,20.12266,64.3912,14.06318,2.08117,5.08443,1.2884,0.05948,2.96995,12.6621,21.11622,2,1.1601,6.919470983,80.48159422
1836,0,random_negative,none,,cv,FALSE,1,68_69,,,,21.00146,57.38819,19.93024,2.08864,5.45021,1.22431,0.062,11.20589,15.18278,30.82474,4,0.12317,7.068954065,80.82038339
1837,0,random_negative,none,,cv,FALSE,0,60_67,,,,21.81242,61.01897,16.25218,2.17646,5.24685,1.21458,0.0621,0.36513,13.35363,20.86481,2,2.20399,7.025213645,80.60103753
1838,0,random_negative,none,,cv,FALSE,0,63_60,,,,25.07049,54.65998,19.23108,2.24433,5.21831,1.19078,0.06463,2.21982,14.55293,25.28407,3,2.87776,6.829919806,80.67760541
1839,0,random_negative,none,,cv,FALSE,3,60_66,,,,20.91145,61.45698,16.74077,2.29729,5.21008,1.19296,0.06307,1.43254,14.32994,21.01846,2,2.44469,6.983081818,80.61980351
1840,0,random_negative,none,,cv,FALSE,4,60_59,,,,22.57508,60.09766,15.30142,2.44447,5.18003,1.2471,0.05784,4.50507,13.68269,22.464,2,2.08105,6.798619732,80.60284225
1841,0,random_negative,none,,cv,FALSE,2,57_61,,,,21.56922,62.26855,14.63154,2.22183,4.95396,1.25039,0.05701,4.15634,11.97342,23.19842,2,1.70969,6.873207525,80.51285223
1842,0,random_negative,none,,cv,FALSE,2,66_64,,,,27.2113,49.36278,22.53472,2.22925,5.3159,1.13526,0.07251,3.82686,15.60966,30.10894,,0.27123,6.952450437,80.77989308
1843,0,random_negative,none,,cv,FALSE,3,57_59,,,,20.54445,64.80499,12.97643,2.64519,4.99617,1.27969,0.05144,5.52254,11.65709,22.86377,4,3.72952,6.798310121,80.52064189
1844,0,random_negative,none,,cv,FALSE,2,56_60,,,,21.05656,63.62704,13.72397,2.61112,5.00116,1.25942,0.05591,5.59227,12.25058,23.85338,3,2.44539,6.828877251,80.50930952
1845,0,random_negative,none,,cv,FALSE,1,70_71,,,,17.00961,63.89761,17.41,1.31023,5.70514,1.32411,0.05637,12.74544,13.87083,28.48254,2,5.72141,7.144731615,80.86933547
1846,0,random_negative,none,,cv,FALSE,2,55_67,,,,19.99261,64.57443,14.07886,1.55377,5.22066,1.32568,0.06252,3.22086,12.12705,21.75217,2,1.75077,7.032102856,80.48021639
1847,0,random_negative,none,,cv,FALSE,0,61_65,,,,23.477,57.34903,18.48072,2.22625,5.19292,1.19173,0.06572,1.16091,14.58444,23.39023,1,4.38476,6.977938248,80.64183995
1848,0,random_negative,none,,cv,FALSE,4,68_73,,,,20.31473,60.98535,17.47139,1.27041,5.69668,1.325,0.05503,9.15297,13.96345,28.31055,2,0.94614,7.186284384,80.82572923
1849,0,random_negative,none,,cv,FALSE,0,63_60,,,,24.76595,55.11141,18.98267,2.24463,5.21881,1.19415,0.06444,2.46495,14.55185,25.12148,3,2.69967,6.824286039,80.67946469
1850,0,random_negative,none,,cv,FALSE,1,68_68,,,,20.67476,57.63484,19.97673,2.10225,5.43733,1.21782,0.06284,11.97141,15.18516,31.33954,2,1.05615,7.057152369,80.83304887
1851,0,random_negative,none,,cv,FALSE,3,57_59,,,,20.49533,64.84497,13.00078,2.64187,4.99548,1.27237,0.05176,5.36086,11.65699,22.67229,2,2.90814,6.804749523,80.52507694
1852,0,random_negative,none,,cv,FALSE,1,56_66,,,,19.2528,65.66554,13.87663,2.14636,5.14136,1.28765,0.06363,1.91497,12.78936,19.6661,1,2.71866,6.9944309,80.50404864
1853,0,random_negative,none,,cv,FALSE,2,58_62,,,,20.81761,63.29689,14.39811,2.20738,5.05936,1.25822,0.05951,3.32399,13.39623,21.50365,3,2.21041,6.880243889,80.54886887
1854,0,random_negative,none,,cv,FALSE,1,68_69,,,,20.86211,57.85802,19.60596,2.06433,5.48391,1.23573,0.06037,10.8967,15.17994,30.30933,3,1.49264,7.082870863,80.82407128
1855,0,random_negative,none,,cv,FALSE,3,65_59,,,,25.16251,53.36406,20.28349,2.29711,5.20463,1.18778,0.06897,2.92328,13.96492,26.57332,1,2.75315,6.809363977,80.73393633
1856,0,random_negative,none,,cv,FALSE,2,70_72,,,,16.83105,64.54733,17.09956,1.30088,5.73666,1.33273,0.05499,12.16771,13.86658,27.7924,2,5.06895,7.164415245,80.87434752
1857,0,random_negative,none,,cv,FALSE,1,68_67,,,,23.00489,54.3779,20.87988,2.22383,5.3117,1.17333,0.06594,10.83006,15.68088,32.54914,1,3.95951,7.035313001,80.81110798
1858,0,random_negative,none,,cv,FALSE,4,65_61,,,,27.37996,49.31493,22.59425,2.28757,5.27037,1.1455,0.07297,0.8628,15.33478,27.24988,2,1.57456,6.863972183,80.7527458
1859,0,random_negative,none,,cv,FALSE,2,62_58,,,,23.28582,58.20172,16.9982,2.46057,5.17919,1.22742,0.06031,4.44456,13.69142,24.91744,2,3.01347,6.785958072,80.65483373
1860,0,random_negative,none,,cv,FALSE,0,68_70,,,,20.28277,59.26378,18.89655,2.03228,5.54226,1.25091,0.05776,10.41831,15.1766,29.32341,2,4.96847,7.114459503,80.83649546
1861,0,random_negative,none,,cv,FALSE,1,65_62,,,,27.73078,49.83158,21.99047,2.2646,5.21293,1.16072,0.06941,0.92,14.5677,27.67087,2,4.04136,6.884807431,80.73114734
1862,0,random_negative,none,,cv,FALSE,2,61_58,,,,22.66939,59.47932,16.1507,2.45343,5.18879,1.26681,0.05804,5.0297,13.68584,24.53045,2,3.10907,6.768110465,80.63701903
1863,0,random_negative,none,,cv,FALSE,0,55_65,,,,20.17453,64.46976,13.9354,2.02877,5.09442,1.26358,0.06007,3.19716,12.65613,21.72142,2,1.62147,6.965900377,80.46597105
1864,0,random_negative,none,,cv,FALSE,2,58_62,,,,19.91995,64.6482,13.99396,2.18568,5.06636,1.26321,0.05945,3.24255,13.39199,20.85535,2,2.32429,6.89817709,80.54429794
1865,0,random_negative,none,,cv,FALSE,0,63_62,,,,28.33633,50.19474,21.41774,2.2323,5.21942,1.17804,0.06444,0.36403,14.55902,27.68068,2,4.1229,6.891268396,80.68556252
1866,0,random_negative,none,,cv,FALSE,1,55_63,,,,20.2167,64.51026,13.83426,2.06897,5.06653,1.2923,0.05887,3.24723,12.65921,21.55692,1,3.27222,6.920156521,80.46247039
1867,0,random_negative,none,,cv,FALSE,0,58_59,,,,21.0938,63.01401,14.03002,2.38331,5.08868,1.26975,0.05803,4.95381,12.84192,22.08408,2,2.07416,6.818371721,80.54588898
1868,0,random_negative,none,,cv,FALSE,4,57_63,,,,18.98237,65.91477,13.71179,2.16991,5.0797,1.2696,0.05977,3.06613,13.3901,20.00666,2,1.91309,6.922415259,80.53529516
1869,0,random_negative,none,,cv,FALSE,2,55_67,,,,19.71154,65.0257,13.90195,1.5577,5.21593,1.32438,0.06187,3.28848,12.12673,21.51297,1,1.56154,7.023663645,80.48364998
1870,0,random_negative,none,,cv,FALSE,1,62_67,,,,24.6044,55.51323,18.95276,2.26619,5.26565,1.18944,0.06669,2.50686,14.61932,25.71329,2,6.97085,7.012312274,80.65696235
1871,0,random_negative,none,,cv,FALSE,1,57_65,,,,17.95798,67.28083,13.54654,2.17119,5.15324,1.25768,0.06273,1.84115,12.7925,18.25663,2,0.54278,6.97016684,80.52490951
1872,0,random_negative,none,,cv,FALSE,1,60_68,,,,23.95614,57.11268,18.02974,1.49748,5.41318,1.2515,0.06569,0.3728,13.45322,22.94017,2,3.44079,7.058109086,80.60213473
1873,0,random_negative,none,,cv,FALSE,0,61_61,,,,23.8126,57.67641,17.22541,2.29015,5.08785,1.22429,0.0626,3.37468,13.43548,24.44423,1,2.00527,6.852950824,80.62381839
1874,0,random_negative,none,,cv,FALSE,4,55_64,,,,20.09123,64.64496,13.83901,2.04482,5.08314,1.25768,0.05944,3.22737,12.65724,21.57873,2,3.70672,6.947943905,80.46019439
1875,0,random_negative,none,,cv,FALSE,3,66_76,,,,31.05838,51.26968,15.94139,1.03517,5.7031,1.33657,0.05242,9.62608,12.77545,39.76093,3,1.57962,7.263029922,80.7575132
1876,0,random_negative,none,,cv,FALSE,3,64_60,,,,25.96309,52.77342,20.419,2.26126,5.21462,1.17537,0.06747,1.70127,14.55962,26.13797,2,0.99746,6.845255191,80.71232442
1877,0,random_negative,none,,cv,FALSE,4,60_59,,,,23.02163,59.41199,15.49052,2.2823,5.10398,1.24459,0.06119,4.38482,13.4297,22.75647,2,2.19592,6.802577311,80.6041209
1878,0,random_negative,none,,cv,FALSE,0,69_65,,,,20.51442,57.0258,20.33314,2.07272,5.45254,1.16795,0.06908,13.76578,15.20992,33.13895,2,4.34135,6.98117536,80.86233413
1879,0,random_negative,none,,cv,FALSE,3,57_59,,,,20.75447,64.37431,13.14439,2.46376,5.10111,1.28154,0.05451,5.38469,11.78756,22.70112,2,3.72959,6.796664724,80.53413753
1880,0,random_negative,none,,cv,FALSE,2,56_63,,,,20.83581,63.79691,13.96736,2.06731,5.02603,1.28723,0.057,2.86068,12.63458,21.71068,3,1.53831,6.905724102,80.48593154
1881,0,random_negative,none,,cv,FALSE,3,71_67,,,,16.97676,60.01421,20.00168,2.15746,5.44164,1.20461,0.06585,24.28684,15.84972,39.84424,,4.91151,7.029676426,80.89445554
1882,0,random_negative,none,,cv,FALSE,3,61_68,,,,24.19933,56.48424,18.23062,2.20399,5.29898,1.21621,0.06709,2.09128,14.6094,24.85036,2,5.51137,7.046958615,80.62264047
1883,0,random_negative,none,,cv,FALSE,2,62_66,,,,24.6044,55.51323,18.95276,2.26619,5.26565,1.18944,0.06669,2.50686,14.61932,25.71329,2,6.01565,7.007828087,80.64943056
1884,0,random_negative,none,,cv,FALSE,0,66_59,,,,25.64965,51.45107,21.82532,2.23159,5.24412,1.18472,0.07374,1.7282,14.08702,26.18035,1,4.37867,6.812580267,80.76966059
1885,0,random_negative,none,,cv,FALSE,0,60_67,,,,23.19523,58.95538,16.94167,2.16328,5.2569,1.21663,0.06295,0.3025,13.35471,22.19106,2,3.3733,7.035695246,80.60689129
1886,0,random_negative,none,,cv,FALSE,4,62_62,,,,27.73013,51.19567,20.92857,2.22615,5.2226,1.18291,0.06361,0.52951,14.55678,27.10613,1,2.69055,6.890094256,80.67215208
1887,0,random_negative,none,,cv,FALSE,2,65_67,,,,24.56678,53.50716,20.89044,2.18507,5.27747,1.19456,0.0646,5.71589,15.30951,29.16711,1,2.39181,7.035852214,80.73472902
1888,0,random_negative,none,,cv,FALSE,4,67_66,,,,24.83581,52.39276,21.35018,2.24944,5.29716,1.16047,0.06787,7.80852,15.84479,31.27639,1,1.05575,6.998641983,80.7833729
1889,0,random_negative,none,,cv,FALSE,3,60_58,,,,22.46939,60.24521,15.28105,2.44509,5.18333,1.24978,0.05742,4.71577,13.68201,22.7578,2,2.15762,6.781273974,80.6024039
1890,0,random_negative,none,,cv,FALSE,0,55_65,,,,19.84777,64.69874,14.06133,2.03952,5.11286,1.25949,0.06044,2.87166,12.65878,21.05298,3,2.37313,6.961730793,80.48126882
1891,0,random_negative,none,,cv,FALSE,1,57_62,,,,20.35518,64.36271,13.74045,2.18759,5.04259,1.2484,0.05859,3.63578,13.38908,21.47097,2,1.36672,6.878602848,80.51956218
1892,0,random_negative,none,,cv,FALSE,3,61_63,,,,24.82827,56.11904,18.4247,2.26567,5.14055,1.20077,0.06334,1.07998,14.78239,24.36555,1,2.33294,6.910751629,80.63897492
1893,0,random_negative,none,,cv,FALSE,1,58_58,,,,21.1936,62.86795,14.0189,2.47297,5.11488,1.28,0.05532,5.51607,11.79105,22.67912,2,4.68464,6.790353753,80.54555982
1894,0,random_negative,none,,cv,FALSE,4,65_65,,,,27.29962,50.279,21.74907,2.33377,5.29799,1.14722,0.06901,2.60296,15.78838,28.88647,2,3.84054,6.965916141,80.7319166
1895,0,random_negative,none,,cv,FALSE,2,67_63,,,,30.56192,44.59721,24.62868,2.16725,5.27606,1.1426,0.07536,-0.04029,15.03039,30.14541,2,3.7802,6.904138867,80.78882932
1896,0,random_negative,none,,cv,FALSE,1,68_69,,,,20.49058,58.36522,19.47021,2.06584,5.48798,1.23512,0.06033,11.32857,15.18075,30.43015,4,1.81415,7.086358058,80.82875076
1897,0,random_negative,none,,cv,FALSE,1,60_65,,,,19.69478,63.35779,16.01563,2.29897,5.20771,1.19454,0.06244,1.399,14.32778,19.73924,2,1.98725,6.973384573,80.60769164
1898,0,random_negative,none,,cv,FALSE,2,71_72,,,,14.7121,67.61853,15.97908,0.98996,5.80597,1.37501,0.05623,13.69538,13.49948,27.17961,,4.33932,7.165514382,80.90125245
1899,0,random_negative,none,,cv,FALSE,3,57_64,,,,17.97389,67.47136,13.22519,2.24715,5.09699,1.23908,0.06233,2.5826,13.40444,18.77691,2,0.37963,6.950438504,80.51659248
1900,0,random_negative,none,,cv,FALSE,4,69_71,,,,19.91235,60.09373,18.55332,1.45452,5.62428,1.28885,0.05538,10.27933,15.04652,28.94181,1,4.65899,7.140026036,80.84560538
1901,0,random_negative,none,,cv,FALSE,1,63_59,,,,24.83486,54.66211,19.24436,2.27825,5.19962,1.20182,0.06546,3.40051,13.95796,26.27413,3,2.32334,6.800726024,80.69655289
1902,0,random_negative,none,,cv,FALSE,2,65_67,,,,24.65696,53.15646,21.19049,2.28369,5.29209,1.17504,0.06546,5.40718,15.65112,28.74883,1,2.9956,7.012114517,80.74883766
1903,0,random_negative,none,,cv,FALSE,3,71_73,,,,14.61859,68.08608,15.78157,0.98659,5.83057,1.38214,0.05503,13.21053,13.495,26.66755,2,3.00926,7.18056603,80.90092655
1904,0,random_negative,none,,cv,FALSE,0,61_62,,,,24.32187,56.52981,18.46206,2.21504,5.20418,1.21149,0.06318,1.10714,14.76965,23.7509,2,2.54901,6.899816722,80.63114261
1905,0,random_negative,none,,cv,FALSE,2,65_67,,,,24.27627,53.93668,20.72387,2.25184,5.32806,1.19059,0.06367,5.13997,15.64621,27.99438,1,2.15476,7.034674388,80.73283218
1906,0,random_negative,none,,cv,FALSE,0,66_66,,,,24.53339,53.15903,21.25618,2.28646,5.28581,1.17092,0.06581,5.88564,15.65266,29.09348,1,2.18533,7.009602981,80.75576767
1907,0,random_negative,none,,cv,FALSE,4,62_65,,,,24.20063,56.17354,18.99143,2.2337,5.18917,1.18707,0.0662,1.18004,14.58743,24.17655,2,2.85039,6.970401713,80.65423339
1908,0,random_negative,none,,cv,FALSE,1,70_68,,,,19.80514,58.36371,19.56404,2.20997,5.46237,1.20322,0.0633,16.54871,16.042,35.02373,2,4.64862,7.060233901,80.87923627
1909,0,random_negative,none,,cv,FALSE,0,67_59,,,,25.44616,50.76412,22.67555,2.2352,5.25207,1.177,0.07629,0.79559,14.08953,25.33605,1,1.33022,6.810961757,80.80016464
1910,0,random_negative,none,,cv,FALSE,1,57_58,,,,20.54445,64.80499,12.97643,2.64519,4.99617,1.27969,0.05144,5.52254,11.65709,22.86377,1,4.61741,6.790667176,80.51817839
1911,0,random_negative,none,,cv,FALSE,4,67_60,,,,26.53325,49.07168,23.60878,2.24924,5.22142,1.16755,0.07679,-0.63867,14.09184,25.10639,2,3.7475,6.836347675,80.7884966
1912,0,random_negative,none,,cv,FALSE,0,58_63,,,,18.30019,66.69504,13.65711,2.1678,5.0931,1.26796,0.06013,2.86697,13.39147,19.26811,1,2.94974,6.926038246,80.545382
1913,0,random_negative,none,,cv,FALSE,2,56_63,,,,20.45905,64.07007,14.10212,2.0715,5.05122,1.2567,0.05776,2.58239,12.63669,21.07731,2,1.30739,6.92014521,80.5053825
1914,0,random_negative,none,,cv,FALSE,0,66_66,,,,26.05529,51.23493,21.53895,2.32059,5.29922,1.15153,0.0702,5.04756,15.79309,29.91969,1,0.89616,6.988100538,80.77024106
1915,0,random_negative,none,,cv,FALSE,3,71_73,,,,13.95054,69.16007,15.40547,0.98284,5.85491,1.39114,0.05448,13.36102,13.48848,26.20649,,1.42521,7.188467291,80.91423893
1916,0,random_negative,none,,cv,FALSE,2,70_72,,,,16.60061,64.64917,17.14214,1.30443,5.72578,1.33068,0.05562,12.71596,13.86702,28.10155,3,6.03731,7.153622532,80.8791288
1917,0,random_negative,none,,cv,FALSE,2,57_61,,,,21.76316,62.57304,14.20519,2.50584,4.98805,1.25994,0.05544,3.92465,12.45458,23.02974,1,2.7135,6.849133707,80.51406034
1918,0,random_negative,none,,cv,FALSE,3,64_59,,,,24.7567,54.43895,19.50946,2.28334,5.2107,1.19967,0.06659,3.50048,13.96032,26.48258,2,2.36877,6.792961358,80.71706207
1919,0,random_negative,none,,cv,FALSE,2,61_58,,,,23.11811,58.60891,16.6904,2.45732,5.17995,1.24204,0.05968,4.50768,13.68952,24.5823,1,2.79807,6.781248522,80.6433665
1920,0,random_negative,none,,cv,FALSE,0,60_67,,,,20.43313,62.33094,16.20936,2.25391,5.22793,1.21188,0.06318,1.37131,14.32318,20.47996,3,1.54094,7.016037814,80.59693166
1921,0,random_negative,none,,cv,FALSE,4,59_58,,,,21.99155,61.36061,14.59066,2.41651,5.12676,1.2588,0.05772,5.20938,13.03159,22.56389,2,4.24881,6.776479581,80.58384667
1922,0,random_negative,none,,cv,FALSE,4,67_66,,,,23.70112,53.4328,21.28198,2.26171,5.2832,1.15709,0.06805,9.78861,15.68387,32.39563,2,1.84443,6.99871543,80.8096648
1923,0,random_negative,none,,cv,FALSE,2,73_72,,,,13.06086,70.14366,15.01705,0.98399,5.84929,1.39089,0.05602,14.14361,13.48723,26.08229,3,4.53488,7.159122855,80.95329143
1924,0,random_negative,none,,cv,FALSE,2,70_72,,,,16.60061,64.64917,17.14214,1.30443,5.72578,1.33068,0.05562,12.71596,13.86702,28.10155,4,6.24171,7.154436932,80.88163576
1925,0,random_negative,none,,cv,FALSE,4,69_68,,,,20.70352,57.3457,19.83476,2.2124,5.44673,1.2016,0.06353,14.9228,16.04194,34.28411,2,2.86763,7.055634915,80.85677654
1926,0,random_negative,none,,cv,FALSE,0,64_70,,,,24.5575,54.15459,19.92108,2.09842,5.36224,1.22373,0.06126,5.82532,14.5762,28.83279,2,3.05227,7.095135691,80.72280062
1927,0,random_negative,none,,cv,FALSE,3,63_61,,,,26.3827,52.99836,20.06478,2.2321,5.22066,1.18733,0.06388,1.25685,14.55494,26.07482,2,3.07615,6.867820758,80.67502522
1928,0,random_negative,none,,cv,FALSE,3,61_63,,,,23.42108,58.14822,17.75846,2.193,5.13379,1.22154,0.06242,1.05448,14.11801,22.88502,1,0.46966,6.920149078,80.62424758
1929,0,random_negative,none,,cv,FALSE,3,61_68,,,,24.61947,55.6382,18.63402,2.21519,5.29439,1.21043,0.06677,2.55315,14.61336,25.71222,1,4.40564,7.05349418,80.64022565
1930,0,random_negative,none,,cv,FALSE,2,62_59,,,,24.38399,55.84861,18.38936,2.35806,5.14164,1.21268,0.06329,3.65611,14.01494,25.61739,1,1.86177,6.800965127,80.66950789
1931,0,random_negative,none,,cv,FALSE,1,57_62,,,,21.40987,62.65052,14.48973,2.1055,5.03908,1.25098,0.05701,2.76236,12.64129,21.76244,1,1.8905,6.880700725,80.51498878
1932,0,random_negative,none,,cv,FALSE,0,58_65,,,,16.36016,69.41782,12.91352,2.24815,5.12153,1.23876,0.06242,2.34522,13.40756,17.09198,2,1.68332,6.95658426,80.54081187
1933,0,random_negative,none,,cv,FALSE,3,64_60,,,,25.2506,53.82907,19.87639,2.26144,5.21686,1.18864,0.06704,2.17846,14.55717,25.72157,2,1.63405,6.82332468,80.70681009
1934,0,random_negative,none,,cv,FALSE,1,58_58,,,,21.38143,62.52003,14.14152,2.47815,5.12214,1.27207,0.05547,5.55805,11.79265,22.78589,2,7.03118,6.772186976,80.55724981
1935,0,random_negative,none,,cv,FALSE,3,64_69,,,,24.82732,53.63825,20.32576,2.13656,5.32152,1.20844,0.06248,5.84022,14.57966,29.27538,2,4.47159,7.066835929,80.71827364
1936,0,random_negative,none,,cv,FALSE,0,66_72,,,,23.12556,56.74819,18.6997,1.53692,5.58513,1.27681,0.05494,6.84851,14.58515,28.51589,2,6.66047,7.160159694,80.76582319
1937,0,random_negative,none,,cv,FALSE,0,66_59,,,,25.30672,52.31941,21.19799,2.22249,5.2554,1.19362,0.07222,2.45985,14.08463,26.40359,3,4.22851,6.803435958,80.76143734
1938,0,random_negative,none,,cv,FALSE,0,72_70,,,,15.3528,65.80903,16.90955,1.18258,5.71144,1.32748,0.0589,14.8726,13.76854,29.04301,2,9.43906,7.114936448,80.93709345
1939,0,random_negative,none,,cv,FALSE,0,61_59,,,,23.63096,57.94159,16.75786,2.29685,5.10725,1.23306,0.06245,4.17801,13.43685,24.45548,2,1.83893,6.799983999,80.63323074
1940,0,random_negative,none,,cv,FALSE,3,57_64,,,,17.93882,67.38161,13.35633,2.26137,5.09965,1.27592,0.06234,2.5414,13.40747,18.62801,1,1.42735,6.940278242,80.52849721
1941,0,random_negative,none,,cv,FALSE,0,66_59,,,,25.65883,51.14043,22.14063,2.23462,5.24454,1.1822,0.07457,1.34548,14.08788,25.90337,3,3.2969,6.81354093,80.78039089
1942,0,random_negative,none,,cv,FALSE,3,67_61,,,,26.59659,49.03051,23.58128,2.21515,5.2593,1.16225,0.07724,-0.43786,14.68901,25.42146,2,1.61704,6.855661235,80.79091879
1943,0,random_negative,none,,cv,FALSE,3,57_59,,,,20.49533,64.84497,13.00078,2.64187,4.99548,1.27237,0.05176,5.36086,11.65699,22.67229,4,3.17377,6.803482908,80.52110614
1944,0,random_negative,none,,cv,FALSE,0,63_62,,,,27.82201,50.43233,21.44918,2.24739,5.21494,1.17145,0.06644,0.77669,14.56211,27.50355,2,3.88775,6.87669424,80.6971071
1945,0,random_negative,none,,cv,FALSE,3,64_69,,,,24.87112,53.80461,20.18465,2.13303,5.32627,1.21042,0.06245,5.30105,14.57775,28.8518,2,3.55557,7.065662067,80.7088091
1946,0,random_negative,none,,cv,FALSE,3,64_60,,,,25.11614,54.22758,19.58867,2.25579,5.21724,1.1925,0.06614,2.27969,14.55542,25.56694,2,1.93892,6.826752772,80.70276063
1947,0,random_negative,none,,cv,FALSE,1,63_59,,,,24.46321,55.41686,18.75084,2.27004,5.20718,1.20985,0.06419,3.76117,13.9552,26.07023,2,2.65856,6.799946199,80.68657188
1948,0,random_negative,none,,cv,FALSE,1,65_62,,,,28.44716,48.17393,22.90623,2.2712,5.27376,1.14464,0.07145,0.94123,15.33717,28.5332,1,4.05498,6.886622873,80.74813903
1949,0,random_negative,none,,cv,FALSE,2,58_62,,,,20.47204,63.75516,14.32947,2.19999,5.06522,1.2588,0.05961,3.22503,13.39535,21.22768,3,2.52488,6.884920115,80.55270577
1950,0,random_negative,none,,cv,FALSE,1,66_68,,,,23.67542,53.96085,20.90445,2.16907,5.28405,1.19972,0.06407,8.48923,15.3137,30.68421,4,4.71679,7.063471994,80.77204841
1951,0,random_negative,none,,cv,FALSE,0,73_71,,,,14.79801,66.92834,16.40819,1.17431,5.74426,1.33906,0.05802,14.41624,13.76163,28.08733,1,7.93837,7.128482177,80.95622025
1952,0,random_negative,none,,cv,FALSE,0,66_75,,,,22.95646,59.81126,15.81668,1.09582,5.72788,1.33869,0.05369,6.4764,13.38548,28.3506,2,1.9143,7.232839893,80.77771504
1953,0,random_negative,none,,cv,FALSE,0,62_60,,,,24.82338,55.35276,18.78252,2.23195,5.22158,1.20712,0.06313,2.17841,14.5501,24.80217,3,2.9342,6.839498734,80.65991444
1954,0,random_negative,none,,cv,FALSE,4,66_62,,,,28.26527,47.97005,23.11727,2.25218,5.24304,1.14424,0.07361,1.16403,14.85143,28.64506,2,2.72362,6.876484409,80.77222378
1955,0,random_negative,none,,cv,FALSE,3,66_63,,,,29.58545,46.49131,23.48271,2.21745,5.24961,1.14136,0.07099,1.92076,14.85328,30.85467,2,2.73945,6.928030046,80.76854425
1956,0,random_negative,none,,cv,FALSE,3,67_62,,,,27.68449,48.21419,23.37586,2.19408,5.25954,1.16591,0.07568,1.27952,14.69319,28.25651,1,2.35147,6.890859362,80.79038517
1957,0,random_negative,none,,cv,FALSE,3,64_59,,,,24.83486,54.66211,19.24436,2.27825,5.19962,1.20182,0.06546,3.40051,13.95796,26.27413,4,2.94587,6.806600108,80.70146225
1958,0,random_negative,none,,cv,FALSE,1,68_64,,,,25.49281,51.17727,22.00747,2.15515,5.30117,1.12821,0.07561,5.73086,15.00814,30.25717,1,1.15395,6.936453637,80.82504454
1959,0,random_negative,none,,cv,FALSE,1,63_69,,,,24.43523,55.30139,19.2141,1.51346,5.34542,1.24945,0.06162,4.09946,13.96449,27.34866,2,0.39132,7.081412725,80.67675214
1960,0,random_negative,none,,cv,FALSE,1,57_62,,,,20.88336,63.37661,14.34348,2.09168,5.04964,1.25259,0.05744,2.61389,12.6397,21.3115,3,1.58121,6.900858631,80.51331786
1961,0,random_negative,none,,cv,FALSE,0,61_65,,,,21.86887,59.99451,17.34843,2.31584,5.20016,1.1836,0.0634,1.36333,14.33348,21.91786,2,2.89016,6.977738208,80.62213219
1962,0,random_negative,none,,cv,FALSE,3,64_69,,,,24.56893,53.77953,20.22975,2.11374,5.34289,1.21738,0.06165,6.56641,14.57912,29.51311,2,3.07287,7.087321012,80.72524629
1963,0,random_negative,none,,cv,FALSE,2,67_63,,,,27.80732,48.14396,23.27639,2.15636,5.28514,1.14465,0.07586,2.44995,15.033,29.59497,1,1.78546,6.91964157,80.80815067
1964,0,random_negative,none,,cv,FALSE,0,55_66,,,,20.31947,63.90936,14.35242,1.49138,5.15296,1.27155,0.05956,3.78202,12.29904,22.54275,2,1.24081,6.991044539,80.46801795
1965,0,random_negative,none,,cv,FALSE,2,62_58,,,,23.80999,56.75763,17.85423,2.25425,5.22078,1.2486,0.06175,4.4166,13.94993,25.70291,3,3.345,6.77253592,80.67067433
1966,0,random_negative,none,,cv,FALSE,1,70_71,,,,18.03405,62.68843,17.68838,1.48653,5.63516,1.30059,0.05496,12.25289,14.41019,29.06831,3,6.90291,7.130807677,80.87005961
1967,0,random_negative,none,,cv,FALSE,0,61_57,,,,22.5221,59.84136,15.87051,2.45076,5.18901,1.26989,0.05748,5.07268,13.68406,24.20092,1,3.07627,6.762772206,80.62387376
1968,0,random_negative,none,,cv,FALSE,3,57_59,,,,20.54445,64.80499,12.97643,2.64519,4.99617,1.27969,0.05144,5.52254,11.65709,22.86377,2,4.04409,6.794250195,80.52511666
1969,0,random_negative,none,,cv,FALSE,3,63_61,,,,25.79665,53.6193,19.78384,2.24224,5.21782,1.1848,0.06481,1.71563,14.55503,25.75791,2,4.33855,6.854116652,80.68096076
1970,0,random_negative,none,,cv,FALSE,2,61_58,,,,22.96382,58.86767,16.55196,2.45685,5.18434,1.25884,0.05918,4.74504,13.68859,24.69438,2,2.74157,6.776896236,80.64059824
1971,0,random_negative,none,,cv,FALSE,1,68_68,,,,20.75477,57.39598,20.13863,2.11488,5.42139,1.2119,0.06366,12.08331,15.18663,31.57223,2,1.96434,7.048936465,80.83320307
1972,0,random_negative,none,,cv,FALSE,1,60_65,,,,18.63042,65.31174,15.0455,2.29118,5.14107,1.21344,0.06372,1.83798,13.42368,19.0119,2,3.14777,6.957734969,80.59866304
1973,0,random_negative,none,,cv,FALSE,0,59_67,,,,21.61583,61.51334,15.91278,2.15607,5.2446,1.23325,0.06224,0.266,13.35017,20.56647,2,1.19292,7.030256534,80.57665346
1974,0,random_negative,none,,cv,FALSE,0,61_60,,,,23.58831,58.11642,16.6887,2.29224,5.09925,1.23177,0.06238,3.8904,13.43502,24.08484,1,3.33869,6.820009765,80.62838681
1975,0,random_negative,none,,cv,FALSE,1,58_60,,,,21.17232,62.7339,14.35785,2.41434,5.07856,1.26394,0.05945,4.2294,13.25193,21.69103,,1.88236,6.831458981,80.55702908
1976,0,random_negative,none,,cv,FALSE,1,63_59,,,,25.11099,54.23114,19.48551,2.28151,5.19113,1.19748,0.06588,3.1275,13.95895,26.34426,2,2.86134,6.817617319,80.6972684
1977,0,random_negative,none,,cv,FALSE,4,66_70,,,,23.52437,53.72973,20.73549,2.10655,5.34821,1.22718,0.06106,9.99856,15.30763,31.24725,3,2.76663,7.102348238,80.77493556
1978,0,random_negative,none,,cv,FALSE,0,66_73,,,,23.03713,57.45987,18.10908,1.52698,5.62475,1.28188,0.05435,5.27196,14.58297,26.96392,1,7.71931,7.182203577,80.75913993
1979,0,random_negative,none,,cv,FALSE,1,63_69,,,,24.43525,55.35161,19.12658,1.50836,5.35586,1.25291,0.06166,4.00814,13.964,27.22657,1,1.27522,7.089777948,80.68612016
1980,0,random_negative,none,,cv,FALSE,4,65_65,,,,27.26484,50.1449,21.84998,2.33765,5.29309,1.14507,0.06962,2.90989,15.78996,29.15257,3,3.55951,6.96156204,80.73485971
1981,0,random_negative,none,,cv,FALSE,0,64_72,,,,23.41561,56.23968,18.90466,1.51667,5.50731,1.26591,0.05634,5.20079,14.21989,27.1377,,2.94274,7.152345184,80.72627002
1982,0,random_negative,none,,cv,FALSE,2,58_62,,,,20.06349,64.30195,14.22734,2.19233,5.07153,1.25962,0.05972,3.13055,13.39443,20.88102,3,2.08782,6.89807503,80.55120574
1983,0,random_negative,none,,cv,FALSE,2,73_69,,,,15.96475,64.5403,17.2936,1.98115,5.6428,1.26963,0.06376,14.63715,14.75726,29.41578,2,8.34044,7.079912607,80.96339875
1984,0,random_negative,none,,cv,FALSE,1,71_66,,,,18.20441,59.36907,19.85957,2.07241,5.44379,1.19194,0.06922,16.96593,15.66537,33.95866,2,1.86017,6.985221916,80.90716591
1985,0,random_negative,none,,cv,FALSE,3,65_59,,,,25.24105,52.28065,21.22919,2.23952,5.32943,1.19597,0.07234,3.00375,14.89463,26.82146,1,4.01726,6.796637091,80.75528654
1986,0,random_negative,none,,cv,FALSE,3,60_66,,,,21.61208,60.36926,17.04755,2.26777,5.22682,1.20353,0.06379,1.51995,14.32826,21.8127,3,2.80573,7.007893302,80.61513758
1987,0,random_negative,none,,cv,FALSE,3,65_58,,,,24.54761,54.61833,19.4761,2.28236,5.22197,1.20008,0.06675,3.73482,13.9607,26.56594,1,3.38359,6.790099681,80.72889548
1988,0,random_negative,none,,cv,FALSE,0,55_65,,,,20.11499,64.58495,13.87783,2.03678,5.08879,1.26069,0.05973,3.21461,12.65666,21.63674,2,2.46745,6.959317689,80.4616194
1989,0,random_negative,none,,cv,FALSE,3,70_66,,,,18.41516,58.78122,20.14454,2.03265,5.42663,1.18968,0.06825,19.45625,15.18581,36.56734,1,4.19482,7.000404432,80.87729658
1990,0,random_negative,none,,cv,FALSE,0,67_64,,,,28.02587,47.96839,23.20983,2.25607,5.30307,1.12529,0.07452,3.13747,15.6121,30.407,1,2.14689,6.932590316,80.79546087
1991,0,random_negative,none,,cv,FALSE,1,57_65,,,,17.84112,67.47664,13.45638,2.17972,5.14821,1.25491,0.06245,1.89135,12.79286,18.13348,2,0.57617,6.966596729,80.52454932
1992,0,random_negative,none,,cv,FALSE,1,70_68,,,,18.99436,59.41279,19.24099,2.12493,5.49557,1.20179,0.06358,16.77963,15.39028,34.39874,2,2.85649,7.050710857,80.8654528
1993,0,random_negative,none,,cv,FALSE,0,67_74,,,,20.51575,61.15055,16.93338,1.06134,5.76464,1.33884,0.05493,8.12481,13.63465,27.38669,2,4.97802,7.204547231,80.79353464
1994,0,random_negative,none,,cv,FALSE,2,62_66,,,,25.25858,54.48837,19.48376,2.29679,5.24687,1.17785,0.06691,2.3397,14.62369,26.27405,1,5.38557,6.997833761,80.66083438
1995,0,random_negative,none,,cv,FALSE,2,62_66,,,,25.09241,54.69744,19.35935,2.28487,5.25364,1.18063,0.06683,2.54224,14.62257,26.27535,1,5.83711,7.002207973,80.66220366
1996,0,random_negative,none,,cv,FALSE,4,59_58,,,,21.60142,62.12966,14.24304,2.40973,5.12087,1.26467,0.0567,5.42993,13.02701,22.59597,2,6.18294,6.77410709,80.56617513
1997,0,random_negative,none,,cv,FALSE,0,61_61,,,,24.2438,56.90888,17.65755,2.296,5.08806,1.21938,0.06315,3.21356,13.43827,24.89703,2,2.29084,6.84953516,80.63322089
1998,0,random_negative,none,,cv,FALSE,3,70_66,,,,18.88272,58.47338,20.11876,2.04329,5.41699,1.18674,0.06894,17.56721,15.18614,35.20252,3,3.22001,6.988902667,80.87783219
1999,0,random_negative,none,,cv,FALSE,2,58_62,,,,20.06349,64.30195,14.22734,2.19233,5.07153,1.25962,0.05972,3.13055,13.39443,20.88102,2,2.28846,6.899815173,80.54472435
2000,0,random_negative,none,,cv,FALSE,3,54_64,,,,20.17791,64.6937,13.68836,2.05516,5.0627,1.25352,0.05871,3.38892,12.65711,21.75446,1,4.23362,6.92848132,80.45130403
2001,0,random_negative,none,,cv,FALSE,3,64_60,,,,25.2506,53.82907,19.87639,2.26144,5.21686,1.18864,0.06704,2.17846,14.55717,25.72157,1,1.28859,6.828079122,80.70850072
2002,0,random_negative,none,,cv,FALSE,1,68_65,,,,23.39372,53.67582,21.2793,2.23249,5.3332,1.15542,0.0711,9.21706,15.67962,31.38673,1,1.33655,6.964310539,80.83067231
2003,0,random_negative,none,,cv,FALSE,0,61_65,,,,21.86887,59.99451,17.34843,2.31584,5.20016,1.1836,0.0634,1.36333,14.33348,21.91786,2,3.94625,6.971294262,80.62955723
2004,0,random_negative,none,,cv,FALSE,2,62_59,,,,24.2235,56.70873,17.64804,2.34946,5.13819,1.2218,0.06221,3.78208,14.01191,25.25882,1,0.8358,6.81293286,80.65021912
2005,0,random_negative,none,,cv,FALSE,1,63_59,,,,24.96685,54.62908,19.19956,2.27648,5.19088,1.20125,0.06505,3.22549,13.95709,26.16123,2,3.27219,6.811769114,80.68735706
2006,0,random_negative,none,,cv,FALSE,0,62_60,,,,24.2522,56.34704,18.1771,2.22752,5.22314,1.21458,0.0623,2.52018,14.54726,24.24703,2,2.68819,6.836446059,80.65117405
2007,0,random_negative,none,,cv,FALSE,0,61_59,,,,23.98984,57.22065,17.28864,2.30266,5.10453,1.22599,0.0632,3.88165,13.4397,24.8875,1,1.28182,6.816252725,80.64663429
2008,0,random_negative,none,,cv,FALSE,1,68_67,,,,21.37599,56.7789,19.94522,2.1507,5.45349,1.1903,0.06457,11.91178,15.38899,31.97446,2,3.15637,7.029440031,80.82143547
2009,0,random_negative,none,,cv,FALSE,1,68_72,,,,20.75519,59.77368,18.10589,1.50182,5.59014,1.28873,0.05468,9.12488,14.85653,28.64528,2,2.65841,7.155805601,80.83471334
2010,0,random_negative,none,,cv,FALSE,2,55_62,,,,20.99253,63.57951,14.01098,2.07398,5.02133,1.28612,0.05667,2.92374,12.63529,21.85266,2,2.2811,6.899683097,80.48299255
2011,0,random_negative,none,,cv,FALSE,3,57_59,,,,20.75447,64.37431,13.14439,2.46376,5.10111,1.28154,0.05451,5.38469,11.78756,22.70112,3,3.62815,6.7975019,80.5299437
2012,0,random_negative,none,,cv,FALSE,1,71_66,,,,17.11635,60.29111,19.75341,2.0495,5.46845,1.20077,0.06773,20.68916,15.6638,36.49783,1,2.76899,7.001194052,80.91665345
2013,0,random_negative,none,,cv,FALSE,0,59_60,,,,21.33346,62.04383,14.9271,2.19904,5.05604,1.25505,0.06146,3.76823,13.29658,21.52492,2,0.87864,6.841266292,80.56705332
2014,0,random_negative,none,,cv,FALSE,0,58_59,,,,21.0938,63.01401,14.03002,2.38331,5.08868,1.26975,0.05803,4.95381,12.84192,22.08408,2,2.63877,6.816642969,80.55098181
2015,0,random_negative,none,,cv,FALSE,1,61_69,,,,24.32415,55.58229,19.09662,1.4931,5.37536,1.24804,0.06483,2.70221,14.21937,26.04917,2,2.21985,7.080739344,80.64433645
2016,0,random_negative,none,,cv,FALSE,2,58_69,,,,22.85606,59.90221,16.21119,1.61048,5.24425,1.28671,0.06569,1.03523,12.57353,22.62432,2,1.51184,7.067737466,80.54349679
2017,0,random_negative,none,,cv,FALSE,0,60_64,,,,19.73889,63.73645,15.51224,2.20835,5.12578,1.21255,0.06515,1.6333,13.67026,19.71799,3,1.47052,6.937952196,80.59436128
2018,0,random_negative,none,,cv,FALSE,2,56_60,,,,21.04246,63.80059,13.56089,2.43108,4.97254,1.2619,0.05255,5.86524,11.99888,24.1802,1,3.58312,6.825218342,80.49936927
2019,0,random_negative,none,,cv,FALSE,4,68_73,,,,20.44406,60.54408,17.6947,1.27519,5.68088,1.32146,0.05565,9.50033,13.96468,28.72697,3,1.3653,7.172812113,80.8206792
2020,0,random_negative,none,,cv,FALSE,2,62_59,,,,24.19642,56.28868,18.07993,2.35323,5.14188,1.21631,0.06258,3.7345,14.01314,25.31829,1,1.35659,6.804851679,80.66691049
2021,0,random_negative,none,,cv,FALSE,3,64_66,,,,25.40331,53.19602,20.52848,2.25405,5.28524,1.17903,0.0674,3.27057,15.42278,27.44769,1,1.39195,7.009499412,80.71305215
2022,0,random_negative,none,,cv,FALSE,0,70_73,,,,15.57557,66.83942,16.1185,0.98927,5.81641,1.37464,0.05504,12.42585,13.50112,26.79443,3,4.31952,7.182322307,80.87004324
2023,0,random_negative,none,,cv,FALSE,4,67_66,,,,24.54327,52.63778,21.31378,2.25108,5.29399,1.15922,0.06816,8.47186,15.84629,31.638,1,0.56511,7.007198575,80.79366632
2024,0,random_negative,none,,cv,FALSE,1,57_62,,,,20.47202,64.05925,13.93963,2.19391,5.0489,1.26022,0.05889,3.53523,13.3914,21.4395,4,0.95475,6.880791048,80.53159112
2025,0,random_negative,none,,cv,FALSE,1,72_68,,,,16.89113,62.62784,18.13708,2.02749,5.54527,1.24836,0.06272,16.25704,15.51543,31.91845,2,8.8138,7.058268882,80.94507186
2026,0,random_negative,none,,cv,FALSE,1,68_65,,,,24.87164,51.98947,21.66307,2.29329,5.26489,1.14341,0.0708,8.2054,15.85118,31.8608,1,0.40181,6.972264904,80.81715631
2027,0,random_negative,none,,cv,FALSE,2,73_72,,,,13.14684,69.85617,15.16166,0.98602,5.83555,1.3869,0.05659,14.36763,13.48979,26.37076,4,5.61231,7.14983788,80.95772793
2028,0,random_negative,none,,cv,FALSE,0,60_67,,,,23.30285,57.85428,17.79266,2.21879,5.29302,1.21002,0.06694,1.93991,14.60911,23.80422,2,4.24988,7.029976912,80.61909899
2029,0,random_negative,none,,cv,FALSE,3,63_61,,,,25.79665,53.6193,19.78384,2.24224,5.21782,1.1848,0.06481,1.71563,14.55503,25.75791,1,3.93374,6.850697153,80.68441385
2030,0,random_negative,none,,cv,FALSE,4,69_72,,,,17.65514,63.68869,17.15911,1.24489,5.73933,1.32968,0.05564,11.17422,14.08474,27.57842,4,2.94092,7.163848791,80.85251258
2031,0,random_negative,none,,cv,FALSE,4,65_65,,,,27.13216,49.97375,22.01589,2.34451,5.28454,1.14137,0.07078,3.58337,15.79304,29.68754,1,1.35051,6.962139658,80.75531483
2032,0,random_negative,none,,cv,FALSE,4,67_66,,,,25.18258,51.95171,21.52571,2.26309,5.28812,1.15471,0.06854,7.3191,15.84555,31.20479,1,1.50176,6.99107617,80.7832267
2033,0,random_negative,none,,cv,FALSE,2,70_67,,,,18.28763,58.94856,19.99414,2.16986,5.43989,1.18031,0.0672,21.01882,15.39716,37.94783,1,3.1558,7.015973468,80.87487624
2034,0,random_negative,none,,cv,FALSE,0,63_62,,,,27.82201,50.43233,21.44918,2.24739,5.21494,1.17145,0.06644,0.77669,14.56211,27.50355,2,4.09525,6.878228049,80.69601315
2035,0,random_negative,none,,cv,FALSE,0,61_65,,,,23.75323,57.01651,18.61806,2.23703,5.18546,1.18695,0.06564,0.98096,14.58529,23.50142,2,3.41739,6.964874771,80.64289038
2036,0,random_negative,none,,cv,FALSE,0,58_59,,,,21.16879,62.87737,14.04426,2.47689,5.09727,1.26944,0.05601,5.21494,12.8131,22.28974,2,2.92854,6.808383268,80.54629331
2037,0,random_negative,none,,cv,FALSE,2,64_58,,,,24.25245,55.30177,19.00518,2.27315,5.22891,1.2315,0.06526,4.14368,13.95788,26.53806,1,1.74498,6.77551007,80.71513396
2038,0,random_negative,none,,cv,FALSE,1,68_66,,,,23.70112,53.4328,21.28198,2.26171,5.2832,1.15709,0.06805,9.78861,15.68387,32.39563,2,1.94371,7.003792717,80.81082903
2039,0,random_negative,none,,cv,FALSE,0,66_75,,,,24.97457,57.74622,15.76812,1.17446,5.6238,1.32002,0.05289,6.66534,13.69296,30.567,,1.96282,7.234722537,80.77095078
2040,0,random_negative,none,,cv,FALSE,1,68_67,,,,21.1712,56.8385,20.02554,2.16311,5.44154,1.18443,0.06559,12.66331,15.39127,32.56833,2,2.40646,7.024114802,80.82902956
2041,0,random_negative,none,,cv,FALSE,1,63_69,,,,24.43523,55.30139,19.2141,1.51346,5.34542,1.24945,0.06162,4.09946,13.96449,27.34866,2,0.62096,7.080889357,80.68555034
2042,0,random_negative,none,,cv,FALSE,1,62_67,,,,25.12547,54.38983,19.54617,2.21846,5.31825,1.18709,0.06543,2.88469,14.69115,26.59798,4,5.3964,7.023919801,80.67131284
2043,0,random_negative,none,,cv,FALSE,0,66_75,,,,25.27857,58.62036,14.8587,0.9536,5.81158,1.37416,0.05271,6.87397,12.4694,31.26132,3,0.75815,7.247609339,80.77356518
2044,0,random_negative,none,,cv,FALSE,1,71_66,,,,17.11635,60.29111,19.75341,2.0495,5.46845,1.20077,0.06773,20.68916,15.6638,36.49783,1,2.70079,6.998575339,80.91412889
2045,0,random_negative,none,,cv,FALSE,2,72_73,,,,13.79335,69.1188,15.42687,0.98531,5.83841,1.38645,0.05558,13.8361,13.49104,26.48327,2,2.74588,7.175554663,80.92436568
2046,0,random_negative,none,,cv,FALSE,2,58_62,,,,20.62306,63.70853,14.15696,2.2005,5.05452,1.26186,0.05919,3.43152,13.39378,21.44654,2,1.89115,6.88274857,80.54403491
2047,0,random_negative,none,,cv,FALSE,0,55_65,,,,20.17453,64.46976,13.9354,2.02877,5.09442,1.26358,0.06007,3.19716,12.65613,21.72142,1,1.85552,6.963265388,80.46877109
2048,0,random_negative,none,,cv,FALSE,1,55_63,,,,20.18177,64.43037,13.95618,2.075,5.07557,1.2904,0.05918,3.10816,12.66065,21.34617,3,2.40669,6.919433909,80.47027338
2049,0,random_negative,none,,cv,FALSE,1,66_65,,,,27.01344,49.96761,22.06689,2.34736,5.28097,1.13985,0.07132,3.97068,15.79455,29.95306,2,0.26075,6.968197305,80.76846181
2050,0,random_negative,none,,cv,FALSE,2,64_58,,,,24.42772,55.16009,19.02424,2.27442,5.21802,1.20807,0.06517,3.89686,13.9575,26.39002,2,1.21876,6.784123564,80.71022515
2051,0,random_negative,none,,cv,FALSE,2,62_66,,,,25.62717,53.79531,19.81824,2.28875,5.27736,1.1808,0.06547,2.40272,14.80912,26.71626,2,4.27255,6.988637001,80.67017455
2052,0,random_negative,none,,cv,FALSE,2,63_65,,,,25.82895,53.22478,20.4308,2.27802,5.27513,1.17187,0.06698,1.71002,15.42003,26.4643,3,3.56183,6.980267247,80.68102661
2053,0,random_negative,none,,cv,FALSE,2,69_66,,,,20.51442,57.0258,20.33314,2.07272,5.45254,1.16795,0.06908,13.76578,15.20992,33.13895,2,4.41991,6.98474005,80.8571831
2054,0,random_negative,none,,cv,FALSE,0,70_73,,,,15.19801,67.49242,15.93791,0.98697,5.83181,1.38038,0.05442,12.52668,13.49703,26.57457,,4.38355,7.189971934,80.881599
2055,0,random_negative,none,,cv,FALSE,2,60_61,,,,22.97111,59.22889,16.42787,2.29484,5.0669,1.23587,0.06342,3.0873,13.65611,23.23707,2,1.85816,6.86276846,80.60745418
2056,0,random_negative,none,,cv,FALSE,0,70_73,,,,14.92944,67.66973,15.90751,0.98754,5.82514,1.37957,0.05503,12.99084,13.49707,26.74422,,3.71629,7.186281853,80.88928115
2057,0,random_negative,none,,cv,FALSE,2,69_67,,,,20.52753,57.57856,19.80143,2.15013,5.45687,1.19002,0.06496,13.91472,15.39088,33.12336,2,1.24171,7.035663673,80.84029494
2058,0,random_negative,none,,cv,FALSE,0,59_60,,,,21.94236,60.93743,15.49168,2.21033,5.06251,1.24707,0.06231,3.53535,13.3015,21.8904,2,1.70005,6.838009008,80.58862627
2059,0,random_negative,none,,cv,FALSE,3,64_60,,,,25.73108,52.66224,20.58053,2.30019,5.18411,1.18105,0.06903,2.4787,13.96551,26.73067,2,0.86489,6.827569675,80.72743794
2060,0,random_negative,none,,cv,FALSE,3,66_63,,,,29.99749,45.90256,23.75689,2.22556,5.24616,1.13981,0.0714,1.25977,14.85285,30.667,1,3.69331,6.9208887,80.76361595
2061,0,random_negative,none,,cv,FALSE,4,67_60,,,,26.94661,47.11832,25.37293,2.25245,5.22494,1.16479,0.07825,-3.49714,14.09327,23.02992,1,3.54507,6.833143424,80.80199362
2062,0,random_negative,none,,cv,FALSE,3,67_61,,,,26.68704,49.19637,23.29156,2.20981,5.25918,1.16536,0.07684,0.33068,14.69006,26.24286,2,0.64833,6.865055822,80.79193485
2063,0,random_negative,none,,cv,FALSE,4,55_64,,,,20.08281,64.56347,13.92941,2.06682,5.08113,1.24908,0.05929,3.09821,12.65993,21.30338,2,2.04406,6.929084146,80.47704329
2064,0,random_negative,none,,cv,FALSE,2,62_58,,,,23.67903,57.10041,17.59594,2.25039,5.21984,1.25204,0.06112,4.46377,13.9483,25.44461,1,3.67315,6.780669916,80.66677647
2065,0,random_negative,none,,cv,FALSE,1,68_72,,,,19.39637,61.39027,17.78721,1.2582,5.69683,1.32401,0.05637,9.57684,14.38656,27.71567,3,2.37023,7.158282375,80.82846302
2066,0,random_negative,none,,cv,FALSE,2,70_67,,,,18.13054,59.21321,19.88167,2.15853,5.45253,1.18504,0.06638,21.28707,15.39593,38.03347,1,3.11213,7.016952681,80.87495921
2067,0,random_negative,none,,cv,FALSE,3,63_61,,,,26.22921,52.61003,20.4187,2.25419,5.21487,1.17823,0.0666,1.55165,14.5589,26.26128,1,2.43818,6.849896657,80.6979393
2068,0,random_negative,none,,cv,FALSE,3,64_60,,,,25.96309,52.77342,20.419,2.26126,5.21462,1.17537,0.06747,1.70127,14.55962,26.13797,2,1.26546,6.839565927,80.71371556
2069,0,random_negative,none,,cv,FALSE,4,65_65,,,,27.13216,49.97375,22.01589,2.34451,5.28454,1.14137,0.07078,3.58337,15.79304,29.68754,1,1.52303,6.965062129,80.75297661
2070,0,random_negative,none,,cv,FALSE,2,64_58,,,,24.42772,55.16009,19.02424,2.27442,5.21802,1.20807,0.06517,3.89686,13.9575,26.39002,2,0.84783,6.783587146,80.70677889
2071,0,random_negative,none,,cv,FALSE,0,63_66,,,,25.72519,53.16145,20.48581,2.27068,5.27771,1.17392,0.06716,2.18353,15.42099,26.79448,4,4.42465,6.988844096,80.69487161
2072,0,random_negative,none,,cv,FALSE,2,63_58,,,,23.92848,56.43058,18.10243,2.25811,5.2219,1.24515,0.06241,4.3674,13.95156,25.93054,2,2.11195,6.775535293,80.68142307
2073,0,random_negative,none,,cv,FALSE,1,57_62,,,,20.17237,64.45999,13.87486,2.18674,5.05445,1.26084,0.05904,3.44179,13.39053,21.18793,2,1.9783,6.889847118,80.52749261
2074,0,random_negative,none,,cv,FALSE,0,55_66,,,,19.44413,65.4583,13.73009,1.56166,5.21119,1.29724,0.06125,3.34835,12.12644,21.27729,1,0.72684,7.007486578,80.48153396
2075,0,random_negative,none,,cv,FALSE,0,72_70,,,,15.33513,66.00468,16.7232,1.30184,5.68103,1.33085,0.05861,14.76188,13.7502,28.93313,3,10.3536,7.106485315,80.93461689
2076,0,random_negative,none,,cv,FALSE,0,66_72,,,,23.11629,55.98436,19.35516,1.52724,5.46965,1.25859,0.05563,7.91034,14.22581,29.37105,2,5.43464,7.146415675,80.76617142
2077,0,random_negative,none,,cv,FALSE,0,60_57,,,,22.22053,60.56878,15.30424,2.44559,5.18915,1.28398,0.05638,5.15511,13.6805,23.51057,3,3.26761,6.764447622,80.60536621
2078,0,random_negative,none,,cv,FALSE,0,66_59,,,,25.65883,51.14043,22.14063,2.23462,5.24454,1.1822,0.07457,1.34548,14.08788,25.90337,1,4.14671,6.818366485,80.77416424
2079,0,random_negative,none,,cv,FALSE,0,62_61,,,,25.30185,54.81839,19.13804,2.21994,5.22669,1.19716,0.0623,1.57822,14.55058,25.01215,2,1.03112,6.870779126,80.65138771
2080,0,random_negative,none,,cv,FALSE,1,71_71,,,,15.65482,65.41071,17.08869,1.31408,5.70181,1.32627,0.05739,14.35158,13.86723,28.81692,2,7.80118,7.12958291,80.91572215
2081,0,random_negative,none,,cv,FALSE,0,63_60,,,,25.11614,54.22758,19.58867,2.25579,5.21724,1.1925,0.06614,2.27969,14.55542,25.56694,1,2.40684,6.826627837,80.69848651
2082,0,random_negative,none,,cv,FALSE,1,68_65,,,,22.92756,54.59123,20.69811,2.2192,5.39065,1.15596,0.07017,10.03608,15.56118,31.66566,1,1.78911,6.974670497,80.83550287
2083,0,random_negative,none,,cv,FALSE,0,59_60,,,,22.43938,60.34299,15.35146,2.27098,5.0889,1.24842,0.06057,4.18912,13.42483,22.58157,3,1.21691,6.837583962,80.58427538
2084,0,random_negative,none,,cv,FALSE,4,65_70,,,,24.39558,53.739,20.27525,2.10391,5.35187,1.22107,0.06115,7.31206,14.57974,29.89069,2,0.97575,7.095342414,80.74249744
2085,0,random_negative,none,,cv,FALSE,3,64_61,,,,26.80567,51.58373,20.99787,2.25848,5.21352,1.17167,0.06757,1.26183,14.5619,26.7599,2,1.49332,6.8613665,80.71270402
2086,0,random_negative,none,,cv,FALSE,4,66_70,,,,23.26308,54.84448,20.00308,1.51113,5.39772,1.25821,0.05821,9.40262,14.16452,30.5572,2,2.91373,7.113236525,80.77280821
2087,0,random_negative,none,,cv,FALSE,4,64_63,,,,29.3094,48.19432,22.55508,2.24084,5.21915,1.16523,0.06689,0.32774,14.56675,28.96624,1,2.57205,6.911156438,80.71364487
2088,0,random_negative,none,,cv,FALSE,2,70_67,,,,18.28763,58.94856,19.99414,2.16986,5.43989,1.18031,0.0672,21.01882,15.39716,37.94783,1,3.51955,7.012503856,80.87661169
2089,0,random_negative,none,,cv,FALSE,2,73_72,,,,13.06086,70.14366,15.01705,0.98399,5.84929,1.39089,0.05602,14.14361,13.48723,26.08229,3,3.99527,7.164809981,80.95819552
2090,0,random_negative,none,,cv,FALSE,3,60_60,,,,23.03461,59.19635,16.06433,2.2812,5.09337,1.24011,0.06153,3.95336,13.43,23.29928,3,3.26358,6.831549873,80.60245831
2091,0,random_negative,none,,cv,FALSE,2,66_64,,,,28.79585,47.20504,23.43042,2.25452,5.30369,1.14718,0.07364,2.14042,15.60979,30.23049,2,2.19239,6.932063831,80.77154564
2092,0,random_negative,none,,cv,FALSE,4,68_73,,,,19.15443,62.15682,17.43161,1.26021,5.73742,1.33668,0.05399,10.1705,13.82006,28.16651,2,0.49556,7.183973267,80.83182447
2093,0,random_negative,none,,cv,FALSE,0,60_64,,,,20.7807,62.12273,16.18024,2.21653,5.12416,1.20692,0.06559,1.49464,13.6737,20.66762,1,0.58596,6.933213521,80.60922311
2094,0,random_negative,none,,cv,FALSE,2,60_61,,,,22.97111,59.22889,16.42787,2.29484,5.0669,1.23587,0.06342,3.0873,13.65611,23.23707,2,2.10953,6.860429666,80.60770968
2095,0,random_negative,none,,cv,FALSE,1,58_60,,,,20.99847,63.10595,14.10555,2.38028,5.08465,1.26844,0.05831,4.82269,12.84199,22.06343,3,2.4951,6.822778498,80.5526806
2096,0,random_negative,none,,cv,FALSE,2,69_73,,,,18.93659,62.15958,17.57079,1.26383,5.72645,1.33455,0.05446,10.95233,13.8202,28.6992,2,0.81602,7.175612573,80.83727066
2097,0,random_negative,none,,cv,FALSE,3,64_66,,,,24.77448,53.33288,20.99778,2.27773,5.30557,1.17898,0.06472,4.54231,15.64803,28.02576,1,1.51397,7.008387055,80.72725803
2098,0,random_negative,none,,cv,FALSE,0,66_61,,,,26.89064,49.11591,23.22636,2.20958,5.25798,1.16576,0.07626,0.28474,14.68954,26.3701,1,1.6603,6.864012877,80.78182727
2099,0,random_negative,none,,cv,FALSE,3,65_59,,,,25.47446,52.84196,20.57912,2.30171,5.1948,1.18278,0.06955,2.59293,13.96617,26.6182,1,2.77193,6.818206658,80.74213046
2100,0,random_negative,none,,cv,FALSE,2,70_72,,,,16.37316,64.76108,17.17562,1.30807,5.71523,1.32846,0.05625,13.24792,13.86757,28.40299,2,7.03798,7.146028291,80.88518976
2101,0,random_negative,none,,cv,FALSE,4,65_61,,,,27.37996,49.31493,22.59425,2.28757,5.27037,1.1455,0.07297,0.8628,15.33478,27.24988,2,1.67572,6.864149892,80.75542716
2102,0,random_negative,none,,cv,FALSE,2,62_66,,,,25.62717,53.79531,19.81824,2.28875,5.27736,1.1808,0.06547,2.40272,14.80912,26.71626,2,4.72302,6.992692031,80.6687251
2103,0,random_negative,none,,cv,FALSE,0,62_60,,,,24.82742,55.187,18.89614,2.23865,5.21973,1.19491,0.06382,2.31579,14.55106,24.98063,3,2.43205,6.83264292,80.66777648
2104,0,random_negative,none,,cv,FALSE,1,71_66,,,,17.56574,60.06684,19.67696,2.05794,5.46105,1.19894,0.06834,18.45373,15.66378,34.76509,1,2.00142,6.989638221,80.91466791
2105,0,random_negative,none,,cv,FALSE,2,56_60,,,,21.17941,63.49234,13.7049,2.51458,4.98439,1.27379,0.05381,5.73353,11.77638,24.02988,2,2.42548,6.82213721,80.51101347
2106,0,random_negative,none,,cv,FALSE,1,58_58,,,,20.92038,63.84272,13.40606,2.47083,5.11242,1.28197,0.0544,6.61871,11.7893,23.95581,1,5.7941,6.778479327,80.53927603
2107,0,random_negative,none,,cv,FALSE,1,67_67,,,,24.39439,52.93116,21.29801,2.24445,5.30008,1.16626,0.06651,8.00359,15.67835,31.29514,4,1.42227,7.011009047,80.78403351
2108,0,random_negative,none,,cv,FALSE,1,68_67,,,,21.37599,56.7789,19.94522,2.1507,5.45349,1.1903,0.06457,11.91178,15.38899,31.97446,2,3.4519,7.030463318,80.81875834
2109,0,random_negative,none,,cv,FALSE,2,59_62,,,,21.58337,61.54567,15.67729,2.23646,5.07149,1.24145,0.06196,2.37843,14.12471,21.65473,2,1.90906,6.892955158,80.59141788
2110,0,random_negative,none,,cv,FALSE,0,60_64,,,,21.82103,60.51346,16.85585,2.22491,5.1219,1.19238,0.06603,1.34248,13.67719,21.61855,1,1.7785,6.937560661,80.61921559
2111,0,random_negative,none,,cv,FALSE,3,68_61,,,,26.05402,50.10442,22.78781,2.19858,5.26577,1.16831,0.07697,1.69247,14.69164,26.92355,,1.35962,6.868814374,80.81156346
2112,0,random_negative,none,,cv,FALSE,4,66_67,,,,24.03682,53.76318,20.97667,2.25952,5.30796,1.18522,0.0646,6.60006,15.65069,29.157,1,3.94393,7.032727576,80.75747694
2113,0,random_negative,none,,cv,FALSE,4,69_72,,,,17.58946,63.35367,17.44655,1.30743,5.71371,1.32437,0.0558,11.795,13.8719,28.08443,1,3.78073,7.149083744,80.84653933
2114,0,random_negative,none,,cv,FALSE,3,68_61,,,,25.88826,49.98887,23.1018,2.20829,5.26679,1.16527,0.07762,0.56185,14.68933,25.66755,1,2.35411,6.854185613,80.81172099
2115,0,random_negative,none,,cv,FALSE,2,63_58,,,,23.74994,56.72782,17.92801,2.25388,5.22945,1.25079,0.06181,4.63705,13.95057,26.01407,1,1.9296,6.771054751,80.6850116
2116,0,random_negative,none,,cv,FALSE,0,65_60,,,,26.37721,50.63686,22.03033,2.21854,5.31468,1.17669,0.07324,1.21734,14.93992,26.41257,1,2.19999,6.830458649,80.75373627
2117,0,random_negative,none,,cv,FALSE,4,63_67,,,,25.05619,54.47916,19.46331,2.20598,5.32721,1.19209,0.0653,3.00746,14.69005,26.61963,3,5.16756,7.029407579,80.67418371
2118,0,random_negative,none,,cv,FALSE,4,62_65,,,,24.55708,55.73567,19.17297,2.24475,5.1813,1.18207,0.06613,0.95554,14.5883,24.34047,2,2.82057,6.968339006,80.65225829
2119,0,random_negative,none,,cv,FALSE,2,72_73,,,,13.72519,69.36076,15.32496,0.98348,5.85065,1.39023,0.05502,13.63798,13.48865,26.24334,2,1.83722,7.183779941,80.92639863
2120,0,random_negative,none,,cv,FALSE,3,72_67,,,,16.8371,61.34152,19.09455,2.06676,5.47377,1.22259,0.06591,20.07616,15.52609,35.59878,4,6.019,7.034407988,80.92843022
2121,0,random_negative,none,,cv,FALSE,1,54_63,,,,19.93172,66.0974,12.55373,2.09573,4.94895,1.26461,0.05544,4.84769,11.59088,23.07804,1,3.11616,6.919340395,80.43707042
2122,0,random_negative,none,,cv,FALSE,3,64_68,,,,24.38394,53.90803,20.57409,2.15696,5.30458,1.20739,0.06358,5.66168,15.3056,28.80775,2,4.34164,7.058904261,80.72529403
2123,0,random_negative,none,,cv,FALSE,4,66_62,,,,28.12186,48.3739,22.9326,2.28025,5.27039,1.14265,0.07254,0.8903,15.33718,28.14274,2,3.32288,6.878408005,80.75980147
2124,0,random_negative,none,,cv,FALSE,4,65_61,,,,27.35147,50.09843,21.9758,2.27349,5.21232,1.15872,0.07054,0.97955,14.56846,27.31504,2,2.73249,6.870915753,80.73683426
2125,0,random_negative,none,,cv,FALSE,1,68_68,,,,21.17733,56.93526,20.23665,2.11405,5.41851,1.21245,0.0636,11.3019,15.18565,31.19533,2,2.12053,7.048667576,80.82676967
2126,0,random_negative,none,,cv,FALSE,3,64_60,,,,25.82042,53.191,20.12797,2.25532,5.21543,1.17938,0.06652,1.79145,14.55777,25.97739,4,1.87366,6.845577612,80.70363463
2127,0,random_negative,none,,cv,FALSE,1,60_65,,,,18.37939,65.61128,14.96508,2.27169,5.15325,1.22147,0.06388,1.87209,13.422,18.8972,2,1.42393,6.975927372,80.59778208
2128,0,random_negative,none,,cv,FALSE,0,61_61,,,,23.8126,57.67641,17.22541,2.29015,5.08785,1.22429,0.0626,3.37468,13.43548,24.44423,2,1.5917,6.85571581,80.62822395
2129,0,random_negative,none,,cv,FALSE,0,63_60,,,,25.41041,54.16718,19.49655,2.24354,5.21797,1.18766,0.06475,1.97161,14.55399,25.49422,3,3.70441,6.83893428,80.6790564
2130,0,random_negative,none,,cv,FALSE,4,58_61,,,,21.11095,62.91237,14.43735,2.21448,5.05393,1.25789,0.05941,3.42763,13.39708,21.71831,3,1.71115,6.870191599,80.54589968
2131,0,random_negative,none,,cv,FALSE,0,61_65,,,,22.87075,58.40583,18.02935,2.22928,5.18964,1.19196,0.06514,1.02072,14.58224,22.60249,3,3.88388,6.960810339,80.63312561
2132,0,random_negative,none,,cv,FALSE,3,66_58,,,,24.95695,52.73284,21.04426,2.21816,5.2676,1.19384,0.07216,2.75193,14.0838,26.3634,3,3.20013,6.792589898,80.76190424
2133,0,random_negative,none,,cv,FALSE,4,67_60,,,,26.07837,49.26952,23.76161,2.24454,5.23816,1.17247,0.07736,-0.90061,14.09148,24.46713,1,2.56468,6.82398867,80.80166438
2134,0,random_negative,none,,cv,FALSE,0,56_58,,,,20.35046,65.21468,12.80339,2.6389,4.99147,1.27394,0.0508,5.65709,11.6551,23.00363,1,4.80191,6.791762444,80.51132895
2135,0,random_negative,none,,cv,FALSE,0,67_59,,,,25.61656,50.62388,22.70676,2.23743,5.24803,1.1766,0.07596,0.63151,14.08923,25.31777,1,2.21175,6.813495657,80.79163547
2136,0,random_negative,none,,cv,FALSE,3,60_66,,,,20.60207,61.97569,16.43814,2.27014,5.22294,1.20471,0.06315,1.44776,14.32613,20.72695,3,1.78038,6.999989332,80.61000186
2137,0,random_negative,none,,cv,FALSE,2,70_67,,,,18.13054,59.21321,19.88167,2.15853,5.45253,1.18504,0.06638,21.28707,15.39593,38.03347,1,3.79275,7.022517387,80.88350308
2138,0,random_negative,none,,cv,FALSE,3,64_65,,,,26.75268,51.33839,21.23345,2.31323,5.31859,1.15111,0.0674,2.43938,15.78432,28.11731,3,4.68224,6.971354122,80.70910149
2139,0,random_negative,none,,cv,FALSE,3,70_66,,,,18.41516,58.78122,20.14454,2.03265,5.42663,1.18968,0.06825,19.45625,15.18581,36.56734,1,4.41104,7.006025257,80.88190983
2140,0,random_negative,none,,cv,FALSE,3,57_66,,,,19.34635,65.35863,14.11568,2.14251,5.1555,1.26607,0.06406,1.73279,12.79061,19.62855,2,3.32126,6.999041891,80.51233611
2141,0,random_negative,none,,cv,FALSE,0,62_61,,,,25.4746,54.42345,19.31492,2.22842,5.22264,1.19424,0.06314,1.67821,14.55191,25.26703,2,2.52091,6.864600628,80.66681967
2142,0,random_negative,none,,cv,FALSE,0,62_61,,,,24.99699,55.24994,18.87817,2.22247,5.22537,1.20723,0.06237,1.82312,14.54979,24.77431,2,1.64272,6.865358074,80.65251089
2143,0,random_negative,none,,cv,FALSE,3,64_67,,,,25.18044,53.48036,20.38307,2.24145,5.29502,1.18451,0.06713,3.51482,15.42184,27.41614,1,1.11346,7.018327186,80.71006174
2144,0,random_negative,none,,cv,FALSE,4,59_58,,,,21.97304,61.58833,14.18334,2.41209,5.1225,1.25947,0.05776,5.06027,13.02984,21.6975,4,4.3556,6.787543749,80.58041033
2145,0,random_negative,none,,cv,FALSE,2,61_66,,,,22.60805,58.72014,17.84025,2.30309,5.21039,1.1868,0.06409,1.58667,14.3348,22.9038,2,3.6173,6.99420174,80.63071507
2146,0,random_negative,none,,cv,FALSE,3,61_63,,,,24.82827,56.11904,18.4247,2.26567,5.14055,1.20077,0.06334,1.07998,14.78239,24.36555,1,1.71582,6.911432858,80.63294573
2147,0,random_negative,none,,cv,FALSE,4,62_65,,,,24.20063,56.17354,18.99143,2.2337,5.18917,1.18707,0.0662,1.18004,14.58743,24.17655,2,3.2674,6.97612885,80.65619253
2148,0,random_negative,none,,cv,FALSE,0,56_65,,,,19.93767,64.54376,14.13048,2.03131,5.11825,1.26234,0.0608,2.8394,12.65826,21.15568,2,1.93448,6.969890556,80.48428833
2149,0,random_negative,none,,cv,FALSE,2,69_66,,,,20.40003,57.38933,20.02796,2.17392,5.43256,1.17929,0.06677,14.79402,15.39441,33.94045,1,2.49018,7.007481664,80.84982225
2150,0,random_negative,none,,cv,FALSE,4,59_65,,,,16.99989,67.75681,14.13813,2.28213,5.14305,1.2194,0.06328,1.92229,13.42041,17.47169,3,3.84728,6.957542832,80.58311173
2151,0,random_negative,none,,cv,FALSE,3,66_63,,,,29.84068,46.10449,23.69846,2.2325,5.24421,1.13907,0.07179,1.04531,14.85234,30.27482,2,4.99954,6.906002863,80.76923495
2152,0,random_negative,none,,cv,FALSE,2,64_62,,,,27.76727,50.0282,21.80884,2.25896,5.21328,1.16414,0.0684,0.88795,14.56588,27.63841,2,3.63486,6.882681426,80.72352526
2153,0,random_negative,none,,cv,FALSE,1,54_63,,,,19.93172,66.0974,12.55373,2.09573,4.94895,1.26461,0.05544,4.84769,11.59088,23.07804,1,3.04328,6.918936538,80.43930827
2154,0,random_negative,none,,cv,FALSE,2,62_66,,,,25.62717,53.79531,19.81824,2.28875,5.27736,1.1808,0.06547,2.40272,14.80912,26.71626,3,4.43947,6.990041182,80.67291378
2155,0,random_negative,none,,cv,FALSE,1,63_59,,,,24.96685,54.62908,19.19956,2.27648,5.19088,1.20125,0.06505,3.22549,13.95709,26.16123,2,3.29267,6.813793675,80.68756091
2156,0,random_negative,none,,cv,FALSE,3,63_61,,,,27.21361,51.25242,21.0703,2.25021,5.21459,1.17339,0.06655,1.0531,14.56107,27.01516,2,2.77203,6.866132317,80.7008019
2157,0,random_negative,none,,cv,FALSE,3,57_59,,,,20.83965,63.46163,13.9069,2.36592,5.09381,1.26932,0.05749,5.08241,11.893,22.26939,2,1.72066,6.816128259,80.53786223
2158,0,random_negative,none,,cv,FALSE,4,57_63,,,,19.45738,65.4211,13.68519,2.17174,5.06651,1.2714,0.05938,3.26349,13.38873,20.5549,2,0.43995,6.911445588,80.52771556
2159,0,random_negative,none,,cv,FALSE,3,61_63,,,,23.11343,58.54383,17.67268,2.18442,5.14037,1.22286,0.06255,1.06555,14.11709,22.67996,1,0.55441,6.924944709,80.62082899
2160,0,random_negative,none,,cv,FALSE,4,60_59,,,,23.21381,58.91938,15.95758,2.28704,5.10515,1.24082,0.06158,4.32747,13.43208,23.43602,2,2.01773,6.808386678,80.6174623
2161,0,random_negative,none,,cv,FALSE,3,68_61,,,,25.88826,49.98887,23.1018,2.20829,5.26679,1.16527,0.07762,0.56185,14.68933,25.66755,1,2.38935,6.855961393,80.81442282
2162,0,random_negative,none,,cv,FALSE,1,60_68,,,,24.09686,57.11183,17.91144,2.06102,5.35293,1.21901,0.06803,-0.34943,13.8129,22.37529,2,4.79381,7.053133434,80.61405619
2163,0,random_negative,none,,cv,FALSE,4,68_73,,,,17.97347,63.98199,16.74041,1.00988,5.79264,1.37354,0.05409,11.00582,13.24177,27.79823,,1.23143,7.190694348,80.83071984
2164,0,random_negative,none,,cv,FALSE,0,56_58,,,,21.02293,63.61519,13.655,2.63277,4.98654,1.27632,0.05019,5.93682,11.65314,24.10076,1,4.81044,6.792252759,80.50070402
2165,0,random_negative,none,,cv,FALSE,3,72_69,,,,17.38425,62.51622,17.80779,2.08186,5.5714,1.24167,0.06186,16.46754,15.40673,32.58791,2,10.54036,7.078097501,80.93237371
2166,0,random_negative,none,,cv,FALSE,0,65_60,,,,26.39025,50.54404,22.23615,2.20423,5.26391,1.16991,0.07386,0.77319,14.68471,26.05848,2,1.37338,6.838818893,80.75540969
2167,0,random_negative,none,,cv,FALSE,1,68_67,,,,23.19649,54.10439,21.00541,2.23635,5.30176,1.16785,0.06665,10.57071,15.68193,32.54519,2,3.02982,7.021441147,80.81274247
2168,0,random_negative,none,,cv,FALSE,3,64_66,,,,25.67279,52.8506,20.69505,2.26673,5.27562,1.17346,0.06768,2.99619,15.42374,27.49792,2,2.18879,7.003802955,80.70861264
2169,0,random_negative,none,,cv,FALSE,1,57_58,,,,20.46234,64.26971,13.42864,2.38117,5.08345,1.28424,0.05211,6.45104,11.37952,23.54299,1,4.68687,6.772634519,80.52596111
2170,0,random_negative,none,,cv,FALSE,3,66_63,,,,29.17242,46.98114,23.44832,2.25853,5.27924,1.14232,0.07131,1.23167,15.34138,29.71526,1,4.23006,6.918063101,80.75892907
2171,0,random_negative,none,,cv,FALSE,3,57_59,,,,20.75447,64.37431,13.14439,2.46376,5.10111,1.28154,0.05451,5.38469,11.78756,22.70112,3,3.60108,6.797819021,80.53399425
2172,0,random_negative,none,,cv,FALSE,2,61_66,,,,22.60805,58.72014,17.84025,2.30309,5.21039,1.1868,0.06409,1.58667,14.3348,22.9038,2,3.92147,6.995166861,80.63334067
2173,0,random_negative,none,,cv,FALSE,0,61_61,,,,24.2438,56.90888,17.65755,2.296,5.08806,1.21938,0.06315,3.21356,13.43827,24.89703,2,2.18342,6.85149372,80.63688776
2174,0,random_negative,none,,cv,FALSE,4,60_59,,,,22.72511,59.67316,15.74336,2.44757,5.17887,1.24352,0.05837,4.46058,13.68459,23.11601,2,0.99395,6.795195938,80.61219175
2175,0,random_negative,none,,cv,FALSE,1,60_63,,,,22.13587,60.41122,16.52307,2.23713,5.08355,1.23237,0.06287,1.88627,14.12955,22.18387,3,2.28543,6.904588213,80.60622031
2176,0,random_negative,none,,cv,FALSE,1,68_65,,,,22.92756,54.59123,20.69811,2.2192,5.39065,1.15596,0.07017,10.03608,15.56118,31.66566,1,1.7749,6.972892912,80.83580055
2177,0,random_negative,none,,cv,FALSE,3,63_61,,,,26.22921,52.61003,20.4187,2.25419,5.21487,1.17823,0.0666,1.55165,14.5589,26.26128,3,2.1774,6.853592824,80.70062927
2178,0,random_negative,none,,cv,FALSE,3,64_59,,,,25.0347,53.98048,19.7705,2.28776,5.20154,1.19471,0.06716,3.19265,13.96149,26.50814,2,2.778,6.805299454,80.71541481
2179,0,random_negative,none,,cv,FALSE,4,69_72,,,,19.91235,60.09373,18.55332,1.45452,5.62428,1.28885,0.05538,10.27933,15.04652,28.94181,,3.69684,7.147401879,80.84016804
2180,0,random_negative,none,,cv,FALSE,0,66_73,,,,21.72487,59.44564,17.40407,1.34666,5.69788,1.3098,0.05435,6.86555,13.88259,27.29808,1,5.54428,7.190445689,80.78202549
2181,0,random_negative,none,,cv,FALSE,4,65_63,,,,29.17242,46.98114,23.44832,2.25853,5.27924,1.14232,0.07131,1.23167,15.34138,29.71526,1,4.3683,6.920960439,80.75319967
2182,0,random_negative,none,,cv,FALSE,2,59_62,,,,21.11591,62.07796,15.39931,2.17978,5.13274,1.24876,0.06158,2.73306,14.10766,21.07925,2,0.58771,6.874935321,80.5783878
2183,0,random_negative,none,,cv,FALSE,2,62_59,,,,24.2235,56.70873,17.64804,2.34946,5.13819,1.2218,0.06221,3.78208,14.01191,25.25882,1,0.59482,6.813626377,80.65242935
2184,0,random_negative,none,,cv,FALSE,0,62_60,,,,24.54941,55.60054,18.6596,2.23913,5.21995,1.19813,0.06365,2.55621,14.55003,24.83306,2,2.13191,6.827410424,80.67064973
2185,0,random_negative,none,,cv,FALSE,0,59_63,,,,20.49526,63.22896,15.04664,2.2062,5.08802,1.24807,0.06073,2.67719,13.40134,21.07138,2,1.56614,6.913101478,80.57538282
2186,0,random_negative,none,,cv,FALSE,3,71_69,,,,18.05963,61.6916,18.09901,2.15586,5.55999,1.2362,0.06054,15.69951,15.72637,32.47916,4,8.6739,7.086587154,80.90925451
2187,0,random_negative,none,,cv,FALSE,3,60_58,,,,22.37268,60.20495,15.58634,2.44815,5.18917,1.28066,0.05693,5.1142,13.68228,23.85629,2,2.35136,6.769024659,80.61911788
2188,0,random_negative,none,,cv,FALSE,3,65_58,,,,24.86478,53.87736,19.98557,2.29186,5.21454,1.19315,0.0683,3.27761,13.96362,26.57252,1,3.8979,6.790699122,80.73360029
2189,0,random_negative,none,,cv,FALSE,0,59_60,,,,21.33346,62.04383,14.9271,2.19904,5.05604,1.25505,0.06146,3.76823,13.29658,21.52492,2,1.02038,6.844007338,80.56811943
2190,0,random_negative,none,,cv,FALSE,1,70_71,,,,16.76531,64.01817,17.45708,1.31407,5.69365,1.32168,0.05701,13.35028,13.87146,28.84503,,7.28802,7.134818628,80.87947843
2191,0,random_negative,none,,cv,FALSE,1,57_58,,,,20.25096,64.6669,13.28128,2.3768,5.07704,1.28641,0.05148,6.61899,11.37751,23.69869,1,4.88091,6.780857895,80.52170964
2192,0,random_negative,none,,cv,FALSE,3,65_66,,,,25.90272,51.73974,21.23204,2.30208,5.31695,1.16079,0.06869,4.58613,15.78921,29.25217,1,3.09999,6.988987398,80.74342389
2193,0,random_negative,none,,cv,FALSE,4,65_61,,,,26.93092,50.92927,21.49799,2.27036,5.21243,1.1641,0.06958,1.15119,14.56558,26.92006,2,1.95882,6.862495893,80.7325624
2194,0,random_negative,none,,cv,FALSE,3,64_60,,,,25.11614,54.22758,19.58867,2.25579,5.21724,1.1925,0.06614,2.27969,14.55542,25.56694,1,1.78914,6.824094235,80.70492934
2195,0,random_negative,none,,cv,FALSE,4,67_73,,,,21.75862,59.05998,17.69304,1.35043,5.68113,1.30737,0.05499,7.2651,13.88331,27.65882,1,5.01612,7.179283216,80.78561224
2196,0,random_negative,none,,cv,FALSE,4,60_59,,,,23.03944,59.33023,15.66178,2.28227,5.10074,1.24227,0.06136,4.2328,13.42986,22.88193,,3.27213,6.815200318,80.6037574
2197,0,random_negative,none,,cv,FALSE,4,65_72,,,,22.93425,57.21753,18.41122,1.51177,5.53771,1.26803,0.05487,5.20963,14.22252,26.72076,1,5.51826,7.167800643,80.74527365
2198,0,random_negative,none,,cv,FALSE,1,68_65,,,,25.07357,51.66764,21.80024,2.21832,5.32033,1.13921,0.07351,6.96997,15.61451,30.93271,1,0.60865,6.967418986,80.8151347
2199,0,random_negative,none,,cv,FALSE,0,60_64,,,,20.35393,62.89574,15.7426,2.21836,5.11829,1.24065,0.0653,1.62392,13.67143,20.21,2,0.68148,6.93184954,80.59913875
2200,0,random_negative,none,,cv,FALSE,4,62_69,,,,24.43685,55.47082,19.0893,1.51125,5.34595,1.25119,0.06199,3.69332,13.9626,26.99562,2,0.44027,7.082769509,80.67286326
2201,0,random_negative,none,,cv,FALSE,2,62_58,,,,23.11565,58.48943,16.83928,2.45986,5.18388,1.25546,0.05979,4.69041,13.69043,25.00461,1,4.09896,6.774990401,80.65350105
2202,0,random_negative,none,,cv,FALSE,1,57_58,,,,20.46234,64.26971,13.42864,2.38117,5.08345,1.28424,0.05211,6.45104,11.37952,23.54299,1,5.34396,6.773311384,80.53245569
2203,0,random_negative,none,,cv,FALSE,2,59_62,,,,20.59222,63.27052,14.81676,2.20668,5.0789,1.25152,0.06033,2.89327,13.39956,21.19386,2,0.56496,6.896507271,80.56626895
2204,0,random_negative,none,,cv,FALSE,4,67_60,,,,26.63665,48.31851,24.28625,2.25098,5.21606,1.16328,0.07816,-1.32701,14.0942,24.70304,1,3.10038,6.844302792,80.80827567
2205,0,random_negative,none,,cv,FALSE,0,66_75,,,,22.07332,61.21569,15.57588,1.06116,5.80423,1.34218,0.05338,6.31417,13.63218,27.49205,2,1.65461,7.235053019,80.78068731
2206,0,random_negative,none,,cv,FALSE,3,72_69,,,,17.38425,62.51622,17.80779,2.08186,5.5714,1.24167,0.06186,16.46754,15.40673,32.58791,2,10.2067,7.07495067,80.93930633
2207,0,random_negative,none,,cv,FALSE,1,68_68,,,,20.75477,57.39598,20.13863,2.11488,5.42139,1.2119,0.06366,12.08331,15.18663,31.57223,1,1.86739,7.049913966,80.83145368
2208,0,random_negative,none,,cv,FALSE,3,60_60,,,,23.04185,59.25548,15.86599,2.2819,5.0971,1.24201,0.06147,4.09149,13.42996,23.09352,2,3.43053,6.824727698,80.60209177
2209,0,random_negative,none,,cv,FALSE,3,64_59,,,,25.33088,53.50548,20.0349,2.29162,5.19241,1.19005,0.06766,2.90001,13.96261,26.57583,1,1.95327,6.812420248,80.71827757
2210,0,random_negative,none,,cv,FALSE,0,61_60,,,,23.66719,57.96212,16.86805,2.29189,5.09547,1.22823,0.0625,3.71502,13.43522,24.19693,1,3.94688,6.833003792,80.62817175
2211,0,random_negative,none,,cv,FALSE,2,59_61,,,,21.37393,62.19217,15.00335,2.23568,5.05684,1.24992,0.06108,2.85649,14.12033,21.45265,2,0.41473,6.867820368,80.56694613
2212,0,random_negative,none,,cv,FALSE,1,57_62,,,,20.29689,64.14292,14.08882,2.19322,5.06024,1.26243,0.05932,3.33523,13.3929,21.17941,2,1.57878,6.885374637,80.53610227
2213,0,random_negative,none,,cv,FALSE,3,66_63,,,,29.58545,46.49131,23.48271,2.21745,5.24961,1.14136,0.07099,1.92076,14.85328,30.85467,2,3.18425,6.924644154,80.76634172
2214,0,random_negative,none,,cv,FALSE,3,64_68,,,,24.55216,53.89422,20.56803,2.16705,5.29752,1.20354,0.06389,4.94932,15.30506,28.41368,2,3.62962,7.052636483,80.71650055
2215,0,random_negative,none,,cv,FALSE,2,69_73,,,,17.57668,64.44074,16.69604,1.00881,5.79621,1.37583,0.05393,11.5464,13.23984,27.95531,2,1.9251,7.191214448,80.84398084
2216,0,random_negative,none,,cv,FALSE,4,73_70,,,,16.64799,63.95815,17.03153,1.90376,5.65929,1.27272,0.06168,15.25522,14.70628,30.59772,3,10.7402,7.095345175,80.94807287
2217,0,random_negative,none,,cv,FALSE,3,71_69,,,,17.83798,61.78858,18.12434,2.16496,5.55107,1.23267,0.06134,16.38308,15.72788,32.94374,4,9.18605,7.078019727,80.91785185
2218,0,random_negative,none,,cv,FALSE,2,62_59,,,,24.19642,56.28868,18.07993,2.35323,5.14188,1.21631,0.06258,3.7345,14.01314,25.31829,1,0.75348,6.806767533,80.66041939
2219,0,random_negative,none,,cv,FALSE,1,67_67,,,,23.54609,53.78101,21.06616,2.23486,5.3042,1.16919,0.0664,9.77249,15.68039,32.1076,2,2.30877,7.019697114,80.8045646
2220,0,random_negative,none,,cv,FALSE,2,68_71,,,,20.98376,58.97023,18.54925,1.51274,5.55312,1.2805,0.056,9.81549,14.85984,29.48142,,4.78666,7.136324668,80.83307476
2221,0,random_negative,none,,cv,FALSE,2,64_62,,,,28.53448,49.48292,21.87811,2.24404,5.21571,1.16985,0.06627,0.46807,14.56311,28.08185,2,4.5081,6.88681384,80.70247574
2222,0,random_negative,none,,cv,FALSE,2,66_60,,,,26.42403,50.17666,22.57939,2.20888,5.26194,1.17015,0.07482,0.42549,14.68559,25.83926,2,2.32524,6.838196058,80.76741118
2223,0,random_negative,none,,cv,FALSE,0,66_61,,,,27.74062,48.85904,22.75803,2.28423,5.2701,1.14386,0.07278,0.87709,15.33601,27.68519,2,2.20423,6.867998557,80.75857162
2224,0,random_negative,none,,cv,FALSE,4,64_64,,,,29.18639,47.81721,22.69304,2.28287,5.27079,1.15621,0.06754,1.62755,15.45309,30.03096,2,3.14641,6.931205114,80.72844832
2225,0,random_negative,none,,cv,FALSE,0,60_67,,,,23.30285,57.85428,17.79266,2.21879,5.29302,1.21002,0.06694,1.93991,14.60911,23.80422,2,3.40269,7.026713282,80.61212263
2226,0,random_negative,none,,cv,FALSE,1,71_71,,,,15.77222,65.61029,16.91206,1.30559,5.72756,1.3333,0.05611,13.59582,13.8641,28.196,2,6.3447,7.144301999,80.90621023
2227,0,random_negative,none,,cv,FALSE,2,67_71,,,,22.0391,57.1759,19.30158,2.11766,5.47512,1.24376,0.05889,9.39915,15.66938,29.99444,2,6.08294,7.128780991,80.80985787
2228,0,random_negative,none,,cv,FALSE,0,66_61,,,,26.68237,50.45356,22.10106,2.28969,5.21379,1.16725,0.07271,0.819,14.56968,26.48209,2,1.06956,6.85605667,80.75754538
2229,0,random_negative,none,,cv,FALSE,0,60_64,,,,19.19801,64.53958,15.2693,2.30138,5.13357,1.21697,0.06379,1.82424,13.42472,19.48081,2,1.80961,6.943186931,80.59533838
2230,0,random_negative,none,,cv,FALSE,4,68_73,,,,20.31473,60.98535,17.47139,1.27041,5.69668,1.325,0.05503,9.15297,13.96345,28.31055,4,1.23905,7.184022401,80.82073767
2231,0,random_negative,none,,cv,FALSE,1,63_59,,,,24.79879,55.05374,18.90261,2.3646,5.13664,1.20504,0.0644,3.31806,14.0175,25.93457,3,2.80902,6.812826565,80.68319336
2232,0,random_negative,none,,cv,FALSE,2,64_58,,,,24.42772,55.16009,19.02424,2.27442,5.21802,1.20807,0.06517,3.89686,13.9575,26.39002,2,1.41669,6.788007489,80.71000469
2233,0,random_negative,none,,cv,FALSE,3,60_66,,,,21.08047,61.18322,16.8162,2.28735,5.21583,1.19664,0.06327,1.47635,14.32932,21.23771,4,2.36313,6.994084357,80.61914805
2234,0,random_negative,none,,cv,FALSE,2,59_61,,,,21.51546,61.38119,15.7558,2.18609,5.13541,1.24432,0.06197,2.5996,14.11029,21.3869,2,1.12566,6.870904238,80.58457324
2235,0,random_negative,none,,cv,FALSE,2,69_70,,,,20.01794,59.41866,18.9673,2.04465,5.52821,1.24554,0.05854,11.09779,15.17859,29.77816,2,4.51203,7.109611603,80.83979781
2236,0,random_negative,none,,cv,FALSE,3,72_69,,,,17.54196,62.16093,17.99881,2.08429,5.56167,1.23793,0.06203,16.69944,15.40863,32.96,3,9.62433,7.077634967,80.92291273
2237,0,random_negative,none,,cv,FALSE,4,65_70,,,,24.2863,54.02452,20.08314,2.0918,5.36765,1.22569,0.06064,7.13447,14.57866,29.59565,3,1.58484,7.107510508,80.73778029
2238,0,random_negative,none,,cv,FALSE,0,63_66,,,,25.89169,52.75738,20.70063,2.27514,5.27179,1.17077,0.06755,2.42119,15.42288,27.20143,3,3.91065,6.992885309,80.69727659
2239,0,random_negative,none,,cv,FALSE,3,61_63,,,,24.43841,56.59807,18.44329,2.20132,5.12894,1.20682,0.06294,0.83242,14.12094,23.81058,1,1.36559,6.919656645,80.63235302
2240,0,random_negative,none,,cv,FALSE,1,70_68,,,,18.935,59.17779,19.45601,2.13647,5.47946,1.19591,0.0645,17.60239,15.39197,35.16771,2,2.84295,7.040775052,80.87336425
2241,0,random_negative,none,,cv,FALSE,4,67_65,,,,25.56429,51.14092,21.96073,2.21873,5.32001,1.13901,0.07319,6.25775,15.61332,30.74296,1,0.94528,6.967160114,80.79997852
2242,0,random_negative,none,,cv,FALSE,3,61_63,,,,23.11343,58.54383,17.67268,2.18442,5.14037,1.22286,0.06255,1.06555,14.11709,22.67996,1,1.06175,6.924447112,80.62851551
2243,0,random_negative,none,,cv,FALSE,4,65_61,,,,27.35147,50.09843,21.9758,2.27349,5.21232,1.15872,0.07054,0.97955,14.56846,27.31504,2,2.67194,6.86922829,80.73464105
2244,0,random_negative,none,,cv,FALSE,3,57_59,,,,20.42897,64.90752,13.02939,2.62713,5.00861,1.27166,0.05574,5.20289,12.25298,22.5019,2,2.16041,6.813214,80.52187526
2245,0,random_negative,none,,cv,FALSE,3,68_62,,,,25.63469,50.74421,22.42751,2.18845,5.27038,1.17116,0.07671,2.69147,14.69287,27.45595,1,2.1624,6.877865808,80.81816942
2246,0,random_negative,none,,cv,FALSE,1,70_68,,,,17.88643,60.06299,19.35826,2.1348,5.48768,1.19699,0.0646,20.45436,15.39324,36.9458,3,4.28369,7.038824556,80.8877549
2247,0,random_negative,none,,cv,FALSE,3,63_64,,,,30.5474,46.71407,22.98692,2.26805,5.28208,1.15725,0.06513,0.40121,15.4491,30.40418,1,0.20941,6.928610445,80.69871251
2248,0,random_negative,none,,cv,FALSE,2,70_67,,,,18.13054,59.21321,19.88167,2.15853,5.45253,1.18504,0.06638,21.28707,15.39593,38.03347,1,3.06989,7.018903463,80.87547062
2249,0,random_negative,none,,cv,FALSE,2,71_72,,,,14.37048,68.27178,15.73669,0.98732,5.8246,1.38114,0.05561,13.60432,13.4952,26.79655,2,3.81884,7.168737514,80.90530982
2250,0,random_negative,none,,cv,FALSE,3,67_62,,,,28.36959,47.46501,23.5488,2.17321,5.27637,1.14241,0.07613,1.1776,15.03047,28.9286,1,3.00573,6.898796706,80.79753955
2251,0,random_negative,none,,cv,FALSE,2,62_58,,,,23.28582,58.20172,16.9982,2.46057,5.17919,1.22742,0.06031,4.44456,13.69142,24.91744,2,2.81396,6.787778852,80.65478977
2252,0,random_negative,none,,cv,FALSE,1,61_69,,,,24.55912,56.11014,18.415,1.49581,5.42118,1.24959,0.06525,0.4961,13.45535,23.66078,2,4.71196,7.064197152,80.62687105
2253,0,random_negative,none,,cv,FALSE,1,63_59,,,,24.79879,55.05374,18.90261,2.3646,5.13664,1.20504,0.0644,3.31806,14.0175,25.93457,3,2.25212,6.813307586,80.67815422
2254,0,random_negative,none,,cv,FALSE,3,60_60,,,,23.04185,59.25548,15.86599,2.2819,5.0971,1.24201,0.06147,4.09149,13.42996,23.09352,2,3.70402,6.82070398,80.60570023
2255,0,random_negative,none,,cv,FALSE,2,58_62,,,,20.59222,63.27052,14.81676,2.20668,5.0789,1.25152,0.06033,2.89327,13.39956,21.19386,2,0.57501,6.898732875,80.56495358
2256,0,random_negative,none,,cv,FALSE,0,61_62,,,,23.951,57.54012,17.61042,2.27212,5.12578,1.21258,0.06361,1.84454,14.49268,23.9549,1,2.68404,6.896506019,80.62610129
2257,0,random_negative,none,,cv,FALSE,2,58_62,,,,20.7097,63.27957,14.60339,2.20709,5.06929,1.2549,0.05992,3.1103,13.39787,21.34613,2,2.08889,6.885547299,80.5578286
2258,0,random_negative,none,,cv,FALSE,1,56_66,,,,19.34635,65.35863,14.11568,2.14251,5.1555,1.26607,0.06406,1.73279,12.79061,19.62855,1,3.25795,6.998124696,80.51121751
2259,0,random_negative,none,,cv,FALSE,3,61_68,,,,23.92797,56.85671,18.14993,2.21436,5.29425,1.21252,0.06696,2.10712,14.61025,24.59555,3,5.14669,7.040677939,80.62292721
2260,0,random_negative,none,,cv,FALSE,2,69_67,,,,20.03966,58.01386,19.73794,2.1496,5.45903,1.19001,0.06512,15.14329,15.3918,33.85586,2,0.59059,7.027836065,80.85488734
2261,0,random_negative,none,,cv,FALSE,0,68_70,,,,20.42829,58.63983,19.28799,2.0543,5.50573,1.24059,0.05948,11.04698,15.17933,30.07825,2,3.33268,7.099884681,80.83390223
2262,0,random_negative,none,,cv,FALSE,4,60_62,,,,22.70368,59.68487,16.58651,2.25147,5.07199,1.2311,0.06274,2.05535,14.13058,22.6004,2,1.86006,6.894003088,80.60722074
2263,0,random_negative,none,,cv,FALSE,4,67_65,,,,25.7031,51.15271,21.88991,2.292,5.26839,1.14247,0.07024,6.77816,15.8484,31.31418,2,0.91346,6.978022276,80.79576651
2264,0,random_negative,none,,cv,FALSE,3,63_61,,,,27.05643,51.68513,20.79351,2.24422,5.21613,1.1775,0.06562,1.07989,14.55909,26.80212,2,4.02306,6.872593566,80.69146837
2265,0,random_negative,none,,cv,FALSE,3,64_60,,,,25.96309,52.77342,20.419,2.26126,5.21462,1.17537,0.06747,1.70127,14.55962,26.13797,2,1.22883,6.838767755,80.71316892
2266,0,random_negative,none,,cv,FALSE,2,55_67,,,,19.99261,64.57443,14.07886,1.55377,5.22066,1.32568,0.06252,3.22086,12.12705,21.75217,2,1.63025,7.027902259,80.48245703
2267,0,random_negative,none,,cv,FALSE,2,71_72,,,,14.13392,68.45266,15.69603,0.98817,5.81854,1.38001,0.05619,13.97929,13.49549,26.92322,3,4.22404,7.162488834,80.91277836
2268,0,random_negative,none,,cv,FALSE,4,68_73,,,,17.97347,63.98199,16.74041,1.00988,5.79264,1.37354,0.05409,11.00582,13.24177,27.79823,2,1.23531,7.189465774,80.83620551
2269,0,random_negative,none,,cv,FALSE,4,65_63,,,,28.90101,47.55399,23.15212,2.25429,5.28223,1.14495,0.07057,1.31718,15.34021,29.47151,2,4.95127,6.921761497,80.74522697
2270,0,random_negative,none,,cv,FALSE,4,67_60,,,,26.1289,49.84677,23.12329,2.24424,5.23303,1.17243,0.07621,-0.01918,14.09036,25.22615,1,3.18396,6.820918823,80.78636211
2271,0,random_negative,none,,cv,FALSE,2,62_58,,,,23.67903,57.10041,17.59594,2.25039,5.21984,1.25204,0.06112,4.46377,13.9483,25.44461,2,3.92002,6.776352784,80.66472464
2272,0,random_negative,none,,cv,FALSE,1,68_65,,,,23.39372,53.67582,21.2793,2.23249,5.3332,1.15542,0.0711,9.21706,15.67962,31.38673,3,1.72329,6.968427726,80.83551684
2273,0,random_negative,none,,cv,FALSE,0,63_66,,,,26.08961,52.69584,20.6923,2.2829,5.26867,1.16839,0.06739,1.88947,15.42197,26.91881,3,4.28396,6.984113261,80.68837537
2274,0,random_negative,none,,cv,FALSE,4,65_61,,,,27.35147,50.09843,21.9758,2.27349,5.21232,1.15872,0.07054,0.97955,14.56846,27.31504,2,2.54873,6.86882161,80.73668868
2275,0,random_negative,none,,cv,FALSE,1,54_63,,,,20.1368,65.53875,12.90094,2.12259,4.95809,1.2955,0.05571,4.61989,11.59506,22.84923,3,2.1606,6.903406068,80.45690567
2276,0,random_negative,none,,cv,FALSE,3,65_59,,,,25.52536,52.51696,20.8617,2.30668,5.19644,1.17924,0.07053,2.38984,13.96791,26.5611,1,2.99005,6.815446824,80.74280037
2277,0,random_negative,none,,cv,FALSE,4,65_70,,,,23.8222,54.3185,20.14801,1.53635,5.4248,1.25365,0.05725,8.34165,14.22363,30.24156,2,1.98164,7.116876695,80.74396749
2278,0,random_negative,none,,cv,FALSE,0,66_61,,,,27.17384,48.8773,23.20649,2.20481,5.2578,1.16555,0.07591,0.63781,14.69062,27.02211,1,1.46221,6.869731337,80.78260971
2279,0,random_negative,none,,cv,FALSE,1,68_64,,,,26.25116,50.23866,22.35708,2.15769,5.29856,1.12693,0.07539,4.94957,15.00728,30.30112,1,1.3399,6.936398515,80.81628518
2280,0,random_negative,none,,cv,FALSE,0,66_59,,,,25.64965,51.45107,21.82532,2.23159,5.24412,1.18472,0.07374,1.7282,14.08702,26.18035,2,3.83332,6.818825883,80.76516952
2281,0,random_negative,none,,cv,FALSE,3,65_59,,,,25.30672,52.31941,21.19799,2.22249,5.2554,1.19362,0.07222,2.45985,14.08463,26.40359,1,4.54515,6.802809413,80.7552312
2282,0,random_negative,none,,cv,FALSE,3,71_69,,,,18.31291,61.28818,18.26514,2.15775,5.5516,1.23371,0.06066,15.58039,15.72744,32.59526,4,7.51048,7.087140694,80.89813614
2283,0,random_negative,none,,cv,FALSE,2,55_67,,,,19.71154,65.0257,13.90195,1.5577,5.21593,1.32438,0.06187,3.28848,12.12673,21.51297,2,1.04316,7.022961835,80.4789645
2284,0,random_negative,none,,cv,FALSE,1,58_60,,,,20.99847,63.10595,14.10555,2.38028,5.08465,1.26844,0.05831,4.82269,12.84199,22.06343,,2.0219,6.827056222,80.54939687
2285,0,random_negative,none,,cv,FALSE,0,70_73,,,,15.61252,66.59798,16.21899,0.99071,5.80433,1.37143,0.05566,12.68639,13.50314,27.04774,2,4.76183,7.173795842,80.87375701
2286,0,random_negative,none,,cv,FALSE,3,65_58,,,,23.82425,54.71538,19.97718,2.24248,5.37715,1.21752,0.06826,4.09468,15.24256,26.26292,2,3.49228,6.770593716,80.74841218
2287,0,random_negative,none,,cv,FALSE,0,65_60,,,,25.85569,51.96958,21.166,2.31087,5.18644,1.17362,0.07105,2.07176,13.96914,26.64064,2,3.17308,6.821086747,80.74728884
2288,0,random_negative,none,,cv,FALSE,1,60_68,,,,23.64225,57.37707,17.91385,2.20864,5.29684,1.21554,0.06711,1.92716,14.6083,24.13154,2,3.95472,7.037819876,80.61188735
2289,0,random_negative,none,,cv,FALSE,2,62_59,,,,24.17798,56.17007,18.19901,2.26115,5.20608,1.21673,0.06274,3.90702,13.9517,25.60954,1,2.04225,6.798857535,80.66960316
2290,0,random_negative,none,,cv,FALSE,1,68_65,,,,25.07357,51.66764,21.80024,2.21832,5.32033,1.13921,0.07351,6.96997,15.61451,30.93271,1,0.82666,6.962810414,80.81795014
2291,0,random_negative,none,,cv,FALSE,3,64_60,,,,25.59299,53.31476,20.14444,2.26167,5.21561,1.17873,0.06729,1.93383,14.55841,25.9051,2,1.29594,6.833917536,80.70894916
2292,0,random_negative,none,,cv,FALSE,2,55_67,,,,20.76083,63.25043,14.5534,1.48169,5.15527,1.31073,0.06073,3.90912,12.29844,23.17018,4,1.73213,7.01050157,80.45753365
2293,0,random_negative,none,,cv,FALSE,0,61_65,,,,22.87075,58.40583,18.02935,2.22928,5.18964,1.19196,0.06514,1.02072,14.58224,22.60249,2,4.26457,6.9673997,80.63054398
2294,0,random_negative,none,,cv,FALSE,1,70_69,,,,20.33629,58.31325,19.31201,2.18749,5.48952,1.21463,0.06151,14.33414,16.03778,33.33722,2,3.92658,7.07650546,80.8674627
2295,0,random_negative,none,,cv,FALSE,0,61_61,,,,24.08506,56.79729,18.15611,2.20804,5.23303,1.2161,0.06083,1.93303,14.54615,23.82812,1,0.65272,6.869907888,80.63590544
2296,0,random_negative,none,,cv,FALSE,4,69_68,,,,20.70352,57.3457,19.83476,2.2124,5.44673,1.2016,0.06353,14.9228,16.04194,34.28411,1,3.07508,7.060707511,80.86048225
2297,0,random_negative,none,,cv,FALSE,0,72_70,,,,15.11939,66.20889,16.74877,1.18119,5.71919,1.33078,0.05877,14.79393,13.76648,28.75246,1,9.47468,7.114511013,80.94427311
2298,0,random_negative,none,,cv,FALSE,3,72_69,,,,17.53543,61.88809,18.18971,2.09583,5.54396,1.23174,0.06293,17.35993,15.41169,33.6005,2,9.29233,7.067879311,80.92508278
2299,0,random_negative,none,,cv,FALSE,1,70_69,,,,20.33629,58.31325,19.31201,2.18749,5.48952,1.21463,0.06151,14.33414,16.03778,33.33722,2,4.07065,7.073810727,80.86945488
2300,0,random_negative,none,,cv,FALSE,1,63_63,,,,30.5474,46.71407,22.98692,2.26805,5.28208,1.15725,0.06513,0.40121,15.4491,30.40418,1,0.33455,6.928144118,80.69760902
2301,0,random_negative,none,,cv,FALSE,3,67_61,,,,26.68704,49.19637,23.29156,2.20981,5.25918,1.16536,0.07684,0.33068,14.69006,26.24286,2,1.20085,6.858586518,80.79635963
2302,0,random_negative,none,,cv,FALSE,1,70_71,,,,18.03405,62.68843,17.68838,1.48653,5.63516,1.30059,0.05496,12.25289,14.41019,29.06831,2,6.88924,7.135043894,80.87466432
2303,0,random_negative,none,,cv,FALSE,3,59_64,,,,15.0455,70.65791,13.09573,2.27335,5.14424,1.22515,0.06285,2.00398,13.41722,15.62912,2,3.80358,6.9525522,80.57903867
2304,0,random_negative,none,,cv,FALSE,4,58_64,,,,15.24074,70.83961,12.61224,2.25327,5.13045,1.23645,0.06239,2.25725,13.40961,15.95565,3,2.40667,6.951702319,80.54580074
2305,0,random_negative,none,,cv,FALSE,2,66_60,,,,26.42403,50.17666,22.57939,2.20888,5.26194,1.17015,0.07482,0.42549,14.68559,25.83926,4,1.94683,6.842460437,80.76591804
2306,0,random_negative,none,,cv,FALSE,2,71_68,,,,17.71443,61.28723,18.54085,2.18735,5.51562,1.2201,0.06323,18.12809,15.73324,34.53384,3,7.68319,7.057352083,80.91393107
2307,0,random_negative,none,,cv,FALSE,0,66_61,,,,27.05619,49.4066,22.82639,2.20457,5.25909,1.15356,0.0747,0.54808,14.6881,26.68396,2,2.24388,6.857990292,80.76866276
2308,0,random_negative,none,,cv,FALSE,2,72_73,,,,13.23888,69.98606,15.07276,0.98313,5.85414,1.39201,0.05552,13.93641,13.48682,26.05989,2,3.09195,7.172743304,80.94375731
2309,0,random_negative,none,,cv,FALSE,0,61_62,,,,24.32234,56.5511,18.35894,2.2205,5.20112,1.21184,0.06317,1.23943,14.76952,23.72697,2,2.46213,6.893971932,80.6326532
2310,0,random_negative,none,,cv,FALSE,2,64_62,,,,27.82201,50.43233,21.44918,2.24739,5.21494,1.17145,0.06644,0.77669,14.56211,27.50355,2,4.27099,6.884290608,80.70221541
2311,0,random_negative,none,,cv,FALSE,2,60_69,,,,24.43865,56.35093,18.30314,1.4943,5.41889,1.25173,0.06567,0.39294,13.45431,23.45119,3,3.82366,7.068048758,80.61247993
2312,0,random_negative,none,,cv,FALSE,2,58_62,,,,20.59222,63.27052,14.81676,2.20668,5.0789,1.25152,0.06033,2.89327,13.39956,21.19386,2,0.86891,6.894478604,80.56440561
2313,0,random_negative,none,,cv,FALSE,4,64_63,,,,29.3094,48.19432,22.55508,2.24084,5.21915,1.16523,0.06689,0.32774,14.56675,28.96624,2,3.05877,6.905639165,80.71311175
2314,0,random_negative,none,,cv,FALSE,1,57_58,,,,20.25096,64.6669,13.28128,2.3768,5.07704,1.28641,0.05148,6.61899,11.37751,23.69869,1,4.70237,6.776631444,80.52329038
2315,0,random_negative,none,,cv,FALSE,4,66_67,,,,23.89437,53.67936,21.1749,2.27789,5.28513,1.17362,0.06582,7.33597,15.65472,29.81498,2,2.28119,7.021796248,80.77533245
2316,0,random_negative,none,,cv,FALSE,4,59_58,,,,22.29678,61.14228,14.548,2.37591,5.15821,1.29041,0.05732,5.10836,12.3003,23.21821,2,4.6821,6.768480522,80.58340748
2317,0,random_negative,none,,cv,FALSE,2,63_65,,,,27.47915,51.11488,21.30532,2.31382,5.24884,1.15649,0.06763,0.64643,15.42314,27.2563,2,1.29298,6.957562097,80.67892487
2318,0,random_negative,none,,cv,FALSE,1,68_65,,,,22.92756,54.59123,20.69811,2.2192,5.39065,1.15596,0.07017,10.03608,15.56118,31.66566,1,1.34308,6.976137247,80.83048952
2319,0,random_negative,none,,cv,FALSE,3,64_59,,,,25.2506,53.82907,19.87639,2.26144,5.21686,1.18864,0.06704,2.17846,14.55717,25.72157,2,1.83366,6.819391517,80.707249
2320,0,random_negative,none,,cv,FALSE,2,65_69,,,,23.95236,53.63439,20.79597,2.13764,5.31449,1.21478,0.06281,8.18301,15.30792,30.35406,4,2.97113,7.073432812,80.7540156
2321,0,random_negative,none,,cv,FALSE,2,61_58,,,,22.96382,58.86767,16.55196,2.45685,5.18434,1.25884,0.05918,4.74504,13.68859,24.69438,1,2.83094,6.779062686,80.64274178
2322,0,random_negative,none,,cv,FALSE,2,65_64,,,,28.08359,49.09323,22.39209,2.22595,5.32525,1.14118,0.07012,1.81693,15.60315,29.03054,4,3.79473,6.948073253,80.72919287
2323,0,random_negative,none,,cv,FALSE,0,70_73,,,,14.92944,67.66973,15.90751,0.98754,5.82514,1.37957,0.05503,12.99084,13.49707,26.74422,,3.87345,7.180824279,80.89064956
2324,0,random_negative,none,,cv,FALSE,2,72_73,,,,13.72519,69.36076,15.32496,0.98348,5.85065,1.39023,0.05502,13.63798,13.48865,26.24334,2,1.81082,7.183967115,80.92666419
2325,0,random_negative,none,,cv,FALSE,1,62_67,,,,25.05619,54.47916,19.46331,2.20598,5.32721,1.19209,0.0653,3.00746,14.69005,26.61963,3,5.68324,7.026884309,80.66902218
2326,0,random_negative,none,,cv,FALSE,2,61_66,,,,24.18834,56.27498,18.71008,2.28196,5.2594,1.18193,0.06665,2.06644,14.61923,24.8835,1,5.35729,6.997847039,80.64605983
2327,0,random_negative,none,,cv,FALSE,1,72_68,,,,16.92782,61.85801,18.66695,2.0518,5.50133,1.23321,0.06474,18.06777,15.52178,33.7236,2,6.94924,7.042614289,80.93535956
2328,0,random_negative,none,,cv,FALSE,1,68_69,,,,20.54911,58.11116,19.6444,2.07769,5.47065,1.22948,0.06117,11.58126,15.18221,30.76032,3,1.18614,7.079910749,80.834107
2329,0,random_negative,none,,cv,FALSE,0,66_61,,,,27.37996,49.31493,22.59425,2.28757,5.27037,1.1455,0.07297,0.8628,15.33478,27.24988,3,1.46444,6.859217878,80.75951393
2330,0,random_negative,none,,cv,FALSE,1,67_67,,,,24.1264,53.27499,21.14973,2.23137,5.30996,1.17208,0.06585,8.37792,15.67732,31.3204,2,1.90039,7.018192825,80.78728269
2331,0,random_negative,none,,cv,FALSE,2,60_61,,,,23.36608,58.38895,17.03335,2.25652,5.17821,1.22431,0.06148,2.63309,14.24282,23.5128,2,1.32308,6.873969328,80.6187061
2332,0,random_negative,none,,cv,FALSE,3,71_69,,,,18.05963,61.6916,18.09901,2.15586,5.55999,1.2362,0.06054,15.69951,15.72637,32.47916,4,8.25686,7.086194574,80.90545237
2333,0,random_negative,none,,cv,FALSE,2,63_65,,,,26.53761,52.12175,20.93809,2.29514,5.25968,1.16278,0.06762,1.55846,15.42298,27.0972,3,4.17051,6.978676582,80.6945151
2334,0,random_negative,none,,cv,FALSE,1,71_66,,,,19.06714,58.1772,20.30081,2.0844,5.42575,1.18246,0.06966,16.60968,15.66818,34.48188,1,1.93732,6.985393184,80.89162773
2335,0,random_negative,none,,cv,FALSE,3,71_69,,,,17.79936,61.52478,18.32832,2.17611,5.53329,1.2264,0.06229,17.17769,15.73056,33.68459,2,8.06224,7.065485202,80.91375127
2336,0,random_negative,none,,cv,FALSE,2,71_68,,,,17.93237,60.30223,19.17605,2.20417,5.47929,1.20761,0.06449,19.7528,15.73828,36.32545,2,6.15518,7.053445151,80.90053188
2337,0,random_negative,none,,cv,FALSE,1,58_60,,,,20.99847,63.10595,14.10555,2.38028,5.08465,1.26844,0.05831,4.82269,12.84199,22.06343,,2.50212,6.823321407,80.55293115
2338,0,random_negative,none,,cv,FALSE,2,62_57,,,,22.55006,59.32033,16.40768,2.41277,5.25423,1.26568,0.05834,5.70119,13.75034,25.483,1,3.65949,6.753701388,80.65689652
2339,0,random_negative,none,,cv,FALSE,4,65_65,,,,26.82231,50.8929,21.49796,2.32117,5.30731,1.15305,0.06855,3.0274,15.7876,28.76566,2,3.99246,6.969973669,80.73068529
2340,0,random_negative,none,,cv,FALSE,4,58_61,,,,20.85565,63.07166,14.52194,2.40529,5.07138,1.26048,0.05985,3.98647,13.2516,21.69834,2,1.27228,6.85592983,80.55986499
2341,0,random_negative,none,,cv,FALSE,2,55_67,,,,19.73267,65.11097,13.77078,1.55641,5.20837,1.30975,0.06186,3.48806,12.12559,21.72582,4,0.79188,7.025416256,80.4746888
2342,0,random_negative,none,,cv,FALSE,3,66_63,,,,29.99749,45.90256,23.75689,2.22556,5.24616,1.13981,0.0714,1.25977,14.85285,30.667,1,4.07135,6.91517058,80.76805519
2343,0,random_negative,none,,cv,FALSE,0,62_61,,,,25.8766,53.86618,19.61756,2.226,5.22356,1.19218,0.06307,1.40624,14.55278,25.57247,2,1.30526,6.873935852,80.66013294
2344,0,random_negative,none,,cv,FALSE,0,69_65,,,,22.49765,55.01713,20.60065,2.14008,5.45143,1.15729,0.0727,9.57265,15.32441,30.84089,2,2.11736,6.962392511,80.83758546
2345,0,random_negative,none,,cv,FALSE,3,65_66,,,,26.36034,51.31507,21.36645,2.31195,5.31187,1.1568,0.06865,3.78315,15.78841,28.98453,2,3.54642,6.985881825,80.73844701
2346,0,random_negative,none,,cv,FALSE,0,59_67,,,,20.64337,62.77977,15.62666,2.17958,5.24213,1.21575,0.06153,0.42963,13.35218,19.7544,2,0.43528,7.014767559,80.5864324
2347,0,random_negative,none,,cv,FALSE,3,67_61,,,,27.17384,48.8773,23.20649,2.20481,5.2578,1.16555,0.07591,0.63781,14.69062,27.02211,1,1.0583,6.871510631,80.78648939
2348,0,random_negative,none,,cv,FALSE,1,68_67,,,,20.97178,57.16527,19.87242,2.1505,5.45501,1.19012,0.06478,12.84912,15.38994,32.50625,1,2.32827,7.034176115,80.82934415
2349,0,random_negative,none,,cv,FALSE,2,61_58,,,,23.11811,58.60891,16.6904,2.45732,5.17995,1.24204,0.05968,4.50768,13.68952,24.5823,2,2.51564,6.785021944,80.6418626
2350,0,random_negative,none,,cv,FALSE,2,65_64,,,,29.08532,47.73343,22.7893,2.2876,5.2673,1.15357,0.06831,1.81625,15.45439,30.11076,1,3.69533,6.92868918,80.73341565
2351,0,random_negative,none,,cv,FALSE,2,63_58,,,,24.03292,56.12061,18.34116,2.26196,5.22325,1.2417,0.06309,4.31583,13.95317,26.12762,2,0.68119,6.780802503,80.69388994
2352,0,random_negative,none,,cv,FALSE,4,65_65,,,,27.75026,49.51013,22.10976,2.3504,5.28426,1.14374,0.07013,2.44435,15.79072,29.23786,2,3.30782,6.956749466,80.73842319
2353,0,random_negative,none,,cv,FALSE,3,66_63,,,,29.31049,47.00554,23.21932,2.29648,5.26083,1.14371,0.06976,1.8992,15.45695,30.4825,1,3.58254,6.924854729,80.75955672
2354,0,random_negative,none,,cv,FALSE,4,62_65,,,,26.39335,52.78386,20.47168,2.33812,5.21698,1.1587,0.06841,1.11978,15.35042,26.48638,3,1.75699,6.965888301,80.67011675
2355,0,random_negative,none,,cv,FALSE,0,61_60,,,,24.31064,56.70487,17.66997,2.30306,5.09646,1.21916,0.06356,3.46488,13.44048,25.05777,2,2.30315,6.828769418,80.64410959
2356,0,random_negative,none,,cv,FALSE,1,65_62,,,,28.69579,48.06644,22.86482,2.26146,5.27853,1.14707,0.07035,0.97386,15.33706,28.83597,1,5.40694,6.898282113,80.74227108
2357,0,random_negative,none,,cv,FALSE,1,63_63,,,,30.13979,47.36147,22.81959,2.23569,5.21928,1.16809,0.06588,-0.18855,14.56493,29.40746,1,2.27092,6.909493699,80.69888807
2358,0,random_negative,none,,cv,FALSE,3,63_64,,,,29.58379,48.68611,21.9157,2.32644,5.19503,1.17349,0.06157,0.52855,15.30322,29.51112,1,1.98363,6.93692536,80.68344043
2359,0,random_negative,none,,cv,FALSE,1,68_68,,,,20.75477,57.39598,20.13863,2.11488,5.42139,1.2119,0.06366,12.08331,15.18663,31.57223,1,1.55843,7.053017678,80.82991867
2360,0,random_negative,none,,cv,FALSE,2,69_70,,,,19.9362,59.32092,19.06709,2.08296,5.52194,1.24211,0.05955,11.55314,15.70192,30.22855,2,5.05421,7.105062411,80.85935083
2361,0,random_negative,none,,cv,FALSE,0,65_60,,,,25.79927,52.31764,20.86609,2.30553,5.18514,1.17731,0.07003,2.2983,13.96734,26.71627,1,2.56082,6.825083927,80.74264142
2362,0,random_negative,none,,cv,FALSE,1,72_71,,,,15.27241,66.12372,16.73498,1.17703,5.72857,1.33246,0.05826,14.53834,13.7658,28.64354,2,8.68592,7.121932316,80.93867783
2363,0,random_negative,none,,cv,FALSE,3,71_70,,,,17.41329,62.49891,18.30634,2.12431,5.53404,1.25437,0.06021,14.63317,15.22107,30.87946,2,8.1181,7.098342102,80.89961303
2364,0,random_negative,none,,cv,FALSE,1,71_71,,,,16.06807,65.18711,17.04767,1.30687,5.72113,1.33082,0.05618,13.44198,13.86586,28.31585,1,7.04455,7.139795689,80.89914897
2365,0,random_negative,none,,cv,FALSE,2,70_67,,,,18.94257,58.68364,19.83526,2.15972,5.44997,1.18484,0.06626,18.64302,15.39502,36.24318,2,2.20922,7.025828006,80.86955595
2366,0,random_negative,none,,cv,FALSE,0,61_61,,,,24.29083,56.40937,18.21192,2.21883,5.22684,1.21441,0.06166,2.19389,14.54692,24.09079,2,2.51734,6.850201844,80.64124323
2367,0,random_negative,none,,cv,FALSE,3,64_65,,,,27.84759,49.75966,21.9133,2.34192,5.29422,1.13728,0.06884,1.88437,15.78758,28.79405,3,3.52935,6.957687921,80.71588771
2368,0,random_negative,none,,cv,FALSE,0,61_61,,,,24.2438,56.90888,17.65755,2.296,5.08806,1.21938,0.06315,3.21356,13.43827,24.89703,2,2.33136,6.850631138,80.63833162
2369,0,random_negative,none,,cv,FALSE,2,71_68,,,,17.69523,60.71414,18.98654,2.20145,5.48819,1.2105,0.06436,19.74053,15.73719,36.08893,3,6.69719,7.045627165,80.90856815
2370,0,random_negative,none,,cv,FALSE,2,58_62,,,,20.06349,64.30195,14.22734,2.19233,5.07153,1.25962,0.05972,3.13055,13.39443,20.88102,2,1.85369,6.895799537,80.55376112
2371,0,random_negative,none,,cv,FALSE,1,57_58,,,,20.25979,64.65477,13.28832,2.64836,4.99673,1.28511,0.05108,6.43606,11.65714,23.48011,1,4.71025,6.788747979,80.52192666
2372,0,random_negative,none,,cv,FALSE,4,66_62,,,,28.81134,47.27894,23.34866,2.24694,5.24239,1.14388,0.07322,1.16196,14.85215,29.2589,2,3.31794,6.890869853,80.77482988
2373,0,random_negative,none,,cv,FALSE,2,73_69,,,,16.68141,63.63454,17.19802,1.924,5.63457,1.26471,0.06323,15.7622,14.71061,31.12868,2,9.09109,7.07505661,80.95116758
2374,0,random_negative,none,,cv,FALSE,0,58_59,,,,21.78572,61.94733,14.03059,2.40714,5.11624,1.26053,0.05759,5.01059,13.02786,21.51651,1,4.89126,6.793074445,80.56436599
2375,0,random_negative,none,,cv,FALSE,0,63_70,,,,24.31084,55.19719,19.2534,1.50715,5.36625,1.25342,0.06087,4.83198,13.96722,27.76784,2,2.61033,7.092515394,80.70003569
2376,0,random_negative,none,,cv,FALSE,4,69_71,,,,18.47695,61.86024,18.01438,1.49379,5.61163,1.29325,0.05566,12.30905,14.41426,29.51221,2,6.87002,7.122637803,80.86303471
2377,0,random_negative,none,,cv,FALSE,0,61_60,,,,23.74259,57.81389,17.04912,2.29119,5.09163,1.22613,0.06257,3.54311,13.43538,24.32148,1,3.31557,6.841432704,80.62088947
2378,0,random_negative,none,,cv,FALSE,1,68_67,,,,21.37599,56.7789,19.94522,2.1507,5.45349,1.1903,0.06457,11.91178,15.38899,31.97446,2,2.50493,7.029813595,80.82732727
2379,0,random_negative,none,,cv,FALSE,0,61_62,,,,24.9052,55.50318,18.86044,2.21088,5.23206,1.20087,0.06146,1.54397,14.54904,24.59989,3,0.96195,6.879371637,80.64131839
2380,0,random_negative,none,,cv,FALSE,3,64_60,,,,26.15976,52.02441,20.98224,2.27319,5.21389,1.16756,0.06945,1.48148,14.56322,26.30541,3,0.9663,6.846134885,80.72784137
2381,0,random_negative,none,,cv,FALSE,1,57_62,,,,20.17237,64.45999,13.87486,2.18674,5.05445,1.26084,0.05904,3.44179,13.39053,21.18793,2,1.95637,6.889702326,80.52783466
2382,0,random_negative,none,,cv,FALSE,1,65_62,,,,28.69579,48.06644,22.86482,2.26146,5.27853,1.14707,0.07035,0.97386,15.33706,28.83597,1,5.16338,6.895302664,80.73868142
2383,0,random_negative,none,,cv,FALSE,2,55_67,,,,19.99261,64.57443,14.07886,1.55377,5.22066,1.32568,0.06252,3.22086,12.12705,21.75217,2,1.39513,7.027143323,80.48040869
2384,0,random_negative,none,,cv,FALSE,3,70_66,,,,18.41516,58.78122,20.14454,2.03265,5.42663,1.18968,0.06825,19.45625,15.18581,36.56734,1,4.33865,7.005274779,80.88280764
2385,0,random_negative,none,,cv,FALSE,4,69_72,,,,19.78981,60.48601,18.35297,1.44869,5.64329,1.29312,0.05474,9.96575,15.04472,28.54408,2,3.2854,7.151298893,80.84019826
2386,0,random_negative,none,,cv,FALSE,2,69_67,,,,20.18934,57.71293,19.89166,2.16173,5.44532,1.18452,0.06596,15.09613,15.39317,33.99249,2,1.17873,7.019342631,80.84979251
2387,0,random_negative,none,,cv,FALSE,3,63_64,,,,28.62791,49.1533,22.06552,2.3443,5.2968,1.13736,0.06793,0.88201,15.78515,28.69841,2,1.83965,6.946318822,80.69676317
2388,0,random_negative,none,,cv,FALSE,4,69_68,,,,19.4395,58.98867,19.31613,2.12533,5.49198,1.20155,0.0635,15.70486,15.38957,33.7682,2,1.96767,7.046044824,80.85770071
2389,0,random_negative,none,,cv,FALSE,3,64_65,,,,27.28416,50.66552,21.50527,2.32535,5.30906,1.14552,0.06779,2.04097,15.78513,28.32332,2,4.29632,6.967022782,80.7117912
2390,0,random_negative,none,,cv,FALSE,0,60_67,,,,20.43313,62.33094,16.20936,2.25391,5.22793,1.21188,0.06318,1.37131,14.32318,20.47996,2,1.96531,7.010499679,80.59967075
2391,0,random_negative,none,,cv,FALSE,0,72_70,,,,16.81124,63.62009,17.20684,1.9625,5.61034,1.28239,0.06175,15.40879,14.52122,30.89767,2,11.30851,7.097949784,80.93661142
2392,0,random_negative,none,,cv,FALSE,4,57_63,,,,19.4715,65.55036,13.52205,2.16587,5.0594,1.25121,0.05917,3.3717,13.38647,20.68906,2,0.99458,6.904919178,80.51725637
2393,0,random_negative,none,,cv,FALSE,1,68_67,,,,21.1712,56.8385,20.02554,2.16311,5.44154,1.18443,0.06559,12.66331,15.39127,32.56833,2,2.16419,7.018115633,80.83443618
2394,0,random_negative,none,,cv,FALSE,4,66_70,,,,23.52437,53.72973,20.73549,2.10655,5.34821,1.22718,0.06106,9.99856,15.30763,31.24725,2,3.16637,7.106422696,80.77793466
2395,0,random_negative,none,,cv,FALSE,0,59_60,,,,21.33346,62.04383,14.9271,2.19904,5.05604,1.25505,0.06146,3.76823,13.29658,21.52492,2,0.52148,6.839448406,80.56973852
2396,0,random_negative,none,,cv,FALSE,3,60_58,,,,22.37268,60.20495,15.58634,2.44815,5.18917,1.28066,0.05693,5.1142,13.68228,23.85629,2,2.71002,6.765788474,80.61884102
2397,0,random_negative,none,,cv,FALSE,4,58_64,,,,18.30019,66.69504,13.65711,2.1678,5.0931,1.26796,0.06013,2.86697,13.39147,19.26811,2,3.38437,6.930374465,80.54661534
2398,0,random_negative,none,,cv,FALSE,1,68_59,,,,24.2149,52.65482,21.65472,2.18712,5.34549,1.17949,0.07626,3.02733,14.70616,26.1634,2,2.23012,6.808238096,80.82677448
2399,0,random_negative,none,,cv,FALSE,3,65_58,,,,23.82611,54.85516,19.83409,2.2406,5.37614,1.22071,0.06764,4.13004,15.24172,26.2135,3,4.30904,6.770948667,80.7410292
2400,0,random_negative,none,,cv,FALSE,3,67_61,,,,26.68704,49.19637,23.29156,2.20981,5.25918,1.16536,0.07684,0.33068,14.69006,26.24286,2,0.53842,6.864760144,80.79447002
2401,0,random_negative,none,,cv,FALSE,0,69_65,,,,22.49765,55.01713,20.60065,2.14008,5.45143,1.15729,0.0727,9.57265,15.32441,30.84089,1,2.70197,6.962159385,80.84316058
2402,0,random_negative,none,,cv,FALSE,4,55_64,,,,20.10199,64.65062,13.81913,2.05288,5.07752,1.25457,0.0592,3.23639,12.65786,21.54708,3,3.65577,6.93487658,80.463434
2403,0,random_negative,none,,cv,FALSE,4,58_64,,,,17.15355,68.0343,13.56157,2.27947,5.12034,1.26646,0.06268,2.25011,13.41432,17.646,2,3.93566,6.934605484,80.56167791
2404,0,random_negative,none,,cv,FALSE,1,72_66,,,,17.01264,60.78026,19.50923,2.10973,5.45898,1.20516,0.06817,19.26007,15.75774,35.00782,1,3.25835,7.009050824,80.92506875
2405,0,random_negative,none,,cv,FALSE,0,59_63,,,,20.48227,63.06669,15.31613,2.20574,5.09638,1.24447,0.06115,2.46898,13.40322,21.03932,2,2.36368,6.915493325,80.58473567
2406,0,random_negative,none,,cv,FALSE,0,55_66,,,,20.27642,64.13594,14.15052,1.49434,5.13776,1.27099,0.0589,3.9931,12.29797,22.68633,,1.39663,6.987057363,80.45951728
2407,0,random_negative,none,,cv,FALSE,1,63_68,,,,25.14734,54.18263,19.5866,2.19824,5.33154,1.19394,0.06539,3.39633,14.69102,27.05712,3,4.20423,7.041981698,80.67970775
2408,0,random_negative,none,,cv,FALSE,1,58_58,,,,21.19671,62.85843,14.01442,2.47132,5.1121,1.26712,0.05565,5.35799,11.79105,22.43731,3,4.6138,6.792213342,80.54847897
2409,0,random_negative,none,,cv,FALSE,3,70_66,,,,19.52227,57.90249,20.20872,2.04676,5.41348,1.18432,0.0689,16.07144,15.186,34.37735,1,4.00531,6.997364126,80.86572498
2410,0,random_negative,none,,cv,FALSE,2,63_58,,,,23.92848,56.43058,18.10243,2.25811,5.2219,1.24515,0.06241,4.3674,13.95156,25.93054,2,2.3894,6.778107618,80.6784667
2411,0,random_negative,none,,cv,FALSE,2,70_67,,,,19.11852,58.39857,19.95528,2.17135,5.43729,1.17993,0.06707,18.36049,15.39625,36.16631,1,3.1747,7.013018798,80.87316979
2412,0,random_negative,none,,cv,FALSE,4,66_62,,,,29.554,46.28807,23.72092,2.24154,5.24204,1.14372,0.07283,0.97541,14.85283,29.9143,1,4.13975,6.900560308,80.77502474
2413,0,random_negative,none,,cv,FALSE,1,66_74,,,,22.95646,59.81126,15.81668,1.09582,5.72788,1.33869,0.05369,6.4764,13.38548,28.3506,4,2.8098,7.224629465,80.77859569
2414,0,random_negative,none,,cv,FALSE,0,61_57,,,,22.26818,60.01541,15.90096,2.40912,5.25301,1.27159,0.05715,5.78117,13.7468,24.93075,2,4.04053,6.755132073,80.62971129
2415,0,random_negative,none,,cv,FALSE,2,69_73,,,,17.57668,64.44074,16.69604,1.00881,5.79621,1.37583,0.05393,11.5464,13.23984,27.95531,,1.49867,7.188001489,80.84164794
2416,0,random_negative,none,,cv,FALSE,2,62_66,,,,25.25858,54.48837,19.48376,2.29679,5.24687,1.17785,0.06691,2.3397,14.62369,26.27405,1,5.15384,6.995838378,80.66156389
2417,0,random_negative,none,,cv,FALSE,3,70_65,,,,19.94407,57.60097,20.19271,2.07005,5.45705,1.16971,0.06913,14.87984,15.21041,33.65308,1,3.8694,6.981924089,80.86707605
2418,0,random_negative,none,,cv,FALSE,1,68_65,,,,23.39372,53.67582,21.2793,2.23249,5.3332,1.15542,0.0711,9.21706,15.67962,31.38673,3,1.83134,6.968976752,80.8365427
2419,0,random_negative,none,,cv,FALSE,0,67_59,,,,25.66061,50.82706,22.46525,2.23685,5.24571,1.18015,0.07535,0.92586,14.08864,25.57995,1,2.72305,6.809823934,80.78450047
2420,0,random_negative,none,,cv,FALSE,1,56_66,,,,19.00211,65.75516,13.86592,2.0429,5.18123,1.29009,0.0626,3.1092,12.79567,20.55708,2,2.15041,6.990797294,80.49689856
2421,0,random_negative,none,,cv,FALSE,2,65_69,,,,24.56893,53.77953,20.22975,2.11374,5.34289,1.21738,0.06165,6.56641,14.57912,29.51311,2,2.95294,7.083690994,80.7288325
2422,0,random_negative,none,,cv,FALSE,0,66_75,,,,26.94769,56.34324,15.27824,1.02906,5.708,1.30445,0.05231,7.31857,12.77564,33.27378,2,1.85115,7.24770928,80.76339395
2423,0,random_negative,none,,cv,FALSE,1,63_68,,,,25.02092,54.52877,19.39253,2.1936,5.33637,1.19696,0.06519,3.09863,14.68899,26.64695,3,4.43576,7.040117207,80.67570308
2424,0,random_negative,none,,cv,FALSE,2,56_63,,,,19.8687,64.62615,14.10236,2.07897,5.09897,1.28758,0.05983,2.81421,12.6628,20.75833,1,1.14068,6.928346384,80.49405841
2425,0,random_negative,none,,cv,FALSE,4,59_59,,,,22.00538,61.46117,14.36266,2.40742,5.11217,1.25541,0.05868,4.57222,13.03088,21.31995,2,2.62766,6.813030242,80.57768803
2426,0,random_negative,none,,cv,FALSE,0,61_60,,,,24.31064,56.70487,17.66997,2.30306,5.09646,1.21916,0.06356,3.46488,13.44048,25.05777,2,2.75135,6.834711568,80.64553297
2427,0,random_negative,none,,cv,FALSE,4,60_62,,,,22.30894,59.94604,16.63243,2.19433,5.14172,1.2289,0.06281,2.16853,14.11571,22.12724,2,0.70217,6.875600386,80.60684665
2428,0,random_negative,none,,cv,FALSE,2,64_58,,,,24.81895,54.15011,19.74963,2.28767,5.21245,1.19637,0.06744,3.39512,13.96198,26.54579,3,3.01452,6.792396818,80.72428911
2429,0,random_negative,none,,cv,FALSE,2,56_63,,,,20.24782,64.35335,14.04482,2.06433,5.05661,1.27531,0.0581,2.51492,12.63597,20.88299,2,0.92487,6.923471046,80.49854517
2430,0,random_negative,none,,cv,FALSE,4,66_67,,,,24.53339,53.15903,21.25618,2.28646,5.28581,1.17092,0.06581,5.88564,15.65266,29.09348,2,2.16286,7.016108884,80.76136383
2431,0,random_negative,none,,cv,FALSE,4,66_69,,,,23.95236,53.63439,20.79597,2.13764,5.31449,1.21478,0.06281,8.18301,15.30792,30.35406,1,2.13823,7.082138354,80.75741428
2432,0,random_negative,none,,cv,FALSE,1,55_63,,,,20.08281,64.56347,13.92941,2.06682,5.08113,1.24908,0.05929,3.09821,12.65993,21.30338,2,1.89793,6.928105334,80.47796885
2433,0,random_negative,none,,cv,FALSE,0,58_59,,,,20.9079,63.39043,13.87175,2.46551,5.10358,1.26853,0.05533,5.22308,11.7892,22.38617,3,2.55026,6.808849912,80.53991604
2434,0,random_negative,none,,cv,FALSE,0,66_59,,,,25.64965,51.45107,21.82532,2.23159,5.24412,1.18472,0.07374,1.7282,14.08702,26.18035,1,4.46697,6.812204094,80.7642653
2435,0,random_negative,none,,cv,FALSE,1,62_67,,,,24.6044,55.51323,18.95276,2.26619,5.26565,1.18944,0.06669,2.50686,14.61932,25.71329,2,6.76862,7.010924247,80.65554311
2436,0,random_negative,none,,cv,FALSE,0,61_60,,,,23.86837,57.54023,17.08677,2.29759,5.09997,1.22625,0.06288,3.78302,13.43756,24.53725,1,2.68504,6.824285882,80.6362444
2437,0,random_negative,none,,cv,FALSE,2,56_60,,,,20.91897,63.78073,13.74148,2.60572,4.99962,1.25922,0.0562,5.45612,12.25016,23.68082,1,2.4477,6.837825519,80.51057031
2438,0,random_negative,none,,cv,FALSE,2,61_66,,,,22.6517,58.69883,17.87173,2.31367,5.2034,1.18257,0.06396,1.48346,14.33552,22.85175,,3.89341,6.986872388,80.6336131
2439,0,random_negative,none,,cv,FALSE,0,55_65,,,,20.11499,64.58495,13.87783,2.03678,5.08879,1.26069,0.05973,3.21461,12.65666,21.63674,2,2.51796,6.958899385,80.46143529
2440,0,random_negative,none,,cv,FALSE,2,65_64,,,,27.75026,49.51013,22.10976,2.3504,5.28426,1.14374,0.07013,2.44435,15.79072,29.23786,2,3.90323,6.951709667,80.73466985
2441,0,random_negative,none,,cv,FALSE,1,67_67,,,,23.33944,54.06302,20.93786,2.22215,5.31421,1.17482,0.06571,10.06014,15.67934,32.11715,2,3.61454,7.031399724,80.80782116
2442,0,random_negative,none,,cv,FALSE,3,64_60,,,,25.64635,53.01444,20.30092,2.29486,5.18335,1.18482,0.06807,2.62667,13.96366,26.69042,1,0.86403,6.823144185,80.71624984
2443,0,random_negative,none,,cv,FALSE,0,67_75,,,,20.7499,62.11238,16.04521,1.06,5.79737,1.34336,0.05337,6.74886,13.63255,26.53826,3,2.5835,7.229536476,80.79128801
2444,0,random_negative,none,,cv,FALSE,1,57_58,,,,20.05375,65.04847,13.13582,2.64211,4.99223,1.27479,0.05046,6.60486,11.65517,23.63301,1,4.78045,6.786289096,80.51368036
2445,0,random_negative,none,,cv,FALSE,0,68_60,,,,26.05676,49.49089,23.46795,2.2439,5.22239,1.16641,0.07799,0.19345,14.09412,25.51952,1,3.39554,6.842287422,80.81019744
2446,0,random_negative,none,,cv,FALSE,0,67_59,,,,24.8641,51.77712,22.14422,2.20107,5.32878,1.18347,0.07583,1.87178,14.70578,25.65837,1,1.20653,6.800301966,80.79688405
2447,0,random_negative,none,,cv,FALSE,1,65_71,,,,23.65907,54.8535,19.84867,1.53197,5.44261,1.25634,0.0569,7.83148,14.22338,29.68166,2,2.62908,7.123355882,80.74555016
2448,0,random_negative,none,,cv,FALSE,1,67_67,,,,23.33944,54.06302,20.93786,2.22215,5.31421,1.17482,0.06571,10.06014,15.67934,32.11715,2,3.4575,7.031485217,80.80401047
2449,0,random_negative,none,,cv,FALSE,3,65_58,,,,24.08863,54.25708,20.23607,2.25082,5.36371,1.21977,0.06905,3.73355,15.24346,26.20151,1,3.57608,6.778769747,80.74886048
2450,0,random_negative,none,,cv,FALSE,4,65_70,,,,23.96585,54.68235,19.85273,1.53398,5.43585,1.25553,0.05759,6.91178,14.22067,29.2233,2,2.48909,7.113740963,80.73215211
2451,0,random_negative,none,,cv,FALSE,3,71_67,,,,16.97676,60.01421,20.00168,2.15746,5.44164,1.20461,0.06585,24.28684,15.84972,39.84424,3,5.84645,7.02849445,80.90289789
2452,0,random_negative,none,,cv,FALSE,1,67_67,,,,24.39439,52.93116,21.29801,2.24445,5.30008,1.16626,0.06651,8.00359,15.67835,31.29514,2,1.18775,7.011258013,80.78770075
2453,0,random_negative,none,,cv,FALSE,4,62_65,,,,24.20063,56.17354,18.99143,2.2337,5.18917,1.18707,0.0662,1.18004,14.58743,24.17655,2,2.94469,6.971722907,80.65458546
2454,0,random_negative,none,,cv,FALSE,1,60_65,,,,19.71003,63.36815,16.013,2.30899,5.20159,1.21169,0.06234,1.35831,14.32853,19.67959,2,2.66899,6.965379935,80.60431495
2455,0,random_negative,none,,cv,FALSE,4,69_68,,,,19.4395,58.98867,19.31613,2.12533,5.49198,1.20155,0.0635,15.70486,15.38957,33.7682,2,2.7333,7.053338585,80.85814857
2456,0,random_negative,none,,cv,FALSE,1,72_68,,,,16.89113,62.62784,18.13708,2.02749,5.54527,1.24836,0.06272,16.25704,15.51543,31.91845,3,9.24048,7.063796249,80.94350291
2457,0,random_negative,none,,cv,FALSE,3,71_73,,,,14.56094,68.31605,15.7019,0.98499,5.842,1.38565,0.05445,13.02781,13.4928,26.4611,,2.38252,7.193596499,80.89940162
2458,0,random_negative,none,,cv,FALSE,2,69_73,,,,17.58407,64.17291,16.9272,1.24659,5.78079,1.34233,0.05322,11.75953,13.51853,28.17031,,1.74393,7.182379249,80.84656632
2459,0,random_negative,none,,cv,FALSE,1,60_68,,,,23.95614,57.11268,18.02974,1.49748,5.41318,1.2515,0.06569,0.3728,13.45322,22.94017,,3.88073,7.062931747,80.61069477
2460,0,random_negative,none,,cv,FALSE,4,58_64,,,,17.15355,68.0343,13.56157,2.27947,5.12034,1.26646,0.06268,2.25011,13.41432,17.646,3,4.50167,6.940167988,80.56337941
2461,0,random_negative,none,,cv,FALSE,2,69_67,,,,19.61024,58.18623,19.84732,2.1608,5.44756,1.18466,0.06612,16.67046,15.3941,34.967,1,0.99647,7.025085765,80.85756027
2462,0,random_negative,none,,cv,FALSE,0,56_65,,,,19.84777,64.69874,14.06133,2.03952,5.11286,1.25949,0.06044,2.87166,12.65878,21.05298,2,2.41398,6.963712185,80.484546
2463,0,random_negative,none,,cv,FALSE,0,65_60,,,,25.93927,51.82728,21.31912,2.2852,5.216,1.16944,0.07133,1.31381,14.56539,26.02233,1,1.59145,6.835788926,80.74772505
2464,0,random_negative,none,,cv,FALSE,3,59_64,,,,17.35158,67.60645,13.83723,2.2866,5.12427,1.26236,0.06289,2.14948,13.41692,17.7746,2,4.15168,6.937987142,80.56830891
2465,0,random_negative,none,,cv,FALSE,3,64_67,,,,24.68787,53.7186,20.68452,2.17958,5.28637,1.19809,0.06429,4.7451,15.30615,28.42119,2,1.85353,7.036708056,80.72134237
2466,0,random_negative,none,,cv,FALSE,0,60_67,,,,21.02215,61.35253,16.6271,2.26074,5.22763,1.20778,0.06348,1.43881,14.32569,21.1389,3,2.12126,7.015845024,80.60218096
2467,0,random_negative,none,,cv,FALSE,2,63_58,,,,23.74994,56.72782,17.92801,2.25388,5.22945,1.25079,0.06181,4.63705,13.95057,26.01407,2,2.47764,6.766839027,80.68185985
2468,0,random_negative,none,,cv,FALSE,0,66_61,,,,26.89064,49.11591,23.22636,2.20958,5.25798,1.16576,0.07626,0.28474,14.68954,26.3701,2,1.72064,6.865499631,80.78077388
2469,0,random_negative,none,,cv,FALSE,1,68_65,,,,25.51297,51.10752,22.02016,2.2302,5.31515,1.13511,0.07404,6.24269,15.61443,30.71197,1,1.47115,6.957798088,80.81081667
2470,0,random_negative,none,,cv,FALSE,1,68_59,,,,24.4865,52.21976,21.93043,2.19349,5.33865,1.17697,0.07629,2.45647,14.70621,25.8883,1,0.70861,6.802378652,80.81408571
2471,0,random_negative,none,,cv,FALSE,2,65_69,,,,23.95236,53.63439,20.79597,2.13764,5.31449,1.21478,0.06281,8.18301,15.30792,30.35406,2,2.59977,7.077082546,80.75525069
2472,0,random_negative,none,,cv,FALSE,3,64_61,,,,26.53783,51.48073,21.24253,2.27216,5.21294,1.16648,0.06956,1.30308,14.56443,26.59012,2,0.50986,6.850786686,80.72454564
2473,0,random_negative,none,,cv,FALSE,1,57_65,,,,17.89675,67.42727,13.44196,2.18847,5.14257,1.24249,0.06225,1.93114,12.79332,18.16021,2,1.03071,6.958621099,80.51645408
2474,0,random_negative,none,,cv,FALSE,2,66_64,,,,29.31049,47.00554,23.21932,2.29648,5.26083,1.14371,0.06976,1.8992,15.45695,30.4825,2,3.32299,6.930082649,80.75748176
2475,0,random_negative,none,,cv,FALSE,2,69_67,,,,20.03966,58.01386,19.73794,2.1496,5.45903,1.19001,0.06512,15.14329,15.3918,33.85586,2,0.59469,7.026555994,80.8541342
2476,0,random_negative,none,,cv,FALSE,3,65_58,,,,23.82425,54.71538,19.97718,2.24248,5.37715,1.21752,0.06826,4.09468,15.24256,26.26292,1,3.45403,6.769644199,80.74875468
2477,0,random_negative,none,,cv,FALSE,2,58_62,,,,20.7097,63.27957,14.60339,2.20709,5.06929,1.2549,0.05992,3.1103,13.39787,21.34613,2,1.54177,6.88875935,80.56174618
2478,0,random_negative,none,,cv,FALSE,1,68_59,,,,24.2053,52.59873,21.66612,2.18746,5.33738,1.17721,0.07682,3.2129,14.70736,26.36231,1,2.80236,6.813874384,80.82990379
2479,0,random_negative,none,,cv,FALSE,4,65_73,,,,22.93425,57.21753,18.41122,1.51177,5.53771,1.26803,0.05487,5.20963,14.22252,26.72076,1,6.06154,7.172993736,80.74653257
2480,0,random_negative,none,,cv,FALSE,0,56_64,,,,19.62929,64.93794,14.04435,2.06191,5.11078,1.25114,0.06011,2.77272,12.66135,20.61959,2,2.67804,6.942360065,80.48990807
2481,0,random_negative,none,,cv,FALSE,2,59_61,,,,21.51546,61.38119,15.7558,2.18609,5.13541,1.24432,0.06197,2.5996,14.11029,21.3869,2,1.61714,6.867145636,80.5874997
2482,0,random_negative,none,,cv,FALSE,2,69_73,,,,17.92328,63.76805,16.98062,1.24789,5.7784,1.33996,0.05328,11.30765,13.52049,28.03798,2,0.91839,7.182684901,80.83873542
2483,0,random_negative,none,,cv,FALSE,2,67_71,,,,21.47975,58.12506,18.8149,1.48595,5.53881,1.28072,0.05621,9.44333,14.33615,29.37267,2,6.24842,7.12965392,80.80450372
2484,0,random_negative,none,,cv,FALSE,0,59_60,,,,21.76396,61.39389,15.03211,2.2067,5.06293,1.25235,0.06178,3.78444,13.29921,21.51905,2,0.72659,6.83547312,80.57983974
2485,0,random_negative,none,,cv,FALSE,1,68_66,,,,23.42787,53.7905,21.13895,2.24898,5.29226,1.16243,0.06735,10.22389,15.68292,32.49362,2,1.9736,7.007772855,80.81025501
2486,0,random_negative,none,,cv,FALSE,2,58_62,,,,20.28311,63.8491,14.49927,2.19933,5.07574,1.25573,0.06001,3.01451,13.39695,20.98922,2,1.56785,6.896350868,80.55629052
2487,0,random_negative,none,,cv,FALSE,2,65_69,,,,24.49373,53.55787,20.4127,2.11665,5.33737,1.21594,0.06164,7.32508,14.5809,30.06295,2,2.1469,7.086305887,80.73622298
2488,0,random_negative,none,,cv,FALSE,2,56_63,,,,20.68685,63.7606,14.16652,2.0786,5.04585,1.25574,0.05746,2.64995,12.63744,21.28269,2,1.75576,6.904711334,80.50628302
2489,0,random_negative,none,,cv,FALSE,2,59_61,,,,21.33386,61.81475,15.36473,2.18463,5.12948,1.25195,0.06155,2.85583,14.10776,21.17335,3,0.24514,6.858506219,80.57358091
2490,0,random_negative,none,,cv,FALSE,2,65_69,,,,23.96527,53.39435,20.84681,2.12482,5.32662,1.22048,0.06228,8.7202,15.3067,30.6611,2,1.43501,7.087422009,80.7531967
2491,0,random_negative,none,,cv,FALSE,0,61_62,,,,24.32187,56.52981,18.46206,2.21504,5.20418,1.21149,0.06318,1.10714,14.76965,23.7509,2,2.76945,6.898606799,80.63303034
2492,0,random_negative,none,,cv,FALSE,4,59_59,,,,21.68801,61.97395,14.2761,2.40348,5.10857,1.25892,0.05807,4.74961,13.02836,21.63037,3,2.16775,6.817971461,80.56661497
2493,0,random_negative,none,,cv,FALSE,1,58_60,,,,20.90426,63.22278,14.16704,2.40944,5.0744,1.26732,0.05895,4.35341,13.24941,21.73771,,1.53508,6.836668131,80.55387109
2494,0,random_negative,none,,cv,FALSE,0,67_59,,,,24.4865,52.21976,21.93043,2.19349,5.33865,1.17697,0.07629,2.45647,14.70621,25.8883,1,0.41731,6.805240993,80.80871501
2495,0,random_negative,none,,cv,FALSE,1,57_58,,,,20.77968,64.36818,13.12222,2.37995,5.08099,1.28283,0.05251,5.55427,11.37969,22.9236,1,4.87427,6.786247079,80.52937904
2496,0,random_negative,none,,cv,FALSE,0,66_66,,,,26.05529,51.23493,21.53895,2.32059,5.29922,1.15153,0.0702,5.04756,15.79309,29.91969,1,0.41506,6.983633768,80.77094098
2497,0,random_negative,none,,cv,FALSE,0,61_61,,,,24.08506,56.79729,18.15611,2.20804,5.23303,1.2161,0.06083,1.93303,14.54615,23.82812,1,0.50316,6.867765268,80.63396593
2498,0,random_negative,none,,cv,FALSE,3,63_61,,,,25.79665,53.6193,19.78384,2.24224,5.21782,1.1848,0.06481,1.71563,14.55503,25.75791,2,4.09043,6.855218617,80.67747835
2499,0,random_negative,none,,cv,FALSE,0,66_66,,,,26.20026,51.19955,21.50544,2.31801,5.30299,1.1531,0.0697,4.58771,15.79154,29.61359,2,1.26612,6.987329969,80.76119676
2500,0,random_negative,none,,cv,FALSE,3,57_66,,,,18.66154,66.39464,13.73564,2.15857,5.14738,1.26177,0.06315,1.87638,12.7909,19.01501,1,2.09938,6.987122463,80.51179297
2501,0,random_negative,none,,cv,FALSE,0,58_59,,,,21.0938,63.01401,14.03002,2.38331,5.08868,1.26975,0.05803,4.95381,12.84192,22.08408,3,2.088,6.818431356,80.54609905
2502,0,random_negative,none,,cv,FALSE,4,65_65,,,,27.70698,49.38393,22.21099,2.35425,5.27984,1.14173,0.07076,2.72781,15.79226,29.47746,1,2.12391,6.95594516,80.75071831
2503,0,random_negative,none,,cv,FALSE,4,62_68,,,,24.5794,55.19591,19.24444,2.07847,5.30438,1.20901,0.06761,2.33169,14.58136,25.90984,1,2.67499,7.055969905,80.66721835
2504,0,random_negative,none,,cv,FALSE,0,61_61,,,,24.2438,56.90888,17.65755,2.296,5.08806,1.21938,0.06315,3.21356,13.43827,24.89703,2,1.6224,6.855353833,80.63086543
2505,0,random_negative,none,,cv,FALSE,1,57_62,,,,20.17237,64.45999,13.87486,2.18674,5.05445,1.26084,0.05904,3.44179,13.39053,21.18793,4,1.73292,6.88769224,80.5280605
2506,0,random_negative,none,,cv,FALSE,1,68_65,,,,25.07357,51.66764,21.80024,2.21832,5.32033,1.13921,0.07351,6.96997,15.61451,30.93271,1,1.07393,6.960480036,80.81807792
2507,0,random_negative,none,,cv,FALSE,0,66_75,,,,26.55759,55.99815,15.7946,1.17574,5.63279,1.30392,0.05287,6.65672,13.69155,32.15155,,2.35963,7.252503897,80.75776733
2508,0,random_negative,none,,cv,FALSE,4,66_67,,,,24.53339,53.15903,21.25618,2.28646,5.28581,1.17092,0.06581,5.88564,15.65266,29.09348,2,2.16403,7.010755834,80.75662264
2509,0,random_negative,none,,cv,FALSE,2,59_61,,,,21.33386,61.81475,15.36473,2.18463,5.12948,1.25195,0.06155,2.85583,14.10776,21.17335,3,0.11673,6.861370632,80.57377571
2510,0,random_negative,none,,cv,FALSE,0,56_64,,,,19.62929,64.93794,14.04435,2.06191,5.11078,1.25114,0.06011,2.77272,12.66135,20.61959,3,3.09435,6.946213671,80.49159636
2511,0,random_negative,none,,cv,FALSE,0,64_72,,,,23.53465,56.18248,18.87655,1.51538,5.51006,1.26707,0.05668,4.71898,14.21836,26.81529,2,2.5204,7.149452461,80.72340442
2512,0,random_negative,none,,cv,FALSE,0,63_60,,,,24.76595,55.11141,18.98267,2.24463,5.21881,1.19415,0.06444,2.46495,14.55185,25.12148,2,2.57464,6.820334349,80.67990465
2513,0,random_negative,none,,cv,FALSE,3,61_63,,,,25.29629,55.05569,19.12644,2.22218,5.20088,1.19695,0.06374,0.85221,14.77222,24.63186,1,2.69239,6.902022139,80.63960891
2514,0,random_negative,none,,cv,FALSE,3,57_64,,,,17.97389,67.47136,13.22519,2.24715,5.09699,1.23908,0.06233,2.5826,13.40444,18.77691,2,0.91604,6.941872935,80.52160534
2515,0,random_negative,none,,cv,FALSE,4,69_72,,,,19.78981,60.48601,18.35297,1.44869,5.64329,1.29312,0.05474,9.96575,15.04472,28.54408,2,2.62842,7.156857687,80.83807042
2516,0,random_negative,none,,cv,FALSE,2,66_60,,,,26.39808,49.8037,22.93771,2.24491,5.22159,1.17052,0.07577,0.38369,14.09082,25.8427,2,3.45816,6.829739359,80.77383468
2517,0,random_negative,none,,cv,FALSE,1,67_67,,,,23.85615,53.50291,21.11535,2.2332,5.30691,1.1706,0.06613,9.04595,15.67885,31.70338,2,1.95517,7.019767215,80.79262093
2518,0,random_negative,none,,cv,FALSE,0,60_57,,,,22.22053,60.56878,15.30424,2.44559,5.18915,1.28398,0.05638,5.15511,13.6805,23.51057,3,3.15683,6.764171251,80.6081692
2519,0,random_negative,none,,cv,FALSE,0,66_59,,,,24.58539,52.72267,21.40829,2.19216,5.33988,1.19208,0.07382,2.79441,14.70329,26.08869,1,3.2109,6.798856757,80.77676902
2520,0,random_negative,none,,cv,FALSE,3,57_59,,,,20.75447,64.37431,13.14439,2.46376,5.10111,1.28154,0.05451,5.38469,11.78756,22.70112,2,4.0096,6.794028098,80.5306504
2521,0,random_negative,none,,cv,FALSE,0,59_63,,,,20.35393,62.89574,15.7426,2.21836,5.11829,1.24065,0.0653,1.62392,13.67143,20.21,2,1.47417,6.926220675,80.59221999
2522,0,random_negative,none,,cv,FALSE,3,59_64,,,,17.35158,67.60645,13.83723,2.2866,5.12427,1.26236,0.06289,2.14948,13.41692,17.7746,3,4.28275,6.938715058,80.56725688
2523,0,random_negative,none,,cv,FALSE,3,66_63,,,,29.74675,45.71689,24.17025,2.14988,5.28554,1.14571,0.07472,1.10355,15.03181,30.37457,2,2.8605,6.924220248,80.78213691
2524,0,random_negative,none,,cv,FALSE,0,62_60,,,,24.54941,55.60054,18.6596,2.23913,5.21995,1.19813,0.06365,2.55621,14.55003,24.83306,3,2.08697,6.825113933,80.67230071
2525,0,random_negative,none,,cv,FALSE,0,66_75,,,,26.94769,56.34324,15.27824,1.02906,5.708,1.30445,0.05231,7.31857,12.77564,33.27378,3,1.23239,7.24689362,80.769282
2526,0,random_negative,none,,cv,FALSE,0,67_59,,,,25.61656,50.62388,22.70676,2.23743,5.24803,1.1766,0.07596,0.63151,14.08923,25.31777,1,2.47436,6.816667162,80.79117149
2527,0,random_negative,none,,cv,FALSE,3,59_64,,,,17.94894,66.61739,14.29096,2.29441,5.12627,1.25764,0.06319,2.04521,13.41974,18.29299,2,3.49517,6.941385244,80.57551556
2528,0,random_negative,none,,cv,FALSE,0,59_60,,,,21.6308,61.50778,15.18799,2.20461,5.05972,1.25115,0.06189,3.65465,13.29903,21.66743,2,0.51583,6.839565418,80.57674882
2529,0,random_negative,none,,cv,FALSE,0,60_64,,,,20.7807,62.12273,16.18024,2.21653,5.12416,1.20692,0.06559,1.49464,13.6737,20.66762,1,0.95424,6.937840954,80.60859349
2530,0,random_negative,none,,cv,FALSE,4,60_59,,,,23.02163,59.41199,15.49052,2.2823,5.10398,1.24459,0.06119,4.38482,13.4297,22.75647,3,1.90834,6.80298572,80.60803658
2531,0,random_negative,none,,cv,FALSE,1,57_62,,,,20.47202,64.05925,13.93963,2.19391,5.0489,1.26022,0.05889,3.53523,13.3914,21.4395,2,0.7151,6.877697152,80.53399
2532,0,random_negative,none,,cv,FALSE,3,67_62,,,,27.07044,48.94204,23.11675,2.19168,5.26226,1.16709,0.07603,1.81411,14.69358,28.13273,1,2.21243,6.891700886,80.79951094
2533,0,random_negative,none,,cv,FALSE,1,68_67,,,,23.19649,54.10439,21.00541,2.23635,5.30176,1.16785,0.06665,10.57071,15.68193,32.54519,2,3.6058,7.024630965,80.816911
2534,0,random_negative,none,,cv,FALSE,1,70_71,,,,17.79369,62.80352,17.74258,1.49098,5.62296,1.29777,0.05559,12.88507,14.4111,29.46874,2,7.98111,7.128515736,80.88211364
2535,0,random_negative,none,,cv,FALSE,0,70_73,,,,15.57557,66.83942,16.1185,0.98927,5.81641,1.37464,0.05504,12.42585,13.50112,26.79443,2,4.72496,7.184483267,80.87352748
2536,0,random_negative,none,,cv,FALSE,0,66_59,,,,25.65883,51.14043,22.14063,2.23462,5.24454,1.1822,0.07457,1.34548,14.08788,25.90337,1,4.12156,6.815336056,80.77305766
2537,0,random_negative,none,,cv,FALSE,1,68_64,,,,24.93218,51.77291,21.79667,2.22895,5.3165,1.13585,0.07431,6.98302,15.61552,30.82906,3,2.03147,6.952125941,80.82424696
2538,0,random_negative,none,,cv,FALSE,0,61_65,,,,20.93502,61.49475,16.74511,2.31763,5.19747,1.18493,0.06285,1.30816,14.33141,20.87691,2,3.55563,6.965009061,80.62008832
2539,0,random_negative,none,,cv,FALSE,1,68_69,,,,21.23809,57.32239,19.75404,2.06267,5.47999,1.23651,0.0604,10.51138,15.17907,30.22499,3,1.63712,7.083287315,80.81346448
2540,0,random_negative,none,,cv,FALSE,4,65_63,,,,29.14389,47.02765,23.43438,2.265,5.27548,1.14158,0.07164,0.99449,15.34042,29.43865,1,5.48762,6.90878417,80.75234051
2541,0,random_negative,none,,cv,FALSE,3,67_62,,,,27.43186,48.4866,23.25795,2.18616,5.26298,1.16768,0.07567,2.0051,14.69461,28.72235,2,2.50776,6.89435607,80.80044818
2542,0,random_negative,none,,cv,FALSE,4,55_64,,,,19.88995,64.70162,14.00116,2.06447,5.0959,1.25009,0.05971,2.93933,12.66064,20.99331,2,2.66451,6.94020232,80.48211273
2543,0,random_negative,none,,cv,FALSE,4,61_64,,,,22.79537,58.77642,17.77783,2.25256,5.17264,1.21599,0.06467,0.748,14.58192,22.08835,1,1.72791,6.934474036,80.62589209
2544,0,random_negative,none,,cv,FALSE,3,72_69,,,,17.38425,62.51622,17.80779,2.08186,5.5714,1.24167,0.06186,16.46754,15.40673,32.58791,3,10.33824,7.074259874,80.93243008
2545,0,random_negative,none,,cv,FALSE,2,59_61,,,,21.37393,62.19217,15.00335,2.23568,5.05684,1.24992,0.06108,2.85649,14.12033,21.45265,2,0.24576,6.871577718,80.56843376
2546,0,random_negative,none,,cv,FALSE,1,63_63,,,,31.00499,46.42101,23.15548,2.29578,5.23716,1.16038,0.06379,-0.55621,15.16809,30.12281,1,0.91084,6.924555654,80.6938146
2547,0,random_negative,none,,cv,FALSE,2,55_62,,,,20.67973,64.03128,13.81499,2.10471,4.98246,1.28821,0.05575,4.11877,11.99567,22.78229,1,2.77591,6.900996265,80.47375874
2548,0,random_negative,none,,cv,FALSE,2,71_72,,,,15.01318,67.20124,16.10577,0.99077,5.80057,1.37265,0.05625,13.4965,13.50142,27.26128,2,5.3103,7.160009116,80.89338096
2549,0,random_negative,none,,cv,FALSE,1,57_65,,,,17.16633,68.29079,13.31958,2.18432,5.15852,1.24366,0.0624,1.80712,12.79421,17.41249,3,0.98283,6.964227236,80.53502952
2550,0,random_negative,none,,cv,FALSE,3,54_64,,,,20.18436,64.80878,13.56217,2.04171,5.05881,1.2589,0.05864,3.54433,12.6551,21.99965,1,4.7302,6.934121574,80.44498747
2551,0,random_negative,none,,cv,FALSE,4,67_66,,,,24.08013,53.0777,21.35916,2.26062,5.28529,1.15809,0.06778,8.98147,15.68237,31.99037,2,1.34916,7.003711944,80.80542244
2552,0,random_negative,none,,cv,FALSE,3,66_63,,,,31.32855,43.84139,24.69293,2.22925,5.24358,1.14467,0.07204,0.30931,14.85401,31.26253,1,3.27546,6.92048099,80.77754701
2553,0,random_negative,none,,cv,FALSE,2,61_58,,,,22.94767,59.02113,16.36856,2.45413,5.1808,1.24558,0.05908,4.56736,13.68762,24.20687,1,2.07059,6.789958826,80.63844986
2554,0,random_negative,none,,cv,FALSE,2,69_66,,,,22.12114,55.23886,20.72195,2.13551,5.38152,1.16627,0.06891,12.25272,15.38197,33.25744,2,3.14333,6.991675487,80.83840508
2555,0,random_negative,none,,cv,FALSE,1,60_65,,,,20.93502,61.49475,16.74511,2.31763,5.19747,1.18493,0.06285,1.30816,14.33141,20.87691,2,3.44963,6.965264992,80.61893348
2556,0,random_negative,none,,cv,FALSE,2,69_67,,,,20.03966,58.01386,19.73794,2.1496,5.45903,1.19001,0.06512,15.14329,15.3918,33.85586,2,0.54668,7.02711516,80.85401843
2557,0,random_negative,none,,cv,FALSE,0,56_65,,,,18.66154,66.39464,13.73564,2.15857,5.14738,1.26177,0.06315,1.87638,12.7909,19.01501,,1.59162,6.979290223,80.50899767
2558,0,random_negative,none,,cv,FALSE,4,68_73,,,,19.15443,62.15682,17.43161,1.26021,5.73742,1.33668,0.05399,10.1705,13.82006,28.16651,2,0.64381,7.185383667,80.83114283
2559,0,random_negative,none,,cv,FALSE,3,61_63,,,,23.79791,57.7951,17.71883,2.25323,5.08011,1.22059,0.0637,1.47327,14.1359,23.63777,3,1.23804,6.908820909,80.6206114
2560,0,random_negative,none,,cv,FALSE,4,59_59,,,,22.00538,61.46117,14.36266,2.40742,5.11217,1.25541,0.05868,4.57222,13.03088,21.31995,2,2.31785,6.815850478,80.57751306
2561,0,random_negative,none,,cv,FALSE,3,67_62,,,,27.68449,48.21419,23.37586,2.19408,5.25954,1.16591,0.07568,1.27952,14.69319,28.25651,2,1.91048,6.887755495,80.79323462
2562,0,random_negative,none,,cv,FALSE,4,57_63,,,,19.45738,65.4211,13.68519,2.17174,5.06651,1.2714,0.05938,3.26349,13.38873,20.5549,4,1.02691,6.907089107,80.53495535
2563,0,random_negative,none,,cv,FALSE,0,66_75,,,,22.95646,59.81126,15.81668,1.09582,5.72788,1.33869,0.05369,6.4764,13.38548,28.3506,2,1.95508,7.232474292,80.77766691
2564,0,random_negative,none,,cv,FALSE,0,63_60,,,,25.63784,53.65303,19.82198,2.24941,5.21655,1.18348,0.06562,1.87958,14.5559,25.76311,1,3.44482,6.843376444,80.68954377
2565,0,random_negative,none,,cv,FALSE,0,62_60,,,,24.82338,55.35276,18.78252,2.23195,5.22158,1.20712,0.06313,2.17841,14.5501,24.80217,2,3.37777,6.84249806,80.66589966
2566,0,random_negative,none,,cv,FALSE,4,55_64,,,,19.81183,64.77433,14.01731,2.04779,5.10731,1.25649,0.06014,2.89845,12.65934,20.99309,2,3.15442,6.955200341,80.48410684
2567,0,random_negative,none,,cv,FALSE,2,72_73,,,,13.15354,70.24828,14.95639,0.98122,5.86664,1.39589,0.05499,13.75424,13.48433,25.81555,3,2.13135,7.182634999,80.94162627
2568,0,random_negative,none,,cv,FALSE,2,65_64,,,,27.79836,49.63422,22.01079,2.34627,5.28905,1.14593,0.06949,2.16371,15.78917,29.01198,2,4.01383,6.955585714,80.73207465
2569,0,random_negative,none,,cv,FALSE,4,69_71,,,,18.47695,61.86024,18.01438,1.49379,5.61163,1.29325,0.05566,12.30905,14.41426,29.51221,2,6.64445,7.127572752,80.86118946
2570,0,random_negative,none,,cv,FALSE,0,56_64,,,,19.82771,64.77291,13.99793,2.05611,5.10164,1.25335,0.0599,2.92068,12.65997,20.97466,3,2.72302,6.94181483,80.48491998
2571,0,random_negative,none,,cv,FALSE,3,54_64,,,,20.16832,64.66626,13.73027,2.03932,5.07381,1.2598,0.05919,3.38627,12.65588,21.83862,2,4.36368,6.944096761,80.45361267
2572,0,random_negative,none,,cv,FALSE,0,55_65,,,,20.26965,64.30064,14.01089,2.02081,5.10001,1.26636,0.06045,3.17413,12.65566,21.83184,2,0.59731,6.974688612,80.46901683
2573,0,random_negative,none,,cv,FALSE,2,60_61,,,,23.39013,58.38576,16.94939,2.28291,5.08386,1.23099,0.06207,3.38614,13.43267,24.09431,2,2.19248,6.861658681,80.61200263
2574,0,random_negative,none,,cv,FALSE,2,69_67,,,,20.52753,57.57856,19.80143,2.15013,5.45687,1.19002,0.06496,13.91472,15.39088,33.12336,2,1.2536,7.034124762,80.8394307
2575,0,random_negative,none,,cv,FALSE,1,67_67,,,,23.54609,53.78101,21.06616,2.23486,5.3042,1.16919,0.0664,9.77249,15.68039,32.1076,2,3.10286,7.02621815,80.80767187
2576,0,random_negative,none,,cv,FALSE,2,54_65,,,,20.35617,64.46044,13.7366,2.01837,5.07602,1.26762,0.05964,3.54517,12.65352,22.2845,3,2.65459,6.969127576,80.44858042
2577,0,random_negative,none,,cv,FALSE,0,57_60,,,,20.67799,63.94312,13.72723,2.61089,5.00085,1.25515,0.05718,4.74471,13.32058,22.31593,3,1.35902,6.842490334,80.53278654
2578,0,random_negative,none,,cv,FALSE,2,66_60,,,,26.473,49.73177,22.99648,2.21334,5.26044,1.16728,0.0758,-0.06427,14.68644,25.50306,2,2.6295,6.842718502,80.77264894
2579,0,random_negative,none,,cv,FALSE,3,66_58,,,,23.97854,54.00631,20.57475,2.17372,5.36841,1.21688,0.07158,3.92302,14.70015,26.41773,1,1.50427,6.774505381,80.7671594
2580,0,random_negative,none,,cv,FALSE,2,62_58,,,,23.83977,56.84576,17.74434,2.25374,5.21288,1.22421,0.06162,4.21853,13.94913,25.36629,1,2.64833,6.789613434,80.66271196
2581,0,random_negative,none,,cv,FALSE,0,60_64,,,,21.82103,60.51346,16.85585,2.22491,5.1219,1.19238,0.06603,1.34248,13.67719,21.61855,1,1.81327,6.937694672,80.61950064
2582,0,random_negative,none,,cv,FALSE,4,65_72,,,,23.15658,56.72533,18.66763,1.5141,5.52295,1.267,0.05562,5.1898,14.22124,26.88431,1,5.09748,7.166458177,80.74066159
2583,0,random_negative,none,,cv,FALSE,1,63_59,,,,24.46321,55.41686,18.75084,2.27004,5.20718,1.20985,0.06419,3.76117,13.9552,26.07023,1,1.96252,6.795532022,80.69140983
2584,0,random_negative,none,,cv,FALSE,2,73_72,,,,13.39433,69.44552,15.33503,0.98709,5.82751,1.38414,0.05665,14.38362,13.49183,26.61694,3,5.66542,7.148800849,80.9481438
2585,0,random_negative,none,,cv,FALSE,1,68_65,,,,23.77591,53.22506,21.42479,2.24357,5.32898,1.13682,0.07179,8.39515,15.67951,31.00017,3,2.2972,6.956276675,80.83560807
2586,0,random_negative,none,,cv,FALSE,0,63_62,,,,27.82201,50.43233,21.44918,2.24739,5.21494,1.17145,0.06644,0.77669,14.56211,27.50355,2,4.47994,6.883185693,80.69674833
2587,0,random_negative,none,,cv,FALSE,2,59_62,,,,21.08894,62.55677,14.98783,2.22929,5.06178,1.25017,0.06116,2.7483,14.11975,21.27101,2,1.43325,6.884058855,80.56768332
2588,0,random_negative,none,,cv,FALSE,0,68_60,,,,25.94165,49.54301,23.53042,2.2429,5.23252,1.16899,0.07783,-0.17476,14.09295,25.04312,1,3.67259,6.833899369,80.81545841
2589,0,random_negative,none,,cv,FALSE,2,55_67,,,,20.69067,63.25922,14.63568,1.48291,5.16411,1.30942,0.06081,3.7091,12.29939,22.89814,4,0.49983,7.015621585,80.46887661
2590,0,random_negative,none,,cv,FALSE,3,64_61,,,,26.87993,51.24534,21.24998,2.26444,5.21282,1.16782,0.06856,1.21355,14.56376,26.86137,,1.19768,6.860399622,80.72302756
2591,0,random_negative,none,,cv,FALSE,1,66_68,,,,24.05891,53.73086,20.84968,2.16382,5.29135,1.20307,0.06387,7.40976,15.3104,30.02828,2,5.0282,7.055831701,80.76081589
2592,0,random_negative,none,,cv,FALSE,4,62_62,,,,26.34684,53.22498,19.95235,2.22316,5.2248,1.19039,0.06297,1.11186,14.55363,25.93567,3,1.52885,6.884603591,80.66304474
2593,0,random_negative,none,,cv,FALSE,4,69_68,,,,20.70352,57.3457,19.83476,2.2124,5.44673,1.2016,0.06353,14.9228,16.04194,34.28411,2,3.08707,7.057707787,80.85975531
2594,0,random_negative,none,,cv,FALSE,4,65_65,,,,27.13216,49.97375,22.01589,2.34451,5.28454,1.14137,0.07078,3.58337,15.79304,29.68754,1,1.48799,6.96154374,80.75421403
2595,0,random_negative,none,,cv,FALSE,3,64_60,,,,25.45198,53.72686,19.85252,2.25585,5.21623,1.18269,0.06637,2.03297,14.55661,25.7474,2,2.02363,6.832325693,80.70183916
2596,0,random_negative,none,,cv,FALSE,0,61_62,,,,23.951,57.54012,17.61042,2.27212,5.12578,1.21258,0.06361,1.84454,14.49268,23.9549,2,2.62854,6.897275988,80.62697939
2597,0,random_negative,none,,cv,FALSE,0,60_64,,,,21.82103,60.51346,16.85585,2.22491,5.1219,1.19238,0.06603,1.34248,13.67719,21.61855,1,1.85768,6.939672603,80.61875287
2598,0,random_negative,none,,cv,FALSE,2,63_57,,,,23.05848,57.35611,17.99872,2.27842,5.26141,1.23882,0.06161,4.4635,14.30698,25.41455,2,2.37278,6.758542379,80.69998797
2599,0,random_negative,none,,cv,FALSE,0,67_74,,,,20.66819,61.75211,16.37514,1.06046,5.78762,1.34178,0.05385,7.25034,13.63329,26.84887,4,3.68482,7.21834305,80.79041619
2600,0,random_negative,none,,cv,FALSE,0,61_62,,,,24.9052,55.50318,18.86044,2.21088,5.23206,1.20087,0.06146,1.54397,14.54904,24.59989,2,1.08895,6.876177201,80.64091927
2601,0,random_negative,none,,cv,FALSE,2,56_60,,,,20.65846,64.19922,13.52328,2.42398,4.96658,1.26389,0.052,5.58774,11.99712,23.64486,3,4.3281,6.823393851,80.49284194
2602,0,random_negative,none,,cv,FALSE,2,61_58,,,,22.5221,59.84136,15.87051,2.45076,5.18901,1.26989,0.05748,5.07268,13.68406,24.20092,1,2.10219,6.771349747,80.6214659
2603,0,random_negative,none,,cv,FALSE,2,65_69,,,,24.66517,53.62088,20.35505,2.12673,5.32931,1.21208,0.06209,6.52976,14.58031,29.64149,2,2.86989,7.082520064,80.73079626
2604,0,random_negative,none,,cv,FALSE,1,67_67,,,,23.85615,53.50291,21.11535,2.2332,5.30691,1.1706,0.06613,9.04595,15.67885,31.70338,2,1.87662,7.01906729,80.79365132
2605,0,random_negative,none,,cv,FALSE,0,67_64,,,,27.66862,48.59351,22.90384,2.2432,5.30847,1.12996,0.07352,3.48018,15.61095,30.31234,2,0.88917,6.947899493,80.78776762
2606,0,random_negative,none,,cv,FALSE,1,60_63,,,,21.41122,61.5727,15.98941,2.22945,5.0841,1.23791,0.06248,2.05617,14.12648,21.55467,3,2.43631,6.908334552,80.60093936
2607,0,random_negative,none,,cv,FALSE,4,65_72,,,,23.06815,56.78013,18.69754,1.51566,5.51831,1.26583,0.0553,5.7516,14.22265,27.34209,1,4.96512,7.162423729,80.74394142
2608,0,random_negative,none,,cv,FALSE,0,66_66,,,,25.43598,51.76109,21.54505,2.26122,5.29153,1.15599,0.0682,6.72541,15.84406,30.87529,2,1.2763,6.988946567,80.77729792
2609,0,random_negative,none,,cv,FALSE,2,62_58,,,,23.67903,57.10041,17.59594,2.25039,5.21984,1.25204,0.06112,4.46377,13.9483,25.44461,1,3.72295,6.774215482,80.66682029
2610,0,random_negative,none,,cv,FALSE,3,70_66,,,,18.26717,59.03696,20.02216,2.03962,5.42137,1.18954,0.06893,18.95098,15.18614,35.9423,2,2.46159,6.989104013,80.88856404
2611,0,random_negative,none,,cv,FALSE,1,63_63,,,,30.69577,47.30192,22.63549,2.29027,5.2369,1.16839,0.06223,-0.84787,15.16308,29.42318,1,2.12422,6.917077602,80.67422345
2612,0,random_negative,none,,cv,FALSE,1,72_71,,,,15.11939,66.20889,16.74877,1.18119,5.71919,1.33078,0.05877,14.79393,13.76648,28.75246,2,9.03218,7.118744402,80.94168837
2613,0,random_negative,none,,cv,FALSE,3,71_73,,,,14.61859,68.08608,15.78157,0.98659,5.83057,1.38214,0.05503,13.21053,13.495,26.66755,,3.22471,7.185674494,80.89456722
2614,0,random_negative,none,,cv,FALSE,4,62_65,,,,25.38687,54.28104,19.81686,2.32046,5.23025,1.16811,0.06805,1.3568,15.34732,25.62009,4,2.60514,6.973187108,80.66582884
2615,0,random_negative,none,,cv,FALSE,4,67_60,,,,26.07837,49.26952,23.76161,2.24454,5.23816,1.17247,0.07736,-0.90061,14.09148,24.46713,1,2.85048,6.827202272,80.80472003
2616,0,random_negative,none,,cv,FALSE,3,72_67,,,,16.8371,61.34152,19.09455,2.06676,5.47377,1.22259,0.06591,20.07616,15.52609,35.59878,4,5.87839,7.033075258,80.92701438
2617,0,random_negative,none,,cv,FALSE,0,67_64,,,,26.06553,50.48616,22.22519,2.23094,5.31431,1.13463,0.07373,5.53127,15.6133,30.59453,1,0.24756,6.951136066,80.80115317
2618,0,random_negative,none,,cv,FALSE,1,66_65,,,,27.2113,49.36278,22.53472,2.22925,5.3159,1.13526,0.07251,3.82686,15.60966,30.10894,2,0.71147,6.955967699,80.77759344
2619,0,random_negative,none,,cv,FALSE,2,64_57,,,,23.12863,57.10828,18.19389,2.28122,5.2636,1.23595,0.06229,4.44246,14.30832,25.57464,1,2.44806,6.760741767,80.71092335
2620,0,random_negative,none,,cv,FALSE,3,64_69,,,,24.83978,54.10171,19.92893,2.1169,5.34313,1.21749,0.06212,4.82191,14.57467,28.35735,2,2.46443,7.074186531,80.70153677
2621,0,random_negative,none,,cv,FALSE,4,67_73,,,,21.72487,59.44564,17.40407,1.34666,5.69788,1.3098,0.05435,6.86555,13.88259,27.29808,1,5.50213,7.194241953,80.78342752
2622,0,random_negative,none,,cv,FALSE,1,56_67,,,,19.62916,64.91001,14.14933,1.56044,5.23111,1.32033,0.06184,2.91287,12.12906,21.07783,1,3.29222,7.021148471,80.50230124
2623,0,random_negative,none,,cv,FALSE,0,55_65,,,,20.20901,64.57831,13.77855,2.03141,5.07949,1.26276,0.0595,3.37971,12.65533,21.91496,2,2.80276,6.956832454,80.45971276
2624,0,random_negative,none,,cv,FALSE,1,58_60,,,,21.0251,62.88512,14.45185,2.40994,5.07485,1.26292,0.05966,4.10604,13.25179,21.71865,,1.16825,6.840653702,80.55492793
2625,0,random_negative,none,,cv,FALSE,3,66_58,,,,23.97854,54.00631,20.57475,2.17372,5.36841,1.21688,0.07158,3.92302,14.70015,26.41773,1,2.01533,6.775564305,80.76263848
2626,0,random_negative,none,,cv,FALSE,4,67_70,,,,22.53132,55.78422,19.81817,1.49265,5.49282,1.27539,0.05778,9.97567,14.33553,30.52788,3,3.74388,7.10507778,80.78350984
2627,0,random_negative,none,,cv,FALSE,3,65_58,,,,24.54761,54.61833,19.4761,2.28236,5.22197,1.20008,0.06675,3.73482,13.9607,26.56594,1,3.3906,6.789345187,80.72921504
2628,0,random_negative,none,,cv,FALSE,0,65_60,,,,25.73108,52.66224,20.58053,2.30019,5.18411,1.18105,0.06903,2.4787,13.96551,26.73067,2,1.67592,6.820165329,80.73153713
2629,0,random_negative,none,,cv,FALSE,4,60_59,,,,22.57508,60.09766,15.30142,2.44447,5.18003,1.2471,0.05784,4.50507,13.68269,22.464,2,1.69936,6.798481325,80.60671821
2630,0,random_negative,none,,cv,FALSE,0,59_63,,,,18.59388,65.98182,14.16425,2.18133,5.1017,1.26001,0.06059,2.63921,13.39654,19.38733,3,2.67754,6.924130705,80.57200077
2631,0,random_negative,none,,cv,FALSE,1,57_62,,,,20.17237,64.45999,13.87486,2.18674,5.05445,1.26084,0.05904,3.44179,13.39053,21.18793,4,1.64053,6.894236329,80.5312247
2632,0,random_negative,none,,cv,FALSE,0,61_62,,,,23.951,57.54012,17.61042,2.27212,5.12578,1.21258,0.06361,1.84454,14.49268,23.9549,3,2.72534,6.894274367,80.62573482
2633,0,random_negative,none,,cv,FALSE,0,60_64,,,,21.82103,60.51346,16.85585,2.22491,5.1219,1.19238,0.06603,1.34248,13.67719,21.61855,1,1.25156,6.939662778,80.61089217
2634,0,random_negative,none,,cv,FALSE,1,68_65,,,,22.92756,54.59123,20.69811,2.2192,5.39065,1.15596,0.07017,10.03608,15.56118,31.66566,1,1.75753,6.972254399,80.83574559
2635,0,random_negative,none,,cv,FALSE,4,67_70,,,,21.59369,57.70157,19.06381,1.49034,5.52158,1.27731,0.05678,9.828,14.33682,29.8141,2,5.58868,7.116889171,80.80112213
2636,0,random_negative,none,,cv,FALSE,0,65_60,,,,25.79804,52.56084,20.71558,2.2734,5.21524,1.177,0.06925,1.68986,14.56194,26.07144,2,1.18578,6.833641345,80.73009114
2637,0,random_negative,none,,cv,FALSE,1,71_71,,,,15.65482,65.41071,17.08869,1.31408,5.70181,1.32627,0.05739,14.35158,13.86723,28.81692,3,8.17918,7.126290409,80.91385216
2638,0,random_negative,none,,cv,FALSE,3,62_63,,,,30.69577,47.30192,22.63549,2.29027,5.2369,1.16839,0.06223,-0.84787,15.16308,29.42318,1,1.7547,6.919841841,80.67219901
2639,0,random_negative,none,,cv,FALSE,0,66_66,,,,25.65367,51.75705,21.31914,2.3073,5.30875,1.15743,0.06967,5.5127,15.79234,29.91033,1,1.44836,6.993528851,80.76246459
2640,0,random_negative,none,,cv,FALSE,1,73_68,,,,16.89113,62.62784,18.13708,2.02749,5.54527,1.24836,0.06272,16.25704,15.51543,31.91845,3,8.50457,7.058146866,80.94835943
2641,0,random_negative,none,,cv,FALSE,4,62_62,,,,26.34684,53.22498,19.95235,2.22316,5.2248,1.19039,0.06297,1.11186,14.55363,25.93567,1,1.76849,6.882427978,80.66581702
2642,0,random_negative,none,,cv,FALSE,3,64_60,,,,25.73108,52.66224,20.58053,2.30019,5.18411,1.18105,0.06903,2.4787,13.96551,26.73067,2,0.97743,6.824087915,80.72657414
2643,0,random_negative,none,,cv,FALSE,0,62_61,,,,25.4746,54.42345,19.31492,2.22842,5.22264,1.19424,0.06314,1.67821,14.55191,25.26703,3,2.73869,6.858409143,80.66214037
2644,0,random_negative,none,,cv,FALSE,2,62_59,,,,24.38399,55.84861,18.38936,2.35806,5.14164,1.21268,0.06329,3.65611,14.01494,25.61739,1,1.66516,6.80146712,80.66740686
2645,0,random_negative,none,,cv,FALSE,1,65_62,,,,28.77503,48.18956,22.7335,2.25649,5.28174,1.15004,0.0695,0.89282,15.33587,28.81794,1,4.92871,6.89904271,80.73208811
2646,0,random_negative,none,,cv,FALSE,1,68_67,,,,20.97178,57.16527,19.87242,2.1505,5.45501,1.19012,0.06478,12.84912,15.38994,32.50625,3,1.98411,7.028523564,80.83210165
2647,0,random_negative,none,,cv,FALSE,3,67_61,,,,26.68704,49.19637,23.29156,2.20981,5.25918,1.16536,0.07684,0.33068,14.69006,26.24286,2,1.17238,6.859270929,80.79281454
2648,0,random_negative,none,,cv,FALSE,2,68_71,,,,20.98376,58.97023,18.54925,1.51274,5.55312,1.2805,0.056,9.81549,14.85984,29.48142,2,5.0067,7.134294368,80.83018901
2649,0,random_negative,none,,cv,FALSE,1,63_59,,,,25.11099,54.23114,19.48551,2.28151,5.19113,1.19748,0.06588,3.1275,13.95895,26.34426,4,3.30109,6.810360778,80.69750653
2650,0,random_negative,none,,cv,FALSE,3,66_76,,,,31.05838,51.26968,15.94139,1.03517,5.7031,1.33657,0.05242,9.62608,12.77545,39.76093,3,1.50346,7.265186274,80.75726632
2651,0,random_negative,none,,cv,FALSE,2,56_59,,,,20.96237,63.6939,13.65507,2.6294,4.98553,1.26289,0.0505,5.76852,11.65302,23.89186,2,4.4396,6.805442898,80.49983177
2652,0,random_negative,none,,cv,FALSE,3,68_62,,,,26.21155,49.98166,22.76112,2.19337,5.2657,1.16857,0.07662,2.09019,14.69276,27.48192,1,1.72115,6.875933524,80.81458803
2653,0,random_negative,none,,cv,FALSE,0,61_65,,,,23.477,57.34903,18.48072,2.22625,5.19292,1.19173,0.06572,1.16091,14.58444,23.39023,1,4.53529,6.978551519,80.64053353
2654,0,random_negative,none,,cv,FALSE,4,70_70,,,,17.68187,62.36817,18.248,2.11406,5.54674,1.25831,0.05937,13.93118,15.2195,30.43309,2,7.7174,7.110014249,80.88807928
2655,0,random_negative,none,,cv,FALSE,1,65_68,,,,24.56678,53.50716,20.89044,2.18507,5.27747,1.19456,0.0646,5.71589,15.30951,29.16711,1,3.21539,7.044218113,80.73610757
2656,0,random_negative,none,,cv,FALSE,4,67_66,,,,24.54327,52.63778,21.31378,2.25108,5.29399,1.15922,0.06816,8.47186,15.84629,31.638,1,0.59303,7.00700523,80.79548778
2657,0,random_negative,none,,cv,FALSE,2,67_71,,,,22.0391,57.1759,19.30158,2.11766,5.47512,1.24376,0.05889,9.39915,15.66938,29.99444,2,6.00953,7.123296647,80.809366
2658,0,random_negative,none,,cv,FALSE,2,66_64,,,,28.52406,47.9238,23.03683,2.24881,5.30872,1.15097,0.07253,1.90684,15.60728,29.64411,1,2.79591,6.939553878,80.75695777
2659,0,random_negative,none,,cv,FALSE,3,64_68,,,,24.96599,53.65433,20.30433,2.14609,5.31411,1.20505,0.0628,5.22037,14.57895,28.92936,2,3.7451,7.063328259,80.70950982
2660,0,random_negative,none,,cv,FALSE,2,71_68,,,,17.60564,60.03266,19.64561,2.14672,5.45969,1.2107,0.06484,21.0075,15.84769,37.24513,1,5.21013,7.042092291,80.89558069
2661,0,random_negative,none,,cv,FALSE,2,63_65,,,,25.82895,53.22478,20.4308,2.27802,5.27513,1.17187,0.06698,1.71002,15.42003,26.4643,3,3.89607,6.982273755,80.68414476
2662,0,random_negative,none,,cv,FALSE,4,69_72,,,,17.16229,64.1234,17.19297,1.30191,5.73279,1.33051,0.05505,11.84856,13.86828,27.7799,2,3.26775,7.16460605,80.8565474
2663,0,random_negative,none,,cv,FALSE,4,64_63,,,,29.20984,47.84135,22.81355,2.24629,5.28791,1.15277,0.0684,0.73247,15.33566,29.17385,1,3.70798,6.90465977,80.72197568
2664,0,random_negative,none,,cv,FALSE,2,71_72,,,,14.41916,68.03527,15.8425,0.98909,5.81198,1.37747,0.05621,13.85597,13.4975,27.06665,2,4.33244,7.163770185,80.90506935
2665,0,random_negative,none,,cv,FALSE,0,63_60,,,,24.95505,54.65394,19.29176,2.25019,5.2179,1.19021,0.06527,2.37375,14.55364,25.36661,3,3.52367,6.824024978,80.68770988
2666,0,random_negative,none,,cv,FALSE,3,60_60,,,,23.31134,58.69038,16.28017,2.28701,5.09834,1.23601,0.06191,3.9933,13.43248,23.59994,1,3.97617,6.825909658,80.61487428
2667,0,random_negative,none,,cv,FALSE,3,64_65,,,,26.75268,51.33839,21.23345,2.31323,5.31859,1.15111,0.0674,2.43938,15.78432,28.11731,3,4.79547,6.972496509,80.70864837
2668,0,random_negative,none,,cv,FALSE,0,63_70,,,,24.25963,55.35853,19.11577,1.50216,5.37909,1.25675,0.06078,4.65188,13.96678,27.51883,2,3.15341,7.102599882,80.69740954
2669,0,random_negative,none,,cv,FALSE,3,66_58,,,,24.28387,53.45945,20.89404,2.18259,5.35352,1.20008,0.07238,3.44578,14.70139,26.29919,2,2.30378,6.783424821,80.76406223
2670,0,random_negative,none,,cv,FALSE,3,57_59,,,,20.71071,64.40446,13.17487,2.60069,5.08383,1.28152,0.0545,5.2191,11.94741,22.51201,2,3.01043,6.803125812,80.52944337
2671,0,random_negative,none,,cv,FALSE,3,60_60,,,,22.674,59.79366,15.87033,2.27488,5.08792,1.24283,0.06106,3.94945,13.42733,23.09673,2,2.54075,6.844288251,80.59491748
2672,0,random_negative,none,,cv,FALSE,3,60_58,,,,22.34522,60.40522,15.29363,2.44545,5.1863,1.25261,0.05692,4.93473,13.68127,23.13326,3,2.36034,6.776677202,80.60326426
2673,0,random_negative,none,,cv,FALSE,3,70_66,,,,19.42849,58.08323,20.02096,2.18293,5.42612,1.17551,0.06783,17.45563,15.39727,35.61278,1,4.14907,6.998111368,80.86978932
2674,0,random_negative,none,,cv,FALSE,2,55_67,,,,19.49656,65.50261,13.61031,1.56036,5.20334,1.30811,0.06124,3.54352,12.12531,21.51803,4,0.65003,7.014121797,80.47002779
2675,0,random_negative,none,,cv,FALSE,4,69_68,,,,19.4395,58.98867,19.31613,2.12533,5.49198,1.20155,0.0635,15.70486,15.38957,33.7682,2,2.18773,7.047406105,80.85941273
2676,0,random_negative,none,,cv,FALSE,0,61_61,,,,24.29083,56.40937,18.21192,2.21883,5.22684,1.21441,0.06166,2.19389,14.54692,24.09079,2,1.97202,6.855040328,80.6397131
2677,0,random_negative,none,,cv,FALSE,4,59_65,,,,16.45416,68.4999,13.92214,2.27221,5.14994,1.22367,0.06329,1.92101,13.41946,17.00532,2,3.17979,6.962277452,80.58728006
2678,0,random_negative,none,,cv,FALSE,2,55_67,,,,19.98132,64.70232,13.93577,1.55249,5.21338,1.32773,0.06251,3.425,12.1259,21.9362,2,1.48427,7.031439889,80.47702691
2679,0,random_negative,none,,cv,FALSE,3,71_67,,,,16.97676,60.01421,20.00168,2.15746,5.44164,1.20461,0.06585,24.28684,15.84972,39.84424,1,5.10741,7.029902165,80.89622983
2680,0,random_negative,none,,cv,FALSE,4,62_65,,,,25.05748,54.699,19.62947,2.30956,5.2367,1.17304,0.06794,1.61019,15.3464,25.50813,4,3.48348,6.981151931,80.66531519
2681,0,random_negative,none,,cv,FALSE,0,58_63,,,,19.57816,64.95632,14.08636,2.1844,5.0783,1.26068,0.05985,3.04004,13.39347,20.45109,2,2.42814,6.904315752,80.54845624
2682,0,random_negative,none,,cv,FALSE,1,72_68,,,,17.00524,62.27855,18.33705,2.03153,5.53465,1.24324,0.06299,16.85973,15.51759,32.61275,3,9.25108,7.063642553,80.93164214
2683,0,random_negative,none,,cv,FALSE,0,56_65,,,,18.33587,66.91832,13.5141,2.1752,5.13782,1.25663,0.06249,1.98634,12.79149,18.6977,3,1.40881,6.96931303,80.50726838
2684,0,random_negative,none,,cv,FALSE,2,58_62,,,,20.28311,63.8491,14.49927,2.19933,5.07574,1.25573,0.06001,3.01451,13.39695,20.98922,2,0.81798,6.900404247,80.5626091
2685,0,random_negative,none,,cv,FALSE,0,66_75,,,,22.07332,61.21569,15.57588,1.06116,5.80423,1.34218,0.05338,6.31417,13.63218,27.49205,3,1.41488,7.237350974,80.78192901
2686,0,random_negative,none,,cv,FALSE,2,60_61,,,,22.44407,59.79161,16.57329,2.19938,5.13835,1.22942,0.0628,2.29743,14.1157,22.18245,2,1.28173,6.867825608,80.60601256
2687,0,random_negative,none,,cv,FALSE,3,71_73,,,,14.25298,68.73453,15.56094,0.98394,5.84814,1.38837,0.05447,13.21381,13.49065,26.35034,2,1.53529,7.194093057,80.90741924
2688,0,random_negative,none,,cv,FALSE,0,61_62,,,,23.4967,57.96305,17.71854,2.20331,5.14492,1.21763,0.06368,1.65859,14.12154,23.22191,2,2.43232,6.891690797,80.62634696
2689,0,random_negative,none,,cv,FALSE,2,60_69,,,,24.31898,56.58553,18.19382,1.4928,5.41647,1.25378,0.0661,0.30235,13.45329,23.25142,1,2.95008,7.065220049,80.60223223
2690,0,random_negative,none,,cv,FALSE,0,66_61,,,,27.05619,49.4066,22.82639,2.20457,5.25909,1.15356,0.0747,0.54808,14.6881,26.68396,2,1.80452,6.859045409,80.76358988
2691,0,random_negative,none,,cv,FALSE,4,62_62,,,,28.7133,49.90223,21.51615,2.22255,5.22411,1.18154,0.06342,0.03818,14.55767,27.85361,1,3.04537,6.896477413,80.67208048
2692,0,random_negative,none,,cv,FALSE,2,70_67,,,,18.13054,59.21321,19.88167,2.15853,5.45253,1.18504,0.06638,21.28707,15.39593,38.03347,1,3.32378,7.019124014,80.87804643
2693,0,random_negative,none,,cv,FALSE,0,67_59,,,,24.43901,52.62458,21.6022,2.19084,5.34525,1.18174,0.07488,2.71142,14.70431,25.97398,1,2.08135,6.793563265,80.79069477
2694,0,random_negative,none,,cv,FALSE,3,66_63,,,,31.32855,43.84139,24.69293,2.22925,5.24358,1.14467,0.07204,0.30931,14.85401,31.26253,1,3.16206,6.921882712,80.77479044
2695,0,random_negative,none,,cv,FALSE,0,56_65,,,,19.84777,64.69874,14.06133,2.03952,5.11286,1.25949,0.06044,2.87166,12.65878,21.05298,2,2.60083,6.964336776,80.48755916
2696,0,random_negative,none,,cv,FALSE,0,73_71,,,,15.02914,66.53119,16.57215,1.17569,5.73631,1.33574,0.05814,14.49155,13.76373,28.37415,1,8.08248,7.126951759,80.94751679
2697,0,random_negative,none,,cv,FALSE,1,65_76,,,,27.79932,51.6452,18.78191,1.0377,5.70452,1.33735,0.05294,3.63944,12.77567,30.60726,,2.07132,7.271233398,80.75128223
2698,0,random_negative,none,,cv,FALSE,0,62_61,,,,24.99699,55.24994,18.87817,2.22247,5.22537,1.20723,0.06237,1.82312,14.54979,24.77431,3,2.52808,6.857366419,80.65322479
2699,0,random_negative,none,,cv,FALSE,1,65_62,,,,28.44716,48.17393,22.90623,2.2712,5.27376,1.14464,0.07145,0.94123,15.33717,28.5332,4,4.53279,6.890798674,80.74603136
2700,0,random_negative,none,,cv,FALSE,4,69_68,,,,20.70352,57.3457,19.83476,2.2124,5.44673,1.2016,0.06353,14.9228,16.04194,34.28411,1,3.22743,7.056843543,80.86146765
2701,0,random_negative,none,,cv,FALSE,4,59_58,,,,22.12202,61.50723,14.34635,2.37297,5.15455,1.26421,0.05684,5.20028,12.29836,23.12745,2,5.096,6.769096056,80.57877722
2702,0,random_negative,none,,cv,FALSE,1,68_65,,,,23.39372,53.67582,21.2793,2.23249,5.3332,1.15542,0.0711,9.21706,15.67962,31.38673,3,1.93548,6.961633256,80.83538575
2703,0,random_negative,none,,cv,FALSE,4,60_62,,,,22.89677,58.97604,17.11473,2.20136,5.14192,1.22362,0.06324,1.98899,14.11855,22.64748,2,1.99845,6.884597529,80.61807103
2704,0,random_negative,none,,cv,FALSE,1,58_60,,,,21.0251,62.88512,14.45185,2.40994,5.07485,1.26292,0.05966,4.10604,13.25179,21.71865,2,1.35826,6.842967252,80.56295101
2705,0,random_negative,none,,cv,FALSE,4,62_65,,,,24.55708,55.73567,19.17297,2.24475,5.1813,1.18207,0.06613,0.95554,14.5883,24.34047,1,2.47448,6.965586159,80.65393125
2706,0,random_negative,none,,cv,FALSE,3,71_70,,,,16.51088,63.85368,17.69452,1.957,5.60714,1.28018,0.06131,14.16363,14.52316,29.45365,2,9.43441,7.109358912,80.90726391
2707,0,random_negative,none,,cv,FALSE,4,67_65,,,,25.7031,51.15271,21.88991,2.292,5.26839,1.14247,0.07024,6.77816,15.8484,31.31418,2,0.81241,6.977570506,80.79445701
2708,0,random_negative,none,,cv,FALSE,4,65_63,,,,28.84241,47.86383,22.95278,2.25599,5.2814,1.14706,0.07007,1.07307,15.33807,29.12542,2,4.90318,6.908784732,80.7389625
2709,0,random_negative,none,,cv,FALSE,0,61_61,,,,23.9239,57.46097,17.50499,2.26296,5.17809,1.22143,0.06203,2.44639,14.24572,24.02283,1,0.79221,6.867272037,80.6233717
2710,0,random_negative,none,,cv,FALSE,0,66_59,,,,25.24105,52.28065,21.22919,2.23952,5.32943,1.19597,0.07234,3.00375,14.89463,26.82146,2,4.02807,6.798817108,80.75770903
2711,0,random_negative,none,,cv,FALSE,2,69_67,,,,20.03966,58.01386,19.73794,2.1496,5.45903,1.19001,0.06512,15.14329,15.3918,33.85586,2,0.60718,7.02626834,80.85403155
2712,0,random_negative,none,,cv,FALSE,0,65_60,,,,25.87365,52.19793,21.00867,2.2793,5.21548,1.1732,0.07027,1.52534,14.56368,26.07658,1,1.96235,6.836129703,80.73666216
2713,0,random_negative,none,,cv,FALSE,2,59_61,,,,21.48376,61.6561,15.29971,2.20224,5.05684,1.25277,0.062,3.53063,13.29881,21.7326,3,1.10674,6.851969891,80.57959556
2714,0,random_negative,none,,cv,FALSE,3,63_64,,,,28.60106,49.38439,21.93054,2.33918,5.30338,1.14495,0.06727,0.65534,15.78344,28.4562,1,2.30002,6.948949325,80.69141804
2715,0,random_negative,none,,cv,FALSE,2,54_65,,,,20.2801,64.4423,13.84384,2.02353,5.08521,1.26561,0.05986,3.36825,12.65482,22.01293,2,2.42395,6.968346028,80.45141976
2716,0,random_negative,none,,cv,FALSE,3,64_60,,,,25.64635,53.01444,20.30092,2.29486,5.18335,1.18482,0.06807,2.62667,13.96366,26.69042,1,0.65679,6.824173217,80.72115204
2717,0,random_negative,none,,cv,FALSE,4,62_68,,,,24.34832,56.04641,18.47076,1.57795,5.35388,1.21173,0.06509,2.68971,14.07753,25.54145,1,3.11961,7.054748824,80.65740793
2718,0,random_negative,none,,cv,FALSE,0,59_68,,,,22.78191,59.47935,16.80025,1.60551,5.30702,1.23522,0.06072,0.91545,12.99386,22.38365,3,3.26913,7.047485195,80.59089794
2719,0,random_negative,none,,cv,FALSE,2,58_62,,,,21.06402,62.81201,14.66852,2.21455,5.06335,1.25433,0.05984,3.21174,13.39875,21.62171,2,1.71204,6.882826949,80.56132473
2720,0,random_negative,none,,cv,FALSE,1,65_68,,,,24.42,53.6779,20.7784,2.17205,5.28862,1.20031,0.06414,5.98404,15.30834,29.19224,1,4.1065,7.052487448,80.73800651
2721,0,random_negative,none,,cv,FALSE,2,60_61,,,,22.97111,59.22889,16.42787,2.29484,5.0669,1.23587,0.06342,3.0873,13.65611,23.23707,2,2.05883,6.861044052,80.60803062
2722,0,random_negative,none,,cv,FALSE,4,67_60,,,,26.56121,49.1431,23.53955,2.21744,5.25951,1.16469,0.07676,-0.78279,14.68724,24.99669,1,3.555,6.837927029,80.78944026
2723,0,random_negative,none,,cv,FALSE,0,68_60,,,,25.51218,50.55276,22.7415,2.23541,5.22973,1.17038,0.07768,1.52517,14.09388,26.1974,2,4.17293,6.841063203,80.82165693
2724,0,random_negative,none,,cv,FALSE,1,58_58,,,,21.70216,62.02941,14.12987,2.40855,5.11872,1.26253,0.05718,5.2163,13.02746,22.0351,1,5.78483,6.784920494,80.56396815
2725,0,random_negative,none,,cv,FALSE,3,68_62,,,,26.39712,49.78312,22.79103,2.188,5.26597,1.16901,0.07627,2.4251,14.69385,28.01461,1,2.28885,6.889229129,80.81060679
2726,0,random_negative,none,,cv,FALSE,3,65_66,,,,25.41059,52.36899,21.46197,2.30742,5.27705,1.16271,0.06621,4.19848,15.65147,28.443,1,3.58651,6.994045073,80.74074091
2727,0,random_negative,none,,cv,FALSE,4,73_70,,,,14.89909,66.5968,16.58774,1.17975,5.72715,1.33413,0.05864,14.68574,13.7644,28.4444,2,9.54436,7.113734257,80.95277274
2728,0,random_negative,none,,cv,FALSE,3,70_66,,,,17.61721,59.35479,20.14319,2.0294,5.43005,1.19192,0.06829,21.86824,15.18598,38.13731,1,3.55289,7.000291413,80.88928024
2729,0,random_negative,none,,cv,FALSE,3,64_60,,,,25.45198,53.72686,19.85252,2.25585,5.21623,1.18269,0.06637,2.03297,14.55661,25.7474,2,1.75786,6.828909562,80.70413282
2730,0,random_negative,none,,cv,FALSE,2,55_67,,,,19.99261,64.57443,14.07886,1.55377,5.22066,1.32568,0.06252,3.22086,12.12705,21.75217,2,1.24086,7.02695123,80.4788168
2731,0,random_negative,none,,cv,FALSE,0,58_63,,,,18.59388,65.98182,14.16425,2.18133,5.1017,1.26001,0.06059,2.63921,13.39654,19.38733,2,2.87282,6.92540779,80.56457687
2732,0,random_negative,none,,cv,FALSE,1,60_63,,,,21.20968,61.89845,15.84244,2.21417,5.09602,1.23914,0.06153,2.32927,13.40619,21.68081,2,1.456,6.920036624,80.5963876
2733,0,random_negative,none,,cv,FALSE,3,64_61,,,,26.22921,52.61003,20.4187,2.25419,5.21487,1.17823,0.0666,1.55165,14.5589,26.26128,4,1.71254,6.851108639,80.70454446
2734,0,random_negative,none,,cv,FALSE,1,68_66,,,,22.66042,54.6917,20.8582,2.13647,5.37763,1.16568,0.06881,11.20468,15.38104,32.77726,1,2.6804,6.990500232,80.83294445
2735,0,random_negative,none,,cv,FALSE,0,59_68,,,,21.71866,61.19328,16.11674,1.60589,5.29519,1.27815,0.06029,0.92304,12.99115,21.31077,3,2.7106,7.043196629,80.57067612
2736,0,random_negative,none,,cv,FALSE,4,59_58,,,,21.97304,61.58833,14.18334,2.41209,5.1225,1.25947,0.05776,5.06027,13.02984,21.6975,2,4.49053,6.783804958,80.57961438
2737,0,random_negative,none,,cv,FALSE,2,58_62,,,,21.01884,62.70313,14.91597,2.21451,5.0724,1.25071,0.06025,2.98986,13.40048,21.54503,2,1.10933,6.892111504,80.56379852
2738,0,random_negative,none,,cv,FALSE,4,60_62,,,,23.17663,58.8424,17.11965,2.25238,5.07639,1.2259,0.06321,1.76809,14.13318,23.05432,1,2.14391,6.894963667,80.61107639
2739,0,random_negative,none,,cv,FALSE,0,66_75,,,,23.39809,59.13809,15.92077,1.09695,5.72739,1.32017,0.0542,5.92185,13.38559,28.17576,3,2.26452,7.233169645,80.76831769
2740,0,random_negative,none,,cv,FALSE,0,67_64,,,,28.02587,47.96839,23.20983,2.25607,5.30307,1.12529,0.07452,3.13747,15.6121,30.407,1,1.70989,6.936711195,80.7951153
2741,0,random_negative,none,,cv,FALSE,4,67_60,,,,26.07837,49.26952,23.76161,2.24454,5.23816,1.17247,0.07736,-0.90061,14.09148,24.46713,1,2.9361,6.828151548,80.80783858
2742,0,random_negative,none,,cv,FALSE,3,64_68,,,,24.96599,53.65433,20.30433,2.14609,5.31411,1.20505,0.0628,5.22037,14.57895,28.92936,2,3.92161,7.063894218,80.71162774
2743,0,random_negative,none,,cv,FALSE,3,60_60,,,,23.31134,58.69038,16.28017,2.28701,5.09834,1.23601,0.06191,3.9933,13.43248,23.59994,1,4.08313,6.82713979,80.61753317
2744,0,random_negative,none,,cv,FALSE,2,65_64,,,,28.87911,48.20969,22.52894,2.27431,5.27624,1.15837,0.06723,2.01988,15.4533,30.08113,2,3.53222,6.933823136,80.73173566
2745,0,random_negative,none,,cv,FALSE,4,69_68,,,,19.93999,58.29633,19.57036,2.13754,5.47359,1.19568,0.06427,14.98163,15.39033,33.56547,2,1.62708,7.04448983,80.84743946
2746,0,random_negative,none,,cv,FALSE,1,60_68,,,,23.78581,57.41691,17.89268,1.49587,5.41135,1.27055,0.0661,0.3064,13.45222,22.70608,1,2.72472,7.06298787,80.59784271
2747,0,random_negative,none,,cv,FALSE,3,54_64,,,,20.18231,64.83184,13.53996,2.04949,5.05333,1.26321,0.0584,3.53682,12.65572,21.94536,1,4.42016,6.931467764,80.44139543
2748,0,random_negative,none,,cv,FALSE,4,57_63,,,,20.03379,64.5332,14.09048,2.06987,5.06669,1.25578,0.05826,2.40778,12.63736,20.55187,2,1.12434,6.926711304,80.51492343
2749,0,random_negative,none,,cv,FALSE,3,67_72,,,,22.50388,57.88047,18.29725,1.53249,5.61086,1.28102,0.05344,7.4878,14.58487,28.64483,2,4.95403,7.169530951,80.7873131
2750,0,random_negative,none,,cv,FALSE,2,66_64,,,,27.36632,49.31412,22.50399,2.22727,5.31797,1.1384,0.07201,3.44151,15.60838,29.8791,2,1.36323,6.951476466,80.7677515
2751,0,random_negative,none,,cv,FALSE,3,65_59,,,,25.79927,52.31764,20.86609,2.30553,5.18514,1.17731,0.07003,2.2983,13.96734,26.71627,2,1.96839,6.819879067,80.73465048
2752,0,random_negative,none,,cv,FALSE,4,55_64,,,,20.09123,64.64496,13.83901,2.04482,5.08314,1.25768,0.05944,3.22737,12.65724,21.57873,2,4.10852,6.942172824,80.46358509
2753,0,random_negative,none,,cv,FALSE,1,62_67,,,,24.93161,54.89503,19.18403,2.26124,5.26727,1.19058,0.0667,2.85939,14.62041,26.37011,2,6.48352,7.021115494,80.66132583
2754,0,random_negative,none,,cv,FALSE,2,61_58,,,,22.81341,59.12094,16.42434,2.45615,5.18857,1.26367,0.05862,4.98502,13.68763,24.83869,1,3.36569,6.767257568,80.63963652
2755,0,random_negative,none,,cv,FALSE,2,59_62,,,,21.12618,62.32982,15.28474,2.22938,5.06985,1.24622,0.06159,2.51917,14.12188,21.29437,2,0.87963,6.887940613,80.58047192
2756,0,random_negative,none,,cv,FALSE,2,70_72,,,,15.32275,66.78207,16.22277,0.99151,5.7958,1.37038,0.05627,13.25922,13.50332,27.31169,2,5.71409,7.166056368,80.88099015
2757,0,random_negative,none,,cv,FALSE,0,66_66,,,,25.65367,51.75705,21.31914,2.3073,5.30875,1.15743,0.06967,5.5127,15.79234,29.91033,1,1.15948,6.989976168,80.76676931
2758,0,random_negative,none,,cv,FALSE,3,64_68,,,,24.9371,53.48006,20.44538,2.1499,5.30926,1.20287,0.06287,5.73035,14.5809,29.34924,3,4.57101,7.061264743,80.72243311
2759,0,random_negative,none,,cv,FALSE,1,60_65,,,,19.88191,63.05956,16.10695,2.2892,5.21318,1.19816,0.06262,1.42772,14.32714,19.97439,2,1.13279,6.982049774,80.60614941
2760,0,random_negative,none,,cv,FALSE,3,66_58,,,,23.97854,54.00631,20.57475,2.17372,5.36841,1.21688,0.07158,3.92302,14.70015,26.41773,1,1.79442,6.776099332,80.76495683
2761,0,random_negative,none,,cv,FALSE,0,63_60,,,,25.41041,54.16718,19.49655,2.24354,5.21797,1.18766,0.06475,1.97161,14.55399,25.49422,4,3.97048,6.840071505,80.68547572
2762,0,random_negative,none,,cv,FALSE,4,62_62,,,,25.63654,54.3523,19.40971,2.21699,5.2284,1.1956,0.0622,1.32691,14.55134,25.27768,2,0.32029,6.878091738,80.65218032
2763,0,random_negative,none,,cv,FALSE,2,63_58,,,,23.92848,56.43058,18.10243,2.25811,5.2219,1.24515,0.06241,4.3674,13.95156,25.93054,2,2.02239,6.77493396,80.68241982
2764,0,random_negative,none,,cv,FALSE,0,59_68,,,,22.26094,60.24596,16.54911,1.60974,5.30375,1.23282,0.06012,0.98232,12.99351,21.91576,3,2.01693,7.03721683,80.58602656
2765,0,random_negative,none,,cv,FALSE,2,62_66,,,,25.25858,54.48837,19.48376,2.29679,5.24687,1.17785,0.06691,2.3397,14.62369,26.27405,1,4.92941,6.994409888,80.66613536
2766,0,random_negative,none,,cv,FALSE,1,69_69,,,,20.71206,57.58544,19.64686,2.20022,5.46392,1.20778,0.0626,14.34486,16.03987,33.70734,2,2.55376,7.06523238,80.85637058
2767,0,random_negative,none,,cv,FALSE,3,67_72,,,,22.30682,57.88093,18.38064,1.51489,5.55341,1.28142,0.05545,7.89976,14.52311,28.72892,1,5.04256,7.150161049,80.79613109
2768,0,random_negative,none,,cv,FALSE,0,66_66,,,,25.08284,52.20882,21.36527,2.24753,5.30074,1.16184,0.06755,7.20183,15.84329,30.92571,3,0.32614,7.004083113,80.77478861
2769,0,random_negative,none,,cv,FALSE,4,66_67,,,,23.89437,53.67936,21.1749,2.27789,5.28513,1.17362,0.06582,7.33597,15.65472,29.81498,2,2.3896,7.021982648,80.7800927
2770,0,random_negative,none,,cv,FALSE,2,59_62,,,,20.99697,62.55739,15.18366,2.2144,5.08099,1.24699,0.06066,2.7651,13.40227,21.50109,3,1.36263,6.8999863,80.58233047
2771,0,random_negative,none,,cv,FALSE,3,61_63,,,,23.42108,58.14822,17.75846,2.193,5.13379,1.22154,0.06242,1.05448,14.11801,22.88502,3,0.99196,6.914389238,80.62700393
2772,0,random_negative,none,,cv,FALSE,0,61_65,,,,23.477,57.34903,18.48072,2.22625,5.19292,1.19173,0.06572,1.16091,14.58444,23.39023,1,4.59426,6.978719031,80.63995409
2773,0,random_negative,none,,cv,FALSE,2,69_66,,,,20.16708,57.3559,20.26769,2.06196,5.46032,1.17137,0.0684,14.86008,15.20968,33.83594,1,3.78407,6.997703151,80.8613202
2774,0,random_negative,none,,cv,FALSE,2,62_66,,,,25.25858,54.48837,19.48376,2.29679,5.24687,1.17785,0.06691,2.3397,14.62369,26.27405,1,5.05275,6.995407155,80.66489424
2775,0,random_negative,none,,cv,FALSE,2,67_71,,,,22.0391,57.1759,19.30158,2.11766,5.47512,1.24376,0.05889,9.39915,15.66938,29.99444,2,6.34619,7.126634919,80.80881818
2776,0,random_negative,none,,cv,FALSE,2,63_58,,,,23.74994,56.72782,17.92801,2.25388,5.22945,1.25079,0.06181,4.63705,13.95057,26.01407,2,2.47651,6.766263089,80.68230532
2777,0,random_negative,none,,cv,FALSE,4,59_58,,,,21.78572,61.94733,14.03059,2.40714,5.11624,1.26053,0.05759,5.01059,13.02786,21.51651,1,4.99832,6.791448015,80.56849804
2778,0,random_negative,none,,cv,FALSE,4,66_62,,,,29.33823,46.78018,23.44391,2.23848,5.24347,1.139,0.07217,1.0958,14.85174,29.75195,1,4.67261,6.895652584,80.76267963
2779,0,random_negative,none,,cv,FALSE,2,72_73,,,,13.15354,70.24828,14.95639,0.98122,5.86664,1.39589,0.05499,13.75424,13.48433,25.81555,2,2.52201,7.179042277,80.94099298
2780,0,random_negative,none,,cv,FALSE,0,68_60,,,,25.58074,50.29746,23.02772,2.23771,5.24464,1.17534,0.07721,0.4754,14.09137,25.24057,1,2.20802,6.821024444,80.81235023
2781,0,random_negative,none,,cv,FALSE,2,63_65,,,,25.82895,53.22478,20.4308,2.27802,5.27513,1.17187,0.06698,1.71002,15.42003,26.4643,4,3.41134,6.979548655,80.67887021
2782,0,random_negative,none,,cv,FALSE,1,73_73,,,,12.96877,70.42934,14.87966,0.982,5.86256,1.39485,0.05548,13.94358,13.48469,25.81208,3,3.03883,7.172634925,80.95251695
2783,0,random_negative,none,,cv,FALSE,3,67_61,,,,26.69787,49.18067,23.35288,2.21401,5.25845,1.16321,0.07657,-0.21301,14.68844,25.68488,2,2.56446,6.848518822,80.78581169
2784,0,random_negative,none,,cv,FALSE,3,64_66,,,,25.99413,52.43691,20.88566,2.27946,5.26614,1.16782,0.06796,2.69135,15.42473,27.57226,2,2.95264,6.996759369,80.706842
2785,0,random_negative,none,,cv,FALSE,3,64_65,,,,26.75268,51.33839,21.23345,2.31323,5.31859,1.15111,0.0674,2.43938,15.78432,28.11731,2,4.88115,6.976835469,80.71075887
2786,0,random_negative,none,,cv,FALSE,3,72_69,,,,17.53543,61.88809,18.18971,2.09583,5.54396,1.23174,0.06293,17.35993,15.41169,33.6005,2,9.36036,7.067847413,80.92578795
2787,0,random_negative,none,,cv,FALSE,4,66_67,,,,24.10042,53.55486,21.15074,2.27547,5.29078,1.17521,0.06552,6.78041,15.6532,29.47082,2,2.26765,7.018181258,80.7626603
2788,0,random_negative,none,,cv,FALSE,2,56_63,,,,20.68685,63.7606,14.16652,2.0786,5.04585,1.25574,0.05746,2.64995,12.63744,21.28269,4,1.80309,6.905420616,80.50210949
2789,0,random_negative,none,,cv,FALSE,3,57_59,,,,20.61024,63.88137,13.7722,2.63301,5.01264,1.27811,0.05621,5.20263,12.25467,22.41713,2,1.70647,6.815014355,80.53364974
2790,0,random_negative,none,,cv,FALSE,0,56_58,,,,20.05375,65.04847,13.13582,2.64211,4.99223,1.27479,0.05046,6.60486,11.65517,23.63301,2,4.36286,6.785491809,80.5074521
2791,0,random_negative,none,,cv,FALSE,3,67_61,,,,26.51939,49.5075,23.04799,2.20243,5.26184,1.1664,0.07679,1.17686,14.69146,26.90698,2,1.02683,6.867856335,80.80806386
2792,0,random_negative,none,,cv,FALSE,3,67_61,,,,27.17384,48.8773,23.20649,2.20481,5.2578,1.16555,0.07591,0.63781,14.69062,27.02211,1,0.85906,6.872231032,80.78858543
2793,0,random_negative,none,,cv,FALSE,2,70_72,,,,17.00961,63.89761,17.41,1.31023,5.70514,1.32411,0.05637,12.74544,13.87083,28.48254,3,5.16659,7.148489634,80.86596396
2794,0,random_negative,none,,cv,FALSE,3,71_73,,,,14.56094,68.31605,15.7019,0.98499,5.842,1.38565,0.05445,13.02781,13.4928,26.4611,2,2.28983,7.188766684,80.90258223
2795,0,random_negative,none,,cv,FALSE,4,64_64,,,,28.39868,49.05231,22.19598,2.354,5.28561,1.14352,0.06931,1.45059,15.78837,28.97901,2,3.35207,6.949127808,80.72353375
2796,0,random_negative,none,,cv,FALSE,1,71_71,,,,16.06807,65.18711,17.04767,1.30687,5.72113,1.33082,0.05618,13.44198,13.86586,28.31585,4,7.25722,7.139684394,80.89410279
2797,0,random_negative,none,,cv,FALSE,4,61_64,,,,23.49213,57.62858,18.31011,2.25037,5.17515,1.18262,0.06511,0.72403,14.58403,22.89822,1,2.24875,6.946052989,80.63750695
2798,0,random_negative,none,,cv,FALSE,0,61_61,,,,24.69545,55.80742,18.64583,2.21394,5.2299,1.20219,0.06156,1.75746,14.54837,24.42297,4,1.33748,6.870401926,80.64263564
2799,0,random_negative,none,,cv,FALSE,3,67_62,,,,28.18457,47.81001,23.4094,2.17963,5.27333,1.14269,0.07597,0.80183,15.02867,28.31381,3,2.59188,6.889831636,80.78428464
2800,0,random_negative,none,,cv,FALSE,1,62_67,,,,24.98678,54.82822,19.26121,2.27301,5.26043,1.18566,0.06676,2.71528,14.62147,26.3106,2,6.57806,7.011146654,80.66112327
2801,0,random_negative,none,,cv,FALSE,0,58_59,,,,21.16879,62.87737,14.04426,2.47689,5.09727,1.26944,0.05601,5.21494,12.8131,22.28974,3,2.90564,6.809374969,80.54731673
2802,0,random_negative,none,,cv,FALSE,3,71_73,,,,14.66914,67.85294,15.87454,0.98825,5.81855,1.3786,0.05562,13.43348,13.49723,26.90752,,3.93302,7.174801607,80.89486771
2803,0,random_negative,none,,cv,FALSE,0,60_67,,,,21.61208,60.36926,17.04755,2.26777,5.22682,1.20353,0.06379,1.51995,14.32826,21.8127,3,3.55756,7.015834452,80.61586333
2804,0,random_negative,none,,cv,FALSE,1,65_68,,,,24.38394,53.90803,20.57409,2.15696,5.30458,1.20739,0.06358,5.66168,15.3056,28.80775,2,4.03147,7.054912868,80.73050837
2805,0,random_negative,none,,cv,FALSE,2,65_67,,,,24.15581,53.76363,20.91152,2.25701,5.31437,1.18696,0.0643,6.09032,15.6492,28.78189,1,2.84925,7.028153791,80.74446449
2806,0,random_negative,none,,cv,FALSE,3,64_69,,,,24.35981,55.06183,19.37528,1.51233,5.35418,1.2499,0.06093,4.95821,13.9677,27.9714,2,2.69508,7.08544825,80.70377998
2807,0,random_negative,none,,cv,FALSE,4,55_64,,,,19.88995,64.70162,14.00116,2.06447,5.0959,1.25009,0.05971,2.93933,12.66064,20.99331,1,2.41422,6.936799387,80.48052287
2808,0,random_negative,none,,cv,FALSE,4,66_62,,,,28.12186,48.3739,22.9326,2.28025,5.27039,1.14265,0.07254,0.8903,15.33718,28.14274,2,3.10946,6.877392761,80.75635539
2809,0,random_negative,none,,cv,FALSE,4,58_61,,,,21.1506,63.0146,14.22436,2.21428,5.0442,1.26139,0.05896,3.63551,13.39546,21.83652,2,1.27762,6.859171082,80.54296913
2810,0,random_negative,none,,cv,FALSE,3,59_69,,,,24.08477,57.0367,17.97909,1.48991,5.41136,1.27386,0.06699,0.15709,13.45135,22.88018,1,1.40768,7.070700027,80.58870134
2811,0,random_negative,none,,cv,FALSE,2,62_58,,,,22.8318,58.71852,16.80313,2.41773,5.24781,1.25727,0.05956,5.39117,13.75332,25.58074,1,4.7349,6.769550131,80.65845996
2812,0,random_negative,none,,cv,FALSE,1,72_68,,,,16.96959,62.05913,18.50674,2.04167,5.5177,1.23814,0.06387,17.48121,15.51972,33.18783,4,7.69155,7.049126138,80.93772486
2813,0,random_negative,none,,cv,FALSE,1,56_67,,,,19.91288,64.6607,14.24764,2.13061,5.14949,1.29231,0.06464,1.76009,12.78916,20.23619,2,2.4222,7.010657757,80.5000315
2814,0,random_negative,none,,cv,FALSE,1,60_68,,,,24.13259,56.79574,18.17083,1.49912,5.41489,1.24929,0.06529,0.45027,13.45426,23.18767,,4.38785,7.06169288,80.61524003
2815,0,random_negative,none,,cv,FALSE,2,56_62,,,,21.56922,62.26855,14.63154,2.22183,4.95396,1.25039,0.05701,4.15634,11.97342,23.19842,2,2.3496,6.875223553,80.50739865
2816,0,random_negative,none,,cv,FALSE,0,56_64,,,,19.66283,64.93089,14.15549,2.17416,5.08727,1.22437,0.0607,1.75582,12.65711,19.59667,2,1.95522,6.932232115,80.5082454
2817,0,random_negative,none,,cv,FALSE,3,64_69,,,,24.87112,53.80461,20.18465,2.13303,5.32627,1.21042,0.06245,5.30105,14.57775,28.8518,2,3.57877,7.067934692,80.71006093
2818,0,random_negative,none,,cv,FALSE,0,58_59,,,,20.83965,63.46163,13.9069,2.36592,5.09381,1.26932,0.05749,5.08241,11.893,22.26939,3,2.28618,6.81105676,80.53900243
2819,0,random_negative,none,,cv,FALSE,2,56_60,,,,21.04246,63.80059,13.56089,2.43108,4.97254,1.2619,0.05255,5.86524,11.99888,24.1802,2,2.98402,6.823282569,80.50531526
2820,0,random_negative,none,,cv,FALSE,0,63_60,,,,24.95505,54.65394,19.29176,2.25019,5.2179,1.19021,0.06527,2.37375,14.55364,25.36661,1,2.79201,6.827280357,80.69488568
2821,0,random_negative,none,,cv,FALSE,1,66_74,,,,21.89639,59.78557,16.71841,1.09592,5.70217,1.3109,0.05517,7.16364,13.38757,27.72618,2,5.23737,7.202639285,80.77966061
2822,0,random_negative,none,,cv,FALSE,3,65_66,,,,25.41059,52.36899,21.46197,2.30742,5.27705,1.16271,0.06621,4.19848,15.65147,28.443,2,3.48083,6.994157736,80.74186231
2823,0,random_negative,none,,cv,FALSE,3,63_61,,,,26.78272,52.2628,20.46019,2.23818,5.21816,1.18186,0.06473,1.14559,14.55705,26.49023,1,3.56223,6.869774176,80.68056607
2824,0,random_negative,none,,cv,FALSE,0,73_71,,,,14.89909,66.5968,16.58774,1.17975,5.72715,1.33413,0.05864,14.68574,13.7644,28.4444,1,8.93192,7.119399852,80.95527085
2825,0,random_negative,none,,cv,FALSE,3,62_70,,,,24.56482,55.20371,19.1458,1.48602,5.39517,1.25167,0.06496,2.76033,14.22056,26.27063,1,0.95504,7.095116117,80.65713071
2826,0,random_negative,none,,cv,FALSE,4,55_64,,,,19.88995,64.70162,14.00116,2.06447,5.0959,1.25009,0.05971,2.93933,12.66064,20.99331,2,2.43515,6.937639652,80.48160161
2827,0,random_negative,none,,cv,FALSE,1,68_72,,,,21.42959,58.87029,18.29968,1.50328,5.57644,1.28661,0.0553,8.4199,14.857,28.54082,2,3.21632,7.155896582,80.81410092
2828,0,random_negative,none,,cv,FALSE,1,58_60,,,,21.0251,62.88512,14.45185,2.40994,5.07485,1.26292,0.05966,4.10604,13.25179,21.71865,2,1.3156,6.84309033,80.55969013
2829,0,random_negative,none,,cv,FALSE,4,57_63,,,,19.45738,65.4211,13.68519,2.17174,5.06651,1.2714,0.05938,3.26349,13.38873,20.5549,3,0.4526,6.91010773,80.52922508
2830,0,random_negative,none,,cv,FALSE,0,63_60,,,,25.11614,54.22758,19.58867,2.25579,5.21724,1.1925,0.06614,2.27969,14.55542,25.56694,2,2.77299,6.823172068,80.69585883
2831,0,random_negative,none,,cv,FALSE,1,57_62,,,,19.79073,65.12128,13.60773,2.1733,5.05355,1.25013,0.05896,3.45741,13.38735,20.97818,3,1.33883,6.899440121,80.51715015
2832,0,random_negative,none,,cv,FALSE,4,57_63,,,,18.7853,66.47104,13.32325,2.15061,5.07156,1.27709,0.05967,3.20572,13.38475,20.0485,3,1.16795,6.925243955,80.52291355
2833,0,random_negative,none,,cv,FALSE,2,65_69,,,,24.56893,53.77953,20.22975,2.11374,5.34289,1.21738,0.06165,6.56641,14.57912,29.51311,2,2.14026,7.090302287,80.73323221
2834,0,random_negative,none,,cv,FALSE,0,62_61,,,,26.3827,52.99836,20.06478,2.2321,5.22066,1.18733,0.06388,1.25685,14.55494,26.07482,2,2.70632,6.871818743,80.67307965
2835,0,random_negative,none,,cv,FALSE,1,57_62,,,,20.47202,64.05925,13.93963,2.19391,5.0489,1.26022,0.05889,3.53523,13.3914,21.4395,2,0.94841,6.879986372,80.53419116
2836,0,random_negative,none,,cv,FALSE,0,60_67,,,,21.81242,61.01897,16.25218,2.17646,5.24685,1.21458,0.0621,0.36513,13.35363,20.86481,3,1.79661,7.018186291,80.59919339
2837,0,random_negative,none,,cv,FALSE,2,66_64,,,,28.79585,47.20504,23.43042,2.25452,5.30369,1.14718,0.07364,2.14042,15.60979,30.23049,1,1.97393,6.932151376,80.77973461
2838,0,random_negative,none,,cv,FALSE,2,63_65,,,,26.53761,52.12175,20.93809,2.29514,5.25968,1.16278,0.06762,1.55846,15.42298,27.0972,3,3.31223,6.974205307,80.68765712
2839,0,random_negative,none,,cv,FALSE,3,64_67,,,,25.32491,53.48241,20.35758,2.25027,5.29054,1.18178,0.06706,2.95583,15.42096,27.06558,1,1.79557,7.016319264,80.70417079
2840,0,random_negative,none,,cv,FALSE,4,61_64,,,,22.79537,58.77642,17.77783,2.25256,5.17264,1.21599,0.06467,0.748,14.58192,22.08835,1,1.94785,6.937950055,80.62074037
2841,0,random_negative,none,,cv,FALSE,3,64_67,,,,25.43507,52.97076,20.6782,2.25771,5.2801,1.18113,0.06775,3.6154,15.42457,27.8111,1,0.64716,7.015008082,80.72305744
2842,0,random_negative,none,,cv,FALSE,0,61_61,,,,24.48802,56.11291,18.42793,2.21659,5.22818,1.21242,0.06163,1.97543,14.54766,24.25066,2,1.53567,6.861426977,80.64093152
2843,0,random_negative,none,,cv,FALSE,3,60_58,,,,22.46167,60.77718,14.79244,2.37888,5.16124,1.28723,0.05776,5.02089,12.3022,23.42057,2,3.4217,6.767796006,80.59845252
2844,0,random_negative,none,,cv,FALSE,0,70_73,,,,14.97538,67.43537,16.00085,0.98913,5.81313,1.37613,0.05564,13.22383,13.49924,26.98649,,4.83432,7.174918664,80.88414765
2845,0,random_negative,none,,cv,FALSE,4,59_58,,,,21.70216,62.02941,14.12987,2.40855,5.11872,1.26253,0.05718,5.2163,13.02746,22.0351,2,5.56221,6.784010209,80.56979168
2846,0,random_negative,none,,cv,FALSE,4,59_58,,,,21.70216,62.02941,14.12987,2.40855,5.11872,1.26253,0.05718,5.2163,13.02746,22.0351,2,5.21483,6.787630706,80.57261626
2847,0,random_negative,none,,cv,FALSE,3,61_63,,,,23.42108,58.14822,17.75846,2.193,5.13379,1.22154,0.06242,1.05448,14.11801,22.88502,1,0.81244,6.917731374,80.62699277
2848,0,random_negative,none,,cv,FALSE,3,64_66,,,,26.03965,52.19153,21.04392,2.28363,5.26076,1.16947,0.06838,2.99235,15.42655,27.9136,1,3.18701,6.991405899,80.72360979
2849,0,random_negative,none,,cv,FALSE,4,59_58,,,,22.17338,61.18331,14.39383,2.41567,5.12496,1.25633,0.05827,4.949,13.03217,21.75104,4,3.55293,6.78960561,80.58758383
2850,0,random_negative,none,,cv,FALSE,2,61_66,,,,24.18834,56.27498,18.71008,2.28196,5.2594,1.18193,0.06665,2.06644,14.61923,24.8835,1,4.86708,6.99394215,80.64217501
2851,0,random_negative,none,,cv,FALSE,2,67_71,,,,22.2416,57.37471,18.8456,1.5251,5.51963,1.27506,0.05637,9.11144,14.52639,29.78166,2,5.97415,7.130949685,80.80743312
2852,0,random_negative,none,,cv,FALSE,1,57_62,,,,20.0857,64.72481,13.68067,2.18055,5.04793,1.24919,0.05877,3.54535,13.38822,21.239,2,2.27477,6.887827587,80.51714141
2853,0,random_negative,none,,cv,FALSE,4,65_61,,,,27.74208,49.09582,22.54466,2.27927,5.27246,1.14696,0.07191,0.96483,15.33486,27.71517,2,1.89877,6.866263451,80.74448857
2854,0,random_negative,none,,cv,FALSE,3,67_61,,,,26.36742,49.53296,23.18094,2.20782,5.2619,1.16618,0.07719,0.6339,14.69038,26.22405,1,1.53514,6.857474521,80.80289164
2855,0,random_negative,none,,cv,FALSE,1,61_69,,,,24.38734,56.14674,18.33177,1.57003,5.36075,1.24519,0.06559,2.3424,14.07519,25.25279,1,3.59937,7.065267046,80.640946
2856,0,random_negative,none,,cv,FALSE,0,62_61,,,,24.99699,55.24994,18.87817,2.22247,5.22537,1.20723,0.06237,1.82312,14.54979,24.77431,3,1.93015,6.863384961,80.65535172
2857,0,random_negative,none,,cv,FALSE,4,65_61,,,,27.35147,50.09843,21.9758,2.27349,5.21232,1.15872,0.07054,0.97955,14.56846,27.31504,3,2.43522,6.86845789,80.73798146
2858,0,random_negative,none,,cv,FALSE,1,62_67,,,,25.12547,54.38983,19.54617,2.21846,5.31825,1.18709,0.06543,2.88469,14.69115,26.59798,4,5.32635,7.023742591,80.67193483
2859,0,random_negative,none,,cv,FALSE,3,61_68,,,,23.96339,56.96978,17.98746,1.57105,5.35485,1.24699,0.06591,1.94632,14.07199,24.46041,,4.9368,7.06090565,80.62842009
2860,0,random_negative,none,,cv,FALSE,1,68_68,,,,21.29653,56.68942,20.39025,2.12706,5.40338,1.20648,0.06439,11.24542,15.18707,31.31335,1,3.29286,7.037460791,80.82114494
2861,0,random_negative,none,,cv,FALSE,3,60_58,,,,22.2872,60.82498,14.78954,2.41927,5.12601,1.2531,0.05869,4.8914,13.03445,22.26708,2,2.59637,6.786874468,80.5964792
2862,0,random_negative,none,,cv,FALSE,4,64_64,,,,29.0589,48.18431,22.4852,2.26966,5.28009,1.16106,0.06648,1.73758,15.45195,30.00779,1,2.2063,6.932110416,80.71985428
2863,0,random_negative,none,,cv,FALSE,3,72_69,,,,17.54196,62.16093,17.99881,2.08429,5.56167,1.23793,0.06203,16.69944,15.40863,32.96,3,9.98192,7.080275962,80.92504447
2864,0,random_negative,none,,cv,FALSE,0,57_60,,,,20.51802,63.98701,13.79908,2.62797,5.0112,1.26596,0.05651,5.07109,12.25433,22.30202,2,0.72776,6.82642623,80.52605245
2865,0,random_negative,none,,cv,FALSE,0,58_63,,,,19.57816,64.95632,14.08636,2.1844,5.0783,1.26068,0.05985,3.04004,13.39347,20.45109,2,2.46886,6.908717825,80.54803835
2866,0,random_negative,none,,cv,FALSE,2,67_63,,,,29.74675,45.71689,24.17025,2.14988,5.28554,1.14571,0.07472,1.10355,15.03181,30.37457,1,2.94163,6.923612844,80.78337404
2867,0,random_negative,none,,cv,FALSE,1,65_68,,,,24.64336,53.59086,20.7945,2.18235,5.28189,1.19629,0.06444,5.21743,15.30783,28.79609,1,2.21276,7.03714318,80.7303307
2868,0,random_negative,none,,cv,FALSE,1,60_65,,,,18.31621,65.72698,14.92587,2.28125,5.14773,1.21768,0.06374,1.85517,13.42276,18.77837,2,2.64291,6.965234004,80.59437087
2869,0,random_negative,none,,cv,FALSE,3,68_61,,,,25.94285,50.11548,22.89456,2.20361,5.26612,1.16822,0.07732,1.19455,14.6905,26.32548,,1.69577,6.86249447,80.81187974
2870,0,random_negative,none,,cv,FALSE,1,68_64,,,,25.49281,51.17727,22.00747,2.15515,5.30117,1.12821,0.07561,5.73086,15.00814,30.25717,1,1.33828,6.938080735,80.82038611
2871,0,random_negative,none,,cv,FALSE,2,64_58,,,,24.1955,55.5556,18.79224,2.26951,5.22672,1.23486,0.06451,4.20415,13.95633,26.43089,2,0.92143,6.779640797,80.70832822
2872,0,random_negative,none,,cv,FALSE,2,69_73,,,,17.92328,63.76805,16.98062,1.24789,5.7784,1.33996,0.05328,11.30765,13.52049,28.03798,1,1.37708,7.180989039,80.84341651
2873,0,random_negative,none,,cv,FALSE,1,63_59,,,,25.11099,54.23114,19.48551,2.28151,5.19113,1.19748,0.06588,3.1275,13.95895,26.34426,2,3.02726,6.812982415,80.69854532
2874,0,random_negative,none,,cv,FALSE,3,65_59,,,,24.89507,53.61979,20.21767,2.29586,5.21698,1.18844,0.06917,3.14759,13.9652,26.5642,1,4.53579,6.798509571,80.74629622
2875,0,random_negative,none,,cv,FALSE,3,71_70,,,,17.29214,63.0627,17.83711,1.49981,5.59983,1.29196,0.05684,14.18343,14.41314,30.28739,4,8.20628,7.109538044,80.89396173
2876,0,random_negative,none,,cv,FALSE,1,57_62,,,,20.88336,63.37661,14.34348,2.09168,5.04964,1.25259,0.05744,2.61389,12.6397,21.3115,2,1.66537,6.901090474,80.51232312
2877,0,random_negative,none,,cv,FALSE,0,63_60,,,,25.27872,54.17362,19.54926,2.25007,5.21713,1.1867,0.06548,2.12661,14.55478,25.54024,1,3.64006,6.833717756,80.68727629
2878,0,random_negative,none,,cv,FALSE,2,64_58,,,,24.12218,55.82872,18.57096,2.26577,5.22485,1.23826,0.06379,4.26152,13.95476,26.2943,1,0.85207,6.773359439,80.70391009
2879,0,random_negative,none,,cv,FALSE,2,63_58,,,,24.57932,55.07101,19.01153,2.2745,5.20808,1.20643,0.06496,3.68154,13.95693,26.24487,2,1.33487,6.792071582,80.70001008
2880,0,random_negative,none,,cv,FALSE,2,70_72,,,,14.97538,67.43537,16.00085,0.98913,5.81313,1.37613,0.05564,13.22383,13.49924,26.98649,,4.79904,7.169546568,80.88904174
2881,0,random_negative,none,,cv,FALSE,3,68_62,,,,26.39712,49.78312,22.79103,2.188,5.26597,1.16901,0.07627,2.4251,14.69385,28.01461,1,1.96636,6.88581123,80.81042151
2882,0,random_negative,none,,cv,FALSE,0,61_62,,,,24.18718,56.63303,18.32316,2.20487,5.23562,1.2061,0.06074,1.74896,14.54674,23.92997,2,1.06026,6.87769865,80.63571858
2883,0,random_negative,none,,cv,FALSE,1,54_63,,,,19.99024,65.8501,12.74575,2.10248,4.95648,1.26042,0.05591,4.70341,11.59232,22.94364,1,2.8833,6.916885047,80.44734752
2884,0,random_negative,none,,cv,FALSE,4,62_62,,,,26.34684,53.22498,19.95235,2.22316,5.2248,1.19039,0.06297,1.11186,14.55363,25.93567,2,1.56865,6.875972461,80.66361006
2885,0,random_negative,none,,cv,FALSE,3,62_70,,,,24.56482,55.20371,19.1458,1.48602,5.39517,1.25167,0.06496,2.76033,14.22056,26.27063,1,0.3918,7.098393567,80.65316138
2886,0,random_negative,none,,cv,FALSE,4,58_64,,,,18.59388,65.98182,14.16425,2.18133,5.1017,1.26001,0.06059,2.63921,13.39654,19.38733,3,3.43665,6.930583885,80.56447592
2887,0,random_negative,none,,cv,FALSE,2,64_58,,,,24.25245,55.30177,19.00518,2.27315,5.22891,1.2315,0.06526,4.14368,13.95788,26.53806,2,2.06055,6.780554004,80.7186332
2888,0,random_negative,none,,cv,FALSE,1,71_71,,,,15.57568,65.71875,16.92564,1.30912,5.7183,1.33111,0.0567,14.00979,13.86476,28.41444,3,7.06605,7.13618404,80.91674428
2889,0,random_negative,none,,cv,FALSE,2,59_62,,,,20.99697,62.55739,15.18366,2.2144,5.08099,1.24699,0.06066,2.7651,13.40227,21.50109,2,1.18201,6.900520964,80.5806833
2890,0,random_negative,none,,cv,FALSE,4,66_69,,,,23.60896,53.96631,20.85615,2.15584,5.29549,1.20568,0.06349,8.82862,15.31241,30.80581,4,4.68825,7.064153962,80.77266258
2891,0,random_negative,none,,cv,FALSE,1,58_60,,,,21.44549,62.14114,14.65714,2.39877,5.09956,1.25613,0.05827,4.55506,13.02857,22.12628,2,1.10003,6.833133805,80.56392548
2892,0,random_negative,none,,cv,FALSE,3,64_61,,,,26.87993,51.24534,21.24998,2.26444,5.21282,1.16782,0.06856,1.21355,14.56376,26.86137,2,0.95011,6.858333057,80.71790509
2893,0,random_negative,none,,cv,FALSE,4,63_67,,,,25.05619,54.47916,19.46331,2.20598,5.32721,1.19209,0.0653,3.00746,14.69005,26.61963,2,4.89316,7.029191568,80.67667584
2894,0,random_negative,none,,cv,FALSE,0,67_64,,,,25.51297,51.10752,22.02016,2.2302,5.31515,1.13511,0.07404,6.24269,15.61443,30.71197,1,1.12068,6.951661339,80.80912295
2895,0,random_negative,none,,cv,FALSE,4,59_59,,,,22.49448,60.87458,14.03764,2.41321,5.11968,1.25186,0.0591,4.45021,13.03311,20.2437,2,3.54545,6.808225941,80.58865947
2896,0,random_negative,none,,cv,FALSE,3,64_60,,,,25.79804,52.56084,20.71558,2.2734,5.21524,1.177,0.06925,1.68986,14.56194,26.07144,2,0.89738,6.829977817,80.72811921
2897,0,random_negative,none,,cv,FALSE,2,66_60,,,,26.39025,50.54404,22.23615,2.20423,5.26391,1.16991,0.07386,0.77319,14.68471,26.05848,2,1.2153,6.842687438,80.75820879
2898,0,random_negative,none,,cv,FALSE,0,63_60,,,,24.95505,54.65394,19.29176,2.25019,5.2179,1.19021,0.06527,2.37375,14.55364,25.36661,2,2.95501,6.821190832,80.69475854
2899,0,random_negative,none,,cv,FALSE,3,68_62,,,,25.54139,50.81371,22.44775,2.19329,5.27073,1.17104,0.07701,2.30767,14.69168,26.97829,1,2.07123,6.874498893,80.81813324
2900,0,random_negative,none,,cv,FALSE,4,64_64,,,,29.18639,47.81721,22.69304,2.28287,5.27079,1.15621,0.06754,1.62755,15.45309,30.03096,2,2.9202,6.931265053,80.72639642
2901,0,random_negative,none,,cv,FALSE,0,64_70,,,,24.18138,55.24214,19.24007,1.50385,5.37816,1.25555,0.06037,5.20271,13.96856,27.91051,2,2.95749,7.102371556,80.70858513
2902,0,random_negative,none,,cv,FALSE,4,69_68,,,,19.4395,58.98867,19.31613,2.12533,5.49198,1.20155,0.0635,15.70486,15.38957,33.7682,2,2.22001,7.045822625,80.86236833
2903,0,random_negative,none,,cv,FALSE,3,66_58,,,,24.94646,52.79922,20.92377,2.23181,5.34405,1.20195,0.07163,3.45144,14.89359,26.91705,1,2.85119,6.785828314,80.75963821
2904,0,random_negative,none,,cv,FALSE,0,62_61,,,,26.3827,52.99836,20.06478,2.2321,5.22066,1.18733,0.06388,1.25685,14.55494,26.07482,2,2.74091,6.866745725,80.67095752
2905,0,random_negative,none,,cv,FALSE,2,58_62,,,,20.62306,63.70853,14.15696,2.2005,5.05452,1.26186,0.05919,3.43152,13.39378,21.44654,3,1.01375,6.875627354,80.53906579
2906,0,random_negative,none,,cv,FALSE,1,67_68,,,,22.08761,55.85072,20.56201,2.12532,5.39912,1.20772,0.06418,9.76292,15.18499,30.60099,1,3.24729,7.04470031,80.8050765
2907,0,random_negative,none,,cv,FALSE,3,62_63,,,,28.7133,49.90223,21.51615,2.22255,5.22411,1.18154,0.06342,0.03818,14.55767,27.85361,1,3.27363,6.902610881,80.67124315
2908,0,random_negative,none,,cv,FALSE,2,56_63,,,,19.8687,64.62615,14.10236,2.07897,5.09897,1.28758,0.05983,2.81421,12.6628,20.75833,2,0.59452,6.923573078,80.49138358
2909,0,random_negative,none,,cv,FALSE,1,65_68,,,,24.56678,53.50716,20.89044,2.18507,5.27747,1.19456,0.0646,5.71589,15.30951,29.16711,1,2.70246,7.039665328,80.73452307
2910,0,random_negative,none,,cv,FALSE,1,57_58,,,,20.46234,64.26971,13.42864,2.38117,5.08345,1.28424,0.05211,6.45104,11.37952,23.54299,1,5.06989,6.772561904,80.53003585
2911,0,random_negative,none,,cv,FALSE,0,67_64,,,,27.21895,49.06576,22.75788,2.24358,5.30835,1.12993,0.07393,4.06117,15.61212,30.41022,1,0.56782,6.949784265,80.79420656
2912,0,random_negative,none,,cv,FALSE,1,57_58,,,,20.46234,64.26971,13.42864,2.38117,5.08345,1.28424,0.05211,6.45104,11.37952,23.54299,1,5.22681,6.778290313,80.52800163
2913,0,random_negative,none,,cv,FALSE,2,71_68,,,,17.93237,60.30223,19.17605,2.20417,5.47929,1.20761,0.06449,19.7528,15.73828,36.32545,2,5.56844,7.045372308,80.89799787
2914,0,random_negative,none,,cv,FALSE,3,65_59,,,,24.81895,54.15011,19.74963,2.28767,5.21245,1.19637,0.06744,3.39512,13.96198,26.54579,3,3.70142,6.797226604,80.72871155
2915,0,random_negative,none,,cv,FALSE,2,54_65,,,,20.35617,64.46044,13.7366,2.01837,5.07602,1.26762,0.05964,3.54517,12.65352,22.2845,3,2.76764,6.967808255,80.44812465
2916,0,random_negative,none,,cv,FALSE,3,61_68,,,,24.10011,56.65901,18.1471,1.57335,5.3548,1.21718,0.06561,2.16959,14.07381,24.80771,,4.3893,7.058865333,80.63636738
2917,0,random_negative,none,,cv,FALSE,0,64_70,,,,24.153,54.52665,19.91718,1.53764,5.42501,1.2534,0.058,6.56363,14.21945,29.16031,2,2.82778,7.103123507,80.71815217
2918,0,random_negative,none,,cv,FALSE,4,66_62,,,,27.57023,48.441,23.29623,2.19992,5.25782,1.16551,0.07556,0.84681,14.69165,27.66511,2,2.31857,6.884763963,80.78152464
2919,0,random_negative,none,,cv,FALSE,0,63_62,,,,28.33633,50.19474,21.41774,2.2323,5.21942,1.17804,0.06444,0.36403,14.55902,27.68068,2,4.23859,6.894099157,80.68566524
2920,0,random_negative,none,,cv,FALSE,3,64_59,,,,24.83486,54.66211,19.24436,2.27825,5.19962,1.20182,0.06546,3.40051,13.95796,26.27413,2,3.04576,6.808256307,80.70308461
2921,0,random_negative,none,,cv,FALSE,1,68_66,,,,24.4809,52.47569,21.48879,2.27998,5.27244,1.15953,0.07009,8.87288,15.85058,32.07571,2,1.7962,6.985489862,80.81510612
2922,0,random_negative,none,,cv,FALSE,2,70_67,,,,17.48499,59.92351,19.69461,2.14601,5.4709,1.19097,0.06557,22.76073,15.3951,38.82395,3,4.22225,7.029384747,80.88821295
2923,0,random_negative,none,,cv,FALSE,0,60_67,,,,23.30285,57.85428,17.79266,2.21879,5.29302,1.21002,0.06694,1.93991,14.60911,23.80422,2,3.71051,7.032210219,80.61278202
2924,0,random_negative,none,,cv,FALSE,3,64_66,,,,26.41563,51.70311,21.26188,2.29665,5.25132,1.15404,0.06871,2.63694,15.42755,27.99755,3,4.1491,6.982837409,80.71482217
2925,0,random_negative,none,,cv,FALSE,1,54_63,,,,19.99024,65.8501,12.74575,2.10248,4.95648,1.26042,0.05591,4.70341,11.59232,22.94364,1,2.56309,6.914004342,80.44694248
2926,0,random_negative,none,,cv,FALSE,4,59_58,,,,22.12202,61.50723,14.34635,2.37297,5.15455,1.26421,0.05684,5.20028,12.29836,23.12745,1,4.98213,6.768832649,80.58008232
2927,0,random_negative,none,,cv,FALSE,3,71_73,,,,14.25298,68.73453,15.56094,0.98394,5.84814,1.38837,0.05447,13.21381,13.49065,26.35034,2,1.76728,7.192191046,80.90603804
2928,0,random_negative,none,,cv,FALSE,3,70_66,,,,19.52227,57.90249,20.20872,2.04676,5.41348,1.18432,0.0689,16.07144,15.186,34.37735,1,4.16705,6.996938585,80.86809842
2929,0,random_negative,none,,cv,FALSE,4,62_65,,,,24.55708,55.73567,19.17297,2.24475,5.1813,1.18207,0.06613,0.95554,14.5883,24.34047,1,2.10345,6.963962271,80.65707166
2930,0,random_negative,none,,cv,FALSE,0,69_65,,,,21.42739,56.08579,20.57178,2.08623,5.44103,1.16279,0.06967,11.72058,15.20961,32.08786,4,3.97334,6.976796889,80.85531134
2931,0,random_negative,none,,cv,FALSE,1,68_68,,,,20.81198,57.46539,19.71756,2.138,5.46911,1.19592,0.06395,12.90821,15.38853,32.35997,1,2.0485,7.042104727,80.83596368
2932,0,random_negative,none,,cv,FALSE,0,63_62,,,,27.72595,50.78648,21.21138,2.24148,5.21649,1.17547,0.0655,0.75341,14.56012,27.32345,2,4.09886,6.875899521,80.68686143
2933,0,random_negative,none,,cv,FALSE,4,70_70,,,,17.54582,62.92961,17.79133,1.49542,5.6112,1.29487,0.05621,13.52947,14.41209,29.87591,3,7.96089,7.111844374,80.88943732
2934,0,random_negative,none,,cv,FALSE,3,67_62,,,,26.75755,49.29814,23.0373,2.19706,5.26193,1.16669,0.07641,1.55232,14.69253,27.53111,2,1.17203,6.880528986,80.80546078
2935,0,random_negative,none,,cv,FALSE,3,61_63,,,,23.79791,57.7951,17.71883,2.25323,5.08011,1.22059,0.0637,1.47327,14.1359,23.63777,2,0.89173,6.911987581,80.6209116
2936,0,random_negative,none,,cv,FALSE,1,57_65,,,,18.33587,66.91832,13.5141,2.1752,5.13782,1.25663,0.06249,1.98634,12.79149,18.6977,2,0.71659,6.966959164,80.51427307
2937,0,random_negative,none,,cv,FALSE,0,65_60,,,,25.97547,51.17612,21.85184,2.23283,5.23338,1.18095,0.07343,1.68899,14.08749,26.44095,1,2.89336,6.824216374,80.75445539
2938,0,random_negative,none,,cv,FALSE,4,69_68,,,,20.70352,57.3457,19.83476,2.2124,5.44673,1.2016,0.06353,14.9228,16.04194,34.28411,2,3.13332,7.054549196,80.86416321
2939,0,random_negative,none,,cv,FALSE,3,64_61,,,,26.46433,51.8283,20.9741,2.26618,5.21327,1.1703,0.06854,1.39902,14.56262,26.53032,2,0.43741,6.849614249,80.7160611
2940,0,random_negative,none,,cv,FALSE,1,68_59,,,,24.10632,52.97787,21.45097,2.18364,5.35526,1.18363,0.07537,3.18391,14.70472,26.15077,1,1.07183,6.793385457,80.81286954
2941,0,random_negative,none,,cv,FALSE,3,60_58,,,,22.37268,60.20495,15.58634,2.44815,5.18917,1.28066,0.05693,5.1142,13.68228,23.85629,2,2.67197,6.766161852,80.61824509
2942,0,random_negative,none,,cv,FALSE,2,56_62,,,,20.92051,63.44,14.23348,2.08559,5.04059,1.25484,0.05718,2.71842,12.6382,21.48987,2,2.11465,6.900036204,80.49789802
2943,0,random_negative,none,,cv,FALSE,2,64_62,,,,27.73078,49.83158,21.99047,2.2646,5.21293,1.16072,0.06941,0.92,14.5677,27.67087,2,3.28245,6.878842774,80.72702017
2944,0,random_negative,none,,cv,FALSE,1,66_68,,,,23.99103,53.72563,20.96835,2.1797,5.27629,1.19548,0.06453,7.6356,15.3133,30.28529,3,5.41648,7.053912221,80.76660472
2945,0,random_negative,none,,cv,FALSE,2,70_67,,,,18.94257,58.68364,19.83526,2.15972,5.44997,1.18484,0.06626,18.64302,15.39502,36.24318,2,2.23729,7.024907161,80.86959878
2946,0,random_negative,none,,cv,FALSE,0,61_62,,,,24.9052,55.50318,18.86044,2.21088,5.23206,1.20087,0.06146,1.54397,14.54904,24.59989,2,0.84326,6.883439941,80.64319007
2947,0,random_negative,none,,cv,FALSE,3,64_68,,,,24.64336,53.59086,20.7945,2.18235,5.28189,1.19629,0.06444,5.21743,15.30783,28.79609,1,2.0719,7.037891611,80.7255683
2948,0,random_negative,none,,cv,FALSE,4,66_70,,,,23.49126,54.51701,20.06623,1.50915,5.40093,1.25979,0.05834,9.0978,14.16273,30.41148,2,2.1864,7.115849786,80.76183304
2949,0,random_negative,none,,cv,FALSE,0,58_63,,,,18.98237,65.91477,13.71179,2.16991,5.0797,1.2696,0.05977,3.06613,13.3901,20.00666,2,1.67872,6.916126017,80.53854609
2950,0,random_negative,none,,cv,FALSE,3,63_61,,,,25.79665,53.6193,19.78384,2.24224,5.21782,1.1848,0.06481,1.71563,14.55503,25.75791,1,3.92757,6.851099439,80.68447989
2951,0,random_negative,none,,cv,FALSE,2,70_67,,,,19.8038,57.88145,19.97547,2.17271,5.43484,1.17959,0.06693,16.37817,15.39534,34.90256,2,2.23592,7.016691412,80.86523631
2952,0,random_negative,none,,cv,FALSE,0,68_60,,,,25.35856,50.76711,22.65342,2.23369,5.24034,1.17325,0.07743,1.42567,14.09261,25.92622,3,3.82268,6.833251999,80.82162826
2953,0,random_negative,none,,cv,FALSE,3,64_60,,,,25.59299,53.31476,20.14444,2.26167,5.21561,1.17873,0.06729,1.93383,14.55841,25.9051,2,1.35547,6.835124883,80.70885927
2954,0,random_negative,none,,cv,FALSE,0,55_65,,,,20.17453,64.46976,13.9354,2.02877,5.09442,1.26358,0.06007,3.19716,12.65613,21.72142,2,1.57627,6.966025813,80.46718593
2955,0,random_negative,none,,cv,FALSE,4,67_60,,,,26.07837,49.26952,23.76161,2.24454,5.23816,1.17247,0.07736,-0.90061,14.09148,24.46713,1,2.77053,6.825717093,80.8009297
2956,0,random_negative,none,,cv,FALSE,1,68_59,,,,24.2053,52.59873,21.66612,2.18746,5.33738,1.17721,0.07682,3.2129,14.70736,26.36231,2,2.57034,6.813378091,80.82777047
2957,0,random_negative,none,,cv,FALSE,1,68_66,,,,22.53476,55.06333,20.54661,2.20596,5.40111,1.16076,0.06938,10.79729,15.56038,31.98311,1,2.26406,6.988190458,80.82940466
2958,0,random_negative,none,,cv,FALSE,0,63_60,,,,25.07049,54.65998,19.23108,2.24433,5.21831,1.19078,0.06463,2.21982,14.55293,25.28407,3,3.65761,6.831616688,80.68516725
2959,0,random_negative,none,,cv,FALSE,1,65_71,,,,23.65907,54.8535,19.84867,1.53197,5.44261,1.25634,0.0569,7.83148,14.22338,29.68166,3,2.3741,7.121072038,80.74588481
2960,0,random_negative,none,,cv,FALSE,4,59_59,,,,22.49448,60.87458,14.03764,2.41321,5.11968,1.25186,0.0591,4.45021,13.03311,20.2437,2,3.60205,6.8052042,80.5827426
2961,0,random_negative,none,,cv,FALSE,3,57_59,,,,20.42897,64.90752,13.02939,2.62713,5.00861,1.27166,0.05574,5.20289,12.25298,22.5019,2,1.96489,6.817193533,80.51936444
2962,0,random_negative,none,,cv,FALSE,2,57_61,,,,20.82622,64.09131,13.52193,2.60586,5.00277,1.26422,0.05689,4.76696,12.25138,22.78111,1,1.91056,6.853357165,80.52152131
2963,0,random_negative,none,,cv,FALSE,1,68_59,,,,25.58074,50.29746,23.02772,2.23771,5.24464,1.17534,0.07721,0.4754,14.09137,25.24057,1,2.28204,6.819450367,80.81808327
2964,0,random_negative,none,,cv,FALSE,2,54_65,,,,20.35617,64.46044,13.7366,2.01837,5.07602,1.26762,0.05964,3.54517,12.65352,22.2845,3,3.19403,6.966175415,80.44461916
2965,0,random_negative,none,,cv,FALSE,3,64_67,,,,25.18044,53.48036,20.38307,2.24145,5.29502,1.18451,0.06713,3.51482,15.42184,27.41614,2,1.10024,7.021295847,80.71012613
2966,0,random_negative,none,,cv,FALSE,4,60_59,,,,22.57508,60.09766,15.30142,2.44447,5.18003,1.2471,0.05784,4.50507,13.68269,22.464,2,1.98547,6.793628551,80.6020726
2967,0,random_negative,none,,cv,FALSE,0,63_66,,,,25.22242,53.99212,20.08044,2.2542,5.29271,1.18255,0.0666,2.2152,15.41815,26.27312,2,4.49451,7.002807315,80.68313799
2968,0,random_negative,none,,cv,FALSE,0,60_64,,,,19.73889,63.73645,15.51224,2.20835,5.12578,1.21255,0.06515,1.6333,13.67026,19.71799,3,1.60781,6.938176083,80.59299478
2969,0,random_negative,none,,cv,FALSE,3,65_59,,,,25.47446,52.84196,20.57912,2.30171,5.1948,1.18278,0.06955,2.59293,13.96617,26.6182,1,3.14822,6.812257505,80.74227614
2970,0,random_negative,none,,cv,FALSE,1,57_62,,,,19.91995,64.6482,13.99396,2.18568,5.06636,1.26321,0.05945,3.24255,13.39199,20.85535,2,1.65029,6.899934775,80.53826725
2971,0,random_negative,none,,cv,FALSE,2,64_58,,,,24.1955,55.5556,18.79224,2.26951,5.22672,1.23486,0.06451,4.20415,13.95633,26.43089,2,1.26489,6.772359994,80.70851645
2972,0,random_negative,none,,cv,FALSE,2,61_66,,,,21.88041,59.90199,17.34353,2.29519,5.2132,1.19172,0.06368,1.52317,14.33206,22.09661,4,2.72018,6.990029458,80.6230154
2973,0,random_negative,none,,cv,FALSE,1,57_62,,,,20.17237,64.45999,13.87486,2.18674,5.05445,1.26084,0.05904,3.44179,13.39053,21.18793,4,1.45518,6.884947623,80.52720472
2974,0,random_negative,none,,cv,FALSE,1,63_63,,,,31.55657,46.13897,22.98762,2.33536,5.18526,1.16442,0.06163,-0.58812,15.30352,30.67209,1,2.14894,6.924313203,80.6814043
2975,0,random_negative,none,,cv,FALSE,3,65_58,,,,24.96862,52.93966,20.76264,2.22903,5.34311,1.19422,0.07097,3.54845,14.8925,26.9516,1,3.75692,6.785051473,80.74952933
2976,0,random_negative,none,,cv,FALSE,0,61_59,,,,23.0855,58.7899,16.50004,2.4541,5.17651,1.23615,0.05951,4.34187,13.68846,24.10776,2,1.55728,6.79755392,80.63178393
2977,0,random_negative,none,,cv,FALSE,3,71_73,,,,14.56094,68.31605,15.7019,0.98499,5.842,1.38565,0.05445,13.02781,13.4928,26.4611,,2.55703,7.189730828,80.89925525
2978,0,random_negative,none,,cv,FALSE,1,68_72,,,,20.75519,59.77368,18.10589,1.50182,5.59014,1.28873,0.05468,9.12488,14.85653,28.64528,3,2.87035,7.153755942,80.82823904
2979,0,random_negative,none,,cv,FALSE,2,69_67,,,,20.70549,57.26282,19.95414,2.16251,5.44329,1.18444,0.06578,13.78553,15.39223,33.21335,2,1.31504,7.01888786,80.84576037
2980,0,random_negative,none,,cv,FALSE,1,66_65,,,,27.45078,49.36946,22.43042,2.22471,5.3207,1.13993,0.07148,3.11695,15.60707,29.63404,1,1.24199,6.958282405,80.75918746
2981,0,random_negative,none,,cv,FALSE,2,57_61,,,,21.0004,63.70777,13.72258,2.60528,4.9994,1.26089,0.05744,4.65003,13.32024,22.72887,4,1.95967,6.847986232,80.53065239
2982,0,random_negative,none,,cv,FALSE,0,61_60,,,,23.86837,57.54023,17.08677,2.29759,5.09997,1.22625,0.06288,3.78302,13.43756,24.53725,1,3.32462,6.824205452,80.62984764
2983,0,random_negative,none,,cv,FALSE,3,65_58,,,,24.5825,54.37577,19.69122,2.2861,5.22445,1.19709,0.06756,3.64488,13.96226,26.60705,2,4.38824,6.787537393,80.7389772
2984,0,random_negative,none,,cv,FALSE,3,70_66,,,,19.11852,58.39857,19.95528,2.17135,5.43729,1.17993,0.06707,18.36049,15.39625,36.16631,4,3.58125,7.008697054,80.87441517
2985,0,random_negative,none,,cv,FALSE,0,58_59,,,,21.4658,62.4231,14.05968,2.40352,5.11142,1.26813,0.05694,5.19794,13.02542,22.07499,2,4.53494,6.798400936,80.55720056
2986,0,random_negative,none,,cv,FALSE,4,59_58,,,,22.2872,60.82498,14.78954,2.41927,5.12601,1.2531,0.05869,4.8914,13.03445,22.26708,3,3.03461,6.790462153,80.59226656
2987,0,random_negative,none,,cv,FALSE,2,54_65,,,,20.20901,64.57831,13.77855,2.03141,5.07949,1.26276,0.0595,3.37971,12.65533,21.91496,1,3.04245,6.958778658,80.45247544
2988,0,random_negative,none,,cv,FALSE,3,72_67,,,,17.04783,60.69407,19.44197,2.14853,5.46247,1.21353,0.06532,21.40631,15.84686,37.10652,2,5.73771,7.030711696,80.91901005
2989,0,random_negative,none,,cv,FALSE,3,66_63,,,,30.56192,44.59721,24.62868,2.16725,5.27606,1.1426,0.07536,-0.04029,15.03039,30.14541,1,4.21996,6.904740837,80.78050655
2990,0,random_negative,none,,cv,FALSE,4,67_60,,,,26.56121,49.1431,23.53955,2.21744,5.25951,1.16469,0.07676,-0.78279,14.68724,24.99669,2,3.20294,6.842872007,80.78427864
2991,0,random_negative,none,,cv,FALSE,2,65_69,,,,24.01669,53.74351,20.62159,2.12339,5.33206,1.22124,0.06225,7.70506,15.3053,29.91491,3,1.48702,7.088299569,80.74336494
2992,0,random_negative,none,,cv,FALSE,3,62_70,,,,24.56482,55.20371,19.1458,1.48602,5.39517,1.25167,0.06496,2.76033,14.22056,26.27063,1,0.65995,7.099657255,80.65596462
2993,0,random_negative,none,,cv,FALSE,2,62_58,,,,23.11565,58.48943,16.83928,2.45986,5.18388,1.25546,0.05979,4.69041,13.69043,25.00461,1,3.97565,6.776043894,80.65274734
2994,0,random_negative,none,,cv,FALSE,3,60_66,,,,20.20683,62.56651,16.25793,2.27961,5.21819,1.20153,0.06286,1.44394,14.32661,20.32458,3,0.9103,6.992489295,80.60578627
2995,0,random_negative,none,,cv,FALSE,3,57_59,,,,20.54445,64.80499,12.97643,2.64519,4.99617,1.27969,0.05144,5.52254,11.65709,22.86377,3,3.44376,6.799944434,80.52434359
2996,0,random_negative,none,,cv,FALSE,1,57_58,,,,20.25096,64.6669,13.28128,2.3768,5.07704,1.28641,0.05148,6.61899,11.37751,23.69869,2,4.3568,6.776464909,80.5193313
2997,0,random_negative,none,,cv,FALSE,0,67_75,,,,21.63501,61.144,15.99702,1.06149,5.79592,1.34091,0.0538,6.54038,13.63293,27.16804,3,2.31793,7.229292752,80.78325766
2998,0,random_negative,none,,cv,FALSE,0,66_66,,,,25.08284,52.20882,21.36527,2.24753,5.30074,1.16184,0.06755,7.20183,15.84329,30.92571,1,0.37928,7.00171889,80.77756003
2999,0,random_negative,none,,cv,FALSE,1,63_69,,,,24.35981,55.06183,19.37528,1.51233,5.35418,1.2499,0.06093,4.95821,13.9677,27.9714,2,2.13586,7.090836833,80.69600515
3000,0,random_negative,none,,cv,FALSE,3,64_68,,,,24.55216,53.89422,20.56803,2.16705,5.29752,1.20354,0.06389,4.94932,15.30506,28.41368,2,2.91094,7.046231652,80.71779441
3001,0,random_negative,none,,cv,FALSE,0,70_73,,,,15.61252,66.59798,16.21899,0.99071,5.80433,1.37143,0.05566,12.68639,13.50314,27.04774,2,4.82889,7.173454684,80.87432277
3002,0,random_negative,none,,cv,FALSE,2,66_64,,,,28.79585,47.20504,23.43042,2.25452,5.30369,1.14718,0.07364,2.14042,15.60979,30.23049,1,1.75914,6.936780707,80.77114346
3003,0,random_negative,none,,cv,FALSE,0,59_63,,,,19.87396,64.06834,14.84975,2.19769,5.0956,1.24945,0.0608,2.59767,13.40035,20.51797,2,2.25707,6.91740992,80.58066089
3004,0,random_negative,none,,cv,FALSE,3,64_59,,,,24.7567,54.43895,19.50946,2.28334,5.2107,1.19967,0.06659,3.50048,13.96032,26.48258,2,2.50087,6.795603859,80.71637747
3005,0,random_negative,none,,cv,FALSE,0,56_64,,,,19.81183,64.77433,14.01731,2.04779,5.10731,1.25649,0.06014,2.89845,12.65934,20.99309,2,3.54062,6.951777578,80.488007
3006,0,random_negative,none,,cv,FALSE,0,63_62,,,,27.72595,50.78648,21.21138,2.24148,5.21649,1.17547,0.0655,0.75341,14.56012,27.32345,2,4.11908,6.876210711,80.68707874
3007,0,random_negative,none,,cv,FALSE,3,63_61,,,,26.04256,53.07931,20.11457,2.24821,5.21618,1.18053,0.06568,1.62823,14.55699,26.04104,2,2.77087,6.853002856,80.69510943
3008,0,random_negative,none,,cv,FALSE,0,66_73,,,,22.86617,57.7094,18.0673,1.52706,5.62637,1.28257,0.05385,5.91031,14.5833,27.44934,1,7.5563,7.184189923,80.76158168
3009,0,random_negative,none,,cv,FALSE,0,57_60,,,,20.43376,64.10918,13.81316,2.61632,5.0024,1.25559,0.05692,4.58928,13.32089,21.87425,2,0.07566,6.829628537,80.53118076
3010,0,random_negative,none,,cv,FALSE,4,68_73,,,,17.97347,63.98199,16.74041,1.00988,5.79264,1.37354,0.05409,11.00582,13.24177,27.79823,2,1.1483,7.188866854,80.83564695
3011,0,random_negative,none,,cv,FALSE,3,60_66,,,,20.60207,61.97569,16.43814,2.27014,5.22294,1.20471,0.06315,1.44776,14.32613,20.72695,3,1.69244,7.003487804,80.60269198
3012,0,random_negative,none,,cv,FALSE,1,65_71,,,,23.65907,54.8535,19.84867,1.53197,5.44261,1.25634,0.0569,7.83148,14.22338,29.68166,2,2.53512,7.122574633,80.74600072
3013,0,random_negative,none,,cv,FALSE,0,59_63,,,,20.48227,63.06669,15.31613,2.20574,5.09638,1.24447,0.06115,2.46898,13.40322,21.03932,2,1.89705,6.919496263,80.5914334
3014,0,random_negative,none,,cv,FALSE,4,69_72,,,,19.78981,60.48601,18.35297,1.44869,5.64329,1.29312,0.05474,9.96575,15.04472,28.54408,2,2.72893,7.156318269,80.83932844
3015,0,random_negative,none,,cv,FALSE,2,69_73,,,,17.57668,64.44074,16.69604,1.00881,5.79621,1.37583,0.05393,11.5464,13.23984,27.95531,,1.83577,7.188869496,80.84479422
3016,0,random_negative,none,,cv,FALSE,1,60_65,,,,18.63042,65.31174,15.0455,2.29118,5.14107,1.21344,0.06372,1.83798,13.42368,19.0119,3,2.99871,6.956711612,80.60041668
3017,0,random_negative,none,,cv,FALSE,4,66_67,,,,24.39439,52.93116,21.29801,2.24445,5.30008,1.16626,0.06651,8.00359,15.67835,31.29514,3,1.43929,7.01239436,80.78081296
3018,0,random_negative,none,,cv,FALSE,1,63_69,,,,24.90173,53.97401,20.04659,2.12944,5.33067,1.21249,0.06244,4.80972,14.57581,28.45559,2,2.36611,7.07241533,80.70002825
3019,0,random_negative,none,,cv,FALSE,1,67_67,,,,24.39439,52.93116,21.29801,2.24445,5.30008,1.16626,0.06651,8.00359,15.67835,31.29514,2,1.39516,7.013229725,80.78737083
3020,0,random_negative,none,,cv,FALSE,1,71_66,,,,17.99727,59.08806,20.18834,2.06956,5.44006,1.18862,0.0689,19.74859,15.6671,36.47018,1,2.8608,6.995213545,80.89420146
3021,0,random_negative,none,,cv,FALSE,2,56_63,,,,20.45905,64.07007,14.10212,2.0715,5.05122,1.2567,0.05776,2.58239,12.63669,21.07731,2,1.18274,6.913961207,80.50635392
3022,0,random_negative,none,,cv,FALSE,0,63_66,,,,25.72519,53.16145,20.48581,2.27068,5.27771,1.17392,0.06716,2.18353,15.42099,26.79448,2,3.85354,6.995853093,80.69485168
3023,0,random_negative,none,,cv,FALSE,3,61_68,,,,24.19933,56.48424,18.23062,2.20399,5.29898,1.21621,0.06709,2.09128,14.6094,24.85036,3,5.44295,7.048087112,80.62095084
3024,0,random_negative,none,,cv,FALSE,0,59_63,,,,20.59222,63.27052,14.81676,2.20668,5.0789,1.25152,0.06033,2.89327,13.39956,21.19386,2,0.5466,6.902443709,80.5657005
3025,0,random_negative,none,,cv,FALSE,1,68_72,,,,21.09129,59.32441,18.2034,1.50254,5.58312,1.28764,0.05499,8.78111,14.85678,28.60171,2,2.92492,7.155873702,80.81924874
3026,0,random_negative,none,,cv,FALSE,3,67_58,,,,24.06571,53.34605,21.15637,2.1807,5.36157,1.18872,0.07393,3.39412,14.70286,26.20568,1,1.77928,6.790068015,80.7964962
3027,0,random_negative,none,,cv,FALSE,4,67_60,,,,26.9704,47.4548,25.0013,2.25377,5.22158,1.16466,0.07782,-2.95285,14.09284,23.50581,2,3.47415,6.829069664,80.79246774
3028,0,random_negative,none,,cv,FALSE,4,68_73,,,,19.15443,62.15682,17.43161,1.26021,5.73742,1.33668,0.05399,10.1705,13.82006,28.16651,2,0.5908,7.184837469,80.83017974
3029,0,random_negative,none,,cv,FALSE,1,68_59,,,,24.2149,52.65482,21.65472,2.18712,5.34549,1.17949,0.07626,3.02733,14.70616,26.1634,1,1.24515,6.805316255,80.81835618
3030,0,random_negative,none,,cv,FALSE,3,67_62,,,,27.07044,48.94204,23.11675,2.19168,5.26226,1.16709,0.07603,1.81411,14.69358,28.13273,2,1.70507,6.884965851,80.80745644
3031,0,random_negative,none,,cv,FALSE,3,59_69,,,,23.58825,58.36177,17.12754,1.59538,5.30887,1.27529,0.06211,0.67973,12.99339,23.00001,2,1.59626,7.065799259,80.57740685
3032,0,random_negative,none,,cv,FALSE,0,70_73,,,,15.52948,67.08304,16.03167,0.98789,5.82787,1.37783,0.05443,12.20675,13.49911,26.5745,,4.09625,7.191005861,80.86630554
3033,0,random_negative,none,,cv,FALSE,3,67_58,,,,23.83687,53.93616,20.74818,2.17258,5.37376,1.1958,0.07259,3.90212,14.7011,26.37808,1,0.82634,6.776079299,80.78434727
3034,0,random_negative,none,,cv,FALSE,1,68_68,,,,20.67476,57.63484,19.97673,2.10225,5.43733,1.21782,0.06284,11.97141,15.18516,31.33954,1,0.45098,7.062966851,80.83494348
3035,0,random_negative,none,,cv,FALSE,3,64_61,,,,26.93092,50.92927,21.49799,2.27036,5.21243,1.1641,0.06958,1.15119,14.56558,26.92006,2,1.08843,6.856763556,80.72715496
3036,0,random_negative,none,,cv,FALSE,3,57_59,,,,20.75447,64.37431,13.14439,2.46376,5.10111,1.28154,0.05451,5.38469,11.78756,22.70112,2,3.71412,6.796720691,80.53276403
3037,0,random_negative,none,,cv,FALSE,1,55_63,,,,20.54411,64.21862,13.77752,2.09848,4.98512,1.28927,0.05609,4.08262,11.9947,22.6809,1,2.19741,6.912563317,80.47296126
3038,0,random_negative,none,,cv,FALSE,1,63_63,,,,31.4397,45.92647,23.33185,2.23048,5.21967,1.17111,0.06488,-0.93789,14.56306,30.16773,1,2.61742,6.907516883,80.6925943
3039,0,random_negative,none,,cv,FALSE,2,63_58,,,,24.57932,55.07101,19.01153,2.2745,5.20808,1.20643,0.06496,3.68154,13.95693,26.24487,1,1.44294,6.79260739,80.69663301
3040,0,random_negative,none,,cv,FALSE,1,68_68,,,,21.17733,56.93526,20.23665,2.11405,5.41851,1.21245,0.0636,11.3019,15.18565,31.19533,2,2.48235,7.04759786,80.82143937
3041,0,random_negative,none,,cv,FALSE,3,62_70,,,,24.50457,55.16409,19.19654,1.48797,5.39682,1.24983,0.06462,3.07319,14.22232,26.47538,2,1.49028,7.097758455,80.66330337
3042,0,random_negative,none,,cv,FALSE,0,60_67,,,,21.02215,61.35253,16.6271,2.26074,5.22763,1.20778,0.06348,1.43881,14.32569,21.1389,3,2.58988,7.010130999,80.60807935
3043,0,random_negative,none,,cv,FALSE,0,61_65,,,,23.75323,57.01651,18.61806,2.23703,5.18546,1.18695,0.06564,0.98096,14.58529,23.50142,1,3.21706,6.961815583,80.64339457
3044,0,random_negative,none,,cv,FALSE,3,66_63,,,,29.84068,46.10449,23.69846,2.2325,5.24421,1.13907,0.07179,1.04531,14.85234,30.27482,2,4.53971,6.912074539,80.76427111
3045,0,random_negative,none,,cv,FALSE,0,66_66,,,,25.08284,52.20882,21.36527,2.24753,5.30074,1.16184,0.06755,7.20183,15.84329,30.92571,2,0.65505,6.998816951,80.77959458
3046,0,random_negative,none,,cv,FALSE,0,67_59,,,,25.44616,50.76412,22.67555,2.2352,5.25207,1.177,0.07629,0.79559,14.08953,25.33605,1,1.38207,6.813882626,80.8054091
3047,0,random_negative,none,,cv,FALSE,2,70_72,,,,15.01318,67.20124,16.10577,0.99077,5.80057,1.37265,0.05625,13.4965,13.50142,27.26128,1,5.25543,7.163374137,80.88967654
3048,0,random_negative,none,,cv,FALSE,2,58_62,,,,20.47204,63.75516,14.32947,2.19999,5.06522,1.2588,0.05961,3.22503,13.39535,21.22768,3,2.34732,6.885323095,80.54726038
3049,0,random_negative,none,,cv,FALSE,3,67_58,,,,24.06571,53.34605,21.15637,2.1807,5.36157,1.18872,0.07393,3.39412,14.70286,26.20568,1,2.02694,6.786568754,80.7921566
3050,0,random_negative,none,,cv,FALSE,0,63_62,,,,29.62619,48.50833,22.15853,2.22875,5.22041,1.17645,0.06422,-0.24748,14.55999,28.65401,1,3.87381,6.900754224,80.68070228
3051,0,random_negative,none,,cv,FALSE,3,64_69,,,,24.56893,53.77953,20.22975,2.11374,5.34289,1.21738,0.06165,6.56641,14.57912,29.51311,2,3.14695,7.086816558,80.72475265
3052,0,random_negative,none,,cv,FALSE,0,62_61,,,,25.48956,54.23331,19.4243,2.2363,5.21978,1.18918,0.06397,1.8176,14.55304,25.41278,3,3.58821,6.854265779,80.66977703
3053,0,random_negative,none,,cv,FALSE,0,66_61,,,,27.33772,48.85862,23.11459,2.20353,5.25766,1.15034,0.07525,0.59645,14.68997,27.11097,2,2.62151,6.874068827,80.7725742
3054,0,random_negative,none,,cv,FALSE,3,71_69,,,,17.99471,61.14537,18.51504,2.17844,5.524,1.22348,0.06244,17.29062,15.73174,33.97578,4,8.1645,7.06958121,80.91238711
3055,0,random_negative,none,,cv,FALSE,0,66_59,,,,26.00293,50.82946,22.18853,2.23685,5.23281,1.17793,0.07435,1.29431,14.08849,26.17533,2,3.74357,6.819240398,80.76414712
3056,0,random_negative,none,,cv,FALSE,3,60_66,,,,19.88191,63.05956,16.10695,2.2892,5.21318,1.19816,0.06262,1.42772,14.32714,19.97439,3,1.06149,6.986665911,80.60779665
3057,0,random_negative,none,,cv,FALSE,4,59_58,,,,21.50709,62.23249,14.32724,2.39675,5.13322,1.26694,0.05624,5.63764,12.09516,23.08966,2,5.87255,6.765758393,80.57259526
3058,0,random_negative,none,,cv,FALSE,0,60_67,,,,22.32973,60.17945,16.60193,2.18264,5.24831,1.21077,0.06228,0.37508,13.35536,21.39379,2,2.64306,7.025784624,80.60512788
3059,0,random_negative,none,,cv,FALSE,1,66_65,,,,26.81688,49.96519,22.25775,2.30278,5.26545,1.1386,0.07023,4.96123,15.84624,30.72396,,0.98486,6.960715255,80.77788747
3060,0,random_negative,none,,cv,FALSE,0,60_64,,,,21.36745,60.88669,16.9543,2.2342,5.18416,1.19339,0.06408,0.96244,14.5779,20.86384,3,2.28682,6.949121205,80.61286662
3061,0,random_negative,none,,cv,FALSE,4,67_66,,,,24.89665,52.0653,21.59161,2.27931,5.27432,1.14723,0.06983,8.10742,15.84916,31.74639,2,1.82618,6.985140485,80.7999743
3062,0,random_negative,none,,cv,FALSE,0,58_63,,,,18.30019,66.69504,13.65711,2.1678,5.0931,1.26796,0.06013,2.86697,13.39147,19.26811,2,3.29363,6.926697699,80.54891673
3063,0,random_negative,none,,cv,FALSE,4,57_63,,,,18.98237,65.91477,13.71179,2.16991,5.0797,1.2696,0.05977,3.06613,13.3901,20.00666,2,1.65363,6.916433996,80.53807199
3064,0,random_negative,none,,cv,FALSE,0,63_62,,,,27.45193,51.36487,20.88474,2.23545,5.21867,1.17984,0.06461,0.79859,14.55804,27.00341,2,3.8067,6.882942181,80.68431964
3065,0,random_negative,none,,cv,FALSE,0,59_63,,,,19.87396,64.06834,14.84975,2.19769,5.0956,1.24945,0.0608,2.59767,13.40035,20.51797,2,2.59632,6.92248283,80.5767706
3066,0,random_negative,none,,cv,FALSE,4,69_72,,,,17.16229,64.1234,17.19297,1.30191,5.73279,1.33051,0.05505,11.84856,13.86828,27.7799,4,3.54567,7.166777503,80.86047099
3067,0,random_negative,none,,cv,FALSE,2,56_59,,,,20.96237,63.6939,13.65507,2.6294,4.98553,1.26289,0.0505,5.76852,11.65302,23.89186,3,4.55656,6.805728128,80.49828181
3068,0,random_negative,none,,cv,FALSE,1,56_66,,,,19.00211,65.75516,13.86592,2.0429,5.18123,1.29009,0.0626,3.1092,12.79567,20.55708,1,1.91869,6.996900744,80.49721204
3069,0,random_negative,none,,cv,FALSE,3,71_69,,,,18.31291,61.28818,18.26514,2.15775,5.5516,1.23371,0.06066,15.58039,15.72744,32.59526,3,7.2967,7.085596021,80.89658663
3070,0,random_negative,none,,cv,FALSE,2,57_61,,,,21.76316,62.57304,14.20519,2.50584,4.98805,1.25994,0.05544,3.92465,12.45458,23.02974,3,2.32111,6.853646165,80.51401376
3071,0,random_negative,none,,cv,FALSE,0,72_70,,,,15.7216,65.10877,17.25704,1.31913,5.68507,1.32136,0.05807,14.7397,13.86972,29.25469,1,9.33005,7.115639587,80.92141853
3072,0,random_negative,none,,cv,FALSE,2,62_66,,,,25.42672,54.05011,19.67369,2.27741,5.28512,1.18592,0.06528,2.64737,14.80793,26.71547,2,5.39551,7.003276718,80.67412215
3073,0,random_negative,none,,cv,FALSE,2,62_58,,,,23.11565,58.48943,16.83928,2.45986,5.18388,1.25546,0.05979,4.69041,13.69043,25.00461,1,3.68805,6.775060054,80.64940844
3074,0,random_negative,none,,cv,FALSE,3,60_66,,,,21.08047,61.18322,16.8162,2.28735,5.21583,1.19664,0.06327,1.47635,14.32932,21.23771,2,1.67355,6.993438231,80.61284135
3075,0,random_negative,none,,cv,FALSE,0,59_60,,,,21.85755,61.53765,14.67542,2.40526,5.10713,1.25378,0.05876,4.49815,13.03103,21.85466,2,1.39349,6.824402525,80.57721776
3076,0,random_negative,none,,cv,FALSE,3,67_62,,,,28.18457,47.81001,23.4094,2.17963,5.27333,1.14269,0.07597,0.80183,15.02867,28.31381,1,2.2779,6.886367481,80.78410062
3077,0,random_negative,none,,cv,FALSE,2,56_60,,,,21.39132,63.68542,13.36612,2.42638,4.97127,1.26159,0.05294,4.97327,11.99872,23.62189,2,2.77702,6.835685788,80.50685332
3078,0,random_negative,none,,cv,FALSE,3,72_69,,,,17.40559,62.23448,17.98809,2.09319,5.55402,1.23564,0.06275,17.00958,15.40975,33.13875,3,9.37994,7.064595311,80.93622995
3079,0,random_negative,none,,cv,FALSE,0,69_65,,,,22.39719,55.16449,20.53145,2.21718,5.39329,1.16104,0.07032,10.90772,15.56192,31.98328,1,2.18958,6.979033599,80.83763425
3080,0,random_negative,none,,cv,FALSE,0,60_67,,,,23.30285,57.85428,17.79266,2.21879,5.29302,1.21002,0.06694,1.93991,14.60911,23.80422,2,4.17352,7.033436362,80.61685897
3081,0,random_negative,none,,cv,FALSE,4,62_62,,,,26.9768,52.19738,20.45703,2.22933,5.22148,1.18533,0.06376,0.92472,14.55587,26.52922,2,2.60233,6.876239395,80.67324492
3082,0,random_negative,none,,cv,FALSE,1,68_59,,,,23.88431,53.30004,21.25778,2.17797,5.36187,1.18571,0.07542,3.60746,14.70471,26.3445,1,1.38175,6.798832359,80.81991264
3083,0,random_negative,none,,cv,FALSE,1,61_69,,,,24.47917,55.39514,19.10595,1.48853,5.38398,1.25082,0.0651,2.59823,14.21908,26.08218,1,1.24354,7.090058126,80.64473883
3084,0,random_negative,none,,cv,FALSE,4,67_60,,,,26.53325,49.07168,23.60878,2.24924,5.22142,1.16755,0.07679,-0.63867,14.09184,25.10639,2,3.79701,6.830147931,80.78863275
3085,0,random_negative,none,,cv,FALSE,2,64_58,,,,23.33874,56.74328,18.40299,2.28737,5.25463,1.22953,0.06304,4.17045,14.30929,25.52407,2,1.93873,6.766955015,80.71171834
3086,0,random_negative,none,,cv,FALSE,4,59_58,,,,21.99155,61.36061,14.59066,2.41651,5.12676,1.2588,0.05772,5.20938,13.03159,22.56389,4,3.84256,6.772794992,80.58967855
3087,0,random_negative,none,,cv,FALSE,2,62_66,,,,25.05748,54.699,19.62947,2.30956,5.2367,1.17304,0.06794,1.61019,15.3464,25.50813,2,4.17629,6.986346609,80.65973233
3088,0,random_negative,none,,cv,FALSE,4,60_59,,,,22.72511,59.67316,15.74336,2.44757,5.17887,1.24352,0.05837,4.46058,13.68459,23.11601,2,0.89172,6.797512518,80.61615206
3089,0,random_negative,none,,cv,FALSE,2,71_74,,,,13.87933,69.3812,15.33505,0.98116,5.86578,1.39475,0.05396,13.22579,13.48618,26.02831,,0.74281,7.199991752,80.91327392
3090,0,random_negative,none,,cv,FALSE,4,65_70,,,,24.2863,54.02452,20.08314,2.0918,5.36765,1.22569,0.06064,7.13447,14.57866,29.59565,2,1.84678,7.105417151,80.73418508
3091,0,random_negative,none,,cv,FALSE,3,64_60,,,,25.70646,52.92936,20.43004,2.26752,5.21529,1.18085,0.06825,1.82235,14.56019,26.01336,3,0.56272,6.834883711,80.72143072
3092,0,random_negative,none,,cv,FALSE,2,59_62,,,,21.4527,61.90693,15.32414,2.2361,5.06443,1.24575,0.06152,2.62089,14.12247,21.52679,2,0.69884,6.878827685,80.57378618
3093,0,random_negative,none,,cv,FALSE,0,66_66,,,,24.84648,52.76411,21.42722,2.30006,5.27502,1.16497,0.06642,5.48104,15.65362,29.07532,1,1.65621,7.002688362,80.7585712
3094,0,random_negative,none,,cv,FALSE,1,65_68,,,,24.05891,53.73086,20.84968,2.16382,5.29135,1.20307,0.06387,7.40976,15.3104,30.02828,2,4.37576,7.060706109,80.7546761
3095,0,random_negative,none,,cv,FALSE,4,62_64,,,,25.51614,54.52722,19.64637,2.26672,5.16552,1.15383,0.06611,0.44469,14.59016,24.85163,1,2.10698,6.949053003,80.6501743
3096,0,random_negative,none,,cv,FALSE,2,72_73,,,,14.01734,68.92993,15.49004,0.98456,5.84338,1.38747,0.05503,13.53173,13.49079,26.41548,3,1.86141,7.18321566,80.92127896
3097,0,random_negative,none,,cv,FALSE,1,68_67,,,,20.97178,57.16527,19.87242,2.1505,5.45501,1.19012,0.06478,12.84912,15.38994,32.50625,2,2.25782,7.034541441,80.8300751
3098,0,random_negative,none,,cv,FALSE,1,56_67,,,,19.62916,64.91001,14.14933,1.56044,5.23111,1.32033,0.06184,2.91287,12.12906,21.07783,1,3.10117,7.020206705,80.50081697
3099,0,random_negative,none,,cv,FALSE,3,66_63,,,,30.6141,44.82892,24.30338,2.23592,5.24214,1.14383,0.07244,0.51121,14.85346,30.65462,1,4.63956,6.9042701,80.77243972
3100,0,random_negative,none,,cv,FALSE,0,58_59,,,,21.16879,62.87737,14.04426,2.47689,5.09727,1.26944,0.05601,5.21494,12.8131,22.28974,2,3.22879,6.809095051,80.55149306
3101,0,random_negative,none,,cv,FALSE,2,69_73,,,,17.58407,64.17291,16.9272,1.24659,5.78079,1.34233,0.05322,11.75953,13.51853,28.17031,2,1.8611,7.179262231,80.84787841
3102,0,random_negative,none,,cv,FALSE,0,59_67,,,,22.26094,60.24596,16.54911,1.60974,5.30375,1.23282,0.06012,0.98232,12.99351,21.91576,3,1.81422,7.035989213,80.58367873
3103,0,random_negative,none,,cv,FALSE,2,62_58,,,,22.9654,58.36834,17.06006,2.41986,5.2484,1.25404,0.06022,5.33709,13.75513,25.82159,1,3.66522,6.771448253,80.6679644
3104,0,random_negative,none,,cv,FALSE,1,66_68,,,,24.05891,53.73086,20.84968,2.16382,5.29135,1.20307,0.06387,7.40976,15.3104,30.02828,2,4.40493,7.06173368,80.76107804
3105,0,random_negative,none,,cv,FALSE,1,57_62,,,,20.62306,63.70853,14.15696,2.2005,5.05452,1.26186,0.05919,3.43152,13.39378,21.44654,2,1.25783,6.882232846,80.5359503
3106,0,random_negative,none,,cv,FALSE,2,64_58,,,,24.67706,54.74541,19.26391,2.27894,5.20925,1.20303,0.06577,3.59529,13.95864,26.38233,3,2.06942,6.792039436,80.71433321
3107,0,random_negative,none,,cv,FALSE,3,64_59,,,,25.0347,53.98048,19.7705,2.28776,5.20154,1.19471,0.06716,3.19265,13.96149,26.50814,1,2.35822,6.808810617,80.72241046
3108,0,random_negative,none,,cv,FALSE,1,55_63,,,,20.55093,64.33626,13.64737,2.09221,4.97846,1.29121,0.05576,4.21155,11.99345,22.85966,1,3.05089,6.910410221,80.46554444
3109,0,random_negative,none,,cv,FALSE,2,63_58,,,,24.34225,55.45955,18.78702,2.27032,5.2165,1.21127,0.06441,3.96912,13.95586,26.2528,1,0.3901,6.783451528,80.69927047
3110,0,random_negative,none,,cv,FALSE,0,67_64,,,,27.66862,48.59351,22.90384,2.2432,5.30847,1.12996,0.07352,3.48018,15.61095,30.31234,2,0.38869,6.949119913,80.78340561
3111,0,random_negative,none,,cv,FALSE,0,66_75,,,,25.27857,58.62036,14.8587,0.9536,5.81158,1.37416,0.05271,6.87397,12.4694,31.26132,3,0.81843,7.244104205,80.77551981
3112,0,random_negative,none,,cv,FALSE,0,61_60,,,,24.14568,56.96877,17.47285,2.30304,5.10057,1.22189,0.06341,3.67241,13.44011,24.95417,2,2.19603,6.826762735,80.64340827
3113,0,random_negative,none,,cv,FALSE,2,62_58,,,,23.80999,56.75763,17.85423,2.25425,5.22078,1.2486,0.06175,4.4166,13.94993,25.70291,2,3.37758,6.775446031,80.66978536
3114,0,random_negative,none,,cv,FALSE,0,62_60,,,,24.82338,55.35276,18.78252,2.23195,5.22158,1.20712,0.06313,2.17841,14.5501,24.80217,2,3.58551,6.845291772,80.66121951
3115,0,random_negative,none,,cv,FALSE,4,66_62,,,,29.01763,46.70685,23.81142,2.17343,5.27455,1.14259,0.07566,0.62551,15.02954,29.07355,1,3.79833,6.900968339,80.78162377
3116,0,random_negative,none,,cv,FALSE,3,72_67,,,,16.72371,60.52072,19.79582,2.04087,5.47743,1.20313,0.06707,22.55927,15.6636,37.92912,3,3.47113,7.010166422,80.92131434
3117,0,random_negative,none,,cv,FALSE,4,65_63,,,,29.12196,47.47003,22.96199,2.29216,5.26396,1.151,0.06905,1.91147,15.45568,30.26102,2,4.73559,6.926699904,80.74404224
3118,0,random_negative,none,,cv,FALSE,2,73_69,,,,16.78935,63.33146,17.3824,1.92651,5.62514,1.261,0.06347,16.08927,14.71261,31.5473,2,9.47607,7.07728655,80.94846482
3119,0,random_negative,none,,cv,FALSE,2,71_72,,,,16.06807,65.18711,17.04767,1.30687,5.72113,1.33082,0.05618,13.44198,13.86586,28.31585,2,6.30325,7.148523218,80.8954903
3120,0,random_negative,none,,cv,FALSE,0,60_64,,,,20.7807,62.12273,16.18024,2.21653,5.12416,1.20692,0.06559,1.49464,13.6737,20.66762,1,0.59343,6.933931752,80.60137697
3121,0,random_negative,none,,cv,FALSE,0,56_64,,,,19.94791,64.64972,14.14232,2.16844,5.07668,1.25401,0.06058,1.85001,12.65575,19.97813,2,2.24344,6.937669484,80.50387761
3122,0,random_negative,none,,cv,FALSE,3,67_72,,,,22.43704,57.38784,18.67319,1.51973,5.53355,1.27819,0.05609,8.32853,14.52441,29.20994,2,5.09826,7.148197218,80.79719801
3123,0,random_negative,none,,cv,FALSE,2,72_73,,,,13.15354,70.24828,14.95639,0.98122,5.86664,1.39589,0.05499,13.75424,13.48433,25.81555,3,2.06179,7.183010812,80.94230898
3124,0,random_negative,none,,cv,FALSE,2,57_61,,,,20.73747,63.70574,13.9863,2.20085,5.04368,1.25979,0.05874,3.63179,13.39225,21.65265,2,0.09018,6.871584158,80.53106096
3125,0,random_negative,none,,cv,FALSE,3,63_64,,,,28.16702,50.47755,21.27128,2.42385,5.22264,1.14266,0.06337,0.87674,15.32303,28.25356,1,1.31098,6.941572476,80.67834461
3126,0,random_negative,none,,cv,FALSE,4,65_61,,,,27.00591,50.30552,22.01002,2.28187,5.2126,1.15701,0.07164,0.95249,14.56912,26.93021,3,1.32226,6.861921709,80.74907512
3127,0,random_negative,none,,cv,FALSE,4,62_62,,,,26.34684,53.22498,19.95235,2.22316,5.2248,1.19039,0.06297,1.11186,14.55363,25.93567,1,1.62287,6.883629269,80.66422879
3128,0,random_negative,none,,cv,FALSE,3,65_59,,,,25.47446,52.84196,20.57912,2.30171,5.1948,1.18278,0.06955,2.59293,13.96617,26.6182,2,2.72257,6.816621833,80.74067906
3129,0,random_negative,none,,cv,FALSE,3,67_61,,,,26.90079,49.08806,23.19108,2.20452,5.25916,1.16547,0.07644,0.82019,14.69112,26.94378,4,0.30094,6.872093885,80.79526356
3130,0,random_negative,none,,cv,FALSE,3,63_64,,,,28.62791,49.1533,22.06552,2.3443,5.2968,1.13736,0.06793,0.88201,15.78515,28.69841,1,1.64152,6.944785984,80.69868111
3131,0,random_negative,none,,cv,FALSE,2,68_71,,,,22.0391,57.1759,19.30158,2.11766,5.47512,1.24376,0.05889,9.39915,15.66938,29.99444,2,5.95723,7.128695327,80.81326918
3132,0,random_negative,none,,cv,FALSE,2,59_62,,,,21.12618,62.32982,15.28474,2.22938,5.06985,1.24622,0.06159,2.51917,14.12188,21.29437,2,0.65175,6.885427342,80.57770049
3133,0,random_negative,none,,cv,FALSE,0,67_59,,,,26.07837,49.26952,23.76161,2.24454,5.23816,1.17247,0.07736,-0.90061,14.09148,24.46713,1,1.97505,6.819460514,80.80760985
3134,0,random_negative,none,,cv,FALSE,0,61_65,,,,23.477,57.34903,18.48072,2.22625,5.19292,1.19173,0.06572,1.16091,14.58444,23.39023,1,3.80813,6.974674375,80.64595795
3135,0,random_negative,none,,cv,FALSE,2,57_61,,,,21.0004,63.70777,13.72258,2.60528,4.9994,1.26089,0.05744,4.65003,13.32024,22.72887,1,2.00556,6.8513503,80.52646303
3136,0,random_negative,none,,cv,FALSE,4,62_62,,,,26.37199,53.44867,19.85,2.22943,5.19733,1.19356,0.06431,0.54515,14.77481,25.58609,1,1.60879,6.894364675,80.65230747
3137,0,random_negative,none,,cv,FALSE,0,59_60,,,,22.12529,61.0247,14.95019,2.40939,5.10915,1.24999,0.0593,4.36064,13.03356,21.99261,2,2.24134,6.826374266,80.59096022
3138,0,random_negative,none,,cv,FALSE,4,67_73,,,,22.22927,58.23781,18.25593,1.53295,5.6137,1.28167,0.05298,8.00912,14.58517,28.91966,1,3.88193,7.176827904,80.79598781
3139,0,random_negative,none,,cv,FALSE,4,60_59,,,,23.02163,59.41199,15.49052,2.2823,5.10398,1.24459,0.06119,4.38482,13.4297,22.75647,2,1.70465,6.800911197,80.60855214
3140,0,random_negative,none,,cv,FALSE,1,57_62,,,,21.40987,62.65052,14.48973,2.1055,5.03908,1.25098,0.05701,2.76236,12.64129,21.76244,1,1.9596,6.880711769,80.51417758
3141,0,random_negative,none,,cv,FALSE,4,62_62,,,,26.89363,52.48886,20.32315,2.21989,5.22645,1.18889,0.06282,0.79137,14.55445,26.36073,2,1.33949,6.888924245,80.65819579
3142,0,random_negative,none,,cv,FALSE,0,59_67,,,,21.61583,61.51334,15.91278,2.15607,5.2446,1.23325,0.06224,0.266,13.35017,20.56647,2,1.16834,7.030332779,80.57779287
3143,0,random_negative,none,,cv,FALSE,3,66_58,,,,24.16845,53.31817,21.1169,2.18236,5.35796,1.18892,0.0735,3.34137,14.70248,26.2097,3,1.99131,6.787912862,80.78184848
3144,0,random_negative,none,,cv,FALSE,0,56_64,,,,19.94791,64.64972,14.14232,2.16844,5.07668,1.25401,0.06058,1.85001,12.65575,19.97813,4,2.46537,6.939790176,80.49771498
3145,0,random_negative,none,,cv,FALSE,2,59_61,,,,21.11591,62.07796,15.39931,2.17978,5.13274,1.24876,0.06158,2.73306,14.10766,21.07925,2,0.76791,6.873056718,80.57988047
3146,0,random_negative,none,,cv,FALSE,1,63_69,,,,24.35981,55.06183,19.37528,1.51233,5.35418,1.2499,0.06093,4.95821,13.9677,27.9714,2,2.61648,7.090502601,80.70122475
3147,0,random_negative,none,,cv,FALSE,0,67_64,,,,26.94585,49.57035,22.50016,2.23053,5.3146,1.13468,0.07296,4.3013,15.61091,30.30614,2,0.70229,6.953616709,80.78522446
3148,0,random_negative,none,,cv,FALSE,0,59_63,,,,20.48227,63.06669,15.31613,2.20574,5.09638,1.24447,0.06115,2.46898,13.40322,21.03932,2,2.12011,6.921704001,80.58771385
3149,0,random_negative,none,,cv,FALSE,1,58_60,,,,21.17232,62.7339,14.35785,2.41434,5.07856,1.26394,0.05945,4.2294,13.25193,21.69103,,1.73098,6.833055982,80.55802782
3150,0,random_negative,none,,cv,FALSE,4,62_62,,,,26.3827,52.99836,20.06478,2.2321,5.22066,1.18733,0.06388,1.25685,14.55494,26.07482,2,2.03126,6.874685158,80.66759393
3151,0,random_negative,none,,cv,FALSE,4,66_62,,,,28.80627,47.48202,23.18531,2.24392,5.24349,1.13937,0.07254,1.15515,14.85108,29.20373,1,3.85875,6.893787351,80.77083026
3152,0,random_negative,none,,cv,FALSE,0,62_61,,,,25.8766,53.86618,19.61756,2.226,5.22356,1.19218,0.06307,1.40624,14.55278,25.57247,2,1.77457,6.870203543,80.66271826
3153,0,random_negative,none,,cv,FALSE,3,65_66,,,,25.90272,51.73974,21.23204,2.30208,5.31695,1.16079,0.06869,4.58613,15.78921,29.25217,1,3.15191,6.990773381,80.74358924
3154,0,random_negative,none,,cv,FALSE,0,58_59,,,,21.19671,62.85843,14.01442,2.47132,5.1121,1.26712,0.05565,5.35799,11.79105,22.43731,2,4.17222,6.797174465,80.5494977
3155,0,random_negative,none,,cv,FALSE,0,61_61,,,,23.9239,57.46097,17.50499,2.26296,5.17809,1.22143,0.06203,2.44639,14.24572,24.02283,1,0.62735,6.866871394,80.62526465
3156,0,random_negative,none,,cv,FALSE,4,65_72,,,,23.10142,56.39024,19.02078,1.52133,5.49388,1.26234,0.05544,6.84135,14.2242,28.38492,2,5.35764,7.157562694,80.75332646
3157,0,random_negative,none,,cv,FALSE,0,61_61,,,,24.69545,55.80742,18.64583,2.21394,5.2299,1.20219,0.06156,1.75746,14.54837,24.42297,2,1.27356,6.870126545,80.64152313
3158,0,random_negative,none,,cv,FALSE,1,58_60,,,,20.7575,63.38289,14.23176,2.405,5.07089,1.2664,0.05918,4.23251,13.24926,21.70748,2,0.57525,6.844925944,80.55114775
3159,0,random_negative,none,,cv,FALSE,4,59_59,,,,22.46346,60.94609,13.96867,2.41462,5.12322,1.25401,0.05878,4.62173,13.03272,20.3663,4,3.85001,6.794524511,80.58514876
3160,0,random_negative,none,,cv,FALSE,1,57_58,,,,20.77968,64.36818,13.12222,2.37995,5.08099,1.28283,0.05251,5.55427,11.37969,22.9236,1,5.08625,6.784492885,80.52701184
3161,0,random_negative,none,,cv,FALSE,3,71_73,,,,14.61859,68.08608,15.78157,0.98659,5.83057,1.38214,0.05503,13.21053,13.495,26.66755,3,3.23164,7.17773056,80.9010519
3162,0,random_negative,none,,cv,FALSE,0,68_60,,,,25.94165,49.54301,23.53042,2.2429,5.23252,1.16899,0.07783,-0.17476,14.09295,25.04312,1,3.28784,6.831163084,80.81089517
3163,0,random_negative,none,,cv,FALSE,3,67_62,,,,27.68449,48.21419,23.37586,2.19408,5.25954,1.16591,0.07568,1.27952,14.69319,28.25651,1,1.91791,6.888676472,80.79607971
3164,0,random_negative,none,,cv,FALSE,1,58_58,,,,21.13118,63.5598,13.46358,2.47443,5.11743,1.28179,0.05493,5.6304,11.79097,22.93551,3,6.04156,6.777840612,80.54672911
3165,0,random_negative,none,,cv,FALSE,3,63_64,,,,28.16702,50.47755,21.27128,2.42385,5.22264,1.14266,0.06337,0.87674,15.32303,28.25356,1,1.3013,6.94368755,80.67993906
3166,0,random_negative,none,,cv,FALSE,0,61_65,,,,22.6517,58.69883,17.87173,2.31367,5.2034,1.18257,0.06396,1.48346,14.33552,22.85175,2,4.50284,6.979234515,80.63804325
3167,0,random_negative,none,,cv,FALSE,3,72_69,,,,17.40559,62.23448,17.98809,2.09319,5.55402,1.23564,0.06275,17.00958,15.40975,33.13875,3,9.55412,7.066273786,80.93465491
3168,0,random_negative,none,,cv,FALSE,1,60_63,,,,21.74807,60.91861,16.4288,2.22951,5.08994,1.23351,0.06297,1.83388,14.12899,21.87639,2,1.58206,6.915708672,80.60410432
3169,0,random_negative,none,,cv,FALSE,1,70_68,,,,18.99436,59.41279,19.24099,2.12493,5.49557,1.20179,0.06358,16.77963,15.39028,34.39874,4,2.62322,7.046548409,80.86701283
3170,0,random_negative,none,,cv,FALSE,0,68_70,,,,20.42829,58.63983,19.28799,2.0543,5.50573,1.24059,0.05948,11.04698,15.17933,30.07825,3,2.84729,7.095697048,80.83162698
3171,0,random_negative,none,,cv,FALSE,0,67_59,,,,24.53226,52.62775,21.53923,2.19214,5.34203,1.19086,0.07441,2.70032,14.70387,26.00694,2,2.17591,6.798529865,80.78827746
3172,0,random_negative,none,,cv,FALSE,2,62_59,,,,23.46267,57.90524,17.16917,2.461,5.17433,1.22358,0.06078,4.20161,13.69236,24.86669,2,1.85277,6.79872505,80.6490855
3173,0,random_negative,none,,cv,FALSE,0,61_57,,,,22.41188,59.66501,16.15653,2.41094,5.25359,1.26865,0.05774,5.74212,13.74857,25.21545,1,4.43303,6.755307956,80.6393253
3174,0,random_negative,none,,cv,FALSE,1,57_58,,,,20.25096,64.6669,13.28128,2.3768,5.07704,1.28641,0.05148,6.61899,11.37751,23.69869,2,4.31419,6.778425374,80.5168763
3175,0,random_negative,none,,cv,FALSE,4,59_59,,,,22.49448,60.87458,14.03764,2.41321,5.11968,1.25186,0.0591,4.45021,13.03311,20.2437,2,3.28117,6.808770294,80.5841793
3176,0,random_negative,none,,cv,FALSE,0,66_66,,,,25.65367,51.75705,21.31914,2.3073,5.30875,1.15743,0.06967,5.5127,15.79234,29.91033,1,1.20808,6.990713534,80.76785955
3177,0,random_negative,none,,cv,FALSE,0,66_75,,,,23.39809,59.13809,15.92077,1.09695,5.72739,1.32017,0.0542,5.92185,13.38559,28.17576,,2.4113,7.231449856,80.7685222
3178,0,random_negative,none,,cv,FALSE,1,68_72,,,,20.9677,59.75506,17.96779,1.49734,5.60161,1.29145,0.05433,8.44548,14.85522,28.19508,2,2.59603,7.159683304,80.81852677
3179,0,random_negative,none,,cv,FALSE,4,66_71,,,,22.84628,56.61651,18.86903,1.45333,5.55469,1.28285,0.05543,8.03994,13.60734,29.1036,2,4.48522,7.135916868,80.76886586
3180,0,random_negative,none,,cv,FALSE,0,70_73,,,,14.87556,67.9027,15.82778,0.986,5.83654,1.38299,0.05443,12.79974,13.49493,26.53648,,3.57247,7.18715952,80.89031709
3181,0,random_negative,none,,cv,FALSE,1,65_62,,,,28.44716,48.17393,22.90623,2.2712,5.27376,1.14464,0.07145,0.94123,15.33717,28.5332,2,4.13792,6.887414451,80.74934861
3182,0,random_negative,none,,cv,FALSE,3,65_58,,,,24.96862,52.93966,20.76264,2.22903,5.34311,1.19422,0.07097,3.54845,14.8925,26.9516,2,3.76364,6.784791692,80.7493348
3183,0,random_negative,none,,cv,FALSE,2,69_66,,,,21.54622,55.81065,20.58794,2.1343,5.38572,1.16698,0.06899,13.41469,15.38286,33.81466,1,3.63945,6.997087905,80.84996393
3184,0,random_negative,none,,cv,FALSE,0,66_75,,,,23.15988,60.97512,14.87191,0.95069,5.81734,1.37852,0.05217,5.46274,12.46853,27.85455,,0.56048,7.245219375,80.78168619
3185,0,random_negative,none,,cv,FALSE,0,67_59,,,,24.71392,51.90081,22.11285,2.1983,5.33299,1.1753,0.07616,2.03617,14.7061,25.69951,1,0.9711,6.806881021,80.80070257
3186,0,random_negative,none,,cv,FALSE,2,58_62,,,,20.06349,64.30195,14.22734,2.19233,5.07153,1.25962,0.05972,3.13055,13.39443,20.88102,2,2.00468,6.894815464,80.55261737
3187,0,random_negative,none,,cv,FALSE,4,68_73,,,,19.15443,62.15682,17.43161,1.26021,5.73742,1.33668,0.05399,10.1705,13.82006,28.16651,2,0.77308,7.185808407,80.82788487
3188,0,random_negative,none,,cv,FALSE,2,73_72,,,,14.56052,67.62588,16.04837,1.16355,5.77803,1.34891,0.05682,13.94324,13.75608,27.40685,3,5.73119,7.148500485,80.95582816
3189,0,random_negative,none,,cv,FALSE,4,58_64,,,,17.15355,68.0343,13.56157,2.27947,5.12034,1.26646,0.06268,2.25011,13.41432,17.646,2,4.09892,6.935889499,80.56072458
3190,0,random_negative,none,,cv,FALSE,2,57_61,,,,21.76316,62.57304,14.20519,2.50584,4.98805,1.25994,0.05544,3.92465,12.45458,23.02974,3,2.52505,6.850122789,80.51566117
3191,0,random_negative,none,,cv,FALSE,2,61_58,,,,22.5221,59.84136,15.87051,2.45076,5.18901,1.26989,0.05748,5.07268,13.68406,24.20092,2,2.67828,6.767919937,80.62903216
3192,0,random_negative,none,,cv,FALSE,4,66_62,,,,28.80627,47.48202,23.18531,2.24392,5.24349,1.13937,0.07254,1.15515,14.85108,29.20373,2,4.47287,6.89346318,80.76327969
3193,0,random_negative,none,,cv,FALSE,0,66_66,,,,24.67615,52.82965,21.47223,2.30275,5.26915,1.16334,0.06679,5.97745,15.65515,29.39382,3,0.93643,7.005096279,80.76618165
3194,0,random_negative,none,,cv,FALSE,1,55_63,,,,20.55093,64.33626,13.64737,2.09221,4.97846,1.29121,0.05576,4.21155,11.99345,22.85966,1,2.665,6.912759688,80.46853345
3195,0,random_negative,none,,cv,FALSE,4,65_65,,,,27.75026,49.51013,22.10976,2.3504,5.28426,1.14374,0.07013,2.44435,15.79072,29.23786,2,2.82249,6.958826687,80.74235726
3196,0,random_negative,none,,cv,FALSE,1,58_60,,,,20.74676,63.5607,13.95328,2.49175,5.06584,1.2681,0.05759,4.95001,13.0528,22.18932,2,1.3955,6.823748437,80.54219326
3197,0,random_negative,none,,cv,FALSE,0,60_67,,,,21.02215,61.35253,16.6271,2.26074,5.22763,1.20778,0.06348,1.43881,14.32569,21.1389,3,2.84994,7.016713644,80.60879555
3198,0,random_negative,none,,cv,FALSE,4,66_69,,,,23.8622,53.21467,21.00169,2.12679,5.322,1.21933,0.0623,9.5747,15.30818,31.26452,2,2.53302,7.088169974,80.76963612
3199,0,random_negative,none,,cv,FALSE,0,61_57,,,,22.39443,60.04388,15.8014,2.4503,5.19248,1.27447,0.0569,5.30084,13.68317,24.44219,1,3.24985,6.760916921,80.62095651
3200,0,random_negative,none,,cv,FALSE,0,65_60,,,,26.28859,51.30491,21.57262,2.28512,5.21432,1.16587,0.07155,1.13772,14.56672,26.26334,1,1.2482,6.83872319,80.74950295
3201,0,random_negative,none,,cv,FALSE,1,63_68,,,,25.14734,54.18263,19.5866,2.19824,5.33154,1.19394,0.06539,3.39633,14.69102,27.05712,3,4.22862,7.041869007,80.68288762
3202,0,random_negative,none,,cv,FALSE,4,66_69,,,,23.96527,53.39435,20.84681,2.12482,5.32662,1.22048,0.06228,8.7202,15.3067,30.6611,2,1.87608,7.086331219,80.76006047
3203,0,random_negative,none,,cv,FALSE,2,69_73,,,,17.57668,64.44074,16.69604,1.00881,5.79621,1.37583,0.05393,11.5464,13.23984,27.95531,,1.42907,7.187421647,80.84130178
3204,0,random_negative,none,,cv,FALSE,4,58_61,,,,21.07797,62.74205,14.71538,2.22912,5.05324,1.25402,0.06071,2.97094,14.11771,21.28484,2,1.53671,6.866880458,80.55645013
3205,0,random_negative,none,,cv,FALSE,3,64_60,,,,25.70646,52.92936,20.43004,2.26752,5.21529,1.18085,0.06825,1.82235,14.56019,26.01336,1,0.5471,6.831795942,80.71538762
3206,0,random_negative,none,,cv,FALSE,0,68_60,,,,25.51218,50.55276,22.7415,2.23541,5.22973,1.17038,0.07768,1.52517,14.09388,26.1974,1,3.63395,6.845527522,80.81949592
3207,0,random_negative,none,,cv,FALSE,1,57_58,,,,20.92979,63.80444,13.41899,2.46924,5.10964,1.28262,0.05475,6.42786,11.78933,23.67219,1,4.46367,6.790195979,80.53615259
3208,0,random_negative,none,,cv,FALSE,1,63_59,,,,24.96685,54.62908,19.19956,2.27648,5.19088,1.20125,0.06505,3.22549,13.95709,26.16123,2,3.62238,6.814253396,80.69126102
3209,0,random_negative,none,,cv,FALSE,4,65_61,,,,27.37996,49.31493,22.59425,2.28757,5.27037,1.1455,0.07297,0.8628,15.33478,27.24988,3,1.12371,6.859882927,80.75236631
3210,0,random_negative,none,,cv,FALSE,2,71_72,,,,14.7121,67.61853,15.97908,0.98996,5.80597,1.37501,0.05623,13.69538,13.49948,27.17961,,4.29368,7.165882312,80.90143998
3211,0,random_negative,none,,cv,FALSE,3,66_63,,,,29.99749,45.90256,23.75689,2.22556,5.24616,1.13981,0.0714,1.25977,14.85285,30.667,2,3.71377,6.91873974,80.76771491
3212,0,random_negative,none,,cv,FALSE,3,66_58,,,,25.24105,52.28065,21.22919,2.23952,5.32943,1.19597,0.07234,3.00375,14.89463,26.82146,2,3.21733,6.79107981,80.75993802
3213,0,random_negative,none,,cv,FALSE,1,71_66,,,,16.97918,59.93501,20.09842,2.05515,5.45634,1.19512,0.06808,22.87146,15.66574,38.50022,1,3.45092,7.004212545,80.91029482
3214,0,random_negative,none,,cv,FALSE,0,58_59,,,,21.28473,62.54121,14.33172,2.39736,5.10006,1.26516,0.05758,4.81481,13.02597,22.06855,,2.37449,6.819895359,80.55957496
3215,0,random_negative,none,,cv,FALSE,4,61_64,,,,24.93539,55.52464,19.1712,2.26913,5.16296,1.20429,0.06568,0.40006,14.58804,24.10382,1,1.43362,6.941337693,80.64370773
3216,0,random_negative,none,,cv,FALSE,0,58_59,,,,21.38279,62.46643,14.20262,2.39966,5.10419,1.26658,0.05744,4.92488,13.02585,21.96448,,2.81104,6.813495347,80.56227695
3217,0,random_negative,none,,cv,FALSE,0,58_59,,,,21.16879,62.87737,14.04426,2.47689,5.09727,1.26944,0.05601,5.21494,12.8131,22.28974,2,3.46165,6.808251575,80.55364258
3218,0,random_negative,none,,cv,FALSE,0,58_63,,,,18.99812,65.74322,13.8994,2.17622,5.0855,1.2661,0.05998,2.95261,13.39249,19.92093,2,2.93255,6.918896798,80.55138126
3219,0,random_negative,none,,cv,FALSE,2,65_67,,,,24.77448,53.33288,20.99778,2.27773,5.30557,1.17898,0.06472,4.54231,15.64803,28.02576,1,1.27561,7.013762054,80.72971213
3220,0,random_negative,none,,cv,FALSE,3,65_58,,,,24.08183,54.11242,20.38495,2.27236,5.36892,1.21885,0.07083,3.67908,15.08734,26.22221,2,2.98954,6.77448055,80.75332866
3221,0,random_negative,none,,cv,FALSE,4,59_58,,,,22.13411,61.00025,14.88565,2.41996,5.12828,1.25574,0.05816,5.13239,13.03384,22.84544,3,3.27355,6.778821446,80.59241318
3222,0,random_negative,none,,cv,FALSE,2,56_60,,,,20.91897,63.78073,13.74148,2.60572,4.99962,1.25922,0.0562,5.45612,12.25016,23.68082,2,2.74407,6.839298684,80.50826005
3223,0,random_negative,none,,cv,FALSE,0,61_61,,,,23.8126,57.67641,17.22541,2.29015,5.08785,1.22429,0.0626,3.37468,13.43548,24.44423,1,2.03632,6.853379316,80.62206718
3224,0,random_negative,none,,cv,FALSE,0,63_60,,,,25.82042,53.191,20.12797,2.25532,5.21543,1.17938,0.06652,1.79145,14.55777,25.97739,2,2.38223,6.841787663,80.70007303
3225,0,random_negative,none,,cv,FALSE,2,59_62,,,,21.58337,61.54567,15.67729,2.23646,5.07149,1.24145,0.06196,2.37843,14.12471,21.65473,2,1.46516,6.890384948,80.58823346
3226,0,random_negative,none,,cv,FALSE,1,60_63,,,,22.62067,59.55031,17.0372,2.23746,5.08834,1.22763,0.06338,1.6488,14.13219,22.64866,1,0.60956,6.921275381,80.61463351
3227,0,random_negative,none,,cv,FALSE,0,62_60,,,,24.54941,55.60054,18.6596,2.23913,5.21995,1.19813,0.06365,2.55621,14.55003,24.83306,3,2.09047,6.824166135,80.67307826
3228,0,random_negative,none,,cv,FALSE,3,63_64,,,,28.60106,49.38439,21.93054,2.33918,5.30338,1.14495,0.06727,0.65534,15.78344,28.4562,1,1.79453,6.944075504,80.69191726
3229,0,random_negative,none,,cv,FALSE,2,56_59,,,,21.16487,63.55533,13.70466,2.51904,4.98551,1.27429,0.05341,5.06137,11.77652,23.30396,2,3.0116,6.812516673,80.51073608
3230,0,random_negative,none,,cv,FALSE,4,65_57,,,,23.58983,55.26228,19.60531,2.2325,5.38905,1.22767,0.06686,4.45828,15.24088,26.28163,1,4.34366,6.760257358,80.74193273
3231,0,random_negative,none,,cv,FALSE,0,72_70,,,,17.51803,62.45615,17.81035,2.07285,5.57947,1.24411,0.06113,16.12362,15.40556,32.37397,3,11.06726,7.091640693,80.93032563
3232,0,random_negative,none,,cv,FALSE,2,59_62,,,,21.58337,61.54567,15.67729,2.23646,5.07149,1.24145,0.06196,2.37843,14.12471,21.65473,2,1.41229,6.891184323,80.58617023
3233,0,random_negative,none,,cv,FALSE,0,61_61,,,,23.8126,57.67641,17.22541,2.29015,5.08785,1.22429,0.0626,3.37468,13.43548,24.44423,2,1.82664,6.854038216,80.62574469
3234,0,random_negative,none,,cv,FALSE,3,71_73,,,,14.92944,67.66973,15.90751,0.98754,5.82514,1.37957,0.05503,12.99084,13.49707,26.74422,,3.52187,7.184427835,80.89218225
3235,0,random_negative,none,,cv,FALSE,2,65_67,,,,24.50494,53.66256,20.85161,2.26474,5.31671,1.18482,0.0642,4.85552,15.64712,28.0042,2,1.39351,7.016897548,80.73222493
3236,0,random_negative,none,,cv,FALSE,0,66_61,,,,27.37996,49.31493,22.59425,2.28757,5.27037,1.1455,0.07297,0.8628,15.33478,27.24988,2,2.05579,6.865909796,80.75962322
3237,0,random_negative,none,,cv,FALSE,3,64_65,,,,26.71678,51.69568,21.16384,2.30015,5.25342,1.15945,0.06808,1.75542,15.42489,27.48352,2,4.65319,6.97523319,80.703701
3238,0,random_negative,none,,cv,FALSE,3,70_66,,,,18.88272,58.47338,20.11876,2.04329,5.41699,1.18674,0.06894,17.56721,15.18614,35.20252,4,3.13605,6.988704246,80.87866518
3239,0,random_negative,none,,cv,FALSE,3,66_63,,,,29.17242,46.98114,23.44832,2.25853,5.27924,1.14232,0.07131,1.23167,15.34138,29.71526,1,4.11327,6.919694978,80.7584152
3240,0,random_negative,none,,cv,FALSE,0,72_70,,,,15.33513,66.00468,16.7232,1.30184,5.68103,1.33085,0.05861,14.76188,13.7502,28.93313,2,10.4259,7.105737428,80.93192271
3241,0,random_negative,none,,cv,FALSE,2,65_64,,,,28.52406,47.9238,23.03683,2.24881,5.30872,1.15097,0.07253,1.90684,15.60728,29.64411,2,3.29704,6.937980016,80.75269417
3242,0,random_negative,none,,cv,FALSE,3,64_61,,,,26.68887,51.97011,20.73022,2.25249,5.21458,1.17565,0.06661,1.3081,14.56,26.60463,2,2.33927,6.86056246,80.70166096
3243,0,random_negative,none,,cv,FALSE,2,62_59,,,,24.19642,56.28868,18.07993,2.35323,5.14188,1.21631,0.06258,3.7345,14.01314,25.31829,1,1.45026,6.802810707,80.66597888
3244,0,random_negative,none,,cv,FALSE,3,72_67,,,,16.81083,60.59413,19.64061,2.15855,5.44703,1.20872,0.06622,22.72208,15.84845,38.16788,2,4.99508,7.02437127,80.92152939
3245,0,random_negative,none,,cv,FALSE,2,59_61,,,,21.51546,61.38119,15.7558,2.18609,5.13541,1.24432,0.06197,2.5996,14.11029,21.3869,2,1.57273,6.868228133,80.59109255
3246,0,random_negative,none,,cv,FALSE,0,58_63,,,,18.99812,65.74322,13.8994,2.17622,5.0855,1.2661,0.05998,2.95261,13.39249,19.92093,2,2.56059,6.913734521,80.54816043
3247,0,random_negative,none,,cv,FALSE,4,63_67,,,,25.11898,53.74479,20.2207,2.23795,5.30013,1.18714,0.06682,3.17643,15.42006,27.03317,1,2.46516,7.02544648,80.69836295
3248,0,random_negative,none,,cv,FALSE,0,70_73,,,,15.28973,67.01754,16.11561,0.98994,5.80838,1.37374,0.05565,12.97466,13.50121,27.03307,3,4.97727,7.175846498,80.88197126
3249,0,random_negative,none,,cv,FALSE,1,66_65,,,,27.36632,49.31412,22.50399,2.22727,5.31797,1.1384,0.07201,3.44151,15.60838,29.8791,2,1.1331,6.956949938,80.76341104
3250,0,random_negative,none,,cv,FALSE,2,65_64,,,,28.08359,49.09323,22.39209,2.22595,5.32525,1.14118,0.07012,1.81693,15.60315,29.03054,2,3.77767,6.941830791,80.73207148
3251,0,random_negative,none,,cv,FALSE,2,60_69,,,,24.31898,56.58553,18.19382,1.4928,5.41647,1.25378,0.0661,0.30235,13.45329,23.25142,1,3.2944,7.069492059,80.60790554
3252,0,random_negative,none,,cv,FALSE,0,63_66,,,,25.72519,53.16145,20.48581,2.27068,5.27771,1.17392,0.06716,2.18353,15.42099,26.79448,2,4.68402,6.990657924,80.68942372
3253,0,random_negative,none,,cv,FALSE,3,67_62,,,,28.18457,47.81001,23.4094,2.17963,5.27333,1.14269,0.07597,0.80183,15.02867,28.31381,1,3.05013,6.893954676,80.78319899
3254,0,random_negative,none,,cv,FALSE,0,63_66,,,,25.22242,53.99212,20.08044,2.2542,5.29271,1.18255,0.0666,2.2152,15.41815,26.27312,2,4.34464,7.003339121,80.68438657
3255,0,random_negative,none,,cv,FALSE,0,58_63,,,,20.06349,64.30195,14.22734,2.19233,5.07153,1.25962,0.05972,3.13055,13.39443,20.88102,3,2.42957,6.902542632,80.54700247
3256,0,random_negative,none,,cv,FALSE,3,65_58,,,,24.96862,52.93966,20.76264,2.22903,5.34311,1.19422,0.07097,3.54845,14.8925,26.9516,1,4.03492,6.784046102,80.74630996
3257,0,random_negative,none,,cv,FALSE,2,63_58,,,,23.80999,56.75763,17.85423,2.25425,5.22078,1.2486,0.06175,4.4166,13.94993,25.70291,1,2.92123,6.773378589,80.67441594
3258,0,random_negative,none,,cv,FALSE,2,62_59,,,,23.46267,57.90524,17.16917,2.461,5.17433,1.22358,0.06078,4.20161,13.69236,24.86669,2,1.85677,6.796973424,80.65293129
3259,0,random_negative,none,,cv,FALSE,1,66_74,,,,22.4195,59.95578,16.14925,1.09581,5.72112,1.33774,0.05414,6.53074,13.38624,27.77944,2,3.16945,7.221403252,80.77807025
3260,0,random_negative,none,,cv,FALSE,0,56_64,,,,19.72739,64.81467,14.06301,2.07044,5.1049,1.24779,0.05994,2.79466,12.66205,20.67165,4,1.89395,6.934595345,80.49708824
3261,0,random_negative,none,,cv,FALSE,4,60_62,,,,22.70368,59.68487,16.58651,2.25147,5.07199,1.2311,0.06274,2.05535,14.13058,22.6004,2,1.53069,6.890156615,80.60830757
3262,0,random_negative,none,,cv,FALSE,1,68_59,,,,24.90991,51.34812,22.50115,2.20309,5.32212,1.17896,0.07718,1.58224,14.70768,25.54195,1,1.49849,6.813477804,80.81424849
3263,0,random_negative,none,,cv,FALSE,2,70_67,,,,18.28763,58.94856,19.99414,2.16986,5.43989,1.18031,0.0672,21.01882,15.39716,37.94783,4,3.88305,7.010093036,80.87895338
3264,0,random_negative,none,,cv,FALSE,1,57_58,,,,20.22961,64.69417,13.27794,2.53722,5.09134,1.28644,0.05059,6.80649,11.4043,23.93262,2,4.42264,6.771138972,80.52407712
3265,0,random_negative,none,,cv,FALSE,1,63_63,,,,30.5474,46.71407,22.98692,2.26805,5.28208,1.15725,0.06513,0.40121,15.4491,30.40418,1,0.65119,6.924143197,80.70061392
3266,0,random_negative,none,,cv,FALSE,3,64_65,,,,26.75268,51.33839,21.23345,2.31323,5.31859,1.15111,0.0674,2.43938,15.78432,28.11731,2,4.97118,6.972878659,80.71351555
3267,0,random_negative,none,,cv,FALSE,1,67_67,,,,24.39439,52.93116,21.29801,2.24445,5.30008,1.16626,0.06651,8.00359,15.67835,31.29514,3,1.38649,7.010192501,80.78291171
3268,0,random_negative,none,,cv,FALSE,0,61_61,,,,24.08506,56.79729,18.15611,2.20804,5.23303,1.2161,0.06083,1.93303,14.54615,23.82812,2,0.85427,6.873773825,80.6367448
3269,0,random_negative,none,,cv,FALSE,2,67_63,,,,29.14354,46.41885,23.9425,2.16641,5.27833,1.14275,0.07581,1.03875,15.03132,29.65884,2,3.83109,6.90537358,80.79147648
3270,0,random_negative,none,,cv,FALSE,3,71_73,,,,14.66914,67.85294,15.87454,0.98825,5.81855,1.3786,0.05562,13.43348,13.49723,26.90752,,4.01024,7.174174835,80.8945077
3271,0,random_negative,none,,cv,FALSE,3,64_69,,,,24.64329,53.95913,20.07106,2.11077,5.34789,1.21891,0.06168,5.9006,14.57731,29.03072,2,3.9759,7.089697314,80.71465848
3272,0,random_negative,none,,cv,FALSE,0,65_60,,,,26.22944,51.6673,21.26967,2.27916,5.21396,1.16376,0.07049,1.33151,14.56498,26.31256,3,1.68743,6.841707629,80.73718311
3273,0,random_negative,none,,cv,FALSE,0,66_59,,,,25.97547,51.17612,21.85184,2.23283,5.23338,1.18095,0.07343,1.68899,14.08749,26.44095,2,3.50119,6.818994882,80.75641936
3274,0,random_negative,none,,cv,FALSE,4,67_73,,,,21.46111,59.43646,17.65748,1.35036,5.68374,1.30835,0.05453,7.78031,13.88334,27.90347,2,4.31258,7.17737816,80.79204304
3275,0,random_negative,none,,cv,FALSE,3,71_73,,,,14.61859,68.08608,15.78157,0.98659,5.83057,1.38214,0.05503,13.21053,13.495,26.66755,3,3.18771,7.177379529,80.90210838
3276,0,random_negative,none,,cv,FALSE,3,64_60,,,,25.64635,53.01444,20.30092,2.29486,5.18335,1.18482,0.06807,2.62667,13.96366,26.69042,1,0.58938,6.824838187,80.72132876
3277,0,random_negative,none,,cv,FALSE,4,59_59,,,,21.78572,61.94733,14.03059,2.40714,5.11624,1.26053,0.05759,5.01059,13.02786,21.51651,2,4.24503,6.79831244,80.56845077
3278,0,random_negative,none,,cv,FALSE,2,55_67,,,,19.73267,65.11097,13.77078,1.55641,5.20837,1.30975,0.06186,3.48806,12.12559,21.72582,2,0.02952,7.019940958,80.46973944
3279,0,random_negative,none,,cv,FALSE,2,62_59,,,,24.60763,55.50536,18.59287,2.35948,5.13699,1.20236,0.06363,3.40759,14.01565,25.66515,2,1.6219,6.815525421,80.67224354
3280,0,random_negative,none,,cv,FALSE,2,62_59,,,,23.98984,57.22065,17.28864,2.30266,5.10453,1.22599,0.0632,3.88165,13.4397,24.8875,1,1.15987,6.814436816,80.64737831
3281,0,random_negative,none,,cv,FALSE,2,59_61,,,,21.51546,61.38119,15.7558,2.18609,5.13541,1.24432,0.06197,2.5996,14.11029,21.3869,2,1.04578,6.874167963,80.58744931
3282,0,random_negative,none,,cv,FALSE,1,56_67,,,,19.99261,64.57443,14.07886,1.55377,5.22066,1.32568,0.06252,3.22086,12.12705,21.75217,2,1.90196,7.02774989,80.48536857
3283,0,random_negative,none,,cv,FALSE,4,65_65,,,,26.38044,51.45761,21.26489,2.30853,5.31694,1.15892,0.0681,3.4282,15.78681,28.6568,1,4.19077,6.979406941,80.73094565
3284,0,random_negative,none,,cv,FALSE,1,55_63,,,,20.83581,63.79691,13.96736,2.06731,5.02603,1.28723,0.057,2.86068,12.63458,21.71068,2,1.27732,6.910417746,80.48350912
3285,0,random_negative,none,,cv,FALSE,0,56_64,,,,19.94791,64.64972,14.14232,2.16844,5.07668,1.25401,0.06058,1.85001,12.65575,19.97813,1,2.21156,6.93758664,80.50430767
3286,0,random_negative,none,,cv,FALSE,3,72_67,,,,16.72371,60.52072,19.79582,2.04087,5.47743,1.20313,0.06707,22.55927,15.6636,37.92912,4,3.75679,7.01272068,80.92085257
3287,0,random_negative,none,,cv,FALSE,3,68_62,,,,26.21155,49.98166,22.76112,2.19337,5.2657,1.16857,0.07662,2.09019,14.69276,27.48192,1,1.58966,6.878744325,80.81213825
3288,0,random_negative,none,,cv,FALSE,0,66_72,,,,23.12556,56.74819,18.6997,1.53692,5.58513,1.27681,0.05494,6.84851,14.58515,28.51589,2,6.74441,7.160794515,80.76632276
3289,0,random_negative,none,,cv,FALSE,2,60_61,,,,22.18277,60.39571,15.97787,2.214,5.06122,1.24158,0.06284,3.27083,13.30388,22.2931,,2.28072,6.855579928,80.59446835
3290,0,random_negative,none,,cv,FALSE,3,59_64,,,,17.35158,67.60645,13.83723,2.2866,5.12427,1.26236,0.06289,2.14948,13.41692,17.7746,2,3.67707,6.933247985,80.57053206
3291,0,random_negative,none,,cv,FALSE,0,63_60,,,,25.07049,54.65998,19.23108,2.24433,5.21831,1.19078,0.06463,2.21982,14.55293,25.28407,3,2.88708,6.830325013,80.67736568
3292,0,random_negative,none,,cv,FALSE,0,66_73,,,,22.65279,58.0047,18.02919,1.52726,5.628,1.28332,0.05336,6.5174,14.58359,27.86571,1,5.60383,7.181550824,80.78032894
3293,0,random_negative,none,,cv,FALSE,0,69_65,,,,20.51442,57.0258,20.33314,2.07272,5.45254,1.16795,0.06908,13.76578,15.20992,33.13895,2,4.4581,6.980985372,80.86117879
3294,0,random_negative,none,,cv,FALSE,3,65_58,,,,23.80538,54.60093,20.10617,2.24397,5.37876,1.22598,0.06887,4.07042,15.24336,26.29832,2,2.98743,6.768214931,80.75303295
3295,0,random_negative,none,,cv,FALSE,2,62_58,,,,23.11565,58.48943,16.83928,2.45986,5.18388,1.25546,0.05979,4.69041,13.69043,25.00461,1,4.35746,6.773650139,80.65711175
3296,0,random_negative,none,,cv,FALSE,4,57_63,,,,18.58784,66.59489,13.41599,2.15603,5.07955,1.27431,0.05981,3.09403,13.38691,19.74685,3,2.31021,6.927662488,80.53449655
3297,0,random_negative,none,,cv,FALSE,3,66_58,,,,23.91958,53.94732,20.67817,2.17355,5.37068,1.21527,0.07212,3.89029,14.70067,26.39268,2,1.1072,6.779973012,80.77910927
3298,0,random_negative,none,,cv,FALSE,3,65_59,,,,25.52536,52.51696,20.8617,2.30668,5.19644,1.17924,0.07053,2.38984,13.96791,26.5611,2,3.42013,6.810378725,80.74391985
3299,0,random_negative,none,,cv,FALSE,0,61_65,,,,22.01347,59.83001,17.41478,2.32632,5.19324,1.19705,0.06335,1.26468,14.33429,21.94841,4,4.18432,6.965042271,80.62791232
3300,0,random_negative,none,,cv,FALSE,2,70_72,,,,16.83105,64.54733,17.09956,1.30088,5.73666,1.33273,0.05499,12.16771,13.86658,27.7924,2,5.01834,7.16117416,80.87257008
3301,0,random_negative,none,,cv,FALSE,0,61_60,,,,23.99058,57.33194,17.27214,2.29742,5.09604,1.22372,0.06301,3.59103,13.43784,24.63831,2,3.33395,6.832961991,80.63513027
3302,0,random_negative,none,,cv,FALSE,2,68_71,,,,20.98376,58.97023,18.54925,1.51274,5.55312,1.2805,0.056,9.81549,14.85984,29.48142,2,4.58452,7.138370731,80.83572661
3303,0,random_negative,none,,cv,FALSE,2,68_71,,,,21.21254,58.89898,18.44011,1.50789,5.56428,1.28373,0.05564,9.13379,14.85836,29.02526,2,4.3431,7.141269262,80.82229322
3304,0,random_negative,none,,cv,FALSE,2,61_58,,,,23.0855,58.7899,16.50004,2.4541,5.17651,1.23615,0.05951,4.34187,13.68846,24.10776,2,1.5112,6.792111613,80.63326843
3305,0,random_negative,none,,cv,FALSE,2,69_70,,,,20.28859,58.84006,19.20545,2.08358,5.5146,1.24128,0.05969,11.22105,15.70223,30.21093,2,4.73272,7.107312639,80.85098612
3306,0,random_negative,none,,cv,FALSE,3,60_58,,,,22.46167,60.77718,14.79244,2.37888,5.16124,1.28723,0.05776,5.02089,12.3022,23.42057,1,3.84642,6.765660999,80.59513746
3307,0,random_negative,none,,cv,FALSE,2,60_69,,,,24.31898,56.58553,18.19382,1.4928,5.41647,1.25378,0.0661,0.30235,13.45329,23.25142,3,3.52214,7.065525689,80.60840132
3308,0,random_negative,none,,cv,FALSE,4,69_72,,,,19.78981,60.48601,18.35297,1.44869,5.64329,1.29312,0.05474,9.96575,15.04472,28.54408,2,3.10777,7.152582611,80.83890719
3309,0,random_negative,none,,cv,FALSE,2,65_67,,,,24.38566,53.48986,21.041,2.27031,5.30314,1.18101,0.06487,5.76233,15.65016,28.75961,1,2.55554,7.021762955,80.74306381
3310,0,random_negative,none,,cv,FALSE,1,58_58,,,,21.38143,62.52003,14.14152,2.47815,5.12214,1.27207,0.05547,5.55805,11.79265,22.78589,2,6.61624,6.777698009,80.55995059
3311,0,random_negative,none,,cv,FALSE,4,59_59,,,,21.68801,61.97395,14.2761,2.40348,5.10857,1.25892,0.05807,4.74961,13.02836,21.63037,2,2.93743,6.80991866,80.57111549
3312,0,random_negative,none,,cv,FALSE,2,55_67,,,,19.44413,65.4583,13.73009,1.56166,5.21119,1.29724,0.06125,3.34835,12.12644,21.27729,1,1.04107,7.010434157,80.4801243
3313,0,random_negative,none,,cv,FALSE,3,64_69,,,,24.56893,53.77953,20.22975,2.11374,5.34289,1.21738,0.06165,6.56641,14.57912,29.51311,2,2.93813,7.086199263,80.72727117
3314,0,random_negative,none,,cv,FALSE,1,66_68,,,,24.16813,53.64659,20.92767,2.17709,5.28013,1.19714,0.0644,7.08615,15.31164,29.94231,3,5.44769,7.050070063,80.7590593
3315,0,random_negative,none,,cv,FALSE,3,60_58,,,,22.34522,60.40522,15.29363,2.44545,5.1863,1.25261,0.05692,4.93473,13.68127,23.13326,2,2.26767,6.772066488,80.61029263
3316,0,random_negative,none,,cv,FALSE,0,66_72,,,,22.98356,56.48026,19.05632,1.52323,5.4884,1.261,0.05517,7.39557,14.22557,28.81889,2,5.89564,7.149759109,80.76916642
3317,0,random_negative,none,,cv,FALSE,1,60_63,,,,22.62067,59.55031,17.0372,2.23746,5.08834,1.22763,0.06338,1.6488,14.13219,22.64866,1,0.42281,6.918680146,80.61640903
3318,0,random_negative,none,,cv,FALSE,0,61_65,,,,23.477,57.34903,18.48072,2.22625,5.19292,1.19173,0.06572,1.16091,14.58444,23.39023,1,4.26453,6.97724529,80.64268494
3319,0,random_negative,none,,cv,FALSE,3,60_58,,,,22.46939,60.24521,15.28105,2.44509,5.18333,1.24978,0.05742,4.71577,13.68201,22.7578,2,1.53881,6.7863048,80.60637863
3320,0,random_negative,none,,cv,FALSE,1,66_74,,,,22.72775,59.47499,16.21761,1.09677,5.72046,1.32014,0.05464,5.86065,13.38629,27.36674,,3.12848,7.223450754,80.77021287
3321,0,random_negative,none,,cv,FALSE,3,71_70,,,,17.54582,62.92961,17.79133,1.49542,5.6112,1.29487,0.05621,13.52947,14.41209,29.87591,3,8.28051,7.111674571,80.89323453
3322,0,random_negative,none,,cv,FALSE,3,72_69,,,,17.54196,62.16093,17.99881,2.08429,5.56167,1.23793,0.06203,16.69944,15.40863,32.96,3,9.92764,7.080971101,80.92397708
3323,0,random_negative,none,,cv,FALSE,0,62_60,,,,24.30809,56.11905,18.32179,2.35524,5.133,1.20212,0.06317,2.6492,14.01439,24.50364,2,1.37162,6.823097335,80.66505712
3324,0,random_negative,none,,cv,FALSE,1,68_67,,,,21.1712,56.8385,20.02554,2.16311,5.44154,1.18443,0.06559,12.66331,15.39127,32.56833,2,2.4763,7.024524789,80.82826601
3325,0,random_negative,none,,cv,FALSE,1,57_65,,,,18.23524,66.85715,13.70722,2.16288,5.15767,1.26015,0.06309,1.78026,12.79225,18.51839,1,1.24284,6.980745613,80.51670359
3326,0,random_negative,none,,cv,FALSE,4,69_72,,,,19.78981,60.48601,18.35297,1.44869,5.64329,1.29312,0.05474,9.96575,15.04472,28.54408,1,3.05729,7.156294636,80.84598061
3327,0,random_negative,none,,cv,FALSE,0,67_59,,,,24.29625,52.74166,21.57331,2.18801,5.34967,1.18227,0.0752,2.87158,14.7046,26.0201,1,0.67711,6.797945807,80.80280671
3328,0,random_negative,none,,cv,FALSE,0,67_75,,,,21.63501,61.144,15.99702,1.06149,5.79592,1.34091,0.0538,6.54038,13.63293,27.16804,1,2.45442,7.22899569,80.78718339
3329,0,random_negative,none,,cv,FALSE,3,59_64,,,,17.94894,66.61739,14.29096,2.29441,5.12627,1.25764,0.06319,2.04521,13.41974,18.29299,2,2.93661,6.935444197,80.57900931
3330,0,random_negative,none,,cv,FALSE,4,65_61,,,,26.97131,50.61828,21.75004,2.27619,5.21235,1.16049,0.07061,1.06577,14.56737,26.9425,3,1.4215,6.860446057,80.74250397
3331,0,random_negative,none,,cv,FALSE,0,68_60,,,,25.94165,49.54301,23.53042,2.2429,5.23252,1.16899,0.07783,-0.17476,14.09295,25.04312,1,3.9036,6.835377796,80.81798553
3332,0,random_negative,none,,cv,FALSE,1,67_67,,,,24.39439,52.93116,21.29801,2.24445,5.30008,1.16626,0.06651,8.00359,15.67835,31.29514,4,1.09169,7.009968095,80.78735009
3333,0,random_negative,none,,cv,FALSE,1,71_66,,,,17.56574,60.06684,19.67696,2.05794,5.46105,1.19894,0.06834,18.45373,15.66378,34.76509,1,2.14086,6.992146309,80.91491156
3334,0,random_negative,none,,cv,FALSE,2,62_66,,,,24.65189,55.46278,19.01994,2.27776,5.25938,1.18462,0.06672,2.36153,14.62038,25.6401,1,5.72302,6.999130502,80.65371748
3335,0,random_negative,none,,cv,FALSE,0,55_66,,,,20.25815,64.16918,14.17178,2.018,5.11448,1.26703,0.06105,2.96938,12.6565,21.64573,2,0.89442,6.987850549,80.47194803
3336,0,random_negative,none,,cv,FALSE,4,69_72,,,,17.58946,63.35367,17.44655,1.30743,5.71371,1.32437,0.0558,11.795,13.8719,28.08443,2,3.74847,7.151805299,80.85051105
3337,0,random_negative,none,,cv,FALSE,4,65_61,,,,27.00591,50.30552,22.01002,2.28187,5.2126,1.15701,0.07164,0.95249,14.56912,26.93021,2,1.73859,6.865714989,80.75048486
3338,0,random_negative,none,,cv,FALSE,0,66_59,,,,24.58539,52.72267,21.40829,2.19216,5.33988,1.19208,0.07382,2.79441,14.70329,26.08869,1,2.80863,6.795370584,80.77879542
3339,0,random_negative,none,,cv,FALSE,4,67_66,,,,24.54327,52.63778,21.31378,2.25108,5.29399,1.15922,0.06816,8.47186,15.84629,31.638,1,0.46574,7.00556758,80.79571084
3340,0,random_negative,none,,cv,FALSE,3,59_64,,,,18.59388,65.98182,14.16425,2.18133,5.1017,1.26001,0.06059,2.63921,13.39654,19.38733,3,3.31183,6.929844692,80.56749698
3341,0,random_negative,none,,cv,FALSE,1,67_67,,,,23.54609,53.78101,21.06616,2.23486,5.3042,1.16919,0.0664,9.77249,15.68039,32.1076,2,2.33078,7.020448171,80.80370106
3342,0,random_negative,none,,cv,FALSE,3,57_59,,,,20.75447,64.37431,13.14439,2.46376,5.10111,1.28154,0.05451,5.38469,11.78756,22.70112,2,4.01924,6.793936375,80.53185692
3343,0,random_negative,none,,cv,FALSE,2,69_67,,,,20.40003,57.38933,20.02796,2.17392,5.43256,1.17929,0.06677,14.79402,15.39441,33.94045,1,2.17381,7.010461621,80.84783204
3344,0,random_negative,none,,cv,FALSE,1,60_65,,,,18.63042,65.31174,15.0455,2.29118,5.14107,1.21344,0.06372,1.83798,13.42368,19.0119,2,3.01023,6.956227684,80.59777102
3345,0,random_negative,none,,cv,FALSE,2,60_69,,,,24.68015,56.06476,18.35616,1.48817,5.41997,1.25606,0.0665,0.21994,13.45336,23.55307,2,2.79066,7.076145304,80.60496591
3346,0,random_negative,none,,cv,FALSE,4,67_65,,,,26.55634,49.95542,22.39268,2.23108,5.31409,1.13448,0.07337,4.87469,15.61213,30.46472,1,0.57714,6.956945528,80.79894712
3347,0,random_negative,none,,cv,FALSE,4,67_65,,,,26.55634,49.95542,22.39268,2.23108,5.31409,1.13448,0.07337,4.87469,15.61213,30.46472,1,0.80182,6.958211013,80.7957231
3348,0,random_negative,none,,cv,FALSE,4,61_64,,,,23.49213,57.62858,18.31011,2.25037,5.17515,1.18262,0.06511,0.72403,14.58403,22.89822,1,2.40776,6.94696939,80.63634679
3349,0,random_negative,none,,cv,FALSE,3,64_69,,,,24.76967,53.47635,20.4693,2.14007,5.31648,1.20651,0.06252,6.42763,14.58155,29.72633,1,3.9775,7.072667957,80.726593
3350,0,random_negative,none,,cv,FALSE,1,68_64,,,,24.93218,51.77291,21.79667,2.22895,5.3165,1.13585,0.07431,6.98302,15.61552,30.82906,1,1.84927,6.953318266,80.82117851
3351,0,random_negative,none,,cv,FALSE,4,68_73,,,,19.04444,62.95234,16.72284,1.02312,5.74726,1.36185,0.05526,10.12404,13.38311,27.99873,2,1.55844,7.188488237,80.82010949
3352,0,random_negative,none,,cv,FALSE,0,56_65,,,,18.44197,66.73738,13.59982,2.1668,5.14282,1.25932,0.06279,1.93576,12.79116,18.80842,2,1.13719,6.970068872,80.50970827
3353,0,random_negative,none,,cv,FALSE,3,61_63,,,,24.43841,56.59807,18.44329,2.20132,5.12894,1.20682,0.06294,0.83242,14.12094,23.81058,1,1.74518,6.92153932,80.63666819
3354,0,random_negative,none,,cv,FALSE,2,69_67,,,,20.40003,57.38933,20.02796,2.17392,5.43256,1.17929,0.06677,14.79402,15.39441,33.94045,2,1.56973,7.015857893,80.85122877
3355,0,random_negative,none,,cv,FALSE,4,66_62,,,,28.81134,47.27894,23.34866,2.24694,5.24239,1.14388,0.07322,1.16196,14.85215,29.2589,2,2.76441,6.885334874,80.77653563
3356,0,random_negative,none,,cv,FALSE,4,65_63,,,,29.31049,47.00554,23.21932,2.29648,5.26083,1.14371,0.06976,1.8992,15.45695,30.4825,1,4.1767,6.924145871,80.75244466
3357,0,random_negative,none,,cv,FALSE,4,61_64,,,,22.44874,59.22891,17.63743,2.24224,5.17977,1.18802,0.0646,0.84821,14.58096,21.89677,1,2.37845,6.943273902,80.621943
3358,0,random_negative,none,,cv,FALSE,4,62_62,,,,26.3827,52.99836,20.06478,2.2321,5.22066,1.18733,0.06388,1.25685,14.55494,26.07482,2,2.06837,6.874223378,80.66780097
3359,0,random_negative,none,,cv,FALSE,2,67_63,,,,29.01763,46.70685,23.81142,2.17343,5.27455,1.14259,0.07566,0.62551,15.02954,29.07355,1,3.76703,6.901436829,80.78298438
3360,0,random_negative,none,,cv,FALSE,2,68_71,,,,21.21254,58.89898,18.44011,1.50789,5.56428,1.28373,0.05564,9.13379,14.85836,29.02526,2,4.26304,7.141977802,80.8224427
3361,0,random_negative,none,,cv,FALSE,0,58_63,,,,18.98237,65.91477,13.71179,2.16991,5.0797,1.2696,0.05977,3.06613,13.3901,20.00666,2,1.73846,6.914669451,80.53995883
3362,0,random_negative,none,,cv,FALSE,1,68_64,,,,25.49281,51.17727,22.00747,2.15515,5.30117,1.12821,0.07561,5.73086,15.00814,30.25717,1,1.49093,6.939309821,80.82621567
3363,0,random_negative,none,,cv,FALSE,0,70_73,,,,15.52948,67.08304,16.03167,0.98789,5.82787,1.37783,0.05443,12.20675,13.49911,26.5745,2,4.82459,7.190435114,80.8733363
3364,0,random_negative,none,,cv,FALSE,2,64_62,,,,28.97593,48.15744,22.66543,2.25093,5.21622,1.16237,0.06807,0.73397,14.56775,28.86525,1,4.12335,6.897554467,80.71838909
3365,0,random_negative,none,,cv,FALSE,3,65_58,,,,23.94449,54.98656,19.6437,2.24788,5.30794,1.20285,0.06796,4.18445,14.57879,26.45218,2,4.28585,6.773619023,80.73824398
3366,0,random_negative,none,,cv,FALSE,1,68_66,,,,22.53476,55.06333,20.54661,2.20596,5.40111,1.16076,0.06938,10.79729,15.56038,31.98311,1,2.34637,6.988206887,80.83090564
3367,0,random_negative,none,,cv,FALSE,2,57_61,,,,20.65001,64.31456,13.51451,2.42211,5.01201,1.24835,0.05714,4.65518,12.53778,22.62585,2,0.5852,6.865686893,80.52411461
3368,0,random_negative,none,,cv,FALSE,0,64_70,,,,24.153,54.52665,19.91718,1.53764,5.42501,1.2534,0.058,6.56363,14.21945,29.16031,2,2.37199,7.106992219,80.71461586
3369,0,random_negative,none,,cv,FALSE,2,66_60,,,,26.39808,49.8037,22.93771,2.24491,5.22159,1.17052,0.07577,0.38369,14.09082,25.8427,2,3.73626,6.829037492,80.77651264
3370,0,random_negative,none,,cv,FALSE,3,67_62,,,,27.68449,48.21419,23.37586,2.19408,5.25954,1.16591,0.07568,1.27952,14.69319,28.25651,1,2.2843,6.892253093,80.79759308
3371,0,random_negative,none,,cv,FALSE,1,66_74,,,,22.72775,59.47499,16.21761,1.09677,5.72046,1.32014,0.05464,5.86065,13.38629,27.36674,2,3.37656,7.221377821,80.76934911
3372,0,random_negative,none,,cv,FALSE,0,55_66,,,,20.49494,63.59892,14.48957,1.48713,5.15855,1.30769,0.06017,3.74875,12.29919,22.715,2,1.62899,7.006432005,80.46425807
3373,0,random_negative,none,,cv,FALSE,2,58_62,,,,20.29689,64.14292,14.08882,2.19322,5.06024,1.26243,0.05932,3.33523,13.3929,21.17941,2,2.04795,6.886883693,80.54186896
3374,0,random_negative,none,,cv,FALSE,0,58_63,,,,18.98237,65.91477,13.71179,2.16991,5.0797,1.2696,0.05977,3.06613,13.3901,20.00666,2,2.03674,6.914765945,80.54285456
3375,0,random_negative,none,,cv,FALSE,0,62_60,,,,24.54941,55.60054,18.6596,2.23913,5.21995,1.19813,0.06365,2.55621,14.55003,24.83306,3,2.27401,6.827802988,80.67211316
3376,0,random_negative,none,,cv,FALSE,3,65_59,,,,25.16251,53.36406,20.28349,2.29711,5.20463,1.18778,0.06897,2.92328,13.96492,26.57332,1,3.20227,6.806928524,80.73751034
3377,0,random_negative,none,,cv,FALSE,3,60_60,,,,23.31134,58.69038,16.28017,2.28701,5.09834,1.23601,0.06191,3.9933,13.43248,23.59994,1,4.13106,6.827609582,80.61826268
3378,0,random_negative,none,,cv,FALSE,2,61_58,,,,22.5221,59.84136,15.87051,2.45076,5.18901,1.26989,0.05748,5.07268,13.68406,24.20092,1,2.22984,6.77137283,80.62673288
3379,0,random_negative,none,,cv,FALSE,1,71_71,,,,16.06807,65.18711,17.04767,1.30687,5.72113,1.33082,0.05618,13.44198,13.86586,28.31585,1,6.85749,7.140593439,80.90218906
3380,0,random_negative,none,,cv,FALSE,3,62_63,,,,26.56259,53.17644,20.0358,2.22366,5.20028,1.19098,0.06431,0.3852,14.77504,25.76528,1,2.1147,6.910920294,80.65129525
3381,0,random_negative,none,,cv,FALSE,1,68_68,,,,20.75477,57.39598,20.13863,2.11488,5.42139,1.2119,0.06366,12.08331,15.18663,31.57223,1,2.20047,7.047068379,80.83004496
3382,0,random_negative,none,,cv,FALSE,1,58_58,,,,21.50709,62.23249,14.32724,2.39675,5.13322,1.26694,0.05624,5.63764,12.09516,23.08966,2,6.40839,6.771643762,80.56482411
3383,0,random_negative,none,,cv,FALSE,0,61_59,,,,23.50613,58.27303,16.52021,2.29224,5.10288,1.23427,0.06222,4.07039,13.43476,24.00626,1,2.38849,6.811280635,80.62477355
3384,0,random_negative,none,,cv,FALSE,4,69_72,,,,17.65514,63.68869,17.15911,1.24489,5.73933,1.32968,0.05564,11.17422,14.08474,27.57842,4,2.98411,7.161988818,80.85153393
3385,0,random_negative,none,,cv,FALSE,4,65_65,,,,27.211,50.04,21.94042,2.34125,5.28859,1.14312,0.07021,3.23417,15.79151,29.41936,1,2.19867,6.961898958,80.74734861
3386,0,random_negative,none,,cv,FALSE,3,64_66,,,,26.03965,52.19153,21.04392,2.28363,5.26076,1.16947,0.06838,2.99235,15.42655,27.9136,2,2.83132,6.994454665,80.71826492
3387,0,random_negative,none,,cv,FALSE,2,56_62,,,,21.15419,63.00399,14.42032,2.09868,5.04425,1.25172,0.05721,2.68674,12.6405,21.54537,2,2.77491,6.889650749,80.50859033
3388,0,random_negative,none,,cv,FALSE,0,65_60,,,,26.22944,51.6673,21.26967,2.27916,5.21396,1.16376,0.07049,1.33151,14.56498,26.31256,1,1.98177,6.838180417,80.7359538
3389,0,random_negative,none,,cv,FALSE,2,62_58,,,,23.98719,56.47244,18.02098,2.25787,5.21347,1.22097,0.06227,4.16058,13.95083,25.63909,1,2.91301,6.78886372,80.66822384
3390,0,random_negative,none,,cv,FALSE,4,59_58,,,,21.81254,61.73824,14.37825,2.4131,5.12429,1.26178,0.05724,5.30919,13.02931,22.48523,2,4.53557,6.775304692,80.58152018
3391,0,random_negative,none,,cv,FALSE,2,64_58,,,,24.1955,55.5556,18.79224,2.26951,5.22672,1.23486,0.06451,4.20415,13.95633,26.43089,2,0.96781,6.777720953,80.70845356
3392,0,random_negative,none,,cv,FALSE,4,65_63,,,,29.17242,46.98114,23.44832,2.25853,5.27924,1.14232,0.07131,1.23167,15.34138,29.71526,2,4.3616,6.919086725,80.75548536
3393,0,random_negative,none,,cv,FALSE,2,61_66,,,,22.00472,59.69191,17.39137,2.28502,5.21945,1.19553,0.06388,1.5792,14.33144,22.27353,2,3.62232,7.002073376,80.62839483
3394,0,random_negative,none,,cv,FALSE,4,65_61,,,,26.64325,50.80131,21.79983,2.28397,5.21319,1.15912,0.07165,1.0225,14.56796,26.57007,2,0.21312,6.849469438,80.75185383
3395,0,random_negative,none,,cv,FALSE,2,64_58,,,,24.54761,54.61833,19.4761,2.28236,5.22197,1.20008,0.06675,3.73482,13.9607,26.56594,2,3.01474,6.789696789,80.72549055
3396,0,random_negative,none,,cv,FALSE,0,66_72,,,,22.98356,56.48026,19.05632,1.52323,5.4884,1.261,0.05517,7.39557,14.22557,28.81889,2,6.13249,7.154615793,80.76350816
3397,0,random_negative,none,,cv,FALSE,4,67_60,,,,26.24045,49.1801,23.74361,2.24655,5.23437,1.17053,0.07701,-0.97791,14.09113,24.52046,1,2.92058,6.82108398,80.78988304
3398,0,random_negative,none,,cv,FALSE,1,57_58,,,,20.25096,64.6669,13.28128,2.3768,5.07704,1.28641,0.05148,6.61899,11.37751,23.69869,2,5.15289,6.780944308,80.52498524
3399,0,random_negative,none,,cv,FALSE,0,67_64,,,,27.66862,48.59351,22.90384,2.2432,5.30847,1.12996,0.07352,3.48018,15.61095,30.31234,2,0.58089,6.948982674,80.78515757
3400,0,random_negative,none,,cv,FALSE,4,67_60,,,,26.53325,49.07168,23.60878,2.24924,5.22142,1.16755,0.07679,-0.63867,14.09184,25.10639,2,3.65104,6.82919514,80.78958521
3401,0,random_negative,none,,cv,FALSE,0,56_58,,,,20.35046,65.21468,12.80339,2.6389,4.99147,1.27394,0.0508,5.65709,11.6551,23.00363,1,4.91867,6.790942202,80.51061907
3402,0,random_negative,none,,cv,FALSE,0,61_62,,,,23.92213,57.43102,17.63153,2.25874,5.18138,1.21817,0.06192,2.28962,14.24592,24.05571,2,0.97992,6.877614377,80.62546427
3403,0,random_negative,none,,cv,FALSE,2,56_63,,,,20.83581,63.79691,13.96736,2.06731,5.02603,1.28723,0.057,2.86068,12.63458,21.71068,1,1.09156,6.911484013,80.48481214
3404,0,random_negative,none,,cv,FALSE,3,57_64,,,,18.7853,66.47104,13.32325,2.15061,5.07156,1.27709,0.05967,3.20572,13.38475,20.0485,2,1.75818,6.930747978,80.5241513
3405,0,random_negative,none,,cv,FALSE,4,57_63,,,,20.60088,63.76338,14.26056,2.08452,5.05522,1.25357,0.05768,2.54354,12.63891,21.06329,2,1.05501,6.907479669,80.51424713
3406,0,random_negative,none,,cv,FALSE,1,57_62,,,,20.17237,64.45999,13.87486,2.18674,5.05445,1.26084,0.05904,3.44179,13.39053,21.18793,2,2.00489,6.889899846,80.5345698
3407,0,random_negative,none,,cv,FALSE,0,63_60,,,,25.45198,53.72686,19.85252,2.25585,5.21623,1.18269,0.06637,2.03297,14.55661,25.7474,2,2.31837,6.830645991,80.6990339
3408,0,random_negative,none,,cv,FALSE,0,73_71,,,,14.56052,67.62588,16.04837,1.16355,5.77803,1.34891,0.05682,13.94324,13.75608,27.40685,3,6.17843,7.144527724,80.9566787
3409,0,random_negative,none,,cv,FALSE,4,67_70,,,,21.59369,57.70157,19.06381,1.49034,5.52158,1.27731,0.05678,9.828,14.33682,29.8141,4,5.24155,7.114810369,80.80453053
3410,0,random_negative,none,,cv,FALSE,0,61_60,,,,23.99058,57.33194,17.27214,2.29742,5.09604,1.22372,0.06301,3.59103,13.43784,24.63831,2,3.4449,6.835876165,80.63656893
3411,0,random_negative,none,,cv,FALSE,3,60_66,,,,20.60207,61.97569,16.43814,2.27014,5.22294,1.20471,0.06315,1.44776,14.32613,20.72695,3,1.83923,7.004363788,80.60426591
3412,0,random_negative,none,,cv,FALSE,1,68_59,,,,24.90991,51.34812,22.50115,2.20309,5.32212,1.17896,0.07718,1.58224,14.70768,25.54195,1,1.54687,6.813822177,80.81452982
3413,0,random_negative,none,,cv,FALSE,1,68_68,,,,21.70761,56.25495,20.47913,2.12626,5.40108,1.20706,0.06429,10.4674,15.18603,30.93621,2,3.48067,7.039021583,80.81441859
3414,0,random_negative,none,,cv,FALSE,4,63_67,,,,25.35372,53.72046,19.87806,2.21582,5.31664,1.19499,0.0658,3.59661,14.69417,27.48681,2,3.3741,7.033745169,80.69273367
3415,0,random_negative,none,,cv,FALSE,2,66_60,,,,26.37721,50.63686,22.03033,2.21854,5.31468,1.17669,0.07324,1.21734,14.93992,26.41257,2,2.35666,6.830800296,80.75925499
3416,0,random_negative,none,,cv,FALSE,0,65_60,,,,25.87365,52.19793,21.00867,2.2793,5.21548,1.1732,0.07027,1.52534,14.56368,26.07658,1,1.74776,6.828771028,80.73576543
3417,0,random_negative,none,,cv,FALSE,0,66_59,,,,25.64965,51.45107,21.82532,2.23159,5.24412,1.18472,0.07374,1.7282,14.08702,26.18035,1,4.29843,6.810659768,80.76990398
3418,0,random_negative,none,,cv,FALSE,4,65_70,,,,23.88933,54.52661,19.98666,1.53515,5.4306,1.25458,0.05741,7.58729,14.22217,29.69966,2,2.09805,7.114885289,80.73822278
3419,0,random_negative,none,,cv,FALSE,2,71_72,,,,14.46014,67.79807,15.95821,0.99092,5.79887,1.37376,0.05683,14.14501,13.49983,27.36736,2,5.08482,7.154870875,80.91117172
3420,0,random_negative,none,,cv,FALSE,4,64_64,,,,28.87911,48.20969,22.52894,2.27431,5.27624,1.15837,0.06723,2.01988,15.4533,30.08113,1,2.71327,6.934728396,80.72409396
3421,0,random_negative,none,,cv,FALSE,4,65_65,,,,27.29962,50.279,21.74907,2.33377,5.29799,1.14722,0.06901,2.60296,15.78838,28.88647,1,4.20218,6.966040569,80.72864073
3422,0,random_negative,none,,cv,FALSE,1,65_76,,,,27.79932,51.6452,18.78191,1.0377,5.70452,1.33735,0.05294,3.63944,12.77567,30.60726,2,2.13648,7.267644161,80.75079588
3423,0,random_negative,none,,cv,FALSE,1,68_66,,,,23.70112,53.4328,21.28198,2.26171,5.2832,1.15709,0.06805,9.78861,15.68387,32.39563,2,1.89881,6.999508262,80.81030742
3424,0,random_negative,none,,cv,FALSE,0,66_75,,,,24.97457,57.74622,15.76812,1.17446,5.6238,1.32002,0.05289,6.66534,13.69296,30.567,2,1.76639,7.241540861,80.7664311
3425,0,random_negative,none,,cv,FALSE,3,62_63,,,,28.00367,51.11077,20.91267,2.29876,5.18133,1.18221,0.0638,0.11427,15.40485,27.29208,1,0.94819,6.924369765,80.6664718
3426,0,random_negative,none,,cv,FALSE,4,65_70,,,,23.61613,54.59821,19.93385,1.50779,5.40553,1.26081,0.05844,8.39416,14.161,29.92016,2,1.62619,7.113868621,80.75489636
3427,0,random_negative,none,,cv,FALSE,0,66_61,,,,27.33772,48.85862,23.11459,2.20353,5.25766,1.15034,0.07525,0.59645,14.68997,27.11097,4,2.39544,6.868000099,80.77420965
3428,0,random_negative,none,,cv,FALSE,0,66_61,,,,27.74062,48.85904,22.75803,2.28423,5.2701,1.14386,0.07278,0.87709,15.33601,27.68519,2,2.73053,6.872706216,80.75970909
3429,0,random_negative,none,,cv,FALSE,3,66_58,,,,23.80538,54.60093,20.10617,2.24397,5.37876,1.22598,0.06887,4.07042,15.24336,26.29832,2,2.65949,6.767873243,80.75603488
3430,0,random_negative,none,,cv,FALSE,1,68_65,,,,24.54588,52.24708,21.61957,2.21744,5.32114,1.13965,0.07379,7.72511,15.61566,31.12664,1,0.45986,6.969449564,80.82412528
3431,0,random_negative,none,,cv,FALSE,4,69_72,,,,18.93659,62.15958,17.57079,1.26383,5.72645,1.33455,0.05446,10.95233,13.8202,28.6992,2,1.65141,7.169748715,80.8423002
3432,0,random_negative,none,,cv,FALSE,4,62_65,,,,25.00025,55.18072,19.39374,2.25577,5.17339,1.17701,0.0661,0.70832,14.58922,24.5688,1,1.6932,6.956007031,80.65590492
3433,0,random_negative,none,,cv,FALSE,0,67_74,,,,21.06917,60.88558,16.6563,1.06211,5.77497,1.33846,0.05479,7.15821,13.63426,27.02934,2,4.44151,7.210787095,80.78870508
3434,0,random_negative,none,,cv,FALSE,1,68_66,,,,23.70112,53.4328,21.28198,2.26171,5.2832,1.15709,0.06805,9.78861,15.68387,32.39563,2,2.06076,7.005925153,80.81157312
3435,0,random_negative,none,,cv,FALSE,2,65_67,,,,24.27627,53.93668,20.72387,2.25184,5.32806,1.19059,0.06367,5.13997,15.64621,27.99438,2,1.78374,7.030871686,80.73192751
3436,0,random_negative,none,,cv,FALSE,4,61_67,,,,24.24055,56.15639,18.61196,2.24819,5.27654,1.19772,0.06666,2.41878,14.61618,25.23654,3,6.0862,7.024664092,80.64020261
3437,0,random_negative,none,,cv,FALSE,0,66_66,,,,25.65367,51.75705,21.31914,2.3073,5.30875,1.15743,0.06967,5.5127,15.79234,29.91033,2,1.2053,6.989149322,80.76407107
3438,0,random_negative,none,,cv,FALSE,1,62_67,,,,24.98678,54.82822,19.26121,2.27301,5.26043,1.18566,0.06676,2.71528,14.62147,26.3106,1,6.28371,7.01529656,80.6633193
3439,0,random_negative,none,,cv,FALSE,1,57_65,,,,17.17702,68.42248,13.08653,2.24322,5.11217,1.24036,0.06244,2.43454,13.40556,17.94728,2,0.44283,6.958265477,80.52844454
3440,0,random_negative,none,,cv,FALSE,0,61_62,,,,23.4967,57.96305,17.71854,2.20331,5.14492,1.21763,0.06368,1.65859,14.12154,23.22191,2,2.05124,6.887414351,80.62360597
3441,0,random_negative,none,,cv,FALSE,0,69_65,,,,20.87195,56.69032,20.39597,2.08339,5.44558,1.16472,0.06974,12.6319,15.21008,32.41226,2,4.31842,6.975232099,80.85873129
3442,0,random_negative,none,,cv,FALSE,1,68_72,,,,20.75519,59.77368,18.10589,1.50182,5.59014,1.28873,0.05468,9.12488,14.85653,28.64528,3,2.98555,7.152569141,80.83050814
3443,0,random_negative,none,,cv,FALSE,0,62_60,,,,24.41389,56.4093,17.84601,2.3086,5.10115,1.2175,0.06397,3.56007,13.44266,25.33408,2,1.55187,6.826754727,80.65475678
3444,0,random_negative,none,,cv,FALSE,4,67_66,,,,24.08013,53.0777,21.35916,2.26062,5.28529,1.15809,0.06778,8.98147,15.68237,31.99037,2,1.11521,7.000927229,80.80334353
3445,0,random_negative,none,,cv,FALSE,1,71_71,,,,15.93139,64.99501,17.23083,1.31546,5.6949,1.32374,0.05748,14.26712,13.86894,28.98564,4,8.61566,7.122973606,80.9082716
3446,0,random_negative,none,,cv,FALSE,0,66_73,,,,21.72487,59.44564,17.40407,1.34666,5.69788,1.3098,0.05435,6.86555,13.88259,27.29808,2,5.57047,7.19339225,80.78252928
3447,0,random_negative,none,,cv,FALSE,0,66_59,,,,25.30672,52.31941,21.19799,2.22249,5.2554,1.19362,0.07222,2.45985,14.08463,26.40359,2,4.74547,6.807997431,80.76004563
3448,0,random_negative,none,,cv,FALSE,2,61_58,,,,22.77908,59.43425,16.0297,2.45103,5.18168,1.24293,0.05851,4.62278,13.68574,23.7849,1,1.10637,6.781402321,80.62433604
3449,0,random_negative,none,,cv,FALSE,2,64_62,,,,28.36746,49.46313,21.97496,2.2497,5.21486,1.16633,0.06725,0.62223,14.56501,28.07425,1,4.15839,6.885242809,80.70687385
3450,0,random_negative,none,,cv,FALSE,1,68_68,,,,20.67476,57.63484,19.97673,2.10225,5.43733,1.21782,0.06284,11.97141,15.18516,31.33954,2,0.98058,7.057931692,80.83462398
3451,0,random_negative,none,,cv,FALSE,3,61_63,,,,23.42108,58.14822,17.75846,2.193,5.13379,1.22154,0.06242,1.05448,14.11801,22.88502,1,0.99716,6.922113847,80.62877226
3452,0,random_negative,none,,cv,FALSE,2,61_58,,,,22.66939,59.47932,16.1507,2.45343,5.18879,1.26681,0.05804,5.0297,13.68584,24.53045,2,2.65059,6.768821394,80.63040509
3453,0,random_negative,none,,cv,FALSE,0,62_61,,,,25.30185,54.81839,19.13804,2.21994,5.22669,1.19716,0.0623,1.57822,14.55058,25.01215,2,1.37774,6.868991014,80.65583729
3454,0,random_negative,none,,cv,FALSE,3,54_64,,,,20.30989,64.70388,13.53019,2.02095,5.06092,1.26684,0.05901,3.72494,12.65269,22.41059,1,4.60163,6.95251903,80.43872759
3455,0,random_negative,none,,cv,FALSE,0,69_65,,,,22.39719,55.16449,20.53145,2.21718,5.39329,1.16104,0.07032,10.90772,15.56192,31.98328,1,2.60668,6.976788727,80.8425922
3456,0,random_negative,none,,cv,FALSE,3,64_66,,,,26.03965,52.19153,21.04392,2.28363,5.26076,1.16947,0.06838,2.99235,15.42655,27.9136,1,2.9603,6.993375356,80.72279263
3457,0,random_negative,none,,cv,FALSE,0,56_64,,,,19.88995,64.70162,14.00116,2.06447,5.0959,1.25009,0.05971,2.93933,12.66064,20.99331,1,1.84704,6.934208795,80.48713642
3458,0,random_negative,none,,cv,FALSE,2,59_61,,,,21.51546,61.38119,15.7558,2.18609,5.13541,1.24432,0.06197,2.5996,14.11029,21.3869,2,1.52732,6.867819515,80.58651546
3459,0,random_negative,none,,cv,FALSE,1,71_71,,,,15.57568,65.71875,16.92564,1.30912,5.7183,1.33111,0.0567,14.00979,13.86476,28.41444,4,7.15418,7.135684582,80.91298636
3460,0,random_negative,none,,cv,FALSE,2,70_72,,,,16.28502,65.075,17.02494,1.30329,5.73105,1.333,0.05556,12.95599,13.8653,28.04951,,6.45587,7.151125455,80.88802871
3461,0,random_negative,none,,cv,FALSE,3,64_60,,,,25.64635,53.01444,20.30092,2.29486,5.18335,1.18482,0.06807,2.62667,13.96366,26.69042,1,1.0303,6.82094227,80.71781511
3462,0,random_negative,none,,cv,FALSE,1,55_63,,,,20.2167,64.51026,13.83426,2.06897,5.06653,1.2923,0.05887,3.24723,12.65921,21.55692,1,3.30688,6.913676924,80.46147689
3463,0,random_negative,none,,cv,FALSE,3,64_59,,,,25.41077,53.16895,20.30541,2.29668,5.19346,1.18639,0.06859,2.75992,13.9644,26.6218,1,1.90049,6.813685375,80.72540747
3464,0,random_negative,none,,cv,FALSE,2,57_61,,,,20.90556,63.33526,14.20124,2.20753,5.04917,1.26152,0.05907,3.53162,13.39463,21.66351,3,0.71234,6.873693724,80.53682469
3465,0,random_negative,none,,cv,FALSE,3,71_69,,,,18.05963,61.6916,18.09901,2.15586,5.55999,1.2362,0.06054,15.69951,15.72637,32.47916,4,8.47316,7.089218067,80.90661617
3466,0,random_negative,none,,cv,FALSE,4,66_62,,,,28.81134,47.27894,23.34866,2.24694,5.24239,1.14388,0.07322,1.16196,14.85215,29.2589,2,2.74619,6.887659393,80.77895802
3467,0,random_negative,none,,cv,FALSE,0,60_67,,,,22.32973,60.17945,16.60193,2.18264,5.24831,1.21077,0.06228,0.37508,13.35536,21.39379,2,2.40324,7.02452735,80.6032927
3468,0,random_negative,none,,cv,FALSE,3,59_64,,,,15.0455,70.65791,13.09573,2.27335,5.14424,1.22515,0.06285,2.00398,13.41722,15.62912,2,3.80516,6.951492787,80.57813552
3469,0,random_negative,none,,cv,FALSE,2,71_72,,,,14.41916,68.03527,15.8425,0.98909,5.81198,1.37747,0.05621,13.85597,13.4975,27.06665,3,4.01833,7.166740269,80.90534438
3470,0,random_negative,none,,cv,FALSE,3,67_61,,,,26.90079,49.08806,23.19108,2.20452,5.25916,1.16547,0.07644,0.82019,14.69112,26.94378,1,0.28942,6.86689836,80.7951862
3471,0,random_negative,none,,cv,FALSE,1,57_62,,,,21.40987,62.65052,14.48973,2.1055,5.03908,1.25098,0.05701,2.76236,12.64129,21.76244,1,1.95588,6.880588841,80.51412032
3472,0,random_negative,none,,cv,FALSE,4,66_67,,,,24.31252,53.49489,21.03017,2.19045,5.2691,1.19119,0.06492,6.7683,15.31286,29.88148,1,4.23141,7.036219229,80.75872915
3473,0,random_negative,none,,cv,FALSE,0,61_57,,,,22.26818,60.01541,15.90096,2.40912,5.25301,1.27159,0.05715,5.78117,13.7468,24.93075,1,4.03289,6.756958911,80.63455086
3474,0,random_negative,none,,cv,FALSE,1,68_59,,,,24.90991,51.34812,22.50115,2.20309,5.32212,1.17896,0.07718,1.58224,14.70768,25.54195,1,1.60456,6.813568106,80.81593054
3475,0,random_negative,none,,cv,FALSE,0,66_59,,,,25.27325,51.89183,21.66361,2.22738,5.25682,1.18574,0.07373,1.99582,14.08619,26.07876,1,3.78919,6.803790179,80.77351064
3476,0,random_negative,none,,cv,FALSE,1,71_66,,,,17.68892,59.6141,19.95509,2.06382,5.4498,1.19349,0.06866,19.49903,15.66557,35.91512,1,2.32109,6.988824478,80.91093936
3477,0,random_negative,none,,cv,FALSE,3,67_62,,,,28.36959,47.46501,23.5488,2.17321,5.27637,1.14241,0.07613,1.1776,15.03047,28.9286,1,3.01081,6.898490928,80.79477987
3478,0,random_negative,none,,cv,FALSE,0,61_62,,,,24.18718,56.63303,18.32316,2.20487,5.23562,1.2061,0.06074,1.74896,14.54674,23.92997,2,0.99202,6.877147725,80.63542437
3479,0,random_negative,none,,cv,FALSE,1,69_69,,,,20.20888,58.3478,19.69868,2.09089,5.45755,1.22323,0.06201,12.43584,15.18454,31.33634,1,0.86726,7.073367443,80.83743377
3480,0,random_negative,none,,cv,FALSE,1,68_65,,,,22.92756,54.59123,20.69811,2.2192,5.39065,1.15596,0.07017,10.03608,15.56118,31.66566,2,1.54998,6.972598316,80.8337849
3481,0,random_negative,none,,cv,FALSE,0,56_58,,,,20.05375,65.04847,13.13582,2.64211,4.99223,1.27479,0.05046,6.60486,11.65517,23.63301,2,4.08096,6.782763491,80.50719638
3482,0,random_negative,none,,cv,FALSE,1,58_58,,,,21.38143,62.52003,14.14152,2.47815,5.12214,1.27207,0.05547,5.55805,11.79265,22.78589,2,6.94982,6.773829429,80.55902918
3483,0,random_negative,none,,cv,FALSE,1,68_65,,,,23.77591,53.22506,21.42479,2.24357,5.32898,1.13682,0.07179,8.39515,15.67951,31.00017,1,1.72204,6.957556223,80.82937021
3484,0,random_negative,none,,cv,FALSE,0,62_61,,,,25.30185,54.81839,19.13804,2.21994,5.22669,1.19716,0.0623,1.57822,14.55058,25.01215,2,1.17058,6.869593559,80.65194159
3485,0,random_negative,none,,cv,FALSE,3,66_63,,,,29.17242,46.98114,23.44832,2.25853,5.27924,1.14232,0.07131,1.23167,15.34138,29.71526,1,4.41748,6.915048071,80.76064146
3486,0,random_negative,none,,cv,FALSE,2,71_72,,,,14.66914,67.85294,15.87454,0.98825,5.81855,1.3786,0.05562,13.43348,13.49723,26.90752,,3.98949,7.170165304,80.89968982
3487,0,random_negative,none,,cv,FALSE,4,58_61,,,,21.32388,62.43114,14.71185,2.23519,5.04875,1.25397,0.06063,3.08247,14.11827,21.42225,2,1.17879,6.864857493,80.56065701
3488,0,random_negative,none,,cv,FALSE,2,64_58,,,,24.67706,54.74541,19.26391,2.27894,5.20925,1.20303,0.06577,3.59529,13.95864,26.38233,3,1.89254,6.791315088,80.71284581
3489,0,random_negative,none,,cv,FALSE,1,63_59,,,,24.32907,55.78335,18.48044,2.26558,5.20652,1.21329,0.06345,3.8359,13.95346,25.85847,1,2.95385,6.797303617,80.67964126
3490,0,random_negative,none,,cv,FALSE,1,68_69,,,,20.93077,57.61498,19.77222,2.07633,5.4668,1.2301,0.06119,11.07531,15.18134,30.58448,3,1.15737,7.079495229,80.82559277
3491,0,random_negative,none,,cv,FALSE,2,70_72,,,,17.00961,63.89761,17.41,1.31023,5.70514,1.32411,0.05637,12.74544,13.87083,28.48254,3,5.16966,7.147782051,80.86535773
3492,0,random_negative,none,,cv,FALSE,0,56_58,,,,20.92378,63.84067,13.54,2.84237,4.99198,1.26568,0.04865,6.24744,11.7083,24.46132,2,4.27999,6.788734233,80.49183682
3493,0,random_negative,none,,cv,FALSE,0,66_72,,,,22.98356,56.48026,19.05632,1.52323,5.4884,1.261,0.05517,7.39557,14.22557,28.81889,2,5.89454,7.150994409,80.76554178
3494,0,random_negative,none,,cv,FALSE,4,64_64,,,,29.33102,48.04135,22.49353,2.26486,5.28421,1.16387,0.06572,1.39422,15.45057,29.98699,1,1.31542,6.938083654,80.70873329
3495,0,random_negative,none,,cv,FALSE,2,70_67,,,,18.28763,58.94856,19.99414,2.16986,5.43989,1.18031,0.0672,21.01882,15.39716,37.94783,1,3.2963,7.014165147,80.87527831
3496,0,random_negative,none,,cv,FALSE,2,64_57,,,,23.12863,57.10828,18.19389,2.28122,5.2636,1.23595,0.06229,4.44246,14.30832,25.57464,1,2.65273,6.756709716,80.70575095
3497,0,random_negative,none,,cv,FALSE,1,68_72,,,,21.30556,59.31649,18.04717,1.49812,5.59545,1.29025,0.05466,8.06358,14.8555,28.11977,2,2.29704,7.167170706,80.81433783
3498,0,random_negative,none,,cv,FALSE,3,64_66,,,,25.99413,52.43691,20.88566,2.27946,5.26614,1.16782,0.06796,2.69135,15.42473,27.57226,2,3.3872,6.990717687,80.71100301
3499,0,random_negative,none,,cv,FALSE,4,59_65,,,,16.45416,68.4999,13.92214,2.27221,5.14994,1.22367,0.06329,1.92101,13.41946,17.00532,2,2.81478,6.964327507,80.59137801
3500,0,random_negative,none,,cv,FALSE,4,60_59,,,,23.21381,58.91938,15.95758,2.28704,5.10515,1.24082,0.06158,4.32747,13.43208,23.43602,2,2.01761,6.808482486,80.61846516
3501,0,random_negative,none,,cv,FALSE,2,67_71,,,,21.59369,57.70157,19.06381,1.49034,5.52158,1.27731,0.05678,9.828,14.33682,29.8141,2,5.71789,7.118940608,80.80329403
3502,0,random_negative,none,,cv,FALSE,1,68_69,,,,21.3853,56.90232,20.05205,2.08729,5.44689,1.22506,0.06198,10.66423,15.18183,30.61858,4,0.56282,7.06614488,80.81667361
3503,0,random_negative,none,,cv,FALSE,0,61_61,,,,23.87314,57.55599,17.39204,2.28876,5.08419,1.22271,0.06261,3.21111,13.43553,24.55569,1,0.85639,6.862975144,80.62673787
3504,0,random_negative,none,,cv,FALSE,1,60_63,,,,22.4535,60.00097,16.57534,2.24446,5.07755,1.23157,0.0628,1.9605,14.13009,22.425,2,2.28849,6.902549128,80.60886777
3505,0,random_negative,none,,cv,FALSE,4,66_62,,,,28.18457,47.81001,23.4094,2.17963,5.27333,1.14269,0.07597,0.80183,15.02867,28.31381,2,2.44613,6.885368012,80.7804845
3506,0,random_negative,none,,cv,FALSE,3,71_67,,,,15.53605,60.24948,20.61554,2.16826,5.42381,1.1985,0.06686,31.26268,15.85176,45.25754,1,5.39733,7.025625512,80.8986574
3507,0,random_negative,none,,cv,FALSE,3,57_64,,,,17.59495,67.71379,13.38576,2.267,5.10761,1.27311,0.06242,2.44524,13.40964,18.2142,2,2.52167,6.934643466,80.53687031
3508,0,random_negative,none,,cv,FALSE,4,65_63,,,,28.84241,47.86383,22.95278,2.25599,5.2814,1.14706,0.07007,1.07307,15.33807,29.12542,2,4.26155,6.912690943,80.73445613
3509,0,random_negative,none,,cv,FALSE,2,65_67,,,,24.7373,53.21476,21.10423,2.28078,5.29869,1.17696,0.06509,4.95975,15.64958,28.39351,1,2.50938,7.014154708,80.74194671
3510,0,random_negative,none,,cv,FALSE,2,64_58,,,,23.33874,56.74328,18.40299,2.28737,5.25463,1.22953,0.06304,4.17045,14.30929,25.52407,2,1.47176,6.767984599,80.70572698
3511,0,random_negative,none,,cv,FALSE,0,65_60,,,,25.97547,51.17612,21.85184,2.23283,5.23338,1.18095,0.07343,1.68899,14.08749,26.44095,1,3.10122,6.822093967,80.75279024
3512,0,random_negative,none,,cv,FALSE,1,68_65,,,,24.39047,52.49621,21.51733,2.2933,5.26377,1.155,0.07103,9.00346,15.85254,32.14968,1,0.8305,6.976418239,80.82390336
3513,0,random_negative,none,,cv,FALSE,1,70_68,,,,18.935,59.17779,19.45601,2.13647,5.47946,1.19591,0.0645,17.60239,15.39197,35.16771,2,2.82607,7.040985411,80.87309678
3514,0,random_negative,none,,cv,FALSE,0,66_75,,,,25.27857,58.62036,14.8587,0.9536,5.81158,1.37416,0.05271,6.87397,12.4694,31.26132,3,0.91357,7.250937798,80.77178031
3515,0,random_negative,none,,cv,FALSE,4,59_59,,,,22.25884,60.97513,14.61036,2.41143,5.11435,1.24988,0.05921,4.43827,13.03336,21.4085,2,2.58044,6.816558619,80.58563469
3516,0,random_negative,none,,cv,FALSE,1,57_65,,,,17.95798,67.28083,13.54654,2.17119,5.15324,1.25768,0.06273,1.84115,12.7925,18.25663,2,0.27008,6.972332082,80.51927384
3517,0,random_negative,none,,cv,FALSE,0,63_62,,,,28.5826,49.65185,21.72287,2.23826,5.21714,1.1737,0.06533,0.35421,14.56112,27.9912,2,4.25633,6.893961406,80.68647186
3518,0,random_negative,none,,cv,FALSE,3,57_59,,,,20.49533,64.84497,13.00078,2.64187,4.99548,1.27237,0.05176,5.36086,11.65699,22.67229,2,2.86996,6.805090537,80.52513614
3519,0,random_negative,none,,cv,FALSE,1,68_69,,,,21.3853,56.90232,20.05205,2.08729,5.44689,1.22506,0.06198,10.66423,15.18183,30.61858,4,0.88195,7.071521942,80.812163
3520,0,random_negative,none,,cv,FALSE,2,72_73,,,,13.06536,70.49926,14.85319,0.97935,5.87848,1.39972,0.05449,13.60038,13.48188,25.59653,2,1.10759,7.191505192,80.94468661
3521,0,random_negative,none,,cv,FALSE,3,59_64,,,,18.59388,65.98182,14.16425,2.18133,5.1017,1.26001,0.06059,2.63921,13.39654,19.38733,2,3.2894,6.929746133,80.57014323
3522,0,random_negative,none,,cv,FALSE,2,70_72,,,,14.97538,67.43537,16.00085,0.98913,5.81313,1.37613,0.05564,13.22383,13.49924,26.98649,,5.10523,7.170522703,80.88442349
3523,0,random_negative,none,,cv,FALSE,2,56_63,,,,20.58853,64.0108,14.02293,2.06595,5.04116,1.28629,0.05756,2.68951,12.63529,21.33765,2,0.3687,6.921403818,80.4930551
3524,0,random_negative,none,,cv,FALSE,3,64_59,,,,24.94457,54.3115,19.5104,2.28301,5.20044,1.19825,0.0663,3.30228,13.95973,26.41186,2,2.99207,6.80315962,80.71399762
3525,0,random_negative,none,,cv,FALSE,1,70_68,,,,18.39733,59.62553,19.4117,2.13571,5.48313,1.19629,0.06457,19.08104,15.39268,36.09597,2,3.17918,7.040378248,80.87683646
3526,0,random_negative,none,,cv,FALSE,0,63_66,,,,25.48869,53.65641,20.2387,2.26609,5.2839,1.17726,0.06678,1.97944,15.41907,26.34579,3,4.53934,6.989929088,80.67953515
3527,0,random_negative,none,,cv,FALSE,2,66_60,,,,26.00293,50.82946,22.18853,2.23685,5.23281,1.17793,0.07435,1.29431,14.08849,26.17533,1,3.84831,6.822151489,80.77088127
3528,0,random_negative,none,,cv,FALSE,0,66_61,,,,26.73398,49.78657,22.71532,2.20731,5.26017,1.15558,0.07483,0.45539,14.6869,26.22495,2,1.74877,6.856309091,80.76450944
3529,0,random_negative,none,,cv,FALSE,0,59_60,,,,21.94236,60.93743,15.49168,2.21033,5.06251,1.24707,0.06231,3.53535,13.3015,21.8904,2,1.86925,6.84615891,80.58713255
3530,0,random_negative,none,,cv,FALSE,1,72_72,,,,13.39433,69.44552,15.33503,0.98709,5.82751,1.38414,0.05665,14.38362,13.49183,26.61694,2,4.88896,7.15602807,80.94540108
3531,0,random_negative,none,,cv,FALSE,1,56_67,,,,19.99261,64.57443,14.07886,1.55377,5.22066,1.32568,0.06252,3.22086,12.12705,21.75217,2,2.06115,7.028372062,80.4866683
3532,0,random_negative,none,,cv,FALSE,2,59_62,,,,21.01884,62.70313,14.91597,2.21451,5.0724,1.25071,0.06025,2.98986,13.40048,21.54503,2,1.25305,6.888859457,80.57207283
3533,0,random_negative,none,,cv,FALSE,3,65_59,,,,24.89507,53.61979,20.21767,2.29586,5.21698,1.18844,0.06917,3.14759,13.9652,26.5642,1,4.54307,6.79699357,80.74901583
3534,0,random_negative,none,,cv,FALSE,4,69_68,,,,19.4535,58.73274,19.50793,2.13707,5.47633,1.19573,0.06439,16.21997,15.39118,34.31285,4,1.58167,7.041913126,80.85792326
3535,0,random_negative,none,,cv,FALSE,2,59_62,,,,21.51546,61.38119,15.7558,2.18609,5.13541,1.24432,0.06197,2.5996,14.11029,21.3869,2,0.98736,6.87511556,80.58747887
3536,0,random_negative,none,,cv,FALSE,2,68_71,,,,20.87202,59.3669,18.3276,1.50721,5.57174,1.28467,0.05534,9.46318,14.85818,29.05678,2,4.35111,7.140217749,80.83057768
3537,0,random_negative,none,,cv,FALSE,4,65_65,,,,27.29962,50.279,21.74907,2.33377,5.29799,1.14722,0.06901,2.60296,15.78838,28.88647,2,3.90953,6.9669414,80.73128517
3538,0,random_negative,none,,cv,FALSE,1,57_58,,,,20.25096,64.6669,13.28128,2.3768,5.07704,1.28641,0.05148,6.61899,11.37751,23.69869,2,4.4106,6.77483191,80.52134967
3539,0,random_negative,none,,cv,FALSE,0,58_59,,,,21.28473,62.54121,14.33172,2.39736,5.10006,1.26516,0.05758,4.81481,13.02597,22.06855,,2.21704,6.819002873,80.56334249
3540,0,random_negative,none,,cv,FALSE,0,66_73,,,,21.75862,59.05998,17.69304,1.35043,5.68113,1.30737,0.05499,7.2651,13.88331,27.65882,2,5.47322,7.184212371,80.78169152
3541,0,random_negative,none,,cv,FALSE,2,65_69,,,,24.05582,53.77605,20.66227,2.13578,5.3193,1.21588,0.06277,7.42284,15.30643,29.81981,2,2.42112,7.078135045,80.74886129
3542,0,random_negative,none,,cv,FALSE,2,56_63,,,,20.60088,63.76338,14.26056,2.08452,5.05522,1.25357,0.05768,2.54354,12.63891,21.06329,2,1.05372,6.910199418,80.50972804
3543,0,random_negative,none,,cv,FALSE,2,59_62,,,,21.01884,62.70313,14.91597,2.21451,5.0724,1.25071,0.06025,2.98986,13.40048,21.54503,2,0.93034,6.89185249,80.57209889
3544,0,random_negative,none,,cv,FALSE,1,55_63,,,,20.2167,64.51026,13.83426,2.06897,5.06653,1.2923,0.05887,3.24723,12.65921,21.55692,1,3.40888,6.918053904,80.46117173
3545,0,random_negative,none,,cv,FALSE,0,61_60,,,,23.66719,57.96212,16.86805,2.29189,5.09547,1.22823,0.0625,3.71502,13.43522,24.19693,2,3.79136,6.835778375,80.62789932
3546,0,random_negative,none,,cv,FALSE,4,66_62,,,,28.26527,47.97005,23.11727,2.25218,5.24304,1.14424,0.07361,1.16403,14.85143,28.64506,1,2.01151,6.877998682,80.77977982
3547,0,random_negative,none,,cv,FALSE,3,60_66,,,,20.91145,61.45698,16.74077,2.29729,5.21008,1.19296,0.06307,1.43254,14.32994,21.01846,2,2.03304,6.984964325,80.61642525
3548,0,random_negative,none,,cv,FALSE,1,54_63,,,,20.22622,64.63383,13.69559,2.06306,5.05735,1.25802,0.05855,3.38716,12.65778,21.74693,1,3.26436,6.917691353,80.45502558
3549,0,random_negative,none,,cv,FALSE,0,64_70,,,,24.5575,54.15459,19.92108,2.09842,5.36224,1.22373,0.06126,5.82532,14.5762,28.83279,2,3.07013,7.09340307,80.72300251
3550,0,random_negative,none,,cv,FALSE,3,67_58,,,,23.83687,53.93616,20.74818,2.17258,5.37376,1.1958,0.07259,3.90212,14.7011,26.37808,1,1.48555,6.78052853,80.78834758
3551,0,random_negative,none,,cv,FALSE,4,60_59,,,,22.48274,60.55842,14.78278,2.41708,5.11972,1.24828,0.05947,4.47586,13.03546,21.60475,2,3.17629,6.806566591,80.59604952
3552,0,random_negative,none,,cv,FALSE,2,60_61,,,,22.18277,60.39571,15.97787,2.214,5.06122,1.24158,0.06284,3.27083,13.30388,22.2931,,2.669,6.851572705,80.59685705
3553,0,random_negative,none,,cv,FALSE,2,67_71,,,,21.47975,58.12506,18.8149,1.48595,5.53881,1.28072,0.05621,9.44333,14.33615,29.37267,3,6.40491,7.125207967,80.80246377
3554,0,random_negative,none,,cv,FALSE,0,61_62,,,,24.32187,56.52981,18.46206,2.21504,5.20418,1.21149,0.06318,1.10714,14.76965,23.7509,3,2.30171,6.89632841,80.63708309
3555,0,random_negative,none,,cv,FALSE,3,64_61,,,,26.87993,51.24534,21.24998,2.26444,5.21282,1.16782,0.06856,1.21355,14.56376,26.86137,2,1.06563,6.85926494,80.71734762
3556,0,random_negative,none,,cv,FALSE,0,60_67,,,,21.61208,60.36926,17.04755,2.26777,5.22682,1.20353,0.06379,1.51995,14.32826,21.8127,3,3.51755,7.015762145,80.6153015
3557,0,random_negative,none,,cv,FALSE,0,67_74,,,,21.63501,61.144,15.99702,1.06149,5.79592,1.34091,0.0538,6.54038,13.63293,27.16804,1,2.83871,7.225361491,80.78721595
3558,0,random_negative,none,,cv,FALSE,3,64_69,,,,24.82732,53.63825,20.32576,2.13656,5.32152,1.20844,0.06248,5.84022,14.57966,29.27538,2,4.4938,7.06969779,80.71935089
3559,0,random_negative,none,,cv,FALSE,3,67_61,,,,26.89064,49.11591,23.22636,2.20958,5.25798,1.16576,0.07626,0.28474,14.68954,26.3701,1,1.36233,6.860061857,80.78783566
3560,0,random_negative,none,,cv,FALSE,2,65_67,,,,24.46581,53.54747,20.9559,2.26757,5.30979,1.18287,0.06454,5.29508,15.64864,28.38776,1,1.87693,7.021857296,80.7368868
3561,0,random_negative,none,,cv,FALSE,0,61_57,,,,22.26818,60.01541,15.90096,2.40912,5.25301,1.27159,0.05715,5.78117,13.7468,24.93075,1,3.787,6.758369335,80.63215644
3562,0,random_negative,none,,cv,FALSE,4,65_70,,,,23.88933,54.52661,19.98666,1.53515,5.4306,1.25458,0.05741,7.58729,14.22217,29.69966,2,1.82952,7.114229262,80.74154961
3563,0,random_negative,none,,cv,FALSE,0,63_62,,,,26.9768,52.19738,20.45703,2.22933,5.22148,1.18533,0.06376,0.92472,14.55587,26.52922,2,2.71747,6.878242635,80.6745265
3564,0,random_negative,none,,cv,FALSE,3,65_59,,,,25.47446,52.84196,20.57912,2.30171,5.1948,1.18278,0.06955,2.59293,13.96617,26.6182,2,2.70072,6.811046009,80.73540995
3565,0,random_negative,none,,cv,FALSE,3,63_61,,,,26.22921,52.61003,20.4187,2.25419,5.21487,1.17823,0.0666,1.55165,14.5589,26.26128,1,2.50298,6.853697711,80.69765688
3566,0,random_negative,none,,cv,FALSE,0,66_75,,,,22.07332,61.21569,15.57588,1.06116,5.80423,1.34218,0.05338,6.31417,13.63218,27.49205,2,1.02548,7.240859636,80.78156783
3567,0,random_negative,none,,cv,FALSE,2,69_67,,,,20.18934,57.71293,19.89166,2.16173,5.44532,1.18452,0.06596,15.09613,15.39317,33.99249,2,0.95855,7.021333338,80.84983259
3568,0,random_negative,none,,cv,FALSE,2,70_72,,,,15.01318,67.20124,16.10577,0.99077,5.80057,1.37265,0.05625,13.4965,13.50142,27.26128,2,5.10576,7.165109885,80.88972088
3569,0,random_negative,none,,cv,FALSE,4,69_72,,,,19.78981,60.48601,18.35297,1.44869,5.64329,1.29312,0.05474,9.96575,15.04472,28.54408,2,3.23943,7.151025768,80.837657
3570,0,random_negative,none,,cv,FALSE,2,67_63,,,,27.80732,48.14396,23.27639,2.15636,5.28514,1.14465,0.07586,2.44995,15.033,29.59497,1,1.91587,6.918899452,80.80719272
3571,0,random_negative,none,,cv,FALSE,3,66_76,,,,30.54626,53.60898,14.28855,1.03078,5.70543,1.33812,0.05208,11.05854,12.77542,40.62941,4,1.64874,7.254853724,80.76588239
3572,0,random_negative,none,,cv,FALSE,1,56_66,,,,19.08748,65.8959,13.66384,1.567,5.21456,1.2925,0.06064,3.21665,12.12732,20.7671,1,1.63729,6.99952109,80.49508586
3573,0,random_negative,none,,cv,FALSE,3,57_64,,,,18.46755,66.78868,13.49448,2.19248,5.12656,1.24136,0.0621,2.06401,12.79244,18.76826,2,1.0584,6.94226357,80.51436051
3574,0,random_negative,none,,cv,FALSE,1,68_66,,,,22.66042,54.6917,20.8582,2.13647,5.37763,1.16568,0.06881,11.20468,15.38104,32.77726,2,3.18169,6.997348042,80.82894846
3575,0,random_negative,none,,cv,FALSE,4,73_70,,,,14.89909,66.5968,16.58774,1.17975,5.72715,1.33413,0.05864,14.68574,13.7644,28.4444,2,9.61836,7.112205495,80.95492224
3576,0,random_negative,none,,cv,FALSE,3,71_65,,,,18.5715,58.79918,20.09488,2.07848,5.43415,1.18695,0.06947,17.06385,15.66688,34.42636,1,1.27855,6.981519111,80.9009972
3577,0,random_negative,none,,cv,FALSE,2,71_68,,,,17.93237,60.30223,19.17605,2.20417,5.47929,1.20761,0.06449,19.7528,15.73828,36.32545,2,5.49055,7.045826573,80.89710648
3578,0,random_negative,none,,cv,FALSE,2,56_60,,,,20.65846,64.19922,13.52328,2.42398,4.96658,1.26389,0.052,5.58774,11.99712,23.64486,3,4.28752,6.823406137,80.49321269
3579,0,random_negative,none,,cv,FALSE,3,61_68,,,,23.96339,56.96978,17.98746,1.57105,5.35485,1.24699,0.06591,1.94632,14.07199,24.46041,,4.82729,7.062302467,80.62796472
3580,0,random_negative,none,,cv,FALSE,0,59_63,,,,20.48227,63.06669,15.31613,2.20574,5.09638,1.24447,0.06115,2.46898,13.40322,21.03932,2,2.60582,6.921559706,80.58299511
3581,0,random_negative,none,,cv,FALSE,0,58_63,,,,18.30019,66.69504,13.65711,2.1678,5.0931,1.26796,0.06013,2.86697,13.39147,19.26811,3,3.18317,6.925645561,80.54847475
3582,0,random_negative,none,,cv,FALSE,0,62_60,,,,25.13752,54.73529,19.14978,2.23771,5.21966,1.19192,0.06392,2.07094,14.55206,25.17234,4,3.23014,6.837751342,80.67337985
3583,0,random_negative,none,,cv,FALSE,2,69_73,,,,17.45835,64.55608,16.77597,1.24173,5.79406,1.34658,0.05263,11.49203,13.51672,27.82726,2,2.04163,7.187019221,80.8479411
3584,0,random_negative,none,,cv,FALSE,2,61_58,,,,22.96382,58.86767,16.55196,2.45685,5.18434,1.25884,0.05918,4.74504,13.68859,24.69438,2,2.6426,6.779326168,80.64096796
3585,0,random_negative,none,,cv,FALSE,3,64_66,,,,26.41563,51.70311,21.26188,2.29665,5.25132,1.15404,0.06871,2.63694,15.42755,27.99755,1,4.01447,6.983780379,80.72246901
3586,0,random_negative,none,,cv,FALSE,0,58_59,,,,21.19671,62.85843,14.01442,2.47132,5.1121,1.26712,0.05565,5.35799,11.79105,22.43731,2,4.58554,6.793893059,80.55128815
3587,0,random_negative,none,,cv,FALSE,4,65_61,,,,26.97131,50.61828,21.75004,2.27619,5.21235,1.16049,0.07061,1.06577,14.56737,26.9425,3,2.03347,6.862056799,80.73610727
3588,0,random_negative,none,,cv,FALSE,1,71_66,,,,16.97918,59.93501,20.09842,2.05515,5.45634,1.19512,0.06808,22.87146,15.66574,38.50022,1,3.44563,7.000668415,80.90551377
3589,0,random_negative,none,,cv,FALSE,0,66_66,,,,25.65367,51.75705,21.31914,2.3073,5.30875,1.15743,0.06967,5.5127,15.79234,29.91033,2,1.13171,6.990839341,80.77071169
3590,0,random_negative,none,,cv,FALSE,4,61_64,,,,24.93539,55.52464,19.1712,2.26913,5.16296,1.20429,0.06568,0.40006,14.58804,24.10382,1,1.18653,6.940140152,80.6464888
3591,0,random_negative,none,,cv,FALSE,0,60_64,,,,20.7807,62.12273,16.18024,2.21653,5.12416,1.20692,0.06559,1.49464,13.6737,20.66762,1,1.16658,6.939905167,80.60861312
3592,0,random_negative,none,,cv,FALSE,2,59_62,,,,21.8767,61.1704,15.6987,2.24319,5.06614,1.24106,0.0619,2.48289,14.12526,21.85536,2,0.58384,6.880155047,80.58528072
3593,0,random_negative,none,,cv,FALSE,0,70_73,,,,17.12081,64.94932,16.72215,1.24036,5.79708,1.34914,0.05258,11.93668,13.51466,27.94719,2,3.8382,7.187408295,80.86488358
3594,0,random_negative,none,,cv,FALSE,4,64_64,,,,28.52658,49.0855,22.13637,2.34924,5.29095,1.17213,0.06861,1.16248,15.78678,28.84793,2,1.87651,6.942993276,80.71092326
3595,0,random_negative,none,,cv,FALSE,4,66_62,,,,29.33823,46.78018,23.44391,2.23848,5.24347,1.139,0.07217,1.0958,14.85174,29.75195,1,4.71087,6.899610298,80.76574814
3596,0,random_negative,none,,cv,FALSE,3,61_63,,,,23.42108,58.14822,17.75846,2.193,5.13379,1.22154,0.06242,1.05448,14.11801,22.88502,1,0.24213,6.919750029,80.62217678
3597,0,random_negative,none,,cv,FALSE,0,55_65,,,,20.26965,64.30064,14.01089,2.02081,5.10001,1.26636,0.06045,3.17413,12.65566,21.83184,2,0.84156,6.972862103,80.46735829
3598,0,random_negative,none,,cv,FALSE,1,57_62,,,,20.47202,64.05925,13.93963,2.19391,5.0489,1.26022,0.05889,3.53523,13.3914,21.4395,3,0.51821,6.875945226,80.53339479
3599,0,random_negative,none,,cv,FALSE,1,63_59,,,,24.95505,54.65394,19.29176,2.25019,5.2179,1.19021,0.06527,2.37375,14.55364,25.36661,2,3.11864,6.81932436,80.69388334
3600,0,random_negative,none,,cv,FALSE,4,58_61,,,,20.85565,63.07166,14.52194,2.40529,5.07138,1.26048,0.05985,3.98647,13.2516,21.69834,2,1.28093,6.855908518,80.55996894
3601,0,random_negative,none,,cv,FALSE,1,68_67,,,,22.32307,55.30405,20.54164,2.09696,5.40992,1.18132,0.06643,11.59146,15.37681,32.67901,2,3.23766,7.024984668,80.82112742
3602,0,random_negative,none,,cv,FALSE,3,66_63,,,,29.17242,46.98114,23.44832,2.25853,5.27924,1.14232,0.07131,1.23167,15.34138,29.71526,2,4.42912,6.918190606,80.7556424
3603,0,random_negative,none,,cv,FALSE,2,73_72,,,,13.14684,69.85617,15.16166,0.98602,5.83555,1.3869,0.05659,14.36763,13.48979,26.37076,3,4.74272,7.157135776,80.95145012
3604,0,random_negative,none,,cv,FALSE,2,64_62,,,,28.97593,48.15744,22.66543,2.25093,5.21622,1.16237,0.06807,0.73397,14.56775,28.86525,,4.22482,6.896544805,80.71846353
3605,0,random_negative,none,,cv,FALSE,0,56_58,,,,20.8594,63.56607,13.86897,2.63601,4.9875,1.27709,0.04985,6.41272,11.65323,24.43334,3,4.6946,6.789644737,80.50544376
3606,0,random_negative,none,,cv,FALSE,0,62_61,,,,25.8766,53.86618,19.61756,2.226,5.22356,1.19218,0.06307,1.40624,14.55278,25.57247,2,1.41812,6.872903094,80.66068799
3607,0,random_negative,none,,cv,FALSE,4,65_61,,,,27.00591,50.30552,22.01002,2.28187,5.2126,1.15701,0.07164,0.95249,14.56912,26.93021,2,1.03798,6.859152795,80.75208369
3608,0,random_negative,none,,cv,FALSE,2,62_59,,,,24.2235,56.70873,17.64804,2.34946,5.13819,1.2218,0.06221,3.78208,14.01191,25.25882,1,0.84242,6.816608876,80.65104109
3609,0,random_negative,none,,cv,FALSE,2,56_62,,,,20.92051,63.44,14.23348,2.08559,5.04059,1.25484,0.05718,2.71842,12.6382,21.48987,1,2.70952,6.895519899,80.50121351
3610,0,random_negative,none,,cv,FALSE,4,61_64,,,,22.79537,58.77642,17.77783,2.25256,5.17264,1.21599,0.06467,0.748,14.58192,22.08835,1,2.24801,6.939505155,80.62573316
3611,0,random_negative,none,,cv,FALSE,1,60_65,,,,20.93502,61.49475,16.74511,2.31763,5.19747,1.18493,0.06285,1.30816,14.33141,20.87691,2,3.14112,6.964753452,80.61357927
3612,0,random_negative,none,,cv,FALSE,1,54_63,,,,19.93172,66.0974,12.55373,2.09573,4.94895,1.26461,0.05544,4.84769,11.59088,23.07804,1,2.6131,6.913774248,80.43352304
3613,0,random_negative,none,,cv,FALSE,0,59_60,,,,21.94236,60.93743,15.49168,2.21033,5.06251,1.24707,0.06231,3.53535,13.3015,21.8904,3,1.38516,6.841875784,80.58459702
3614,0,random_negative,none,,cv,FALSE,0,66_75,,,,27.83962,56.66408,14.24143,1.02804,5.70575,1.34178,0.05163,9.12056,12.77503,36.1216,2,0.74504,7.25301741,80.77396744
3615,0,random_negative,none,,cv,FALSE,4,68_73,,,,20.44406,60.54408,17.6947,1.27519,5.68088,1.32146,0.05565,9.50033,13.96468,28.72697,3,1.44553,7.174571057,80.81893312
3616,0,random_negative,none,,cv,FALSE,3,60_66,,,,20.20683,62.56651,16.25793,2.27961,5.21819,1.20153,0.06286,1.44394,14.32661,20.32458,3,0.93295,6.988754331,80.60687094
3617,0,random_negative,none,,cv,FALSE,2,58_62,,,,20.7097,63.27957,14.60339,2.20709,5.06929,1.2549,0.05992,3.1103,13.39787,21.34613,2,1.62498,6.887160977,80.56284696
3618,0,random_negative,none,,cv,FALSE,2,57_61,,,,20.81489,63.93995,13.72286,2.42826,5.0157,1.25956,0.05755,4.53675,12.54015,22.58523,2,1.31898,6.858518844,80.5326675
3619,0,random_negative,none,,cv,FALSE,2,57_61,,,,21.0004,63.70777,13.72258,2.60528,4.9994,1.26089,0.05744,4.65003,13.32024,22.72887,4,1.98729,6.84965237,80.53202227
3620,0,random_negative,none,,cv,FALSE,0,66_66,,,,25.43598,51.76109,21.54505,2.26122,5.29153,1.15599,0.0682,6.72541,15.84406,30.87529,1,0.87899,6.992757839,80.77342065
3621,0,random_negative,none,,cv,FALSE,4,60_59,,,,23.02163,59.41199,15.49052,2.2823,5.10398,1.24459,0.06119,4.38482,13.4297,22.75647,2,2.52052,6.808031044,80.60541531
3622,0,random_negative,none,,cv,FALSE,1,72_71,,,,15.43961,66.23206,16.5141,1.29321,5.70671,1.33813,0.05737,14.0432,13.74684,28.32795,1,8.36947,7.124355108,80.9224877
3623,0,random_negative,none,,cv,FALSE,3,68_61,,,,26.05402,50.10442,22.78781,2.19858,5.26577,1.16831,0.07697,1.69247,14.69164,26.92355,1,1.88713,6.871768383,80.81667864
3624,0,random_negative,none,,cv,FALSE,1,62_67,,,,24.6044,55.51323,18.95276,2.26619,5.26565,1.18944,0.06669,2.50686,14.61932,25.71329,1,6.98967,7.016257662,80.65684518
3625,0,random_negative,none,,cv,FALSE,4,62_68,,,,25.02092,54.52877,19.39253,2.1936,5.33637,1.19696,0.06519,3.09863,14.68899,26.64695,3,4.70614,7.037500974,80.67224633
3626,0,random_negative,none,,cv,FALSE,0,67_64,,,,26.06553,50.48616,22.22519,2.23094,5.31431,1.13463,0.07373,5.53127,15.6133,30.59453,1,0.08654,6.95153638,80.79974999
3627,0,random_negative,none,,cv,FALSE,0,66_75,,,,23.81279,59.41161,15.41263,1.09589,5.73253,1.33955,0.05329,6.74767,13.38465,29.56982,3,1.18972,7.239241295,80.7799638
3628,0,random_negative,none,,cv,FALSE,3,62_70,,,,24.50457,55.16409,19.19654,1.48797,5.39682,1.24983,0.06462,3.07319,14.22232,26.47538,1,1.01855,7.095465305,80.65802593
3629,0,random_negative,none,,cv,FALSE,3,64_60,,,,25.96309,52.77342,20.419,2.26126,5.21462,1.17537,0.06747,1.70127,14.55962,26.13797,2,1.18121,6.838294214,80.71326537
3630,0,random_negative,none,,cv,FALSE,3,67_62,,,,27.57023,48.441,23.29623,2.19992,5.25782,1.16551,0.07556,0.84681,14.69165,27.66511,2,1.80296,6.881002589,80.78434152
3631,0,random_negative,none,,cv,FALSE,1,57_62,,,,20.29689,64.14292,14.08882,2.19322,5.06024,1.26243,0.05932,3.33523,13.3929,21.17941,2,2.13104,6.890422616,80.53688224
3632,0,random_negative,none,,cv,FALSE,4,59_59,,,,21.68801,61.97395,14.2761,2.40348,5.10857,1.25892,0.05807,4.74961,13.02836,21.63037,3,2.59018,6.813059237,80.57124699
3633,0,random_negative,none,,cv,FALSE,2,66_64,,,,28.68208,47.52849,23.24964,2.25202,5.30584,1.14888,0.07311,2.00169,15.60855,29.93876,1,2.63073,6.932241274,80.76415802
3634,0,random_negative,none,,cv,FALSE,3,70_66,,,,18.88272,58.47338,20.11876,2.04329,5.41699,1.18674,0.06894,17.56721,15.18614,35.20252,4,2.99479,6.988631528,80.88032886
3635,0,random_negative,none,,cv,FALSE,0,63_60,,,,25.63784,53.65303,19.82198,2.24941,5.21655,1.18348,0.06562,1.87958,14.5559,25.76311,1,3.26373,6.845219698,80.69085941
3636,0,random_negative,none,,cv,FALSE,4,62_64,,,,26.06374,53.82893,19.90937,2.27752,5.15782,1.19838,0.06617,0.1809,14.59111,25.15779,1,0.80206,6.936530963,80.65315735
3637,0,random_negative,none,,cv,FALSE,2,56_62,,,,21.15419,63.00399,14.42032,2.09868,5.04425,1.25172,0.05721,2.68674,12.6405,21.54537,2,2.73188,6.888716799,80.51026771
3638,0,random_negative,none,,cv,FALSE,3,63_61,,,,26.22921,52.61003,20.4187,2.25419,5.21487,1.17823,0.0666,1.55165,14.5589,26.26128,2,2.50593,6.847418546,80.69747366
3639,0,random_negative,none,,cv,FALSE,2,65_69,,,,24.56893,53.77953,20.22975,2.11374,5.34289,1.21738,0.06165,6.56641,14.57912,29.51311,2,2.90865,7.08309288,80.72982884
3640,0,random_negative,none,,cv,FALSE,3,57_59,,,,20.61024,63.88137,13.7722,2.63301,5.01264,1.27811,0.05621,5.20263,12.25467,22.41713,2,2.15395,6.8108335,80.53027383
3641,0,random_negative,none,,cv,FALSE,3,67_62,,,,26.90079,49.08806,23.19108,2.20452,5.25916,1.16547,0.07644,0.82019,14.69112,26.94378,3,0.66917,6.874941618,80.79332971
3642,0,random_negative,none,,cv,FALSE,0,61_65,,,,23.477,57.34903,18.48072,2.22625,5.19292,1.19173,0.06572,1.16091,14.58444,23.39023,1,4.12769,6.9752954,80.64252902
3643,0,random_negative,none,,cv,FALSE,2,70_72,,,,15.32275,66.78207,16.22277,0.99151,5.7958,1.37038,0.05627,13.25922,13.50332,27.31169,3,6.04775,7.15903183,80.88372411
3644,0,random_negative,none,,cv,FALSE,2,58_69,,,,23.22537,59.05436,16.78639,1.59235,5.29749,1.28326,0.06244,0.59523,12.99119,22.55227,2,2.54538,7.064267716,80.56318027
3645,0,random_negative,none,,cv,FALSE,2,57_61,,,,21.59015,62.80101,14.18349,2.34024,5.00355,1.25095,0.05569,3.8172,11.78931,22.86283,2,1.62601,6.864894125,80.51386019
3646,0,random_negative,none,,cv,FALSE,3,64_65,,,,26.81122,51.08382,21.37749,2.3173,5.31273,1.14842,0.06797,2.72003,15.78597,28.45301,1,5.07838,6.972964843,80.71623272
3647,0,random_negative,none,,cv,FALSE,0,58_59,,,,21.19671,62.85843,14.01442,2.47132,5.1121,1.26712,0.05565,5.35799,11.79105,22.43731,1,4.44948,6.792916072,80.54632961
3648,0,random_negative,none,,cv,FALSE,3,65_66,,,,26.38044,51.45761,21.26489,2.30853,5.31694,1.15892,0.0681,3.4282,15.78681,28.6568,1,4.08255,6.983186397,80.73318819
3649,0,random_negative,none,,cv,FALSE,4,56_61,,,,21.76316,62.57304,14.20519,2.50584,4.98805,1.25994,0.05544,3.92465,12.45458,23.02974,1,2.81063,6.852600429,80.50879969
3650,0,random_negative,none,,cv,FALSE,0,64_70,,,,24.20205,55.55069,18.96078,1.49737,5.39271,1.25988,0.06065,4.41797,13.96637,27.21975,3,1.79244,7.116531913,80.70355196
3651,0,random_negative,none,,cv,FALSE,2,62_58,,,,23.80999,56.75763,17.85423,2.25425,5.22078,1.2486,0.06175,4.4166,13.94993,25.70291,1,3.0058,6.779258044,80.6728173
3652,0,random_negative,none,,cv,FALSE,2,63_57,,,,23.16214,57.30595,17.97194,2.28099,5.25123,1.24753,0.06162,4.24342,14.30645,25.1774,1,1.90579,6.764251666,80.69299608
3653,0,random_negative,none,,cv,FALSE,4,60_62,,,,22.78232,59.10676,17.16996,2.19603,5.14561,1.22326,0.06325,1.86765,14.11859,22.59249,2,2.47456,6.891571516,80.61916089
3654,0,random_negative,none,,cv,FALSE,0,55_65,,,,20.0331,64.55154,14.00893,2.0341,5.10364,1.26154,0.06026,3.03167,12.65746,21.40395,2,1.62155,6.965357895,80.47079666
3655,0,random_negative,none,,cv,FALSE,4,62_62,,,,25.63654,54.3523,19.40971,2.21699,5.2284,1.1956,0.0622,1.32691,14.55134,25.27768,2,0.80858,6.875719525,80.65593193
3656,0,random_negative,none,,cv,FALSE,1,65_68,,,,24.3029,53.80333,20.68123,2.15919,5.30006,1.20597,0.06367,6.23428,15.30719,29.2236,2,4.67897,7.060968775,80.73364538
3657,0,random_negative,none,,cv,FALSE,0,66_66,,,,25.08284,52.20882,21.36527,2.24753,5.30074,1.16184,0.06755,7.20183,15.84329,30.92571,1,0.10384,7.001694876,80.77336788
3658,0,random_negative,none,,cv,FALSE,2,69_70,,,,20.28859,58.84006,19.20545,2.08358,5.5146,1.24128,0.05969,11.22105,15.70223,30.21093,2,5.06634,7.108674183,80.85458964
3659,0,random_negative,none,,cv,FALSE,1,55_63,,,,20.83581,63.79691,13.96736,2.06731,5.02603,1.28723,0.057,2.86068,12.63458,21.71068,3,1.65259,6.910149099,80.47944219
3660,0,random_negative,none,,cv,FALSE,0,66_61,,,,26.68237,50.45356,22.10106,2.28969,5.21379,1.16725,0.07271,0.819,14.56968,26.48209,2,1.19533,6.852065568,80.76061625
3661,0,random_negative,none,,cv,FALSE,0,58_59,,,,20.74676,63.5607,13.95328,2.49175,5.06584,1.2681,0.05759,4.95001,13.0528,22.18932,2,1.51324,6.819880559,80.54028915
3662,0,random_negative,none,,cv,FALSE,0,62_61,,,,25.8766,53.86618,19.61756,2.226,5.22356,1.19218,0.06307,1.40624,14.55278,25.57247,2,1.44015,6.872370777,80.66056134
3663,0,random_negative,none,,cv,FALSE,1,71_66,,,,16.97918,59.93501,20.09842,2.05515,5.45634,1.19512,0.06808,22.87146,15.66574,38.50022,2,3.41579,7.000560328,80.90450134
3664,0,random_negative,none,,cv,FALSE,4,67_65,,,,25.56429,51.14092,21.96073,2.21873,5.32001,1.13901,0.07319,6.25775,15.61332,30.74296,2,1.45001,6.965085815,80.80783328
3665,0,random_negative,none,,cv,FALSE,4,63_67,,,,25.22227,54.07939,19.67703,2.21092,5.32195,1.18887,0.06554,3.28557,14.69212,27.05575,2,4.77691,7.028578986,80.67762325
3666,0,random_negative,none,,cv,FALSE,2,66_64,,,,27.66862,48.59351,22.90384,2.2432,5.30847,1.12996,0.07352,3.48018,15.61095,30.31234,2,0.28993,6.948455826,80.78212053
3667,0,random_negative,none,,cv,FALSE,4,59_58,,,,22.12202,61.50723,14.34635,2.37297,5.15455,1.26421,0.05684,5.20028,12.29836,23.12745,2,5.6455,6.766710851,80.5744149
3668,0,random_negative,none,,cv,FALSE,0,65_60,,,,25.79804,52.56084,20.71558,2.2734,5.21524,1.177,0.06925,1.68986,14.56194,26.07144,2,1.21361,6.828575187,80.73088746
3669,0,random_negative,none,,cv,FALSE,0,63_66,,,,26.26751,52.27438,20.9149,2.28764,5.26256,1.16514,0.06781,2.10549,15.42387,27.31989,3,4.09589,6.98828593,80.70084794
3670,0,random_negative,none,,cv,FALSE,1,68_65,,,,24.87164,51.98947,21.66307,2.29329,5.26489,1.14341,0.0708,8.2054,15.85118,31.8608,1,0.4418,6.969822078,80.81600548
3671,0,random_negative,none,,cv,FALSE,4,69_71,,,,18.47695,61.86024,18.01438,1.49379,5.61163,1.29325,0.05566,12.30905,14.41426,29.51221,2,6.58846,7.125882771,80.85691148
3672,0,random_negative,none,,cv,FALSE,1,66_65,,,,26.81688,49.96519,22.25775,2.30278,5.26545,1.1386,0.07023,4.96123,15.84624,30.72396,2,0.75536,6.963652674,80.77567103
3673,0,random_negative,none,,cv,FALSE,2,59_62,,,,21.4527,61.90693,15.32414,2.2361,5.06443,1.24575,0.06152,2.62089,14.12247,21.52679,2,0.28836,6.8773926,80.57995946
3674,0,random_negative,none,,cv,FALSE,2,63_58,,,,24.12218,55.82872,18.57096,2.26577,5.22485,1.23826,0.06379,4.26152,13.95476,26.2943,1,0.85712,6.772471435,80.69815517
3675,0,random_negative,none,,cv,FALSE,0,68_60,,,,26.05676,49.49089,23.46795,2.2439,5.22239,1.16641,0.07799,0.19345,14.09412,25.51952,1,4.15724,6.837898493,80.81751425
3676,0,random_negative,none,,cv,FALSE,0,60_64,,,,20.76651,61.78095,16.66133,2.26064,5.18247,1.19787,0.06418,0.89241,14.13347,20.25937,2,2.81319,6.95204335,80.61770285
3677,0,random_negative,none,,cv,FALSE,2,68_71,,,,20.96276,58.25508,19.17179,2.02879,5.53451,1.25184,0.05795,9.80481,15.17527,29.24694,4,5.67942,7.120479019,80.8105195
3678,0,random_negative,none,,cv,FALSE,3,57_64,,,,18.46755,66.78868,13.49448,2.19248,5.12656,1.24136,0.0621,2.06401,12.79244,18.76826,2,0.9785,6.94302271,80.51455387
3679,0,random_negative,none,,cv,FALSE,3,67_61,,,,26.05402,50.10442,22.78781,2.19858,5.26577,1.16831,0.07697,1.69247,14.69164,26.92355,,1.04208,6.873080472,80.80892966
3680,0,random_negative,none,,cv,FALSE,1,63_59,,,,24.70471,55.0346,18.97008,2.27349,5.19905,1.20543,0.06465,3.49063,13.95616,26.09553,3,3.09701,6.806942685,80.69234933
3681,0,random_negative,none,,cv,FALSE,4,65_61,,,,26.64325,50.80131,21.79983,2.28397,5.21319,1.15912,0.07165,1.0225,14.56796,26.57007,2,0.27319,6.848675807,80.75208675
3682,0,random_negative,none,,cv,FALSE,3,61_63,,,,24.43841,56.59807,18.44329,2.20132,5.12894,1.20682,0.06294,0.83242,14.12094,23.81058,3,1.57438,6.914903283,80.63330293
3683,0,random_negative,none,,cv,FALSE,3,64_67,,,,25.11898,53.74479,20.2207,2.23795,5.30013,1.18714,0.06682,3.17643,15.42006,27.03317,1,1.85043,7.020928127,80.70327681
3684,0,random_negative,none,,cv,FALSE,4,68_73,,,,19.28525,61.72568,17.63925,1.26507,5.72185,1.33286,0.05462,10.49741,13.82155,28.56831,2,0.39919,7.176033567,80.83026947
3685,0,random_negative,none,,cv,FALSE,4,61_64,,,,23.49213,57.62858,18.31011,2.25037,5.17515,1.18262,0.06511,0.72403,14.58403,22.89822,1,2.40484,6.944277529,80.6335838
3686,0,random_negative,none,,cv,FALSE,0,60_67,,,,21.61208,60.36926,17.04755,2.26777,5.22682,1.20353,0.06379,1.51995,14.32826,21.8127,3,3.09553,7.016222545,80.61101436
3687,0,random_negative,none,,cv,FALSE,1,68_67,,,,23.19649,54.10439,21.00541,2.23635,5.30176,1.16785,0.06665,10.57071,15.68193,32.54519,2,3.24222,7.023971912,80.81286192
3688,0,random_negative,none,,cv,FALSE,2,71_72,,,,14.66914,67.85294,15.87454,0.98825,5.81855,1.3786,0.05562,13.43348,13.49723,26.90752,,3.9244,7.171988164,80.89818281
3689,0,random_negative,none,,cv,FALSE,1,66_74,,,,22.4195,59.95578,16.14925,1.09581,5.72112,1.33774,0.05414,6.53074,13.38624,27.77944,2,3.87397,7.215840434,80.77221719
3690,0,random_negative,none,,cv,FALSE,3,68_61,,,,25.38932,50.83287,22.58844,2.20143,5.27278,1.16865,0.07746,1.46786,14.68917,26.00178,1,3.19559,6.851147724,80.81993656
3691,0,random_negative,none,,cv,FALSE,3,63_61,,,,26.68887,51.97011,20.73022,2.25249,5.21458,1.17565,0.06661,1.3081,14.56,26.60463,2,2.83358,6.857903808,80.69561131
3692,0,random_negative,none,,cv,FALSE,3,59_64,,,,17.94894,66.61739,14.29096,2.29441,5.12627,1.25764,0.06319,2.04521,13.41974,18.29299,2,3.31406,6.940988363,80.57712002
3693,0,random_negative,none,,cv,FALSE,3,63_64,,,,28.62791,49.1533,22.06552,2.3443,5.2968,1.13736,0.06793,0.88201,15.78515,28.69841,,1.60296,6.944395151,80.69829282
3694,0,random_negative,none,,cv,FALSE,0,60_64,,,,21.82103,60.51346,16.85585,2.22491,5.1219,1.19238,0.06603,1.34248,13.67719,21.61855,1,1.73439,6.940040522,80.61706403
3695,0,random_negative,none,,cv,FALSE,0,66_66,,,,25.08284,52.20882,21.36527,2.24753,5.30074,1.16184,0.06755,7.20183,15.84329,30.92571,1,0.10762,7.001585576,80.77301135
3696,0,random_negative,none,,cv,FALSE,4,64_63,,,,30.15616,47.01314,22.90089,2.28072,5.27331,1.15588,0.06619,0.64431,15.45023,30.1469,1,1.47693,6.920215057,80.7090972
3697,0,random_negative,none,,cv,FALSE,4,61_64,,,,22.79537,58.77642,17.77783,2.25256,5.17264,1.21599,0.06467,0.748,14.58192,22.08835,1,1.6376,6.934531082,80.62285819
3698,0,random_negative,none,,cv,FALSE,2,62_66,,,,25.25858,54.48837,19.48376,2.29679,5.24687,1.17785,0.06691,2.3397,14.62369,26.27405,1,4.98619,6.994419084,80.66223913
3699,0,random_negative,none,,cv,FALSE,2,64_57,,,,23.66888,55.62055,19.21435,2.23783,5.31748,1.22356,0.06653,4.59903,14.57629,26.46668,1,3.43797,6.764512781,80.72696868
3700,0,random_negative,none,,cv,FALSE,4,67_60,,,,26.94661,47.11832,25.37293,2.25245,5.22494,1.16479,0.07825,-3.49714,14.09327,23.02992,1,3.74717,6.837283863,80.80655258
3701,0,random_negative,none,,cv,FALSE,0,73_71,,,,14.89909,66.5968,16.58774,1.17975,5.72715,1.33413,0.05864,14.68574,13.7644,28.4444,2,8.85541,7.119942538,80.95190153
3702,0,random_negative,none,,cv,FALSE,0,58_63,,,,18.98237,65.91477,13.71179,2.16991,5.0797,1.2696,0.05977,3.06613,13.3901,20.00666,2,1.81714,6.915938365,80.54011142
3703,0,random_negative,none,,cv,FALSE,3,71_70,,,,18.31291,61.28818,18.26514,2.15775,5.5516,1.23371,0.06066,15.58039,15.72744,32.59526,3,7.84029,7.091992998,80.89960446
3704,0,random_negative,none,,cv,FALSE,4,67_66,,,,23.79217,53.45375,21.20608,2.24769,5.29456,1.16362,0.06709,9.4137,15.6814,32.06514,1,1.87089,7.00951712,80.8085378
3705,0,random_negative,none,,cv,FALSE,0,66_73,,,,22.81566,58.20244,17.45542,1.38712,5.62836,1.28532,0.05505,6.4432,13.79429,27.90652,2,6.53515,7.192618978,80.76583956
3706,0,random_negative,none,,cv,FALSE,1,68_68,,,,20.39261,57.87253,19.64136,2.13785,5.47118,1.19575,0.06412,13.88333,15.38945,32.91977,1,1.95979,7.04212413,80.83706113
3707,0,random_negative,none,,cv,FALSE,4,69_72,,,,17.58946,63.35367,17.44655,1.30743,5.71371,1.32437,0.0558,11.795,13.8719,28.08443,2,3.62156,7.157659307,80.85540757
3708,0,random_negative,none,,cv,FALSE,3,64_66,,,,25.99413,52.43691,20.88566,2.27946,5.26614,1.16782,0.06796,2.69135,15.42473,27.57226,2,3.50295,6.989470118,80.71154248
3709,0,random_negative,none,,cv,FALSE,1,68_72,,,,20.9677,59.75506,17.96779,1.49734,5.60161,1.29145,0.05433,8.44548,14.85522,28.19508,2,2.68194,7.158809518,80.81846371
3710,0,random_negative,none,,cv,FALSE,1,54_63,,,,19.93172,66.0974,12.55373,2.09573,4.94895,1.26461,0.05544,4.84769,11.59088,23.07804,1,2.51945,6.914250769,80.44026276
3711,0,random_negative,none,,cv,FALSE,3,64_65,,,,27.31113,50.44638,21.63654,2.32966,5.3033,1.14281,0.0684,2.31184,15.78677,28.61454,2,3.98851,6.961968538,80.71671486
3712,0,random_negative,none,,cv,FALSE,2,62_66,,,,25.62717,53.79531,19.81824,2.28875,5.27736,1.1808,0.06547,2.40272,14.80912,26.71626,3,5.29387,6.997851475,80.67144814
3713,0,random_negative,none,,cv,FALSE,4,61_64,,,,24.93539,55.52464,19.1712,2.26913,5.16296,1.20429,0.06568,0.40006,14.58804,24.10382,1,0.96585,6.933795466,80.64212775
3714,0,random_negative,none,,cv,FALSE,3,63_64,,,,27.47915,51.11488,21.30532,2.31382,5.24884,1.15649,0.06763,0.64643,15.42314,27.2563,1,1.25623,6.954294972,80.68052507
3715,0,random_negative,none,,cv,FALSE,0,56_65,,,,19.58634,64.97937,14.05149,2.05343,5.11652,1.25437,0.06033,2.74726,12.6607,20.61258,3,3.31847,6.956767911,80.48901032
3716,0,random_negative,none,,cv,FALSE,1,65_76,,,,27.79932,51.6452,18.78191,1.0377,5.70452,1.33735,0.05294,3.63944,12.77567,30.60726,,2.0536,7.271128952,80.75143633
3717,0,random_negative,none,,cv,FALSE,4,61_64,,,,24.16237,56.94629,18.36668,2.19268,5.13542,1.20831,0.06307,0.86357,14.12006,23.64416,1,1.2572,6.928973276,80.63866932
3718,0,random_negative,none,,cv,FALSE,2,64_58,,,,23.25762,57.016,18.19155,2.28422,5.25279,1.24429,0.06232,4.2074,14.30788,25.36346,1,1.56904,6.765964097,80.70208101
3719,0,random_negative,none,,cv,FALSE,2,60_69,,,,24.20091,56.81391,18.0862,1.49133,5.41395,1.27232,0.06654,0.22378,13.45231,23.06122,1,2.48104,7.067740966,80.5988103
3720,0,random_negative,none,,cv,FALSE,3,65_58,,,,23.94449,54.98656,19.6437,2.24788,5.30794,1.20285,0.06796,4.18445,14.57879,26.45218,2,4.26022,6.779620126,80.73853952
3721,0,random_negative,none,,cv,FALSE,3,63_61,,,,26.22921,52.61003,20.4187,2.25419,5.21487,1.17823,0.0666,1.55165,14.5589,26.26128,1,2.74438,6.854799388,80.6956371
3722,0,random_negative,none,,cv,FALSE,0,70_73,,,,15.28973,67.01754,16.11561,0.98994,5.80838,1.37374,0.05565,12.97466,13.50121,27.03307,3,5.26048,7.175117366,80.87940384
3723,0,random_negative,none,,cv,FALSE,1,57_62,,,,21.40987,62.65052,14.48973,2.1055,5.03908,1.25098,0.05701,2.76236,12.64129,21.76244,1,1.85395,6.876485365,80.512635
3724,0,random_negative,none,,cv,FALSE,4,67_66,,,,24.54327,52.63778,21.31378,2.25108,5.29399,1.15922,0.06816,8.47186,15.84629,31.638,1,0.41994,7.000448256,80.79674071
3725,0,random_negative,none,,cv,FALSE,0,63_62,,,,27.72595,50.78648,21.21138,2.24148,5.21649,1.17547,0.0655,0.75341,14.56012,27.32345,2,4.15301,6.876585585,80.69345748
3726,0,random_negative,none,,cv,FALSE,4,59_58,,,,22.12202,61.50723,14.34635,2.37297,5.15455,1.26421,0.05684,5.20028,12.29836,23.12745,2,5.41894,6.765958388,80.57716036
3727,0,random_negative,none,,cv,FALSE,1,68_67,,,,21.37599,56.7789,19.94522,2.1507,5.45349,1.1903,0.06457,11.91178,15.38899,31.97446,2,3.51199,7.030405363,80.81821359
3728,0,random_negative,none,,cv,FALSE,1,68_72,,,,21.42959,58.87029,18.29968,1.50328,5.57644,1.28661,0.0553,8.4199,14.857,28.54082,2,3.29952,7.156259858,80.81237139
3729,0,random_negative,none,,cv,FALSE,0,68_60,,,,26.05676,49.49089,23.46795,2.2439,5.22239,1.16641,0.07799,0.19345,14.09412,25.51952,1,3.20837,6.846247608,80.81355046
3730,0,random_negative,none,,cv,FALSE,0,64_70,,,,24.4737,53.97924,20.08068,2.10121,5.35739,1.22234,0.06119,6.51136,14.57799,29.31813,2,2.42907,7.096349929,80.7283156
3731,0,random_negative,none,,cv,FALSE,0,61_59,,,,23.43484,58.0761,17.01081,2.45739,5.17061,1.2291,0.06051,4.04354,13.69126,24.48273,1,1.64836,6.80437079,80.64565534
3732,0,random_negative,none,,cv,FALSE,2,65_64,,,,28.01188,48.99211,22.48662,2.22988,5.32127,1.13899,0.07077,2.0672,15.60452,29.20226,3,4.15851,6.943806166,80.73500572
3733,0,random_negative,none,,cv,FALSE,1,68_66,,,,22.66042,54.6917,20.8582,2.13647,5.37763,1.16568,0.06881,11.20468,15.38104,32.77726,1,3.52359,6.997452021,80.83619135
3734,0,random_negative,none,,cv,FALSE,4,59_58,,,,21.60142,62.12966,14.24304,2.40973,5.12087,1.26467,0.0567,5.42993,13.02701,22.59597,2,5.74018,6.77390102,80.57044249
3735,0,random_negative,none,,cv,FALSE,4,67_66,,,,24.83581,52.39276,21.35018,2.24944,5.29716,1.16047,0.06787,7.80852,15.84479,31.27639,3,0.90797,7.006841754,80.78660897
3736,0,random_negative,none,,cv,FALSE,1,60_68,,,,24.04671,56.80483,18.21891,2.14072,5.355,1.23225,0.06706,0.61983,13.99248,23.28198,3,4.08217,7.046552816,80.60566977
3737,0,random_negative,none,,cv,FALSE,4,65_65,,,,26.79678,50.75272,21.59974,2.32481,5.30231,1.15091,0.06912,3.35909,15.78918,29.06562,1,3.11621,6.977895361,80.74079912
3738,0,random_negative,none,,cv,FALSE,0,72_70,,,,15.3528,65.80903,16.90955,1.18258,5.71144,1.32748,0.0589,14.8726,13.76854,29.04301,2,9.51051,7.11417388,80.93553807
3739,0,random_negative,none,,cv,FALSE,2,65_69,,,,24.05582,53.77605,20.66227,2.13578,5.3193,1.21588,0.06277,7.42284,15.30643,29.81981,3,2.87549,7.074324235,80.74588082
3740,0,random_negative,none,,cv,FALSE,4,69_72,,,,17.58946,63.35367,17.44655,1.30743,5.71371,1.32437,0.0558,11.795,13.8719,28.08443,2,3.86764,7.151373394,80.85175893
3741,0,random_negative,none,,cv,FALSE,1,56_66,,,,19.75683,64.74328,14.33564,2.13463,5.15926,1.268,0.06458,1.64977,12.79054,19.9852,2,3.38547,7.008503117,80.51005621
3742,0,random_negative,none,,cv,FALSE,3,57_64,,,,17.93882,67.38161,13.35633,2.26137,5.09965,1.27592,0.06234,2.5414,13.40747,18.62801,1,1.25657,6.940786336,80.52665566
3743,0,random_negative,none,,cv,FALSE,1,68_65,,,,23.77591,53.22506,21.42479,2.24357,5.32898,1.13682,0.07179,8.39515,15.67951,31.00017,3,1.89602,6.959247529,80.83336603
3744,0,random_negative,none,,cv,FALSE,0,63_60,,,,25.41041,54.16718,19.49655,2.24354,5.21797,1.18766,0.06475,1.97161,14.55399,25.49422,4,4.04994,6.840521706,80.68201303
3745,0,random_negative,none,,cv,FALSE,0,66_61,,,,26.72827,49.47445,23.0317,2.2111,5.25889,1.15313,0.07574,0.13734,14.68771,25.98425,3,2.50968,6.853829405,80.77934757
3746,0,random_negative,none,,cv,FALSE,3,60_58,,,,22.497,60.02276,15.62293,2.44819,5.18594,1.24942,0.05747,4.89186,13.68309,23.56707,2,2.10529,6.772109601,80.61403409
3747,0,random_negative,none,,cv,FALSE,2,59_61,,,,21.95911,60.61762,16.14781,2.19263,5.13726,1.23434,0.06238,2.4547,14.11297,21.75654,2,1.1751,6.871800014,80.59272141
3748,0,random_negative,none,,cv,FALSE,0,64_70,,,,24.18138,55.24214,19.24007,1.50385,5.37816,1.25555,0.06037,5.20271,13.96856,27.91051,2,2.37757,7.109055147,80.70525255
3749,0,random_negative,none,,cv,FALSE,1,55_63,,,,20.54411,64.21862,13.77752,2.09848,4.98512,1.28927,0.05609,4.08262,11.9947,22.6809,1,2.2209,6.906950406,80.47539379
3750,0,random_negative,none,,cv,FALSE,0,67_64,,,,27.38861,48.70121,23.05848,2.14746,5.2899,1.14632,0.07554,3.07646,15.03376,29.74961,1,1.73578,6.931046723,80.80794287
3751,0,random_negative,none,,cv,FALSE,4,65_70,,,,23.8222,54.3185,20.14801,1.53635,5.4248,1.25365,0.05725,8.34165,14.22363,30.24156,2,1.60616,7.113628616,80.74497164
3752,0,random_negative,none,,cv,FALSE,2,71_72,,,,14.41916,68.03527,15.8425,0.98909,5.81198,1.37747,0.05621,13.85597,13.4975,27.06665,2,4.33828,7.162485314,80.90850729
3753,0,random_negative,none,,cv,FALSE,3,72_67,,,,17.01264,60.78026,19.50923,2.10973,5.45898,1.20516,0.06817,19.26007,15.75774,35.00782,2,3.79885,7.013973329,80.92489866
3754,0,random_negative,none,,cv,FALSE,1,54_63,,,,20.01602,65.8443,12.72109,2.109,4.95355,1.25944,0.05554,4.72814,11.59293,22.94522,3,2.40026,6.91157868,80.44964775
3755,0,random_negative,none,,cv,FALSE,1,71_66,,,,18.26717,59.03696,20.02216,2.03962,5.42137,1.18954,0.06893,18.95098,15.18614,35.9423,1,2.78321,6.994185053,80.89302554
3756,0,random_negative,none,,cv,FALSE,0,57_60,,,,20.91897,63.78073,13.74148,2.60572,4.99962,1.25922,0.0562,5.45612,12.25016,23.68082,1,2.02862,6.840719877,80.51629742
3757,0,random_negative,none,,cv,FALSE,2,70_67,,,,16.92919,59.6867,20.27417,2.01909,5.44002,1.1947,0.06761,24.94984,15.18564,40.45547,4,4.67086,7.011436406,80.88797592
3758,0,random_negative,none,,cv,FALSE,4,60_62,,,,22.78232,59.10676,17.16996,2.19603,5.14561,1.22326,0.06325,1.86765,14.11859,22.59249,2,2.56432,6.892459136,80.61950951
3759,0,random_negative,none,,cv,FALSE,3,67_61,,,,26.51939,49.5075,23.04799,2.20243,5.26184,1.1664,0.07679,1.17686,14.69146,26.90698,3,0.19403,6.873313423,80.80027782
3760,0,random_negative,none,,cv,FALSE,3,65_59,,,,24.86478,53.87736,19.98557,2.29186,5.21454,1.19315,0.0683,3.27761,13.96362,26.57252,1,4.10229,6.797939355,80.73867352
3761,0,random_negative,none,,cv,FALSE,3,66_63,,,,29.17242,46.98114,23.44832,2.25853,5.27924,1.14232,0.07131,1.23167,15.34138,29.71526,1,4.29519,6.916234902,80.7607863
3762,0,random_negative,none,,cv,FALSE,3,64_60,,,,25.70646,52.92936,20.43004,2.26752,5.21529,1.18085,0.06825,1.82235,14.56019,26.01336,2,0.68736,6.834549917,80.71576274
3763,0,random_negative,none,,cv,FALSE,4,65_63,,,,29.14389,47.02765,23.43438,2.265,5.27548,1.14158,0.07164,0.99449,15.34042,29.43865,2,5.0636,6.91140912,80.75533342
3764,0,random_negative,none,,cv,FALSE,0,66_73,,,,22.98186,57.2466,18.38384,1.53194,5.60601,1.27973,0.05439,6.36891,14.58422,27.96176,1,7.28577,7.175842938,80.76516636
3765,0,random_negative,none,,cv,FALSE,4,62_65,,,,25.90185,53.44394,19.9965,2.30014,5.2696,1.16902,0.06567,2.12574,14.81035,26.7638,4,3.27061,6.979517572,80.6681291
3766,0,random_negative,none,,cv,FALSE,2,68_71,,,,20.98376,58.97023,18.54925,1.51274,5.55312,1.2805,0.056,9.81549,14.85984,29.48142,2,4.74301,7.137000404,80.83634008
3767,0,random_negative,none,,cv,FALSE,2,65_67,,,,24.53339,53.15903,21.25618,2.28646,5.28581,1.17092,0.06581,5.88564,15.65266,29.09348,1,2.61997,7.012473255,80.75284722
3768,0,random_negative,none,,cv,FALSE,1,68_59,,,,23.93295,53.12536,21.34417,2.17977,5.35315,1.18257,0.07614,3.6423,14.70601,26.46325,1,2.71327,6.806061709,80.83186066
3769,0,random_negative,none,,cv,FALSE,1,57_58,,,,20.46234,64.26971,13.42864,2.38117,5.08345,1.28424,0.05211,6.45104,11.37952,23.54299,1,4.64862,6.771857734,80.5260342
3770,0,random_negative,none,,cv,FALSE,3,63_61,,,,26.04256,53.07931,20.11457,2.24821,5.21618,1.18053,0.06568,1.62823,14.55699,26.04104,1,3.63255,6.849442499,80.68713703
3771,0,random_negative,none,,cv,FALSE,4,67_60,,,,26.63665,48.31851,24.28625,2.25098,5.21606,1.16328,0.07816,-1.32701,14.0942,24.70304,2,3.14531,6.841598091,80.80169151
3772,0,random_negative,none,,cv,FALSE,4,69_71,,,,18.47695,61.86024,18.01438,1.49379,5.61163,1.29325,0.05566,12.30905,14.41426,29.51221,2,6.52539,7.128615628,80.86084056
3773,0,random_negative,none,,cv,FALSE,3,60_66,,,,21.08047,61.18322,16.8162,2.28735,5.21583,1.19664,0.06327,1.47635,14.32932,21.23771,4,2.21504,6.994894212,80.61752078
3774,0,random_negative,none,,cv,FALSE,3,59_64,,,,19.097,65.12586,14.57847,2.18888,5.1037,1.25112,0.06089,2.52487,13.39931,19.8064,2,3.1889,6.928587589,80.57379216
3775,0,random_negative,none,,cv,FALSE,1,54_63,,,,19.93172,66.0974,12.55373,2.09573,4.94895,1.26461,0.05544,4.84769,11.59088,23.07804,1,3.01648,6.918239626,80.43602957
3776,0,random_negative,none,,cv,FALSE,3,68_61,,,,26.05402,50.10442,22.78781,2.19858,5.26577,1.16831,0.07697,1.69247,14.69164,26.92355,1,1.55033,6.872684346,80.81359612
3777,0,random_negative,none,,cv,FALSE,3,64_60,,,,25.82042,53.191,20.12797,2.25532,5.21543,1.17938,0.06652,1.79145,14.55777,25.97739,4,2.07554,6.84111527,80.70345764
3778,0,random_negative,none,,cv,FALSE,2,56_59,,,,21.02747,63.86071,13.56834,2.51252,4.98021,1.26233,0.05286,5.19044,11.77456,23.4625,2,4.12416,6.814001712,80.49781848
3779,0,random_negative,none,,cv,FALSE,3,59_69,,,,23.58825,58.36177,17.12754,1.59538,5.30887,1.27529,0.06211,0.67973,12.99339,23.00001,2,1.59272,7.06713666,80.5735138
3780,0,random_negative,none,,cv,FALSE,2,66_60,,,,26.473,49.73177,22.99648,2.21334,5.26044,1.16728,0.0758,-0.06427,14.68644,25.50306,1,2.74738,6.844759603,80.77429924
3781,0,random_negative,none,,cv,FALSE,1,65_62,,,,28.44716,48.17393,22.90623,2.2712,5.27376,1.14464,0.07145,0.94123,15.33717,28.5332,2,4.16653,6.886988306,80.74281534
3782,0,random_negative,none,,cv,FALSE,0,58_59,,,,20.92044,63.78839,13.44362,2.46747,5.1067,1.28108,0.05507,6.2502,11.7893,23.4365,4,4.05061,6.794370719,80.53862549
3783,0,random_negative,none,,cv,FALSE,3,67_61,,,,26.59659,49.03051,23.58128,2.21515,5.2593,1.16225,0.07724,-0.43786,14.68901,25.42146,2,2.32594,6.848555967,80.79327498
3784,0,random_negative,none,,cv,FALSE,2,61_66,,,,22.6517,58.69883,17.87173,2.31367,5.2034,1.18257,0.06396,1.48346,14.33552,22.85175,1,4.34168,6.983143395,80.6373141
3785,0,random_negative,none,,cv,FALSE,2,70_72,,,,16.83105,64.54733,17.09956,1.30088,5.73666,1.33273,0.05499,12.16771,13.86658,27.7924,2,4.71446,7.159760355,80.86883191
3786,0,random_negative,none,,cv,FALSE,0,58_59,,,,20.83965,63.46163,13.9069,2.36592,5.09381,1.26932,0.05749,5.08241,11.893,22.26939,3,2.42683,6.810561703,80.54102918
3787,0,random_negative,none,,cv,FALSE,3,64_61,,,,26.36559,52.19886,20.70241,2.26019,5.21391,1.17421,0.06756,1.47846,14.56078,26.42241,1,0.93821,6.847778862,80.71180704
3788,0,random_negative,none,,cv,FALSE,1,60_65,,,,19.71003,63.36815,16.013,2.30899,5.20159,1.21169,0.06234,1.35831,14.32853,19.67959,3,2.56361,6.967961546,80.60861935
3789,0,random_negative,none,,cv,FALSE,2,56_63,,,,20.45905,64.07007,14.10212,2.0715,5.05122,1.2567,0.05776,2.58239,12.63669,21.07731,2,1.25084,6.918714965,80.50332821
3790,0,random_negative,none,,cv,FALSE,3,59_64,,,,18.59388,65.98182,14.16425,2.18133,5.1017,1.26001,0.06059,2.63921,13.39654,19.38733,2,3.38049,6.930442072,80.56720167
3791,0,random_negative,none,,cv,FALSE,1,68_65,,,,24.4809,52.47569,21.48879,2.27998,5.27244,1.15953,0.07009,8.87288,15.85058,32.07571,1,1.21858,6.97913581,80.81383272
3792,0,random_negative,none,,cv,FALSE,3,57_59,,,,20.61024,63.88137,13.7722,2.63301,5.01264,1.27811,0.05621,5.20263,12.25467,22.41713,2,2.26314,6.809937583,80.53363615
3793,0,random_negative,none,,cv,FALSE,3,61_68,,,,23.96339,56.96978,17.98746,1.57105,5.35485,1.24699,0.06591,1.94632,14.07199,24.46041,,5.03645,7.06046187,80.62736891
3794,0,random_negative,none,,cv,FALSE,0,60_67,,,,22.76944,59.55717,16.77451,2.17295,5.25253,1.21372,0.06261,0.34267,13.35503,21.80245,2,2.55672,7.029462496,80.60229674
3795,0,random_negative,none,,cv,FALSE,3,62_70,,,,24.50457,55.16409,19.19654,1.48797,5.39682,1.24983,0.06462,3.07319,14.22232,26.47538,2,1.55655,7.096166814,80.66355867
3796,0,random_negative,none,,cv,FALSE,2,56_63,,,,20.68685,63.7606,14.16652,2.0786,5.04585,1.25574,0.05746,2.64995,12.63744,21.28269,2,1.56196,6.910320911,80.50408903
3797,0,random_negative,none,,cv,FALSE,0,62_60,,,,24.30809,56.11905,18.32179,2.35524,5.133,1.20212,0.06317,2.6492,14.01439,24.50364,2,1.0997,6.820855885,80.66394471
3798,0,random_negative,none,,cv,FALSE,0,67_75,,,,23.15988,60.97512,14.87191,0.95069,5.81734,1.37852,0.05217,5.46274,12.46853,27.85455,,0.74158,7.244875731,80.78433219
3799,0,random_negative,none,,cv,FALSE,4,65_72,,,,23.20773,56.32878,18.98099,1.51962,5.49901,1.26358,0.05572,6.27909,14.2228,27.94528,2,4.43077,7.149687896,80.74857025
3800,0,random_negative,none,,cv,FALSE,1,60_65,,,,20.85372,61.57432,16.71304,2.30738,5.20399,1.18906,0.06293,1.37567,14.33063,20.88919,2,2.66227,6.977154446,80.61952251
3801,0,random_negative,none,,cv,FALSE,3,72_69,,,,16.87214,63.30676,17.38785,1.91743,5.63317,1.26333,0.06281,15.87714,14.7114,31.41304,2,11.47637,7.089916357,80.93517674
3802,0,random_negative,none,,cv,FALSE,2,70_72,,,,16.92379,64.22079,17.25094,1.30549,5.72112,1.32846,0.05568,12.44019,13.8687,28.12328,2,5.3095,7.149826266,80.86877381
3803,0,random_negative,none,,cv,FALSE,2,66_60,,,,26.42403,50.17666,22.57939,2.20888,5.26194,1.17015,0.07482,0.42549,14.68559,25.83926,4,1.72268,6.843641619,80.76422951
3804,0,random_negative,none,,cv,FALSE,2,73_72,,,,13.14684,69.85617,15.16166,0.98602,5.83555,1.3869,0.05659,14.36763,13.48979,26.37076,4,4.96185,7.155416983,80.95507547
3805,0,random_negative,none,,cv,FALSE,0,56_64,,,,19.72739,64.81467,14.06301,2.07044,5.1049,1.24779,0.05994,2.79466,12.66205,20.67165,4,2.13441,6.937090164,80.49614705
3806,0,random_negative,none,,cv,FALSE,1,65_76,,,,29.08691,53.50483,15.74985,1.03335,5.70731,1.33706,0.05257,8.01112,12.77582,36.11088,,1.88028,7.261773116,80.75509757
3807,0,random_negative,none,,cv,FALSE,2,57_61,,,,21.76316,62.57304,14.20519,2.50584,4.98805,1.25994,0.05544,3.92465,12.45458,23.02974,3,2.28718,6.854530564,80.51350395
3808,0,random_negative,none,,cv,FALSE,2,70_72,,,,14.97538,67.43537,16.00085,0.98913,5.81313,1.37613,0.05564,13.22383,13.49924,26.98649,,4.57265,7.172315656,80.88924493
3809,0,random_negative,none,,cv,FALSE,0,60_67,,,,21.81242,61.01897,16.25218,2.17646,5.24685,1.21458,0.0621,0.36513,13.35363,20.86481,2,1.66728,7.021450576,80.59732237
3810,0,random_negative,none,,cv,FALSE,4,68_73,,,,20.31473,60.98535,17.47139,1.27041,5.69668,1.325,0.05503,9.15297,13.96345,28.31055,3,0.50852,7.177629987,80.82685179
3811,0,random_negative,none,,cv,FALSE,2,61_58,,,,22.66939,59.47932,16.1507,2.45343,5.18879,1.26681,0.05804,5.0297,13.68584,24.53045,3,2.69451,6.770265784,80.63362464
3812,0,random_negative,none,,cv,FALSE,4,62_64,,,,25.51614,54.52722,19.64637,2.26672,5.16552,1.15383,0.06611,0.44469,14.59016,24.85163,1,1.39926,6.947275103,80.65763384
3813,0,random_negative,none,,cv,FALSE,4,61_64,,,,24.93539,55.52464,19.1712,2.26913,5.16296,1.20429,0.06568,0.40006,14.58804,24.10382,1,1.61919,6.939845009,80.63915325
3814,0,random_negative,none,,cv,FALSE,1,65_62,,,,28.69579,48.06644,22.86482,2.26146,5.27853,1.14707,0.07035,0.97386,15.33706,28.83597,1,5.30781,6.896969018,80.74010062
3815,0,random_negative,none,,cv,FALSE,0,64_70,,,,24.05241,54.78998,19.74372,1.53279,5.44039,1.25655,0.05779,6.3104,14.21914,28.81163,2,1.35631,7.118124138,80.72119765
3816,0,random_negative,none,,cv,FALSE,4,69_71,,,,18.37544,62.22065,17.81807,1.48789,5.62988,1.2983,0.055,11.9547,14.41181,29.07955,2,6.16039,7.130229172,80.85693945
3817,0,random_negative,none,,cv,FALSE,0,73_71,,,,14.79801,66.92834,16.40819,1.17431,5.74426,1.33906,0.05802,14.41624,13.76163,28.08733,1,8.39867,7.124148851,80.95387166
3818,0,random_negative,none,,cv,FALSE,3,60_58,,,,22.34522,60.40522,15.29363,2.44545,5.1863,1.25261,0.05692,4.93473,13.68127,23.13326,2,1.64674,6.780612284,80.6083884
3819,0,random_negative,none,,cv,FALSE,2,65_67,,,,24.65696,53.15646,21.19049,2.28369,5.29209,1.17504,0.06546,5.40718,15.65112,28.74883,1,2.74628,7.011696724,80.75113918
3820,0,random_negative,none,,cv,FALSE,1,66_65,,,,27.13216,49.97375,22.01589,2.34451,5.28454,1.14137,0.07078,3.58337,15.79304,29.68754,1,1.15001,6.961320619,80.7577392
3821,0,random_negative,none,,cv,FALSE,2,63_58,,,,23.98719,56.47244,18.02098,2.25787,5.21347,1.22097,0.06227,4.16058,13.95083,25.63909,2,2.90654,6.786563908,80.674538
3822,0,random_negative,none,,cv,FALSE,4,67_60,,,,26.07837,49.26952,23.76161,2.24454,5.23816,1.17247,0.07736,-0.90061,14.09148,24.46713,1,2.39511,6.822231683,80.80112615
3823,0,random_negative,none,,cv,FALSE,2,62_59,,,,24.19642,56.28868,18.07993,2.35323,5.14188,1.21631,0.06258,3.7345,14.01314,25.31829,1,1.07658,6.806942012,80.66536489
3824,0,random_negative,none,,cv,FALSE,0,58_59,,,,21.4658,62.4231,14.05968,2.40352,5.11142,1.26813,0.05694,5.19794,13.02542,22.07499,1,4.88399,6.793981933,80.56098482
3825,0,random_negative,none,,cv,FALSE,4,66_70,,,,23.52437,53.72973,20.73549,2.10655,5.34821,1.22718,0.06106,9.99856,15.30763,31.24725,2,2.86877,7.107451424,80.77487662
3826,0,random_negative,none,,cv,FALSE,0,60_67,,,,21.61208,60.36926,17.04755,2.26777,5.22682,1.20353,0.06379,1.51995,14.32826,21.8127,3,3.52078,7.014511656,80.61720534
3827,0,random_negative,none,,cv,FALSE,4,65_63,,,,28.90322,47.56249,23.14772,2.26061,5.27834,1.14427,0.07087,1.09223,15.33925,29.23659,1,5.36569,6.907084358,80.74280039
3828,0,random_negative,none,,cv,FALSE,0,63_62,,,,28.33633,50.19474,21.41774,2.2323,5.21942,1.17804,0.06444,0.36403,14.55902,27.68068,2,3.3051,6.885167102,80.67945662
3829,0,random_negative,none,,cv,FALSE,3,64_66,,,,25.99413,52.43691,20.88566,2.27946,5.26614,1.16782,0.06796,2.69135,15.42473,27.57226,2,3.32333,6.992838135,80.70712639
3830,0,random_negative,none,,cv,FALSE,0,61_61,,,,24.08506,56.79729,18.15611,2.20804,5.23303,1.2161,0.06083,1.93303,14.54615,23.82812,2,0.8062,6.872411721,80.63688417
3831,0,random_negative,none,,cv,FALSE,4,61_67,,,,24.24055,56.15639,18.61196,2.24819,5.27654,1.19772,0.06666,2.41878,14.61618,25.23654,1,6.07994,7.022278904,80.6420698
3832,0,random_negative,none,,cv,FALSE,3,64_61,,,,26.53783,51.48073,21.24253,2.27216,5.21294,1.16648,0.06956,1.30308,14.56443,26.59012,1,0.50423,6.852122068,80.72403813
3833,0,random_negative,none,,cv,FALSE,0,61_62,,,,23.4967,57.96305,17.71854,2.20331,5.14492,1.21763,0.06368,1.65859,14.12154,23.22191,3,2.72842,6.893378515,80.62067526
3834,0,random_negative,none,,cv,FALSE,1,68_59,,,,24.90991,51.34812,22.50115,2.20309,5.32212,1.17896,0.07718,1.58224,14.70768,25.54195,1,1.78491,6.814280414,80.81771426
3835,0,random_negative,none,,cv,FALSE,4,61_64,,,,23.85215,57.16554,18.46372,2.2608,5.16793,1.21018,0.06518,0.58727,14.58498,23.08554,1,1.9633,6.938590228,80.63445076
3836,0,random_negative,none,,cv,FALSE,0,61_65,,,,22.87075,58.40583,18.02935,2.22928,5.18964,1.19196,0.06514,1.02072,14.58224,22.60249,1,4.03166,6.963994341,80.63630785
3837,0,random_negative,none,,cv,FALSE,0,66_66,,,,24.83581,52.39276,21.35018,2.24944,5.29716,1.16047,0.06787,7.80852,15.84479,31.27639,3,0.89338,7.004487597,80.78155286
3838,0,random_negative,none,,cv,FALSE,0,63_70,,,,24.20205,55.55069,18.96078,1.49737,5.39271,1.25988,0.06065,4.41797,13.96637,27.21975,3,2.1802,7.114121008,80.70099325
3839,0,random_negative,none,,cv,FALSE,2,62_58,,,,22.9654,58.36834,17.06006,2.41986,5.2484,1.25404,0.06022,5.33709,13.75513,25.82159,2,3.19774,6.7690215,80.67323684
3840,0,random_negative,none,,cv,FALSE,1,68_65,,,,24.4809,52.47569,21.48879,2.27998,5.27244,1.15953,0.07009,8.87288,15.85058,32.07571,1,1.20289,6.980024695,80.81577353
3841,0,random_negative,none,,cv,FALSE,1,61_69,,,,24.2958,55.73014,19.0105,1.49084,5.37439,1.25011,0.06515,2.44511,14.21761,25.79908,1,3.59476,7.073414784,80.63127244
3842,0,random_negative,none,,cv,FALSE,1,68_68,,,,21.70761,56.25495,20.47913,2.12626,5.40108,1.20706,0.06429,10.4674,15.18603,30.93621,2,3.46189,7.039450973,80.81314871
3843,0,random_negative,none,,cv,FALSE,1,57_58,,,,20.46234,64.26971,13.42864,2.38117,5.08345,1.28424,0.05211,6.45104,11.37952,23.54299,1,5.3712,6.773823886,80.53245312
3844,0,random_negative,none,,cv,FALSE,3,64_59,,,,25.41077,53.16895,20.30541,2.29668,5.19346,1.18639,0.06859,2.75992,13.9644,26.6218,2,1.65023,6.817530414,80.7282026
3845,0,random_negative,none,,cv,FALSE,3,64_66,,,,25.99413,52.43691,20.88566,2.27946,5.26614,1.16782,0.06796,2.69135,15.42473,27.57226,2,3.36863,6.9904909,80.71242959
3846,0,random_negative,none,,cv,FALSE,0,59_68,,,,22.26094,60.24596,16.54911,1.60974,5.30375,1.23282,0.06012,0.98232,12.99351,21.91576,3,2.69496,7.044103277,80.58360451
3847,0,random_negative,none,,cv,FALSE,2,57_61,,,,21.0004,63.70777,13.72258,2.60528,4.9994,1.26089,0.05744,4.65003,13.32024,22.72887,4,1.81456,6.849146797,80.533604
3848,0,random_negative,none,,cv,FALSE,3,57_59,,,,20.71071,64.40446,13.17487,2.60069,5.08383,1.28152,0.0545,5.2191,11.94741,22.51201,2,2.71145,6.80578349,80.53246489
3849,0,random_negative,none,,cv,FALSE,4,56_61,,,,21.27452,63.45999,13.87618,2.32052,4.99125,1.26895,0.05522,3.9374,11.78555,22.93259,2,3.44213,6.87154093,80.49677989
3850,0,random_negative,none,,cv,FALSE,3,67_62,,,,27.17384,48.8773,23.20649,2.20481,5.2578,1.16555,0.07591,0.63781,14.69062,27.02211,1,1.53184,6.874885982,80.78309512
3851,0,random_negative,none,,cv,FALSE,3,63_64,,,,28.60106,49.38439,21.93054,2.33918,5.30338,1.14495,0.06727,0.65534,15.78344,28.4562,1,1.71265,6.943788202,80.69294102
3852,0,random_negative,none,,cv,FALSE,2,65_69,,,,24.21119,53.89065,20.59605,2.14651,5.3119,1.21151,0.0632,6.46576,15.30605,29.25677,1,3.92743,7.066505823,80.73817459
3853,0,random_negative,none,,cv,FALSE,1,65_62,,,,27.73078,49.83158,21.99047,2.2646,5.21293,1.16072,0.06941,0.92,14.5677,27.67087,2,3.96151,6.884516752,80.72959767
3854,0,random_negative,none,,cv,FALSE,0,66_59,,,,25.64965,51.45107,21.82532,2.23159,5.24412,1.18472,0.07374,1.7282,14.08702,26.18035,1,4.16749,6.814480647,80.76260517
3855,0,random_negative,none,,cv,FALSE,0,68_70,,,,20.35935,58.93922,19.09666,2.04312,5.52385,1.24585,0.05862,10.74157,15.17794,29.70775,2,3.52987,7.101915645,80.82941223
3856,0,random_negative,none,,cv,FALSE,1,63_69,,,,24.4269,55.12627,19.34567,1.51561,5.34438,1.24778,0.06128,4.54453,13.96636,27.72789,2,1.67486,7.081585951,80.69507841
3857,0,random_negative,none,,cv,FALSE,4,59_58,,,,21.50709,62.23249,14.32724,2.39675,5.13322,1.26694,0.05624,5.63764,12.09516,23.08966,2,6.17072,6.767966952,80.56855195
3858,0,random_negative,none,,cv,FALSE,3,61_63,,,,25.3213,55.00012,19.23076,2.21637,5.20424,1.19702,0.06376,0.7405,14.77237,24.68131,1,2.7212,6.905863654,80.64520026
3859,0,random_negative,none,,cv,FALSE,3,57_59,,,,20.54445,64.80499,12.97643,2.64519,4.99617,1.27969,0.05144,5.52254,11.65709,22.86377,1,4.33344,6.793593598,80.51760667
3860,0,random_negative,none,,cv,FALSE,4,55_64,,,,20.09123,64.64496,13.83901,2.04482,5.08314,1.25768,0.05944,3.22737,12.65724,21.57873,3,4.2176,6.943049196,80.46054302
3861,0,random_negative,none,,cv,FALSE,3,67_62,,,,27.07044,48.94204,23.11675,2.19168,5.26226,1.16709,0.07603,1.81411,14.69358,28.13273,2,2.33327,6.891607349,80.80658304
3862,0,random_negative,none,,cv,FALSE,1,68_72,,,,20.86991,59.917,17.76962,1.29725,5.67269,1.31141,0.05523,9.19944,13.58965,28.70561,3,1.894,7.168778403,80.81770697
3863,0,random_negative,none,,cv,FALSE,0,55_65,,,,19.98493,64.64713,13.95825,2.04224,5.09807,1.2586,0.05994,3.05423,12.658,21.33161,3,2.33375,6.95915579,80.47330542
3864,0,random_negative,none,,cv,FALSE,4,58_61,,,,20.58662,63.57827,14.2801,2.40033,5.06759,1.26616,0.05939,4.11565,13.24906,21.64641,2,0.41138,6.85366387,80.54935485
3865,0,random_negative,none,,cv,FALSE,0,58_63,,,,18.98237,65.91477,13.71179,2.16991,5.0797,1.2696,0.05977,3.06613,13.3901,20.00666,2,1.59367,6.914287224,80.53868985
3866,0,random_negative,none,,cv,FALSE,0,61_59,,,,22.89945,59.23461,16.13659,2.45078,5.17768,1.23987,0.05893,4.40487,13.68651,23.64975,2,1.1245,6.793744115,80.62928492
3867,0,random_negative,none,,cv,FALSE,3,68_63,,,,26.36672,49.99745,22.57003,2.14509,5.29316,1.14728,0.07585,3.97525,15.03464,29.52768,1,1.41336,6.923516903,80.81040046
3868,0,random_negative,none,,cv,FALSE,0,56_58,,,,21.02293,63.61519,13.655,2.63277,4.98654,1.27632,0.05019,5.93682,11.65314,24.10076,3,4.78639,6.790553102,80.50539316
3869,0,random_negative,none,,cv,FALSE,4,58_61,,,,21.32388,62.43114,14.71185,2.23519,5.04875,1.25397,0.06063,3.08247,14.11827,21.42225,2,1.66556,6.865530713,80.55560805
3870,0,random_negative,none,,cv,FALSE,4,60_62,,,,22.44407,59.79161,16.57329,2.19938,5.13835,1.22942,0.0628,2.29743,14.1157,22.18245,2,0.70716,6.874608078,80.60631334
3871,0,random_negative,none,,cv,FALSE,2,71_74,,,,13.87933,69.3812,15.33505,0.98116,5.86578,1.39475,0.05396,13.22579,13.48618,26.02831,,0.47251,7.200187888,80.91572565
3872,0,random_negative,none,,cv,FALSE,3,64_67,,,,25.18044,53.48036,20.38307,2.24145,5.29502,1.18451,0.06713,3.51482,15.42184,27.41614,2,0.74454,7.017944848,80.71358255
3873,0,random_negative,none,,cv,FALSE,3,64_71,,,,24.1491,54.85648,19.65586,1.53158,5.44415,1.25766,0.05802,5.77464,14.21756,28.46075,2,1.31004,7.118734355,80.70776127
3874,0,random_negative,none,,cv,FALSE,0,66_66,,,,25.83836,51.24469,21.75042,2.27499,5.28258,1.15016,0.06886,6.19597,15.84481,30.82228,2,1.13138,6.986486924,80.77791851
3875,0,random_negative,none,,cv,FALSE,4,65_70,,,,24.08044,54.37555,20.04518,1.53884,5.42006,1.25237,0.05783,7.19272,14.22098,29.60119,2,2.0249,7.104898548,80.73233675
3876,0,random_negative,none,,cv,FALSE,4,67_60,,,,26.9704,47.4548,25.0013,2.25377,5.22158,1.16466,0.07782,-2.95285,14.09284,23.50581,1,3.80147,6.833642096,80.79526149
3877,0,random_negative,none,,cv,FALSE,1,65_68,,,,24.56678,53.50716,20.89044,2.18507,5.27747,1.19456,0.0646,5.71589,15.30951,29.16711,1,2.73468,7.040138807,80.73436638
3878,0,random_negative,none,,cv,FALSE,0,60_67,,,,23.30285,57.85428,17.79266,2.21879,5.29302,1.21002,0.06694,1.93991,14.60911,23.80422,2,4.19799,7.031298348,80.61807599
3879,0,random_negative,none,,cv,FALSE,0,67_64,,,,28.02587,47.96839,23.20983,2.25607,5.30307,1.12529,0.07452,3.13747,15.6121,30.407,1,1.9237,6.935136034,80.79360965
3880,0,random_negative,none,,cv,FALSE,4,66_62,,,,28.81134,47.27894,23.34866,2.24694,5.24239,1.14388,0.07322,1.16196,14.85215,29.2589,2,2.78406,6.888890652,80.77984968
3881,0,random_negative,none,,cv,FALSE,4,69_72,,,,17.37537,64.20201,17.01421,1.25028,5.77026,1.34033,0.05375,12.46,13.51844,28.63618,4,3.41055,7.168969493,80.8600316
3882,0,random_negative,none,,cv,FALSE,4,62_64,,,,26.69607,52.9025,20.2699,2.30916,5.14092,1.15482,0.06569,0.56673,15.02288,26.34221,1,1.28578,6.948168784,80.65850893
3883,0,random_negative,none,,cv,FALSE,0,66_66,,,,25.8003,51.71691,21.28759,2.30483,5.31263,1.15903,0.06919,5.02968,15.79078,29.58377,2,1.9439,6.995854466,80.75651918
3884,0,random_negative,none,,cv,FALSE,4,66_71,,,,23.2693,55.3779,19.59217,1.50544,5.41909,1.26203,0.05786,8.24293,14.16227,29.56745,2,3.28521,7.12437419,80.76700404
3885,0,random_negative,none,,cv,FALSE,2,66_64,,,,28.68208,47.52849,23.24964,2.25202,5.30584,1.14888,0.07311,2.00169,15.60855,29.93876,1,2.21876,6.938044362,80.76387425
3886,0,random_negative,none,,cv,FALSE,3,60_58,,,,22.46939,60.24521,15.28105,2.44509,5.18333,1.24978,0.05742,4.71577,13.68201,22.7578,2,1.86074,6.788596377,80.60297044
3887,0,random_negative,none,,cv,FALSE,4,65_72,,,,23.10142,56.39024,19.02078,1.52133,5.49388,1.26234,0.05544,6.84135,14.2242,28.38492,2,4.81618,7.149195453,80.75289462
3888,0,random_negative,none,,cv,FALSE,0,61_65,,,,22.01347,59.83001,17.41478,2.32632,5.19324,1.19705,0.06335,1.26468,14.33429,21.94841,3,3.62851,6.967484776,80.62340494
3889,0,random_negative,none,,cv,FALSE,3,64_67,,,,25.40331,53.19602,20.52848,2.25405,5.28524,1.17903,0.0674,3.27057,15.42278,27.44769,1,1.35917,7.009991045,80.71285952
3890,0,random_negative,none,,cv,FALSE,2,63_58,,,,24.23985,55.77833,18.54133,2.26618,5.21526,1.21449,0.06367,4.03657,13.9542,26.08205,1,1.5075,6.781228831,80.68641747
3891,0,random_negative,none,,cv,FALSE,1,70_71,,,,18.03405,62.68843,17.68838,1.48653,5.63516,1.30059,0.05496,12.25289,14.41019,29.06831,3,6.48453,7.134179188,80.86820978
3892,0,random_negative,none,,cv,FALSE,1,68_68,,,,20.75477,57.39598,20.13863,2.11488,5.42139,1.2119,0.06366,12.08331,15.18663,31.57223,2,1.53333,7.053080893,80.83069175
3893,0,random_negative,none,,cv,FALSE,1,65_76,,,,31.05838,51.26968,15.94139,1.03517,5.7031,1.33657,0.05242,9.62608,12.77545,39.76093,,1.97757,7.263321066,80.75338659
3894,0,random_negative,none,,cv,FALSE,1,71_66,,,,18.20441,59.36907,19.85957,2.07241,5.44379,1.19194,0.06922,16.96593,15.66537,33.95866,2,1.57289,6.983339695,80.90494072
3895,0,random_negative,none,,cv,FALSE,0,66_61,,,,26.69787,49.18067,23.35288,2.21401,5.25845,1.16321,0.07657,-0.21301,14.68844,25.68488,3,2.22511,6.856342846,80.78054665
3896,0,random_negative,none,,cv,FALSE,1,68_66,,,,22.53476,55.06333,20.54661,2.20596,5.40111,1.16076,0.06938,10.79729,15.56038,31.98311,1,2.14845,6.984563821,80.8328703
3897,0,random_negative,none,,cv,FALSE,4,69_68,,,,19.87444,58.56624,19.39403,2.12559,5.48886,1.20149,0.06339,14.67843,15.38879,33.17221,2,2.41497,7.051429834,80.85421141
3898,0,random_negative,none,,cv,FALSE,2,68_71,,,,21.9061,57.87071,18.71964,1.52556,5.52596,1.27531,0.05602,9.44395,14.52701,29.84319,2,5.54393,7.131192026,80.8178333
3899,0,random_negative,none,,cv,FALSE,0,67_59,,,,25.44616,50.76412,22.67555,2.2352,5.25207,1.177,0.07629,0.79559,14.08953,25.33605,1,1.30614,6.81273327,80.8037749
3900,0,random_negative,none,,cv,FALSE,0,66_59,,,,24.58539,52.72267,21.40829,2.19216,5.33988,1.19208,0.07382,2.79441,14.70329,26.08869,1,2.91377,6.79595391,80.77544716
3901,0,random_negative,none,,cv,FALSE,4,67_70,,,,20.96276,58.25508,19.17179,2.02879,5.53451,1.25184,0.05795,9.80481,15.17527,29.24694,4,4.81888,7.112192256,80.80908727
3902,0,random_negative,none,,cv,FALSE,4,65_70,,,,24.08044,54.37555,20.04518,1.53884,5.42006,1.25237,0.05783,7.19272,14.22098,29.60119,2,2.09982,7.107006203,80.73233158
3903,0,random_negative,none,,cv,FALSE,4,67_60,,,,25.94165,49.54301,23.53042,2.2429,5.23252,1.16899,0.07783,-0.17476,14.09295,25.04312,1,3.44851,6.832712918,80.80985237
3904,0,random_negative,none,,cv,FALSE,3,63_61,,,,26.50779,52.43324,20.43446,2.24648,5.21603,1.1798,0.06568,1.36541,14.55806,26.38271,2,3.17345,6.864457854,80.69519588
3905,0,random_negative,none,,cv,FALSE,2,64_62,,,,27.73078,49.83158,21.99047,2.2646,5.21293,1.16072,0.06941,0.92,14.5677,27.67087,2,2.87774,6.875656007,80.7243635
3906,0,random_negative,none,,cv,FALSE,4,65_65,,,,27.211,50.04,21.94042,2.34125,5.28859,1.14312,0.07021,3.23417,15.79151,29.41936,1,1.86035,6.969530863,80.75007564
3907,0,random_negative,none,,cv,FALSE,2,69_73,,,,17.92328,63.76805,16.98062,1.24789,5.7784,1.33996,0.05328,11.30765,13.52049,28.03798,,1.72984,7.186495598,80.84507044
3908,0,random_negative,none,,cv,FALSE,1,68_65,,,,25.07357,51.66764,21.80024,2.21832,5.32033,1.13921,0.07351,6.96997,15.61451,30.93271,1,0.95667,6.961567544,80.81806492
3909,0,random_negative,none,,cv,FALSE,1,71_66,,,,16.97918,59.93501,20.09842,2.05515,5.45634,1.19512,0.06808,22.87146,15.66574,38.50022,1,3.37135,7.000501735,80.90741614
3910,0,random_negative,none,,cv,FALSE,3,64_68,,,,24.38394,53.90803,20.57409,2.15696,5.30458,1.20739,0.06358,5.66168,15.3056,28.80775,3,4.61289,7.061397726,80.72514055
3911,0,random_negative,none,,cv,FALSE,3,71_73,,,,14.01734,68.92993,15.49004,0.98456,5.84338,1.38747,0.05503,13.53173,13.49079,26.41548,2,2.12656,7.180929049,80.91752361
3912,0,random_negative,none,,cv,FALSE,3,57_64,,,,18.2603,67.08215,13.31972,2.256,5.09105,1.27851,0.06226,2.63761,13.40536,19.02807,2,1.87606,6.933696969,80.52469757
3913,0,random_negative,none,,cv,FALSE,2,65_64,,,,28.01188,48.99211,22.48662,2.22988,5.32127,1.13899,0.07077,2.0672,15.60452,29.20226,,4.08182,6.94191202,80.73926414
3914,0,random_negative,none,,cv,FALSE,4,65_65,,,,27.79836,49.63422,22.01079,2.34627,5.28905,1.14593,0.06949,2.16371,15.78917,29.01198,2,3.83132,6.958059142,80.73307934
3915,0,random_negative,none,,cv,FALSE,3,64_65,,,,27.84759,49.75966,21.9133,2.34192,5.29422,1.13728,0.06884,1.88437,15.78758,28.79405,4,3.86534,6.959590395,80.71862192
3916,0,random_negative,none,,cv,FALSE,0,57_60,,,,21.59851,62.42201,14.35196,2.61142,5.00416,1.25841,0.05662,4.83812,12.25183,23.4807,1,1.76389,6.844088164,80.52340012
3917,0,random_negative,none,,cv,FALSE,3,65_66,,,,25.41059,52.36899,21.46197,2.30742,5.27705,1.16271,0.06621,4.19848,15.65147,28.443,2,3.37961,6.993048906,80.73442431
3918,0,random_negative,none,,cv,FALSE,2,69_73,,,,17.92328,63.76805,16.98062,1.24789,5.7784,1.33996,0.05328,11.30765,13.52049,28.03798,,1.70072,7.18620508,80.84491881
3919,0,random_negative,none,,cv,FALSE,0,72_70,,,,15.33513,66.00468,16.7232,1.30184,5.68103,1.33085,0.05861,14.76188,13.7502,28.93313,2,10.9197,7.101753924,80.94004912
3920,0,random_negative,none,,cv,FALSE,4,65_61,,,,27.33324,50.37449,21.74871,2.26782,5.21241,1.16218,0.06952,1.02304,14.56667,27.28539,2,2.92885,6.87403007,80.73114529
3921,0,random_negative,none,,cv,FALSE,0,70_73,,,,15.57557,66.83942,16.1185,0.98927,5.81641,1.37464,0.05504,12.42585,13.50112,26.79443,2,4.36206,7.184964858,80.87015405
3922,0,random_negative,none,,cv,FALSE,2,69_66,,,,20.67212,57.04187,20.14717,2.18613,5.42076,1.17431,0.06756,14.2383,15.39553,33.70095,1,2.92157,7.003624836,80.85154392
3923,0,random_negative,none,,cv,FALSE,0,69_65,,,,22.49765,55.01713,20.60065,2.14008,5.45143,1.15729,0.0727,9.57265,15.32441,30.84089,3,2.33722,6.967902605,80.84104829
3924,0,random_negative,none,,cv,FALSE,0,66_61,,,,26.73398,49.78657,22.71532,2.20731,5.26017,1.15558,0.07483,0.45539,14.6869,26.22495,2,1.93906,6.849993787,80.76754488
3925,0,random_negative,none,,cv,FALSE,3,65_58,,,,24.96862,52.93966,20.76264,2.22903,5.34311,1.19422,0.07097,3.54845,14.8925,26.9516,2,3.84916,6.788822994,80.75070783
3926,0,random_negative,none,,cv,FALSE,0,68_70,,,,20.78938,58.12871,19.42764,2.0527,5.50156,1.24115,0.05954,10.67176,15.17856,29.99807,4,2.85728,7.095497592,80.82418947
3927,0,random_negative,none,,cv,FALSE,1,68_67,,,,20.97178,57.16527,19.87242,2.1505,5.45501,1.19012,0.06478,12.84912,15.38994,32.50625,1,2.37766,7.027931062,80.82857836
3928,0,random_negative,none,,cv,FALSE,4,65_65,,,,27.211,50.04,21.94042,2.34125,5.28859,1.14312,0.07021,3.23417,15.79151,29.41936,2,1.84767,6.960335531,80.7511916
3929,0,random_negative,none,,cv,FALSE,4,64_63,,,,29.3094,48.19432,22.55508,2.24084,5.21915,1.16523,0.06689,0.32774,14.56675,28.96624,2,3.15506,6.904947325,80.71366314
3930,0,random_negative,none,,cv,FALSE,2,62_58,,,,22.9654,58.36834,17.06006,2.41986,5.2484,1.25404,0.06022,5.33709,13.75513,25.82159,3,3.0862,6.769815949,80.67400519
3931,0,random_negative,none,,cv,FALSE,2,55_67,,,,20.76083,63.25043,14.5534,1.48169,5.15527,1.31073,0.06073,3.90912,12.29844,23.17018,2,1.51554,7.011313607,80.45938978
3932,0,random_negative,none,,cv,FALSE,0,64_70,,,,24.4737,53.97924,20.08068,2.10121,5.35739,1.22234,0.06119,6.51136,14.57799,29.31813,2,2.54924,7.100286182,80.72692369
3933,0,random_negative,none,,cv,FALSE,4,58_61,,,,21.16997,62.22136,15.01551,2.19661,5.05338,1.25672,0.06158,3.65054,13.29632,21.55348,3,1.13009,6.856427355,80.56508365
3934,0,random_negative,none,,cv,FALSE,4,66_67,,,,24.03682,53.76318,20.97667,2.25952,5.30796,1.18522,0.0646,6.60006,15.65069,29.157,3,3.95918,7.033348527,80.75839301
3935,0,random_negative,none,,cv,FALSE,3,71_69,,,,17.83798,61.78858,18.12434,2.16496,5.55107,1.23267,0.06134,16.38308,15.72788,32.94374,4,8.43028,7.073830178,80.91243773
3936,0,random_negative,none,,cv,FALSE,0,66_59,,,,26.00293,50.82946,22.18853,2.23685,5.23281,1.17793,0.07435,1.29431,14.08849,26.17533,2,3.77837,6.819692482,80.76578622
3937,0,random_negative,none,,cv,FALSE,1,68_64,,,,25.49281,51.17727,22.00747,2.15515,5.30117,1.12821,0.07561,5.73086,15.00814,30.25717,3,1.70212,6.941298726,80.8260939
3938,0,random_negative,none,,cv,FALSE,3,72_69,,,,17.54196,62.16093,17.99881,2.08429,5.56167,1.23793,0.06203,16.69944,15.40863,32.96,3,10.15212,7.080346029,80.92684659
3939,0,random_negative,none,,cv,FALSE,4,57_63,,,,18.98237,65.91477,13.71179,2.16991,5.0797,1.2696,0.05977,3.06613,13.3901,20.00666,1,1.41907,6.915234493,80.53632144
3940,0,random_negative,none,,cv,FALSE,4,55_64,,,,19.97943,64.67827,13.92873,2.05042,5.09242,1.25553,0.05968,3.0722,12.6586,21.29232,2,3.55775,6.946298156,80.47627488
3941,0,random_negative,none,,cv,FALSE,4,73_70,,,,15.11939,66.20889,16.74877,1.18119,5.71919,1.33078,0.05877,14.79393,13.76648,28.75246,3,9.80044,7.111473156,80.94580471
3942,0,random_negative,none,,cv,FALSE,0,61_65,,,,22.77696,58.56517,17.93825,2.32432,5.19625,1.19652,0.06387,1.36275,14.33631,22.85985,1,4.37114,6.973993348,80.63511311
3943,0,random_negative,none,,cv,FALSE,0,59_63,,,,20.48227,63.06669,15.31613,2.20574,5.09638,1.24447,0.06115,2.46898,13.40322,21.03932,2,2.45959,6.917189281,80.58681219
3944,0,random_negative,none,,cv,FALSE,0,61_61,,,,23.87314,57.55599,17.39204,2.28876,5.08419,1.22271,0.06261,3.21111,13.43553,24.55569,1,0.83762,6.862617223,80.62830441
3945,0,random_negative,none,,cv,FALSE,0,56_64,,,,19.72739,64.81467,14.06301,2.07044,5.1049,1.24779,0.05994,2.79466,12.66205,20.67165,2,2.18979,6.937242293,80.49757616
3946,0,random_negative,none,,cv,FALSE,0,61_59,,,,23.74882,57.74386,16.91345,2.2974,5.10373,1.23016,0.06269,3.97828,13.43723,24.47181,2,2.47372,6.809743583,80.63564513
3947,0,random_negative,none,,cv,FALSE,4,65_72,,,,22.93425,57.21753,18.41122,1.51177,5.53771,1.26803,0.05487,5.20963,14.22252,26.72076,1,5.4834,7.168847946,80.74333782
3948,0,random_negative,none,,cv,FALSE,1,68_72,,,,21.42959,58.87029,18.29968,1.50328,5.57644,1.28661,0.0553,8.4199,14.857,28.54082,2,3.09482,7.15592854,80.81602179
3949,0,random_negative,none,,cv,FALSE,2,72_73,,,,13.43753,69.79969,15.14712,0.98237,5.85842,1.39304,0.05501,13.71135,13.4865,26.04282,2,2.34844,7.180332355,80.93802248
3950,0,random_negative,none,,cv,FALSE,2,62_66,,,,25.09241,54.69744,19.35935,2.28487,5.25364,1.18063,0.06683,2.54224,14.62257,26.27535,1,6.42946,7.007143113,80.65925667
3951,0,random_negative,none,,cv,FALSE,0,67_59,,,,24.90991,51.34812,22.50115,2.20309,5.32212,1.17896,0.07718,1.58224,14.70768,25.54195,1,1.4611,6.814675163,80.80962738
3952,0,random_negative,none,,cv,FALSE,3,63_61,,,,26.24552,52.99553,20.10074,2.24045,5.21788,1.18412,0.0648,1.44435,14.55605,26.08461,2,3.94801,6.857731755,80.67792328
3953,0,random_negative,none,,cv,FALSE,1,58_58,,,,20.92979,63.80444,13.41899,2.46924,5.10964,1.28262,0.05475,6.42786,11.78933,23.67219,1,5.21823,6.784333527,80.5421536
3954,0,random_negative,none,,cv,FALSE,3,66_63,,,,29.99749,45.90256,23.75689,2.22556,5.24616,1.13981,0.0714,1.25977,14.85285,30.667,1,4.19332,6.913601067,80.76935664
3955,0,random_negative,none,,cv,FALSE,1,68_69,,,,20.49058,58.36522,19.47021,2.06584,5.48798,1.23512,0.06033,11.32857,15.18075,30.43015,2,2.3325,7.09026149,80.83587041
3956,0,random_negative,none,,cv,FALSE,4,59_58,,,,21.81254,61.73824,14.37825,2.4131,5.12429,1.26178,0.05724,5.30919,13.02931,22.48523,2,5.16876,6.773450645,80.57609531
3957,0,random_negative,none,,cv,FALSE,1,60_68,,,,23.95614,57.11268,18.02974,1.49748,5.41318,1.2515,0.06569,0.3728,13.45322,22.94017,,3.55189,7.061482584,80.60627181
3958,0,random_negative,none,,cv,FALSE,2,65_69,,,,24.21119,53.89065,20.59605,2.14651,5.3119,1.21151,0.0632,6.46576,15.30605,29.25677,1,3.59941,7.069794311,80.73785808
3959,0,random_negative,none,,cv,FALSE,1,60_68,,,,24.04671,56.80483,18.21891,2.14072,5.355,1.23225,0.06706,0.61983,13.99248,23.28198,2,4.44016,7.053494415,80.61019173
3960,0,random_negative,none,,cv,FALSE,4,59_59,,,,21.56958,62.04807,14.4839,2.40125,5.10402,1.25743,0.05818,4.65404,13.0285,21.91694,3,1.9921,6.819242084,80.56780573
3961,0,random_negative,none,,cv,FALSE,2,59_61,,,,21.11591,62.07796,15.39931,2.17978,5.13274,1.24876,0.06158,2.73306,14.10766,21.07925,2,0.74953,6.873973483,80.57549456
3962,0,random_negative,none,,cv,FALSE,1,66_68,,,,23.67542,53.96085,20.90445,2.16907,5.28405,1.19972,0.06407,8.48923,15.3137,30.68421,3,5.25494,7.057564817,80.77408865
3963,0,random_negative,none,,cv,FALSE,0,65_60,,,,25.79927,52.31764,20.86609,2.30553,5.18514,1.17731,0.07003,2.2983,13.96734,26.71627,1,1.75715,6.824410625,80.73488219
3964,0,random_negative,none,,cv,FALSE,0,56_65,,,,18.44197,66.73738,13.59982,2.1668,5.14282,1.25932,0.06279,1.93576,12.79116,18.80842,2,1.16451,6.970691857,80.50948361
3965,0,random_negative,none,,cv,FALSE,2,67_63,,,,29.14354,46.41885,23.9425,2.16641,5.27833,1.14275,0.07581,1.03875,15.03132,29.65884,2,3.8341,6.90595457,80.79427287
3966,0,random_negative,none,,cv,FALSE,4,69_71,,,,18.37544,62.22065,17.81807,1.48789,5.62988,1.2983,0.055,11.9547,14.41181,29.07955,2,5.67232,7.139063177,80.86254823
3967,0,random_negative,none,,cv,FALSE,0,61_62,,,,24.18718,56.63303,18.32316,2.20487,5.23562,1.2061,0.06074,1.74896,14.54674,23.92997,3,1.66737,6.884379222,80.63556279
3968,0,random_negative,none,,cv,FALSE,1,72_71,,,,15.02914,66.53119,16.57215,1.17569,5.73631,1.33574,0.05814,14.49155,13.76373,28.37415,2,8.31056,7.125234927,80.94236556
3969,0,random_negative,none,,cv,FALSE,2,59_62,,,,21.58337,61.54567,15.67729,2.23646,5.07149,1.24145,0.06196,2.37843,14.12471,21.65473,2,1.6113,6.893109188,80.58636558
3970,0,random_negative,none,,cv,FALSE,3,63_61,,,,25.48956,54.23331,19.4243,2.2363,5.21978,1.18918,0.06397,1.8176,14.55304,25.41278,2,4.17483,6.8529329,80.67633481
3971,0,random_negative,none,,cv,FALSE,4,60_62,,,,22.11106,60.66133,16.11188,2.24383,5.07218,1.2364,0.06234,2.22464,14.12761,22.09269,2,1.1119,6.885171098,80.59373633
3972,0,random_negative,none,,cv,FALSE,4,67_60,,,,26.53325,49.07168,23.60878,2.24924,5.22142,1.16755,0.07679,-0.63867,14.09184,25.10639,1,4.12491,6.833185024,80.7870276
3973,0,random_negative,none,,cv,FALSE,0,56_58,,,,19.86475,65.41684,12.97646,2.82675,5.07456,1.27804,0.04977,6.94173,11.54884,23.96728,2,3.53829,6.779112542,80.50350448
3974,0,random_negative,none,,cv,FALSE,1,58_60,,,,21.17232,62.7339,14.35785,2.41434,5.07856,1.26394,0.05945,4.2294,13.25193,21.69103,,2.12982,6.829641823,80.55528144
3975,0,random_negative,none,,cv,FALSE,1,68_59,,,,24.10632,52.97787,21.45097,2.18364,5.35526,1.18363,0.07537,3.18391,14.70472,26.15077,1,1.03452,6.79305806,80.81153945
3976,0,random_negative,none,,cv,FALSE,4,69_72,,,,19.06071,61.82617,17.70336,1.25691,5.70178,1.32537,0.05623,9.93552,14.38577,27.76889,2,2.47448,7.159306896,80.84055112
3977,0,random_negative,none,,cv,FALSE,1,68_64,,,,24.93218,51.77291,21.79667,2.22895,5.3165,1.13585,0.07431,6.98302,15.61552,30.82906,1,2.01694,6.951839888,80.81829822
3978,0,random_negative,none,,cv,FALSE,4,69_68,,,,20.39261,57.87253,19.64136,2.13785,5.47118,1.19575,0.06412,13.88333,15.38945,32.91977,2,1.81535,7.042743894,80.83964168
3979,0,random_negative,none,,cv,FALSE,2,65_69,,,,23.95236,53.63439,20.79597,2.13764,5.31449,1.21478,0.06281,8.18301,15.30792,30.35406,2,1.98997,7.082162145,80.75237961
3980,0,random_negative,none,,cv,FALSE,2,65_64,,,,28.87911,48.20969,22.52894,2.27431,5.27624,1.15837,0.06723,2.01988,15.4533,30.08113,2,3.29396,6.932824665,80.72967495
3981,0,random_negative,none,,cv,FALSE,2,69_66,,,,20.08206,57.55273,20.07306,2.18461,5.4233,1.17487,0.06771,15.70769,15.39642,34.55177,1,3.46089,7.001850348,80.86369148
3982,0,random_negative,none,,cv,FALSE,1,57_65,,,,17.95798,67.28083,13.54654,2.17119,5.15324,1.25768,0.06273,1.84115,12.7925,18.25663,2,0.80733,6.977255381,80.51918683
3983,0,random_negative,none,,cv,FALSE,3,65_59,,,,24.89507,53.61979,20.21767,2.29586,5.21698,1.18844,0.06917,3.14759,13.9652,26.5642,2,4.727,6.795037739,80.74460763
3984,0,random_negative,none,,cv,FALSE,0,62_60,,,,24.82742,55.187,18.89614,2.23865,5.21973,1.19491,0.06382,2.31579,14.55106,24.98063,3,2.27765,6.828657578,80.67122714
3985,0,random_negative,none,,cv,FALSE,3,65_58,,,,24.5825,54.37577,19.69122,2.2861,5.22445,1.19709,0.06756,3.64488,13.96226,26.60705,2,4.06608,6.78630092,80.73624119
3986,0,random_negative,none,,cv,FALSE,2,69_70,,,,19.9362,59.32092,19.06709,2.08296,5.52194,1.24211,0.05955,11.55314,15.70192,30.22855,2,5.00009,7.10553245,80.85799325
3987,0,random_negative,none,,cv,FALSE,2,62_59,,,,23.64673,57.5992,17.35358,2.46112,5.1693,1.21326,0.06118,3.96179,13.69327,24.8561,1,1.27775,6.802074273,80.65416586
3988,0,random_negative,none,,cv,FALSE,3,64_69,,,,24.73131,53.79253,20.20345,2.1235,5.33435,1.2138,0.06208,5.90112,14.57846,29.17362,1,4.07035,7.080507812,80.71684346
3989,0,random_negative,none,,cv,FALSE,2,64_58,,,,24.7567,54.43895,19.50946,2.28334,5.2107,1.19967,0.06659,3.50048,13.96032,26.48258,4,2.80257,6.791389028,80.72265037
3990,0,random_negative,none,,cv,FALSE,2,66_60,,,,26.473,49.73177,22.99648,2.21334,5.26044,1.16728,0.0758,-0.06427,14.68644,25.50306,2,3.19473,6.844652415,80.77840664
3991,0,random_negative,none,,cv,FALSE,0,61_57,,,,22.5221,59.84136,15.87051,2.45076,5.18901,1.26989,0.05748,5.07268,13.68406,24.20092,1,3.04865,6.762859158,80.62258158
3992,0,random_negative,none,,cv,FALSE,1,60_65,,,,19.71003,63.36815,16.013,2.30899,5.20159,1.21169,0.06234,1.35831,14.32853,19.67959,2,2.89801,6.963337524,80.60468385
3993,0,random_negative,none,,cv,FALSE,4,62_69,,,,24.43941,55.20839,19.24538,1.49271,5.38624,1.24692,0.06445,3.19742,14.22261,26.55411,2,1.12007,7.088358514,80.66427298
3994,0,random_negative,none,,cv,FALSE,2,67_71,,,,21.47975,58.12506,18.8149,1.48595,5.53881,1.28072,0.05621,9.44333,14.33615,29.37267,3,6.0215,7.121502503,80.80008332
3995,0,random_negative,none,,cv,FALSE,1,60_68,,,,24.04671,56.80483,18.21891,2.14072,5.355,1.23225,0.06706,0.61983,13.99248,23.28198,3,3.98874,7.046432727,80.60456689
3996,0,random_negative,none,,cv,FALSE,1,57_62,,,,20.0857,64.72481,13.68067,2.18055,5.04793,1.24919,0.05877,3.54535,13.38822,21.239,2,2.28262,6.888533035,80.51789415
3997,0,random_negative,none,,cv,FALSE,4,67_66,,,,25.18258,51.95171,21.52571,2.26309,5.28812,1.15471,0.06854,7.3191,15.84555,31.20479,1,1.51065,6.991142004,80.78341913
3998,0,random_negative,none,,cv,FALSE,3,64_61,,,,26.36559,52.19886,20.70241,2.26019,5.21391,1.17421,0.06756,1.47846,14.56078,26.42241,2,1.0093,6.855387879,80.71262857
3999,0,random_negative,none,,cv,FALSE,3,64_71,,,,23.96585,54.68235,19.85273,1.53398,5.43585,1.25553,0.05759,6.91178,14.22067,29.2233,2,1.69936,7.11965968,80.72718384
4000,0,random_negative,none,,cv,FALSE,3,63_61,,,,26.04256,53.07931,20.11457,2.24821,5.21618,1.18053,0.06568,1.62823,14.55699,26.04104,2,2.82949,6.851860092,80.6944661
4001,0,random_negative,none,,cv,FALSE,1,56_66,,,,19.56452,65.18934,14.05407,2.13844,5.1455,1.29005,0.06411,1.84123,12.78923,19.93854,1,2.252,6.998303147,80.50054338
4002,0,random_negative,none,,cv,FALSE,3,67_61,,,,26.36742,49.53296,23.18094,2.20782,5.2619,1.16618,0.07719,0.6339,14.69038,26.22405,2,1.21762,6.859968376,80.80146689
4003,0,random_negative,none,,cv,FALSE,1,54_63,,,,19.93172,66.0974,12.55373,2.09573,4.94895,1.26461,0.05544,4.84769,11.59088,23.07804,2,3.12208,6.918640382,80.43363721
4004,0,random_negative,none,,cv,FALSE,0,61_59,,,,23.43484,58.0761,17.01081,2.45739,5.17061,1.2291,0.06051,4.04354,13.69126,24.48273,2,1.65699,6.803670964,80.64608839
4005,0,random_negative,none,,cv,FALSE,3,64_60,,,,25.70646,52.92936,20.43004,2.26752,5.21529,1.18085,0.06825,1.82235,14.56019,26.01336,3,0.48443,6.833991256,80.72180673
4006,0,random_negative,none,,cv,FALSE,2,54_65,,,,20.2801,64.4423,13.84384,2.02353,5.08521,1.26561,0.05986,3.36825,12.65482,22.01293,2,2.46069,6.966513132,80.45228655
4007,0,random_negative,none,,cv,FALSE,0,66_66,,,,25.65367,51.75705,21.31914,2.3073,5.30875,1.15743,0.06967,5.5127,15.79234,29.91033,2,1.23267,6.989651016,80.764417
4008,0,random_negative,none,,cv,FALSE,2,64_62,,,,28.36746,49.46313,21.97496,2.2497,5.21486,1.16633,0.06725,0.62223,14.56501,28.07425,1,4.12347,6.893196002,80.70600068
4009,0,random_negative,none,,cv,FALSE,0,69_65,,,,21.42739,56.08579,20.57178,2.08623,5.44103,1.16279,0.06967,11.72058,15.20961,32.08786,3,3.55008,6.971498727,80.85209464
4010,0,random_negative,none,,cv,FALSE,4,67_66,,,,25.57925,51.44259,21.72608,2.27683,5.27936,1.14898,0.06921,6.77082,15.84628,31.12574,1,1.56444,6.984666353,80.78336682
4011,0,random_negative,none,,cv,FALSE,1,65_71,,,,23.39241,55.37326,19.62269,1.52939,5.45594,1.2576,0.0563,7.90585,14.22461,29.54389,3,3.54178,7.131917536,80.75266921
4012,0,random_negative,none,,cv,FALSE,1,55_63,,,,20.2167,64.51026,13.83426,2.06897,5.06653,1.2923,0.05887,3.24723,12.65921,21.55692,2,2.75015,6.919610325,80.46717037
4013,0,random_negative,none,,cv,FALSE,2,67_71,,,,21.47975,58.12506,18.8149,1.48595,5.53881,1.28072,0.05621,9.44333,14.33615,29.37267,3,6.10583,7.122249542,80.80059057
4014,0,random_negative,none,,cv,FALSE,3,67_62,,,,29.01763,46.70685,23.81142,2.17343,5.27455,1.14259,0.07566,0.62551,15.02954,29.07355,2,3.47842,6.898813315,80.78365555
4015,0,random_negative,none,,cv,FALSE,2,60_61,,,,22.97111,59.22889,16.42787,2.29484,5.0669,1.23587,0.06342,3.0873,13.65611,23.23707,2,1.50373,6.864740761,80.60161143
4016,0,random_negative,none,,cv,FALSE,0,57_60,,,,20.67799,63.94312,13.72723,2.61089,5.00085,1.25515,0.05718,4.74471,13.32058,22.31593,3,1.36225,6.842435272,80.53339294
4017,0,random_negative,none,,cv,FALSE,3,60_58,,,,22.2872,60.82498,14.78954,2.41927,5.12601,1.2531,0.05869,4.8914,13.03445,22.26708,3,2.97767,6.787591332,80.59291585
4018,0,random_negative,none,,cv,FALSE,2,58_62,,,,20.47204,63.75516,14.32947,2.19999,5.06522,1.2588,0.05961,3.22503,13.39535,21.22768,3,2.40822,6.892500307,80.54954113
4019,0,random_negative,none,,cv,FALSE,2,65_64,,,,29.31049,47.00554,23.21932,2.29648,5.26083,1.14371,0.06976,1.8992,15.45695,30.4825,1,3.41254,6.931825815,80.75504066
4020,0,random_negative,none,,cv,FALSE,2,61_66,,,,21.88041,59.90199,17.34353,2.29519,5.2132,1.19172,0.06368,1.52317,14.33206,22.09661,2,3.16593,6.997195342,80.62581806
4021,0,random_negative,none,,cv,FALSE,1,63_68,,,,25.24577,53.86702,19.77216,2.20284,5.32659,1.19098,0.06561,3.72787,14.69305,27.46959,4,3.98493,7.037965744,80.68873243
4022,0,random_negative,none,,cv,FALSE,1,65_68,,,,24.42,53.6779,20.7784,2.17205,5.28862,1.20031,0.06414,5.98404,15.30834,29.19224,2,3.76527,7.050415463,80.73532111
4023,0,random_negative,none,,cv,FALSE,0,59_60,,,,21.94236,60.93743,15.49168,2.21033,5.06251,1.24707,0.06231,3.53535,13.3015,21.8904,4,1.53108,6.842253662,80.58587937
4024,0,random_negative,none,,cv,FALSE,4,67_66,,,,24.08013,53.0777,21.35916,2.26062,5.28529,1.15809,0.06778,8.98147,15.68237,31.99037,2,1.56928,7.004062047,80.80738543
4025,0,random_negative,none,,cv,FALSE,4,65_70,,,,23.8443,53.74532,20.4016,1.51182,5.38839,1.25827,0.05886,9.21977,14.1615,30.74665,2,1.25278,7.111070236,80.75241056
4026,0,random_negative,none,,cv,FALSE,2,70_67,,,,17.48499,59.92351,19.69461,2.14601,5.4709,1.19097,0.06557,22.76073,15.3951,38.82395,1,4.16132,7.031518696,80.88763577
4027,0,random_negative,none,,cv,FALSE,2,64_62,,,,27.76727,50.0282,21.80884,2.25896,5.21328,1.16414,0.0684,0.88795,14.56588,27.63841,2,3.07873,6.877804168,80.71855587
4028,0,random_negative,none,,cv,FALSE,4,62_65,,,,26.26457,52.97765,20.21572,2.31157,5.26181,1.16391,0.06588,1.81327,14.81161,26.87044,2,3.07359,6.977787012,80.6706643
4029,0,random_negative,none,,cv,FALSE,2,68_71,,,,21.9061,57.87071,18.71964,1.52556,5.52596,1.27531,0.05602,9.44395,14.52701,29.84319,1,5.44174,7.134271726,80.81176139
4030,0,random_negative,none,,cv,FALSE,2,71_72,,,,15.77222,65.61029,16.91206,1.30559,5.72756,1.3333,0.05611,13.59582,13.8641,28.196,4,6.13784,7.146830694,80.90404843
4031,0,random_negative,none,,cv,FALSE,2,65_69,,,,24.66517,53.62088,20.35505,2.12673,5.32931,1.21208,0.06209,6.52976,14.58031,29.64149,2,3.32486,7.076069671,80.73177718
4032,0,random_negative,none,,cv,FALSE,0,61_59,,,,22.89945,59.23461,16.13659,2.45078,5.17768,1.23987,0.05893,4.40487,13.68651,23.64975,2,0.4026,6.792898599,80.62225055
4033,0,random_negative,none,,cv,FALSE,4,58_61,,,,20.85565,63.07166,14.52194,2.40529,5.07138,1.26048,0.05985,3.98647,13.2516,21.69834,2,1.05684,6.853605089,80.55885596
4034,0,random_negative,none,,cv,FALSE,0,66_61,,,,26.89064,49.11591,23.22636,2.20958,5.25798,1.16576,0.07626,0.28474,14.68954,26.3701,2,1.57012,6.865126496,80.78229941
4035,0,random_negative,none,,cv,FALSE,3,66_63,,,,29.14389,47.02765,23.43438,2.265,5.27548,1.14158,0.07164,0.99449,15.34042,29.43865,2,5.28785,6.90731939,80.75842022
4036,0,random_negative,none,,cv,FALSE,1,68_69,,,,20.86211,57.85802,19.60596,2.06433,5.48391,1.23573,0.06037,10.8967,15.17994,30.30933,3,1.95248,7.087360496,80.82677689
4037,0,random_negative,none,,cv,FALSE,3,68_61,,,,25.94285,50.11548,22.89456,2.20361,5.26612,1.16822,0.07732,1.19455,14.6905,26.32548,1,2.09248,6.861329443,80.81544418
4038,0,random_negative,none,,cv,FALSE,1,57_65,,,,18.44197,66.73738,13.59982,2.1668,5.14282,1.25932,0.06279,1.93576,12.79116,18.80842,2,0.89414,6.976600793,80.51532616
4039,0,random_negative,none,,cv,FALSE,3,72_67,,,,17.04783,60.69407,19.44197,2.14853,5.46247,1.21353,0.06532,21.40631,15.84686,37.10652,2,5.36694,7.027460944,80.9198419
4040,0,random_negative,none,,cv,FALSE,1,57_58,,,,20.46234,64.26971,13.42864,2.38117,5.08345,1.28424,0.05211,6.45104,11.37952,23.54299,1,5.32863,6.775609119,80.53094784
4041,0,random_negative,none,,cv,FALSE,1,56_66,,,,18.66154,66.39464,13.73564,2.15857,5.14738,1.26177,0.06315,1.87638,12.7909,19.01501,3,1.9381,6.982719839,80.5079328
4042,0,random_negative,none,,cv,FALSE,1,71_66,,,,17.56574,60.06684,19.67696,2.05794,5.46105,1.19894,0.06834,18.45373,15.66378,34.76509,1,1.99213,6.992251961,80.9167817
4043,0,random_negative,none,,cv,FALSE,0,63_66,,,,25.62717,53.79531,19.81824,2.28875,5.27736,1.1808,0.06547,2.40272,14.80912,26.71626,3,4.42063,6.989669234,80.67495065
4044,0,random_negative,none,,cv,FALSE,4,67_70,,,,22.41323,55.42325,20.26598,2.04469,5.48563,1.24524,0.05973,9.96637,15.17498,30.37753,2,3.78246,7.095027607,80.78387836
4045,0,random_negative,none,,cv,FALSE,3,64_59,,,,24.7567,54.43895,19.50946,2.28334,5.2107,1.19967,0.06659,3.50048,13.96032,26.48258,3,2.20494,6.792974676,80.7151473
4046,0,random_negative,none,,cv,FALSE,4,62_69,,,,24.4701,55.47486,19.01796,1.50629,5.3558,1.25452,0.06207,3.59595,13.96212,26.90368,2,0.44657,7.082852328,80.67286173
4047,0,random_negative,none,,cv,FALSE,2,61_58,,,,23.11811,58.60891,16.6904,2.45732,5.17995,1.24204,0.05968,4.50768,13.68952,24.5823,2,2.55869,6.783793303,80.64194006
4048,0,random_negative,none,,cv,FALSE,3,61_68,,,,24.41435,56.05828,18.43232,2.20955,5.29682,1.21334,0.06692,2.31026,14.61136,25.27571,1,4.87812,7.049901032,80.63771774
4049,0,random_negative,none,,cv,FALSE,0,66_75,,,,26.55759,55.99815,15.7946,1.17574,5.63279,1.30392,0.05287,6.65672,13.69155,32.15155,2,2.0613,7.247195983,80.76154559
4050,0,random_negative,none,,cv,FALSE,2,57_61,,,,20.59982,64.03415,13.78758,2.19443,5.03753,1.24778,0.05843,3.7288,13.38992,21.67569,3,0.53989,6.870134599,80.52301979
4051,0,random_negative,none,,cv,FALSE,1,60_63,,,,22.13587,60.41122,16.52307,2.23713,5.08355,1.23237,0.06287,1.88627,14.12955,22.18387,2,2.06701,6.907909231,80.605735
4052,0,random_negative,none,,cv,FALSE,0,60_67,,,,21.61208,60.36926,17.04755,2.26777,5.22682,1.20353,0.06379,1.51995,14.32826,21.8127,3,3.65251,7.015685795,80.61761401
4053,0,random_negative,none,,cv,FALSE,0,67_75,,,,23.15988,60.97512,14.87191,0.95069,5.81734,1.37852,0.05217,5.46274,12.46853,27.85455,,0.57222,7.245751841,80.78295879
4054,0,random_negative,none,,cv,FALSE,1,66_68,,,,23.77803,53.87485,20.98336,2.1824,5.2728,1.19375,0.06466,8.17772,15.31498,30.60233,2,5.42431,7.050250901,80.77460435
4055,0,random_negative,none,,cv,FALSE,1,68_72,,,,20.86991,59.917,17.76962,1.29725,5.67269,1.31141,0.05523,9.19944,13.58965,28.70561,3,2.55318,7.170001659,80.80998755
4056,0,random_negative,none,,cv,FALSE,2,59_61,,,,21.33386,61.81475,15.36473,2.18463,5.12948,1.25195,0.06155,2.85583,14.10776,21.17335,3,0.52211,6.858144087,80.57850489
4057,0,random_negative,none,,cv,FALSE,2,66_60,,,,26.1289,49.84677,23.12329,2.24424,5.23303,1.17243,0.07621,-0.01918,14.09036,25.22615,2,3.5844,6.821133032,80.78184203
4058,0,random_negative,none,,cv,FALSE,3,64_68,,,,24.55216,53.89422,20.56803,2.16705,5.29752,1.20354,0.06389,4.94932,15.30506,28.41368,2,2.88301,7.045974366,80.71774932
4059,0,random_negative,none,,cv,FALSE,2,70_72,,,,16.92379,64.22079,17.25094,1.30549,5.72112,1.32846,0.05568,12.44019,13.8687,28.12328,3,5.04045,7.158046259,80.87126274
4060,0,random_negative,none,,cv,FALSE,2,56_59,,,,21.24643,63.46776,13.69047,2.63556,4.99063,1.27493,0.05112,5.20841,11.65499,23.4879,2,3.60728,6.806734157,80.50880199
4061,0,random_negative,none,,cv,FALSE,1,72_68,,,,16.89113,62.62784,18.13708,2.02749,5.54527,1.24836,0.06272,16.25704,15.51543,31.91845,2,8.80027,7.058473686,80.94324691
4062,0,random_negative,none,,cv,FALSE,0,61_61,,,,23.9239,57.46097,17.50499,2.26296,5.17809,1.22143,0.06203,2.44639,14.24572,24.02283,3,0.99059,6.872613578,80.62142664
4063,0,random_negative,none,,cv,FALSE,0,72_70,,,,16.81124,63.62009,17.20684,1.9625,5.61034,1.28239,0.06175,15.40879,14.52122,30.89767,3,11.18727,7.099055282,80.93671449
4064,0,random_negative,none,,cv,FALSE,1,56_66,,,,19.2528,65.66554,13.87663,2.14636,5.14136,1.28765,0.06363,1.91497,12.78936,19.6661,3,2.47842,6.989208843,80.49940586
4065,0,random_negative,none,,cv,FALSE,4,58_61,,,,20.58662,63.57827,14.2801,2.40033,5.06759,1.26616,0.05939,4.11565,13.24906,21.64641,2,0.10041,6.849450186,80.55072309
4066,0,random_negative,none,,cv,FALSE,1,60_65,,,,19.69478,63.35779,16.01563,2.29897,5.20771,1.19454,0.06244,1.399,14.32778,19.73924,2,1.28628,6.977606972,80.60163716
4067,0,random_negative,none,,cv,FALSE,3,64_66,,,,25.71358,52.61302,20.84979,2.27064,5.27035,1.17533,0.06806,3.31857,15.42556,27.85246,1,1.87792,7.003097686,80.71835226
4068,0,random_negative,none,,cv,FALSE,4,59_58,,,,21.70216,62.02941,14.12987,2.40855,5.11872,1.26253,0.05718,5.2163,13.02746,22.0351,1,5.53247,6.786747937,80.56709949
4069,0,random_negative,none,,cv,FALSE,3,64_61,,,,26.46433,51.8283,20.9741,2.26618,5.21327,1.1703,0.06854,1.39902,14.56262,26.53032,2,0.37448,6.853264325,80.72090207
4070,0,random_negative,none,,cv,FALSE,3,65_58,,,,23.94449,54.98656,19.6437,2.24788,5.30794,1.20285,0.06796,4.18445,14.57879,26.45218,2,4.30186,6.777806766,80.73885614
4071,0,random_negative,none,,cv,FALSE,2,65_64,,,,27.70698,49.38393,22.21099,2.35425,5.27984,1.14173,0.07076,2.72781,15.79226,29.47746,1,2.54387,6.951648509,80.74922707
4072,0,random_negative,none,,cv,FALSE,0,67_75,,,,23.15988,60.97512,14.87191,0.95069,5.81734,1.37852,0.05217,5.46274,12.46853,27.85455,,0.78616,7.243590098,80.78307919
4073,0,random_negative,none,,cv,FALSE,0,63_60,,,,24.76595,55.11141,18.98267,2.24463,5.21881,1.19415,0.06444,2.46495,14.55185,25.12148,3,2.50275,6.823714563,80.67775235
4074,0,random_negative,none,,cv,FALSE,3,59_64,,,,16.67616,68.38617,13.77337,2.28391,5.13526,1.22014,0.063,2.0231,13.41847,17.13614,2,3.11495,6.946269723,80.58201473
4075,0,random_negative,none,,cv,FALSE,0,61_65,,,,21.86887,59.99451,17.34843,2.31584,5.20016,1.1836,0.0634,1.36333,14.33348,21.91786,2,2.8506,6.978700049,80.62216933
4076,0,random_negative,none,,cv,FALSE,1,70_68,,,,18.99436,59.41279,19.24099,2.12493,5.49557,1.20179,0.06358,16.77963,15.39028,34.39874,2,3.24505,7.052227237,80.8691783
4077,0,random_negative,none,,cv,FALSE,0,68_60,,,,25.94165,49.54301,23.53042,2.2429,5.23252,1.16899,0.07783,-0.17476,14.09295,25.04312,1,3.70746,6.83472281,80.81291784
4078,0,random_negative,none,,cv,FALSE,1,66_74,,,,21.30236,61.04059,16.34868,1.0618,5.78616,1.33968,0.05427,6.81816,13.63362,27.01331,2,3.32709,7.219922782,80.78077134
4079,0,random_negative,none,,cv,FALSE,0,66_66,,,,24.15436,53.35084,21.32482,2.29151,5.27428,1.16772,0.06648,6.94729,15.65571,29.76159,2,0.83615,7.008752288,80.77453842
4080,0,random_negative,none,,cv,FALSE,0,61_61,,,,23.9239,57.46097,17.50499,2.26296,5.17809,1.22143,0.06203,2.44639,14.24572,24.02283,1,0.26667,6.868148817,80.62845354
4081,0,random_negative,none,,cv,FALSE,1,63_59,,,,24.79879,55.05374,18.90261,2.3646,5.13664,1.20504,0.0644,3.31806,14.0175,25.93457,2,2.88278,6.810683439,80.683754
4082,0,random_negative,none,,cv,FALSE,4,62_65,,,,24.20063,56.17354,18.99143,2.2337,5.18917,1.18707,0.0662,1.18004,14.58743,24.17655,2,2.90002,6.971269234,80.65464568
4083,0,random_negative,none,,cv,FALSE,0,65_60,,,,26.39025,50.54404,22.23615,2.20423,5.26391,1.16991,0.07386,0.77319,14.68471,26.05848,2,0.97546,6.841952241,80.75361434
4084,0,random_negative,none,,cv,FALSE,1,68_65,,,,24.93218,51.77291,21.79667,2.22895,5.3165,1.13585,0.07431,6.98302,15.61552,30.82906,2,1.49659,6.956637699,80.82215003
4085,0,random_negative,none,,cv,FALSE,2,69_73,,,,17.12081,64.94932,16.72215,1.24036,5.79708,1.34914,0.05258,11.93668,13.51466,27.94719,,3.75482,7.19162839,80.86280932
4086,0,random_negative,none,,cv,FALSE,3,65_59,,,,25.16251,53.36406,20.28349,2.29711,5.20463,1.18778,0.06897,2.92328,13.96492,26.57332,2,3.07995,6.808050298,80.73715413
4087,0,random_negative,none,,cv,FALSE,1,71_71,,,,15.57568,65.71875,16.92564,1.30912,5.7183,1.33111,0.0567,14.00979,13.86476,28.41444,2,7.56296,7.131727361,80.9159499
4088,0,random_negative,none,,cv,FALSE,1,58_58,,,,20.92038,63.84272,13.40606,2.47083,5.11242,1.28197,0.0544,6.61871,11.7893,23.95581,3,5.76132,6.779888081,80.54462928
4089,0,random_negative,none,,cv,FALSE,1,57_58,,,,20.77968,64.36818,13.12222,2.37995,5.08099,1.28283,0.05251,5.55427,11.37969,22.9236,1,4.78223,6.787239273,80.52717518
4090,0,random_negative,none,,cv,FALSE,2,69_66,,,,21.54622,55.81065,20.58794,2.1343,5.38572,1.16698,0.06899,13.41469,15.38286,33.81466,1,3.74857,6.996115571,80.8490084
4091,0,random_negative,none,,cv,FALSE,0,57_60,,,,21.20552,63.29966,13.8775,2.61683,5.00564,1.27121,0.05634,5.45517,12.25224,23.71065,1,0.68876,6.832634538,80.52562071
4092,0,random_negative,none,,cv,FALSE,0,63_60,,,,24.76595,55.11141,18.98267,2.24463,5.21881,1.19415,0.06444,2.46495,14.55185,25.12148,3,2.73604,6.828114621,80.6774173
4093,0,random_negative,none,,cv,FALSE,0,61_65,,,,22.6517,58.69883,17.87173,2.31367,5.2034,1.18257,0.06396,1.48346,14.33552,22.85175,2,4.45946,6.980840038,80.63799657
4094,0,random_negative,none,,cv,FALSE,1,63_59,,,,24.96685,54.62908,19.19956,2.27648,5.19088,1.20125,0.06505,3.22549,13.95709,26.16123,2,3.34386,6.81721944,80.68774446
4095,0,random_negative,none,,cv,FALSE,2,62_59,,,,24.08393,56.46159,18.11393,2.35443,5.13752,1.20618,0.0629,2.88001,14.01378,24.4121,1,0.34076,6.809975386,80.65798657
4096,0,random_negative,none,,cv,FALSE,0,72_70,,,,16.25105,64.26355,17.54633,1.95501,5.61397,1.28281,0.06115,14.19403,14.52154,29.24908,1,9.89735,7.11050831,80.92139178
4097,0,random_negative,none,,cv,FALSE,2,64_57,,,,23.66888,55.62055,19.21435,2.23783,5.31748,1.22356,0.06653,4.59903,14.57629,26.46668,1,3.315,6.763774874,80.72521764
4098,0,random_negative,none,,cv,FALSE,2,72_73,,,,13.51358,69.54941,15.25525,0.98424,5.84607,1.38921,0.05555,13.90144,13.48893,26.28435,2,2.97087,7.174303071,80.93784826
4099,0,random_negative,none,,cv,FALSE,0,69_65,,,,22.49765,55.01713,20.60065,2.14008,5.45143,1.15729,0.0727,9.57265,15.32441,30.84089,1,2.20985,6.963149307,80.83878798
4100,0,random_negative,none,,cv,FALSE,2,60_61,,,,22.97111,59.22889,16.42787,2.29484,5.0669,1.23587,0.06342,3.0873,13.65611,23.23707,2,2.03335,6.861511916,80.6085486
4101,0,random_negative,none,,cv,FALSE,0,63_70,,,,24.31084,55.19719,19.2534,1.50715,5.36625,1.25342,0.06087,4.83198,13.96722,27.76784,2,3.13229,7.10051521,80.69955199
4102,0,random_negative,none,,cv,FALSE,4,67_70,,,,22.53132,55.78422,19.81817,1.49265,5.49282,1.27539,0.05778,9.97567,14.33553,30.52788,3,3.92198,7.106046127,80.78498588
4103,0,random_negative,none,,cv,FALSE,3,54_66,,,,20.35971,64.12559,14.06157,1.49304,5.12824,1.27296,0.0588,4.18209,12.29702,22.97084,2,2.95141,6.98294417,80.44345133
4104,0,random_negative,none,,cv,FALSE,3,64_68,,,,24.9371,53.48006,20.44538,2.1499,5.30926,1.20287,0.06287,5.73035,14.5809,29.34924,2,4.47309,7.061029188,80.71576277
4105,0,random_negative,none,,cv,FALSE,0,73_71,,,,15.02914,66.53119,16.57215,1.17569,5.73631,1.33574,0.05814,14.49155,13.76373,28.37415,3,8.14634,7.126387228,80.94714778
4106,0,random_negative,none,,cv,FALSE,2,70_72,,,,15.01318,67.20124,16.10577,0.99077,5.80057,1.37265,0.05625,13.4965,13.50142,27.26128,3,6.01694,7.158372655,80.88491605
4107,0,random_negative,none,,cv,FALSE,0,66_66,,,,25.65367,51.75705,21.31914,2.3073,5.30875,1.15743,0.06967,5.5127,15.79234,29.91033,2,1.45864,6.991441711,80.76343071
4108,0,random_negative,none,,cv,FALSE,0,65_60,,,,26.28859,51.30491,21.57262,2.28512,5.21432,1.16587,0.07155,1.13772,14.56672,26.26334,2,1.13007,6.842409705,80.74315341
4109,0,random_negative,none,,cv,FALSE,0,64_70,,,,24.5575,54.15459,19.92108,2.09842,5.36224,1.22373,0.06126,5.82532,14.5762,28.83279,2,3.05932,7.096442658,80.72253421
4110,0,random_negative,none,,cv,FALSE,1,68_66,,,,24.13154,52.9104,21.33104,2.26673,5.28038,1.15182,0.06939,9.47479,15.84994,32.26796,2,2.23664,6.989382093,80.81421258
4111,0,random_negative,none,,cv,FALSE,3,64_60,,,,25.2506,53.82907,19.87639,2.26144,5.21686,1.18864,0.06704,2.17846,14.55717,25.72157,2,1.86526,6.822161243,80.7050567
4112,0,random_negative,none,,cv,FALSE,3,60_66,,,,20.91145,61.45698,16.74077,2.29729,5.21008,1.19296,0.06307,1.43254,14.32994,21.01846,2,2.29201,6.985965135,80.61897812
4113,0,random_negative,none,,cv,FALSE,2,63_58,,,,23.74994,56.72782,17.92801,2.25388,5.22945,1.25079,0.06181,4.63705,13.95057,26.01407,2,2.70491,6.769092162,80.67809713
4114,0,random_negative,none,,cv,FALSE,3,57_64,,,,18.2603,67.08215,13.31972,2.256,5.09105,1.27851,0.06226,2.63761,13.40536,19.02807,2,1.62582,6.935297612,80.5199651
4115,0,random_negative,none,,cv,FALSE,0,61_57,,,,22.66939,59.47932,16.1507,2.45343,5.18879,1.26681,0.05804,5.0297,13.68584,24.53045,1,3.42659,6.763738582,80.63571916
4116,0,random_negative,none,,cv,FALSE,3,64_61,,,,26.68887,51.97011,20.73022,2.25249,5.21458,1.17565,0.06661,1.3081,14.56,26.60463,2,2.3948,6.862614975,80.70238695
4117,0,random_negative,none,,cv,FALSE,4,59_58,,,,21.97304,61.58833,14.18334,2.41209,5.1225,1.25947,0.05776,5.06027,13.02984,21.6975,2,5.05772,6.785403962,80.57422399
4118,0,random_negative,none,,cv,FALSE,2,72_73,,,,13.43753,69.79969,15.14712,0.98237,5.85842,1.39304,0.05501,13.71135,13.4865,26.04282,2,2.186,7.181736531,80.93757439
4119,0,random_negative,none,,cv,FALSE,0,61_62,,,,24.32234,56.5511,18.35894,2.2205,5.20112,1.21184,0.06317,1.23943,14.76952,23.72697,2,1.95738,6.890857551,80.63601146
4120,0,random_negative,none,,cv,FALSE,2,64_58,,,,23.90478,55.21912,19.44335,2.24509,5.30477,1.20562,0.06718,4.259,14.57716,26.39219,1,2.82884,6.781068866,80.72556969
4121,0,random_negative,none,,cv,FALSE,3,64_66,,,,26.41563,51.70311,21.26188,2.29665,5.25132,1.15404,0.06871,2.63694,15.42755,27.99755,2,3.81347,6.985813744,80.71546023
4122,0,random_negative,none,,cv,FALSE,2,59_61,,,,21.51546,61.38119,15.7558,2.18609,5.13541,1.24432,0.06197,2.5996,14.11029,21.3869,2,1.66237,6.867363902,80.59082098
4123,0,random_negative,none,,cv,FALSE,1,60_63,,,,22.13587,60.41122,16.52307,2.23713,5.08355,1.23237,0.06287,1.88627,14.12955,22.18387,3,2.52721,6.904924242,80.60281204
4124,0,random_negative,none,,cv,FALSE,4,70_70,,,,17.54582,62.92961,17.79133,1.49542,5.6112,1.29487,0.05621,13.52947,14.41209,29.87591,2,7.79831,7.111158095,80.88810004
4125,0,random_negative,none,,cv,FALSE,4,59_65,,,,16.45416,68.4999,13.92214,2.27221,5.14994,1.22367,0.06329,1.92101,13.41946,17.00532,2,2.88516,6.964465689,80.58897701
4126,0,random_negative,none,,cv,FALSE,0,66_73,,,,22.65279,58.0047,18.02919,1.52726,5.628,1.28332,0.05336,6.5174,14.58359,27.86571,2,5.80794,7.18531153,80.77875753
4127,0,random_negative,none,,cv,FALSE,1,55_63,,,,20.18177,64.43037,13.95618,2.075,5.07557,1.2904,0.05918,3.10816,12.66065,21.34617,2,2.30938,6.917544506,80.4711323
4128,0,random_negative,none,,cv,FALSE,2,56_60,,,,20.91897,63.78073,13.74148,2.60572,4.99962,1.25922,0.0562,5.45612,12.25016,23.68082,2,2.64743,6.837928968,80.50869211
4129,0,random_negative,none,,cv,FALSE,1,66_68,,,,24.31252,53.49489,21.03017,2.19045,5.2691,1.19119,0.06492,6.7683,15.31286,29.88148,2,5.01129,7.044725977,80.76153775
4130,0,random_negative,none,,cv,FALSE,0,62_61,,,,25.4746,54.42345,19.31492,2.22842,5.22264,1.19424,0.06314,1.67821,14.55191,25.26703,2,2.40897,6.865110807,80.6659119
4131,0,random_negative,none,,cv,FALSE,0,66_75,,,,26.55759,55.99815,15.7946,1.17574,5.63279,1.30392,0.05287,6.65672,13.69155,32.15155,,2.15835,7.24783112,80.76057531
4132,0,random_negative,none,,cv,FALSE,4,62_65,,,,23.75323,57.01651,18.61806,2.23703,5.18546,1.18695,0.06564,0.98096,14.58529,23.50142,2,2.96849,6.964167909,80.64718105
4133,0,random_negative,none,,cv,FALSE,3,64_69,,,,24.87112,53.80461,20.18465,2.13303,5.32627,1.21042,0.06245,5.30105,14.57775,28.8518,2,3.21807,7.065223918,80.70509676
4134,0,random_negative,none,,cv,FALSE,2,65_64,,,,28.42321,48.45002,22.71257,2.24118,5.31565,1.15578,0.07125,1.61168,15.60467,29.20779,1,4.20035,6.932746433,80.73791225
4135,0,random_negative,none,,cv,FALSE,1,71_71,,,,15.93139,64.99501,17.23083,1.31546,5.6949,1.32374,0.05748,14.26712,13.86894,28.98564,2,8.12348,7.127068455,80.91118371
4136,0,random_negative,none,,cv,FALSE,4,60_59,,,,23.03944,59.33023,15.66178,2.28227,5.10074,1.24227,0.06136,4.2328,13.42986,22.88193,2,3.1009,6.813105333,80.60342291
4137,0,random_negative,none,,cv,FALSE,4,67_60,,,,26.1289,49.84677,23.12329,2.24424,5.23303,1.17243,0.07621,-0.01918,14.09036,25.22615,1,3.05121,6.821186447,80.7882779
4138,0,random_negative,none,,cv,FALSE,3,70_66,,,,19.33759,58.17067,20.095,2.05388,5.40819,1.18403,0.0696,15.73375,15.18639,33.87902,2,2.37379,6.982970766,80.8828813
4139,0,random_negative,none,,cv,FALSE,1,68_68,,,,20.81198,57.46539,19.71756,2.138,5.46911,1.19592,0.06395,12.90821,15.38853,32.35997,1,2.56471,7.037111422,80.82790342
4140,0,random_negative,none,,cv,FALSE,2,56_63,,,,20.45905,64.07007,14.10212,2.0715,5.05122,1.2567,0.05776,2.58239,12.63669,21.07731,2,1.38439,6.913649783,80.50454976
4141,0,random_negative,none,,cv,FALSE,0,62_61,,,,24.7229,55.64573,18.63156,2.22458,5.22438,1.20943,0.0624,2.06089,14.54898,24.56709,2,2.98104,6.85335675,80.65411062
4142,0,random_negative,none,,cv,FALSE,2,71_72,,,,14.07877,68.6933,15.58741,0.98634,5.83124,1.38376,0.0556,13.73785,13.49313,26.65462,2,3.47195,7.169250703,80.91364717
4143,0,random_negative,none,,cv,FALSE,0,67_64,,,,26.62692,49.74299,22.52632,2.24313,5.30911,1.13035,0.07429,4.75077,15.61325,30.45748,1,1.07489,6.945530307,80.80651112
4144,0,random_negative,none,,cv,FALSE,2,56_63,,,,20.58853,64.0108,14.02293,2.06595,5.04116,1.28629,0.05756,2.68951,12.63529,21.33765,2,0.1,6.918068663,80.49290876
4145,0,random_negative,none,,cv,FALSE,3,63_61,,,,26.68887,51.97011,20.73022,2.25249,5.21458,1.17565,0.06661,1.3081,14.56,26.60463,2,2.75783,6.858981829,80.69672105
4146,0,random_negative,none,,cv,FALSE,2,65_67,,,,24.23524,53.82277,20.82675,2.25446,5.32109,1.18875,0.06399,5.60284,15.6477,28.39375,2,2.20147,7.029982888,80.73724026
4147,0,random_negative,none,,cv,FALSE,3,60_66,,,,20.60207,61.97569,16.43814,2.27014,5.22294,1.20471,0.06315,1.44776,14.32613,20.72695,3,1.37322,6.998802538,80.60577644
4148,0,random_negative,none,,cv,FALSE,1,67_68,,,,22.08761,55.85072,20.56201,2.12532,5.39912,1.20772,0.06418,9.76292,15.18499,30.60099,1,3.36366,7.043196467,80.8056043
4149,0,random_negative,none,,cv,FALSE,0,69_65,,,,21.42739,56.08579,20.57178,2.08623,5.44103,1.16279,0.06967,11.72058,15.20961,32.08786,3,3.92539,6.971789935,80.85548124
4150,0,random_negative,none,,cv,FALSE,4,66_69,,,,23.80171,53.63593,20.87103,2.13991,5.31033,1.21339,0.06286,8.82163,15.30947,30.77548,3,3.2702,7.077589614,80.76931624
4151,0,random_negative,none,,cv,FALSE,2,64_62,,,,27.82201,50.43233,21.44918,2.24739,5.21494,1.17145,0.06644,0.77669,14.56211,27.50355,2,3.78576,6.880596659,80.70463191
4152,0,random_negative,none,,cv,FALSE,0,63_60,,,,25.41041,54.16718,19.49655,2.24354,5.21797,1.18766,0.06475,1.97161,14.55399,25.49422,2,3.84941,6.8387827,80.68123587
4153,0,random_negative,none,,cv,FALSE,3,64_65,,,,27.28416,50.66552,21.50527,2.32535,5.30906,1.14552,0.06779,2.04097,15.78513,28.32332,2,3.72254,6.960767148,80.71367101
4154,0,random_negative,none,,cv,FALSE,0,67_59,,,,25.66061,50.82706,22.46525,2.23685,5.24571,1.18015,0.07535,0.92586,14.08864,25.57995,1,2.75172,6.818319174,80.78928263
4155,0,random_negative,none,,cv,FALSE,3,70_66,,,,18.26717,59.03696,20.02216,2.03962,5.42137,1.18954,0.06893,18.95098,15.18614,35.9423,1,2.68675,6.989999251,80.88619166
4156,0,random_negative,none,,cv,FALSE,2,70_72,,,,16.60061,64.64917,17.14214,1.30443,5.72578,1.33068,0.05562,12.71596,13.86702,28.10155,3,5.68877,7.157340513,80.87748397
4157,0,random_negative,none,,cv,FALSE,2,61_66,,,,21.88041,59.90199,17.34353,2.29519,5.2132,1.19172,0.06368,1.52317,14.33206,22.09661,2,3.31406,6.993876098,80.62798651
4158,0,random_negative,none,,cv,FALSE,0,62_60,,,,24.2522,56.34704,18.1771,2.22752,5.22314,1.21458,0.0623,2.52018,14.54726,24.24703,2,2.26247,6.831675003,80.64930713
4159,0,random_negative,none,,cv,FALSE,3,64_69,,,,24.66517,53.62088,20.35505,2.12673,5.32931,1.21208,0.06209,6.52976,14.58031,29.64149,2,3.81793,7.074698582,80.72648291
4160,0,random_negative,none,,cv,FALSE,3,62_63,,,,28.14967,50.87825,21.10301,2.22479,5.19972,1.18525,0.06488,-0.17376,14.77792,27.15282,1,1.16847,6.91944525,80.65949685
4161,0,random_negative,none,,cv,FALSE,3,64_67,,,,25.11898,53.74479,20.2207,2.23795,5.30013,1.18714,0.06682,3.17643,15.42006,27.03317,1,1.87731,7.0237107,80.70341855
4162,0,random_negative,none,,cv,FALSE,0,61_61,,,,24.08506,56.79729,18.15611,2.20804,5.23303,1.2161,0.06083,1.93303,14.54615,23.82812,1,0.24965,6.872224929,80.63038315
4163,0,random_negative,none,,cv,FALSE,4,67_73,,,,22.50388,57.88047,18.29725,1.53249,5.61086,1.28102,0.05344,7.4878,14.58487,28.64483,2,4.86537,7.17399997,80.78733015
4164,0,random_negative,none,,cv,FALSE,2,59_62,,,,21.12618,62.32982,15.28474,2.22938,5.06985,1.24622,0.06159,2.51917,14.12188,21.29437,2,0.92811,6.887907777,80.57718575
4165,0,random_negative,none,,cv,FALSE,1,70_71,,,,16.76531,64.01817,17.45708,1.31407,5.69365,1.32168,0.05701,13.35028,13.87146,28.84503,4,6.68776,7.138616374,80.87559216
4166,0,random_negative,none,,cv,FALSE,2,70_72,,,,14.97538,67.43537,16.00085,0.98913,5.81313,1.37613,0.05564,13.22383,13.49924,26.98649,,4.66635,7.170915139,80.88938731
4167,0,random_negative,none,,cv,FALSE,0,66_73,,,,21.72487,59.44564,17.40407,1.34666,5.69788,1.3098,0.05435,6.86555,13.88259,27.29808,2,5.64599,7.19153127,80.78133202
4168,0,random_negative,none,,cv,FALSE,0,60_64,,,,20.7807,62.12273,16.18024,2.21653,5.12416,1.20692,0.06559,1.49464,13.6737,20.66762,1,1.32508,6.941030554,80.60967004
4169,0,random_negative,none,,cv,FALSE,4,62_65,,,,25.05748,54.699,19.62947,2.30956,5.2367,1.17304,0.06794,1.61019,15.3464,25.50813,4,3.32874,6.979887545,80.66640741
4170,0,random_negative,none,,cv,FALSE,3,64_65,,,,26.71678,51.69568,21.16384,2.30015,5.25342,1.15945,0.06808,1.75542,15.42489,27.48352,2,4.19679,6.969691448,80.70246943
4171,0,random_negative,none,,cv,FALSE,2,65_64,,,,28.42321,48.45002,22.71257,2.24118,5.31565,1.15578,0.07125,1.61168,15.60467,29.20779,2,4.15759,6.937692711,80.74268782
4172,0,random_negative,none,,cv,FALSE,4,64_63,,,,29.2344,47.78932,22.85389,2.24055,5.29194,1.15315,0.06817,0.85061,15.33657,29.35392,2,2.90396,6.91363986,80.72055671
4173,0,random_negative,none,,cv,FALSE,4,66_62,,,,28.26527,47.97005,23.11727,2.25218,5.24304,1.14424,0.07361,1.16403,14.85143,28.64506,1,2.71332,6.883613362,80.77580021
4174,0,random_negative,none,,cv,FALSE,0,59_60,,,,21.94236,60.93743,15.49168,2.21033,5.06251,1.24707,0.06231,3.53535,13.3015,21.8904,3,1.42789,6.842379118,80.58477566
4175,0,random_negative,none,,cv,FALSE,2,70_72,,,,16.37316,64.76108,17.17562,1.30807,5.71523,1.32846,0.05625,13.24792,13.86757,28.40299,2,6.60272,7.148642359,80.88950645
4176,0,random_negative,none,,cv,FALSE,0,56_64,,,,19.72739,64.81467,14.06301,2.07044,5.1049,1.24779,0.05994,2.79466,12.66205,20.67165,2,1.72758,6.933550418,80.49510159
4177,0,random_negative,none,,cv,FALSE,1,60_68,,,,24.13259,56.79574,18.17083,1.49912,5.41489,1.24929,0.06529,0.45027,13.45426,23.18767,2,4.88205,7.055628278,80.61684955
4178,0,random_negative,none,,cv,FALSE,4,60_59,,,,23.21381,58.91938,15.95758,2.28704,5.10515,1.24082,0.06158,4.32747,13.43208,23.43602,2,1.74141,6.806003661,80.61884534
4179,0,random_negative,none,,cv,FALSE,4,66_71,,,,22.84628,56.61651,18.86903,1.45333,5.55469,1.28285,0.05543,8.03994,13.60734,29.1036,2,4.02461,7.130048178,80.7705584
4180,0,random_negative,none,,cv,FALSE,3,61_68,,,,24.10011,56.65901,18.1471,1.57335,5.3548,1.21718,0.06561,2.16959,14.07381,24.80771,,4.79173,7.057872981,80.63270536
4181,0,random_negative,none,,cv,FALSE,3,67_61,,,,26.36742,49.53296,23.18094,2.20782,5.2619,1.16618,0.07719,0.6339,14.69038,26.22405,1,1.43206,6.857494919,80.80085852
4182,0,random_negative,none,,cv,FALSE,0,67_64,,,,28.02587,47.96839,23.20983,2.25607,5.30307,1.12529,0.07452,3.13747,15.6121,30.407,1,2.14505,6.932395444,80.79691854
4183,0,random_negative,none,,cv,FALSE,4,58_61,,,,20.90556,63.33526,14.20124,2.20753,5.04917,1.26152,0.05907,3.53162,13.39463,21.66351,3,0.88681,6.872490653,80.53856968
4184,0,random_negative,none,,cv,FALSE,1,63_59,,,,24.57932,55.07101,19.01153,2.2745,5.20808,1.20643,0.06496,3.68154,13.95693,26.24487,4,1.81675,6.796398299,80.70100998
4185,0,random_negative,none,,cv,FALSE,0,61_62,,,,24.32234,56.5511,18.35894,2.2205,5.20112,1.21184,0.06317,1.23943,14.76952,23.72697,2,2.16645,6.890635824,80.63353651
4186,0,random_negative,none,,cv,FALSE,1,67_67,,,,23.54609,53.78101,21.06616,2.23486,5.3042,1.16919,0.0664,9.77249,15.68039,32.1076,4,2.52634,7.023320188,80.80179021
4187,0,random_negative,none,,cv,FALSE,3,64_65,,,,27.31113,50.44638,21.63654,2.32966,5.3033,1.14281,0.0684,2.31184,15.78677,28.61454,2,4.18274,6.962054646,80.72009607
4188,0,random_negative,none,,cv,FALSE,0,57_60,,,,21.20552,63.29966,13.8775,2.61683,5.00564,1.27121,0.05634,5.45517,12.25224,23.71065,1,0.66811,6.830732356,80.52536213
4189,0,random_negative,none,,cv,FALSE,0,66_61,,,,27.92042,48.58974,22.8173,2.25362,5.24494,1.14107,0.07322,1.09135,14.8496,28.12983,4,2.80728,6.866866748,80.77056579
4190,0,random_negative,none,,cv,FALSE,1,57_62,,,,20.47202,64.05925,13.93963,2.19391,5.0489,1.26022,0.05889,3.53523,13.3914,21.4395,2,1.32078,6.883256949,80.53511837
4191,0,random_negative,none,,cv,FALSE,2,61_66,,,,21.88041,59.90199,17.34353,2.29519,5.2132,1.19172,0.06368,1.52317,14.33206,22.09661,4,2.46966,6.993652073,80.62024295
4192,0,random_negative,none,,cv,FALSE,1,67_68,,,,22.29405,55.68369,20.50967,2.11075,5.41179,1.21463,0.06333,9.35489,15.18259,30.29974,1,3.29439,7.049868872,80.79801729
4193,0,random_negative,none,,cv,FALSE,3,60_66,,,,20.91145,61.45698,16.74077,2.29729,5.21008,1.19296,0.06307,1.43254,14.32994,21.01846,3,1.53941,6.988283357,80.6123508
4194,0,random_negative,none,,cv,FALSE,1,65_62,,,,28.44716,48.17393,22.90623,2.2712,5.27376,1.14464,0.07145,0.94123,15.33717,28.5332,4,4.36934,6.889300477,80.74590626
4195,0,random_negative,none,,cv,FALSE,1,67_67,,,,23.33944,54.06302,20.93786,2.22215,5.31421,1.17482,0.06571,10.06014,15.67934,32.11715,2,3.90707,7.034996981,80.80621992
4196,0,random_negative,none,,cv,FALSE,3,60_58,,,,22.2872,60.82498,14.78954,2.41927,5.12601,1.2531,0.05869,4.8914,13.03445,22.26708,2,2.15733,6.784257861,80.60115589
4197,0,random_negative,none,,cv,FALSE,1,58_58,,,,20.92979,63.80444,13.41899,2.46924,5.10964,1.28262,0.05475,6.42786,11.78933,23.67219,3,4.54734,6.790404718,80.54144483
4198,0,random_negative,none,,cv,FALSE,2,56_63,,,,20.60088,63.76338,14.26056,2.08452,5.05522,1.25357,0.05768,2.54354,12.63891,21.06329,2,1.36574,6.906946167,80.50911877
4199,0,random_negative,none,,cv,FALSE,2,67_71,,,,21.47975,58.12506,18.8149,1.48595,5.53881,1.28072,0.05621,9.44333,14.33615,29.37267,3,6.37078,7.125298168,80.80181775
4200,0,random_negative,none,,cv,FALSE,3,60_60,,,,23.34697,58.58636,16.46271,2.28648,5.09462,1.23577,0.062,3.83575,13.4326,23.74434,1,4.26544,6.830049406,80.61139777
4201,0,random_negative,none,,cv,FALSE,1,68_64,,,,24.44076,52.47713,21.5518,2.17968,5.33946,1.12974,0.0749,6.55944,15.46527,29.93735,1,1.29132,6.936927632,80.82760877
4202,0,random_negative,none,,cv,FALSE,4,60_59,,,,23.04185,59.25548,15.86599,2.2819,5.0971,1.24201,0.06147,4.09149,13.42996,23.09352,2,3.5185,6.818926855,80.60586547
4203,0,random_negative,none,,cv,FALSE,2,71_72,,,,14.66914,67.85294,15.87454,0.98825,5.81855,1.3786,0.05562,13.43348,13.49723,26.90752,,4.03574,7.169525134,80.89989458
4204,0,random_negative,none,,cv,FALSE,1,65_76,,,,27.27611,54.60398,16.60029,1.03865,5.69763,1.33796,0.05276,5.97598,12.7747,32.40489,,2.07201,7.274653241,80.75182305
4205,0,random_negative,none,,cv,FALSE,0,56_64,,,,19.81183,64.77433,14.01731,2.04779,5.10731,1.25649,0.06014,2.89845,12.65934,20.99309,2,3.51859,6.95370483,80.48793072
4206,0,random_negative,none,,cv,FALSE,3,64_69,,,,24.83978,54.10171,19.92893,2.1169,5.34313,1.21749,0.06212,4.82191,14.57467,28.35735,3,2.45489,7.081308101,80.70218433
4207,0,random_negative,none,,cv,FALSE,4,64_63,,,,28.97593,48.15744,22.66543,2.25093,5.21622,1.16237,0.06807,0.73397,14.56775,28.86525,1,3.98715,6.902665032,80.72352942
4208,0,random_negative,none,,cv,FALSE,2,63_58,,,,24.03292,56.12061,18.34116,2.26196,5.22325,1.2417,0.06309,4.31583,13.95317,26.12762,1,1.27704,6.775137521,80.68952089
4209,0,random_negative,none,,cv,FALSE,0,68_60,,,,25.51218,50.55276,22.7415,2.23541,5.22973,1.17038,0.07768,1.52517,14.09388,26.1974,1,4.19739,6.84594473,80.82750771
4210,0,random_negative,none,,cv,FALSE,4,63_67,,,,24.95571,53.95312,20.10188,2.22574,5.3099,1.19239,0.06659,3.36603,15.41917,27.0151,3,2.91829,7.03507558,80.69831926
4211,0,random_negative,none,,cv,FALSE,0,63_62,,,,29.62619,48.50833,22.15853,2.22875,5.22041,1.17645,0.06422,-0.24748,14.55999,28.65401,1,3.81071,6.898424139,80.67914051
4212,0,random_negative,none,,cv,FALSE,3,54_64,,,,20.30989,64.70388,13.53019,2.02095,5.06092,1.26684,0.05901,3.72494,12.65269,22.41059,1,4.53415,6.952181717,80.43985398
4213,0,random_negative,none,,cv,FALSE,0,67_64,,,,26.06553,50.48616,22.22519,2.23094,5.31431,1.13463,0.07373,5.53127,15.6133,30.59453,2,0.44927,6.953964142,80.80236362
4214,0,random_negative,none,,cv,FALSE,0,55_66,,,,19.49656,65.50261,13.61031,1.56036,5.20334,1.30811,0.06124,3.54352,12.12531,21.51803,2,1.05215,7.009077006,80.47527422
4215,0,random_negative,none,,cv,FALSE,3,64_66,,,,26.41563,51.70311,21.26188,2.29665,5.25132,1.15404,0.06871,2.63694,15.42755,27.99755,2,4.11149,6.982828093,80.72081502
4216,0,random_negative,none,,cv,FALSE,3,54_64,,,,20.18436,64.80878,13.56217,2.04171,5.05881,1.2589,0.05864,3.54433,12.6551,21.99965,1,5.24352,6.938889874,80.44635177
4217,0,random_negative,none,,cv,FALSE,4,60_59,,,,22.57508,60.09766,15.30142,2.44447,5.18003,1.2471,0.05784,4.50507,13.68269,22.464,2,1.49865,6.795117468,80.60705482
4218,0,random_negative,none,,cv,FALSE,0,68_60,,,,25.94165,49.54301,23.53042,2.2429,5.23252,1.16899,0.07783,-0.17476,14.09295,25.04312,1,3.47422,6.832936118,80.8099922
4219,0,random_negative,none,,cv,FALSE,3,61_68,,,,24.19933,56.48424,18.23062,2.20399,5.29898,1.21621,0.06709,2.09128,14.6094,24.85036,2,5.48173,7.045760575,80.62319784
4220,0,random_negative,none,,cv,FALSE,0,58_59,,,,21.19671,62.85843,14.01442,2.47132,5.1121,1.26712,0.05565,5.35799,11.79105,22.43731,2,4.36508,6.794528052,80.5481311
4221,0,random_negative,none,,cv,FALSE,4,67_60,,,,25.94165,49.54301,23.53042,2.2429,5.23252,1.16899,0.07783,-0.17476,14.09295,25.04312,1,3.80732,6.837507137,80.80873471
4222,0,random_negative,none,,cv,FALSE,3,64_66,,,,26.41563,51.70311,21.26188,2.29665,5.25132,1.15404,0.06871,2.63694,15.42755,27.99755,1,3.77166,6.985994469,80.71735913
4223,0,random_negative,none,,cv,FALSE,1,65_68,,,,24.45697,53.47311,20.96989,2.18777,5.27318,1.19287,0.06476,6.23482,15.31119,29.53032,1,3.65628,7.043405491,80.74337622
4224,0,random_negative,none,,cv,FALSE,3,72_69,,,,17.29941,62.55858,17.78825,2.09055,5.56434,1.23962,0.06255,16.61306,15.40776,32.65384,2,9.39323,7.067879959,80.9438962
4225,0,random_negative,none,,cv,FALSE,3,60_60,,,,22.73225,59.78432,15.68708,2.27604,5.09152,1.24433,0.06105,4.06986,13.42741,22.89533,2,2.29436,6.83453657,80.59400594
4226,0,random_negative,none,,cv,FALSE,0,66_66,,,,26.05529,51.23493,21.53895,2.32059,5.29922,1.15153,0.0702,5.04756,15.79309,29.91969,2,1.09119,6.988236845,80.76456155
4227,0,random_negative,none,,cv,FALSE,0,67_74,,,,20.91897,60.67743,16.93714,1.06243,5.76249,1.33725,0.05533,7.55581,13.63486,27.19206,2,5.24117,7.202921425,80.7854864
4228,0,random_negative,none,,cv,FALSE,3,57_59,,,,20.71071,64.40446,13.17487,2.60069,5.08383,1.28152,0.0545,5.2191,11.94741,22.51201,2,2.92679,6.803813915,80.53112681
4229,0,random_negative,none,,cv,FALSE,3,64_65,,,,27.19264,50.96903,21.34227,2.32084,5.31533,1.14847,0.06719,1.80035,15.78344,27.99217,4,3.80904,6.964298411,80.70318607
4230,0,random_negative,none,,cv,FALSE,3,61_63,,,,23.79791,57.7951,17.71883,2.25323,5.08011,1.22059,0.0637,1.47327,14.1359,23.63777,4,1.57646,6.906491564,80.62455952
4231,0,random_negative,none,,cv,FALSE,1,71_71,,,,16.22029,64.57332,17.36729,1.31676,5.68847,1.32135,0.05756,14.13411,13.8706,29.11654,2,8.2802,7.128310406,80.89835447
4232,0,random_negative,none,,cv,FALSE,3,71_67,,,,16.81083,60.59413,19.64061,2.15855,5.44703,1.20872,0.06622,22.72208,15.84845,38.16788,,4.82386,7.020113791,80.91284358
4233,0,random_negative,none,,cv,FALSE,2,73_72,,,,13.14684,69.85617,15.16166,0.98602,5.83555,1.3869,0.05659,14.36763,13.48979,26.37076,4,5.43971,7.151137923,80.95569089
4234,0,random_negative,none,,cv,FALSE,3,71_73,,,,14.25298,68.73453,15.56094,0.98394,5.84814,1.38837,0.05447,13.21381,13.49065,26.35034,,1.7948,7.195056191,80.90452064
4235,0,random_negative,none,,cv,FALSE,1,72_68,,,,17.49511,61.63957,18.38329,2.10743,5.52643,1.22556,0.06383,18.11475,15.41474,34.30149,2,9.00237,7.061396507,80.92854298
4236,0,random_negative,none,,cv,FALSE,2,62_58,,,,23.67903,57.10041,17.59594,2.25039,5.21984,1.25204,0.06112,4.46377,13.9483,25.44461,1,4.28985,6.774315399,80.65992809
4237,0,random_negative,none,,cv,FALSE,2,70_67,,,,18.28763,58.94856,19.99414,2.16986,5.43989,1.18031,0.0672,21.01882,15.39716,37.94783,4,4.18109,7.012254608,80.88341775
4238,0,random_negative,none,,cv,FALSE,3,57_59,,,,20.75447,64.37431,13.14439,2.46376,5.10111,1.28154,0.05451,5.38469,11.78756,22.70112,2,3.84487,6.795644065,80.53443951
4239,0,random_negative,none,,cv,FALSE,3,57_59,,,,20.61024,63.88137,13.7722,2.63301,5.01264,1.27811,0.05621,5.20263,12.25467,22.41713,2,1.37634,6.817945475,80.52972351
4240,0,random_negative,none,,cv,FALSE,4,62_62,,,,26.34684,53.22498,19.95235,2.22316,5.2248,1.19039,0.06297,1.11186,14.55363,25.93567,1,1.81797,6.87945736,80.66644126
4241,0,random_negative,none,,cv,FALSE,1,67_67,,,,23.33944,54.06302,20.93786,2.22215,5.31421,1.17482,0.06571,10.06014,15.67934,32.11715,2,2.91113,7.027079138,80.80163776
4242,0,random_negative,none,,cv,FALSE,0,65_60,,,,25.79804,52.56084,20.71558,2.2734,5.21524,1.177,0.06925,1.68986,14.56194,26.07144,1,1.24377,6.83668418,80.72905066
4243,0,random_negative,none,,cv,FALSE,0,57_60,,,,21.59851,62.42201,14.35196,2.61142,5.00416,1.25841,0.05662,4.83812,12.25183,23.4807,1,1.66709,6.842105426,80.52203442
4244,0,random_negative,none,,cv,FALSE,0,66_72,,,,23.11629,55.98436,19.35516,1.52724,5.46965,1.25859,0.05563,7.91034,14.22581,29.37105,1,5.37579,7.146515021,80.76414626
4245,0,random_negative,none,,cv,FALSE,1,58_60,,,,20.7575,63.38289,14.23176,2.405,5.07089,1.2664,0.05918,4.23251,13.24926,21.70748,4,1.32568,6.838833642,80.54563506
4246,0,random_negative,none,,cv,FALSE,2,58_62,,,,20.81761,63.29689,14.39811,2.20738,5.05936,1.25822,0.05951,3.32399,13.39623,21.50365,2,1.93749,6.881092705,80.5456673
4247,0,random_negative,none,,cv,FALSE,2,66_64,,,,27.9893,48.47383,22.85465,2.23971,5.31161,1.13356,0.07255,2.75194,15.60848,29.90152,2,1.84265,6.944835756,80.76414512
4248,0,random_negative,none,,cv,FALSE,3,61_63,,,,23.11343,58.54383,17.67268,2.18442,5.14037,1.22286,0.06255,1.06555,14.11709,22.67996,1,0.87806,6.926298446,80.62483864
4249,0,random_negative,none,,cv,FALSE,4,67_60,,,,26.68992,48.40922,24.2089,2.22036,5.25959,1.1628,0.07761,-1.73174,14.68792,24.32012,2,2.92726,6.843147184,80.79896728
4250,0,random_negative,none,,cv,FALSE,3,64_61,,,,27.28777,50.92126,21.30863,2.25615,5.21351,1.16949,0.06752,1.04743,14.56299,27.15081,2,3.01991,6.873263525,80.70568715
4251,0,random_negative,none,,cv,FALSE,3,65_58,,,,23.82425,54.71538,19.97718,2.24248,5.37715,1.21752,0.06826,4.09468,15.24256,26.26292,1,3.26556,6.769667571,80.75045962
4252,0,random_negative,none,,cv,FALSE,0,72_70,,,,15.51119,65.91168,16.69829,1.29835,5.69014,1.33303,0.05805,14.41915,13.74943,28.75885,2,9.26993,7.116171523,80.93014099
4253,0,random_negative,none,,cv,FALSE,2,62_66,,,,24.75844,55.33546,19.1122,2.28938,5.2531,1.18185,0.06677,2.18986,14.62147,25.60126,2,5.24834,6.994012915,80.65222443
4254,0,random_negative,none,,cv,FALSE,0,59_68,,,,22.26094,60.24596,16.54911,1.60974,5.30375,1.23282,0.06012,0.98232,12.99351,21.91576,3,2.8019,7.044982673,80.58423162
4255,0,random_negative,none,,cv,FALSE,3,66_63,,,,29.17242,46.98114,23.44832,2.25853,5.27924,1.14232,0.07131,1.23167,15.34138,29.71526,1,4.11936,6.918967354,80.75937695
4256,0,random_negative,none,,cv,FALSE,3,71_73,,,,14.31485,68.50558,15.64231,0.9856,5.83667,1.38478,0.05503,13.39009,13.49291,26.55747,3,2.4761,7.1828978,80.90552818
4257,0,random_negative,none,,cv,FALSE,0,61_59,,,,23.4197,58.42872,16.37345,2.29189,5.10622,1.23697,0.06199,4.25684,13.43445,23.98661,2,1.23353,6.800802633,80.62342438
4258,0,random_negative,none,,cv,FALSE,2,59_61,,,,20.99921,62.41286,15.0604,2.17856,5.12585,1.2533,0.06115,2.97349,14.10524,20.95444,3,0.79161,6.857596577,80.56791533
4259,0,random_negative,none,,cv,FALSE,4,56_61,,,,21.33213,63.26228,14.01327,2.21497,4.94741,1.26366,0.05666,3.82733,11.972,22.80466,2,2.34561,6.869921551,80.50663585
4260,0,random_negative,none,,cv,FALSE,2,67_63,,,,27.38861,48.70121,23.05848,2.14746,5.2899,1.14632,0.07554,3.07646,15.03376,29.74961,1,2.48061,6.922917168,80.80069629
4261,0,random_negative,none,,cv,FALSE,1,68_64,,,,26.25116,50.23866,22.35708,2.15769,5.29856,1.12693,0.07539,4.94957,15.00728,30.30112,1,1.81667,6.937470098,80.81089612
4262,0,random_negative,none,,cv,FALSE,3,57_59,,,,20.49533,64.84497,13.00078,2.64187,4.99548,1.27237,0.05176,5.36086,11.65699,22.67229,2,3.34458,6.803800368,80.51676727
4263,0,random_negative,none,,cv,FALSE,3,64_61,,,,27.21361,51.25242,21.0703,2.25021,5.21459,1.17339,0.06655,1.0531,14.56107,27.01516,2,2.54489,6.866430486,80.70387631
4264,0,random_negative,none,,cv,FALSE,4,55_64,,,,20.08281,64.56347,13.92941,2.06682,5.08113,1.24908,0.05929,3.09821,12.65993,21.30338,2,2.21117,6.931832775,80.47734891
4265,0,random_negative,none,,cv,FALSE,2,66_60,,,,26.473,49.73177,22.99648,2.21334,5.26044,1.16728,0.0758,-0.06427,14.68644,25.50306,2,2.46606,6.844880028,80.77171706
4266,0,random_negative,none,,cv,FALSE,0,72_70,,,,15.11939,66.20889,16.74877,1.18119,5.71919,1.33078,0.05877,14.79393,13.76648,28.75246,2,9.56447,7.113724577,80.94387465
4267,0,random_negative,none,,cv,FALSE,0,61_60,,,,24.31064,56.70487,17.66997,2.30306,5.09646,1.21916,0.06356,3.46488,13.44048,25.05777,2,2.8155,6.834431498,80.64394928
4268,0,random_negative,none,,cv,FALSE,1,71_66,,,,16.97918,59.93501,20.09842,2.05515,5.45634,1.19512,0.06808,22.87146,15.66574,38.50022,1,3.03269,6.999336973,80.91053591
4269,0,random_negative,none,,cv,FALSE,2,69_66,,,,21.81663,55.60557,20.6023,2.12261,5.39248,1.17107,0.06817,12.90454,15.38101,33.55426,2,2.73106,7.006613243,80.84205429
4270,0,random_negative,none,,cv,FALSE,0,72_70,,,,16.81124,63.62009,17.20684,1.9625,5.61034,1.28239,0.06175,15.40879,14.52122,30.89767,2,11.63494,7.094996805,80.93669017
4271,0,random_negative,none,,cv,FALSE,0,72_70,,,,15.3528,65.80903,16.90955,1.18258,5.71144,1.32748,0.0589,14.8726,13.76854,29.04301,2,9.18163,7.117342811,80.93786992
4272,0,random_negative,none,,cv,FALSE,4,67_73,,,,21.75862,59.05998,17.69304,1.35043,5.68113,1.30737,0.05499,7.2651,13.88331,27.65882,1,4.82626,7.179603407,80.78733048
4273,0,random_negative,none,,cv,FALSE,2,65_67,,,,24.50494,53.66256,20.85161,2.26474,5.31671,1.18482,0.0642,4.85552,15.64712,28.0042,2,1.3472,7.025020998,80.73111033
4274,0,random_negative,none,,cv,FALSE,0,56_58,,,,20.8594,63.56607,13.86897,2.63601,4.9875,1.27709,0.04985,6.41272,11.65323,24.43334,3,4.39314,6.787582775,80.50315518
4275,0,random_negative,none,,cv,FALSE,2,58_62,,,,21.06402,62.81201,14.66852,2.21455,5.06335,1.25433,0.05984,3.21174,13.39875,21.62171,2,2.29071,6.884293336,80.55499691
4276,0,random_negative,none,,cv,FALSE,4,65_70,,,,24.08044,54.37555,20.04518,1.53884,5.42006,1.25237,0.05783,7.19272,14.22098,29.60119,2,2.22529,7.103192828,80.73010974
4277,0,random_negative,none,,cv,FALSE,0,64_70,,,,24.153,54.52665,19.91718,1.53764,5.42501,1.2534,0.058,6.56363,14.21945,29.16031,2,2.21307,7.110156065,80.72270043
4278,0,random_negative,none,,cv,FALSE,4,65_65,,,,27.211,50.04,21.94042,2.34125,5.28859,1.14312,0.07021,3.23417,15.79151,29.41936,2,2.35325,6.965072254,80.74542887
4279,0,random_negative,none,,cv,FALSE,4,61_64,,,,22.79537,58.77642,17.77783,2.25256,5.17264,1.21599,0.06467,0.748,14.58192,22.08835,1,1.65233,6.93435577,80.62414825
4280,0,random_negative,none,,cv,FALSE,0,60_57,,,,22.10155,60.7323,15.30194,2.44553,5.19197,1.28812,0.0558,5.37441,13.6797,23.86421,3,3.52358,6.760675824,80.60792831
4281,0,random_negative,none,,cv,FALSE,4,66_69,,,,23.8622,53.21467,21.00169,2.12679,5.322,1.21933,0.0623,9.5747,15.30818,31.26452,2,2.29161,7.086346477,80.76560633
4282,0,random_negative,none,,cv,FALSE,0,62_60,,,,24.41389,56.4093,17.84601,2.3086,5.10115,1.2175,0.06397,3.56007,13.44266,25.33408,2,1.71792,6.827427703,80.65189219
4283,0,random_negative,none,,cv,FALSE,1,63_69,,,,24.4269,55.12627,19.34567,1.51561,5.34438,1.24778,0.06128,4.54453,13.96636,27.72789,2,1.26254,7.079995621,80.69142921
4284,0,random_negative,none,,cv,FALSE,1,68_59,,,,24.2149,52.65482,21.65472,2.18712,5.34549,1.17949,0.07626,3.02733,14.70616,26.1634,2,1.54684,6.805149522,80.82125879
4285,0,random_negative,none,,cv,FALSE,0,61_60,,,,23.66719,57.96212,16.86805,2.29189,5.09547,1.22823,0.0625,3.71502,13.43522,24.19693,1,3.98067,6.830000702,80.62600725
4286,0,random_negative,none,,cv,FALSE,1,65_68,,,,24.4999,53.76762,20.67881,2.16957,5.29307,1.2019,0.06401,5.45328,15.3067,28.80257,2,4.02143,7.053984055,80.73295819
4287,0,random_negative,none,,cv,FALSE,4,64_64,,,,28.08359,49.09323,22.39209,2.22595,5.32525,1.14118,0.07012,1.81693,15.60315,29.03054,2,3.39126,6.947893419,80.72492485
4288,0,random_negative,none,,cv,FALSE,4,67_70,,,,21.59369,57.70157,19.06381,1.49034,5.52158,1.27731,0.05678,9.828,14.33682,29.8141,4,4.95843,7.112950836,80.80710894
4289,0,random_negative,none,,cv,FALSE,0,72_70,,,,15.3528,65.80903,16.90955,1.18258,5.71144,1.32748,0.0589,14.8726,13.76854,29.04301,2,9.08998,7.117819772,80.93186325
4290,0,random_negative,none,,cv,FALSE,3,65_59,,,,25.52536,52.51696,20.8617,2.30668,5.19644,1.17924,0.07053,2.38984,13.96791,26.5611,2,3.48957,6.811865524,80.74583848
4291,0,random_negative,none,,cv,FALSE,4,65_61,,,,27.35147,50.09843,21.9758,2.27349,5.21232,1.15872,0.07054,0.97955,14.56846,27.31504,3,2.13775,6.8663445,80.73966995
4292,0,random_negative,none,,cv,FALSE,1,60_68,,,,23.05511,59.00482,17.00907,1.60751,5.31118,1.23259,0.0606,0.97173,12.9951,22.70744,2,3.30365,7.046559534,80.5936921
4293,0,random_negative,none,,cv,FALSE,0,68_70,,,,21.06736,57.89305,19.38773,2.03964,5.51572,1.24701,0.05878,10.10238,15.17648,29.62573,4,4.62246,7.110739916,80.81062941
4294,0,random_negative,none,,cv,FALSE,0,66_66,,,,25.43598,51.76109,21.54505,2.26122,5.29153,1.15599,0.0682,6.72541,15.84406,30.87529,1,1.19829,6.990378372,80.77671171
4295,0,random_negative,none,,cv,FALSE,2,64_58,,,,24.25245,55.30177,19.00518,2.27315,5.22891,1.2315,0.06526,4.14368,13.95788,26.53806,2,2.44459,6.777691297,80.72199471
4296,0,random_negative,none,,cv,FALSE,2,56_63,,,,20.45905,64.07007,14.10212,2.0715,5.05122,1.2567,0.05776,2.58239,12.63669,21.07731,2,0.79192,6.920273893,80.49888883
4297,0,random_negative,none,,cv,FALSE,3,64_69,,,,24.73131,53.79253,20.20345,2.1235,5.33435,1.2138,0.06208,5.90112,14.57846,29.17362,2,4.06283,7.074341746,80.7163399
4298,0,random_negative,none,,cv,FALSE,0,62_60,,,,24.54941,55.60054,18.6596,2.23913,5.21995,1.19813,0.06365,2.55621,14.55003,24.83306,2,2.06443,6.826099507,80.67113722
4299,0,random_negative,none,,cv,FALSE,0,58_59,,,,21.4658,62.4231,14.05968,2.40352,5.11142,1.26813,0.05694,5.19794,13.02542,22.07499,2,4.42659,6.798455833,80.56053975
4300,0,random_negative,none,,cv,FALSE,4,58_61,,,,21.1506,63.0146,14.22436,2.21428,5.0442,1.26139,0.05896,3.63551,13.39546,21.83652,2,1.4337,6.861138172,80.54336035
4301,0,random_negative,none,,cv,FALSE,4,66_69,,,,23.95236,53.63439,20.79597,2.13764,5.31449,1.21478,0.06281,8.18301,15.30792,30.35406,1,2.21995,7.082631873,80.76007879
4302,0,random_negative,none,,cv,FALSE,1,65_68,,,,24.56678,53.50716,20.89044,2.18507,5.27747,1.19456,0.0646,5.71589,15.30951,29.16711,1,3.24393,7.041643079,80.73982101
4303,0,random_negative,none,,cv,FALSE,2,70_67,,,,18.94257,58.68364,19.83526,2.15972,5.44997,1.18484,0.06626,18.64302,15.39502,36.24318,1,2.40701,7.019385265,80.86902077
4304,0,random_negative,none,,cv,FALSE,3,59_64,,,,15.83847,69.71491,13.21665,2.27607,5.13356,1.22495,0.0627,2.11701,13.4156,16.3798,3,3.99806,6.945353142,80.57226646
4305,0,random_negative,none,,cv,FALSE,3,54_64,,,,20.16832,64.66626,13.73027,2.03932,5.07381,1.2598,0.05919,3.38627,12.65588,21.83862,1,4.13369,6.945985917,80.45448329
4306,0,random_negative,none,,cv,FALSE,3,70_66,,,,19.06714,58.1772,20.30081,2.0844,5.42575,1.18246,0.06966,16.60968,15.66818,34.48188,1,2.04457,6.985926576,80.89060074
4307,0,random_negative,none,,cv,FALSE,2,55_67,,,,19.98132,64.70232,13.93577,1.55249,5.21338,1.32773,0.06251,3.425,12.1259,21.9362,2,0.88956,7.027786397,80.47202243
4308,0,random_negative,none,,cv,FALSE,4,64_63,,,,29.86692,47.37048,22.76468,2.27306,5.27814,1.16159,0.06594,0.94606,15.45044,30.14243,1,1.64012,6.924764537,80.71388696
4309,0,random_negative,none,,cv,FALSE,3,68_61,,,,25.38932,50.83287,22.58844,2.20143,5.27278,1.16865,0.07746,1.46786,14.68917,26.00178,1,3.0671,6.852078168,80.81922393
4310,0,random_negative,none,,cv,FALSE,3,67_61,,,,26.32801,49.29214,23.50535,2.21328,5.26207,1.16292,0.07759,-0.19216,14.68931,25.40562,2,2.28474,6.850919928,80.80501517
4311,0,random_negative,none,,cv,FALSE,2,59_61,,,,21.82198,61.04682,15.62054,2.20804,5.05944,1.24597,0.06242,3.40427,13.30133,21.97966,1,1.92617,6.851132905,80.58910175
4312,0,random_negative,none,,cv,FALSE,1,68_67,,,,21.37599,56.7789,19.94522,2.1507,5.45349,1.1903,0.06457,11.91178,15.38899,31.97446,1,3.29156,7.032738226,80.82033247
4313,0,random_negative,none,,cv,FALSE,2,56_62,,,,21.15278,63.1184,14.3,2.09244,5.03547,1.25405,0.05693,2.78836,12.63897,21.69291,3,2.84198,6.89338089,80.49856638
4314,0,random_negative,none,,cv,FALSE,3,65_58,,,,24.5825,54.37577,19.69122,2.2861,5.22445,1.19709,0.06756,3.64488,13.96226,26.60705,3,4.51544,6.786140852,80.74247657
4315,0,random_negative,none,,cv,FALSE,0,61_62,,,,24.9052,55.50318,18.86044,2.21088,5.23206,1.20087,0.06146,1.54397,14.54904,24.59989,2,0.7504,6.881036877,80.64328964
4316,0,random_negative,none,,cv,FALSE,0,68_70,,,,20.78938,58.12871,19.42764,2.0527,5.50156,1.24115,0.05954,10.67176,15.17856,29.99807,4,2.90276,7.096233914,80.81907981
4317,0,random_negative,none,,cv,FALSE,2,65_67,,,,24.7373,53.21476,21.10423,2.28078,5.29869,1.17696,0.06509,4.95975,15.64958,28.39351,3,2.38929,7.013180925,80.74052092
4318,0,random_negative,none,,cv,FALSE,0,68_60,,,,25.58074,50.29746,23.02772,2.23771,5.24464,1.17534,0.07721,0.4754,14.09137,25.24057,1,2.20774,6.821282247,80.81107241
4319,0,random_negative,none,,cv,FALSE,4,69_72,,,,17.33959,63.45859,17.51792,1.3112,5.70097,1.32213,0.05643,12.44368,13.87238,28.47931,2,4.61592,7.148729428,80.85920188
4320,0,random_negative,none,,cv,FALSE,0,59_60,,,,21.85755,61.53765,14.67542,2.40526,5.10713,1.25378,0.05876,4.49815,13.03103,21.85466,2,2.04999,6.819992151,80.58198207
4321,0,random_negative,none,,cv,FALSE,3,60_58,,,,22.37268,60.20495,15.58634,2.44815,5.18917,1.28066,0.05693,5.1142,13.68228,23.85629,2,2.49634,6.769188417,80.61166878
4322,0,random_negative,none,,cv,FALSE,3,65_58,,,,24.08183,54.11242,20.38495,2.27236,5.36892,1.21885,0.07083,3.67908,15.08734,26.22221,1,3.06733,6.780934254,80.75449753
4323,0,random_negative,none,,cv,FALSE,2,55_67,,,,19.99261,64.57443,14.07886,1.55377,5.22066,1.32568,0.06252,3.22086,12.12705,21.75217,2,1.5574,7.029720783,80.48020034
4324,0,random_negative,none,,cv,FALSE,3,64_65,,,,27.28416,50.66552,21.50527,2.32535,5.30906,1.14552,0.06779,2.04097,15.78513,28.32332,2,4.33721,6.968089741,80.70936378
4325,0,random_negative,none,,cv,FALSE,0,61_59,,,,23.43484,58.0761,17.01081,2.45739,5.17061,1.2291,0.06051,4.04354,13.69126,24.48273,3,2.38718,6.800371329,80.64029979
4326,0,random_negative,none,,cv,FALSE,0,67_59,,,,25.61656,50.62388,22.70676,2.23743,5.24803,1.1766,0.07596,0.63151,14.08923,25.31777,1,2.31729,6.813510772,80.7904726
4327,0,random_negative,none,,cv,FALSE,4,58_61,,,,20.90556,63.33526,14.20124,2.20753,5.04917,1.26152,0.05907,3.53162,13.39463,21.66351,3,0.93763,6.872487402,80.53902989
4328,0,random_negative,none,,cv,FALSE,2,61_58,,,,23.27523,58.34506,16.84268,2.4575,5.17538,1.23239,0.06013,4.2737,13.6904,24.51006,1,2.35813,6.791445696,80.64102211
4329,0,random_negative,none,,cv,FALSE,1,65_71,,,,23.8222,54.3185,20.14801,1.53635,5.4248,1.25365,0.05725,8.34165,14.22363,30.24156,3,2.21055,7.11986511,80.74776404
4330,0,random_negative,none,,cv,FALSE,4,66_70,,,,23.49126,54.51701,20.06623,1.50915,5.40093,1.25979,0.05834,9.0978,14.16273,30.41148,2,2.12247,7.111255323,80.76556435
4331,0,random_negative,none,,cv,FALSE,3,64_60,,,,25.70646,52.92936,20.43004,2.26752,5.21529,1.18085,0.06825,1.82235,14.56019,26.01336,3,0.6169,6.835558248,80.71952124
4332,0,random_negative,none,,cv,FALSE,0,61_65,,,,23.75323,57.01651,18.61806,2.23703,5.18546,1.18695,0.06564,0.98096,14.58529,23.50142,1,3.28321,6.964925763,80.64431397
4333,0,random_negative,none,,cv,FALSE,0,62_61,,,,24.99699,55.24994,18.87817,2.22247,5.22537,1.20723,0.06237,1.82312,14.54979,24.77431,3,2.31147,6.859184482,80.65191234
4334,0,random_negative,none,,cv,FALSE,4,69_72,,,,17.16229,64.1234,17.19297,1.30191,5.73279,1.33051,0.05505,11.84856,13.86828,27.7799,4,3.47905,7.167093575,80.85995074
4335,0,random_negative,none,,cv,FALSE,3,67_72,,,,22.50388,57.88047,18.29725,1.53249,5.61086,1.28102,0.05344,7.4878,14.58487,28.64483,2,4.79388,7.170522445,80.7885784
4336,0,random_negative,none,,cv,FALSE,3,64_60,,,,25.2506,53.82907,19.87639,2.26144,5.21686,1.18864,0.06704,2.17846,14.55717,25.72157,1,1.29765,6.827089546,80.7086261
4337,0,random_negative,none,,cv,FALSE,3,65_58,,,,23.82425,54.71538,19.97718,2.24248,5.37715,1.21752,0.06826,4.09468,15.24256,26.26292,3,3.51971,6.767928645,80.74822603
4338,0,random_negative,none,,cv,FALSE,0,61_65,,,,21.86887,59.99451,17.34843,2.31584,5.20016,1.1836,0.0634,1.36333,14.33348,21.91786,3,3.94383,6.970488031,80.62906391
4339,0,random_negative,none,,cv,FALSE,1,72_72,,,,13.23888,69.98606,15.07276,0.98313,5.85414,1.39201,0.05552,13.93641,13.48682,26.05989,3,3.41928,7.169440809,80.94527964
4340,0,random_negative,none,,cv,FALSE,3,66_63,,,,29.14389,47.02765,23.43438,2.265,5.27548,1.14158,0.07164,0.99449,15.34042,29.43865,1,5.43676,6.907231947,80.75573084
4341,0,random_negative,none,,cv,FALSE,4,55_64,,,,20.09123,64.64496,13.83901,2.04482,5.08314,1.25768,0.05944,3.22737,12.65724,21.57873,2,3.84981,6.945656233,80.46429272
4342,0,random_negative,none,,cv,FALSE,4,62_64,,,,25.51614,54.52722,19.64637,2.26672,5.16552,1.15383,0.06611,0.44469,14.59016,24.85163,1,1.93253,6.949369224,80.65252203
4343,0,random_negative,none,,cv,FALSE,2,70_72,,,,17.00961,63.89761,17.41,1.31023,5.70514,1.32411,0.05637,12.74544,13.87083,28.48254,3,5.11027,7.148692448,80.86546145
4344,0,random_negative,none,,cv,FALSE,1,60_68,,,,23.78581,57.41691,17.89268,1.49587,5.41135,1.27055,0.0661,0.3064,13.45222,22.70608,2,2.8724,7.060238557,80.59687559
4345,0,random_negative,none,,cv,FALSE,4,59_59,,,,22.21627,61.35857,13.89017,2.40932,5.11723,1.25533,0.05856,4.60332,13.03067,20.38991,2,3.35287,6.806080612,80.57415564
4346,0,random_negative,none,,cv,FALSE,1,56_66,,,,19.2528,65.66554,13.87663,2.14636,5.14136,1.28765,0.06363,1.91497,12.78936,19.6661,1,2.69727,6.995993191,80.50423137
4347,0,random_negative,none,,cv,FALSE,2,57_61,,,,20.65001,64.31456,13.51451,2.42211,5.01201,1.24835,0.05714,4.65518,12.53778,22.62585,2,1.35211,6.862396604,80.51784913
4348,0,random_negative,none,,cv,FALSE,4,66_62,,,,29.01763,46.70685,23.81142,2.17343,5.27455,1.14259,0.07566,0.62551,15.02954,29.07355,1,3.33109,6.896016051,80.7816578
4349,0,random_negative,none,,cv,FALSE,3,71_73,,,,14.25298,68.73453,15.56094,0.98394,5.84814,1.38837,0.05447,13.21381,13.49065,26.35034,,1.6132,7.190088839,80.9092816
4350,0,random_negative,none,,cv,FALSE,0,61_62,,,,25.1695,55.24476,18.96267,2.22757,5.19822,1.1999,0.06375,1.01635,14.77201,24.50884,2,1.43898,6.890234477,80.64195803
4351,0,random_negative,none,,cv,FALSE,3,68_61,,,,25.38932,50.83287,22.58844,2.20143,5.27278,1.16865,0.07746,1.46786,14.68917,26.00178,1,3.60642,6.847785655,80.82179792
4352,0,random_negative,none,,cv,FALSE,2,69_73,,,,18.93659,62.15958,17.57079,1.26383,5.72645,1.33455,0.05446,10.95233,13.8202,28.6992,2,1.17542,7.176749306,80.84129302
4353,0,random_negative,none,,cv,FALSE,1,58_60,,,,21.33346,62.04383,14.9271,2.19904,5.05604,1.25505,0.06146,3.76823,13.29658,21.52492,2,1.21255,6.842549758,80.56425361
4354,0,random_negative,none,,cv,FALSE,1,65_62,,,,27.35147,50.09843,21.9758,2.27349,5.21232,1.15872,0.07054,0.97955,14.56846,27.31504,2,3.16289,6.874686533,80.73445428
4355,0,random_negative,none,,cv,FALSE,0,61_61,,,,23.8126,57.67641,17.22541,2.29015,5.08785,1.22429,0.0626,3.37468,13.43548,24.44423,2,2.1721,6.850586452,80.62700687
4356,0,random_negative,none,,cv,FALSE,3,67_58,,,,23.83687,53.93616,20.74818,2.17258,5.37376,1.1958,0.07259,3.90212,14.7011,26.37808,1,1.22167,6.778379345,80.78720285
4357,0,random_negative,none,,cv,FALSE,1,57_58,,,,20.77968,64.36818,13.12222,2.37995,5.08099,1.28283,0.05251,5.55427,11.37969,22.9236,1,5.13915,6.783937981,80.53489328
4358,0,random_negative,none,,cv,FALSE,3,68_61,,,,25.54139,50.81371,22.44775,2.19329,5.27073,1.17104,0.07701,2.30767,14.69168,26.97829,1,2.49408,6.872104309,80.822167
4359,0,random_negative,none,,cv,FALSE,1,63_69,,,,24.39865,55.21444,19.24539,1.51038,5.35533,1.25136,0.06129,4.46045,13.96586,27.58138,1,1.43701,7.085787303,80.69164736
4360,0,random_negative,none,,cv,FALSE,2,68_71,,,,21.33151,58.48115,18.67602,1.51338,5.54526,1.27971,0.05628,9.49698,14.85997,29.46081,2,5.61302,7.130132781,80.81947591
4361,0,random_negative,none,,cv,FALSE,2,61_66,,,,21.88041,59.90199,17.34353,2.29519,5.2132,1.19172,0.06368,1.52317,14.33206,22.09661,3,3.46794,6.993130332,80.62951233
4362,0,random_negative,none,,cv,FALSE,3,65_58,,,,23.82425,54.71538,19.97718,2.24248,5.37715,1.21752,0.06826,4.09468,15.24256,26.26292,3,3.50877,6.768828538,80.74827913
4363,0,random_negative,none,,cv,FALSE,0,61_61,,,,24.69545,55.80742,18.64583,2.21394,5.2299,1.20219,0.06156,1.75746,14.54837,24.42297,4,1.25597,6.87153781,80.64125997
4364,0,random_negative,none,,cv,FALSE,3,63_61,,,,26.22921,52.61003,20.4187,2.25419,5.21487,1.17823,0.0666,1.55165,14.5589,26.26128,3,2.20375,6.854642783,80.70060875
4365,0,random_negative,none,,cv,FALSE,2,56_63,,,,20.83581,63.79691,13.96736,2.06731,5.02603,1.28723,0.057,2.86068,12.63458,21.71068,1,1.17086,6.908790771,80.48722777
4366,0,random_negative,none,,cv,FALSE,3,57_64,,,,18.2603,67.08215,13.31972,2.256,5.09105,1.27851,0.06226,2.63761,13.40536,19.02807,2,1.08803,6.940168681,80.52039267
4367,0,random_negative,none,,cv,FALSE,3,72_67,,,,17.04783,60.69407,19.44197,2.14853,5.46247,1.21353,0.06532,21.40631,15.84686,37.10652,2,5.25698,7.026600489,80.92058954
4368,0,random_negative,none,,cv,FALSE,4,67_66,,,,24.54327,52.63778,21.31378,2.25108,5.29399,1.15922,0.06816,8.47186,15.84629,31.638,1,0.68023,7.004166833,80.7991171
4369,0,random_negative,none,,cv,FALSE,4,67_60,,,,26.9704,47.4548,25.0013,2.25377,5.22158,1.16466,0.07782,-2.95285,14.09284,23.50581,1,3.86313,6.834788426,80.79134206
4370,0,random_negative,none,,cv,FALSE,0,59_68,,,,22.53066,59.92351,16.59834,1.60363,5.30252,1.23767,0.06084,0.87049,12.99267,22.08962,2,3.13591,7.051650939,80.57927567
4371,0,random_negative,none,,cv,FALSE,2,61_58,,,,23.11811,58.60891,16.6904,2.45732,5.17995,1.24204,0.05968,4.50768,13.68952,24.5823,2,2.37994,6.788290606,80.64115901
4372,0,random_negative,none,,cv,FALSE,4,58_64,,,,17.29034,67.99171,13.43539,2.27299,5.11465,1.27001,0.06253,2.3484,13.41191,17.84581,1,3.54732,6.934262886,80.54797405
4373,0,random_negative,none,,cv,FALSE,2,63_58,,,,23.92848,56.43058,18.10243,2.25811,5.2219,1.24515,0.06241,4.3674,13.95156,25.93054,1,2.42322,6.77334154,80.67911425
4374,0,random_negative,none,,cv,FALSE,1,68_68,,,,20.75477,57.39598,20.13863,2.11488,5.42139,1.2119,0.06366,12.08331,15.18663,31.57223,2,1.73225,7.051036402,80.83350749
4375,0,random_negative,none,,cv,FALSE,3,64_59,,,,24.7567,54.43895,19.50946,2.28334,5.2107,1.19967,0.06659,3.50048,13.96032,26.48258,3,2.99544,6.793179825,80.72367562
4376,0,random_negative,none,,cv,FALSE,3,72_67,,,,16.94326,61.51273,18.91936,2.05637,5.4899,1.2276,0.06504,19.23073,15.52406,34.87078,2,6.28589,7.03636533,80.9226309
4377,0,random_negative,none,,cv,FALSE,3,71_67,,,,16.97676,60.01421,20.00168,2.15746,5.44164,1.20461,0.06585,24.28684,15.84972,39.84424,3,5.18148,7.034302025,80.89670256
4378,0,random_negative,none,,cv,FALSE,4,64_63,,,,29.20984,47.84135,22.81355,2.24629,5.28791,1.15277,0.0684,0.73247,15.33566,29.17385,1,3.7049,6.904727073,80.7220107
4379,0,random_negative,none,,cv,FALSE,2,58_62,,,,20.81761,63.29689,14.39811,2.20738,5.05936,1.25822,0.05951,3.32399,13.39623,21.50365,3,1.99809,6.882629273,80.54532831
4380,0,random_negative,none,,cv,FALSE,1,57_62,,,,20.73747,63.70574,13.9863,2.20085,5.04368,1.25979,0.05874,3.63179,13.39225,21.65265,3,0.40657,6.874628024,80.53332996
4381,0,random_negative,none,,cv,FALSE,2,66_60,,,,26.473,49.73177,22.99648,2.21334,5.26044,1.16728,0.0758,-0.06427,14.68644,25.50306,2,2.69588,6.842609169,80.77324457
4382,0,random_negative,none,,cv,FALSE,1,67_67,,,,23.85615,53.50291,21.11535,2.2332,5.30691,1.1706,0.06613,9.04595,15.67885,31.70338,2,1.88883,7.018687719,80.79739711
4383,0,random_negative,none,,cv,FALSE,0,61_57,,,,22.41188,59.66501,16.15653,2.41094,5.25359,1.26865,0.05774,5.74212,13.74857,25.21545,1,4.65006,6.756666766,80.64499778
4384,0,random_negative,none,,cv,FALSE,1,68_67,,,,22.32307,55.30405,20.54164,2.09696,5.40992,1.18132,0.06643,11.59146,15.37681,32.67901,2,2.97157,7.025883175,80.82342025
4385,0,random_negative,none,,cv,FALSE,4,67_66,,,,25.26453,51.7178,21.67226,2.27827,5.27662,1.14801,0.06954,7.40707,15.84773,31.43202,1,1.63533,6.987605623,80.79038084
4386,0,random_negative,none,,cv,FALSE,3,64_61,,,,27.21361,51.25242,21.0703,2.25021,5.21459,1.17339,0.06655,1.0531,14.56107,27.01516,2,3.15632,6.873693175,80.70407389
4387,0,random_negative,none,,cv,FALSE,2,66_60,,,,26.00293,50.82946,22.18853,2.23685,5.23281,1.17793,0.07435,1.29431,14.08849,26.17533,2,3.09131,6.82732951,80.76636557
4388,0,random_negative,none,,cv,FALSE,0,56_64,,,,20.24782,64.35335,14.04482,2.06433,5.05661,1.27531,0.0581,2.51492,12.63597,20.88299,2,1.82867,6.929354041,80.50604625
4389,0,random_negative,none,,cv,FALSE,3,54_64,,,,20.18231,64.83184,13.53996,2.04949,5.05333,1.26321,0.0584,3.53682,12.65572,21.94536,1,4.43746,6.931592206,80.44301024
4390,0,random_negative,none,,cv,FALSE,1,71_66,,,,17.56574,60.06684,19.67696,2.05794,5.46105,1.19894,0.06834,18.45373,15.66378,34.76509,2,2.393,6.995294929,80.91467818
4391,0,random_negative,none,,cv,FALSE,2,69_66,,,,19.8038,57.88145,19.97547,2.17271,5.43484,1.17959,0.06693,16.37817,15.39534,34.90256,1,2.81139,7.008197576,80.86308942
4392,0,random_negative,none,,cv,FALSE,3,64_60,,,,25.2506,53.82907,19.87639,2.26144,5.21686,1.18864,0.06704,2.17846,14.55717,25.72157,1,0.98979,6.825968198,80.71200456
4393,0,random_negative,none,,cv,FALSE,3,63_61,,,,26.50779,52.43324,20.43446,2.24648,5.21603,1.1798,0.06568,1.36541,14.55806,26.38271,1,3.53559,6.86145422,80.69013248
4394,0,random_negative,none,,cv,FALSE,0,61_60,,,,23.86837,57.54023,17.08677,2.29759,5.09997,1.22625,0.06288,3.78302,13.43756,24.53725,1,3.37291,6.826360626,80.63032247
4395,0,random_negative,none,,cv,FALSE,1,60_68,,,,23.95614,57.11268,18.02974,1.49748,5.41318,1.2515,0.06569,0.3728,13.45322,22.94017,,3.98541,7.059388806,80.60959511
4396,0,random_negative,none,,cv,FALSE,3,64_71,,,,23.56691,55.82398,19.15741,1.52077,5.48849,1.26355,0.05669,5.69382,14.22002,27.73713,2,1.92537,7.142783337,80.72444416
4397,0,random_negative,none,,cv,FALSE,0,66_66,,,,25.08284,52.20882,21.36527,2.24753,5.30074,1.16184,0.06755,7.20183,15.84329,30.92571,3,0.55523,7.00510934,80.77101311
4398,0,random_negative,none,,cv,FALSE,4,65_63,,,,29.08532,47.73343,22.7893,2.2876,5.2673,1.15357,0.06831,1.81625,15.45439,30.11076,2,4.36655,6.925850791,80.73929677
4399,0,random_negative,none,,cv,FALSE,3,62_63,,,,26.59725,53.24107,20.06244,2.27888,5.13045,1.18833,0.0635,0.28736,15.04422,25.90013,1,0.78084,6.922944903,80.64970474
4400,0,random_negative,none,,cv,FALSE,4,62_65,,,,24.55708,55.73567,19.17297,2.24475,5.1813,1.18207,0.06613,0.95554,14.5883,24.34047,1,2.09252,6.963852922,80.65709907
4401,0,random_negative,none,,cv,FALSE,1,63_69,,,,24.90173,53.97401,20.04659,2.12944,5.33067,1.21249,0.06244,4.80972,14.57581,28.45559,2,1.98136,7.073126958,80.69656415
4402,0,random_negative,none,,cv,FALSE,3,61_68,,,,24.10011,56.65901,18.1471,1.57335,5.3548,1.21718,0.06561,2.16959,14.07381,24.80771,,4.3109,7.058885992,80.63719554
4403,0,random_negative,none,,cv,FALSE,3,65_66,,,,25.41059,52.36899,21.46197,2.30742,5.27705,1.16271,0.06621,4.19848,15.65147,28.443,1,3.39366,6.993980634,80.74265708
4404,0,random_negative,none,,cv,FALSE,0,65_60,,,,26.22944,51.6673,21.26967,2.27916,5.21396,1.16376,0.07049,1.33151,14.56498,26.31256,2,1.58469,6.845689769,80.73367447
4405,0,random_negative,none,,cv,FALSE,0,67_74,,,,21.30236,61.04059,16.34868,1.0618,5.78616,1.33968,0.05427,6.81816,13.63362,27.01331,2,3.09377,7.223475403,80.78891014
4406,0,random_negative,none,,cv,FALSE,4,62_65,,,,25.38687,54.28104,19.81686,2.32046,5.23025,1.16811,0.06805,1.3568,15.34732,25.62009,2,2.31114,6.969870721,80.66351677
4407,0,random_negative,none,,cv,FALSE,4,67_66,,,,24.52839,52.53154,21.41568,2.26584,5.28258,1.15263,0.06913,8.68826,15.84848,31.89363,2,1.51499,6.997443678,80.80621409
4408,0,random_negative,none,,cv,FALSE,3,64_68,,,,24.9371,53.48006,20.44538,2.1499,5.30926,1.20287,0.06287,5.73035,14.5809,29.34924,2,4.12197,7.057275089,80.71980759
4409,0,random_negative,none,,cv,FALSE,3,64_59,,,,25.33088,53.50548,20.0349,2.29162,5.19241,1.19005,0.06766,2.90001,13.96261,26.57583,1,1.62295,6.815800524,80.72371401
4410,0,random_negative,none,,cv,FALSE,2,69_66,,,,20.08206,57.55273,20.07306,2.18461,5.4233,1.17487,0.06771,15.70769,15.39642,34.55177,1,3.55395,6.998576226,80.85674808
4411,0,random_negative,none,,cv,FALSE,0,63_70,,,,24.25963,55.35853,19.11577,1.50216,5.37909,1.25675,0.06078,4.65188,13.96678,27.51883,4,2.97849,7.105543909,80.7003605
4412,0,random_negative,none,,cv,FALSE,4,65_72,,,,23.20773,56.32878,18.98099,1.51962,5.49901,1.26358,0.05572,6.27909,14.2228,27.94528,2,4.43343,7.153848435,80.74560984
4413,0,random_negative,none,,cv,FALSE,2,67_71,,,,21.96456,57.07444,19.26019,1.48932,5.51593,1.27792,0.05702,9.61303,14.33592,29.85373,3,5.72347,7.119882523,80.79783963
4414,0,random_negative,none,,cv,FALSE,4,63_67,,,,25.11898,53.74479,20.2207,2.23795,5.30013,1.18714,0.06682,3.17643,15.42006,27.03317,1,2.41623,7.023612864,80.69843077
4415,0,random_negative,none,,cv,FALSE,0,66_59,,,,25.27325,51.89183,21.66361,2.22738,5.25682,1.18574,0.07373,1.99582,14.08619,26.07876,1,4.025,6.806996872,80.77170948
4416,0,random_negative,none,,cv,FALSE,0,59_68,,,,22.26094,60.24596,16.54911,1.60974,5.30375,1.23282,0.06012,0.98232,12.99351,21.91576,2,2.85219,7.044455564,80.58820448
4417,0,random_negative,none,,cv,FALSE,0,72_70,,,,15.3528,65.80903,16.90955,1.18258,5.71144,1.32748,0.0589,14.8726,13.76854,29.04301,2,9.6576,7.112853171,80.93572699
4418,0,random_negative,none,,cv,FALSE,1,60_68,,,,23.95614,57.11268,18.02974,1.49748,5.41318,1.2515,0.06569,0.3728,13.45322,22.94017,,3.71251,7.063686859,80.60937276
4419,0,random_negative,none,,cv,FALSE,2,66_60,,,,26.56121,49.1431,23.53955,2.21744,5.25951,1.16469,0.07676,-0.78279,14.68724,24.99669,2,3.48275,6.841237734,80.78179555
4420,0,random_negative,none,,cv,FALSE,3,60_66,,,,21.08047,61.18322,16.8162,2.28735,5.21583,1.19664,0.06327,1.47635,14.32932,21.23771,2,1.77567,6.992371029,80.61409311
4421,0,random_negative,none,,cv,FALSE,3,64_60,,,,25.79804,52.56084,20.71558,2.2734,5.21524,1.177,0.06925,1.68986,14.56194,26.07144,1,0.93687,6.836053207,80.72593084
4422,0,random_negative,none,,cv,FALSE,1,69_69,,,,21.13511,57.07788,19.78923,2.20105,5.45637,1.20725,0.06271,13.64751,16.03979,33.41517,2,2.34761,7.072650905,80.8536994
4423,0,random_negative,none,,cv,FALSE,4,65_61,,,,27.00591,50.30552,22.01002,2.28187,5.2126,1.15701,0.07164,0.95249,14.56912,26.93021,3,1.27143,6.861293526,80.747841
4424,0,random_negative,none,,cv,FALSE,1,60_65,,,,18.37939,65.61128,14.96508,2.27169,5.15325,1.22147,0.06388,1.87209,13.422,18.8972,2,1.66066,6.974075232,80.59541442
4425,0,random_negative,none,,cv,FALSE,2,62_57,,,,22.8318,58.71852,16.80313,2.41773,5.24781,1.25727,0.05956,5.39117,13.75332,25.58074,1,4.05816,6.762534061,80.66301369
4426,0,random_negative,none,,cv,FALSE,3,67_62,,,,28.36959,47.46501,23.5488,2.17321,5.27637,1.14241,0.07613,1.1776,15.03047,28.9286,1,2.79365,6.896491699,80.7947727
4427,0,random_negative,none,,cv,FALSE,0,57_60,,,,20.91897,63.78073,13.74148,2.60572,4.99962,1.25922,0.0562,5.45612,12.25016,23.68082,1,2.41727,6.841399814,80.51256027
4428,0,random_negative,none,,cv,FALSE,3,57_59,,,,20.74676,63.5607,13.95328,2.49175,5.06584,1.2681,0.05759,4.95001,13.0528,22.18932,2,1.29983,6.819748881,80.53661423
4429,0,random_negative,none,,cv,FALSE,2,72_73,,,,13.43753,69.79969,15.14712,0.98237,5.85842,1.39304,0.05501,13.71135,13.4865,26.04282,2,2.32582,7.181179223,80.9405993
4430,0,random_negative,none,,cv,FALSE,1,66_74,,,,21.63501,61.144,15.99702,1.06149,5.79592,1.34091,0.0538,6.54038,13.63293,27.16804,2,2.61693,7.226400003,80.78175615
4431,0,random_negative,none,,cv,FALSE,2,64_62,,,,27.73078,49.83158,21.99047,2.2646,5.21293,1.16072,0.06941,0.92,14.5677,27.67087,2,3.3753,6.879947698,80.72590459
4432,0,random_negative,none,,cv,FALSE,1,72_66,,,,17.01264,60.78026,19.50923,2.10973,5.45898,1.20516,0.06817,19.26007,15.75774,35.00782,2,3.2978,7.008962405,80.92288359
4433,0,random_negative,none,,cv,FALSE,2,66_60,,,,26.56121,49.1431,23.53955,2.21744,5.25951,1.16469,0.07676,-0.78279,14.68724,24.99669,2,3.67965,6.839335591,80.78163787
4434,0,random_negative,none,,cv,FALSE,3,66_63,,,,29.74675,45.71689,24.17025,2.14988,5.28554,1.14571,0.07472,1.10355,15.03181,30.37457,1,2.39512,6.928344534,80.78042177
4435,0,random_negative,none,,cv,FALSE,3,63_64,,,,29.65449,47.91983,22.45278,2.24229,5.26506,1.16687,0.0658,0.72837,15.7632,29.71723,1,0.24177,6.932161843,80.70032707
4436,0,random_negative,none,,cv,FALSE,0,61_65,,,,23.75323,57.01651,18.61806,2.23703,5.18546,1.18695,0.06564,0.98096,14.58529,23.50142,1,3.77307,6.964927368,80.63929435
4437,0,random_negative,none,,cv,FALSE,3,64_65,,,,27.28416,50.66552,21.50527,2.32535,5.30906,1.14552,0.06779,2.04097,15.78513,28.32332,2,3.58927,6.960752601,80.71039179
4438,0,random_negative,none,,cv,FALSE,0,61_59,,,,22.89945,59.23461,16.13659,2.45078,5.17768,1.23987,0.05893,4.40487,13.68651,23.64975,2,0.86102,6.796866378,80.62387479
4439,0,random_negative,none,,cv,FALSE,4,62_62,,,,28.7133,49.90223,21.51615,2.22255,5.22411,1.18154,0.06342,0.03818,14.55767,27.85361,1,2.9844,6.897471783,80.67058265
4440,0,random_negative,none,,cv,FALSE,4,69_68,,,,19.4395,58.98867,19.31613,2.12533,5.49198,1.20155,0.0635,15.70486,15.38957,33.7682,2,2.77394,7.052994807,80.86003456
4441,0,random_negative,none,,cv,FALSE,0,59_63,,,,19.87396,64.06834,14.84975,2.19769,5.0956,1.24945,0.0608,2.59767,13.40035,20.51797,2,2.66633,6.920820842,80.58216875
4442,0,random_negative,none,,cv,FALSE,2,62_59,,,,24.38399,55.84861,18.38936,2.35806,5.14164,1.21268,0.06329,3.65611,14.01494,25.61739,2,1.57335,6.808392025,80.67123029
4443,0,random_negative,none,,cv,FALSE,1,70_71,,,,18.47695,61.86024,18.01438,1.49379,5.61163,1.29325,0.05566,12.30905,14.41426,29.51221,2,6.64848,7.129779776,80.86478127
4444,0,random_negative,none,,cv,FALSE,1,54_63,,,,19.93834,66.12024,12.52143,2.10214,4.94602,1.2618,0.05505,4.86565,11.59146,23.05908,1,2.251,6.911845947,80.44091233
4445,0,random_negative,none,,cv,FALSE,3,64_60,,,,26.15976,52.02441,20.98224,2.27319,5.21389,1.16756,0.06945,1.48148,14.56322,26.30541,2,1.136,6.841315738,80.7254911
4446,0,random_negative,none,,cv,FALSE,2,62_58,,,,23.11811,58.60891,16.6904,2.45732,5.17995,1.24204,0.05968,4.50768,13.68952,24.5823,2,3.04609,6.787116462,80.64709551
4447,0,random_negative,none,,cv,FALSE,2,71_72,,,,14.41916,68.03527,15.8425,0.98909,5.81198,1.37747,0.05621,13.85597,13.4975,27.06665,3,3.95037,7.167129571,80.90599284
4448,0,random_negative,none,,cv,FALSE,3,65_58,,,,25.24105,52.28065,21.22919,2.23952,5.32943,1.19597,0.07234,3.00375,14.89463,26.82146,1,3.62518,6.79080231,80.75465198
4449,0,random_negative,none,,cv,FALSE,3,65_58,,,,24.54761,54.61833,19.4761,2.28236,5.22197,1.20008,0.06675,3.73482,13.9607,26.56594,2,3.28126,6.787528819,80.72871376
4450,0,random_negative,none,,cv,FALSE,4,69_72,,,,19.34558,61.11978,18.07371,1.49432,5.61557,1.29892,0.05466,10.7614,14.71069,28.88795,2,3.94224,7.147713286,80.84706638
4451,0,random_negative,none,,cv,FALSE,3,67_58,,,,24.06571,53.34605,21.15637,2.1807,5.36157,1.18872,0.07393,3.39412,14.70286,26.20568,1,1.74203,6.785043268,80.79532106
4452,0,random_negative,none,,cv,FALSE,1,65_62,,,,28.10341,48.854,22.53543,2.27046,5.27565,1.14872,0.07084,0.97598,15.33487,28.10826,2,3.45385,6.87765813,80.73548008
4453,0,random_negative,none,,cv,FALSE,3,64_60,,,,25.96309,52.77342,20.419,2.26126,5.21462,1.17537,0.06747,1.70127,14.55962,26.13797,2,1.11796,6.837987959,80.71379978
4454,0,random_negative,none,,cv,FALSE,4,63_67,,,,25.11898,53.74479,20.2207,2.23795,5.30013,1.18714,0.06682,3.17643,15.42006,27.03317,1,2.36136,7.018440126,80.69868361
4455,0,random_negative,none,,cv,FALSE,2,61_66,,,,24.18834,56.27498,18.71008,2.28196,5.2594,1.18193,0.06665,2.06644,14.61923,24.8835,2,4.77228,6.990278503,80.64159407
4456,0,random_negative,none,,cv,FALSE,2,65_69,,,,24.56893,53.77953,20.22975,2.11374,5.34289,1.21738,0.06165,6.56641,14.57912,29.51311,2,2.53541,7.086203188,80.73166807
4457,0,random_negative,none,,cv,FALSE,3,61_63,,,,23.79791,57.7951,17.71883,2.25323,5.08011,1.22059,0.0637,1.47327,14.1359,23.63777,2,1.19895,6.911272307,80.62643732
4458,0,random_negative,none,,cv,FALSE,4,62_65,,,,24.22966,55.81346,19.24387,2.26618,5.26442,1.17724,0.06867,1.18344,14.91236,24.11889,1,3.79312,6.979827456,80.6530474
4459,0,random_negative,none,,cv,FALSE,2,56_62,,,,21.37918,62.80222,14.36429,2.20911,4.94909,1.26231,0.05692,2.86008,11.97097,21.88853,2,2.9447,6.880380968,80.50356494
4460,0,random_negative,none,,cv,FALSE,2,70_72,,,,16.60061,64.64917,17.14214,1.30443,5.72578,1.33068,0.05562,12.71596,13.86702,28.10155,2,6.04791,7.150259768,80.87726585
4461,0,random_negative,none,,cv,FALSE,1,67_68,,,,22.08761,55.85072,20.56201,2.12532,5.39912,1.20772,0.06418,9.76292,15.18499,30.60099,1,3.99255,7.038292916,80.80271329
4462,0,random_negative,none,,cv,FALSE,2,59_61,,,,20.99921,62.41286,15.0604,2.17856,5.12585,1.2533,0.06115,2.97349,14.10524,20.95444,3,0.24193,6.859775909,80.5723926
4463,0,random_negative,none,,cv,FALSE,4,57_63,,,,18.98237,65.91477,13.71179,2.16991,5.0797,1.2696,0.05977,3.06613,13.3901,20.00666,2,1.90922,6.921842511,80.53604707
4464,0,random_negative,none,,cv,FALSE,0,56_64,,,,19.72739,64.81467,14.06301,2.07044,5.1049,1.24779,0.05994,2.79466,12.66205,20.67165,2,2.34013,6.939353999,80.49067956
4465,0,random_negative,none,,cv,FALSE,2,59_61,,,,20.99921,62.41286,15.0604,2.17856,5.12585,1.2533,0.06115,2.97349,14.10524,20.95444,2,0.69653,6.859131564,80.56829949
4466,0,random_negative,none,,cv,FALSE,3,57_59,,,,20.71071,64.40446,13.17487,2.60069,5.08383,1.28152,0.0545,5.2191,11.94741,22.51201,2,2.74073,6.805667383,80.52847205
4467,0,random_negative,none,,cv,FALSE,0,60_67,,,,22.96401,58.33702,17.66828,2.22897,5.28931,1.20681,0.06678,1.9339,14.60992,23.46072,3,3.38895,7.017311579,80.61366819
4468,0,random_negative,none,,cv,FALSE,0,63_70,,,,24.20205,55.55069,18.96078,1.49737,5.39271,1.25988,0.06065,4.41797,13.96637,27.21975,3,2.2439,7.113665949,80.70063581
4469,0,random_negative,none,,cv,FALSE,4,68_73,,,,17.97347,63.98199,16.74041,1.00988,5.79264,1.37354,0.05409,11.00582,13.24177,27.79823,3,0.84527,7.18714871,80.83008978
4470,0,random_negative,none,,cv,FALSE,3,64_68,,,,24.64336,53.59086,20.7945,2.18235,5.28189,1.19629,0.06444,5.21743,15.30783,28.79609,2,2.64536,7.043234519,80.72570084
4471,0,random_negative,none,,cv,FALSE,0,68_70,,,,20.42829,58.63983,19.28799,2.0543,5.50573,1.24059,0.05948,11.04698,15.17933,30.07825,3,3.37667,7.100512976,80.82882297
4472,0,random_negative,none,,cv,FALSE,2,66_60,,,,26.39025,50.54404,22.23615,2.20423,5.26391,1.16991,0.07386,0.77319,14.68471,26.05848,2,1.14516,6.841932755,80.75649695
4473,0,random_negative,none,,cv,FALSE,2,66_60,,,,26.04706,50.40537,22.59734,2.24072,5.23266,1.17505,0.07528,0.75142,14.08945,25.78708,1,4.08983,6.824280941,80.77849423
4474,0,random_negative,none,,cv,FALSE,4,69_72,,,,17.33959,63.45859,17.51792,1.3112,5.70097,1.32213,0.05643,12.44368,13.87238,28.47931,1,4.8428,7.145510484,80.85860163
4475,0,random_negative,none,,cv,FALSE,2,56_63,,,,20.60088,63.76338,14.26056,2.08452,5.05522,1.25357,0.05768,2.54354,12.63891,21.06329,2,1.17839,6.909784172,80.50858722
4476,0,random_negative,none,,cv,FALSE,3,71_73,,,,14.56094,68.31605,15.7019,0.98499,5.842,1.38565,0.05445,13.02781,13.4928,26.4611,,2.59229,7.189495005,80.89901622
4477,0,random_negative,none,,cv,FALSE,3,60_66,,,,19.85871,63.17258,15.94613,2.26295,5.22405,1.20914,0.0628,1.40236,14.32354,19.93552,,1.64426,7.006419674,80.59375248
4478,0,random_negative,none,,cv,FALSE,3,71_69,,,,18.31291,61.28818,18.26514,2.15775,5.5516,1.23371,0.06066,15.58039,15.72744,32.59526,2,7.21659,7.088199691,80.89498105
4479,0,random_negative,none,,cv,FALSE,0,58_59,,,,21.4658,62.4231,14.05968,2.40352,5.11142,1.26813,0.05694,5.19794,13.02542,22.07499,2,4.20474,6.799810225,80.56294413
4480,0,random_negative,none,,cv,FALSE,4,62_65,,,,24.20063,56.17354,18.99143,2.2337,5.18917,1.18707,0.0662,1.18004,14.58743,24.17655,1,3.26876,6.974260791,80.65309876
4481,0,random_negative,none,,cv,FALSE,0,64_70,,,,24.18138,55.24214,19.24007,1.50385,5.37816,1.25555,0.06037,5.20271,13.96856,27.91051,2,2.56354,7.105462687,80.71149574
4482,0,random_negative,none,,cv,FALSE,0,66_66,,,,24.67615,52.82965,21.47223,2.30275,5.26915,1.16334,0.06679,5.97745,15.65515,29.39382,1,1.12515,7.003148365,80.7635436
4483,0,random_negative,none,,cv,FALSE,0,61_65,,,,22.01347,59.83001,17.41478,2.32632,5.19324,1.19705,0.06335,1.26468,14.33429,21.94841,3,3.65594,6.968094263,80.62423211
4484,0,random_negative,none,,cv,FALSE,3,64_61,,,,26.46433,51.8283,20.9741,2.26618,5.21327,1.1703,0.06854,1.39902,14.56262,26.53032,2,0.40776,6.851801638,80.71678091
4485,0,random_negative,none,,cv,FALSE,2,61_66,,,,22.00472,59.69191,17.39137,2.28502,5.21945,1.19553,0.06388,1.5792,14.33144,22.27353,2,3.13545,7.000218583,80.62439743
4486,0,random_negative,none,,cv,FALSE,4,62_62,,,,26.34684,53.22498,19.95235,2.22316,5.2248,1.19039,0.06297,1.11186,14.55363,25.93567,2,1.70211,6.877090263,80.66512409
4487,0,random_negative,none,,cv,FALSE,1,66_65,,,,27.2113,49.36278,22.53472,2.22925,5.3159,1.13526,0.07251,3.82686,15.60966,30.10894,2,0.70457,6.956163322,80.77838303
4488,0,random_negative,none,,cv,FALSE,2,62_66,,,,25.09241,54.69744,19.35935,2.28487,5.25364,1.18063,0.06683,2.54224,14.62257,26.27535,1,5.67863,7.000206968,80.65920402
4489,0,random_negative,none,,cv,FALSE,4,62_65,,,,24.55708,55.73567,19.17297,2.24475,5.1813,1.18207,0.06613,0.95554,14.5883,24.34047,1,2.72365,6.964962954,80.6504205
4490,0,random_negative,none,,cv,FALSE,2,64_57,,,,23.40467,56.48909,18.60596,2.29039,5.2568,1.22651,0.06376,4.13298,14.31067,25.6596,1,2.56052,6.76522563,80.71783631
4491,0,random_negative,none,,cv,FALSE,3,67_62,,,,28.18457,47.81001,23.4094,2.17963,5.27333,1.14269,0.07597,0.80183,15.02867,28.31381,1,2.39968,6.888358609,80.78521166
4492,0,random_negative,none,,cv,FALSE,2,68_71,,,,20.98376,58.97023,18.54925,1.51274,5.55312,1.2805,0.056,9.81549,14.85984,29.48142,2,5.47944,7.130029557,80.82969335
4493,0,random_negative,none,,cv,FALSE,1,57_58,,,,20.35046,65.21468,12.80339,2.6389,4.99147,1.27394,0.0508,5.65709,11.6551,23.00363,1,4.66174,6.792138532,80.51342548
4494,0,random_negative,none,,cv,FALSE,1,55_63,,,,20.55093,64.33626,13.64737,2.09221,4.97846,1.29121,0.05576,4.21155,11.99345,22.85966,1,2.7401,6.912075752,80.46800143
4495,0,random_negative,none,,cv,FALSE,4,65_61,,,,26.59563,51.14173,21.51556,2.27811,5.21291,1.16275,0.0706,1.18072,14.56621,26.604,2,1.51786,6.847778504,80.73644731
4496,0,random_negative,none,,cv,FALSE,0,68_60,,,,25.51218,50.55276,22.7415,2.23541,5.22973,1.17038,0.07768,1.52517,14.09388,26.1974,3,4.12642,6.84023653,80.81968771
4497,0,random_negative,none,,cv,FALSE,0,60_67,,,,23.30285,57.85428,17.79266,2.21879,5.29302,1.21002,0.06694,1.93991,14.60911,23.80422,2,3.88839,7.032790975,80.61429412
4498,0,random_negative,none,,cv,FALSE,4,59_65,,,,18.37939,65.61128,14.96508,2.27169,5.15325,1.22147,0.06388,1.87209,13.422,18.8972,1,1.44832,6.977109739,80.59249275
4499,0,random_negative,none,,cv,FALSE,4,62_62,,,,25.63654,54.3523,19.40971,2.21699,5.2284,1.1956,0.0622,1.32691,14.55134,25.27768,2,0.42638,6.883775173,80.65078513
4500,0,random_negative,none,,cv,FALSE,3,64_61,,,,26.68887,51.97011,20.73022,2.25249,5.21458,1.17565,0.06661,1.3081,14.56,26.60463,2,2.04568,6.857331621,80.70300598
4501,0,random_negative,none,,cv,FALSE,4,66_70,,,,23.52437,53.72973,20.73549,2.10655,5.34821,1.22718,0.06106,9.99856,15.30763,31.24725,2,2.5686,7.108142678,80.77177796
4502,0,random_negative,none,,cv,FALSE,0,61_62,,,,24.9052,55.50318,18.86044,2.21088,5.23206,1.20087,0.06146,1.54397,14.54904,24.59989,3,1.04952,6.877878126,80.64074367
4503,0,random_negative,none,,cv,FALSE,3,64_59,,,,25.64635,53.01444,20.30092,2.29486,5.18335,1.18482,0.06807,2.62667,13.96366,26.69042,1,1.21482,6.819158174,80.7182258
4504,0,random_negative,none,,cv,FALSE,3,60_60,,,,23.03461,59.19635,16.06433,2.2812,5.09337,1.24011,0.06153,3.95336,13.43,23.29928,2,3.35295,6.829052875,80.6027651
4505,0,random_negative,none,,cv,FALSE,0,61_62,,,,24.32187,56.52981,18.46206,2.21504,5.20418,1.21149,0.06318,1.10714,14.76965,23.7509,2,2.69815,6.899856339,80.63377815
4506,0,random_negative,none,,cv,FALSE,1,67_67,,,,23.85615,53.50291,21.11535,2.2332,5.30691,1.1706,0.06613,9.04595,15.67885,31.70338,4,2.65485,7.025773982,80.7973142
4507,0,random_negative,none,,cv,FALSE,0,66_61,,,,27.00354,49.21248,23.05106,2.20764,5.25805,1.15154,0.07553,0.38947,14.68888,26.53569,2,2.24808,6.865241846,80.77593259
4508,0,random_negative,none,,cv,FALSE,0,72_70,,,,15.33513,66.00468,16.7232,1.30184,5.68103,1.33085,0.05861,14.76188,13.7502,28.93313,2,10.20536,7.108126043,80.9387404
4509,0,random_negative,none,,cv,FALSE,4,63_67,,,,25.35372,53.72046,19.87806,2.21582,5.31664,1.19499,0.0658,3.59661,14.69417,27.48681,1,3.07611,7.028572227,80.69351174
4510,0,random_negative,none,,cv,FALSE,0,63_66,,,,25.62717,53.79531,19.81824,2.28875,5.27736,1.1808,0.06547,2.40272,14.80912,26.71626,3,4.40272,6.98946691,80.67525416
4511,0,random_negative,none,,cv,FALSE,1,67_68,,,,22.08761,55.85072,20.56201,2.12532,5.39912,1.20772,0.06418,9.76292,15.18499,30.60099,2,3.67633,7.043830429,80.79947549
4512,0,random_negative,none,,cv,FALSE,4,65_61,,,,27.74208,49.09582,22.54466,2.27927,5.27246,1.14696,0.07191,0.96483,15.33486,27.71517,2,2.56177,6.873164942,80.75028363
4513,0,random_negative,none,,cv,FALSE,1,60_65,,,,20.93502,61.49475,16.74511,2.31763,5.19747,1.18493,0.06285,1.30816,14.33141,20.87691,2,3.30881,6.965975969,80.61780622
4514,0,random_negative,none,,cv,FALSE,3,67_58,,,,23.72821,53.98181,20.77633,2.17067,5.37771,1.19566,0.07299,3.97408,14.70143,26.3861,1,1.31661,6.777319066,80.79060526
4515,0,random_negative,none,,cv,FALSE,4,66_67,,,,24.53339,53.15903,21.25618,2.28646,5.28581,1.17092,0.06581,5.88564,15.65266,29.09348,1,2.1576,7.010092078,80.75630885
4516,0,random_negative,none,,cv,FALSE,2,56_59,,,,21.02293,63.61519,13.655,2.63277,4.98654,1.27632,0.05019,5.93682,11.65314,24.10076,1,4.8753,6.793260251,80.49892555
4517,0,random_negative,none,,cv,FALSE,4,70_70,,,,18.53765,61.41718,18.35241,2.06088,5.57031,1.25448,0.05867,12.31937,15.3953,29.61149,2,6.90856,7.115786363,80.87255096
4518,0,random_negative,none,,cv,FALSE,0,64_70,,,,24.25963,55.35853,19.11577,1.50216,5.37909,1.25675,0.06078,4.65188,13.96678,27.51883,2,2.96848,7.104957998,80.70154048
4519,0,random_negative,none,,cv,FALSE,1,60_63,,,,21.74807,60.91861,16.4288,2.22951,5.08994,1.23351,0.06297,1.83388,14.12899,21.87639,2,1.1709,6.919409877,80.60552397
4520,0,random_negative,none,,cv,FALSE,3,57_59,,,,20.49533,64.84497,13.00078,2.64187,4.99548,1.27237,0.05176,5.36086,11.65699,22.67229,1,3.03624,6.805676813,80.5191949
4521,0,random_negative,none,,cv,FALSE,2,56_59,,,,20.7405,64.09052,13.52527,2.42853,4.968,1.26428,0.0516,5.74798,11.99724,23.83666,2,4.65324,6.817999195,80.49112237
4522,0,random_negative,none,,cv,FALSE,2,59_61,,,,21.48376,61.6561,15.29971,2.20224,5.05684,1.25277,0.062,3.53063,13.29881,21.7326,3,0.76847,6.854982653,80.57860144
4523,0,random_negative,none,,cv,FALSE,0,64_72,,,,23.41561,56.23968,18.90466,1.51667,5.50731,1.26591,0.05634,5.20079,14.21989,27.1377,2,2.74351,7.151023528,80.72484817
4524,0,random_negative,none,,cv,FALSE,3,63_61,,,,27.05643,51.68513,20.79351,2.24422,5.21613,1.1775,0.06562,1.07989,14.55909,26.80212,2,4.10754,6.873259696,80.6865505
4525,0,random_negative,none,,cv,FALSE,2,54_65,,,,20.2801,64.4423,13.84384,2.02353,5.08521,1.26561,0.05986,3.36825,12.65482,22.01293,3,2.46385,6.967716771,80.45139599
4526,0,random_negative,none,,cv,FALSE,2,56_60,,,,21.39132,63.68542,13.36612,2.42638,4.97127,1.26159,0.05294,4.97327,11.99872,23.62189,3,3.3663,6.829178317,80.50095286
4527,0,random_negative,none,,cv,FALSE,1,69_69,,,,19.78634,59.0644,19.40492,2.07994,5.47902,1.22874,0.06111,12.67945,15.18376,31.17307,2,2.21401,7.073741792,80.85206147
4528,0,random_negative,none,,cv,FALSE,1,68_67,,,,23.19649,54.10439,21.00541,2.23635,5.30176,1.16785,0.06665,10.57071,15.68193,32.54519,2,3.00701,7.019938513,80.81386052
4529,0,random_negative,none,,cv,FALSE,2,57_61,,,,20.73747,63.70574,13.9863,2.20085,5.04368,1.25979,0.05874,3.63179,13.39225,21.65265,2,0.58562,6.869470228,80.53507869
4530,0,random_negative,none,,cv,FALSE,0,64_70,,,,24.05241,54.78998,19.74372,1.53279,5.44039,1.25655,0.05779,6.3104,14.21914,28.81163,2,1.11935,7.118335422,80.71511995
4531,0,random_negative,none,,cv,FALSE,2,54_65,,,,20.2801,64.4423,13.84384,2.02353,5.08521,1.26561,0.05986,3.36825,12.65482,22.01293,2,2.42295,6.967772283,80.45180383
4532,0,random_negative,none,,cv,FALSE,2,69_66,,,,20.51442,57.0258,20.33314,2.07272,5.45254,1.16795,0.06908,13.76578,15.20992,33.13895,1,4.60305,6.983036571,80.86043585
4533,0,random_negative,none,,cv,FALSE,1,63_59,,,,24.96685,54.62908,19.19956,2.27648,5.19088,1.20125,0.06505,3.22549,13.95709,26.16123,2,3.18899,6.816305371,80.69460791
4534,0,random_negative,none,,cv,FALSE,3,64_59,,,,25.11099,54.23114,19.48551,2.28151,5.19113,1.19748,0.06588,3.1275,13.95895,26.34426,2,2.88111,6.811156624,80.70199783
4535,0,random_negative,none,,cv,FALSE,3,61_63,,,,23.42108,58.14822,17.75846,2.193,5.13379,1.22154,0.06242,1.05448,14.11801,22.88502,1,0.38622,6.921840699,80.62297026
4536,0,random_negative,none,,cv,FALSE,3,61_68,,,,24.19933,56.48424,18.23062,2.20399,5.29898,1.21621,0.06709,2.09128,14.6094,24.85036,2,5.81558,7.048290143,80.62508542
4537,0,random_negative,none,,cv,FALSE,0,58_59,,,,21.19671,62.85843,14.01442,2.47132,5.1121,1.26712,0.05565,5.35799,11.79105,22.43731,2,4.51468,6.794079918,80.55027712
4538,0,random_negative,none,,cv,FALSE,3,64_66,,,,26.41563,51.70311,21.26188,2.29665,5.25132,1.15404,0.06871,2.63694,15.42755,27.99755,2,3.58277,6.987994934,80.71495504
4539,0,random_negative,none,,cv,FALSE,0,61_59,,,,23.0855,58.7899,16.50004,2.4541,5.17651,1.23615,0.05951,4.34187,13.68846,24.10776,2,1.52888,6.793035224,80.63327437
4540,0,random_negative,none,,cv,FALSE,3,63_64,,,,28.60106,49.38439,21.93054,2.33918,5.30338,1.14495,0.06727,0.65534,15.78344,28.4562,,2.00327,6.947040809,80.68788603
4541,0,random_negative,none,,cv,FALSE,4,69_72,,,,19.78981,60.48601,18.35297,1.44869,5.64329,1.29312,0.05474,9.96575,15.04472,28.54408,2,2.98839,7.153840821,80.83932833
4542,0,random_negative,none,,cv,FALSE,2,59_62,,,,21.12618,62.32982,15.28474,2.22938,5.06985,1.24622,0.06159,2.51917,14.12188,21.29437,2,0.79814,6.886719866,80.57736414
4543,0,random_negative,none,,cv,FALSE,3,64_66,,,,26.03965,52.19153,21.04392,2.28363,5.26076,1.16947,0.06838,2.99235,15.42655,27.9136,1,3.45342,6.988810114,80.71841957
4544,0,random_negative,none,,cv,FALSE,0,60_67,,,,21.02215,61.35253,16.6271,2.26074,5.22763,1.20778,0.06348,1.43881,14.32569,21.1389,2,3.00367,7.013338973,80.61005852
4545,0,random_negative,none,,cv,FALSE,0,66_59,,,,25.65883,51.14043,22.14063,2.23462,5.24454,1.1822,0.07457,1.34548,14.08788,25.90337,1,4.11549,6.815243792,80.77308025
4546,0,random_negative,none,,cv,FALSE,3,57_59,,,,20.49533,64.84497,13.00078,2.64187,4.99548,1.27237,0.05176,5.36086,11.65699,22.67229,2,3.46495,6.800448858,80.52179776
4547,0,random_negative,none,,cv,FALSE,3,68_61,,,,25.54139,50.81371,22.44775,2.19329,5.27073,1.17104,0.07701,2.30767,14.69168,26.97829,1,2.15476,6.867131352,80.81855844
4548,0,random_negative,none,,cv,FALSE,2,61_58,,,,22.96382,58.86767,16.55196,2.45685,5.18434,1.25884,0.05918,4.74504,13.68859,24.69438,1,3.43299,6.773182613,80.64564343
4549,0,random_negative,none,,cv,FALSE,2,69_73,,,,17.45835,64.55608,16.77597,1.24173,5.79406,1.34658,0.05263,11.49203,13.51672,27.82726,,2.18721,7.190289404,80.84766871
4550,0,random_negative,none,,cv,FALSE,3,64_61,,,,27.31763,50.64157,21.52935,2.26203,5.2128,1.16577,0.06851,1.04269,14.56485,27.23437,2,1.98304,6.867734044,80.72266551
4551,0,random_negative,none,,cv,FALSE,2,70_67,,,,18.94257,58.68364,19.83526,2.15972,5.44997,1.18484,0.06626,18.64302,15.39502,36.24318,1,3.06829,7.017094134,80.87458538
4552,0,random_negative,none,,cv,FALSE,3,57_59,,,,20.54445,64.80499,12.97643,2.64519,4.99617,1.27969,0.05144,5.52254,11.65709,22.86377,3,3.91757,6.796864905,80.51961524
4553,0,random_negative,none,,cv,FALSE,2,65_69,,,,24.11242,53.7841,20.70942,2.14851,5.30724,1.21028,0.06327,7.11986,15.30759,29.71806,2,3.40645,7.069198819,80.74951334
4554,0,random_negative,none,,cv,FALSE,4,67_73,,,,21.72487,59.44564,17.40407,1.34666,5.69788,1.3098,0.05435,6.86555,13.88259,27.29808,2,5.08787,7.193111356,80.78700372
4555,0,random_negative,none,,cv,FALSE,0,61_61,,,,24.69545,55.80742,18.64583,2.21394,5.2299,1.20219,0.06156,1.75746,14.54837,24.42297,4,1.12418,6.871758087,80.64404478
4556,0,random_negative,none,,cv,FALSE,2,62_59,,,,23.64673,57.5992,17.35358,2.46112,5.1693,1.21326,0.06118,3.96179,13.69327,24.8561,1,0.75572,6.80637098,80.65633138
4557,0,random_negative,none,,cv,FALSE,0,55_65,,,,20.0331,64.55154,14.00893,2.0341,5.10364,1.26154,0.06026,3.03167,12.65746,21.40395,2,1.21317,6.96942554,80.47292433
4558,0,random_negative,none,,cv,FALSE,0,56_64,,,,19.88995,64.70162,14.00116,2.06447,5.0959,1.25009,0.05971,2.93933,12.66064,20.99331,1,1.91769,6.934389807,80.48571054
4559,0,random_negative,none,,cv,FALSE,4,67_66,,,,24.87963,52.20982,21.4818,2.26463,5.28515,1.15359,0.06885,7.97157,15.84702,31.54203,1,1.17736,6.991485664,80.79248299
4560,0,random_negative,none,,cv,FALSE,1,57_62,,,,20.17237,64.45999,13.87486,2.18674,5.05445,1.26084,0.05904,3.44179,13.39053,21.18793,2,1.65629,6.893072259,80.52681262
4561,0,random_negative,none,,cv,FALSE,2,62_66,,,,25.62717,53.79531,19.81824,2.28875,5.27736,1.1808,0.06547,2.40272,14.80912,26.71626,4,4.66805,6.99220829,80.67069296
4562,0,random_negative,none,,cv,FALSE,2,57_61,,,,21.56922,62.26855,14.63154,2.22183,4.95396,1.25039,0.05701,4.15634,11.97342,23.19842,1,1.45271,6.868176855,80.51476985
4563,0,random_negative,none,,cv,FALSE,4,58_61,,,,21.07797,62.74205,14.71538,2.22912,5.05324,1.25402,0.06071,2.97094,14.11771,21.28484,2,1.74418,6.872360097,80.55439556
4564,0,random_negative,none,,cv,FALSE,3,66_58,,,,24.94646,52.79922,20.92377,2.23181,5.34405,1.20195,0.07163,3.45144,14.89359,26.91705,1,2.56753,6.782629681,80.76050899
4565,0,random_negative,none,,cv,FALSE,1,67_67,,,,24.39439,52.93116,21.29801,2.24445,5.30008,1.16626,0.06651,8.00359,15.67835,31.29514,2,1.76199,7.014769749,80.78364694
4566,0,random_negative,none,,cv,FALSE,3,71_73,,,,14.37048,68.27178,15.73669,0.98732,5.8246,1.38114,0.05561,13.60432,13.4952,26.79655,3,3.08927,7.176550837,80.90479564
4567,0,random_negative,none,,cv,FALSE,0,70_73,,,,14.97538,67.43537,16.00085,0.98913,5.81313,1.37613,0.05564,13.22383,13.49924,26.98649,,4.48004,7.174399375,80.88856031
4568,0,random_negative,none,,cv,FALSE,3,60_66,,,,21.02215,61.35253,16.6271,2.26074,5.22763,1.20778,0.06348,1.43881,14.32569,21.1389,3,2.35422,7.007944417,80.60772359
4569,0,random_negative,none,,cv,FALSE,4,68_73,,,,17.97347,63.98199,16.74041,1.00988,5.79264,1.37354,0.05409,11.00582,13.24177,27.79823,,1.21709,7.190422028,80.82923531
4570,0,random_negative,none,,cv,FALSE,0,65_60,,,,26.28859,51.30491,21.57262,2.28512,5.21432,1.16587,0.07155,1.13772,14.56672,26.26334,3,1.12494,6.840032171,80.74796555
4571,0,random_negative,none,,cv,FALSE,4,63_67,,,,25.01489,54.06325,20.04028,2.23435,5.30532,1.18989,0.06653,2.8689,15.41825,26.63585,2,3.73772,7.022385058,80.68625276
4572,0,random_negative,none,,cv,FALSE,1,56_66,,,,18.99537,66.06401,13.72324,2.15438,5.137,1.28511,0.0632,1.98106,12.78955,19.43513,3,2.73661,6.988200746,80.50321826
4573,0,random_negative,none,,cv,FALSE,3,57_64,,,,18.2603,67.08215,13.31972,2.256,5.09105,1.27851,0.06226,2.63761,13.40536,19.02807,2,1.514,6.937571634,80.5257477
4574,0,random_negative,none,,cv,FALSE,2,59_61,,,,21.33386,61.81475,15.36473,2.18463,5.12948,1.25195,0.06155,2.85583,14.10776,21.17335,,0.81582,6.864567997,80.58063097
4575,0,random_negative,none,,cv,FALSE,2,56_59,,,,21.04246,63.80059,13.56089,2.43108,4.97254,1.2619,0.05255,5.86524,11.99888,24.1802,2,3.78429,6.818852907,80.49911657
4576,0,random_negative,none,,cv,FALSE,4,69_71,,,,19.34558,61.11978,18.07371,1.49432,5.61557,1.29892,0.05466,10.7614,14.71069,28.88795,2,4.49182,7.145316763,80.8529013
4577,0,random_negative,none,,cv,FALSE,3,65_58,,,,24.96862,52.93966,20.76264,2.22903,5.34311,1.19422,0.07097,3.54845,14.8925,26.9516,2,4.30645,6.786338565,80.74463495
4578,0,random_negative,none,,cv,FALSE,2,69_70,,,,20.28859,58.84006,19.20545,2.08358,5.5146,1.24128,0.05969,11.22105,15.70223,30.21093,2,4.96034,7.107255706,80.85500966
4579,0,random_negative,none,,cv,FALSE,4,69_72,,,,19.78981,60.48601,18.35297,1.44869,5.64329,1.29312,0.05474,9.96575,15.04472,28.54408,1,3.26121,7.154192587,80.84608495
4580,0,random_negative,none,,cv,FALSE,0,61_65,,,,22.6517,58.69883,17.87173,2.31367,5.2034,1.18257,0.06396,1.48346,14.33552,22.85175,1,4.26086,6.981670744,80.63632721
4581,0,random_negative,none,,cv,FALSE,3,71_69,,,,18.24514,60.73822,18.68918,2.18071,5.51539,1.22083,0.06256,17.20444,15.73281,34.12456,1,7.05184,7.070064154,80.89966246
4582,0,random_negative,none,,cv,FALSE,3,65_59,,,,25.47446,52.84196,20.57912,2.30171,5.1948,1.18278,0.06955,2.59293,13.96617,26.6182,2,2.70402,6.810515509,80.73478229
4583,0,random_negative,none,,cv,FALSE,1,55_63,,,,20.54411,64.21862,13.77752,2.09848,4.98512,1.28927,0.05609,4.08262,11.9947,22.6809,1,2.2025,6.909069445,80.47432369
4584,0,random_negative,none,,cv,FALSE,1,68_59,,,,24.55306,51.98131,22.08091,2.19569,5.32938,1.17359,0.07704,2.41336,14.70756,25.96399,1,2.05489,6.81331582,80.82215315
4585,0,random_negative,none,,cv,FALSE,1,65_62,,,,27.74208,49.09582,22.54466,2.27927,5.27246,1.14696,0.07191,0.96483,15.33486,27.71517,2,2.68533,6.87424266,80.75141752
4586,0,random_negative,none,,cv,FALSE,0,61_57,,,,22.81341,59.12094,16.42434,2.45615,5.18857,1.26367,0.05862,4.98502,13.68763,24.83869,1,3.61151,6.76468333,80.64001257
4587,0,random_negative,none,,cv,FALSE,3,64_65,,,,27.31113,50.44638,21.63654,2.32966,5.3033,1.14281,0.0684,2.31184,15.78677,28.61454,1,4.76263,6.96780922,80.72357835
4588,0,random_negative,none,,cv,FALSE,4,57_63,,,,19.45738,65.4211,13.68519,2.17174,5.06651,1.2714,0.05938,3.26349,13.38873,20.5549,3,0.41633,6.909216799,80.52927703
4589,0,random_negative,none,,cv,FALSE,2,58_62,,,,20.47204,63.75516,14.32947,2.19999,5.06522,1.2588,0.05961,3.22503,13.39535,21.22768,3,2.22227,6.886002404,80.54518441
4590,0,random_negative,none,,cv,FALSE,4,61_67,,,,24.01341,56.60726,18.34331,2.23091,5.28613,1.20542,0.06675,2.28364,14.61315,24.86103,4,6.12654,7.027552803,80.63804481
4591,0,random_negative,none,,cv,FALSE,0,61_59,,,,23.27523,58.34506,16.84268,2.4575,5.17538,1.23239,0.06013,4.2737,13.6904,24.51006,2,2.09214,6.797690505,80.64672782
4592,0,random_negative,none,,cv,FALSE,2,69_66,,,,22.12114,55.23886,20.72195,2.13551,5.38152,1.16627,0.06891,12.25272,15.38197,33.25744,1,3.6599,6.991603168,80.84509494
4593,0,random_negative,none,,cv,FALSE,1,63_69,,,,24.39865,55.21444,19.24539,1.51038,5.35533,1.25136,0.06129,4.46045,13.96586,27.58138,2,1.75291,7.088495557,80.69339707
4594,0,random_negative,none,,cv,FALSE,3,66_63,,,,29.99749,45.90256,23.75689,2.22556,5.24616,1.13981,0.0714,1.25977,14.85285,30.667,1,3.60776,6.918851316,80.77028774
4595,0,random_negative,none,,cv,FALSE,3,65_59,,,,25.20406,53.07111,20.5419,2.30162,5.20666,1.18444,0.06989,2.75501,13.96659,26.5404,3,4.43927,6.804616342,80.75111646
4596,0,random_negative,none,,cv,FALSE,3,54_64,,,,20.27246,64.61993,13.6622,2.02614,5.0702,1.26481,0.05926,3.54971,12.654,22.17145,1,3.81738,6.951919943,80.44990453
4597,0,random_negative,none,,cv,FALSE,1,67_67,,,,23.00489,54.3779,20.87988,2.22383,5.3117,1.17333,0.06594,10.83006,15.68088,32.54914,2,3.93021,7.034056557,80.80888779
4598,0,random_negative,none,,cv,FALSE,1,60_63,,,,22.13587,60.41122,16.52307,2.23713,5.08355,1.23237,0.06287,1.88627,14.12955,22.18387,3,2.23784,6.910026974,80.60167369
4599,0,random_negative,none,,cv,FALSE,3,60_66,,,,21.08047,61.18322,16.8162,2.28735,5.21583,1.19664,0.06327,1.47635,14.32932,21.23771,3,2.08146,6.997638664,80.6150536
4600,0,random_negative,none,,cv,FALSE,0,72_70,,,,15.33513,66.00468,16.7232,1.30184,5.68103,1.33085,0.05861,14.76188,13.7502,28.93313,4,10.37829,7.106500767,80.93813499
4601,0,random_negative,none,,cv,FALSE,0,62_61,,,,25.30185,54.81839,19.13804,2.21994,5.22669,1.19716,0.0623,1.57822,14.55058,25.01215,2,1.43668,6.867097315,80.64847689
4602,0,random_negative,none,,cv,FALSE,1,70_71,,,,18.13021,62.33661,17.87991,1.49242,5.61707,1.29544,0.05563,12.61465,14.41271,29.50483,3,7.1736,7.125084081,80.8662913
4603,0,random_negative,none,,cv,FALSE,4,62_62,,,,26.9768,52.19738,20.45703,2.22933,5.22148,1.18533,0.06376,0.92472,14.55587,26.52922,1,1.96738,6.87921987,80.66778505
4604,0,random_negative,none,,cv,FALSE,2,61_58,,,,22.89945,59.23461,16.13659,2.45078,5.17768,1.23987,0.05893,4.40487,13.68651,23.64975,2,0.91668,6.790734704,80.62800074
4605,0,random_negative,none,,cv,FALSE,2,63_58,,,,24.12218,55.82872,18.57096,2.26577,5.22485,1.23826,0.06379,4.26152,13.95476,26.2943,1,0.45914,6.776034696,80.69876795
4606,0,random_negative,none,,cv,FALSE,4,66_62,,,,29.33823,46.78018,23.44391,2.23848,5.24347,1.139,0.07217,1.0958,14.85174,29.75195,1,4.83053,6.898225021,80.76296432
4607,0,random_negative,none,,cv,FALSE,2,62_59,,,,23.98984,57.22065,17.28864,2.30266,5.10453,1.22599,0.0632,3.88165,13.4397,24.8875,2,1.23718,6.818193175,80.6478395
4608,0,random_negative,none,,cv,FALSE,2,62_59,,,,24.01181,56.57575,17.90525,2.25676,5.20582,1.22016,0.06206,3.97542,13.94993,25.3231,2,1.90546,6.796247431,80.66160251
4609,0,random_negative,none,,cv,FALSE,2,64_58,,,,23.40467,56.48909,18.60596,2.29039,5.2568,1.22651,0.06376,4.13298,14.31067,25.6596,1,2.12289,6.771673773,80.71730491
4610,0,random_negative,none,,cv,FALSE,4,58_64,,,,18.30019,66.69504,13.65711,2.1678,5.0931,1.26796,0.06013,2.86697,13.39147,19.26811,2,3.57496,6.93131788,80.5481265
4611,0,random_negative,none,,cv,FALSE,3,71_73,,,,14.61859,68.08608,15.78157,0.98659,5.83057,1.38214,0.05503,13.21053,13.495,26.66755,,3.38274,7.181997316,80.89523621
4612,0,random_negative,none,,cv,FALSE,1,68_68,,,,20.81198,57.46539,19.71756,2.138,5.46911,1.19592,0.06395,12.90821,15.38853,32.35997,2,2.45883,7.041310588,80.830838
4613,0,random_negative,none,,cv,FALSE,2,62_58,,,,23.28582,58.20172,16.9982,2.46057,5.17919,1.22742,0.06031,4.44456,13.69142,24.91744,2,3.13807,6.785660972,80.65034921
4614,0,random_negative,none,,cv,FALSE,3,60_60,,,,23.37431,58.49665,16.63932,2.28562,5.0909,1.23391,0.06205,3.68164,13.43268,23.88376,1,3.52176,6.841842241,80.61511112
4615,0,random_negative,none,,cv,FALSE,4,62_64,,,,26.69607,52.9025,20.2699,2.30916,5.14092,1.15482,0.06569,0.56673,15.02288,26.34221,1,0.53609,6.946765835,80.66638586
4616,0,random_negative,none,,cv,FALSE,1,63_63,,,,31.55657,46.13897,22.98762,2.33536,5.18526,1.16442,0.06163,-0.58812,15.30352,30.67209,1,1.98337,6.927807571,80.68218588
4617,0,random_negative,none,,cv,FALSE,4,73_70,,,,15.11939,66.20889,16.74877,1.18119,5.71919,1.33078,0.05877,14.79393,13.76648,28.75246,2,9.261,7.116335418,80.94626202
4618,0,random_negative,none,,cv,FALSE,3,60_58,,,,22.61769,59.84382,15.66919,2.44801,5.18255,1.24639,0.05795,4.67273,13.68386,23.30629,2,0.14622,6.790352169,80.61839912
4619,0,random_negative,none,,cv,FALSE,3,66_58,,,,24.08183,54.11242,20.38495,2.27236,5.36892,1.21885,0.07083,3.67908,15.08734,26.22221,1,2.74427,6.780583197,80.75754396
4620,0,random_negative,none,,cv,FALSE,1,58_58,,,,21.1936,62.86795,14.0189,2.47297,5.11488,1.28,0.05532,5.51607,11.79105,22.67912,3,4.76876,6.790203812,80.54732326
4621,0,random_negative,none,,cv,FALSE,0,62_60,,,,24.5527,55.75156,18.54435,2.23305,5.22136,1.21,0.06304,2.41594,14.54917,24.63333,2,2.7118,6.836553268,80.6647828
4622,0,random_negative,none,,cv,FALSE,4,67_60,,,,26.63665,48.31851,24.28625,2.25098,5.21606,1.16328,0.07816,-1.32701,14.0942,24.70304,2,3.23366,6.841074796,80.8029769
4623,0,random_negative,none,,cv,FALSE,1,68_64,,,,25.97817,50.50678,22.25715,2.24201,5.31053,1.13111,0.07459,5.48775,15.61433,30.49008,1,2.12416,6.948458508,80.8179316
4624,0,random_negative,none,,cv,FALSE,2,63_65,,,,26.71678,51.69568,21.16384,2.30015,5.25342,1.15945,0.06808,1.75542,15.42489,27.48352,2,4.16816,6.974147156,80.69896576
4625,0,random_negative,none,,cv,FALSE,3,60_66,,,,19.88191,63.05956,16.10695,2.2892,5.21318,1.19816,0.06262,1.42772,14.32714,19.97439,3,1.16672,6.982795416,80.60711821
4626,0,random_negative,none,,cv,FALSE,0,63_60,,,,24.76595,55.11141,18.98267,2.24463,5.21881,1.19415,0.06444,2.46495,14.55185,25.12148,3,3.2042,6.823414944,80.68485193
4627,0,random_negative,none,,cv,FALSE,0,67_74,,,,20.51575,61.15055,16.93338,1.06134,5.76464,1.33884,0.05493,8.12481,13.63465,27.38669,1,5.03506,7.201538196,80.79110019
4628,0,random_negative,none,,cv,FALSE,4,66_67,,,,24.15436,53.35084,21.32482,2.29151,5.27428,1.16772,0.06648,6.94729,15.65571,29.76159,3,1.22629,7.011193999,80.77897687
4629,0,random_negative,none,,cv,FALSE,4,66_67,,,,23.87727,53.8243,21.0211,2.26197,5.30189,1.1835,0.06489,7.13146,15.6522,29.51872,1,3.30827,7.028446305,80.76179926
4630,0,random_negative,none,,cv,FALSE,2,58_62,,,,20.7097,63.27957,14.60339,2.20709,5.06929,1.2549,0.05992,3.1103,13.39787,21.34613,3,1.7605,6.886751836,80.56116569
4631,0,random_negative,none,,cv,FALSE,0,61_65,,,,22.77696,58.56517,17.93825,2.32432,5.19625,1.19652,0.06387,1.36275,14.33631,22.85985,1,3.9552,6.975180958,80.63153247
4632,0,random_negative,none,,cv,FALSE,0,63_62,,,,27.21361,51.25242,21.0703,2.25021,5.21459,1.17339,0.06655,1.0531,14.56107,27.01516,2,3.40402,6.874462336,80.70130234
4633,0,random_negative,none,,cv,FALSE,4,64_63,,,,29.20984,47.84135,22.81355,2.24629,5.28791,1.15277,0.0684,0.73247,15.33566,29.17385,1,2.63556,6.913036014,80.71675307
4634,0,random_negative,none,,cv,FALSE,2,71_72,,,,14.66914,67.85294,15.87454,0.98825,5.81855,1.3786,0.05562,13.43348,13.49723,26.90752,,4.37775,7.169778623,80.89439592
4635,0,random_negative,none,,cv,FALSE,2,59_62,,,,21.58337,61.54567,15.67729,2.23646,5.07149,1.24145,0.06196,2.37843,14.12471,21.65473,2,1.4449,6.888090174,80.59026694
4636,0,random_negative,none,,cv,FALSE,3,68_63,,,,26.66375,49.61793,22.71053,2.15365,5.28892,1.14583,0.07615,3.40334,15.03382,29.29034,2,1.02306,6.922362728,80.81449141
4637,0,random_negative,none,,cv,FALSE,0,66_61,,,,27.92042,48.58974,22.8173,2.25362,5.24494,1.14107,0.07322,1.09135,14.8496,28.12983,1,3.1364,6.873852338,80.76535587
4638,0,random_negative,none,,cv,FALSE,3,64_65,,,,26.81122,51.08382,21.37749,2.3173,5.31273,1.14842,0.06797,2.72003,15.78597,28.45301,2,5.00399,6.972425819,80.71575336
4639,0,random_negative,none,,cv,FALSE,4,66_67,,,,24.15436,53.35084,21.32482,2.29151,5.27428,1.16772,0.06648,6.94729,15.65571,29.76159,2,1.49773,7.014656624,80.77262758
4640,0,random_negative,none,,cv,FALSE,2,70_67,,,,18.94257,58.68364,19.83526,2.15972,5.44997,1.18484,0.06626,18.64302,15.39502,36.24318,1,2.69237,7.022744037,80.87326255
4641,0,random_negative,none,,cv,FALSE,2,65_69,,,,24.11242,53.7841,20.70942,2.14851,5.30724,1.21028,0.06327,7.11986,15.30759,29.71806,2,3.29467,7.070206838,80.75023603
4642,0,random_negative,none,,cv,FALSE,1,68_67,,,,21.1712,56.8385,20.02554,2.16311,5.44154,1.18443,0.06559,12.66331,15.39127,32.56833,3,2.25654,7.021382593,80.83148554
4643,0,random_negative,none,,cv,FALSE,1,56_66,,,,19.2528,65.66554,13.87663,2.14636,5.14136,1.28765,0.06363,1.91497,12.78936,19.6661,1,2.61154,6.989217322,80.50626179
4644,0,random_negative,none,,cv,FALSE,2,62_59,,,,24.08393,56.46159,18.11393,2.35443,5.13752,1.20618,0.0629,2.88001,14.01378,24.4121,2,0.34714,6.815335213,80.65993335
4645,0,random_negative,none,,cv,FALSE,1,71_71,,,,16.22029,64.57332,17.36729,1.31676,5.68847,1.32135,0.05756,14.13411,13.8706,29.11654,2,8.22853,7.128752347,80.89850726
4646,0,random_negative,none,,cv,FALSE,0,67_59,,,,24.8641,51.77712,22.14422,2.20107,5.32878,1.18347,0.07583,1.87178,14.70578,25.65837,1,1.4622,6.809297449,80.79696581
4647,0,random_negative,none,,cv,FALSE,2,71_72,,,,14.41916,68.03527,15.8425,0.98909,5.81198,1.37747,0.05621,13.85597,13.4975,27.06665,2,4.52042,7.161195942,80.90712718
4648,0,random_negative,none,,cv,FALSE,0,68_60,,,,25.94165,49.54301,23.53042,2.2429,5.23252,1.16899,0.07783,-0.17476,14.09295,25.04312,1,3.63991,6.834310545,80.81140053
4649,0,random_negative,none,,cv,FALSE,1,68_59,,,,24.10632,52.97787,21.45097,2.18364,5.35526,1.18363,0.07537,3.18391,14.70472,26.15077,2,1.23394,6.796538686,80.81767152
4650,0,random_negative,none,,cv,FALSE,3,64_65,,,,26.75268,51.33839,21.23345,2.31323,5.31859,1.15111,0.0674,2.43938,15.78432,28.11731,3,4.68851,6.978520849,80.71120902
4651,0,random_negative,none,,cv,FALSE,3,54_64,,,,20.27246,64.61993,13.6622,2.02614,5.0702,1.26481,0.05926,3.54971,12.654,22.17145,1,4.39039,6.950844073,80.44303029
4652,0,random_negative,none,,cv,FALSE,0,60_64,,,,21.82103,60.51346,16.85585,2.22491,5.1219,1.19238,0.06603,1.34248,13.67719,21.61855,1,1.4121,6.941382742,80.61078267
4653,0,random_negative,none,,cv,FALSE,0,65_60,,,,26.15976,52.02441,20.98224,2.27319,5.21389,1.16756,0.06945,1.48148,14.56322,26.30541,2,1.31275,6.845180519,80.73085499
4654,0,random_negative,none,,cv,FALSE,0,61_59,,,,23.50613,58.27303,16.52021,2.29224,5.10288,1.23427,0.06222,4.07039,13.43476,24.00626,2,2.87249,6.815952765,80.62368286
4655,0,random_negative,none,,cv,FALSE,2,54_65,,,,20.2801,64.4423,13.84384,2.02353,5.08521,1.26561,0.05986,3.36825,12.65482,22.01293,2,2.40831,6.964825801,80.45436554
4656,0,random_negative,none,,cv,FALSE,1,66_65,,,,27.45078,49.36946,22.43042,2.22471,5.3207,1.13993,0.07148,3.11695,15.60707,29.63404,1,1.69315,6.955836648,80.75583457
4657,0,random_negative,none,,cv,FALSE,2,61_70,,,,24.63181,55.22204,19.10671,1.48404,5.39303,1.25351,0.06534,2.47159,14.2188,26.09335,1,1.10855,7.095551637,80.64100661
4658,0,random_negative,none,,cv,FALSE,4,65_63,,,,28.69579,48.06644,22.86482,2.26146,5.27853,1.14707,0.07035,0.97386,15.33706,28.83597,2,5.54165,6.902308702,80.74179731
4659,0,random_negative,none,,cv,FALSE,0,70_73,,,,15.19801,67.49242,15.93791,0.98697,5.83181,1.38038,0.05442,12.52668,13.49703,26.57457,3,4.76952,7.188191934,80.87846317
4660,0,random_negative,none,,cv,FALSE,1,66_74,,,,22.4195,59.95578,16.14925,1.09581,5.72112,1.33774,0.05414,6.53074,13.38624,27.77944,,3.61727,7.218415317,80.77147761
4661,0,random_negative,none,,cv,FALSE,2,63_58,,,,24.23985,55.77833,18.54133,2.26618,5.21526,1.21449,0.06367,4.03657,13.9542,26.08205,1,1.67893,6.787321141,80.68669342
4662,0,random_negative,none,,cv,FALSE,2,65_67,,,,24.53339,53.15903,21.25618,2.28646,5.28581,1.17092,0.06581,5.88564,15.65266,29.09348,1,2.48734,7.011322659,80.75358174
4663,0,random_negative,none,,cv,FALSE,0,61_62,,,,23.9239,57.46097,17.50499,2.26296,5.17809,1.22143,0.06203,2.44639,14.24572,24.02283,3,0.98343,6.875056728,80.6226799
4664,0,random_negative,none,,cv,FALSE,4,65_73,,,,22.93425,57.21753,18.41122,1.51177,5.53771,1.26803,0.05487,5.20963,14.22252,26.72076,1,6.28865,7.173070972,80.74984821
4665,0,random_negative,none,,cv,FALSE,3,67_58,,,,24.06571,53.34605,21.15637,2.1807,5.36157,1.18872,0.07393,3.39412,14.70286,26.20568,1,1.62124,6.782920693,80.7930684
4666,0,random_negative,none,,cv,FALSE,4,68_73,,,,17.97347,63.98199,16.74041,1.00988,5.79264,1.37354,0.05409,11.00582,13.24177,27.79823,3,0.9942,7.187881381,80.8276151
4667,0,random_negative,none,,cv,FALSE,0,67_75,,,,22.07332,61.21569,15.57588,1.06116,5.80423,1.34218,0.05338,6.31417,13.63218,27.49205,3,1.82808,7.23430719,80.78520586
4668,0,random_negative,none,,cv,FALSE,3,64_60,,,,25.64635,53.01444,20.30092,2.29486,5.18335,1.18482,0.06807,2.62667,13.96366,26.69042,1,0.20886,6.828208393,80.72059828
4669,0,random_negative,none,,cv,FALSE,1,58_60,,,,20.90426,63.22278,14.16704,2.40944,5.0744,1.26732,0.05895,4.35341,13.24941,21.73771,2,1.9909,6.831996488,80.54986861
4670,0,random_negative,none,,cv,FALSE,0,65_60,,,,25.93927,51.82728,21.31912,2.2852,5.216,1.16944,0.07133,1.31381,14.56539,26.02233,1,1.58724,6.835770673,80.7518871
4671,0,random_negative,none,,cv,FALSE,2,63_58,,,,24.12112,56.1162,18.2863,2.26202,5.21426,1.21773,0.06296,4.10012,13.95252,25.87754,2,2.52331,6.785465645,80.67783649
4672,0,random_negative,none,,cv,FALSE,0,61_65,,,,23.15258,58.05869,18.15895,2.23984,5.18243,1.18731,0.0651,0.8725,14.58312,22.72733,2,3.14068,6.955816802,80.63815278
4673,0,random_negative,none,,cv,FALSE,3,64_60,,,,25.2506,53.82907,19.87639,2.26144,5.21686,1.18864,0.06704,2.17846,14.55717,25.72157,1,1.24079,6.826984691,80.70918658
4674,0,random_negative,none,,cv,FALSE,0,58_59,,,,20.83965,63.46163,13.9069,2.36592,5.09381,1.26932,0.05749,5.08241,11.893,22.26939,2,1.886,6.814811743,80.5385782
4675,0,random_negative,none,,cv,FALSE,4,62_65,,,,26.39335,52.78386,20.47168,2.33812,5.21698,1.1587,0.06841,1.11978,15.35042,26.48638,2,1.48571,6.963391272,80.67109061
4676,0,random_negative,none,,cv,FALSE,0,61_62,,,,24.18718,56.63303,18.32316,2.20487,5.23562,1.2061,0.06074,1.74896,14.54674,23.92997,2,1.01261,6.877716975,80.63493267
4677,0,random_negative,none,,cv,FALSE,2,61_66,,,,21.88041,59.90199,17.34353,2.29519,5.2132,1.19172,0.06368,1.52317,14.33206,22.09661,2,3.04213,6.990020682,80.62593302
4678,0,random_negative,none,,cv,FALSE,2,63_57,,,,23.74994,56.72782,17.92801,2.25388,5.22945,1.25079,0.06181,4.63705,13.95057,26.01407,2,2.43585,6.764101882,80.68474686
4679,0,random_negative,none,,cv,FALSE,3,65_59,,,,25.47446,52.84196,20.57912,2.30171,5.1948,1.18278,0.06955,2.59293,13.96617,26.6182,2,2.52022,6.812495437,80.73460211
4680,0,random_negative,none,,cv,FALSE,0,66_61,,,,27.37996,49.31493,22.59425,2.28757,5.27037,1.1455,0.07297,0.8628,15.33478,27.24988,2,1.06943,6.856843157,80.75683761
4681,0,random_negative,none,,cv,FALSE,2,60_61,,,,23.39013,58.38576,16.94939,2.28291,5.08386,1.23099,0.06207,3.38614,13.43267,24.09431,1,1.86355,6.858821462,80.6173815
4682,0,random_negative,none,,cv,FALSE,2,66_60,,,,26.473,49.73177,22.99648,2.21334,5.26044,1.16728,0.0758,-0.06427,14.68644,25.50306,2,3.22372,6.843573263,80.77845079
4683,0,random_negative,none,,cv,FALSE,1,68_67,,,,21.37599,56.7789,19.94522,2.1507,5.45349,1.1903,0.06457,11.91178,15.38899,31.97446,3,2.89903,7.030985586,80.82377777
4684,0,random_negative,none,,cv,FALSE,1,65_71,,,,23.65907,54.8535,19.84867,1.53197,5.44261,1.25634,0.0569,7.83148,14.22338,29.68166,3,2.86874,7.125476525,80.74510047
4685,0,random_negative,none,,cv,FALSE,3,67_62,,,,27.43186,48.4866,23.25795,2.18616,5.26298,1.16768,0.07567,2.0051,14.69461,28.72235,2,2.66756,6.895574647,80.80301547
4686,0,random_negative,none,,cv,FALSE,1,60_63,,,,21.20968,61.89845,15.84244,2.21417,5.09602,1.23914,0.06153,2.32927,13.40619,21.68081,3,1.05998,6.922040947,80.59965131
4687,0,random_negative,none,,cv,FALSE,1,56_66,,,,18.66154,66.39464,13.73564,2.15857,5.14738,1.26177,0.06315,1.87638,12.7909,19.01501,3,1.98048,6.983873983,80.50866521
4688,0,random_negative,none,,cv,FALSE,4,72_74,,,,13.2759,70.26759,14.97121,0.97876,5.88114,1.40055,0.05401,13.42229,13.48171,25.64081,2,0.68531,7.200008546,80.93620542
4689,0,random_negative,none,,cv,FALSE,2,62_58,,,,22.9654,58.36834,17.06006,2.41986,5.2484,1.25404,0.06022,5.33709,13.75513,25.82159,2,3.2208,6.770578979,80.67242869
4690,0,random_negative,none,,cv,FALSE,4,61_64,,,,22.44874,59.22891,17.63743,2.24224,5.17977,1.18802,0.0646,0.84821,14.58096,21.89677,1,2.7146,6.943364948,80.62753596
4691,0,random_negative,none,,cv,FALSE,3,64_59,,,,24.94457,54.3115,19.5104,2.28301,5.20044,1.19825,0.0663,3.30228,13.95973,26.41186,2,2.64838,6.808139526,80.71021168
4692,0,random_negative,none,,cv,FALSE,4,63_67,,,,25.33195,53.93521,19.78017,2.22371,5.31257,1.19278,0.0657,3.14178,14.69325,27.05951,4,4.19666,7.024521042,80.68228481
4693,0,random_negative,none,,cv,FALSE,1,60_65,,,,19.69478,63.35779,16.01563,2.29897,5.20771,1.19454,0.06244,1.399,14.32778,19.73924,3,1.60129,6.975795768,80.60482705
4694,0,random_negative,none,,cv,FALSE,3,71_73,,,,14.56094,68.31605,15.7019,0.98499,5.842,1.38565,0.05445,13.02781,13.4928,26.4611,,3.1532,7.187519874,80.89432849
4695,0,random_negative,none,,cv,FALSE,2,65_67,,,,24.46581,53.54747,20.9559,2.26757,5.30979,1.18287,0.06454,5.29508,15.64864,28.38776,1,2.24252,7.019330688,80.7402868
4696,0,random_negative,none,,cv,FALSE,2,63_58,,,,24.46321,55.41686,18.75084,2.27004,5.20718,1.20985,0.06419,3.76117,13.9552,26.07023,1,1.50255,6.792032231,80.69368428
4697,0,random_negative,none,,cv,FALSE,0,61_60,,,,24.48647,56.42818,17.87716,2.3027,5.09226,1.21666,0.06367,3.25776,13.44079,25.19078,2,3.32702,6.839466116,80.64337101
4698,0,random_negative,none,,cv,FALSE,4,66_62,,,,28.12186,48.3739,22.9326,2.28025,5.27039,1.14265,0.07254,0.8903,15.33718,28.14274,2,3.0532,6.876290938,80.7584392
4699,0,random_negative,none,,cv,FALSE,0,67_59,,,,24.43901,52.62458,21.6022,2.19084,5.34525,1.18174,0.07488,2.71142,14.70431,25.97398,1,1.72166,6.795998326,80.79318916
4700,0,random_negative,none,,cv,FALSE,3,57_59,,,,20.42897,64.90752,13.02939,2.62713,5.00861,1.27166,0.05574,5.20289,12.25298,22.5019,1,2.77679,6.8100936,80.51644743
4701,0,random_negative,none,,cv,FALSE,3,63_61,,,,26.04256,53.07931,20.11457,2.24821,5.21618,1.18053,0.06568,1.62823,14.55699,26.04104,2,3.17077,6.854861535,80.69172569
4702,0,random_negative,none,,cv,FALSE,4,63_67,,,,25.11898,53.74479,20.2207,2.23795,5.30013,1.18714,0.06682,3.17643,15.42006,27.03317,2,2.66772,7.019266338,80.69586472
4703,0,random_negative,none,,cv,FALSE,2,69_73,,,,18.93659,62.15958,17.57079,1.26383,5.72645,1.33455,0.05446,10.95233,13.8202,28.6992,2,1.64993,7.173782194,80.84480224
4704,0,random_negative,none,,cv,FALSE,2,62_58,,,,22.8318,58.71852,16.80313,2.41773,5.24781,1.25727,0.05956,5.39117,13.75332,25.58074,1,4.57857,6.77167339,80.65931537
4705,0,random_negative,none,,cv,FALSE,2,61_58,,,,22.81341,59.12094,16.42434,2.45615,5.18857,1.26367,0.05862,4.98502,13.68763,24.83869,1,3.64734,6.769502071,80.64534659
4706,0,random_negative,none,,cv,FALSE,1,68_69,,,,20.54911,58.11116,19.6444,2.07769,5.47065,1.22948,0.06117,11.58126,15.18221,30.76032,2,0.66732,7.074338582,80.83419879
4707,0,random_negative,none,,cv,FALSE,1,68_66,,,,22.53476,55.06333,20.54661,2.20596,5.40111,1.16076,0.06938,10.79729,15.56038,31.98311,1,2.0233,6.985245943,80.83012481
4708,0,random_negative,none,,cv,FALSE,0,63_62,,,,29.62619,48.50833,22.15853,2.22875,5.22041,1.17645,0.06422,-0.24748,14.55999,28.65401,1,3.90472,6.900305848,80.67912149
4709,0,random_negative,none,,cv,FALSE,4,59_58,,,,21.99155,61.36061,14.59066,2.41651,5.12676,1.2588,0.05772,5.20938,13.03159,22.56389,4,3.88823,6.776574939,80.58732575
4710,0,random_negative,none,,cv,FALSE,0,64_70,,,,24.18138,55.24214,19.24007,1.50385,5.37816,1.25555,0.06037,5.20271,13.96856,27.91051,2,2.73369,7.104321019,80.70914053
4711,0,random_negative,none,,cv,FALSE,1,60_63,,,,22.93229,59.15041,17.09945,2.24507,5.08218,1.22659,0.06328,1.69423,14.1327,22.88076,2,0.79938,6.912809077,80.61925928
4712,0,random_negative,none,,cv,FALSE,0,66_75,,,,24.97457,57.74622,15.76812,1.17446,5.6238,1.32002,0.05289,6.66534,13.69296,30.567,,1.85737,7.241094634,80.76573874
4713,0,random_negative,none,,cv,FALSE,1,68_69,,,,20.54911,58.11116,19.6444,2.07769,5.47065,1.22948,0.06117,11.58126,15.18221,30.76032,3,0.96493,7.078718936,80.82964838
4714,0,random_negative,none,,cv,FALSE,2,56_63,,,,20.45905,64.07007,14.10212,2.0715,5.05122,1.2567,0.05776,2.58239,12.63669,21.07731,2,1.2584,6.914698931,80.50284332
4715,0,random_negative,none,,cv,FALSE,0,56_64,,,,19.58634,64.97937,14.05149,2.05343,5.11652,1.25437,0.06033,2.74726,12.6607,20.61258,3,3.41938,6.950965446,80.4890699
4716,0,random_negative,none,,cv,FALSE,4,68_73,,,,19.28525,61.72568,17.63925,1.26507,5.72185,1.33286,0.05462,10.49741,13.82155,28.56831,3,0.51548,7.175352051,80.82902724
4717,0,random_negative,none,,cv,FALSE,2,69_73,,,,17.70248,63.79292,17.09105,1.25156,5.76683,1.33805,0.05381,12.05914,13.52036,28.54007,2,2.18365,7.176670902,80.85058838
4718,0,random_negative,none,,cv,FALSE,2,56_59,,,,20.7405,64.09052,13.52527,2.42853,4.968,1.26428,0.0516,5.74798,11.99724,23.83666,4,4.66649,6.813217798,80.4927748
4719,0,random_negative,none,,cv,FALSE,3,60_60,,,,22.674,59.79366,15.87033,2.27488,5.08792,1.24283,0.06106,3.94945,13.42733,23.09673,2,2.54474,6.846460857,80.59403272
4720,0,random_negative,none,,cv,FALSE,0,61_60,,,,23.74259,57.81389,17.04912,2.29119,5.09163,1.22613,0.06257,3.54311,13.43538,24.32148,2,2.94216,6.84413327,80.62376621
4721,0,random_negative,none,,cv,FALSE,4,59_59,,,,22.46346,60.94609,13.96867,2.41462,5.12322,1.25401,0.05878,4.62173,13.03272,20.3663,2,3.52895,6.798418099,80.58884899
4722,0,random_negative,none,,cv,FALSE,4,59_59,,,,21.78572,61.94733,14.03059,2.40714,5.11624,1.26053,0.05759,5.01059,13.02786,21.51651,2,4.62158,6.795218514,80.56614109
4723,0,random_negative,none,,cv,FALSE,0,65_60,,,,25.85569,51.96958,21.166,2.31087,5.18644,1.17362,0.07105,2.07176,13.96914,26.64064,2,3.32112,6.819999067,80.74859715
4724,0,random_negative,none,,cv,FALSE,4,61_64,,,,22.79537,58.77642,17.77783,2.25256,5.17264,1.21599,0.06467,0.748,14.58192,22.08835,1,1.77124,6.934938786,80.62578311
4725,0,random_negative,none,,cv,FALSE,0,66_72,,,,22.98356,56.48026,19.05632,1.52323,5.4884,1.261,0.05517,7.39557,14.22557,28.81889,2,6.41679,7.157581588,80.76479906
4726,0,random_negative,none,,cv,FALSE,4,58_64,,,,18.33708,66.49251,13.86116,2.17431,5.09814,1.26422,0.06033,2.75287,13.39392,19.21636,2,3.50887,6.93012591,80.56002847
4727,0,random_negative,none,,cv,FALSE,2,69_73,,,,17.45835,64.55608,16.77597,1.24173,5.79406,1.34658,0.05263,11.49203,13.51672,27.82726,1,2.07305,7.189017672,80.84723819
4728,0,random_negative,none,,cv,FALSE,3,64_60,,,,25.70646,52.92936,20.43004,2.26752,5.21529,1.18085,0.06825,1.82235,14.56019,26.01336,3,0.13582,6.831070047,80.71939678
4729,0,random_negative,none,,cv,FALSE,2,71_72,,,,14.13392,68.45266,15.69603,0.98817,5.81854,1.38001,0.05619,13.97929,13.49549,26.92322,2,3.68119,7.167533175,80.91263686
4730,0,random_negative,none,,cv,FALSE,2,62_58,,,,23.67903,57.10041,17.59594,2.25039,5.21984,1.25204,0.06112,4.46377,13.9483,25.44461,3,4.06542,6.776413447,80.66084618
4731,0,random_negative,none,,cv,FALSE,3,57_66,,,,18.97252,65.92151,13.91181,2.15048,5.15158,1.26401,0.06358,1.80852,12.79072,19.29714,1,2.69935,6.99281923,80.51132378
4732,0,random_negative,none,,cv,FALSE,3,71_73,,,,13.95054,69.16007,15.40547,0.98284,5.85491,1.39114,0.05448,13.36102,13.48848,26.20649,,0.65192,7.195158075,80.91663241
4733,0,random_negative,none,,cv,FALSE,1,65_62,,,,28.12186,48.3739,22.9326,2.28025,5.27039,1.14265,0.07254,0.8903,15.33718,28.14274,1,3.51677,6.881713848,80.75237972
4734,0,random_negative,none,,cv,FALSE,3,54_64,,,,20.15817,64.7048,13.7,2.04724,5.0682,1.25675,0.05892,3.38898,12.65647,21.78498,1,4.74337,6.939434207,80.45470301
4735,0,random_negative,none,,cv,FALSE,1,60_65,,,,18.71509,64.8562,15.41366,2.28121,5.21602,1.20331,0.06217,1.43549,14.32437,18.81577,2,0.86612,6.980955763,80.59847395
4736,0,random_negative,none,,cv,FALSE,3,72_67,,,,17.01264,60.78026,19.50923,2.10973,5.45898,1.20516,0.06817,19.26007,15.75774,35.00782,1,4.00592,7.016050731,80.92643709
4737,0,random_negative,none,,cv,FALSE,3,63_64,,,,29.58379,48.68611,21.9157,2.32644,5.19503,1.17349,0.06157,0.52855,15.30322,29.51112,1,1.63186,6.933765685,80.68572111
4738,0,random_negative,none,,cv,FALSE,2,71_72,,,,14.7121,67.61853,15.97908,0.98996,5.80597,1.37501,0.05623,13.69538,13.49948,27.17961,2,4.89056,7.161667383,80.89791487
4739,0,random_negative,none,,cv,FALSE,4,65_70,,,,24.4737,53.97924,20.08068,2.10121,5.35739,1.22234,0.06119,6.51136,14.57799,29.31813,3,2.12593,7.100527686,80.73076133
4740,0,random_negative,none,,cv,FALSE,4,62_62,,,,24.9052,55.50318,18.86044,2.21088,5.23206,1.20087,0.06146,1.54397,14.54904,24.59989,2,0.3872,6.877849746,80.64723481
4741,0,random_negative,none,,cv,FALSE,2,55_67,,,,19.49656,65.50261,13.61031,1.56036,5.20334,1.30811,0.06124,3.54352,12.12531,21.51803,4,0.72912,7.014202996,80.47314415
4742,0,random_negative,none,,cv,FALSE,2,62_66,,,,24.18834,56.27498,18.71008,2.28196,5.2594,1.18193,0.06665,2.06644,14.61923,24.8835,2,5.48608,6.995692507,80.64759739
4743,0,random_negative,none,,cv,FALSE,2,61_58,,,,22.81341,59.12094,16.42434,2.45615,5.18857,1.26367,0.05862,4.98502,13.68763,24.83869,2,3.36319,6.76828467,80.64073357
4744,0,random_negative,none,,cv,FALSE,1,66_74,,,,22.95646,59.81126,15.81668,1.09582,5.72788,1.33869,0.05369,6.4764,13.38548,28.3506,4,2.78162,7.224845712,80.77991634
4745,0,random_negative,none,,cv,FALSE,2,58_69,,,,23.22537,59.05436,16.78639,1.59235,5.29749,1.28326,0.06244,0.59523,12.99119,22.55227,2,2.4759,7.067108507,80.56167522
4746,0,random_negative,none,,cv,FALSE,0,65_60,,,,25.87365,52.19793,21.00867,2.2793,5.21548,1.1732,0.07027,1.52534,14.56368,26.07658,3,1.75106,6.829932055,80.735843
4747,0,random_negative,none,,cv,FALSE,1,70_69,,,,18.92707,60.12581,18.78394,2.17306,5.51831,1.22294,0.06178,15.66859,15.73193,33.25009,2,5.71467,7.082660077,80.88250272
4748,0,random_negative,none,,cv,FALSE,3,60_66,,,,21.61208,60.36926,17.04755,2.26777,5.22682,1.20353,0.06379,1.51995,14.32826,21.8127,3,2.75288,7.008205029,80.61402014
4749,0,random_negative,none,,cv,FALSE,3,65_58,,,,23.66888,55.62055,19.21435,2.23783,5.31748,1.22356,0.06653,4.59903,14.57629,26.46668,1,3.69012,6.766698283,80.73061661
4750,0,random_negative,none,,cv,FALSE,3,59_64,,,,15.83847,69.71491,13.21665,2.27607,5.13356,1.22495,0.0627,2.11701,13.4156,16.3798,2,4.58094,6.945637099,80.56663334
4751,0,random_negative,none,,cv,FALSE,1,65_62,,,,28.10341,48.854,22.53543,2.27046,5.27565,1.14872,0.07084,0.97598,15.33487,28.10826,2,3.25337,6.876182735,80.73657394
4752,0,random_negative,none,,cv,FALSE,3,60_66,,,,21.32438,60.80568,16.92311,2.27752,5.22136,1.20015,0.06351,1.50582,14.32877,21.51229,3,1.99006,7.001671073,80.61100355
4753,0,random_negative,none,,cv,FALSE,2,69_73,,,,17.58407,64.17291,16.9272,1.24659,5.78079,1.34233,0.05322,11.75953,13.51853,28.17031,1,1.71696,7.178699449,80.84655191
4754,0,random_negative,none,,cv,FALSE,4,56_61,,,,21.50602,63.03009,14.04438,2.33376,4.99803,1.2632,0.05529,3.92739,11.78782,22.97864,1,2.80516,6.863075864,80.50328236
4755,0,random_negative,none,,cv,FALSE,3,67_62,,,,27.22724,48.76208,23.22417,2.19928,5.25926,1.16565,0.07605,1.12611,14.69216,27.59931,3,1.00309,6.878650152,80.79377782
4756,0,random_negative,none,,cv,FALSE,3,64_65,,,,26.81122,51.08382,21.37749,2.3173,5.31273,1.14842,0.06797,2.72003,15.78597,28.45301,3,4.60339,6.978736092,80.71449233
4757,0,random_negative,none,,cv,FALSE,1,55_63,,,,20.22622,64.63383,13.69559,2.06306,5.05735,1.25802,0.05855,3.38716,12.65778,21.74693,1,3.11471,6.91416634,80.45813347
4758,0,random_negative,none,,cv,FALSE,0,65_60,,,,26.39025,50.54404,22.23615,2.20423,5.26391,1.16991,0.07386,0.77319,14.68471,26.05848,2,0.60024,6.845200621,80.75253723
4759,0,random_negative,none,,cv,FALSE,2,66_64,,,,27.9893,48.47383,22.85465,2.23971,5.31161,1.13356,0.07255,2.75194,15.60848,29.90152,1,1.84318,6.943387742,80.764688
4760,0,random_negative,none,,cv,FALSE,0,70_73,,,,15.61252,66.59798,16.21899,0.99071,5.80433,1.37143,0.05566,12.68639,13.50314,27.04774,2,4.82399,7.172954452,80.87420415
4761,0,random_negative,none,,cv,FALSE,2,62_59,,,,23.64673,57.5992,17.35358,2.46112,5.1693,1.21326,0.06118,3.96179,13.69327,24.8561,1,0.80101,6.806043522,80.6559404
4762,0,random_negative,none,,cv,FALSE,4,60_59,,,,22.82509,59.84957,15.19174,2.27746,5.09918,1.24613,0.06096,4.30029,13.42743,22.21127,2,3.59992,6.814848348,80.59775034
4763,0,random_negative,none,,cv,FALSE,1,55_63,,,,20.17791,64.6937,13.68836,2.05516,5.0627,1.25352,0.05871,3.38892,12.65711,21.75446,1,3.67685,6.924969017,80.4594357
4764,0,random_negative,none,,cv,FALSE,1,57_62,,,,19.91995,64.6482,13.99396,2.18568,5.06636,1.26321,0.05945,3.24255,13.39199,20.85535,2,1.99483,6.894660345,80.53784986
4765,0,random_negative,none,,cv,FALSE,1,65_71,,,,23.88933,54.52661,19.98666,1.53515,5.4306,1.25458,0.05741,7.58729,14.22217,29.69966,3,2.45264,7.119598583,80.7396045
4766,0,random_negative,none,,cv,FALSE,3,64_60,,,,25.82042,53.191,20.12797,2.25532,5.21543,1.17938,0.06652,1.79145,14.55777,25.97739,2,2.24793,6.839688171,80.70211945
4767,0,random_negative,none,,cv,FALSE,3,67_62,,,,27.22724,48.76208,23.22417,2.19928,5.25926,1.16565,0.07605,1.12611,14.69216,27.59931,1,1.44574,6.884668503,80.79799446
4768,0,random_negative,none,,cv,FALSE,4,60_62,,,,21.76971,60.84576,16.18389,2.18752,5.14082,1.23927,0.0624,2.33257,14.11292,21.66127,2,0.46005,6.878341751,80.59694718
4769,0,random_negative,none,,cv,FALSE,4,59_58,,,,21.70216,62.02941,14.12987,2.40855,5.11872,1.26253,0.05718,5.2163,13.02746,22.0351,2,5.22841,6.789153334,80.57127215
4770,0,random_negative,none,,cv,FALSE,0,55_66,,,,20.1943,63.98786,14.4169,1.49268,5.16239,1.26957,0.05963,3.59846,12.29998,22.23118,2,1.29653,6.990276753,80.47564857
4771,0,random_negative,none,,cv,FALSE,1,67_68,,,,22.08761,55.85072,20.56201,2.12532,5.39912,1.20772,0.06418,9.76292,15.18499,30.60099,2,3.6688,7.040947423,80.80396253
4772,0,random_negative,none,,cv,FALSE,2,73_69,,,,16.72683,63.63618,17.20791,1.91511,5.64215,1.26685,0.06258,15.65827,14.70946,31.06608,4,10.31573,7.091052929,80.94939737
4773,0,random_negative,none,,cv,FALSE,0,58_63,,,,18.99812,65.74322,13.8994,2.17622,5.0855,1.2661,0.05998,2.95261,13.39249,19.92093,2,2.63429,6.918749975,80.54698652
4774,0,random_negative,none,,cv,FALSE,3,57_64,,,,18.2603,67.08215,13.31972,2.256,5.09105,1.27851,0.06226,2.63761,13.40536,19.02807,2,1.61309,6.935672829,80.52274474
4775,0,random_negative,none,,cv,FALSE,4,67_73,,,,21.75862,59.05998,17.69304,1.35043,5.68113,1.30737,0.05499,7.2651,13.88331,27.65882,1,4.62782,7.17800596,80.78915635
4776,0,random_negative,none,,cv,FALSE,3,67_61,,,,27.17384,48.8773,23.20649,2.20481,5.2578,1.16555,0.07591,0.63781,14.69062,27.02211,1,0.87194,6.871748414,80.7882951
4777,0,random_negative,none,,cv,FALSE,4,67_60,,,,26.53325,49.07168,23.60878,2.24924,5.22142,1.16755,0.07679,-0.63867,14.09184,25.10639,1,4.01309,6.83434039,80.78658406
4778,0,random_negative,none,,cv,FALSE,1,56_67,,,,19.62916,64.91001,14.14933,1.56044,5.23111,1.32033,0.06184,2.91287,12.12906,21.07783,1,3.14172,7.022985029,80.49838179
4779,0,random_negative,none,,cv,FALSE,0,60_57,,,,22.37268,60.20495,15.58634,2.44815,5.18917,1.28066,0.05693,5.1142,13.68228,23.85629,2,3.02416,6.763549827,80.61393694
4780,0,random_negative,none,,cv,FALSE,2,65_69,,,,24.76967,53.47635,20.4693,2.14007,5.31648,1.20651,0.06252,6.42763,14.58155,29.72633,1,4.38058,7.065207753,80.73103859
4781,0,random_negative,none,,cv,FALSE,4,68_73,,,,19.04444,62.95234,16.72284,1.02312,5.74726,1.36185,0.05526,10.12404,13.38311,27.99873,3,1.29019,7.189678376,80.82520868
4782,0,random_negative,none,,cv,FALSE,1,73_73,,,,12.8724,70.70813,14.75248,0.98004,5.87525,1.39877,0.05496,13.76877,13.48217,25.56292,2,2.5014,7.177617283,80.95327384
4783,0,random_negative,none,,cv,FALSE,2,54_65,,,,20.27246,64.61993,13.6622,2.02614,5.0702,1.26481,0.05926,3.54971,12.654,22.17145,2,3.38539,6.957755096,80.44895009
4784,0,random_negative,none,,cv,FALSE,0,63_60,,,,25.82042,53.191,20.12797,2.25532,5.21543,1.17938,0.06652,1.79145,14.55777,25.97739,2,2.74747,6.84214892,80.69641452
4785,0,random_negative,none,,cv,FALSE,3,62_63,,,,30.69577,47.30192,22.63549,2.29027,5.2369,1.16839,0.06223,-0.84787,15.16308,29.42318,1,2.1312,6.916749445,80.67400495
4786,0,random_negative,none,,cv,FALSE,2,69_67,,,,20.93286,56.92164,20.09828,2.17496,5.4305,1.17904,0.06659,13.47243,15.39348,33.1726,3,1.70184,7.015830479,80.84398822
4787,0,random_negative,none,,cv,FALSE,1,68_69,,,,20.54911,58.11116,19.6444,2.07769,5.47065,1.22948,0.06117,11.58126,15.18221,30.76032,3,1.24316,7.080257098,80.8346065
4788,0,random_negative,none,,cv,FALSE,3,57_64,,,,17.97389,67.47136,13.22519,2.24715,5.09699,1.23908,0.06233,2.5826,13.40444,18.77691,2,0.9371,6.943704863,80.52567746
4789,0,random_negative,none,,cv,FALSE,1,65_62,,,,28.77503,48.18956,22.7335,2.25649,5.28174,1.15004,0.0695,0.89282,15.33587,28.81794,2,5.09343,6.894435231,80.73213673
4790,0,random_negative,none,,cv,FALSE,0,59_60,,,,22.43938,60.34299,15.35146,2.27098,5.0889,1.24842,0.06057,4.18912,13.42483,22.58157,2,1.91501,6.83675679,80.59065277
4791,0,random_negative,none,,cv,FALSE,0,68_60,,,,26.05676,49.49089,23.46795,2.2439,5.22239,1.16641,0.07799,0.19345,14.09412,25.51952,1,3.89795,6.837739074,80.81127382
4792,0,random_negative,none,,cv,FALSE,2,59_62,,,,21.12618,62.32982,15.28474,2.22938,5.06985,1.24622,0.06159,2.51917,14.12188,21.29437,2,0.87934,6.887706832,80.58196078
4793,0,random_negative,none,,cv,FALSE,3,64_67,,,,25.0061,53.51484,20.39478,2.23211,5.30015,1.19252,0.06715,4.12241,15.42266,27.77302,2,1.61942,7.034594921,80.72120716
4794,0,random_negative,none,,cv,FALSE,3,64_66,,,,26.41563,51.70311,21.26188,2.29665,5.25132,1.15404,0.06871,2.63694,15.42755,27.99755,2,3.76528,6.986206449,80.71582473
4795,0,random_negative,none,,cv,FALSE,2,56_62,,,,21.15278,63.1184,14.3,2.09244,5.03547,1.25405,0.05693,2.78836,12.63897,21.69291,1,2.97027,6.891809621,80.50426919
4796,0,random_negative,none,,cv,FALSE,4,65_63,,,,28.90101,47.55399,23.15212,2.25429,5.28223,1.14495,0.07057,1.31718,15.34021,29.47151,2,5.09434,6.919286727,80.74483753
4797,0,random_negative,none,,cv,FALSE,3,71_73,,,,14.61859,68.08608,15.78157,0.98659,5.83057,1.38214,0.05503,13.21053,13.495,26.66755,,2.81999,7.183606734,80.90044082
4798,0,random_negative,none,,cv,FALSE,2,58_62,,,,20.81761,63.29689,14.39811,2.20738,5.05936,1.25822,0.05951,3.32399,13.39623,21.50365,3,2.18664,6.877209812,80.55157616
4799,0,random_negative,none,,cv,FALSE,2,61_66,,,,21.88041,59.90199,17.34353,2.29519,5.2132,1.19172,0.06368,1.52317,14.33206,22.09661,2,3.09675,6.993947046,80.62597545
4800,0,random_negative,none,,cv,FALSE,0,66_66,,,,25.43598,51.76109,21.54505,2.26122,5.29153,1.15599,0.0682,6.72541,15.84406,30.87529,1,0.60043,6.995503802,80.77498428
4801,0,random_negative,none,,cv,FALSE,3,61_68,,,,24.22938,56.35013,18.30842,1.57565,5.35448,1.21446,0.06534,2.41673,14.07566,25.16836,,3.49116,7.063608952,80.64298985
4802,0,random_negative,none,,cv,FALSE,3,71_70,,,,17.11611,62.94528,18.15499,2.12244,5.54105,1.25707,0.06012,14.74615,15.21957,30.71985,3,8.43921,7.094434755,80.90447283
4803,0,random_negative,none,,cv,FALSE,2,57_61,,,,20.65001,64.31456,13.51451,2.42211,5.01201,1.24835,0.05714,4.65518,12.53778,22.62585,2,1.49301,6.861746787,80.51674811
4804,0,random_negative,none,,cv,FALSE,0,56_64,,,,19.72739,64.81467,14.06301,2.07044,5.1049,1.24779,0.05994,2.79466,12.66205,20.67165,2,2.22112,6.937998142,80.48843416
4805,0,random_negative,none,,cv,FALSE,4,66_70,,,,23.65824,53.28076,20.9945,2.11743,5.33229,1.22285,0.0617,10.37313,15.30861,31.68323,3,2.41468,7.095891883,80.7714695
4806,0,random_negative,none,,cv,FALSE,4,66_69,,,,23.80171,53.63593,20.87103,2.13991,5.31033,1.21339,0.06286,8.82163,15.30947,30.77548,4,3.48971,7.074481388,80.76858581
4807,0,random_negative,none,,cv,FALSE,0,65_60,,,,26.22944,51.6673,21.26967,2.27916,5.21396,1.16376,0.07049,1.33151,14.56498,26.31256,2,1.34084,6.842032924,80.74085436
4808,0,random_negative,none,,cv,FALSE,4,66_69,,,,23.8622,53.21467,21.00169,2.12679,5.322,1.21933,0.0623,9.5747,15.30818,31.26452,2,2.37173,7.085244763,80.76558244
4809,0,random_negative,none,,cv,FALSE,4,65_65,,,,26.79678,50.75272,21.59974,2.32481,5.30231,1.15091,0.06912,3.35909,15.78918,29.06562,2,3.416,6.971008819,80.73605751
4810,0,random_negative,none,,cv,FALSE,4,57_63,,,,19.45738,65.4211,13.68519,2.17174,5.06651,1.2714,0.05938,3.26349,13.38873,20.5549,2,0.63086,6.911388995,80.53030783
4811,0,random_negative,none,,cv,FALSE,0,65_60,,,,26.28859,51.30491,21.57262,2.28512,5.21432,1.16587,0.07155,1.13772,14.56672,26.26334,3,1.17674,6.839732772,80.74720084
4812,0,random_negative,none,,cv,FALSE,0,58_63,,,,20.59222,63.27052,14.81676,2.20668,5.0789,1.25152,0.06033,2.89327,13.39956,21.19386,2,0.6723,6.902891778,80.56464854
4813,0,random_negative,none,,cv,FALSE,4,69_71,,,,18.37544,62.22065,17.81807,1.48789,5.62988,1.2983,0.055,11.9547,14.41181,29.07955,2,6.03673,7.135289154,80.86300594
4814,0,random_negative,none,,cv,FALSE,1,57_58,,,,20.25096,64.6669,13.28128,2.3768,5.07704,1.28641,0.05148,6.61899,11.37751,23.69869,1,4.81533,6.776252349,80.52487796
4815,0,random_negative,none,,cv,FALSE,0,61_57,,,,22.39443,60.04388,15.8014,2.4503,5.19248,1.27447,0.0569,5.30084,13.68317,24.44219,1,3.37623,6.760015656,80.62375522
4816,0,random_negative,none,,cv,FALSE,3,60_60,,,,22.78086,59.80455,15.46199,2.2769,5.09533,1.24606,0.06102,4.18751,13.42744,22.60328,2,2.8269,6.821413181,80.59405796
4817,0,random_negative,none,,cv,FALSE,3,72_67,,,,17.04783,60.69407,19.44197,2.14853,5.46247,1.21353,0.06532,21.40631,15.84686,37.10652,2,5.886,7.032519122,80.92133529
4818,0,random_negative,none,,cv,FALSE,0,66_72,,,,22.98356,56.48026,19.05632,1.52323,5.4884,1.261,0.05517,7.39557,14.22557,28.81889,2,6.20927,7.153631824,80.76664957
4819,0,random_negative,none,,cv,FALSE,4,64_63,,,,30.64085,46.69306,23.0686,2.30819,5.22962,1.1559,0.06487,-0.2788,15.16962,29.91937,1,1.28243,6.919208403,80.70425015
4820,0,random_negative,none,,cv,FALSE,4,65_70,,,,24.49373,53.55787,20.4127,2.11665,5.33737,1.21594,0.06164,7.32508,14.5809,30.06295,2,1.62036,7.091803924,80.73784037
4821,0,random_negative,none,,cv,FALSE,0,55_65,,,,20.12474,64.39114,14.08056,2.02602,5.10912,1.26436,0.06063,3.00364,12.65696,21.50939,2,1.10603,6.971304813,80.47494689
4822,0,random_negative,none,,cv,FALSE,0,66_59,,,,24.58539,52.72267,21.40829,2.19216,5.33988,1.19208,0.07382,2.79441,14.70329,26.08869,2,2.90767,6.795294515,80.77281372
4823,0,random_negative,none,,cv,FALSE,0,63_60,,,,25.63784,53.65303,19.82198,2.24941,5.21655,1.18348,0.06562,1.87958,14.5559,25.76311,2,2.80321,6.845395927,80.69505815
4824,0,random_negative,none,,cv,FALSE,0,61_62,,,,23.9239,57.46097,17.50499,2.26296,5.17809,1.22143,0.06203,2.44639,14.24572,24.02283,2,1.15007,6.874569822,80.62065191
4825,0,random_negative,none,,cv,FALSE,3,67_61,,,,25.94285,50.11548,22.89456,2.20361,5.26612,1.16822,0.07732,1.19455,14.6905,26.32548,1,1.98041,6.856736233,80.80945848
4826,0,random_negative,none,,cv,FALSE,1,55_63,,,,20.18177,64.43037,13.95618,2.075,5.07557,1.2904,0.05918,3.10816,12.66065,21.34617,3,1.54344,6.918885753,80.47806731
4827,0,random_negative,none,,cv,FALSE,2,73_72,,,,13.06086,70.14366,15.01705,0.98399,5.84929,1.39089,0.05602,14.14361,13.48723,26.08229,3,4.46626,7.160564031,80.95873152
4828,0,random_negative,none,,cv,FALSE,1,65_76,,,,27.79932,51.6452,18.78191,1.0377,5.70452,1.33735,0.05294,3.63944,12.77567,30.60726,,2.13196,7.27059821,80.75070161
4829,0,random_negative,none,,cv,FALSE,3,64_59,,,,24.94457,54.3115,19.5104,2.28301,5.20044,1.19825,0.0663,3.30228,13.95973,26.41186,1,2.49013,6.809024863,80.71180206
4830,0,random_negative,none,,cv,FALSE,2,72_73,,,,13.57652,69.81747,15.1608,0.97997,5.87319,1.39763,0.05399,13.34,13.48395,25.84911,1,0.46416,7.196980963,80.92291996
4831,0,random_negative,none,,cv,FALSE,0,66_59,,,,25.64965,51.45107,21.82532,2.23159,5.24412,1.18472,0.07374,1.7282,14.08702,26.18035,3,4.04034,6.817938046,80.76753137
4832,0,random_negative,none,,cv,FALSE,1,54_63,,,,20.01602,65.8443,12.72109,2.109,4.95355,1.25944,0.05554,4.72814,11.59293,22.94522,1,2.30221,6.912313911,80.44161964
4833,0,random_negative,none,,cv,FALSE,3,66_63,,,,30.15665,45.50613,23.95776,2.22045,5.24742,1.14685,0.0716,1.61823,14.85445,31.2287,1,2.52612,6.928219524,80.77310517
4834,0,random_negative,none,,cv,FALSE,0,66_59,,,,24.58539,52.72267,21.40829,2.19216,5.33988,1.19208,0.07382,2.79441,14.70329,26.08869,1,3.02578,6.799780516,80.780408
4835,0,random_negative,none,,cv,FALSE,0,58_68,,,,21.47122,61.72232,15.75764,1.62482,5.25195,1.28036,0.06314,1.27027,12.57471,21.42111,4,2.08628,7.044431913,80.56216313
4836,0,random_negative,none,,cv,FALSE,1,66_68,,,,23.88611,53.80209,20.89389,2.16635,5.28748,1.20147,0.06397,7.96812,15.31203,30.38024,2,4.64087,7.06267678,80.76921095
4837,0,random_negative,none,,cv,FALSE,0,66_66,,,,24.83581,52.39276,21.35018,2.24944,5.29716,1.16047,0.06787,7.80852,15.84479,31.27639,1,0.78418,7.002860654,80.78106694
4838,0,random_negative,none,,cv,FALSE,0,62_60,,,,24.47615,56.00974,18.39795,2.22626,5.22365,1.21188,0.06238,2.29273,14.54813,24.39113,2,2.84107,6.838508983,80.65432293
4839,0,random_negative,none,,cv,FALSE,1,68_66,,,,24.13154,52.9104,21.33104,2.26673,5.28038,1.15182,0.06939,9.47479,15.84994,32.26796,2,2.1575,6.988901432,80.81515849
4840,0,random_negative,none,,cv,FALSE,2,55_67,,,,19.73267,65.11097,13.77078,1.55641,5.20837,1.30975,0.06186,3.48806,12.12559,21.72582,4,0.14835,7.021340783,80.46995419
4841,0,random_negative,none,,cv,FALSE,3,68_61,,,,25.88826,49.98887,23.1018,2.20829,5.26679,1.16527,0.07762,0.56185,14.68933,25.66755,1,2.21342,6.856362827,80.81247984
4842,0,random_negative,none,,cv,FALSE,0,60_67,,,,21.02215,61.35253,16.6271,2.26074,5.22763,1.20778,0.06348,1.43881,14.32569,21.1389,3,2.47454,7.013772463,80.60520515
4843,0,random_negative,none,,cv,FALSE,4,69_68,,,,20.39261,57.87253,19.64136,2.13785,5.47118,1.19575,0.06412,13.88333,15.38945,32.91977,2,1.38228,7.041348237,80.84475378
4844,0,random_negative,none,,cv,FALSE,2,56_63,,,,20.68685,63.7606,14.16652,2.0786,5.04585,1.25574,0.05746,2.64995,12.63744,21.28269,4,1.57469,6.910290479,80.50397537
4845,0,random_negative,none,,cv,FALSE,4,68_73,,,,20.44406,60.54408,17.6947,1.27519,5.68088,1.32146,0.05565,9.50033,13.96468,28.72697,3,1.48222,7.174645628,80.81854479
4846,0,random_negative,none,,cv,FALSE,0,72_70,,,,15.7216,65.10877,17.25704,1.31913,5.68507,1.32136,0.05807,14.7397,13.86972,29.25469,2,9.07116,7.117969348,80.91971429
4847,0,random_negative,none,,cv,FALSE,1,63_63,,,,31.4397,45.92647,23.33185,2.23048,5.21967,1.17111,0.06488,-0.93789,14.56306,30.16773,1,2.45121,6.908456482,80.69477688
4848,0,random_negative,none,,cv,FALSE,0,68_60,,,,25.35856,50.76711,22.65342,2.23369,5.24034,1.17325,0.07743,1.42567,14.09261,25.92622,3,4.13986,6.836978152,80.81997423
4849,0,random_negative,none,,cv,FALSE,3,64_65,,,,26.37231,51.94827,21.10298,2.29223,5.25678,1.16211,0.06826,2.35573,15.42572,27.67607,2,4.54771,6.979306836,80.71404593
4850,0,random_negative,none,,cv,FALSE,1,57_62,,,,19.83501,64.91278,13.79039,2.17935,5.06033,1.26165,0.0592,3.35131,13.38963,20.89399,2,1.30454,6.900964175,80.53517697
4851,0,random_negative,none,,cv,FALSE,4,67_60,,,,26.94661,47.11832,25.37293,2.25245,5.22494,1.16479,0.07825,-3.49714,14.09327,23.02992,2,3.69603,6.834188515,80.80029212
4852,0,random_negative,none,,cv,FALSE,3,61_68,,,,24.22938,56.35013,18.30842,1.57565,5.35448,1.21446,0.06534,2.41673,14.07566,25.16836,,4.0779,7.057822985,80.64050675
4853,0,random_negative,none,,cv,FALSE,4,57_63,,,,18.58784,66.59489,13.41599,2.15603,5.07955,1.27431,0.05981,3.09403,13.38691,19.74685,2,1.6834,6.926358893,80.52847466
4854,0,random_negative,none,,cv,FALSE,0,72_70,,,,16.81124,63.62009,17.20684,1.9625,5.61034,1.28239,0.06175,15.40879,14.52122,30.89767,3,10.96911,7.100990718,80.93606587
4855,0,random_negative,none,,cv,FALSE,2,73_72,,,,13.14684,69.85617,15.16166,0.98602,5.83555,1.3869,0.05659,14.36763,13.48979,26.37076,4,5.25291,7.15290586,80.9562219
4856,0,random_negative,none,,cv,FALSE,0,61_60,,,,23.66719,57.96212,16.86805,2.29189,5.09547,1.22823,0.0625,3.71502,13.43522,24.19693,2,3.77044,6.836049088,80.62684721
4857,0,random_negative,none,,cv,FALSE,3,67_62,,,,26.51939,49.5075,23.04799,2.20243,5.26184,1.1664,0.07679,1.17686,14.69146,26.90698,1,0.48666,6.874784511,80.80273777
4858,0,random_negative,none,,cv,FALSE,2,66_64,,,,29.58545,46.49131,23.48271,2.21745,5.24961,1.14136,0.07099,1.92076,14.85328,30.85467,2,2.42375,6.930685046,80.76963141
4859,0,random_negative,none,,cv,FALSE,3,62_70,,,,24.43941,55.20839,19.24538,1.49271,5.38624,1.24692,0.06445,3.19742,14.22261,26.55411,2,1.41048,7.091738522,80.66500477
4860,0,random_negative,none,,cv,FALSE,2,57_61,,,,20.59982,64.03415,13.78758,2.19443,5.03753,1.24778,0.05843,3.7288,13.38992,21.67569,3,0.88918,6.866001121,80.52057847
4861,0,random_negative,none,,cv,FALSE,2,68_71,,,,20.98376,58.97023,18.54925,1.51274,5.55312,1.2805,0.056,9.81549,14.85984,29.48142,2,4.61598,7.137890241,80.82860503
4862,0,random_negative,none,,cv,FALSE,0,61_59,,,,23.4197,58.42872,16.37345,2.29189,5.10622,1.23697,0.06199,4.25684,13.43445,23.98661,2,1.5484,6.803643392,80.6239038
4863,0,random_negative,none,,cv,FALSE,4,67_73,,,,21.72487,59.44564,17.40407,1.34666,5.69788,1.3098,0.05435,6.86555,13.88259,27.29808,1,5.27339,7.191077711,80.7846943
4864,0,random_negative,none,,cv,FALSE,0,66_66,,,,25.43598,51.76109,21.54505,2.26122,5.29153,1.15599,0.0682,6.72541,15.84406,30.87529,1,0.82298,6.993685704,80.77590058
4865,0,random_negative,none,,cv,FALSE,2,54_65,,,,20.23894,64.36539,13.94346,1.49724,5.12222,1.27034,0.05823,4.19153,12.29694,22.82915,3,2.92006,6.978429536,80.44361889
4866,0,random_negative,none,,cv,FALSE,4,65_65,,,,26.79678,50.75272,21.59974,2.32481,5.30231,1.15091,0.06912,3.35909,15.78918,29.06562,2,3.36967,6.971093281,80.73649332
4867,0,random_negative,none,,cv,FALSE,2,69_66,,,,20.08206,57.55273,20.07306,2.18461,5.4233,1.17487,0.06771,15.70769,15.39642,34.55177,1,3.06587,7.005875853,80.86367647
4868,0,random_negative,none,,cv,FALSE,2,66_64,,,,28.52406,47.9238,23.03683,2.24881,5.30872,1.15097,0.07253,1.90684,15.60728,29.64411,2,3.11764,6.932988035,80.75750098
4869,0,random_negative,none,,cv,FALSE,2,59_62,,,,21.58337,61.54567,15.67729,2.23646,5.07149,1.24145,0.06196,2.37843,14.12471,21.65473,,1.16358,6.885764611,80.58880833
4870,0,random_negative,none,,cv,FALSE,1,56_66,,,,19.34635,65.35863,14.11568,2.14251,5.1555,1.26607,0.06406,1.73279,12.79061,19.62855,1,3.14103,7.001488747,80.50876861
4871,0,random_negative,none,,cv,FALSE,3,57_59,,,,20.9079,63.39043,13.87175,2.46551,5.10358,1.26853,0.05533,5.22308,11.7892,22.38617,3,3.11024,6.80291212,80.53788087
4872,0,random_negative,none,,cv,FALSE,2,70_67,,,,17.18146,59.37653,20.36976,2.17255,5.41843,1.19612,0.0669,25.09139,15.85228,40.84464,2,4.16266,7.017831895,80.8856553
4873,0,random_negative,none,,cv,FALSE,3,67_61,,,,26.90079,49.08806,23.19108,2.20452,5.25916,1.16547,0.07644,0.82019,14.69112,26.94378,1,0.59328,6.872176185,80.79122336
4874,0,random_negative,none,,cv,FALSE,3,54_66,,,,20.58202,63.57098,14.4111,1.48589,5.14943,1.30898,0.06009,3.94353,12.29825,23.00072,2,2.5553,6.998629225,80.4563168
4875,0,random_negative,none,,cv,FALSE,0,61_57,,,,22.5221,59.84136,15.87051,2.45076,5.18901,1.26989,0.05748,5.07268,13.68406,24.20092,1,3.03448,6.763168224,80.62396255
4876,0,random_negative,none,,cv,FALSE,4,59_58,,,,21.70216,62.02941,14.12987,2.40855,5.11872,1.26253,0.05718,5.2163,13.02746,22.0351,2,5.10199,6.790270292,80.57202358
4877,0,random_negative,none,,cv,FALSE,0,59_67,,,,21.61583,61.51334,15.91278,2.15607,5.2446,1.23325,0.06224,0.266,13.35017,20.56647,3,1.40602,7.032714474,80.57990678
4878,0,random_negative,none,,cv,FALSE,4,73_70,,,,16.64799,63.95815,17.03153,1.90376,5.65929,1.27272,0.06168,15.25522,14.70628,30.59772,3,10.59401,7.093632167,80.948311
4879,0,random_negative,none,,cv,FALSE,4,67_69,,,,21.62123,56.74612,19.92033,2.06085,5.47619,1.23747,0.06042,10.19196,15.17815,30.19425,1,2.80082,7.090958119,80.80576289
4880,0,random_negative,none,,cv,FALSE,4,65_61,,,,26.59563,51.14173,21.51556,2.27811,5.21291,1.16275,0.0706,1.18072,14.56621,26.604,2,1.37555,6.848694281,80.73762262
4881,0,random_negative,none,,cv,FALSE,2,59_61,,,,21.70371,61.16051,15.70401,2.19091,5.13227,1.24768,0.06195,2.72803,14.11035,21.45419,,1.28685,6.858385863,80.58588064
4882,0,random_negative,none,,cv,FALSE,3,71_73,,,,14.87556,67.9027,15.82778,0.986,5.83654,1.38299,0.05443,12.79974,13.49493,26.53648,,3.09815,7.192666109,80.89292504
4883,0,random_negative,none,,cv,FALSE,2,64_58,,,,23.66888,55.62055,19.21435,2.23783,5.31748,1.22356,0.06653,4.59903,14.57629,26.46668,1,3.04406,6.768441554,80.72499358
4884,0,random_negative,none,,cv,FALSE,1,63_59,,,,24.32907,55.78335,18.48044,2.26558,5.20652,1.21329,0.06345,3.8359,13.95346,25.85847,1,2.85875,6.799189299,80.67961234
4885,0,random_negative,none,,cv,FALSE,2,58_62,,,,20.81761,63.29689,14.39811,2.20738,5.05936,1.25822,0.05951,3.32399,13.39623,21.50365,3,2.17002,6.879962704,80.54859248
4886,0,random_negative,none,,cv,FALSE,0,59_68,,,,22.53066,59.92351,16.59834,1.60363,5.30252,1.23767,0.06084,0.87049,12.99267,22.08962,2,3.17252,7.048686808,80.58038582
4887,0,random_negative,none,,cv,FALSE,2,70_72,,,,15.01318,67.20124,16.10577,0.99077,5.80057,1.37265,0.05625,13.4965,13.50142,27.26128,,4.94666,7.165968668,80.89093025
4888,0,random_negative,none,,cv,FALSE,4,59_59,,,,21.68801,61.97395,14.2761,2.40348,5.10857,1.25892,0.05807,4.74961,13.02836,21.63037,2,1.9906,6.818414923,80.57235693
4889,0,random_negative,none,,cv,FALSE,0,55_65,,,,20.0331,64.55154,14.00893,2.0341,5.10364,1.26154,0.06026,3.03167,12.65746,21.40395,2,1.86806,6.964518397,80.47676494
4890,0,random_negative,none,,cv,FALSE,0,68_70,,,,20.70867,58.43398,19.23504,2.04145,5.51971,1.24635,0.0587,10.40347,15.17724,29.65154,3,3.50703,7.101672706,80.82162975
4891,0,random_negative,none,,cv,FALSE,1,63_59,,,,24.46321,55.41686,18.75084,2.27004,5.20718,1.20985,0.06419,3.76117,13.9552,26.07023,1,1.92127,6.793247479,80.68875364
4892,0,random_negative,none,,cv,FALSE,2,61_66,,,,21.88041,59.90199,17.34353,2.29519,5.2132,1.19172,0.06368,1.52317,14.33206,22.09661,2,3.51774,6.996206965,80.6293876
4893,0,random_negative,none,,cv,FALSE,4,65_65,,,,27.45078,49.36946,22.43042,2.22471,5.3207,1.13993,0.07148,3.11695,15.60707,29.63404,1,1.47223,6.96017975,80.75503112
4894,0,random_negative,none,,cv,FALSE,2,69_67,,,,19.50097,58.46792,19.68857,2.14891,5.46145,1.19006,0.06527,16.58412,15.3927,34.74474,1,1.3042,7.027530427,80.86154333
4895,0,random_negative,none,,cv,FALSE,0,58_59,,,,21.38279,62.46643,14.20262,2.39966,5.10419,1.26658,0.05744,4.92488,13.02585,21.96448,,2.90349,6.814182379,80.55931463
4896,0,random_negative,none,,cv,FALSE,0,61_62,,,,24.32234,56.5511,18.35894,2.2205,5.20112,1.21184,0.06317,1.23943,14.76952,23.72697,2,2.27475,6.890620615,80.6323719
4897,0,random_negative,none,,cv,FALSE,0,57_60,,,,20.43376,64.10918,13.81316,2.61632,5.0024,1.25559,0.05692,4.58928,13.32089,21.87425,2,0.49317,6.828538477,80.52728226
4898,0,random_negative,none,,cv,FALSE,4,67_66,,,,25.18258,51.95171,21.52571,2.26309,5.28812,1.15471,0.06854,7.3191,15.84555,31.20479,2,1.70117,6.989182366,80.78377916
4899,0,random_negative,none,,cv,FALSE,0,64_70,,,,24.31084,55.19719,19.2534,1.50715,5.36625,1.25342,0.06087,4.83198,13.96722,27.76784,2,3.00863,7.093015278,80.70391759
4900,0,random_negative,none,,cv,FALSE,2,65_69,,,,24.59061,53.43622,20.51717,2.12993,5.32393,1.21041,0.06211,7.22244,14.58213,30.15183,2,2.56592,7.079481889,80.73915201
4901,0,random_negative,none,,cv,FALSE,0,66_75,,,,25.27857,58.62036,14.8587,0.9536,5.81158,1.37416,0.05271,6.87397,12.4694,31.26132,3,0.89564,7.243512668,80.77514411
4902,0,random_negative,none,,cv,FALSE,1,60_68,,,,24.04671,56.80483,18.21891,2.14072,5.355,1.23225,0.06706,0.61983,13.99248,23.28198,2,3.81799,7.053724055,80.6024202
4903,0,random_negative,none,,cv,FALSE,4,62_68,,,,24.5794,55.19591,19.24444,2.07847,5.30438,1.20901,0.06761,2.33169,14.58136,25.90984,,2.21247,7.060538782,80.66535139
4904,0,random_negative,none,,cv,FALSE,3,64_59,,,,25.2506,53.82907,19.87639,2.26144,5.21686,1.18864,0.06704,2.17846,14.55717,25.72157,2,1.492,6.819481464,80.71154554
4905,0,random_negative,none,,cv,FALSE,4,59_59,,,,22.46346,60.94609,13.96867,2.41462,5.12322,1.25401,0.05878,4.62173,13.03272,20.3663,2,3.68841,6.796803783,80.58699533
4906,0,random_negative,none,,cv,FALSE,4,62_69,,,,24.43685,55.47082,19.0893,1.51125,5.34595,1.25119,0.06199,3.69332,13.9626,26.99562,2,0.38186,7.081775217,80.67296502
4907,0,random_negative,none,,cv,FALSE,0,67_59,,,,25.44616,50.76412,22.67555,2.2352,5.25207,1.177,0.07629,0.79559,14.08953,25.33605,1,1.232,6.811124721,80.80193964
4908,0,random_negative,none,,cv,FALSE,1,55_63,,,,20.54411,64.21862,13.77752,2.09848,4.98512,1.28927,0.05609,4.08262,11.9947,22.6809,1,2.01905,6.909148902,80.47617105
4909,0,random_negative,none,,cv,FALSE,1,68_59,,,,23.64919,53.66551,21.02318,2.17136,5.36928,1.18833,0.07537,4.08892,14.7046,26.57259,1,1.9814,6.797900728,80.82920714
4910,0,random_negative,none,,cv,FALSE,3,64_69,,,,24.73131,53.79253,20.20345,2.1235,5.33435,1.2138,0.06208,5.90112,14.57846,29.17362,1,4.01679,7.076551981,80.72222815
4911,0,random_negative,none,,cv,FALSE,4,66_62,,,,28.18457,47.81001,23.4094,2.17963,5.27333,1.14269,0.07597,0.80183,15.02867,28.31381,1,2.95742,6.892729944,80.78269341
4912,0,random_negative,none,,cv,FALSE,4,64_64,,,,29.33102,48.04135,22.49353,2.26486,5.28421,1.16387,0.06572,1.39422,15.45057,29.98699,1,1.15082,6.937384321,80.70733867
4913,0,random_negative,none,,cv,FALSE,0,67_74,,,,20.91897,60.67743,16.93714,1.06243,5.76249,1.33725,0.05533,7.55581,13.63486,27.19206,1,5.38743,7.201487994,80.78449138
4914,0,random_negative,none,,cv,FALSE,0,58_59,,,,21.19671,62.85843,14.01442,2.47132,5.1121,1.26712,0.05565,5.35799,11.79105,22.43731,2,4.14874,6.797965316,80.5504604
4915,0,random_negative,none,,cv,FALSE,2,58_62,,,,20.81761,63.29689,14.39811,2.20738,5.05936,1.25822,0.05951,3.32399,13.39623,21.50365,2,1.80996,6.876006055,80.54648327
4916,0,random_negative,none,,cv,FALSE,0,66_61,,,,27.74062,48.85904,22.75803,2.28423,5.2701,1.14386,0.07278,0.87709,15.33601,27.68519,2,2.07199,6.867769013,80.75594932
4917,0,random_negative,none,,cv,FALSE,1,67_67,,,,23.85615,53.50291,21.11535,2.2332,5.30691,1.1706,0.06613,9.04595,15.67885,31.70338,2,2.53011,7.024195146,80.79926552
4918,0,random_negative,none,,cv,FALSE,0,68_70,,,,20.70867,58.43398,19.23504,2.04145,5.51971,1.24635,0.0587,10.40347,15.17724,29.65154,3,3.7142,7.103512139,80.82225889
4919,0,random_negative,none,,cv,FALSE,4,58_64,,,,17.29034,67.99171,13.43539,2.27299,5.11465,1.27001,0.06253,2.3484,13.41191,17.84581,2,3.60396,6.939107911,80.55073995
4920,0,random_negative,none,,cv,FALSE,3,67_61,,,,26.36742,49.53296,23.18094,2.20782,5.2619,1.16618,0.07719,0.6339,14.69038,26.22405,2,0.6619,6.865391115,80.80025427
4921,0,random_negative,none,,cv,FALSE,4,55_64,,,,20.10199,64.65062,13.81913,2.05288,5.07752,1.25457,0.0592,3.23639,12.65786,21.54708,3,4.28119,6.941346569,80.46093763
4922,0,random_negative,none,,cv,FALSE,4,62_62,,,,26.34684,53.22498,19.95235,2.22316,5.2248,1.19039,0.06297,1.11186,14.55363,25.93567,1,1.84092,6.879487782,80.66665003
4923,0,random_negative,none,,cv,FALSE,4,69_72,,,,19.78981,60.48601,18.35297,1.44869,5.64329,1.29312,0.05474,9.96575,15.04472,28.54408,1,3.39711,7.150778093,80.84177571
4924,0,random_negative,none,,cv,FALSE,3,61_63,,,,24.32187,56.52981,18.46206,2.21504,5.20418,1.21149,0.06318,1.10714,14.76965,23.7509,2,2.6083,6.901740143,80.6349411
4925,0,random_negative,none,,cv,FALSE,0,61_61,,,,24.69545,55.80742,18.64583,2.21394,5.2299,1.20219,0.06156,1.75746,14.54837,24.42297,3,0.91174,6.87377986,80.64458463
4926,0,random_negative,none,,cv,FALSE,3,71_73,,,,14.37048,68.27178,15.73669,0.98732,5.8246,1.38114,0.05561,13.60432,13.4952,26.79655,3,3.19951,7.175750667,80.90419665
4927,0,random_negative,none,,cv,FALSE,3,68_61,,,,26.05402,50.10442,22.78781,2.19858,5.26577,1.16831,0.07697,1.69247,14.69164,26.92355,1,1.23278,6.871486897,80.81075589
4928,0,random_negative,none,,cv,FALSE,3,68_63,,,,26.36672,49.99745,22.57003,2.14509,5.29316,1.14728,0.07585,3.97525,15.03464,29.52768,2,1.29243,6.925480818,80.81122569
4929,0,random_negative,none,,cv,FALSE,0,70_73,,,,14.87556,67.9027,15.82778,0.986,5.83654,1.38299,0.05443,12.79974,13.49493,26.53648,,3.91834,7.191291448,80.88560852
4930,0,random_negative,none,,cv,FALSE,1,63_68,,,,25.14734,54.18263,19.5866,2.19824,5.33154,1.19394,0.06539,3.39633,14.69102,27.05712,3,4.37189,7.040565867,80.68283308
4931,0,random_negative,none,,cv,FALSE,3,65_59,,,,25.20406,53.07111,20.5419,2.30162,5.20666,1.18444,0.06989,2.75501,13.96659,26.5404,2,4.4058,6.80284225,80.74916674
4932,0,random_negative,none,,cv,FALSE,0,66_75,,,,23.81279,59.41161,15.41263,1.09589,5.73253,1.33955,0.05329,6.74767,13.38465,29.56982,2,1.8828,7.234460503,80.77303182
4933,0,random_negative,none,,cv,FALSE,0,59_60,,,,21.33346,62.04383,14.9271,2.19904,5.05604,1.25505,0.06146,3.76823,13.29658,21.52492,2,0.87048,6.840653021,80.5667089
4934,0,random_negative,none,,cv,FALSE,3,67_62,,,,27.07044,48.94204,23.11675,2.19168,5.26226,1.16709,0.07603,1.81411,14.69358,28.13273,2,2.32859,6.89217785,80.80448777
4935,0,random_negative,none,,cv,FALSE,0,67_74,,,,20.91897,60.67743,16.93714,1.06243,5.76249,1.33725,0.05533,7.55581,13.63486,27.19206,2,5.42012,7.201116071,80.78358163
4936,0,random_negative,none,,cv,FALSE,0,66_66,,,,25.8003,51.71691,21.28759,2.30483,5.31263,1.15903,0.06919,5.02968,15.79078,29.58377,1,1.78086,6.994245061,80.75866568
4937,0,random_negative,none,,cv,FALSE,1,63_63,,,,30.64085,46.69306,23.0686,2.30819,5.22962,1.1559,0.06487,-0.2788,15.16962,29.91937,1,1.30172,6.918319676,80.69853503
4938,0,random_negative,none,,cv,FALSE,2,70_72,,,,16.92379,64.22079,17.25094,1.30549,5.72112,1.32846,0.05568,12.44019,13.8687,28.12328,2,5.20077,7.153441042,80.87018781
4939,0,random_negative,none,,cv,FALSE,4,66_67,,,,24.39439,52.93116,21.29801,2.24445,5.30008,1.16626,0.06651,8.00359,15.67835,31.29514,2,1.897,7.016340144,80.78224023
4940,0,random_negative,none,,cv,FALSE,1,70_68,,,,18.935,59.17779,19.45601,2.13647,5.47946,1.19591,0.0645,17.60239,15.39197,35.16771,2,2.84117,7.038575501,80.87424248
4941,0,random_negative,none,,cv,FALSE,3,71_70,,,,17.68187,62.36817,18.248,2.11406,5.54674,1.25831,0.05937,13.93118,15.2195,30.43309,4,7.97764,7.108399363,80.89223276
4942,0,random_negative,none,,cv,FALSE,2,61_58,,,,22.61769,59.84382,15.66919,2.44801,5.18255,1.24639,0.05795,4.67273,13.68386,23.30629,1,0.89266,6.78221009,80.61992643
4943,0,random_negative,none,,cv,FALSE,0,66_61,,,,27.33772,48.85862,23.11459,2.20353,5.25766,1.15034,0.07525,0.59645,14.68997,27.11097,2,2.12396,6.866936396,80.77678171
4944,0,random_negative,none,,cv,FALSE,1,65_71,,,,23.60442,55.39582,19.47567,1.52632,5.46591,1.25998,0.05676,6.71767,14.22169,28.68142,3,2.78283,7.136677838,80.73836623
4945,0,random_negative,none,,cv,FALSE,3,64_65,,,,26.81122,51.08382,21.37749,2.3173,5.31273,1.14842,0.06797,2.72003,15.78597,28.45301,1,4.99194,6.972430016,80.72185738
4946,0,random_negative,none,,cv,FALSE,0,66_66,,,,25.18258,51.95171,21.52571,2.26309,5.28812,1.15471,0.06854,7.3191,15.84555,31.20479,1,1.20571,6.993250998,80.7816362
4947,0,random_negative,none,,cv,FALSE,4,69_72,,,,17.25381,63.78908,17.35209,1.30649,5.71709,1.32636,0.05574,12.13183,13.87032,28.11672,2,4.10394,7.153295293,80.85727938
4948,0,random_negative,none,,cv,FALSE,0,68_60,,,,25.94165,49.54301,23.53042,2.2429,5.23252,1.16899,0.07783,-0.17476,14.09295,25.04312,1,3.51884,6.833110098,80.81216668
4949,0,random_negative,none,,cv,FALSE,1,63_63,,,,30.64085,46.69306,23.0686,2.30819,5.22962,1.1559,0.06487,-0.2788,15.16962,29.91937,1,1.00437,6.920961277,80.69910671
4950,0,random_negative,none,,cv,FALSE,4,60_59,,,,22.57508,60.09766,15.30142,2.44447,5.18003,1.2471,0.05784,4.50507,13.68269,22.464,2,2.19475,6.797954872,80.60140863
4951,0,random_negative,none,,cv,FALSE,1,66_68,,,,23.99103,53.72563,20.96835,2.1797,5.27629,1.19548,0.06453,7.6356,15.3133,30.28529,2,4.9279,7.045579779,80.77011744
4952,0,random_negative,none,,cv,FALSE,0,59_60,,,,21.33346,62.04383,14.9271,2.19904,5.05604,1.25505,0.06146,3.76823,13.29658,21.52492,2,0.84494,6.838440121,80.5659654
4953,0,random_negative,none,,cv,FALSE,0,60_64,,,,18.63042,65.31174,15.0455,2.29118,5.14107,1.21344,0.06372,1.83798,13.42368,19.0119,2,2.99233,6.95477767,80.59416301
4954,0,random_negative,none,,cv,FALSE,1,65_68,,,,24.4999,53.76762,20.67881,2.16957,5.29307,1.2019,0.06401,5.45328,15.3067,28.80257,2,3.82115,7.052117183,80.73276165
4955,0,random_negative,none,,cv,FALSE,0,62_61,,,,24.99699,55.24994,18.87817,2.22247,5.22537,1.20723,0.06237,1.82312,14.54979,24.77431,2,1.70098,6.864713747,80.65171757
4956,0,random_negative,none,,cv,FALSE,1,58_58,,,,20.92038,63.84272,13.40606,2.47083,5.11242,1.28197,0.0544,6.61871,11.7893,23.95581,2,5.81686,6.778434109,80.54028578
4957,0,random_negative,none,,cv,FALSE,3,67_58,,,,23.83687,53.93616,20.74818,2.17258,5.37376,1.1958,0.07259,3.90212,14.7011,26.37808,1,0.85208,6.774218964,80.78645034
4958,0,random_negative,none,,cv,FALSE,3,67_62,,,,26.21155,49.98166,22.76112,2.19337,5.2657,1.16857,0.07662,2.09019,14.69276,27.48192,3,1.54018,6.882217881,80.8087317
4959,0,random_negative,none,,cv,FALSE,4,58_61,,,,21.32487,62.69163,14.40849,2.25276,4.98608,1.25779,0.06028,3.62173,12.99716,21.95,2,1.24572,6.860724171,80.55345115
4960,0,random_negative,none,,cv,FALSE,4,65_61,,,,26.97131,50.61828,21.75004,2.27619,5.21235,1.16049,0.07061,1.06577,14.56737,26.9425,3,1.93789,6.862268845,80.73747933
4961,0,random_negative,none,,cv,FALSE,0,70_73,,,,15.61252,66.59798,16.21899,0.99071,5.80433,1.37143,0.05566,12.68639,13.50314,27.04774,2,4.22607,7.176980055,80.86920713
4962,0,random_negative,none,,cv,FALSE,0,67_74,,,,20.7499,62.11238,16.04521,1.06,5.79737,1.34336,0.05337,6.74886,13.63255,26.53826,4,3.22263,7.224969811,80.79494636
4963,0,random_negative,none,,cv,FALSE,4,63_67,,,,25.33195,53.93521,19.78017,2.22371,5.31257,1.19278,0.0657,3.14178,14.69325,27.05951,2,3.83527,7.025990538,80.68580709
4964,0,random_negative,none,,cv,FALSE,2,62_57,,,,22.9654,58.36834,17.06006,2.41986,5.2484,1.25404,0.06022,5.33709,13.75513,25.82159,1,3.82288,6.763397802,80.66966468
4965,0,random_negative,none,,cv,FALSE,0,63_62,,,,28.33633,50.19474,21.41774,2.2323,5.21942,1.17804,0.06444,0.36403,14.55902,27.68068,1,3.02221,6.885620743,80.67676258
4966,0,random_negative,none,,cv,FALSE,0,62_61,,,,25.48956,54.23331,19.4243,2.2363,5.21978,1.18918,0.06397,1.8176,14.55304,25.41278,3,3.96778,6.851531075,80.67185286
4967,0,random_negative,none,,cv,FALSE,2,56_63,,,,20.31368,64.15454,14.17449,2.07724,5.06093,1.25465,0.05795,2.47513,12.63812,20.80655,2,1.08189,6.914164659,80.50724412
4968,0,random_negative,none,,cv,FALSE,2,57_61,,,,20.81489,63.93995,13.72286,2.42826,5.0157,1.25956,0.05755,4.53675,12.54015,22.58523,2,0.6725,6.863435951,80.52684688
4969,0,random_negative,none,,cv,FALSE,3,64_65,,,,27.84759,49.75966,21.9133,2.34192,5.29422,1.13728,0.06884,1.88437,15.78758,28.79405,2,3.74501,6.959785207,80.71613037
4970,0,random_negative,none,,cv,FALSE,1,68_67,,,,23.19649,54.10439,21.00541,2.23635,5.30176,1.16785,0.06665,10.57071,15.68193,32.54519,3,3.57337,7.023375463,80.81766239
4971,0,random_negative,none,,cv,FALSE,0,66_59,,,,24.58539,52.72267,21.40829,2.19216,5.33988,1.19208,0.07382,2.79441,14.70329,26.08869,2,3.24854,6.79888121,80.77462138
4972,0,random_negative,none,,cv,FALSE,3,68_62,,,,26.21155,49.98166,22.76112,2.19337,5.2657,1.16857,0.07662,2.09019,14.69276,27.48192,1,1.68279,6.882286873,80.81053494
4973,0,random_negative,none,,cv,FALSE,3,54_64,,,,20.18215,64.96141,13.40522,2.03627,5.04939,1.2682,0.05834,3.70249,12.65374,22.19247,2,4.60182,6.932876626,80.43699874
4974,0,random_negative,none,,cv,FALSE,4,66_69,,,,23.96527,53.39435,20.84681,2.12482,5.32662,1.22048,0.06228,8.7202,15.3067,30.6611,2,1.56599,7.087154316,80.75596752
4975,0,random_negative,none,,cv,FALSE,2,61_66,,,,21.88041,59.90199,17.34353,2.29519,5.2132,1.19172,0.06368,1.52317,14.33206,22.09661,3,3.31972,6.989598189,80.62846212
4976,0,random_negative,none,,cv,FALSE,1,60_68,,,,22.8475,59.55416,16.67785,2.15768,5.25413,1.23,0.06286,0.2542,13.35308,21.7982,2,2.69317,7.038177921,80.59622341
4977,0,random_negative,none,,cv,FALSE,0,63_60,,,,25.27872,54.17362,19.54926,2.25007,5.21713,1.1867,0.06548,2.12661,14.55478,25.54024,2,3.52479,6.831657192,80.68815169
4978,0,random_negative,none,,cv,FALSE,1,68_65,,,,24.87164,51.98947,21.66307,2.29329,5.26489,1.14341,0.0708,8.2054,15.85118,31.8608,1,0.96408,6.971881133,80.81148022
4979,0,random_negative,none,,cv,FALSE,4,60_59,,,,22.82509,59.84957,15.19174,2.27746,5.09918,1.24613,0.06096,4.30029,13.42743,22.21127,3,3.64514,6.810058358,80.59333757
4980,0,random_negative,none,,cv,FALSE,1,57_65,,,,18.66154,66.39464,13.73564,2.15857,5.14738,1.26177,0.06315,1.87638,12.7909,19.01501,2,1.18381,6.979319638,80.51472814
4981,0,random_negative,none,,cv,FALSE,0,61_60,,,,24.48647,56.42818,17.87716,2.3027,5.09226,1.21666,0.06367,3.25776,13.44079,25.19078,2,3.43987,6.840193712,80.64257727
4982,0,random_negative,none,,cv,FALSE,4,73_70,,,,14.98741,66.279,16.76571,1.18521,5.70999,1.32922,0.05925,14.97649,13.76715,28.81105,2,9.78006,7.109814725,80.95511943
4983,0,random_negative,none,,cv,FALSE,3,57_64,,,,17.93882,67.38161,13.35633,2.26137,5.09965,1.27592,0.06234,2.5414,13.40747,18.62801,1,1.36315,6.94026414,80.52756682
4984,0,random_negative,none,,cv,FALSE,2,68_71,,,,21.21254,58.89898,18.44011,1.50789,5.56428,1.28373,0.05564,9.13379,14.85836,29.02526,1,4.2369,7.143204074,80.81892916
4985,0,random_negative,none,,cv,FALSE,3,57_59,,,,20.49533,64.84497,13.00078,2.64187,4.99548,1.27237,0.05176,5.36086,11.65699,22.67229,2,3.26419,6.80435928,80.5172602
4986,0,random_negative,none,,cv,FALSE,4,66_62,,,,28.33245,48.08626,22.97616,2.24897,5.24401,1.14006,0.07289,1.15329,14.85036,28.66102,1,3.02948,6.880364087,80.770701
4987,0,random_negative,none,,cv,FALSE,0,59_67,,,,20.74206,62.08124,16.21657,2.16679,5.2778,1.2358,0.06318,0.26764,13.7048,19.72002,2,1.51057,7.031555366,80.57270797
4988,0,random_negative,none,,cv,FALSE,1,68_67,,,,22.32307,55.30405,20.54164,2.09696,5.40992,1.18132,0.06643,11.59146,15.37681,32.67901,3,3.47198,7.020339813,80.81889722
4989,0,random_negative,none,,cv,FALSE,2,59_61,,,,21.70371,61.16051,15.70401,2.19091,5.13227,1.24768,0.06195,2.72803,14.11035,21.45419,,0.99727,6.86302039,80.5831185
4990,0,random_negative,none,,cv,FALSE,3,60_60,,,,22.674,59.79366,15.87033,2.27488,5.08792,1.24283,0.06106,3.94945,13.42733,23.09673,2,2.87198,6.845618367,80.59761969
4991,0,random_negative,none,,cv,FALSE,0,58_59,,,,21.0938,63.01401,14.03002,2.38331,5.08868,1.26975,0.05803,4.95381,12.84192,22.08408,3,2.63671,6.811103869,80.54556796
4992,0,random_negative,none,,cv,FALSE,1,66_74,,,,22.08882,59.92974,16.4441,1.09584,5.71247,1.33677,0.05464,6.78387,13.38693,27.61832,1,4.91778,7.205540888,80.77893254
4993,0,random_negative,none,,cv,FALSE,4,66_67,,,,24.36606,53.22366,21.30096,2.28907,5.27987,1.16927,0.06615,6.39762,15.65418,29.42985,1,1.53727,7.010782296,80.76384316
4994,0,random_negative,none,,cv,FALSE,1,63_69,,,,24.83978,54.10171,19.92893,2.1169,5.34313,1.21749,0.06212,4.82191,14.57467,28.35735,2,1.99407,7.080150457,80.69805077
4995,0,random_negative,none,,cv,FALSE,3,66_58,,,,24.95695,52.73284,21.04426,2.21816,5.2676,1.19384,0.07216,2.75193,14.0838,26.3634,2,2.85768,6.790786633,80.76463933
4996,0,random_negative,none,,cv,FALSE,3,67_62,,,,27.57023,48.441,23.29623,2.19992,5.25782,1.16551,0.07556,0.84681,14.69165,27.66511,1,1.53824,6.875567355,80.7833446
4997,0,random_negative,none,,cv,FALSE,4,60_59,,,,23.02163,59.41199,15.49052,2.2823,5.10398,1.24459,0.06119,4.38482,13.4297,22.75647,2,1.70811,6.800915409,80.60851289
4998,0,random_negative,none,,cv,FALSE,0,66_59,,,,25.65883,51.14043,22.14063,2.23462,5.24454,1.1822,0.07457,1.34548,14.08788,25.90337,1,4.20493,6.81852787,80.77135312
4999,0,random_negative,none,,cv,FALSE,1,70_71,,,,16.76531,64.01817,17.45708,1.31407,5.69365,1.32168,0.05701,13.35028,13.87146,28.84503,4,7.41607,7.133885372,80.88019309
5000,0,random_negative,none,,cv,FALSE,1,61_69,,,,24.50213,55.46775,19.04904,1.48641,5.38223,1.25276,0.06545,2.33438,14.21733,25.87997,2,1.82289,7.088293687,80.63838138
5001,0,random_negative,none,,cv,FALSE,1,55_63,,,,20.55093,64.33626,13.64737,2.09221,4.97846,1.29121,0.05576,4.21155,11.99345,22.85966,1,2.7925,6.909568386,80.4682838
5002,0,random_negative,none,,cv,FALSE,4,65_70,,,,23.88933,54.52661,19.98666,1.53515,5.4306,1.25458,0.05741,7.58729,14.22217,29.69966,3,1.9336,7.111761793,80.73704695
5003,0,random_negative,none,,cv,FALSE,3,61_63,,,,25.2855,55.25223,19.1097,2.20108,5.13012,1.20231,0.06359,0.61485,14.12305,24.66205,1,0.92294,6.925647023,80.64287369
5004,0,random_negative,none,,cv,FALSE,2,72_73,,,,13.06536,70.49926,14.85319,0.97935,5.87848,1.39972,0.05449,13.60038,13.48188,25.59653,2,1.17031,7.190756311,80.94483999
5005,0,random_negative,none,,cv,FALSE,1,58_60,,,,20.90426,63.22278,14.16704,2.40944,5.0744,1.26732,0.05895,4.35341,13.24941,21.73771,2,1.92835,6.830723654,80.54883147
5006,0,random_negative,none,,cv,FALSE,0,56_64,,,,19.88995,64.70162,14.00116,2.06447,5.0959,1.25009,0.05971,2.93933,12.66064,20.99331,2,2.08253,6.936433217,80.48717168
5007,0,random_negative,none,,cv,FALSE,3,60_60,,,,22.78086,59.80455,15.46199,2.2769,5.09533,1.24606,0.06102,4.18751,13.42744,22.60328,3,2.80951,6.828033462,80.59733544
5008,0,random_negative,none,,cv,FALSE,3,65_59,,,,24.81895,54.15011,19.74963,2.28767,5.21245,1.19637,0.06744,3.39512,13.96198,26.54579,3,3.65057,6.795963962,80.72890843
5009,0,random_negative,none,,cv,FALSE,0,68_60,,,,26.05676,49.49089,23.46795,2.2439,5.22239,1.16641,0.07799,0.19345,14.09412,25.51952,1,3.75446,6.840026874,80.81281754
5010,0,random_negative,none,,cv,FALSE,4,58_61,,,,20.58662,63.57827,14.2801,2.40033,5.06759,1.26616,0.05939,4.11565,13.24906,21.64641,2,0.38576,6.853203545,80.55138168
5011,0,random_negative,none,,cv,FALSE,1,72_71,,,,14.92678,66.86372,16.39669,1.17024,5.75326,1.34068,0.05753,14.21771,13.76097,28.01333,3,7.67931,7.130879426,80.94329295
5012,0,random_negative,none,,cv,FALSE,4,67_60,,,,26.63665,48.31851,24.28625,2.25098,5.21606,1.16328,0.07816,-1.32701,14.0942,24.70304,2,3.37818,6.839946958,80.80383051
5013,0,random_negative,none,,cv,FALSE,3,57_59,,,,20.54445,64.80499,12.97643,2.64519,4.99617,1.27969,0.05144,5.52254,11.65709,22.86377,2,3.78631,6.79889648,80.51769179
5014,0,random_negative,none,,cv,FALSE,4,63_67,,,,24.95571,53.95312,20.10188,2.22574,5.3099,1.19239,0.06659,3.36603,15.41917,27.0151,2,2.90816,7.032253996,80.69670897
5015,0,random_negative,none,,cv,FALSE,2,56_59,,,,21.16487,63.55533,13.70466,2.51904,4.98551,1.27429,0.05341,5.06137,11.77652,23.30396,1,2.6812,6.81718813,80.5109719
5016,0,random_negative,none,,cv,FALSE,0,66_66,,,,25.65367,51.75705,21.31914,2.3073,5.30875,1.15743,0.06967,5.5127,15.79234,29.91033,2,1.01842,6.99211653,80.77010617
5017,0,random_negative,none,,cv,FALSE,1,71_66,,,,17.99727,59.08806,20.18834,2.06956,5.44006,1.18862,0.0689,19.74859,15.6671,36.47018,2,2.69717,6.994030352,80.89581792
5018,0,random_negative,none,,cv,FALSE,4,67_73,,,,21.72487,59.44564,17.40407,1.34666,5.69788,1.3098,0.05435,6.86555,13.88259,27.29808,1,5.25878,7.188533452,80.78426859
5019,0,random_negative,none,,cv,FALSE,2,56_59,,,,21.02747,63.86071,13.56834,2.51252,4.98021,1.26233,0.05286,5.19044,11.77456,23.4625,2,3.2699,6.816193884,80.5053778
5020,0,random_negative,none,,cv,FALSE,2,73_69,,,,16.68141,63.63454,17.19802,1.924,5.63457,1.26471,0.06323,15.7622,14.71061,31.12868,4,8.99056,7.075801197,80.95276037
5021,0,random_negative,none,,cv,FALSE,0,72_70,,,,16.81124,63.62009,17.20684,1.9625,5.61034,1.28239,0.06175,15.40879,14.52122,30.89767,2,11.36153,7.094893986,80.93220243
5022,0,random_negative,none,,cv,FALSE,0,59_63,,,,21.03981,62.31809,15.4849,2.21426,5.08895,1.24315,0.06108,2.54235,13.40417,21.52606,2,1.99881,6.912574712,80.58299329
5023,0,random_negative,none,,cv,FALSE,4,60_59,,,,23.03944,59.33023,15.66178,2.28227,5.10074,1.24227,0.06136,4.2328,13.42986,22.88193,4,3.24641,6.815850774,80.60529062
5024,0,random_negative,none,,cv,FALSE,3,64_60,,,,25.70646,52.92936,20.43004,2.26752,5.21529,1.18085,0.06825,1.82235,14.56019,26.01336,3,0.25415,6.831960202,80.72120063
5025,0,random_negative,none,,cv,FALSE,2,62_58,,,,23.98719,56.47244,18.02098,2.25787,5.21347,1.22097,0.06227,4.16058,13.95083,25.63909,1,3.13517,6.783491671,80.67185256
5026,0,random_negative,none,,cv,FALSE,2,59_61,,,,22.18277,60.39571,15.97787,2.214,5.06122,1.24158,0.06284,3.27083,13.30388,22.2931,,2.07403,6.855023636,80.59237317
5027,0,random_negative,none,,cv,FALSE,4,72_74,,,,13.2759,70.26759,14.97121,0.97876,5.88114,1.40055,0.05401,13.42229,13.48171,25.64081,,1.08626,7.202509887,80.93950948
5028,0,random_negative,none,,cv,FALSE,2,56_63,,,,20.83581,63.79691,13.96736,2.06731,5.02603,1.28723,0.057,2.86068,12.63458,21.71068,1,0.88921,6.911458199,80.48768686
5029,0,random_negative,none,,cv,FALSE,0,63_62,,,,29.75282,48.11873,22.39427,2.2346,5.21813,1.17221,0.06512,-0.17765,14.56211,28.8923,1,3.44301,6.900655791,80.68958353
5030,0,random_negative,none,,cv,FALSE,2,65_67,,,,24.27627,53.93668,20.72387,2.25184,5.32806,1.19059,0.06367,5.13997,15.64621,27.99438,2,1.47401,7.029972433,80.72885292
5031,0,random_negative,none,,cv,FALSE,2,61_66,,,,22.00472,59.69191,17.39137,2.28502,5.21945,1.19553,0.06388,1.5792,14.33144,22.27353,2,3.14569,7.000131127,80.62453693
5032,0,random_negative,none,,cv,FALSE,3,54_66,,,,20.56313,63.86937,14.09569,1.48761,5.1251,1.30971,0.05929,4.36866,12.29622,23.4001,2,4.08029,6.991085722,80.43477715
5033,0,random_negative,none,,cv,FALSE,3,60_66,,,,20.60207,61.97569,16.43814,2.27014,5.22294,1.20471,0.06315,1.44776,14.32613,20.72695,2,1.90037,7.005415162,80.6027752
5034,0,random_negative,none,,cv,FALSE,1,67_68,,,,22.43383,55.48604,20.63463,2.12425,5.39758,1.20845,0.06405,9.1166,15.18394,30.29205,4,4.21426,7.040203339,80.79259343
5035,0,random_negative,none,,cv,FALSE,3,63_61,,,,26.24552,52.99553,20.10074,2.24045,5.21788,1.18412,0.0648,1.44435,14.55605,26.08461,2,3.88384,6.857049061,80.68557334
5036,0,random_negative,none,,cv,FALSE,4,60_59,,,,23.26772,58.80323,16.10487,2.28719,5.10192,1.23831,0.06178,4.15597,13.4323,23.48088,2,2.95393,6.816976876,80.61879115
5037,0,random_negative,none,,cv,FALSE,1,60_68,,,,24.13259,56.79574,18.17083,1.49912,5.41489,1.24929,0.06529,0.45027,13.45426,23.18767,,4.47468,7.056124352,80.61270372
5038,0,random_negative,none,,cv,FALSE,0,63_60,,,,24.95505,54.65394,19.29176,2.25019,5.2179,1.19021,0.06527,2.37375,14.55364,25.36661,3,3.1927,6.823824378,80.69178194
5039,0,random_negative,none,,cv,FALSE,0,61_57,,,,22.26818,60.01541,15.90096,2.40912,5.25301,1.27159,0.05715,5.78117,13.7468,24.93075,1,3.89706,6.757070074,80.63151834
5040,0,random_negative,none,,cv,FALSE,3,64_66,,,,26.03965,52.19153,21.04392,2.28363,5.26076,1.16947,0.06838,2.99235,15.42655,27.9136,2,2.73574,6.995268807,80.71934864
5041,0,random_negative,none,,cv,FALSE,1,71_71,,,,15.93139,64.99501,17.23083,1.31546,5.6949,1.32374,0.05748,14.26712,13.86894,28.98564,4,8.44465,7.124465373,80.90875131
5042,0,random_negative,none,,cv,FALSE,3,63_61,,,,26.68887,51.97011,20.73022,2.25249,5.21458,1.17565,0.06661,1.3081,14.56,26.60463,2,2.46932,6.860649956,80.70036181
5043,0,random_negative,none,,cv,FALSE,3,71_70,,,,15.9932,64.69542,17.39927,1.32054,5.67817,1.31885,0.05817,14.67353,13.8714,29.43582,1,9.42104,7.111477281,80.9058563
5044,0,random_negative,none,,cv,FALSE,4,57_63,,,,18.58784,66.59489,13.41599,2.15603,5.07955,1.27431,0.05981,3.09403,13.38691,19.74685,2,2.07172,6.927451255,80.53205353
5045,0,random_negative,none,,cv,FALSE,0,59_60,,,,21.85755,61.53765,14.67542,2.40526,5.10713,1.25378,0.05876,4.49815,13.03103,21.85466,2,1.54774,6.822422733,80.57423483
5046,0,random_negative,none,,cv,FALSE,3,67_61,,,,26.89064,49.11591,23.22636,2.20958,5.25798,1.16576,0.07626,0.28474,14.68954,26.3701,3,1.8417,6.85719207,80.78453769
5047,0,random_negative,none,,cv,FALSE,1,66_65,,,,27.13216,49.97375,22.01589,2.34451,5.28454,1.14137,0.07078,3.58337,15.79304,29.68754,1,1.15594,6.962540532,80.75705453
5048,0,random_negative,none,,cv,FALSE,1,55_63,,,,20.08281,64.56347,13.92941,2.06682,5.08113,1.24908,0.05929,3.09821,12.65993,21.30338,2,1.63175,6.923357793,80.47817158
5049,0,random_negative,none,,cv,FALSE,4,65_57,,,,23.82611,54.85516,19.83409,2.2406,5.37614,1.22071,0.06764,4.13004,15.24172,26.2135,1,4.34585,6.7642253,80.74111163
5050,0,random_negative,none,,cv,FALSE,0,60_64,,,,21.36745,60.88669,16.9543,2.2342,5.18416,1.19339,0.06408,0.96244,14.5779,20.86384,1,2.26145,6.946511787,80.61707351
5051,0,random_negative,none,,cv,FALSE,2,56_59,,,,20.7405,64.09052,13.52527,2.42853,4.968,1.26428,0.0516,5.74798,11.99724,23.83666,2,4.50739,6.81333015,80.49430249
5052,0,random_negative,none,,cv,FALSE,0,66_66,,,,25.65367,51.75705,21.31914,2.3073,5.30875,1.15743,0.06967,5.5127,15.79234,29.91033,1,1.18934,6.991820394,80.76736558
5053,0,random_negative,none,,cv,FALSE,0,66_72,,,,22.75632,57.54754,18.34003,1.53215,5.60834,1.28037,0.05392,6.94114,14.58456,28.32658,2,5.804,7.169613779,80.77943084
5054,0,random_negative,none,,cv,FALSE,0,63_60,,,,25.27872,54.17362,19.54926,2.25007,5.21713,1.1867,0.06548,2.12661,14.55478,25.54024,2,3.06575,6.831884332,80.69232595
5055,0,random_negative,none,,cv,FALSE,3,64_68,,,,25.20955,53.73055,19.841,2.19428,5.33209,1.20194,0.06562,4.21186,14.69392,27.85275,1,3.82955,7.050986128,80.70452005
5056,0,random_negative,none,,cv,FALSE,3,62_63,,,,27.03952,52.76945,20.00893,2.274,5.1371,1.18679,0.06448,0.39695,14.78768,26.35606,1,1.34302,6.918570051,80.65410924
5057,0,random_negative,none,,cv,FALSE,2,65_67,,,,24.64336,53.59086,20.7945,2.18235,5.28189,1.19629,0.06444,5.21743,15.30783,28.79609,1,2.36365,7.036848573,80.73316557
5058,0,random_negative,none,,cv,FALSE,3,67_72,,,,21.93691,58.88275,17.83949,1.46808,5.62071,1.29048,0.05314,7.90685,14.13038,28.51885,2,2.84226,7.168854541,80.80763466
5059,0,random_negative,none,,cv,FALSE,4,65_70,,,,24.4737,53.97924,20.08068,2.10121,5.35739,1.22234,0.06119,6.51136,14.57799,29.31813,2,2.15537,7.093442371,80.73162516
5060,0,random_negative,none,,cv,FALSE,1,67_67,,,,23.79217,53.45375,21.20608,2.24769,5.29456,1.16362,0.06709,9.4137,15.6814,32.06514,1,1.41397,7.011500138,80.80199401
5061,0,random_negative,none,,cv,FALSE,2,67_63,,,,27.38861,48.70121,23.05848,2.14746,5.2899,1.14632,0.07554,3.07646,15.03376,29.74961,1,2.02465,6.927730797,80.80463533
5062,0,random_negative,none,,cv,FALSE,1,68_72,,,,21.30556,59.31649,18.04717,1.49812,5.59545,1.29025,0.05466,8.06358,14.8555,28.11977,1,2.31769,7.166083593,80.81495996
5063,0,random_negative,none,,cv,FALSE,1,68_65,,,,24.39047,52.49621,21.51733,2.2933,5.26377,1.155,0.07103,9.00346,15.85254,32.14968,2,0.98282,6.976723182,80.82581782
5064,0,random_negative,none,,cv,FALSE,0,55_65,,,,20.17453,64.46976,13.9354,2.02877,5.09442,1.26358,0.06007,3.19716,12.65613,21.72142,2,2.17281,6.961143915,80.46447054
5065,0,random_negative,none,,cv,FALSE,2,61_66,,,,21.88041,59.90199,17.34353,2.29519,5.2132,1.19172,0.06368,1.52317,14.33206,22.09661,3,2.82217,6.98892074,80.62396955
5066,0,random_negative,none,,cv,FALSE,4,69_68,,,,20.29086,58.15002,19.47604,2.12569,5.48614,1.20158,0.06327,13.72879,15.38795,32.63026,2,2.19926,7.046581639,80.83900815
5067,0,random_negative,none,,cv,FALSE,4,60_59,,,,23.02163,59.41199,15.49052,2.2823,5.10398,1.24459,0.06119,4.38482,13.4297,22.75647,2,1.88305,6.804185803,80.60988678
5068,0,random_negative,none,,cv,FALSE,0,59_67,,,,20.92652,62.48877,15.61585,2.16491,5.2422,1.2311,0.06178,0.35263,13.35035,19.95712,2,0.65927,7.025578239,80.57789413
5069,0,random_negative,none,,cv,FALSE,3,61_68,,,,23.92797,56.85671,18.14993,2.21436,5.29425,1.21252,0.06696,2.10712,14.61025,24.59555,2,5.41604,7.044917319,80.62307002
5070,0,random_negative,none,,cv,FALSE,3,54_66,,,,20.58202,63.57098,14.4111,1.48589,5.14943,1.30898,0.06009,3.94353,12.29825,23.00072,1,2.14221,7.006678256,80.45592305
5071,0,random_negative,none,,cv,FALSE,3,54_64,,,,20.16832,64.66626,13.73027,2.03932,5.07381,1.2598,0.05919,3.38627,12.65588,21.83862,1,3.89997,6.95048208,80.45068463
5072,0,random_negative,none,,cv,FALSE,3,72_67,,,,16.8371,61.34152,19.09455,2.06676,5.47377,1.22259,0.06591,20.07616,15.52609,35.59878,4,5.97893,7.034059068,80.92900571
5073,0,random_negative,none,,cv,FALSE,2,62_59,,,,23.46267,57.90524,17.16917,2.461,5.17433,1.22358,0.06078,4.20161,13.69236,24.86669,2,1.6592,6.799873532,80.65059934
5074,0,random_negative,none,,cv,FALSE,2,62_59,,,,24.08393,56.46159,18.11393,2.35443,5.13752,1.20618,0.0629,2.88001,14.01378,24.4121,1,0.13725,6.811812605,80.65787693
5075,0,random_negative,none,,cv,FALSE,4,69_71,,,,20.12626,59.52358,18.79207,2.05907,5.55466,1.25267,0.05791,10.45939,15.69767,29.31851,2,6.40192,7.126379359,80.85392974
5076,0,random_negative,none,,cv,FALSE,0,67_59,,,,25.44616,50.76412,22.67555,2.2352,5.25207,1.177,0.07629,0.79559,14.08953,25.33605,1,1.16196,6.811260352,80.80358596
5077,0,random_negative,none,,cv,FALSE,4,65_63,,,,29.14389,47.02765,23.43438,2.265,5.27548,1.14158,0.07164,0.99449,15.34042,29.43865,1,5.50478,6.907604781,80.75388988
5078,0,random_negative,none,,cv,FALSE,2,57_61,,,,20.73747,63.70574,13.9863,2.20085,5.04368,1.25979,0.05874,3.63179,13.39225,21.65265,4,0.18537,6.873742222,80.53125252
5079,0,random_negative,none,,cv,FALSE,1,56_67,,,,19.62916,64.91001,14.14933,1.56044,5.23111,1.32033,0.06184,2.91287,12.12906,21.07783,1,3.52464,7.023956878,80.50249725
5080,0,random_negative,none,,cv,FALSE,1,68_68,,,,20.75477,57.39598,20.13863,2.11488,5.42139,1.2119,0.06366,12.08331,15.18663,31.57223,2,2.36929,7.045683373,80.82912863
5081,0,random_negative,none,,cv,FALSE,2,70_67,,,,18.39733,59.62553,19.4117,2.13571,5.48313,1.19629,0.06457,19.08104,15.39268,36.09597,2,3.67501,7.036130378,80.88269388
5082,0,random_negative,none,,cv,FALSE,2,57_61,,,,21.0004,63.70777,13.72258,2.60528,4.9994,1.26089,0.05744,4.65003,13.32024,22.72887,3,2.13245,6.850246646,80.5297892
5083,0,random_negative,none,,cv,FALSE,3,63_61,,,,26.22921,52.61003,20.4187,2.25419,5.21487,1.17823,0.0666,1.55165,14.5589,26.26128,2,2.5476,6.856360412,80.69784475
5084,0,random_negative,none,,cv,FALSE,1,68_67,,,,21.1712,56.8385,20.02554,2.16311,5.44154,1.18443,0.06559,12.66331,15.39127,32.56833,2,2.16921,7.017998189,80.83446925
5085,0,random_negative,none,,cv,FALSE,3,67_61,,,,26.69787,49.18067,23.35288,2.21401,5.25845,1.16321,0.07657,-0.21301,14.68844,25.68488,2,1.77067,6.856009494,80.78710302
5086,0,random_negative,none,,cv,FALSE,1,68_67,,,,22.32307,55.30405,20.54164,2.09696,5.40992,1.18132,0.06643,11.59146,15.37681,32.67901,3,2.78677,7.020540285,80.82662014
5087,0,random_negative,none,,cv,FALSE,1,65_71,,,,23.74872,54.95229,19.73706,1.53063,5.44787,1.25739,0.0571,7.17426,14.22191,29.21159,3,2.53494,7.126467943,80.73742372
5088,0,random_negative,none,,cv,FALSE,3,64_67,,,,24.27627,53.93668,20.72387,2.25184,5.32806,1.19059,0.06367,5.13997,15.64621,27.99438,2,1.22958,7.03010432,80.72464542
5089,0,random_negative,none,,cv,FALSE,4,65_57,,,,23.80538,54.60093,20.10617,2.24397,5.37876,1.22598,0.06887,4.07042,15.24336,26.29832,2,2.92198,6.762695747,80.75459613
5090,0,random_negative,none,,cv,FALSE,4,67_60,,,,26.07837,49.26952,23.76161,2.24454,5.23816,1.17247,0.07736,-0.90061,14.09148,24.46713,1,2.28172,6.822226752,80.80716939
5091,0,random_negative,none,,cv,FALSE,2,56_59,,,,21.02747,63.86071,13.56834,2.51252,4.98021,1.26233,0.05286,5.19044,11.77456,23.4625,2,3.69558,6.815469538,80.50141673
5092,0,random_negative,none,,cv,FALSE,1,54_63,,,,20.01602,65.8443,12.72109,2.109,4.95355,1.25944,0.05554,4.72814,11.59293,22.94522,1,2.37743,6.912718255,80.44484911
5093,0,random_negative,none,,cv,FALSE,4,64_63,,,,30.64085,46.69306,23.0686,2.30819,5.22962,1.1559,0.06487,-0.2788,15.16962,29.91937,1,1.32077,6.918473933,80.70313391
5094,0,random_negative,none,,cv,FALSE,2,69_67,,,,19.61024,58.18623,19.84732,2.1608,5.44756,1.18466,0.06612,16.67046,15.3941,34.967,2,1.87853,7.018968173,80.86293029
5095,0,random_negative,none,,cv,FALSE,3,65_58,,,,24.86478,53.87736,19.98557,2.29186,5.21454,1.19315,0.0683,3.27761,13.96362,26.57252,2,4.75583,6.791598604,80.7414315
5096,0,random_negative,none,,cv,FALSE,1,58_60,,,,20.90426,63.22278,14.16704,2.40944,5.0744,1.26732,0.05895,4.35341,13.24941,21.73771,2,1.79407,6.832793843,80.54742615
5097,0,random_negative,none,,cv,FALSE,0,61_65,,,,21.86887,59.99451,17.34843,2.31584,5.20016,1.1836,0.0634,1.36333,14.33348,21.91786,2,3.752,6.974490952,80.62922313
5098,0,random_negative,none,,cv,FALSE,2,71_72,,,,14.41916,68.03527,15.8425,0.98909,5.81198,1.37747,0.05621,13.85597,13.4975,27.06665,2,4.56702,7.160956299,80.9065195
5099,0,random_negative,none,,cv,FALSE,3,64_65,,,,27.79836,49.63422,22.01079,2.34627,5.28905,1.14593,0.06949,2.16371,15.78917,29.01198,2,4.33669,6.959198605,80.72813661
5100,0,random_negative,none,,cv,FALSE,0,59_60,,,,21.33346,62.04383,14.9271,2.19904,5.05604,1.25505,0.06146,3.76823,13.29658,21.52492,2,0.48883,6.84061369,80.57202489
5101,0,random_negative,none,,cv,FALSE,0,63_66,,,,25.4312,53.53566,20.31182,2.25849,5.28681,1.17935,0.06694,2.44378,15.42004,26.71222,3,3.58878,7.000292495,80.69419212
5102,0,random_negative,none,,cv,FALSE,4,65_70,,,,24.4737,53.97924,20.08068,2.10121,5.35739,1.22234,0.06119,6.51136,14.57799,29.31813,2,2.25556,7.093735466,80.73056762
5103,0,random_negative,none,,cv,FALSE,0,63_62,,,,29.75282,48.11873,22.39427,2.2346,5.21813,1.17221,0.06512,-0.17765,14.56211,28.8923,3,3.94258,6.895636658,80.69048924
5104,0,random_negative,none,,cv,FALSE,3,67_61,,,,26.68704,49.19637,23.29156,2.20981,5.25918,1.16536,0.07684,0.33068,14.69006,26.24286,2,0.72106,6.864466566,80.79160989
5105,0,random_negative,none,,cv,FALSE,1,68_72,,,,20.86991,59.917,17.76962,1.29725,5.67269,1.31141,0.05523,9.19944,13.58965,28.70561,3,2.42369,7.171727326,80.81053495
5106,0,random_negative,none,,cv,FALSE,2,64_57,,,,23.56702,55.55558,19.31922,2.22873,5.38788,1.23312,0.06572,4.50424,15.23924,26.11469,3,3.22622,6.758925694,80.72018377
5107,0,random_negative,none,,cv,FALSE,4,69_68,,,,19.87444,58.56624,19.39403,2.12559,5.48886,1.20149,0.06339,14.67843,15.38879,33.17221,2,2.35712,7.05076223,80.85483073
5108,0,random_negative,none,,cv,FALSE,0,68_60,,,,25.35856,50.76711,22.65342,2.23369,5.24034,1.17325,0.07743,1.42567,14.09261,25.92622,1,3.98839,6.835751007,80.81932969
5109,0,random_negative,none,,cv,FALSE,4,65_70,,,,24.2863,54.02452,20.08314,2.0918,5.36765,1.22569,0.06064,7.13447,14.57866,29.59565,2,1.95851,7.106258383,80.73341348
5110,0,random_negative,none,,cv,FALSE,2,64_58,,,,24.42772,55.16009,19.02424,2.27442,5.21802,1.20807,0.06517,3.89686,13.9575,26.39002,1,1.14355,6.782572911,80.7100202
5111,0,random_negative,none,,cv,FALSE,3,67_61,,,,26.90079,49.08806,23.19108,2.20452,5.25916,1.16547,0.07644,0.82019,14.69112,26.94378,4,0.27788,6.866923753,80.79571004
5112,0,random_negative,none,,cv,FALSE,2,70_72,,,,16.92379,64.22079,17.25094,1.30549,5.72112,1.32846,0.05568,12.44019,13.8687,28.12328,2,4.78647,7.15724966,80.86816575
5113,0,random_negative,none,,cv,FALSE,0,66_75,,,,24.97457,57.74622,15.76812,1.17446,5.6238,1.32002,0.05289,6.66534,13.69296,30.567,,1.89037,7.235550627,80.77085234
5114,0,random_negative,none,,cv,FALSE,1,56_66,,,,18.97252,65.92151,13.91181,2.15048,5.15158,1.26401,0.06358,1.80852,12.79072,19.29714,1,3.01653,6.994118956,80.50724564
5115,0,random_negative,none,,cv,FALSE,3,57_59,,,,20.71071,64.40446,13.17487,2.60069,5.08383,1.28152,0.0545,5.2191,11.94741,22.51201,2,2.62954,6.806662388,80.53415991
5116,0,random_negative,none,,cv,FALSE,3,67_61,,,,26.68704,49.19637,23.29156,2.20981,5.25918,1.16536,0.07684,0.33068,14.69006,26.24286,3,0.52681,6.864710599,80.79646231
5117,0,random_negative,none,,cv,FALSE,0,72_70,,,,16.05529,64.35467,17.59042,1.96471,5.60267,1.27945,0.06193,14.6181,14.52296,29.4886,2,11.12846,7.092845605,80.93058125
5118,0,random_negative,none,,cv,FALSE,3,65_59,,,,25.47446,52.84196,20.57912,2.30171,5.1948,1.18278,0.06955,2.59293,13.96617,26.6182,1,2.48717,6.818296104,80.73921641
5119,0,random_negative,none,,cv,FALSE,0,66_61,,,,27.33772,48.85862,23.11459,2.20353,5.25766,1.15034,0.07525,0.59645,14.68997,27.11097,2,2.09514,6.870440464,80.77690613
5120,0,random_negative,none,,cv,FALSE,2,62_59,,,,24.01181,56.57575,17.90525,2.25676,5.20582,1.22016,0.06206,3.97542,13.94993,25.3231,1,1.95806,6.797674672,80.66656704
5121,0,random_negative,none,,cv,FALSE,2,61_58,,,,22.96382,58.86767,16.55196,2.45685,5.18434,1.25884,0.05918,4.74504,13.68859,24.69438,1,2.94631,6.77726261,80.64297705
5122,0,random_negative,none,,cv,FALSE,4,69_68,,,,20.70352,57.3457,19.83476,2.2124,5.44673,1.2016,0.06353,14.9228,16.04194,34.28411,1,3.24793,7.059037388,80.86168276
5123,0,random_negative,none,,cv,FALSE,3,64_65,,,,27.19264,50.96903,21.34227,2.32084,5.31533,1.14847,0.06719,1.80035,15.78344,27.99217,4,3.69315,6.963362152,80.70154386
5124,0,random_negative,none,,cv,FALSE,1,65_71,,,,23.65907,54.8535,19.84867,1.53197,5.44261,1.25634,0.0569,7.83148,14.22338,29.68166,2,2.85957,7.12508673,80.74371885
5125,0,random_negative,none,,cv,FALSE,0,57_60,,,,20.74676,63.5607,13.95328,2.49175,5.06584,1.2681,0.05759,4.95001,13.0528,22.18932,2,1.13637,6.822652821,80.5382803
5126,0,random_negative,none,,cv,FALSE,4,66_70,,,,23.26308,54.84448,20.00308,1.51113,5.39772,1.25821,0.05821,9.40262,14.16452,30.5572,2,3.61624,7.11822947,80.77717986
5127,0,random_negative,none,,cv,FALSE,0,59_60,,,,21.6308,61.50778,15.18799,2.20461,5.05972,1.25115,0.06189,3.65465,13.29903,21.66743,2,0.75048,6.843170724,80.57361605
5128,0,random_negative,none,,cv,FALSE,0,64_70,,,,24.25963,55.35853,19.11577,1.50216,5.37909,1.25675,0.06078,4.65188,13.96678,27.51883,2,2.71948,7.107315482,80.70195706
5129,0,random_negative,none,,cv,FALSE,1,54_63,,,,20.18231,64.83184,13.53996,2.04949,5.05333,1.26321,0.0584,3.53682,12.65572,21.94536,2,3.5865,6.923891421,80.44296726
5130,0,random_negative,none,,cv,FALSE,0,56_58,,,,20.8594,63.56607,13.86897,2.63601,4.9875,1.27709,0.04985,6.41272,11.65323,24.43334,2,3.6337,6.781305263,80.5002788
5131,0,random_negative,none,,cv,FALSE,3,64_61,,,,27.28777,50.92126,21.30863,2.25615,5.21351,1.16949,0.06752,1.04743,14.56299,27.15081,2,2.69882,6.871334091,80.70813961
5132,0,random_negative,none,,cv,FALSE,4,63_67,,,,25.14734,54.18263,19.5866,2.19824,5.33154,1.19394,0.06539,3.39633,14.69102,27.05712,2,4.47601,7.036642785,80.68306836
5133,0,random_negative,none,,cv,FALSE,3,68_62,,,,25.63469,50.74421,22.42751,2.18845,5.27038,1.17116,0.07671,2.69147,14.69287,27.45595,1,2.21517,6.876821774,80.81897922
5134,0,random_negative,none,,cv,FALSE,3,66_58,,,,24.94646,52.79922,20.92377,2.23181,5.34405,1.20195,0.07163,3.45144,14.89359,26.91705,1,2.99332,6.789078016,80.7607889
5135,0,random_negative,none,,cv,FALSE,3,63_61,,,,27.05643,51.68513,20.79351,2.24422,5.21613,1.1775,0.06562,1.07989,14.55909,26.80212,2,3.89773,6.869629174,80.69070699
5136,0,random_negative,none,,cv,FALSE,2,59_62,,,,21.8767,61.1704,15.6987,2.24319,5.06614,1.24106,0.0619,2.48289,14.12526,21.85536,3,1.16708,6.876783041,80.59005791
5137,0,random_negative,none,,cv,FALSE,3,54_64,,,,20.16832,64.66626,13.73027,2.03932,5.07381,1.2598,0.05919,3.38627,12.65588,21.83862,2,4.15401,6.945237262,80.45575247
5138,0,random_negative,none,,cv,FALSE,3,63_61,,,,26.78272,52.2628,20.46019,2.23818,5.21816,1.18186,0.06473,1.14559,14.55705,26.49023,3,4.10883,6.86865702,80.68540428
5139,0,random_negative,none,,cv,FALSE,0,61_60,,,,24.14568,56.96877,17.47285,2.30304,5.10057,1.22189,0.06341,3.67241,13.44011,24.95417,2,1.93901,6.822051823,80.64272494
5140,0,random_negative,none,,cv,FALSE,4,66_62,,,,28.33245,48.08626,22.97616,2.24897,5.24401,1.14006,0.07289,1.15329,14.85036,28.66102,1,3.41717,6.876758424,80.76579797
5141,0,random_negative,none,,cv,FALSE,4,67_73,,,,21.75862,59.05998,17.69304,1.35043,5.68113,1.30737,0.05499,7.2651,13.88331,27.65882,2,5.10556,7.184010322,80.78501637
5142,0,random_negative,none,,cv,FALSE,4,67_65,,,,25.56429,51.14092,21.96073,2.21873,5.32001,1.13901,0.07319,6.25775,15.61332,30.74296,,1.37798,6.96613559,80.80814357
5143,0,random_negative,none,,cv,FALSE,0,63_62,,,,29.62619,48.50833,22.15853,2.22875,5.22041,1.17645,0.06422,-0.24748,14.55999,28.65401,1,3.81053,6.89466864,80.6812008
5144,0,random_negative,none,,cv,FALSE,4,59_59,,,,21.68801,61.97395,14.2761,2.40348,5.10857,1.25892,0.05807,4.74961,13.02836,21.63037,2,2.97212,6.810192925,80.56731793
5145,0,random_negative,none,,cv,FALSE,4,58_61,,,,20.85565,63.07166,14.52194,2.40529,5.07138,1.26048,0.05985,3.98647,13.2516,21.69834,2,0.77093,6.849180859,80.55692706
5146,0,random_negative,none,,cv,FALSE,4,69_68,,,,20.39261,57.87253,19.64136,2.13785,5.47118,1.19575,0.06412,13.88333,15.38945,32.91977,1,1.25685,7.037597842,80.84153887
5147,0,random_negative,none,,cv,FALSE,3,63_64,,,,28.60106,49.38439,21.93054,2.33918,5.30338,1.14495,0.06727,0.65534,15.78344,28.4562,1,1.89859,6.94379781,80.68977461
5148,0,random_negative,none,,cv,FALSE,1,71_71,,,,15.93139,64.99501,17.23083,1.31546,5.6949,1.32374,0.05748,14.26712,13.86894,28.98564,2,8.15223,7.126885088,80.91055318
5149,0,random_negative,none,,cv,FALSE,4,66_70,,,,23.52437,53.72973,20.73549,2.10655,5.34821,1.22718,0.06106,9.99856,15.30763,31.24725,3,2.92647,7.102314735,80.77639167
5150,0,random_negative,none,,cv,FALSE,0,59_63,,,,20.06853,63.97451,14.66751,2.19853,5.08595,1.25263,0.0604,2.80348,13.3986,20.73853,3,0.61271,6.905506355,80.57061773
5151,0,random_negative,none,,cv,FALSE,3,66_63,,,,29.99749,45.90256,23.75689,2.22556,5.24616,1.13981,0.0714,1.25977,14.85285,30.667,1,4.109,6.914013409,80.77073484
5152,0,random_negative,none,,cv,FALSE,1,71_66,,,,17.11635,60.29111,19.75341,2.0495,5.46845,1.20077,0.06773,20.68916,15.6638,36.49783,1,3.43414,7.005880159,80.9128199
5153,0,random_negative,none,,cv,FALSE,1,71_66,,,,17.99727,59.08806,20.18834,2.06956,5.44006,1.18862,0.0689,19.74859,15.6671,36.47018,2,2.51089,6.992328791,80.89587285
5154,0,random_negative,none,,cv,FALSE,1,60_63,,,,22.11196,60.07957,17.01316,2.17632,5.14489,1.22899,0.06201,1.23345,14.11417,21.75105,1,0.74554,6.924420368,80.61490578
5155,0,random_negative,none,,cv,FALSE,4,67_70,,,,22.41323,55.42325,20.26598,2.04469,5.48563,1.24524,0.05973,9.96637,15.17498,30.37753,3,3.83747,7.094556988,80.78431013
5156,0,random_negative,none,,cv,FALSE,4,66_62,,,,28.12186,48.3739,22.9326,2.28025,5.27039,1.14265,0.07254,0.8903,15.33718,28.14274,2,3.89693,6.883555409,80.76077423
5157,0,random_negative,none,,cv,FALSE,4,65_61,,,,27.74208,49.09582,22.54466,2.27927,5.27246,1.14696,0.07191,0.96483,15.33486,27.71517,3,1.99351,6.866686973,80.74317387
5158,0,random_negative,none,,cv,FALSE,3,64_67,,,,24.27627,53.93668,20.72387,2.25184,5.32806,1.19059,0.06367,5.13997,15.64621,27.99438,2,1.54589,7.033135365,80.72478932
5159,0,random_negative,none,,cv,FALSE,3,72_69,,,,17.53543,61.88809,18.18971,2.09583,5.54396,1.23174,0.06293,17.35993,15.41169,33.6005,4,9.02742,7.066945211,80.92286838
5160,0,random_negative,none,,cv,FALSE,4,65_61,,,,27.74208,49.09582,22.54466,2.27927,5.27246,1.14696,0.07191,0.96483,15.33486,27.71517,2,2.13917,6.869318417,80.74898572
5161,0,random_negative,none,,cv,FALSE,4,68_73,,,,19.28525,61.72568,17.63925,1.26507,5.72185,1.33286,0.05462,10.49741,13.82155,28.56831,2,0.51668,7.174983771,80.83196058
5162,0,random_negative,none,,cv,FALSE,1,62_67,,,,24.93161,54.89503,19.18403,2.26124,5.26727,1.19058,0.0667,2.85939,14.62041,26.37011,2,6.32084,7.018483778,80.66280803
5163,0,random_negative,none,,cv,FALSE,0,73_71,,,,14.92678,66.86372,16.39669,1.17024,5.75326,1.34068,0.05753,14.21771,13.76097,28.01333,3,7.71985,7.130308398,80.94591281
5164,0,random_negative,none,,cv,FALSE,1,66_74,,,,21.89639,59.78557,16.71841,1.09592,5.70217,1.3109,0.05517,7.16364,13.38757,27.72618,1,4.94302,7.205299899,80.78002097
5165,0,random_negative,none,,cv,FALSE,3,64_61,,,,26.68887,51.97011,20.73022,2.25249,5.21458,1.17565,0.06661,1.3081,14.56,26.60463,2,2.01267,6.857336796,80.70333404
5166,0,random_negative,none,,cv,FALSE,1,68_69,,,,21.3853,56.90232,20.05205,2.08729,5.44689,1.22506,0.06198,10.66423,15.18183,30.61858,4,0.66053,7.072604175,80.81461882
5167,0,random_negative,none,,cv,FALSE,3,60_58,,,,22.72511,59.67316,15.74336,2.44757,5.17887,1.24352,0.05837,4.46058,13.68459,23.11601,2,0.30775,6.79143935,80.61718892
5168,0,random_negative,none,,cv,FALSE,3,67_62,,,,27.07044,48.94204,23.11675,2.19168,5.26226,1.16709,0.07603,1.81411,14.69358,28.13273,1,1.5054,6.885299808,80.80005314
5169,0,random_negative,none,,cv,FALSE,3,64_67,,,,25.40331,53.19602,20.52848,2.25405,5.28524,1.17903,0.0674,3.27057,15.42278,27.44769,1,1.36711,7.016093249,80.70825993
5170,0,random_negative,none,,cv,FALSE,3,72_69,,,,17.51803,62.45615,17.81035,2.07285,5.57947,1.24411,0.06113,16.12362,15.40556,32.37397,4,10.61083,7.091176383,80.92617693
5171,0,random_negative,none,,cv,FALSE,0,63_66,,,,25.48869,53.65641,20.2387,2.26609,5.2839,1.17726,0.06678,1.97944,15.41907,26.34579,3,4.96807,6.992917035,80.68412224
5172,0,random_negative,none,,cv,FALSE,2,65_67,,,,24.38566,53.48986,21.041,2.27031,5.30314,1.18101,0.06487,5.76233,15.65016,28.75961,1,2.76506,7.019360134,80.74501933
5173,0,random_negative,none,,cv,FALSE,1,61_69,,,,24.47917,55.39514,19.10595,1.48853,5.38398,1.25082,0.0651,2.59823,14.21908,26.08218,2,1.69276,7.087195889,80.64160148
5174,0,random_negative,none,,cv,FALSE,3,64_66,,,,26.03965,52.19153,21.04392,2.28363,5.26076,1.16947,0.06838,2.99235,15.42655,27.9136,2,2.96138,6.993531871,80.71592007
5175,0,random_negative,none,,cv,FALSE,2,54_65,,,,20.23894,64.36539,13.94346,1.49724,5.12222,1.27034,0.05823,4.19153,12.29694,22.82915,3,2.62492,6.972799578,80.4473628
5176,0,random_negative,none,,cv,FALSE,3,72_69,,,,17.54196,62.16093,17.99881,2.08429,5.56167,1.23793,0.06203,16.69944,15.40863,32.96,4,9.45677,7.074438126,80.92313803
5177,0,random_negative,none,,cv,FALSE,0,61_57,,,,22.41188,59.66501,16.15653,2.41094,5.25359,1.26865,0.05774,5.74212,13.74857,25.21545,1,4.30089,6.758165923,80.64166972
5178,0,random_negative,none,,cv,FALSE,4,66_67,,,,24.36606,53.22366,21.30096,2.28907,5.27987,1.16927,0.06615,6.39762,15.65418,29.42985,3,1.28916,7.010714952,80.76742447
5179,0,random_negative,none,,cv,FALSE,4,62_64,,,,26.05765,53.72818,19.93302,2.29821,5.14821,1.15973,0.06563,0.93764,15.02215,26.01704,1,1.13026,6.955219166,80.66120514
5180,0,random_negative,none,,cv,FALSE,2,62_59,,,,24.2235,56.70873,17.64804,2.34946,5.13819,1.2218,0.06221,3.78208,14.01191,25.25882,2,0.39039,6.81654977,80.65731575
5181,0,random_negative,none,,cv,FALSE,2,67_71,,,,22.57463,56.87734,18.97255,1.52468,5.51353,1.27485,0.05673,8.77819,14.52574,29.71412,3,6.05998,7.13349762,80.79341995
5182,0,random_negative,none,,cv,FALSE,4,62_62,,,,25.9877,53.86845,19.68567,2.21362,5.23059,1.19437,0.06208,1.07577,14.55207,25.55989,2,1.41647,6.891261265,80.65610827
5183,0,random_negative,none,,cv,FALSE,2,59_61,,,,21.37393,62.19217,15.00335,2.23568,5.05684,1.24992,0.06108,2.85649,14.12033,21.45265,2,0.27003,6.872358751,80.57063221
5184,0,random_negative,none,,cv,FALSE,0,55_66,,,,20.1943,63.98786,14.4169,1.49268,5.16239,1.26957,0.05963,3.59846,12.29998,22.23118,1,1.17854,6.99087343,80.47708709
5185,0,random_negative,none,,cv,FALSE,2,64_62,,,,28.53448,49.48292,21.87811,2.24404,5.21571,1.16985,0.06627,0.46807,14.56311,28.08185,3,4.61064,6.888210364,80.70330367
5186,0,random_negative,none,,cv,FALSE,4,67_60,,,,26.68992,48.40922,24.2089,2.22036,5.25959,1.1628,0.07761,-1.73174,14.68792,24.32012,1,2.80425,6.844093556,80.79683252
5187,0,random_negative,none,,cv,FALSE,4,66_67,,,,24.03682,53.76318,20.97667,2.25952,5.30796,1.18522,0.0646,6.60006,15.65069,29.157,2,3.5474,7.028041471,80.75658261
5188,0,random_negative,none,,cv,FALSE,4,56_61,,,,21.50602,63.03009,14.04438,2.33376,4.99803,1.2632,0.05529,3.92739,11.78782,22.97864,1,2.55364,6.865852971,80.50502744
5189,0,random_negative,none,,cv,FALSE,2,66_64,,,,28.52406,47.9238,23.03683,2.24881,5.30872,1.15097,0.07253,1.90684,15.60728,29.64411,2,2.82394,6.933325734,80.7606433
5190,0,random_negative,none,,cv,FALSE,2,62_59,,,,24.01181,56.57575,17.90525,2.25676,5.20582,1.22016,0.06206,3.97542,13.94993,25.3231,1,1.49968,6.799676797,80.66003554
5191,0,random_negative,none,,cv,FALSE,2,63_57,,,,22.9654,58.36834,17.06006,2.41986,5.2484,1.25404,0.06022,5.33709,13.75513,25.82159,3,3.25856,6.765572788,80.67429559
5192,0,random_negative,none,,cv,FALSE,0,63_60,,,,25.07049,54.65998,19.23108,2.24433,5.21831,1.19078,0.06463,2.21982,14.55293,25.28407,3,3.51977,6.831610882,80.68365065
5193,0,random_negative,none,,cv,FALSE,1,68_59,,,,23.88431,53.30004,21.25778,2.17797,5.36187,1.18571,0.07542,3.60746,14.70471,26.3445,1,1.62665,6.798128895,80.82202328
5194,0,random_negative,none,,cv,FALSE,4,69_72,,,,19.06071,61.82617,17.70336,1.25691,5.70178,1.32537,0.05623,9.93552,14.38577,27.76889,2,2.45265,7.158435923,80.83779041
5195,0,random_negative,none,,cv,FALSE,3,71_73,,,,14.61859,68.08608,15.78157,0.98659,5.83057,1.38214,0.05503,13.21053,13.495,26.66755,,2.78812,7.186050418,80.89897024
5196,0,random_negative,none,,cv,FALSE,0,72_70,,,,15.56912,65.59981,16.88597,1.30356,5.67339,1.32789,0.05874,14.84143,13.75203,29.22359,4,10.74826,7.102806625,80.93087023
5197,0,random_negative,none,,cv,FALSE,1,65_62,,,,28.44716,48.17393,22.90623,2.2712,5.27376,1.14464,0.07145,0.94123,15.33717,28.5332,4,4.437,6.889581584,80.74341661
5198,0,random_negative,none,,cv,FALSE,3,67_61,,,,26.90079,49.08806,23.19108,2.20452,5.25916,1.16547,0.07644,0.82019,14.69112,26.94378,1,0.43512,6.872479143,80.79334426
5199,0,random_negative,none,,cv,FALSE,2,63_57,,,,22.97416,57.62119,17.79566,2.27552,5.25951,1.24172,0.06095,4.48472,14.30562,25.23137,2,2.30816,6.7611762,80.69097683
5200,0,random_negative,none,,cv,FALSE,0,62_61,,,,25.8766,53.86618,19.61756,2.226,5.22356,1.19218,0.06307,1.40624,14.55278,25.57247,1,2.20625,6.868951206,80.66662279
5201,0,random_negative,none,,cv,FALSE,2,65_64,,,,28.42321,48.45002,22.71257,2.24118,5.31565,1.15578,0.07125,1.61168,15.60467,29.20779,1,4.46314,6.934064524,80.74018466
5202,0,random_negative,none,,cv,FALSE,0,58_59,,,,21.38279,62.46643,14.20262,2.39966,5.10419,1.26658,0.05744,4.92488,13.02585,21.96448,,3.09068,6.813243639,80.55765637
5203,0,random_negative,none,,cv,FALSE,4,66_70,,,,23.8443,53.74532,20.4016,1.51182,5.38839,1.25827,0.05886,9.21977,14.1615,30.74665,2,0.98481,7.106771045,80.75579128
5204,0,random_negative,none,,cv,FALSE,0,55_65,,,,20.17453,64.46976,13.9354,2.02877,5.09442,1.26358,0.06007,3.19716,12.65613,21.72142,1,1.97393,6.962166131,80.46923188
5205,0,random_negative,none,,cv,FALSE,2,64_62,,,,27.73078,49.83158,21.99047,2.2646,5.21293,1.16072,0.06941,0.92,14.5677,27.67087,2,3.46065,6.881045304,80.72395092
5206,0,random_negative,none,,cv,FALSE,2,73_72,,,,13.06086,70.14366,15.01705,0.98399,5.84929,1.39089,0.05602,14.14361,13.48723,26.08229,3,3.80232,7.165837946,80.95391013
5207,0,random_negative,none,,cv,FALSE,1,68_68,,,,21.17733,56.93526,20.23665,2.11405,5.41851,1.21245,0.0636,11.3019,15.18565,31.19533,3,2.1044,7.051009323,80.81876993
5208,0,random_negative,none,,cv,FALSE,1,70_68,,,,18.99436,59.41279,19.24099,2.12493,5.49557,1.20179,0.06358,16.77963,15.39028,34.39874,4,2.59711,7.045217496,80.86790607
5209,0,random_negative,none,,cv,FALSE,2,56_63,,,,20.60088,63.76338,14.26056,2.08452,5.05522,1.25357,0.05768,2.54354,12.63891,21.06329,2,1.19459,6.910929051,80.50756166
5210,0,random_negative,none,,cv,FALSE,0,63_66,,,,25.90185,53.44394,19.9965,2.30014,5.2696,1.16902,0.06567,2.12574,14.81035,26.7638,2,3.8664,6.984635803,80.67478658
5211,0,random_negative,none,,cv,FALSE,2,63_58,,,,24.03292,56.12061,18.34116,2.26196,5.22325,1.2417,0.06309,4.31583,13.95317,26.12762,1,1.72597,6.771952262,80.68662112
5212,0,random_negative,none,,cv,FALSE,3,67_62,,,,26.75755,49.29814,23.0373,2.19706,5.26193,1.16669,0.07641,1.55232,14.69253,27.53111,1,1.05397,6.878344705,80.80643403
5213,0,random_negative,none,,cv,FALSE,1,69_69,,,,19.78634,59.0644,19.40492,2.07994,5.47902,1.22874,0.06111,12.67945,15.18376,31.17307,2,1.79141,7.075028274,80.84720947
5214,0,random_negative,none,,cv,FALSE,2,59_61,,,,21.70371,61.16051,15.70401,2.19091,5.13227,1.24768,0.06195,2.72803,14.11035,21.45419,,1.56392,6.860126759,80.58858443
5215,0,random_negative,none,,cv,FALSE,3,57_59,,,,20.75447,64.37431,13.14439,2.46376,5.10111,1.28154,0.05451,5.38469,11.78756,22.70112,2,3.67547,6.797336892,80.5269713
5216,0,random_negative,none,,cv,FALSE,4,65_70,,,,24.39558,53.739,20.27525,2.10391,5.35187,1.22107,0.06115,7.31206,14.57974,29.89069,3,1.4921,7.093578161,80.7381201
5217,0,random_negative,none,,cv,FALSE,2,62_66,,,,25.25858,54.48837,19.48376,2.29679,5.24687,1.17785,0.06691,2.3397,14.62369,26.27405,1,4.95477,6.99365564,80.65990081
5218,0,random_negative,none,,cv,FALSE,2,63_58,,,,24.34225,55.45955,18.78702,2.27032,5.2165,1.21127,0.06441,3.96912,13.95586,26.2528,1,0.45123,6.783405888,80.69775159
5219,0,random_negative,none,,cv,FALSE,1,71_71,,,,16.06807,65.18711,17.04767,1.30687,5.72113,1.33082,0.05618,13.44198,13.86586,28.31585,4,6.56197,7.144755122,80.89831006
5220,0,random_negative,none,,cv,FALSE,1,58_60,,,,20.90426,63.22278,14.16704,2.40944,5.0744,1.26732,0.05895,4.35341,13.24941,21.73771,,2.15062,6.830571062,80.55086973
5221,0,random_negative,none,,cv,FALSE,2,56_59,,,,20.96237,63.6939,13.65507,2.6294,4.98553,1.26289,0.0505,5.76852,11.65302,23.89186,2,3.83064,6.805816929,80.50685167
5222,0,random_negative,none,,cv,FALSE,3,57_59,,,,20.75447,64.37431,13.14439,2.46376,5.10111,1.28154,0.05451,5.38469,11.78756,22.70112,2,3.74837,6.796578067,80.52775638
5223,0,random_negative,none,,cv,FALSE,0,66_75,,,,22.95646,59.81126,15.81668,1.09582,5.72788,1.33869,0.05369,6.4764,13.38548,28.3506,2,1.89437,7.23327061,80.77630743
5224,0,random_negative,none,,cv,FALSE,0,63_70,,,,24.25963,55.35853,19.11577,1.50216,5.37909,1.25675,0.06078,4.65188,13.96678,27.51883,3,3.12637,7.102605668,80.69699745
5225,0,random_negative,none,,cv,FALSE,3,66_58,,,,25.24105,52.28065,21.22919,2.23952,5.32943,1.19597,0.07234,3.00375,14.89463,26.82146,1,3.21551,6.790898992,80.7597732
5226,0,random_negative,none,,cv,FALSE,4,59_58,,,,22.17338,61.18331,14.39383,2.41567,5.12496,1.25633,0.05827,4.949,13.03217,21.75104,4,3.39766,6.78837674,80.5890406
5227,0,random_negative,none,,cv,FALSE,3,57_64,,,,18.2603,67.08215,13.31972,2.256,5.09105,1.27851,0.06226,2.63761,13.40536,19.02807,2,1.88668,6.932355498,80.52348698
5228,0,random_negative,none,,cv,FALSE,4,59_58,,,,21.97304,61.58833,14.18334,2.41209,5.1225,1.25947,0.05776,5.06027,13.02984,21.6975,4,4.37219,6.787334149,80.58027498
5229,0,random_negative,none,,cv,FALSE,1,54_63,,,,20.18231,64.83184,13.53996,2.04949,5.05333,1.26321,0.0584,3.53682,12.65572,21.94536,2,3.93235,6.926193128,80.44920054
5230,0,random_negative,none,,cv,FALSE,3,64_66,,,,25.40331,53.19602,20.52848,2.25405,5.28524,1.17903,0.0674,3.27057,15.42278,27.44769,2,1.83959,7.007794845,80.70868592
5231,0,random_negative,none,,cv,FALSE,1,68_59,,,,24.4865,52.21976,21.93043,2.19349,5.33865,1.17697,0.07629,2.45647,14.70621,25.8883,1,0.50913,6.805287586,80.81048024
5232,0,random_negative,none,,cv,FALSE,4,59_59,,,,21.56958,62.04807,14.4839,2.40125,5.10402,1.25743,0.05818,4.65404,13.0285,21.91694,3,1.96677,6.819178929,80.56884261
5233,0,random_negative,none,,cv,FALSE,0,61_65,,,,21.86887,59.99451,17.34843,2.31584,5.20016,1.1836,0.0634,1.36333,14.33348,21.91786,3,3.33843,6.972800381,80.62405732
5234,0,random_negative,none,,cv,FALSE,1,68_59,,,,24.10632,52.97787,21.45097,2.18364,5.35526,1.18363,0.07537,3.18391,14.70472,26.15077,2,1.11119,6.79751255,80.8169061
5235,0,random_negative,none,,cv,FALSE,1,63_63,,,,30.13979,47.36147,22.81959,2.23569,5.21928,1.16809,0.06588,-0.18855,14.56493,29.40746,1,2.81065,6.904803099,80.6966581
5236,0,random_negative,none,,cv,FALSE,1,57_65,,,,18.44197,66.73738,13.59982,2.1668,5.14282,1.25932,0.06279,1.93576,12.79116,18.80842,3,0.52562,6.972537557,80.51597754
5237,0,random_negative,none,,cv,FALSE,1,67_67,,,,24.11448,53.16576,21.26014,2.24618,5.29715,1.16489,0.06681,8.67754,15.67988,31.66943,2,1.00047,7.010923602,80.79531997
5238,0,random_negative,none,,cv,FALSE,1,63_59,,,,24.76595,55.11141,18.98267,2.24463,5.21881,1.19415,0.06444,2.46495,14.55185,25.12148,2,2.55431,6.81882987,80.68015493
5239,0,random_negative,none,,cv,FALSE,2,57_61,,,,20.73747,63.70574,13.9863,2.20085,5.04368,1.25979,0.05874,3.63179,13.39225,21.65265,2,0.24703,6.868449794,80.52986111
5240,0,random_negative,none,,cv,FALSE,4,58_61,,,,21.11095,62.91237,14.43735,2.21448,5.05393,1.25789,0.05941,3.42763,13.39708,21.71831,3,1.67867,6.869948815,80.54556836
5241,0,random_negative,none,,cv,FALSE,4,66_70,,,,23.60691,53.60836,20.90875,2.12982,5.31922,1.21741,0.06231,9.78291,15.30983,31.31804,2,2.50428,7.091561646,80.77103822
5242,0,random_negative,none,,cv,FALSE,2,59_61,,,,21.70371,61.16051,15.70401,2.19091,5.13227,1.24768,0.06195,2.72803,14.11035,21.45419,,1.55844,6.863913587,80.5881337
5243,0,random_negative,none,,cv,FALSE,2,62_58,,,,23.46267,57.90524,17.16917,2.461,5.17433,1.22358,0.06078,4.20161,13.69236,24.86669,1,2.27471,6.792491259,80.65707787
5244,0,random_negative,none,,cv,FALSE,2,56_63,,,,20.88336,63.37661,14.34348,2.09168,5.04964,1.25259,0.05744,2.61389,12.6397,21.3115,2,1.74631,6.902092294,80.51069551
5245,0,random_negative,none,,cv,FALSE,1,60_68,,,,23.95614,57.11268,18.02974,1.49748,5.41318,1.2515,0.06569,0.3728,13.45322,22.94017,,4.23644,7.056272733,80.61010889
5246,0,random_negative,none,,cv,FALSE,0,68_70,,,,20.35935,58.93922,19.09666,2.04312,5.52385,1.24585,0.05862,10.74157,15.17794,29.70775,2,3.5947,7.102495378,80.82911877
5247,0,random_negative,none,,cv,FALSE,2,63_57,,,,23.16214,57.30595,17.97194,2.28099,5.25123,1.24753,0.06162,4.24342,14.30645,25.1774,2,2.19147,6.762752342,80.69023565
5248,0,random_negative,none,,cv,FALSE,0,63_62,,,,27.45193,51.36487,20.88474,2.23545,5.21867,1.17984,0.06461,0.79859,14.55804,27.00341,1,3.30734,6.8757067,80.67961702
5249,0,random_negative,none,,cv,FALSE,0,66_66,,,,25.65367,51.75705,21.31914,2.3073,5.30875,1.15743,0.06967,5.5127,15.79234,29.91033,1,1.21977,6.995591321,80.76364867
5250,0,random_negative,none,,cv,FALSE,3,68_61,,,,25.38932,50.83287,22.58844,2.20143,5.27278,1.16865,0.07746,1.46786,14.68917,26.00178,1,3.53945,6.853095145,80.82566798
5251,0,random_negative,none,,cv,FALSE,0,64_70,,,,24.1491,54.85648,19.65586,1.53158,5.44415,1.25766,0.05802,5.77464,14.21756,28.46075,2,1.29307,7.117405542,80.71069124
5252,0,random_negative,none,,cv,FALSE,1,65_68,,,,24.4999,53.76762,20.67881,2.16957,5.29307,1.2019,0.06401,5.45328,15.3067,28.80257,1,3.27759,7.04789695,80.73002315
5253,0,random_negative,none,,cv,FALSE,3,65_59,,,,25.52536,52.51696,20.8617,2.30668,5.19644,1.17924,0.07053,2.38984,13.96791,26.5611,2,3.8924,6.809990092,80.74897306
5254,0,random_negative,none,,cv,FALSE,3,64_66,,,,25.08778,52.94385,21.16395,2.29081,5.29463,1.17309,0.06525,4.19922,15.64896,28.06141,1,1.65008,7.006001138,80.72517135
5255,0,random_negative,none,,cv,FALSE,4,65_72,,,,23.06815,56.78013,18.69754,1.51566,5.51831,1.26583,0.0553,5.7516,14.22265,27.34209,1,5.03281,7.163521929,80.74358968
5256,0,random_negative,none,,cv,FALSE,1,72_68,,,,16.92782,61.85801,18.66695,2.0518,5.50133,1.23321,0.06474,18.06777,15.52178,33.7236,2,6.83097,7.041749942,80.93170186
5257,0,random_negative,none,,cv,FALSE,1,65_68,,,,24.45697,53.47311,20.96989,2.18777,5.27318,1.19287,0.06476,6.23482,15.31119,29.53032,2,3.82039,7.044860013,80.74401341
5258,0,random_negative,none,,cv,FALSE,4,67_66,,,,24.08013,53.0777,21.35916,2.26062,5.28529,1.15809,0.06778,8.98147,15.68237,31.99037,2,1.50822,7.000639972,80.80689069
5259,0,random_negative,none,,cv,FALSE,3,68_63,,,,25.5001,51.0932,22.15457,2.14224,5.29681,1.14851,0.0761,4.77475,15.03547,29.38191,2,0.42402,6.924062929,80.819739
5260,0,random_negative,none,,cv,FALSE,4,59_59,,,,22.21627,61.35857,13.89017,2.40932,5.11723,1.25533,0.05856,4.60332,13.03067,20.38991,2,4.04799,6.800757592,80.58172346
5261,0,random_negative,none,,cv,FALSE,2,60_69,,,,24.20091,56.81391,18.0862,1.49133,5.41395,1.27232,0.06654,0.22378,13.45231,23.06122,1,2.53132,7.065976908,80.59811131
5262,0,random_negative,none,,cv,FALSE,1,68_59,,,,24.10632,52.97787,21.45097,2.18364,5.35526,1.18363,0.07537,3.18391,14.70472,26.15077,1,0.88948,6.794553374,80.81160305
5263,0,random_negative,none,,cv,FALSE,4,69_72,,,,19.06071,61.82617,17.70336,1.25691,5.70178,1.32537,0.05623,9.93552,14.38577,27.76889,2,2.84338,7.158574062,80.84590186
5264,0,random_negative,none,,cv,FALSE,0,67_59,,,,24.10632,52.97787,21.45097,2.18364,5.35526,1.18363,0.07537,3.18391,14.70472,26.15077,1,0.23143,6.799947799,80.80900751
5265,0,random_negative,none,,cv,FALSE,4,69_72,,,,17.33959,63.45859,17.51792,1.3112,5.70097,1.32213,0.05643,12.44368,13.87238,28.47931,1,4.8417,7.145576546,80.85866741
5266,0,random_negative,none,,cv,FALSE,0,64_70,,,,24.31084,55.19719,19.2534,1.50715,5.36625,1.25342,0.06087,4.83198,13.96722,27.76784,2,2.76728,7.092365231,80.70177938
5267,0,random_negative,none,,cv,FALSE,4,62_64,,,,26.06374,53.82893,19.90937,2.27752,5.15782,1.19838,0.06617,0.1809,14.59111,25.15779,1,0.88044,6.936760053,80.65579038
5268,0,random_negative,none,,cv,FALSE,1,68_66,,,,24.02366,52.9377,21.36944,2.28029,5.27091,1.16006,0.07032,9.70404,15.85198,32.42769,2,1.67448,6.985080262,80.81862616
5269,0,random_negative,none,,cv,FALSE,0,67_64,,,,26.55634,49.95542,22.39268,2.23108,5.31409,1.13448,0.07337,4.87469,15.61213,30.46472,2,0.78915,6.953109805,80.79196365
5270,0,random_negative,none,,cv,FALSE,2,61_58,,,,22.81341,59.12094,16.42434,2.45615,5.18857,1.26367,0.05862,4.98502,13.68763,24.83869,2,3.15227,6.770283366,80.64004464
5271,0,random_negative,none,,cv,FALSE,2,69_66,,,,20.93286,56.92164,20.09828,2.17496,5.4305,1.17904,0.06659,13.47243,15.39348,33.1726,2,2.66961,7.008569748,80.83887402
5272,0,random_negative,none,,cv,FALSE,2,59_61,,,,21.11591,62.07796,15.39931,2.17978,5.13274,1.24876,0.06158,2.73306,14.10766,21.07925,2,0.61151,6.873885552,80.57393715
5273,0,random_negative,none,,cv,FALSE,1,54_63,,,,19.99024,65.8501,12.74575,2.10248,4.95648,1.26042,0.05591,4.70341,11.59232,22.94364,1,3.12301,6.918855965,80.44841295
5274,0,random_negative,none,,cv,FALSE,0,55_66,,,,20.58202,63.57098,14.4111,1.48589,5.14943,1.30898,0.06009,3.94353,12.29825,23.00072,2,2.29724,7.002909675,80.45817929
5275,0,random_negative,none,,cv,FALSE,3,67_61,,,,26.36742,49.53296,23.18094,2.20782,5.2619,1.16618,0.07719,0.6339,14.69038,26.22405,2,1.16895,6.861460661,80.80278251
5276,0,random_negative,none,,cv,FALSE,4,73_70,,,,14.98741,66.279,16.76571,1.18521,5.70999,1.32922,0.05925,14.97649,13.76715,28.81105,2,10.01073,7.10949014,80.95179778
5277,0,random_negative,none,,cv,FALSE,0,56_65,,,,18.44197,66.73738,13.59982,2.1668,5.14282,1.25932,0.06279,1.93576,12.79116,18.80842,3,1.20044,6.972077102,80.50933638
5278,0,random_negative,none,,cv,FALSE,1,70_68,,,,18.935,59.17779,19.45601,2.13647,5.47946,1.19591,0.0645,17.60239,15.39197,35.16771,2,2.53735,7.043299336,80.86871598
5279,0,random_negative,none,,cv,FALSE,0,73_71,,,,14.6916,66.9709,16.42831,1.17827,5.73522,1.33751,0.0585,14.55619,13.76232,28.12667,2,8.42894,7.118386302,80.96384445
5280,0,random_negative,none,,cv,FALSE,4,65_70,,,,24.4737,53.97924,20.08068,2.10121,5.35739,1.22234,0.06119,6.51136,14.57799,29.31813,2,2.0439,7.094873987,80.73222262
5281,0,random_negative,none,,cv,FALSE,4,63_67,,,,25.11898,53.74479,20.2207,2.23795,5.30013,1.18714,0.06682,3.17643,15.42006,27.03317,1,2.6915,7.025214181,80.69620371
5282,0,random_negative,none,,cv,FALSE,0,60_64,,,,20.30488,62.76257,15.99922,2.20647,5.13129,1.21125,0.06552,1.53186,13.67261,20.31339,1,1.63411,6.943826577,80.61020019
5283,0,random_negative,none,,cv,FALSE,2,59_61,,,,21.51546,61.38119,15.7558,2.18609,5.13541,1.24432,0.06197,2.5996,14.11029,21.3869,3,1.46633,6.869926889,80.59084612
5284,0,random_negative,none,,cv,FALSE,2,56_63,,,,20.99253,63.57951,14.01098,2.07398,5.02133,1.28612,0.05667,2.92374,12.63529,21.85266,3,1.88146,6.902180754,80.48637955
5285,0,random_negative,none,,cv,FALSE,1,57_65,,,,17.95798,67.28083,13.54654,2.17119,5.15324,1.25768,0.06273,1.84115,12.7925,18.25663,3,0.5593,6.974254924,80.51726339
5286,0,random_negative,none,,cv,FALSE,4,67_60,,,,26.9704,47.4548,25.0013,2.25377,5.22158,1.16466,0.07782,-2.95285,14.09284,23.50581,2,3.90001,6.834247851,80.79341807
5287,0,random_negative,none,,cv,FALSE,1,68_67,,,,23.19649,54.10439,21.00541,2.23635,5.30176,1.16785,0.06665,10.57071,15.68193,32.54519,2,2.83988,7.020721943,80.81101899
5288,0,random_negative,none,,cv,FALSE,4,65_65,,,,27.211,50.04,21.94042,2.34125,5.28859,1.14312,0.07021,3.23417,15.79151,29.41936,1,1.87073,6.967181335,80.74974375
5289,0,random_negative,none,,cv,FALSE,3,66_58,,,,23.91958,53.94732,20.67817,2.17355,5.37068,1.21527,0.07212,3.89029,14.70067,26.39268,3,0.99703,6.779015439,80.77987108
5290,0,random_negative,none,,cv,FALSE,3,62_63,,,,28.00367,51.11077,20.91267,2.29876,5.18133,1.18221,0.0638,0.11427,15.40485,27.29208,1,0.36,6.926867392,80.65911313
5291,0,random_negative,none,,cv,FALSE,3,64_65,,,,27.87882,49.91006,21.80808,2.33737,5.29981,1.13996,0.06819,1.61297,15.78596,28.56834,3,3.33659,6.957317985,80.71282209
5292,0,random_negative,none,,cv,FALSE,3,66_58,,,,24.23936,53.36178,21.02446,2.18292,5.35531,1.1897,0.07298,3.36777,14.70198,26.24743,3,1.42422,6.782877713,80.78022141
5293,0,random_negative,none,,cv,FALSE,1,57_62,,,,19.83501,64.91278,13.79039,2.17935,5.06033,1.26165,0.0592,3.35131,13.38963,20.89399,2,1.43728,6.895245774,80.52816352
5294,0,random_negative,none,,cv,FALSE,1,72_68,,,,16.94326,61.51273,18.91936,2.05637,5.4899,1.2276,0.06504,19.23073,15.52406,34.87078,2,7.03514,7.043226611,80.92293254
5295,0,random_negative,none,,cv,FALSE,1,71_66,,,,17.68892,59.6141,19.95509,2.06382,5.4498,1.19349,0.06866,19.49903,15.66557,35.91512,1,2.91001,6.997606414,80.91042532
5296,0,random_negative,none,,cv,FALSE,0,69_65,,,,21.42739,56.08579,20.57178,2.08623,5.44103,1.16279,0.06967,11.72058,15.20961,32.08786,2,3.71315,6.976262773,80.85301607
5297,0,random_negative,none,,cv,FALSE,1,63_69,,,,24.35981,55.06183,19.37528,1.51233,5.35418,1.2499,0.06093,4.95821,13.9677,27.9714,2,2.43909,7.08618435,80.70119444
5298,0,random_negative,none,,cv,FALSE,3,66_63,,,,28.88238,47.38021,23.30129,2.27068,5.27291,1.14146,0.07195,0.9124,15.33939,29.05039,1,5.25248,6.902024596,80.76126149
5299,0,random_negative,none,,cv,FALSE,3,63_64,,,,29.58379,48.68611,21.9157,2.32644,5.19503,1.17349,0.06157,0.52855,15.30322,29.51112,1,1.81205,6.935779278,80.68465518
5300,0,random_negative,none,,cv,FALSE,0,62_61,,,,25.48956,54.23331,19.4243,2.2363,5.21978,1.18918,0.06397,1.8176,14.55304,25.41278,3,4.05276,6.852351875,80.67407207
5301,0,random_negative,none,,cv,FALSE,2,72_73,,,,13.2759,70.26759,14.97121,0.97876,5.88114,1.40055,0.05401,13.42229,13.48171,25.64081,2,0.49514,7.196823702,80.93316001
5302,0,random_negative,none,,cv,FALSE,1,72_71,,,,15.27241,66.12372,16.73498,1.17703,5.72857,1.33246,0.05826,14.53834,13.7658,28.64354,2,8.68266,7.121905937,80.93815693
5303,0,random_negative,none,,cv,FALSE,3,64_67,,,,24.27627,53.93668,20.72387,2.25184,5.32806,1.19059,0.06367,5.13997,15.64621,27.99438,2,1.66473,7.032860877,80.72783229
5304,0,random_negative,none,,cv,FALSE,0,58_59,,,,21.0938,63.01401,14.03002,2.38331,5.08868,1.26975,0.05803,4.95381,12.84192,22.08408,4,2.74389,6.81139979,80.54749883
5305,0,random_negative,none,,cv,FALSE,4,65_65,,,,27.45078,49.36946,22.43042,2.22471,5.3207,1.13993,0.07148,3.11695,15.60707,29.63404,1,1.86306,6.956197526,80.75345592
5306,0,random_negative,none,,cv,FALSE,0,64_72,,,,23.41561,56.23968,18.90466,1.51667,5.50731,1.26591,0.05634,5.20079,14.21989,27.1377,2,2.98544,7.15303896,80.7257022
5307,0,random_negative,none,,cv,FALSE,3,66_63,,,,28.88238,47.38021,23.30129,2.27068,5.27291,1.14146,0.07195,0.9124,15.33939,29.05039,2,5.71675,6.902683518,80.7562262
5308,0,random_negative,none,,cv,FALSE,0,62_61,,,,25.89765,53.66324,19.72594,2.23443,5.2201,1.18955,0.06395,1.54947,14.554,25.70949,2,2.99768,6.864392899,80.6721782
5309,0,random_negative,none,,cv,FALSE,1,58_58,,,,21.1936,62.86795,14.0189,2.47297,5.11488,1.28,0.05532,5.51607,11.79105,22.67912,1,5.52523,6.783304833,80.54842376
5310,0,random_negative,none,,cv,FALSE,3,64_67,,,,25.43507,52.97076,20.6782,2.25771,5.2801,1.18113,0.06775,3.6154,15.42457,27.8111,1,0.93633,7.013020258,80.71520193
5311,0,random_negative,none,,cv,FALSE,4,65_65,,,,27.26484,50.1449,21.84998,2.33765,5.29309,1.14507,0.06962,2.90989,15.78996,29.15257,3,2.92221,6.968005841,80.74025364
5312,0,random_negative,none,,cv,FALSE,3,60_58,,,,22.37268,60.20495,15.58634,2.44815,5.18917,1.28066,0.05693,5.1142,13.68228,23.85629,2,2.5683,6.768528645,80.61157366
5313,0,random_negative,none,,cv,FALSE,0,56_58,,,,20.8594,63.56607,13.86897,2.63601,4.9875,1.27709,0.04985,6.41272,11.65323,24.43334,3,4.75308,6.790223843,80.50541179
5314,0,random_negative,none,,cv,FALSE,0,58_59,,,,21.19671,62.85843,14.01442,2.47132,5.1121,1.26712,0.05565,5.35799,11.79105,22.43731,2,4.38132,6.794963311,80.54935811
5315,0,random_negative,none,,cv,FALSE,2,66_64,,,,27.45078,49.36946,22.43042,2.22471,5.3207,1.13993,0.07148,3.11695,15.60707,29.63404,2,1.83105,6.953343153,80.75682699
5316,0,random_negative,none,,cv,FALSE,3,68_61,,,,25.94285,50.11548,22.89456,2.20361,5.26612,1.16822,0.07732,1.19455,14.6905,26.32548,1,1.80999,6.863069666,80.81352309
5317,0,random_negative,none,,cv,FALSE,3,57_64,,,,18.58784,66.59489,13.41599,2.15603,5.07955,1.27431,0.05981,3.09403,13.38691,19.74685,2,1.9432,6.930620128,80.52743246
5318,0,random_negative,none,,cv,FALSE,3,70_66,,,,19.42849,58.08323,20.02096,2.18293,5.42612,1.17551,0.06783,17.45563,15.39727,35.61278,1,4.22793,6.998055621,80.87400325
5319,0,random_negative,none,,cv,FALSE,2,60_61,,,,23.39013,58.38576,16.94939,2.28291,5.08386,1.23099,0.06207,3.38614,13.43267,24.09431,2,1.96267,6.857019421,80.61788833
5320,0,random_negative,none,,cv,FALSE,3,64_68,,,,24.9371,53.48006,20.44538,2.1499,5.30926,1.20287,0.06287,5.73035,14.5809,29.34924,3,4.60016,7.061576618,80.72139247
5321,0,random_negative,none,,cv,FALSE,2,69_73,,,,17.25196,64.57477,16.86126,1.24526,5.78401,1.34476,0.05316,12.17957,13.51655,28.27602,4,3.55298,7.183066457,80.86300842
5322,0,random_negative,none,,cv,FALSE,1,71_66,,,,16.97918,59.93501,20.09842,2.05515,5.45634,1.19512,0.06808,22.87146,15.66574,38.50022,1,3.23477,6.998974524,80.90402684
5323,0,random_negative,none,,cv,FALSE,3,67_58,,,,24.16845,53.31817,21.1169,2.18236,5.35796,1.18892,0.0735,3.34137,14.70248,26.2097,1,2.28788,6.788407792,80.78944946
5324,0,random_negative,none,,cv,FALSE,0,59_60,,,,21.94236,60.93743,15.49168,2.21033,5.06251,1.24707,0.06231,3.53535,13.3015,21.8904,2,1.74827,6.846906555,80.58514108
5325,0,random_negative,none,,cv,FALSE,3,64_60,,,,25.59299,53.31476,20.14444,2.26167,5.21561,1.17873,0.06729,1.93383,14.55841,25.9051,2,1.46741,6.834009676,80.70734381
5326,0,random_negative,none,,cv,FALSE,4,67_60,,,,26.68992,48.40922,24.2089,2.22036,5.25959,1.1628,0.07761,-1.73174,14.68792,24.32012,1,3.45394,6.838278667,80.79807076
5327,0,random_negative,none,,cv,FALSE,2,73_72,,,,13.39433,69.44552,15.33503,0.98709,5.82751,1.38414,0.05665,14.38362,13.49183,26.61694,3,5.42078,7.151043125,80.9475019
5328,0,random_negative,none,,cv,FALSE,2,69_70,,,,20.07419,59.12546,19.15768,2.05576,5.51009,1.2402,0.05941,11.44622,15.18003,30.17734,2,3.2649,7.097110582,80.84170561
5329,0,random_negative,none,,cv,FALSE,2,58_62,,,,21.06402,62.81201,14.66852,2.21455,5.06335,1.25433,0.05984,3.21174,13.39875,21.62171,2,1.73162,6.882441624,80.56048532
5330,0,random_negative,none,,cv,FALSE,2,63_58,,,,23.16214,57.30595,17.97194,2.28099,5.25123,1.24753,0.06162,4.24342,14.30645,25.1774,1,1.54561,6.76695941,80.6949672
5331,0,random_negative,none,,cv,FALSE,2,64_58,,,,23.33874,56.74328,18.40299,2.28737,5.25463,1.22953,0.06304,4.17045,14.30929,25.52407,2,1.37269,6.77073907,80.70826949
5332,0,random_negative,none,,cv,FALSE,0,63_60,,,,24.82742,55.187,18.89614,2.23865,5.21973,1.19491,0.06382,2.31579,14.55106,24.98063,3,2.71414,6.830873193,80.67466327
5333,0,random_negative,none,,cv,FALSE,3,64_61,,,,26.93092,50.92927,21.49799,2.27036,5.21243,1.1641,0.06958,1.15119,14.56558,26.92006,2,1.0597,6.856869089,80.72668585
5334,0,random_negative,none,,cv,FALSE,2,62_66,,,,25.42672,54.05011,19.67369,2.27741,5.28512,1.18592,0.06528,2.64737,14.80793,26.71547,3,5.76579,7.002386958,80.67088038
5335,0,random_negative,none,,cv,FALSE,3,71_73,,,,14.61859,68.08608,15.78157,0.98659,5.83057,1.38214,0.05503,13.21053,13.495,26.66755,,3.3654,7.179344636,80.8976206
5336,0,random_negative,none,,cv,FALSE,4,62_62,,,,25.9877,53.86845,19.68567,2.21362,5.23059,1.19437,0.06208,1.07577,14.55207,25.55989,1,1.58131,6.893439206,80.65488976
5337,0,random_negative,none,,cv,FALSE,1,68_67,,,,22.56197,54.96486,20.6871,2.11029,5.39739,1.17585,0.06718,11.25178,15.37796,32.63565,3,3.41546,7.010021677,80.82642353
5338,0,random_negative,none,,cv,FALSE,4,58_61,,,,21.32487,62.69163,14.40849,2.25276,4.98608,1.25779,0.06028,3.62173,12.99716,21.95,2,1.1041,6.859186852,80.5460873
5339,0,random_negative,none,,cv,FALSE,4,65_61,,,,27.35147,50.09843,21.9758,2.27349,5.21232,1.15872,0.07054,0.97955,14.56846,27.31504,2,2.23298,6.867229891,80.73946308
5340,0,random_negative,none,,cv,FALSE,4,59_57,,,,22.12202,61.50723,14.34635,2.37297,5.15455,1.26421,0.05684,5.20028,12.29836,23.12745,4,5.08177,6.765262587,80.58115579
5341,0,random_negative,none,,cv,FALSE,2,58_62,,,,21.11095,62.91237,14.43735,2.21448,5.05393,1.25789,0.05941,3.42763,13.39708,21.71831,2,2.11286,6.875213703,80.54943206
5342,0,random_negative,none,,cv,FALSE,4,62_62,,,,25.9877,53.86845,19.68567,2.21362,5.23059,1.19437,0.06208,1.07577,14.55207,25.55989,1,1.55925,6.893408962,80.65436475
5343,0,random_negative,none,,cv,FALSE,2,55_67,,,,19.73267,65.11097,13.77078,1.55641,5.20837,1.30975,0.06186,3.48806,12.12559,21.72582,3,0.66872,7.023509649,80.47492909
5344,0,random_negative,none,,cv,FALSE,1,68_59,,,,24.90991,51.34812,22.50115,2.20309,5.32212,1.17896,0.07718,1.58224,14.70768,25.54195,1,1.0993,6.811260115,80.81007086
5345,0,random_negative,none,,cv,FALSE,1,60_65,,,,18.31621,65.72698,14.92587,2.28125,5.14773,1.21768,0.06374,1.85517,13.42276,18.77837,3,2.81577,6.963348947,80.59731371
5346,0,random_negative,none,,cv,FALSE,1,68_64,,,,25.49281,51.17727,22.00747,2.15515,5.30117,1.12821,0.07561,5.73086,15.00814,30.25717,1,1.04512,6.935682949,80.82247111
5347,0,random_negative,none,,cv,FALSE,4,65_70,,,,23.8222,54.3185,20.14801,1.53635,5.4248,1.25365,0.05725,8.34165,14.22363,30.24156,3,1.88701,7.116755547,80.74676401
5348,0,random_negative,none,,cv,FALSE,2,71_68,,,,17.60564,60.03266,19.64561,2.14672,5.45969,1.2107,0.06484,21.0075,15.84769,37.24513,1,5.17458,7.043050016,80.89498032
5349,0,random_negative,none,,cv,FALSE,2,65_64,,,,27.70698,49.38393,22.21099,2.35425,5.27984,1.14173,0.07076,2.72781,15.79226,29.47746,1,2.69036,6.953512892,80.74618375
5350,0,random_negative,none,,cv,FALSE,3,64_67,,,,24.27627,53.93668,20.72387,2.25184,5.32806,1.19059,0.06367,5.13997,15.64621,27.99438,2,1.53066,7.032172483,80.72659629
5351,0,random_negative,none,,cv,FALSE,1,70_71,,,,18.03405,62.68843,17.68838,1.48653,5.63516,1.30059,0.05496,12.25289,14.41019,29.06831,2,6.09143,7.138375395,80.86765292
5352,0,random_negative,none,,cv,FALSE,3,62_70,,,,24.50457,55.16409,19.19654,1.48797,5.39682,1.24983,0.06462,3.07319,14.22232,26.47538,2,1.34869,7.099977611,80.66220958
5353,0,random_negative,none,,cv,FALSE,1,55_63,,,,20.83581,63.79691,13.96736,2.06731,5.02603,1.28723,0.057,2.86068,12.63458,21.71068,1,1.83127,6.905703321,80.4811852
5354,0,random_negative,none,,cv,FALSE,3,67_62,,,,28.18457,47.81001,23.4094,2.17963,5.27333,1.14269,0.07597,0.80183,15.02867,28.31381,1,2.69089,6.893014586,80.78786671
5355,0,random_negative,none,,cv,FALSE,2,66_60,,,,26.39025,50.54404,22.23615,2.20423,5.26391,1.16991,0.07386,0.77319,14.68471,26.05848,2,1.01501,6.846967654,80.75866826
5356,0,random_negative,none,,cv,FALSE,1,57_65,,,,17.95798,67.28083,13.54654,2.17119,5.15324,1.25768,0.06273,1.84115,12.7925,18.25663,2,0.64132,6.974912952,80.52308433
5357,0,random_negative,none,,cv,FALSE,4,69_72,,,,17.16229,64.1234,17.19297,1.30191,5.73279,1.33051,0.05505,11.84856,13.86828,27.7799,2,3.66483,7.161635598,80.85893854
5358,0,random_negative,none,,cv,FALSE,2,62_58,,,,23.80999,56.75763,17.85423,2.25425,5.22078,1.2486,0.06175,4.4166,13.94993,25.70291,1,3.14316,6.777440862,80.67168004
5359,0,random_negative,none,,cv,FALSE,0,62_60,,,,24.82338,55.35276,18.78252,2.23195,5.22158,1.20712,0.06313,2.17841,14.5501,24.80217,3,3.65814,6.846045197,80.66016673
5360,0,random_negative,none,,cv,FALSE,2,61_58,,,,22.77908,59.43425,16.0297,2.45103,5.18168,1.24293,0.05851,4.62278,13.68574,23.7849,2,0.80253,6.784721735,80.62438839
5361,0,random_negative,none,,cv,FALSE,3,64_59,,,,24.94457,54.3115,19.5104,2.28301,5.20044,1.19825,0.0663,3.30228,13.95973,26.41186,2,2.77401,6.807421245,80.70906287
5362,0,random_negative,none,,cv,FALSE,3,62_70,,,,24.50457,55.16409,19.19654,1.48797,5.39682,1.24983,0.06462,3.07319,14.22232,26.47538,1,0.91412,7.098816656,80.6581902
5363,0,random_negative,none,,cv,FALSE,0,66_75,,,,22.95646,59.81126,15.81668,1.09582,5.72788,1.33869,0.05369,6.4764,13.38548,28.3506,2,2.50295,7.227367,80.77974983
5364,0,random_negative,none,,cv,FALSE,2,63_65,,,,27.19264,50.96903,21.34227,2.32084,5.31533,1.14847,0.06719,1.80035,15.78344,27.99217,2,3.47864,6.965518752,80.69738484
5365,0,random_negative,none,,cv,FALSE,2,61_58,,,,22.5221,59.84136,15.87051,2.45076,5.18901,1.26989,0.05748,5.07268,13.68406,24.20092,1,2.73877,6.766097504,80.62507248
5366,0,random_negative,none,,cv,FALSE,2,62_66,,,,25.62717,53.79531,19.81824,2.28875,5.27736,1.1808,0.06547,2.40272,14.80912,26.71626,2,5.02046,6.995347539,80.66779992
5367,0,random_negative,none,,cv,FALSE,3,72_69,,,,16.78935,63.33146,17.3824,1.92651,5.62514,1.261,0.06347,16.08927,14.71261,31.5473,4,9.89684,7.07362564,80.94177829
5368,0,random_negative,none,,cv,FALSE,0,60_67,,,,20.43313,62.33094,16.20936,2.25391,5.22793,1.21188,0.06318,1.37131,14.32318,20.47996,3,1.88444,7.011922691,80.59937255
5369,0,random_negative,none,,cv,FALSE,0,61_62,,,,23.92213,57.43102,17.63153,2.25874,5.18138,1.21817,0.06192,2.28962,14.24592,24.05571,2,1.30328,6.876772176,80.62034838
5370,0,random_negative,none,,cv,FALSE,4,69_68,,,,19.87444,58.56624,19.39403,2.12559,5.48886,1.20149,0.06339,14.67843,15.38879,33.17221,2,2.13268,7.048928621,80.85369981
5371,0,random_negative,none,,cv,FALSE,0,58_59,,,,21.38279,62.46643,14.20262,2.39966,5.10419,1.26658,0.05744,4.92488,13.02585,21.96448,,3.07843,6.812258401,80.55944294
5372,0,random_negative,none,,cv,FALSE,4,59_58,,,,21.81254,61.73824,14.37825,2.4131,5.12429,1.26178,0.05724,5.30919,13.02931,22.48523,4,4.28824,6.781022812,80.58204642
5373,0,random_negative,none,,cv,FALSE,2,73_72,,,,12.96877,70.42934,14.87966,0.982,5.86256,1.39485,0.05548,13.94358,13.48469,25.81208,3,3.05573,7.172504131,80.95275438
5374,0,random_negative,none,,cv,FALSE,3,63_61,,,,26.50779,52.43324,20.43446,2.24648,5.21603,1.1798,0.06568,1.36541,14.55806,26.38271,1,3.88564,6.862503936,80.68714308
5375,0,random_negative,none,,cv,FALSE,4,59_59,,,,22.49448,60.87458,14.03764,2.41321,5.11968,1.25186,0.0591,4.45021,13.03311,20.2437,3,3.83343,6.802500842,80.58726512
5376,0,random_negative,none,,cv,FALSE,0,68_60,,,,26.05676,49.49089,23.46795,2.2439,5.22239,1.16641,0.07799,0.19345,14.09412,25.51952,1,3.79634,6.840693327,80.81462603
5377,0,random_negative,none,,cv,FALSE,4,67_65,,,,26.55634,49.95542,22.39268,2.23108,5.31409,1.13448,0.07337,4.87469,15.61213,30.46472,1,0.89333,6.959350084,80.79629532
5378,0,random_negative,none,,cv,FALSE,4,56_61,,,,21.33213,63.26228,14.01327,2.21497,4.94741,1.26366,0.05666,3.82733,11.972,22.80466,2,2.51874,6.872335837,80.50524943
5379,0,random_negative,none,,cv,FALSE,2,56_59,,,,21.24643,63.46776,13.69047,2.63556,4.99063,1.27493,0.05112,5.20841,11.65499,23.4879,2,4.00238,6.801814598,80.50902478
5380,0,random_negative,none,,cv,FALSE,1,57_65,,,,16.36016,69.41782,12.91352,2.24815,5.12153,1.23876,0.06242,2.34522,13.40756,17.09198,3,1.27245,6.960114872,80.53788246
5381,0,random_negative,none,,cv,FALSE,3,71_65,,,,18.5715,58.79918,20.09488,2.07848,5.43415,1.18695,0.06947,17.06385,15.66688,34.42636,1,1.15438,6.980438648,80.89989134
5382,0,random_negative,none,,cv,FALSE,2,59_61,,,,21.16997,62.22136,15.01551,2.19661,5.05338,1.25672,0.06158,3.65054,13.29632,21.55348,2,0.97598,6.85189077,80.57273177
5383,0,random_negative,none,,cv,FALSE,1,68_65,,,,25.51297,51.10752,22.02016,2.2302,5.31515,1.13511,0.07404,6.24269,15.61443,30.71197,1,1.52004,6.956871767,80.81592215
5384,0,random_negative,none,,cv,FALSE,2,69_67,,,,20.03966,58.01386,19.73794,2.1496,5.45903,1.19001,0.06512,15.14329,15.3918,33.85586,2,0.28372,7.030298979,80.85255065
5385,0,random_negative,none,,cv,FALSE,4,62_68,,,,24.5375,55.22623,19.30339,2.09044,5.29483,1.20459,0.06763,2.3204,14.58238,25.89546,1,3.18183,7.05367245,80.65837848
5386,0,random_negative,none,,cv,FALSE,3,65_59,,,,25.52536,52.51696,20.8617,2.30668,5.19644,1.17924,0.07053,2.38984,13.96791,26.5611,1,3.51199,6.818290259,80.75178211
5387,0,random_negative,none,,cv,FALSE,4,63_67,,,,25.3157,53.58308,19.94857,2.2074,5.32155,1.19752,0.06585,4.09427,14.69505,27.88494,3,2.93927,7.036623153,80.69924004
5388,0,random_negative,none,,cv,FALSE,4,67_66,,,,24.83581,52.39276,21.35018,2.24944,5.29716,1.16047,0.06787,7.80852,15.84479,31.27639,3,1.09893,7.006629793,80.78446508
5389,0,random_negative,none,,cv,FALSE,3,66_63,,,,30.15665,45.50613,23.95776,2.22045,5.24742,1.14685,0.0716,1.61823,14.85445,31.2287,1,2.90912,6.92381456,80.77746426
5390,0,random_negative,none,,cv,FALSE,1,57_65,,,,17.84112,67.47664,13.45638,2.17972,5.14821,1.25491,0.06245,1.89135,12.79286,18.13348,3,0.20409,6.968312555,80.5192518
5391,0,random_negative,none,,cv,FALSE,2,56_59,,,,20.7405,64.09052,13.52527,2.42853,4.968,1.26428,0.0516,5.74798,11.99724,23.83666,2,4.34052,6.815502804,80.49500827
5392,0,random_negative,none,,cv,FALSE,0,67_75,,,,21.63501,61.144,15.99702,1.06149,5.79592,1.34091,0.0538,6.54038,13.63293,27.16804,1,2.61005,7.227952214,80.78843743
5393,0,random_negative,none,,cv,FALSE,0,56_64,,,,19.72739,64.81467,14.06301,2.07044,5.1049,1.24779,0.05994,2.79466,12.66205,20.67165,2,1.77339,6.93415342,80.49396125
5394,0,random_negative,none,,cv,FALSE,3,64_59,,,,24.83486,54.66211,19.24436,2.27825,5.19962,1.20182,0.06546,3.40051,13.95796,26.27413,2,2.97241,6.806726005,80.7028762
5395,0,random_negative,none,,cv,FALSE,2,66_60,,,,26.04706,50.40537,22.59734,2.24072,5.23266,1.17505,0.07528,0.75142,14.08945,25.78708,2,3.84364,6.827215835,80.77626363
5396,0,random_negative,none,,cv,FALSE,2,56_59,,,,20.96237,63.6939,13.65507,2.6294,4.98553,1.26289,0.0505,5.76852,11.65302,23.89186,2,4.47098,6.805374729,80.49952445
5397,0,random_negative,none,,cv,FALSE,2,55_67,,,,19.49656,65.50261,13.61031,1.56036,5.20334,1.30811,0.06124,3.54352,12.12531,21.51803,4,0.56928,7.015111981,80.47161668
5398,0,random_negative,none,,cv,FALSE,2,59_62,,,,21.58337,61.54567,15.67729,2.23646,5.07149,1.24145,0.06196,2.37843,14.12471,21.65473,2,1.11716,6.886535095,80.58770905
5399,0,random_negative,none,,cv,FALSE,0,67_59,,,,24.8641,51.77712,22.14422,2.20107,5.32878,1.18347,0.07583,1.87178,14.70578,25.65837,1,1.87727,6.806898512,80.79158647
5400,0,random_negative,none,,cv,FALSE,1,68_67,,,,22.56197,54.96486,20.6871,2.11029,5.39739,1.17585,0.06718,11.25178,15.37796,32.63565,2,3.17702,7.012711613,80.82703265
5401,0,random_negative,none,,cv,FALSE,2,62_66,,,,25.09241,54.69744,19.35935,2.28487,5.25364,1.18063,0.06683,2.54224,14.62257,26.27535,1,5.52612,6.99977992,80.66560065
5402,0,random_negative,none,,cv,FALSE,2,63_58,,,,24.57932,55.07101,19.01153,2.2745,5.20808,1.20643,0.06496,3.68154,13.95693,26.24487,1,1.31409,6.791809214,80.69867193
5403,0,random_negative,none,,cv,FALSE,3,64_66,,,,25.99413,52.43691,20.88566,2.27946,5.26614,1.16782,0.06796,2.69135,15.42473,27.57226,2,3.53362,6.98866426,80.71373371
5404,0,random_negative,none,,cv,FALSE,3,63_61,,,,26.24552,52.99553,20.10074,2.24045,5.21788,1.18412,0.0648,1.44435,14.55605,26.08461,2,3.77336,6.860902264,80.67829502
5405,0,random_negative,none,,cv,FALSE,0,58_63,,,,20.28311,63.8491,14.49927,2.19933,5.07574,1.25573,0.06001,3.01451,13.39695,20.98922,2,1.20481,6.901410202,80.55918931
5406,0,random_negative,none,,cv,FALSE,2,58_69,,,,23.58283,58.60663,16.88764,1.5871,5.29413,1.28598,0.06331,0.44561,12.9905,22.78416,2,2.6806,7.076589102,80.55335204
5407,0,random_negative,none,,cv,FALSE,3,63_64,,,,28.60106,49.38439,21.93054,2.33918,5.30338,1.14495,0.06727,0.65534,15.78344,28.4562,,1.91323,6.945201301,80.69173154
5408,0,random_negative,none,,cv,FALSE,3,64_66,,,,26.41563,51.70311,21.26188,2.29665,5.25132,1.15404,0.06871,2.63694,15.42755,27.99755,1,3.86871,6.985059275,80.72176874
5409,0,random_negative,none,,cv,FALSE,0,55_66,,,,20.49494,63.59892,14.48957,1.48713,5.15855,1.30769,0.06017,3.74875,12.29919,22.715,1,1.5963,7.00698539,80.46374942
5410,0,random_negative,none,,cv,FALSE,4,65_65,,,,27.79836,49.63422,22.01079,2.34627,5.28905,1.14593,0.06949,2.16371,15.78917,29.01198,2,4.04342,6.957907822,80.73113805
5411,0,random_negative,none,,cv,FALSE,2,60_69,,,,24.31898,56.58553,18.19382,1.4928,5.41647,1.25378,0.0661,0.30235,13.45329,23.25142,1,2.80809,7.066337113,80.60142685
5412,0,random_negative,none,,cv,FALSE,0,58_63,,,,18.98237,65.91477,13.71179,2.16991,5.0797,1.2696,0.05977,3.06613,13.3901,20.00666,2,2.13272,6.921260401,80.53973176
5413,0,random_negative,none,,cv,FALSE,4,55_64,,,,20.09123,64.64496,13.83901,2.04482,5.08314,1.25768,0.05944,3.22737,12.65724,21.57873,1,3.47977,6.94909403,80.46407609
5414,0,random_negative,none,,cv,FALSE,1,65_71,,,,23.56175,54.78026,19.95299,1.5335,5.43723,1.25516,0.05671,8.489,14.22484,30.15769,2,3.03571,7.127128969,80.75420575
5415,0,random_negative,none,,cv,FALSE,1,55_63,,,,20.18177,64.43037,13.95618,2.075,5.07557,1.2904,0.05918,3.10816,12.66065,21.34617,2,2.22488,6.917383216,80.4719036
5416,0,random_negative,none,,cv,FALSE,3,70_66,,,,18.28763,58.94856,19.99414,2.16986,5.43989,1.18031,0.0672,21.01882,15.39716,37.94783,4,3.89281,7.008230725,80.8776903
5417,0,random_negative,none,,cv,FALSE,3,57_64,,,,17.89675,67.42727,13.44196,2.18847,5.14257,1.24249,0.06225,1.93114,12.79332,18.16021,2,0.25874,6.951470163,80.51817834
5418,0,random_negative,none,,cv,FALSE,3,64_65,,,,27.79836,49.63422,22.01079,2.34627,5.28905,1.14593,0.06949,2.16371,15.78917,29.01198,3,4.25249,6.958360261,80.72599171
5419,0,random_negative,none,,cv,FALSE,2,66_60,,,,26.473,49.73177,22.99648,2.21334,5.26044,1.16728,0.0758,-0.06427,14.68644,25.50306,2,2.80762,6.843262826,80.77449291
5420,0,random_negative,none,,cv,FALSE,1,63_59,,,,24.57932,55.07101,19.01153,2.2745,5.20808,1.20643,0.06496,3.68154,13.95693,26.24487,3,2.02702,6.798267194,80.69847342
5421,0,random_negative,none,,cv,FALSE,2,65_69,,,,24.49373,53.55787,20.4127,2.11665,5.33737,1.21594,0.06164,7.32508,14.5809,30.06295,3,1.66667,7.088820261,80.73988094
5422,0,random_negative,none,,cv,FALSE,2,65_64,,,,28.87911,48.20969,22.52894,2.27431,5.27624,1.15837,0.06723,2.01988,15.4533,30.08113,1,3.55198,6.938643873,80.73095867
5423,0,random_negative,none,,cv,FALSE,4,58_61,,,,21.32487,62.69163,14.40849,2.25276,4.98608,1.25779,0.06028,3.62173,12.99716,21.95,2,1.00408,6.85907502,80.54969846
5424,0,random_negative,none,,cv,FALSE,1,54_63,,,,19.95474,66.02316,12.60622,2.0893,4.95204,1.2655,0.05589,4.83559,11.59033,23.12906,1,3.84698,6.926130689,80.4381376
5425,0,random_negative,none,,cv,FALSE,1,58_60,,,,21.28473,62.54121,14.33172,2.39736,5.10006,1.26516,0.05758,4.81481,13.02597,22.06855,3,2.01101,6.821207714,80.56331371
5426,0,random_negative,none,,cv,FALSE,3,64_65,,,,27.19264,50.96903,21.34227,2.32084,5.31533,1.14847,0.06719,1.80035,15.78344,27.99217,2,4.04954,6.96631982,80.70468815
5427,0,random_negative,none,,cv,FALSE,2,56_62,,,,21.15419,63.00399,14.42032,2.09868,5.04425,1.25172,0.05721,2.68674,12.6405,21.54537,2,2.66802,6.886339942,80.51063074
5428,0,random_negative,none,,cv,FALSE,2,67_71,,,,21.47975,58.12506,18.8149,1.48595,5.53881,1.28072,0.05621,9.44333,14.33615,29.37267,2,6.49505,7.12887866,80.8012028
5429,0,random_negative,none,,cv,FALSE,1,70_71,,,,16.76531,64.01817,17.45708,1.31407,5.69365,1.32168,0.05701,13.35028,13.87146,28.84503,4,6.61744,7.139030819,80.87510888
5430,0,random_negative,none,,cv,FALSE,2,72_73,,,,13.15354,70.24828,14.95639,0.98122,5.86664,1.39589,0.05499,13.75424,13.48433,25.81555,3,1.79172,7.185424968,80.94291326
5431,0,random_negative,none,,cv,FALSE,4,58_61,,,,21.32388,62.43114,14.71185,2.23519,5.04875,1.25397,0.06063,3.08247,14.11827,21.42225,2,1.03831,6.865857767,80.56156861
5432,0,random_negative,none,,cv,FALSE,2,63_58,,,,24.03292,56.12061,18.34116,2.26196,5.22325,1.2417,0.06309,4.31583,13.95317,26.12762,2,1.49249,6.777831234,80.68667324
5433,0,random_negative,none,,cv,FALSE,0,64_70,,,,24.31084,55.19719,19.2534,1.50715,5.36625,1.25342,0.06087,4.83198,13.96722,27.76784,2,2.89833,7.093568392,80.7024482
5434,0,random_negative,none,,cv,FALSE,1,57_62,,,,20.62306,63.70853,14.15696,2.2005,5.05452,1.26186,0.05919,3.43152,13.39378,21.44654,2,0.85565,6.878221986,80.53543648
5435,0,random_negative,none,,cv,FALSE,3,64_60,,,,25.59299,53.31476,20.14444,2.26167,5.21561,1.17873,0.06729,1.93383,14.55841,25.9051,2,1.41306,6.829101279,80.70724663
5436,0,random_negative,none,,cv,FALSE,1,68_69,,,,20.93077,57.61498,19.77222,2.07633,5.4668,1.2301,0.06119,11.07531,15.18134,30.58448,3,1.25506,7.080283205,80.82480806
5437,0,random_negative,none,,cv,FALSE,1,54_63,,,,20.06741,65.61387,12.90307,2.11599,4.96094,1.29656,0.05602,4.58482,11.5944,22.80231,1,2.29337,6.909175297,80.45225621
5438,0,random_negative,none,,cv,FALSE,3,64_69,,,,24.78943,53.952,20.06184,2.12023,5.33897,1.2156,0.06209,5.33362,14.57658,28.74669,2,3.13529,7.079832023,80.70838177
5439,0,random_negative,none,,cv,FALSE,2,57_61,,,,21.1506,63.0146,14.22436,2.21428,5.0442,1.26139,0.05896,3.63551,13.39546,21.83652,2,1.61635,6.858868662,80.53796145
5440,0,random_negative,none,,cv,FALSE,0,66_66,,,,26.05529,51.23493,21.53895,2.32059,5.29922,1.15153,0.0702,5.04756,15.79309,29.91969,1,0.4006,6.983413457,80.76878558
5441,0,random_negative,none,,cv,FALSE,3,57_64,,,,17.97389,67.47136,13.22519,2.24715,5.09699,1.23908,0.06233,2.5826,13.40444,18.77691,2,0.40162,6.946971181,80.52200576
5442,0,random_negative,none,,cv,FALSE,0,66_59,,,,26.04706,50.40537,22.59734,2.24072,5.23266,1.17505,0.07528,0.75142,14.08945,25.78708,2,3.8036,6.818965866,80.77801738
5443,0,random_negative,none,,cv,FALSE,3,63_61,,,,25.89765,53.66324,19.72594,2.23443,5.2201,1.18955,0.06395,1.54947,14.554,25.70949,3,3.60478,6.860781873,80.67634678
5444,0,random_negative,none,,cv,FALSE,1,57_65,,,,17.95798,67.28083,13.54654,2.17119,5.15324,1.25768,0.06273,1.84115,12.7925,18.25663,2,0.64971,6.975833677,80.52069949
5445,0,random_negative,none,,cv,FALSE,3,59_69,,,,24.08477,57.0367,17.97909,1.48991,5.41136,1.27386,0.06699,0.15709,13.45135,22.88018,1,1.42867,7.069128217,80.58698722
5446,0,random_negative,none,,cv,FALSE,2,60_69,,,,24.43865,56.35093,18.30314,1.4943,5.41889,1.25173,0.06567,0.39294,13.45431,23.45119,4,3.83184,7.064407401,80.61097691
5447,0,random_negative,none,,cv,FALSE,1,67_67,,,,23.79217,53.45375,21.20608,2.24769,5.29456,1.16362,0.06709,9.4137,15.6814,32.06514,1,1.89659,7.012665576,80.80684055
5448,0,random_negative,none,,cv,FALSE,1,62_67,,,,24.93161,54.89503,19.18403,2.26124,5.26727,1.19058,0.0667,2.85939,14.62041,26.37011,1,6.66454,7.016990501,80.65975227
5449,0,random_negative,none,,cv,FALSE,3,71_70,,,,17.29214,63.0627,17.83711,1.49981,5.59983,1.29196,0.05684,14.18343,14.41314,30.28739,2,8.49892,7.109613512,80.89712786
5450,0,random_negative,none,,cv,FALSE,4,67_60,,,,26.68992,48.40922,24.2089,2.22036,5.25959,1.1628,0.07761,-1.73174,14.68792,24.32012,2,3.18182,6.840684964,80.79462973
5451,0,random_negative,none,,cv,FALSE,0,68_60,,,,25.94165,49.54301,23.53042,2.2429,5.23252,1.16899,0.07783,-0.17476,14.09295,25.04312,1,3.1372,6.82921994,80.81420747
5452,0,random_negative,none,,cv,FALSE,2,69_73,,,,17.45835,64.55608,16.77597,1.24173,5.79406,1.34658,0.05263,11.49203,13.51672,27.82726,,2.61444,7.190775457,80.85187084
5453,0,random_negative,none,,cv,FALSE,3,65_59,,,,24.86478,53.87736,19.98557,2.29186,5.21454,1.19315,0.0683,3.27761,13.96362,26.57252,1,4.02889,6.797936359,80.73731055
5454,0,random_negative,none,,cv,FALSE,0,57_60,,,,21.59851,62.42201,14.35196,2.61142,5.00416,1.25841,0.05662,4.83812,12.25183,23.4807,1,1.33518,6.839087185,80.52312621
5455,0,random_negative,none,,cv,FALSE,2,62_59,,,,24.2235,56.70873,17.64804,2.34946,5.13819,1.2218,0.06221,3.78208,14.01191,25.25882,,0.65736,6.817187709,80.65350972
5456,0,random_negative,none,,cv,FALSE,0,61_59,,,,23.63096,57.94159,16.75786,2.29685,5.10725,1.23306,0.06245,4.17801,13.43685,24.45548,2,2.14884,6.806723505,80.63007976
5457,0,random_negative,none,,cv,FALSE,1,57_62,,,,19.83501,64.91278,13.79039,2.17935,5.06033,1.26165,0.0592,3.35131,13.38963,20.89399,4,1.15774,6.899140433,80.5312755
5458,0,random_negative,none,,cv,FALSE,3,64_59,,,,25.41077,53.16895,20.30541,2.29668,5.19346,1.18639,0.06859,2.75992,13.9644,26.6218,1,2.26451,6.811159335,80.72802871
5459,0,random_negative,none,,cv,FALSE,3,64_65,,,,27.19264,50.96903,21.34227,2.32084,5.31533,1.14847,0.06719,1.80035,15.78344,27.99217,2,4.25,6.969400232,80.70320352
5460,0,random_negative,none,,cv,FALSE,4,67_60,,,,26.63665,48.31851,24.28625,2.25098,5.21606,1.16328,0.07816,-1.32701,14.0942,24.70304,2,2.95133,6.843384329,80.80165157
5461,0,random_negative,none,,cv,FALSE,2,56_62,,,,20.92051,63.44,14.23348,2.08559,5.04059,1.25484,0.05718,2.71842,12.6382,21.48987,4,2.15574,6.901154476,80.50142303
5462,0,random_negative,none,,cv,FALSE,3,64_65,,,,26.75268,51.33839,21.23345,2.31323,5.31859,1.15111,0.0674,2.43938,15.78432,28.11731,3,4.83689,6.974736508,80.70610271
5463,0,random_negative,none,,cv,FALSE,3,64_69,,,,24.73131,53.79253,20.20345,2.1235,5.33435,1.2138,0.06208,5.90112,14.57846,29.17362,2,4.25417,7.076225785,80.71972227
5464,0,random_negative,none,,cv,FALSE,0,60_64,,,,22.11196,60.07957,17.01316,2.17632,5.14489,1.22899,0.06201,1.23345,14.11417,21.75105,1,0.66364,6.929431517,80.61099723
5465,0,random_negative,none,,cv,FALSE,2,68_71,,,,20.87202,59.3669,18.3276,1.50721,5.57174,1.28467,0.05534,9.46318,14.85818,29.05678,2,4.04077,7.143244543,80.83506464
5466,0,random_negative,none,,cv,FALSE,4,59_59,,,,22.20358,61.4027,13.83229,2.41088,5.12068,1.25732,0.05825,4.76687,13.03033,20.52085,4,4.3352,6.79753405,80.58117659
5467,0,random_negative,none,,cv,FALSE,2,54_65,,,,20.35971,64.12559,14.06157,1.49304,5.12824,1.27296,0.0588,4.18209,12.29702,22.97084,3,2.8393,6.979361778,80.44431094
5468,0,random_negative,none,,cv,FALSE,1,69_69,,,,19.78634,59.0644,19.40492,2.07994,5.47902,1.22874,0.06111,12.67945,15.18376,31.17307,2,2.57708,7.079451053,80.85282713
5469,0,random_negative,none,,cv,FALSE,2,59_61,,,,21.16997,62.22136,15.01551,2.19661,5.05338,1.25672,0.06158,3.65054,13.29632,21.55348,3,0.87028,6.856499452,80.56768851
5470,0,random_negative,none,,cv,FALSE,0,64_70,,,,24.153,54.52665,19.91718,1.53764,5.42501,1.2534,0.058,6.56363,14.21945,29.16031,2,2.21679,7.109620504,80.72146662
5471,0,random_negative,none,,cv,FALSE,3,63_64,,,,27.71274,50.5059,21.48534,2.32772,5.31272,1.14614,0.06694,1.1683,15.78256,27.96201,2,2.42449,6.951216865,80.69446837
5472,0,random_negative,none,,cv,FALSE,2,62_59,,,,23.64673,57.5992,17.35358,2.46112,5.1693,1.21326,0.06118,3.96179,13.69327,24.8561,1,1.17204,6.802451377,80.65769019
5473,0,random_negative,none,,cv,FALSE,2,59_61,,,,21.70371,61.16051,15.70401,2.19091,5.13227,1.24768,0.06195,2.72803,14.11035,21.45419,,1.28279,6.862966932,80.58579233
5474,0,random_negative,none,,cv,FALSE,4,68_73,,,,20.31473,60.98535,17.47139,1.27041,5.69668,1.325,0.05503,9.15297,13.96345,28.31055,3,0.79093,7.179172742,80.82387895
5475,0,random_negative,none,,cv,FALSE,4,62_65,,,,26.05765,53.72818,19.93302,2.29821,5.14821,1.15973,0.06563,0.93764,15.02215,26.01704,1,1.21642,6.957656476,80.66209557
5476,0,random_negative,none,,cv,FALSE,2,70_72,,,,16.92379,64.22079,17.25094,1.30549,5.72112,1.32846,0.05568,12.44019,13.8687,28.12328,2,5.02124,7.152535765,80.8675629
5477,0,random_negative,none,,cv,FALSE,1,68_72,,,,19.28525,61.72568,17.63925,1.26507,5.72185,1.33286,0.05462,10.49741,13.82155,28.56831,2,0.97428,7.172316702,80.83604818
5478,0,random_negative,none,,cv,FALSE,0,61_59,,,,23.98984,57.22065,17.28864,2.30266,5.10453,1.22599,0.0632,3.88165,13.4397,24.8875,1,1.51778,6.810409321,80.64430463
5479,0,random_negative,none,,cv,FALSE,4,57_63,,,,20.31368,64.15454,14.17449,2.07724,5.06093,1.25465,0.05795,2.47513,12.63812,20.80655,3,0.46675,6.916548496,80.51247897
5480,0,random_negative,none,,cv,FALSE,4,66_71,,,,22.84628,56.61651,18.86903,1.45333,5.55469,1.28285,0.05543,8.03994,13.60734,29.1036,3,3.92195,7.132306622,80.76465072
5481,0,random_negative,none,,cv,FALSE,3,66_63,,,,29.33823,46.78018,23.44391,2.23848,5.24347,1.139,0.07217,1.0958,14.85174,29.75195,1,5.07426,6.903245266,80.76479486
5482,0,random_negative,none,,cv,FALSE,4,67_65,,,,25.56429,51.14092,21.96073,2.21873,5.32001,1.13901,0.07319,6.25775,15.61332,30.74296,1,1.54284,6.964935377,80.80490724
5483,0,random_negative,none,,cv,FALSE,4,57_63,,,,18.7853,66.47104,13.32325,2.15061,5.07156,1.27709,0.05967,3.20572,13.38475,20.0485,2,1.00313,6.924218971,80.52177845
5484,0,random_negative,none,,cv,FALSE,1,67_67,,,,23.33944,54.06302,20.93786,2.22215,5.31421,1.17482,0.06571,10.06014,15.67934,32.11715,2,3.60635,7.033318533,80.80276052
5485,0,random_negative,none,,cv,FALSE,3,64_67,,,,25.18044,53.48036,20.38307,2.24145,5.29502,1.18451,0.06713,3.51482,15.42184,27.41614,1,1.42155,7.025644638,80.70843973
5486,0,random_negative,none,,cv,FALSE,1,66_68,,,,24.05891,53.73086,20.84968,2.16382,5.29135,1.20307,0.06387,7.40976,15.3104,30.02828,3,4.69032,7.058514142,80.75883927
5487,0,random_negative,none,,cv,FALSE,0,70_73,,,,14.87556,67.9027,15.82778,0.986,5.83654,1.38299,0.05443,12.79974,13.49493,26.53648,,3.25569,7.194153704,80.8911074
5488,0,random_negative,none,,cv,FALSE,3,60_66,,,,19.85871,63.17258,15.94613,2.26295,5.22405,1.20914,0.0628,1.40236,14.32354,19.93552,2,1.56741,7.002377005,80.59439258
5489,0,random_negative,none,,cv,FALSE,2,59_62,,,,20.99697,62.55739,15.18366,2.2144,5.08099,1.24699,0.06066,2.7651,13.40227,21.50109,2,0.84097,6.89519932,80.57590206
5490,0,random_negative,none,,cv,FALSE,2,56_63,,,,20.76757,63.76815,14.0702,2.07287,5.0361,1.28506,0.05723,2.7554,12.636,21.50087,2,1.65958,6.903914431,80.49651333
5491,0,random_negative,none,,cv,FALSE,3,59_64,,,,18.59388,65.98182,14.16425,2.18133,5.1017,1.26001,0.06059,2.63921,13.39654,19.38733,2,3.19013,6.928713069,80.57279741
5492,0,random_negative,none,,cv,FALSE,4,60_62,,,,23.36608,58.38895,17.03335,2.25652,5.17821,1.22431,0.06148,2.63309,14.24282,23.5128,2,1.23321,6.874474281,80.61977878
5493,0,random_negative,none,,cv,FALSE,2,62_66,,,,25.25858,54.48837,19.48376,2.29679,5.24687,1.17785,0.06691,2.3397,14.62369,26.27405,1,5.118,6.995438225,80.6611909
5494,0,random_negative,none,,cv,FALSE,1,65_68,,,,24.3029,53.80333,20.68123,2.15919,5.30006,1.20597,0.06367,6.23428,15.30719,29.2236,2,4.51562,7.061748733,80.73568939
5495,0,random_negative,none,,cv,FALSE,4,55_64,,,,20.09123,64.64496,13.83901,2.04482,5.08314,1.25768,0.05944,3.22737,12.65724,21.57873,3,4.16649,6.943662782,80.46003119
5496,0,random_negative,none,,cv,FALSE,3,71_73,,,,14.25298,68.73453,15.56094,0.98394,5.84814,1.38837,0.05447,13.21381,13.49065,26.35034,,1.71108,7.186856244,80.91182439
5497,0,random_negative,none,,cv,FALSE,4,69_68,,,,19.93999,58.29633,19.57036,2.13754,5.47359,1.19568,0.06427,14.98163,15.39033,33.56547,2,1.54707,7.043189736,80.85466932
5498,0,random_negative,none,,cv,FALSE,4,55_64,,,,19.97943,64.67827,13.92873,2.05042,5.09242,1.25553,0.05968,3.0722,12.6586,21.29232,2,3.78604,6.945427857,80.47120232
5499,0,random_negative,none,,cv,FALSE,2,68_71,,,,21.9061,57.87071,18.71964,1.52556,5.52596,1.27531,0.05602,9.44395,14.52701,29.84319,2,4.81269,7.137994027,80.81812328
5500,0,random_negative,none,,cv,FALSE,2,58_62,,,,20.7097,63.27957,14.60339,2.20709,5.06929,1.2549,0.05992,3.1103,13.39787,21.34613,3,1.6877,6.888349887,80.56013431
5501,0,random_negative,none,,cv,FALSE,3,57_64,,,,18.2603,67.08215,13.31972,2.256,5.09105,1.27851,0.06226,2.63761,13.40536,19.02807,2,1.34596,6.937919326,80.51851385
5502,0,random_negative,none,,cv,FALSE,2,61_58,,,,22.77908,59.43425,16.0297,2.45103,5.18168,1.24293,0.05851,4.62278,13.68574,23.7849,2,0.99415,6.783118424,80.6251571
5503,0,random_negative,none,,cv,FALSE,3,67_61,,,,26.32801,49.29214,23.50535,2.21328,5.26207,1.16292,0.07759,-0.19216,14.68931,25.40562,2,1.78473,6.855076943,80.80321571
5504,0,random_negative,none,,cv,FALSE,1,60_65,,,,20.85372,61.57432,16.71304,2.30738,5.20399,1.18906,0.06293,1.37567,14.33063,20.88919,2,2.51227,6.975033085,80.61652367
5505,0,random_negative,none,,cv,FALSE,4,59_59,,,,22.00538,61.46117,14.36266,2.40742,5.11217,1.25541,0.05868,4.57222,13.03088,21.31995,3,2.44258,6.814955752,80.57866944
5506,0,random_negative,none,,cv,FALSE,1,67_67,,,,23.54609,53.78101,21.06616,2.23486,5.3042,1.16919,0.0664,9.77249,15.68039,32.1076,2,2.51282,7.019980073,80.80735471
5507,0,random_negative,none,,cv,FALSE,1,68_68,,,,21.57667,56.49071,20.33357,2.11307,5.4159,1.2131,0.06352,10.59415,15.18465,30.86561,2,2.74717,7.045481868,80.81599115
5508,0,random_negative,none,,cv,FALSE,3,65_59,,,,25.52536,52.51696,20.8617,2.30668,5.19644,1.17924,0.07053,2.38984,13.96791,26.5611,1,3.6543,6.812687516,80.74816247
5509,0,random_negative,none,,cv,FALSE,2,70_67,,,,16.92919,59.6867,20.27417,2.01909,5.44002,1.1947,0.06761,24.94984,15.18564,40.45547,3,4.42202,7.010959529,80.88519697
5510,0,random_negative,none,,cv,FALSE,4,62_68,,,,24.5794,55.19591,19.24444,2.07847,5.30438,1.20901,0.06761,2.33169,14.58136,25.90984,,2.48217,7.057756127,80.66698738
5511,0,random_negative,none,,cv,FALSE,3,57_64,,,,17.17702,68.42248,13.08653,2.24322,5.11217,1.24036,0.06244,2.43454,13.40556,17.94728,2,1.29663,6.951433516,80.53204632
5512,0,random_negative,none,,cv,FALSE,2,63_58,,,,23.98719,56.47244,18.02098,2.25787,5.21347,1.22097,0.06227,4.16058,13.95083,25.63909,2,2.88927,6.786981724,80.67481163
5513,0,random_negative,none,,cv,FALSE,0,62_60,,,,24.82742,55.187,18.89614,2.23865,5.21973,1.19491,0.06382,2.31579,14.55106,24.98063,3,2.47144,6.833241801,80.66736597
5514,0,random_negative,none,,cv,FALSE,1,70_68,,,,18.39733,59.62553,19.4117,2.13571,5.48313,1.19629,0.06457,19.08104,15.39268,36.09597,2,3.02781,7.037183276,80.87644661
5515,0,random_negative,none,,cv,FALSE,2,60_69,,,,24.31898,56.58553,18.19382,1.4928,5.41647,1.25378,0.0661,0.30235,13.45329,23.25142,2,2.72502,7.071821178,80.60326968
5516,0,random_negative,none,,cv,FALSE,3,64_60,,,,25.79804,52.56084,20.71558,2.2734,5.21524,1.177,0.06925,1.68986,14.56194,26.07144,1,1.04048,6.83499205,80.72797991
5517,0,random_negative,none,,cv,FALSE,0,69_65,,,,22.39719,55.16449,20.53145,2.21718,5.39329,1.16104,0.07032,10.90772,15.56192,31.98328,1,2.22897,6.975149259,80.83950385
5518,0,random_negative,none,,cv,FALSE,3,60_60,,,,23.04185,59.25548,15.86599,2.2819,5.0971,1.24201,0.06147,4.09149,13.42996,23.09352,2,4.04543,6.825298994,80.60913063
5519,0,random_negative,none,,cv,FALSE,3,61_68,,,,24.41435,56.05828,18.43232,2.20955,5.29682,1.21334,0.06692,2.31026,14.61136,25.27571,2,5.06021,7.049855253,80.63553742
5520,0,random_negative,none,,cv,FALSE,0,58_63,,,,18.30019,66.69504,13.65711,2.1678,5.0931,1.26796,0.06013,2.86697,13.39147,19.26811,2,3.04425,6.925657317,80.54685188
5521,0,random_negative,none,,cv,FALSE,0,58_63,,,,19.48438,65.23521,13.86929,2.1779,5.07286,1.26808,0.0596,3.15306,13.39106,20.46692,3,1.89214,6.905526613,80.54264948
5522,0,random_negative,none,,cv,FALSE,4,58_61,,,,20.85565,63.07166,14.52194,2.40529,5.07138,1.26048,0.05985,3.98647,13.2516,21.69834,2,0.96055,6.854566314,80.55739342
5523,0,random_negative,none,,cv,FALSE,0,67_74,,,,21.06917,60.88558,16.6563,1.06211,5.77497,1.33846,0.05479,7.15821,13.63426,27.02934,2,4.26605,7.212681589,80.78979189
5524,0,random_negative,none,,cv,FALSE,0,62_61,,,,24.7229,55.64573,18.63156,2.22458,5.22438,1.20943,0.0624,2.06089,14.54898,24.56709,3,3.60947,6.847579019,80.65378716
5525,0,random_negative,none,,cv,FALSE,3,61_68,,,,24.41435,56.05828,18.43232,2.20955,5.29682,1.21334,0.06692,2.31026,14.61136,25.27571,2,4.86664,7.054054318,80.63441601
5526,0,random_negative,none,,cv,FALSE,0,56_58,,,,20.8594,63.56607,13.86897,2.63601,4.9875,1.27709,0.04985,6.41272,11.65323,24.43334,2,3.69652,6.782284009,80.49900094
5527,0,random_negative,none,,cv,FALSE,3,57_64,,,,17.93882,67.38161,13.35633,2.26137,5.09965,1.27592,0.06234,2.5414,13.40747,18.62801,2,2.13348,6.935264047,80.53246244
5528,0,random_negative,none,,cv,FALSE,3,66_58,,,,24.23936,53.36178,21.02446,2.18292,5.35531,1.1897,0.07298,3.36777,14.70198,26.24743,1,2.11499,6.787584914,80.77247452
5529,0,random_negative,none,,cv,FALSE,0,61_61,,,,24.48802,56.11291,18.42793,2.21659,5.22818,1.21242,0.06163,1.97543,14.54766,24.25066,2,1.86914,6.857289447,80.64114878
5530,0,random_negative,none,,cv,FALSE,0,55_66,,,,19.44413,65.4583,13.73009,1.56166,5.21119,1.29724,0.06125,3.34835,12.12644,21.27729,1,0.70663,7.007383775,80.4797387
5531,0,random_negative,none,,cv,FALSE,4,58_64,,,,17.15355,68.0343,13.56157,2.27947,5.12034,1.26646,0.06268,2.25011,13.41432,17.646,4,4.07815,6.936257923,80.55424859
5532,0,random_negative,none,,cv,FALSE,0,56_64,,,,20.03379,64.5332,14.09048,2.06987,5.06669,1.25578,0.05826,2.40778,12.63736,20.55187,3,1.68071,6.92928152,80.50816697
5533,0,random_negative,none,,cv,FALSE,3,60_58,,,,22.497,60.02276,15.62293,2.44819,5.18594,1.24942,0.05747,4.89186,13.68309,23.56707,2,1.62424,6.778360579,80.61113312
5534,0,random_negative,none,,cv,FALSE,0,59_60,,,,21.94236,60.93743,15.49168,2.21033,5.06251,1.24707,0.06231,3.53535,13.3015,21.8904,3,1.35002,6.84202326,80.58416673
5535,0,random_negative,none,,cv,FALSE,3,60_58,,,,22.61769,59.84382,15.66919,2.44801,5.18255,1.24639,0.05795,4.67273,13.68386,23.30629,1,0.92273,6.782988733,80.61566043
5536,0,random_negative,none,,cv,FALSE,4,67_65,,,,25.26453,51.7178,21.67226,2.27827,5.27662,1.14801,0.06954,7.40707,15.84773,31.43202,1,1.1501,6.980975854,80.79148175
5537,0,random_negative,none,,cv,FALSE,3,60_58,,,,22.46939,60.24521,15.28105,2.44509,5.18333,1.24978,0.05742,4.71577,13.68201,22.7578,2,2.11999,6.782709633,80.60209932
5538,0,random_negative,none,,cv,FALSE,0,67_74,,,,20.51575,61.15055,16.93338,1.06134,5.76464,1.33884,0.05493,8.12481,13.63465,27.38669,1,5.17486,7.202121017,80.78997643
5539,0,random_negative,none,,cv,FALSE,2,67_71,,,,22.57463,56.87734,18.97255,1.52468,5.51353,1.27485,0.05673,8.77819,14.52574,29.71412,3,6.09682,7.13380663,80.79360222
5540,0,random_negative,none,,cv,FALSE,2,64_58,,,,24.42772,55.16009,19.02424,2.27442,5.21802,1.20807,0.06517,3.89686,13.9575,26.39002,2,1.039,6.787321852,80.7058908
5541,0,random_negative,none,,cv,FALSE,0,58_59,,,,21.19671,62.85843,14.01442,2.47132,5.1121,1.26712,0.05565,5.35799,11.79105,22.43731,2,4.55247,6.795234902,80.55300341
5542,0,random_negative,none,,cv,FALSE,1,56_66,,,,19.56452,65.18934,14.05407,2.13844,5.1455,1.29005,0.06411,1.84123,12.78923,19.93854,1,2.87,7.00089573,80.5063191
5543,0,random_negative,none,,cv,FALSE,3,72_67,,,,16.81083,60.59413,19.64061,2.15855,5.44703,1.20872,0.06622,22.72208,15.84845,38.16788,1,4.53419,7.019512632,80.91903525
5544,0,random_negative,none,,cv,FALSE,4,66_57,,,,23.80538,54.60093,20.10617,2.24397,5.37876,1.22598,0.06887,4.07042,15.24336,26.29832,4,2.67518,6.76372325,80.75662753
5545,0,random_negative,none,,cv,FALSE,1,57_62,,,,20.47202,64.05925,13.93963,2.19391,5.0489,1.26022,0.05889,3.53523,13.3914,21.4395,4,0.98472,6.880689201,80.52779679
5546,0,random_negative,none,,cv,FALSE,2,70_72,,,,16.68718,64.33151,17.2962,1.30919,5.7099,1.32622,0.05631,13.01485,13.86923,28.45799,4,6.29535,7.14627398,80.87726871
5547,0,random_negative,none,,cv,FALSE,0,62_61,,,,24.99699,55.24994,18.87817,2.22247,5.22537,1.20723,0.06237,1.82312,14.54979,24.77431,2,2.07806,6.862392067,80.65656982
5548,0,random_negative,none,,cv,FALSE,2,65_69,,,,24.76967,53.47635,20.4693,2.14007,5.31648,1.20651,0.06252,6.42763,14.58155,29.72633,2,3.60445,7.072802828,80.73201489
5549,0,random_negative,none,,cv,FALSE,3,65_58,,,,24.54761,54.61833,19.4761,2.28236,5.22197,1.20008,0.06675,3.73482,13.9607,26.56594,2,3.65579,6.787941919,80.73210505
5550,0,random_negative,none,,cv,FALSE,3,65_58,,,,24.08863,54.25708,20.23607,2.25082,5.36371,1.21977,0.06905,3.73355,15.24346,26.20151,1,3.35876,6.780858356,80.75162214
5551,0,random_negative,none,,cv,FALSE,3,60_58,,,,22.22053,60.56878,15.30424,2.44559,5.18915,1.28398,0.05638,5.15511,13.6805,23.51057,2,2.82437,6.766719385,80.60985421
5552,0,random_negative,none,,cv,FALSE,0,66_73,,,,21.72487,59.44564,17.40407,1.34666,5.69788,1.3098,0.05435,6.86555,13.88259,27.29808,2,5.55756,7.18773054,80.78137746
5553,0,random_negative,none,,cv,FALSE,4,59_58,,,,22.13411,61.00025,14.88565,2.41996,5.12828,1.25574,0.05816,5.13239,13.03384,22.84544,3,3.49296,6.775041507,80.59204016
5554,0,random_negative,none,,cv,FALSE,3,68_61,,,,25.94285,50.11548,22.89456,2.20361,5.26612,1.16822,0.07732,1.19455,14.6905,26.32548,1,2.03344,6.865180531,80.81680979
5555,0,random_negative,none,,cv,FALSE,2,66_64,,,,29.74675,45.71689,24.17025,2.14988,5.28554,1.14571,0.07472,1.10355,15.03181,30.37457,1,2.17642,6.930381619,80.78157963
5556,0,random_negative,none,,cv,FALSE,0,67_74,,,,21.06917,60.88558,16.6563,1.06211,5.77497,1.33846,0.05479,7.15821,13.63426,27.02934,2,4.04896,7.214542932,80.78914803
5557,0,random_negative,none,,cv,FALSE,3,66_63,,,,30.15665,45.50613,23.95776,2.22045,5.24742,1.14685,0.0716,1.61823,14.85445,31.2287,1,2.94872,6.924465309,80.77231022
5558,0,random_negative,none,,cv,FALSE,3,63_61,,,,25.79665,53.6193,19.78384,2.24224,5.21782,1.1848,0.06481,1.71563,14.55503,25.75791,1,3.8822,6.84888543,80.68489118
5559,0,random_negative,none,,cv,FALSE,4,59_58,,,,21.99155,61.36061,14.59066,2.41651,5.12676,1.2588,0.05772,5.20938,13.03159,22.56389,4,3.91135,6.772026653,80.58941058
5560,0,random_negative,none,,cv,FALSE,4,64_63,,,,30.13979,47.36147,22.81959,2.23569,5.21928,1.16809,0.06588,-0.18855,14.56493,29.40746,1,2.40475,6.908358292,80.70213484
5561,0,random_negative,none,,cv,FALSE,2,61_66,,,,21.88041,59.90199,17.34353,2.29519,5.2132,1.19172,0.06368,1.52317,14.33206,22.09661,2,3.05643,6.99341945,80.62569907
5562,0,random_negative,none,,cv,FALSE,0,62_61,,,,25.89765,53.66324,19.72594,2.23443,5.2201,1.18955,0.06395,1.54947,14.554,25.70949,2,3.03102,6.864431384,80.6725728
5563,0,random_negative,none,,cv,FALSE,2,70_67,,,,18.22246,59.42658,19.66469,2.14712,5.46718,1.19047,0.0655,20.38507,15.3944,37.21996,1,3.47037,7.032126778,80.88134007
5564,0,random_negative,none,,cv,FALSE,1,65_71,,,,23.65907,54.8535,19.84867,1.53197,5.44261,1.25634,0.0569,7.83148,14.22338,29.68166,2,2.83162,7.125605761,80.74978379
5565,0,random_negative,none,,cv,FALSE,2,58_62,,,,19.91995,64.6482,13.99396,2.18568,5.06636,1.26321,0.05945,3.24255,13.39199,20.85535,2,1.72831,6.900056319,80.53917171
5566,0,random_negative,none,,cv,FALSE,2,70_67,,,,18.28763,58.94856,19.99414,2.16986,5.43989,1.18031,0.0672,21.01882,15.39716,37.94783,4,4.00335,7.016588966,80.88365807
5567,0,random_negative,none,,cv,FALSE,0,68_60,,,,25.35856,50.76711,22.65342,2.23369,5.24034,1.17325,0.07743,1.42567,14.09261,25.92622,4,3.84601,6.833027036,80.82262951
5568,0,random_negative,none,,cv,FALSE,0,61_62,,,,25.1695,55.24476,18.96267,2.22757,5.19822,1.1999,0.06375,1.01635,14.77201,24.50884,3,1.74121,6.891626612,80.63937455
5569,0,random_negative,none,,cv,FALSE,0,58_63,,,,19.48438,65.23521,13.86929,2.1779,5.07286,1.26808,0.0596,3.15306,13.39106,20.46692,2,1.73676,6.904662585,80.54106363
5570,0,random_negative,none,,cv,FALSE,2,63_58,,,,24.12218,55.82872,18.57096,2.26577,5.22485,1.23826,0.06379,4.26152,13.95476,26.2943,2,0.76982,6.77303923,80.70011088
5571,0,random_negative,none,,cv,FALSE,0,56_64,,,,19.58634,64.97937,14.05149,2.05343,5.11652,1.25437,0.06033,2.74726,12.6607,20.61258,1,2.92102,6.954271486,80.4939128
5572,0,random_negative,none,,cv,FALSE,4,62_62,,,,25.8766,53.86618,19.61756,2.226,5.22356,1.19218,0.06307,1.40624,14.55278,25.57247,2,1.19537,6.874266781,80.65916991
5573,0,random_negative,none,,cv,FALSE,3,64_67,,,,25.18044,53.48036,20.38307,2.24145,5.29502,1.18451,0.06713,3.51482,15.42184,27.41614,2,1.19092,7.019171946,80.70925251
5574,0,random_negative,none,,cv,FALSE,0,55_66,,,,20.1943,63.98786,14.4169,1.49268,5.16239,1.26957,0.05963,3.59846,12.29998,22.23118,2,1.26552,6.991946608,80.47336591
5575,0,random_negative,none,,cv,FALSE,4,66_62,,,,28.26527,47.97005,23.11727,2.25218,5.24304,1.14424,0.07361,1.16403,14.85143,28.64506,1,2.14307,6.879994243,80.77957749
5576,0,random_negative,none,,cv,FALSE,4,66_62,,,,28.88238,47.38021,23.30129,2.27068,5.27291,1.14146,0.07195,0.9124,15.33939,29.05039,2,5.17608,6.898910424,80.75945371
5577,0,random_negative,none,,cv,FALSE,0,55_66,,,,20.58202,63.57098,14.4111,1.48589,5.14943,1.30898,0.06009,3.94353,12.29825,23.00072,3,2.0043,7.005103494,80.45966574
5578,0,random_negative,none,,cv,FALSE,2,60_61,,,,23.36608,58.38895,17.03335,2.25652,5.17821,1.22431,0.06148,2.63309,14.24282,23.5128,2,1.3165,6.866000437,80.61878003
5579,0,random_negative,none,,cv,FALSE,2,60_69,,,,24.20091,56.81391,18.0862,1.49133,5.41395,1.27232,0.06654,0.22378,13.45231,23.06122,1,2.18694,7.068855009,80.5963541
5580,0,random_negative,none,,cv,FALSE,3,68_63,,,,26.66375,49.61793,22.71053,2.15365,5.28892,1.14583,0.07615,3.40334,15.03382,29.29034,2,0.93515,6.922000983,80.81557486
5581,0,random_negative,none,,cv,FALSE,3,64_65,,,,26.82231,50.8929,21.49796,2.32117,5.30731,1.15305,0.06855,3.0274,15.7876,28.76566,2,4.73415,6.970518212,80.72399456
5582,0,random_negative,none,,cv,FALSE,2,57_61,,,,20.73747,63.70574,13.9863,2.20085,5.04368,1.25979,0.05874,3.63179,13.39225,21.65265,2,0.09586,6.870244684,80.52754836
5583,0,random_negative,none,,cv,FALSE,3,71_69,,,,17.83798,61.78858,18.12434,2.16496,5.55107,1.23267,0.06134,16.38308,15.72788,32.94374,4,9.07578,7.077397258,80.91706988
5584,0,random_negative,none,,cv,FALSE,0,69_65,,,,20.87195,56.69032,20.39597,2.08339,5.44558,1.16472,0.06974,12.6319,15.21008,32.41226,3,4.12417,6.978901562,80.86375301
5585,0,random_negative,none,,cv,FALSE,4,65_61,,,,26.59563,51.14173,21.51556,2.27811,5.21291,1.16275,0.0706,1.18072,14.56621,26.604,3,1.12282,6.854419921,80.74085355
5586,0,random_negative,none,,cv,FALSE,3,71_73,,,,13.87933,69.3812,15.33505,0.98116,5.86578,1.39475,0.05396,13.22579,13.48618,26.02831,,0.7769,7.196064454,80.91417266
5587,0,random_negative,none,,cv,FALSE,4,59_65,,,,16.45416,68.4999,13.92214,2.27221,5.14994,1.22367,0.06329,1.92101,13.41946,17.00532,1,3.46911,6.960262428,80.58536026
5588,0,random_negative,none,,cv,FALSE,0,69_65,,,,22.01841,55.59333,20.41076,2.20428,5.40332,1.16162,0.06955,11.74838,15.56118,32.39954,1,2.1977,6.97993398,80.8372273
5589,0,random_negative,none,,cv,FALSE,0,66_61,,,,27.92042,48.58974,22.8173,2.25362,5.24494,1.14107,0.07322,1.09135,14.8496,28.12983,2,2.57839,6.868990504,80.76353686
5590,0,random_negative,none,,cv,FALSE,2,65_69,,,,24.59061,53.43622,20.51717,2.12993,5.32393,1.21041,0.06211,7.22244,14.58213,30.15183,2,2.68668,7.081377791,80.73437865
5591,0,random_negative,none,,cv,FALSE,3,67_61,,,,26.69787,49.18067,23.35288,2.21401,5.25845,1.16321,0.07657,-0.21301,14.68844,25.68488,2,2.16262,6.851205333,80.78874718
5592,0,random_negative,none,,cv,FALSE,1,60_65,,,,20.85372,61.57432,16.71304,2.30738,5.20399,1.18906,0.06293,1.37567,14.33063,20.88919,3,2.70676,6.971900661,80.61616085
5593,0,random_negative,none,,cv,FALSE,1,63_59,,,,24.55409,55.43013,18.68561,2.26875,5.19872,1.20905,0.06388,3.5752,13.95436,25.8765,1,2.89358,6.800959505,80.68432732
5594,0,random_negative,none,,cv,FALSE,4,55_64,,,,20.14487,64.60448,13.8178,2.06093,5.07197,1.25127,0.05901,3.24269,12.65851,21.54047,3,2.91232,6.928401772,80.46770766
5595,0,random_negative,none,,cv,FALSE,1,65_68,,,,24.19616,53.73794,20.77587,2.16145,5.2956,1.20455,0.06377,6.82417,15.30879,29.63642,2,4.0561,7.063475492,80.74662444
5596,0,random_negative,none,,cv,FALSE,2,64_57,,,,23.25762,57.016,18.19155,2.28422,5.25279,1.24429,0.06232,4.2074,14.30788,25.36346,2,1.87969,6.763123476,80.70203338
5597,0,random_negative,none,,cv,FALSE,2,60_69,,,,24.74384,55.91243,18.43282,1.48953,5.42314,1.25415,0.06603,0.32313,13.45437,23.70489,1,3.74744,7.074561883,80.61348381
5598,0,random_negative,none,,cv,FALSE,4,66_67,,,,23.89437,53.67936,21.1749,2.27789,5.28513,1.17362,0.06582,7.33597,15.65472,29.81498,3,1.9452,7.01833482,80.77814904
5599,0,random_negative,none,,cv,FALSE,2,58_62,,,,20.81761,63.29689,14.39811,2.20738,5.05936,1.25822,0.05951,3.32399,13.39623,21.50365,3,2.27412,6.87972247,80.55186738
5600,0,random_negative,none,,cv,FALSE,3,65_66,,,,25.41059,52.36899,21.46197,2.30742,5.27705,1.16271,0.06621,4.19848,15.65147,28.443,1,3.53292,6.991118826,80.7400235
5601,0,random_negative,none,,cv,FALSE,4,66_70,,,,23.85994,53.06759,20.82336,1.51285,5.3829,1.25753,0.0588,10.53665,14.1632,31.75993,3,2.11395,7.102542347,80.76896747
5602,0,random_negative,none,,cv,FALSE,3,60_60,,,,23.03461,59.19635,16.06433,2.2812,5.09337,1.24011,0.06153,3.95336,13.43,23.29928,2,3.31329,6.835104849,80.60328042
5603,0,random_negative,none,,cv,FALSE,0,57_60,,,,20.51802,63.98701,13.79908,2.62797,5.0112,1.26596,0.05651,5.07109,12.25433,22.30202,2,0.53938,6.825404369,80.53153058
5604,0,random_negative,none,,cv,FALSE,0,66_61,,,,27.33772,48.85862,23.11459,2.20353,5.25766,1.15034,0.07525,0.59645,14.68997,27.11097,1,1.76728,6.870857205,80.77990949
5605,0,random_negative,none,,cv,FALSE,3,57_64,,,,18.2603,67.08215,13.31972,2.256,5.09105,1.27851,0.06226,2.63761,13.40536,19.02807,2,1.19803,6.940297087,80.52482303
5606,0,random_negative,none,,cv,FALSE,0,59_68,,,,22.78191,59.47935,16.80025,1.60551,5.30702,1.23522,0.06072,0.91545,12.99386,22.38365,3,3.28176,7.04909913,80.58583505
5607,0,random_negative,none,,cv,FALSE,3,62_70,,,,24.56482,55.20371,19.1458,1.48602,5.39517,1.25167,0.06496,2.76033,14.22056,26.27063,2,0.82503,7.092541875,80.64980012
5608,0,random_negative,none,,cv,FALSE,0,66_75,,,,26.55759,55.99815,15.7946,1.17574,5.63279,1.30392,0.05287,6.65672,13.69155,32.15155,,2.49531,7.246433378,80.75768688
5609,0,random_negative,none,,cv,FALSE,3,68_61,,,,25.38932,50.83287,22.58844,2.20143,5.27278,1.16865,0.07746,1.46786,14.68917,26.00178,1,3.06724,6.851372784,80.8184935
5610,0,random_negative,none,,cv,FALSE,0,66_59,,,,24.58539,52.72267,21.40829,2.19216,5.33988,1.19208,0.07382,2.79441,14.70329,26.08869,1,3.29849,6.799465845,80.77535746
5611,0,random_negative,none,,cv,FALSE,1,58_60,,,,21.0251,62.88512,14.45185,2.40994,5.07485,1.26292,0.05966,4.10604,13.25179,21.71865,2,0.96047,6.845975586,80.55770125
5612,0,random_negative,none,,cv,FALSE,4,62_65,,,,26.39335,52.78386,20.47168,2.33812,5.21698,1.1587,0.06841,1.11978,15.35042,26.48638,2,1.37034,6.961924894,80.67337347
5613,0,random_negative,none,,cv,FALSE,4,69_68,,,,19.93999,58.29633,19.57036,2.13754,5.47359,1.19568,0.06427,14.98163,15.39033,33.56547,1,0.84505,7.037326259,80.85217564
5614,0,random_negative,none,,cv,FALSE,0,60_57,,,,22.22053,60.56878,15.30424,2.44559,5.18915,1.28398,0.05638,5.15511,13.6805,23.51057,3,3.25273,6.764940781,80.60477521
5615,0,random_negative,none,,cv,FALSE,1,67_67,,,,23.33944,54.06302,20.93786,2.22215,5.31421,1.17482,0.06571,10.06014,15.67934,32.11715,2,3.40031,7.031262547,80.80307798
5616,0,random_negative,none,,cv,FALSE,3,59_64,,,,17.9156,66.49275,14.50908,2.29244,5.135,1.21469,0.06338,1.92624,13.42154,18.28462,2,3.08656,6.94792296,80.58361537
5617,0,random_negative,none,,cv,FALSE,1,57_58,,,,20.46234,64.26971,13.42864,2.38117,5.08345,1.28424,0.05211,6.45104,11.37952,23.54299,1,4.99456,6.774629124,80.52798968
5618,0,random_negative,none,,cv,FALSE,1,65_68,,,,24.56678,53.50716,20.89044,2.18507,5.27747,1.19456,0.0646,5.71589,15.30951,29.16711,1,3.2147,7.039787776,80.74131691
5619,0,random_negative,none,,cv,FALSE,4,64_63,,,,30.15616,47.01314,22.90089,2.28072,5.27331,1.15588,0.06619,0.64431,15.45023,30.1469,1,2.14575,6.914610104,80.71182699
5620,0,random_negative,none,,cv,FALSE,0,66_66,,,,26.05529,51.23493,21.53895,2.32059,5.29922,1.15153,0.0702,5.04756,15.79309,29.91969,1,0.42944,6.983831766,80.77063232
5621,0,random_negative,none,,cv,FALSE,2,72_73,,,,14.01734,68.92993,15.49004,0.98456,5.84338,1.38747,0.05503,13.53173,13.49079,26.41548,3,1.68952,7.184722229,80.91985639
5622,0,random_negative,none,,cv,FALSE,4,66_69,,,,23.8622,53.21467,21.00169,2.12679,5.322,1.21933,0.0623,9.5747,15.30818,31.26452,2,2.76031,7.086160339,80.77079614
5623,0,random_negative,none,,cv,FALSE,0,64_70,,,,24.05241,54.78998,19.74372,1.53279,5.44039,1.25655,0.05779,6.3104,14.21914,28.81163,2,1.2013,7.117846313,80.71695776
5624,0,random_negative,none,,cv,FALSE,0,63_60,,,,25.63784,53.65303,19.82198,2.24941,5.21655,1.18348,0.06562,1.87958,14.5559,25.76311,2,3.58511,6.838970262,80.68882881
5625,0,random_negative,none,,cv,FALSE,2,69_66,,,,22.01841,55.59333,20.41076,2.20428,5.40332,1.16162,0.06955,11.74838,15.56118,32.39954,1,3.06366,6.986142418,80.84253506
5626,0,random_negative,none,,cv,FALSE,4,58_61,,,,21.37393,62.19217,15.00335,2.23568,5.05684,1.24992,0.06108,2.85649,14.12033,21.45265,3,0.5596,6.868163236,80.56528176
5627,0,random_negative,none,,cv,FALSE,1,71_71,,,,15.93139,64.99501,17.23083,1.31546,5.6949,1.32374,0.05748,14.26712,13.86894,28.98564,4,8.61393,7.122946941,80.90855435
5628,0,random_negative,none,,cv,FALSE,3,60_60,,,,23.04185,59.25548,15.86599,2.2819,5.0971,1.24201,0.06147,4.09149,13.42996,23.09352,3,3.34005,6.826233256,80.60179013
5629,0,random_negative,none,,cv,FALSE,0,58_59,,,,21.16879,62.87737,14.04426,2.47689,5.09727,1.26944,0.05601,5.21494,12.8131,22.28974,2,3.85838,6.800818175,80.55009236
5630,0,random_negative,none,,cv,FALSE,2,61_58,,,,22.77908,59.43425,16.0297,2.45103,5.18168,1.24293,0.05851,4.62278,13.68574,23.7849,2,0.83771,6.787265091,80.62667268
5631,0,random_negative,none,,cv,FALSE,4,65_63,,,,28.69579,48.06644,22.86482,2.26146,5.27853,1.14707,0.07035,0.97386,15.33706,28.83597,2,5.46529,6.902485002,80.74108442
5632,0,random_negative,none,,cv,FALSE,4,60_62,,,,22.89677,58.97604,17.11473,2.20136,5.14192,1.22362,0.06324,1.98899,14.11855,22.64748,2,1.95418,6.88370497,80.61883658
5633,0,random_negative,none,,cv,FALSE,2,66_64,,,,29.31049,47.00554,23.21932,2.29648,5.26083,1.14371,0.06976,1.8992,15.45695,30.4825,2,3.35137,6.930603319,80.75669582
5634,0,random_negative,none,,cv,FALSE,3,67_62,,,,26.75755,49.29814,23.0373,2.19706,5.26193,1.16669,0.07641,1.55232,14.69253,27.53111,3,0.83038,6.879197537,80.79931812
5635,0,random_negative,none,,cv,FALSE,3,64_60,,,,25.45198,53.72686,19.85252,2.25585,5.21623,1.18269,0.06637,2.03297,14.55661,25.7474,2,1.75508,6.829058656,80.70414848
5636,0,random_negative,none,,cv,FALSE,0,61_61,,,,24.08506,56.79729,18.15611,2.20804,5.23303,1.2161,0.06083,1.93303,14.54615,23.82812,1,0.45631,6.866673405,80.63244306
5637,0,random_negative,none,,cv,FALSE,4,65_70,,,,24.33044,53.38299,20.53008,2.10651,5.3457,1.21992,0.06112,8.29121,14.58144,30.59633,2,0.32794,7.101471415,80.74742233
5638,0,random_negative,none,,cv,FALSE,2,65_69,,,,24.01669,53.74351,20.62159,2.12339,5.33206,1.22124,0.06225,7.70506,15.3053,29.91491,2,1.13562,7.089977363,80.74775936
5639,0,random_negative,none,,cv,FALSE,4,69_72,,,,17.16229,64.1234,17.19297,1.30191,5.73279,1.33051,0.05505,11.84856,13.86828,27.7799,2,3.307,7.164434857,80.85685886
5640,0,random_negative,none,,cv,FALSE,3,63_64,,,,27.71274,50.5059,21.48534,2.32772,5.31272,1.14614,0.06694,1.1683,15.78256,27.96201,2,2.35055,6.952435902,80.69113242
5641,0,random_negative,none,,cv,FALSE,1,60_65,,,,20.93502,61.49475,16.74511,2.31763,5.19747,1.18493,0.06285,1.30816,14.33141,20.87691,2,2.75287,6.969406064,80.61406296
5642,0,random_negative,none,,cv,FALSE,2,56_63,,,,20.12266,64.3912,14.06318,2.08117,5.08443,1.2884,0.05948,2.96995,12.6621,21.11622,,0.91552,6.922312582,80.48480918
5643,0,random_negative,none,,cv,FALSE,2,62_66,,,,24.75844,55.33546,19.1122,2.28938,5.2531,1.18185,0.06677,2.18986,14.62147,25.60126,1,5.06002,6.993952367,80.65726037
5644,0,random_negative,none,,cv,FALSE,0,68_60,,,,26.05676,49.49089,23.46795,2.2439,5.22239,1.16641,0.07799,0.19345,14.09412,25.51952,1,3.58238,6.842173174,80.81335101
5645,0,random_negative,none,,cv,FALSE,4,62_62,,,,25.1695,55.24476,18.96267,2.22757,5.19822,1.1999,0.06375,1.01635,14.77201,24.50884,3,1.33559,6.891824081,80.64753495
5646,0,random_negative,none,,cv,FALSE,2,65_64,,,,28.52406,47.9238,23.03683,2.24881,5.30872,1.15097,0.07253,1.90684,15.60728,29.64411,1,3.26606,6.933474337,80.75550228
5647,0,random_negative,none,,cv,FALSE,2,70_67,,,,17.18146,59.37653,20.36976,2.17255,5.41843,1.19612,0.0669,25.09139,15.85228,40.84464,2,4.18402,7.019973,80.88651743
5648,0,random_negative,none,,cv,FALSE,4,67_60,,,,26.63665,48.31851,24.28625,2.25098,5.21606,1.16328,0.07816,-1.32701,14.0942,24.70304,2,2.74514,6.846287523,80.80481649
5649,0,random_negative,none,,cv,FALSE,4,60_62,,,,22.89677,58.97604,17.11473,2.20136,5.14192,1.22362,0.06324,1.98899,14.11855,22.64748,2,1.95086,6.884781706,80.61753994
5650,0,random_negative,none,,cv,FALSE,3,61_68,,,,24.61947,55.6382,18.63402,2.21519,5.29439,1.21043,0.06677,2.55315,14.61336,25.71222,1,4.42877,7.05274362,80.64062607
5651,0,random_negative,none,,cv,FALSE,4,66_70,,,,23.85994,53.06759,20.82336,1.51285,5.3829,1.25753,0.0588,10.53665,14.1632,31.75993,2,2.5026,7.108748805,80.77089468
5652,0,random_negative,none,,cv,FALSE,1,66_68,,,,23.49982,54.15549,20.93441,2.25096,5.30746,1.18777,0.06453,8.00834,15.65268,29.92957,2,4.80196,7.044616368,80.7750294
5653,0,random_negative,none,,cv,FALSE,3,71_70,,,,15.9932,64.69542,17.39927,1.32054,5.67817,1.31885,0.05817,14.67353,13.8714,29.43582,3,9.24283,7.116983021,80.91027245
5654,0,random_negative,none,,cv,FALSE,1,58_58,,,,21.4658,62.4231,14.05968,2.40352,5.11142,1.26813,0.05694,5.19794,13.02542,22.07499,2,5.21909,6.791381178,80.55911858
5655,0,random_negative,none,,cv,FALSE,1,58_60,,,,21.28473,62.54121,14.33172,2.39736,5.10006,1.26516,0.05758,4.81481,13.02597,22.06855,3,1.92458,6.822888017,80.56234243
5656,0,random_negative,none,,cv,FALSE,0,66_66,,,,25.65367,51.75705,21.31914,2.3073,5.30875,1.15743,0.06967,5.5127,15.79234,29.91033,1,1.08471,6.992073986,80.76876773
5657,0,random_negative,none,,cv,FALSE,2,62_66,,,,25.09241,54.69744,19.35935,2.28487,5.25364,1.18063,0.06683,2.54224,14.62257,26.27535,1,5.62878,7.000205149,80.66159939
5658,0,random_negative,none,,cv,FALSE,3,64_69,,,,24.71556,54.10906,19.93037,2.10773,5.35232,1.22055,0.06172,5.31042,14.57545,28.60399,1,3.49588,7.087123017,80.71083302
5659,0,random_negative,none,,cv,FALSE,1,68_65,,,,23.39372,53.67582,21.2793,2.23249,5.3332,1.15542,0.0711,9.21706,15.67962,31.38673,2,1.71221,6.963952412,80.8342653
5660,0,random_negative,none,,cv,FALSE,4,60_59,,,,22.57508,60.09766,15.30142,2.44447,5.18003,1.2471,0.05784,4.50507,13.68269,22.464,2,1.36977,6.795686539,80.60857038
5661,0,random_negative,none,,cv,FALSE,0,72_70,,,,15.33513,66.00468,16.7232,1.30184,5.68103,1.33085,0.05861,14.76188,13.7502,28.93313,2,9.84559,7.111078621,80.93448898
5662,0,random_negative,none,,cv,FALSE,1,62_67,,,,25.12547,54.38983,19.54617,2.21846,5.31825,1.18709,0.06543,2.88469,14.69115,26.59798,4,5.30563,7.025052054,80.67224353
5663,0,random_negative,none,,cv,FALSE,4,57_63,,,,19.03956,65.98475,13.55944,2.16396,5.07295,1.27279,0.05958,3.17789,13.38781,20.17054,3,0.67367,6.91407031,80.5263262
5664,0,random_negative,none,,cv,FALSE,2,59_61,,,,21.70371,61.16051,15.70401,2.19091,5.13227,1.24768,0.06195,2.72803,14.11035,21.45419,2,1.855,6.864483598,80.59163451
5665,0,random_negative,none,,cv,FALSE,0,72_70,,,,16.81124,63.62009,17.20684,1.9625,5.61034,1.28239,0.06175,15.40879,14.52122,30.89767,3,11.41854,7.093995917,80.93298968
5666,0,random_negative,none,,cv,FALSE,3,67_62,,,,28.18457,47.81001,23.4094,2.17963,5.27333,1.14269,0.07597,0.80183,15.02867,28.31381,1,2.1268,6.886853495,80.78768014
5667,0,random_negative,none,,cv,FALSE,2,59_62,,,,21.08894,62.55677,14.98783,2.22929,5.06178,1.25017,0.06116,2.7483,14.11975,21.27101,2,1.3314,6.882277785,80.56817019
5668,0,random_negative,none,,cv,FALSE,4,70_70,,,,17.68187,62.36817,18.248,2.11406,5.54674,1.25831,0.05937,13.93118,15.2195,30.43309,2,7.82304,7.109636045,80.88958497
5669,0,random_negative,none,,cv,FALSE,4,56_61,,,,21.59015,62.80101,14.18349,2.34024,5.00355,1.25095,0.05569,3.8172,11.78931,22.86283,1,2.34745,6.862262347,80.50786239
5670,0,random_negative,none,,cv,FALSE,4,66_67,,,,24.03682,53.76318,20.97667,2.25952,5.30796,1.18522,0.0646,6.60006,15.65069,29.157,3,3.72653,7.032271933,80.76110889
5671,0,random_negative,none,,cv,FALSE,3,64_60,,,,25.59299,53.31476,20.14444,2.26167,5.21561,1.17873,0.06729,1.93383,14.55841,25.9051,2,1.32284,6.830590404,80.70804587
5672,0,random_negative,none,,cv,FALSE,2,61_66,,,,21.08047,61.18322,16.8162,2.28735,5.21583,1.19664,0.06327,1.47635,14.32932,21.23771,3,2.54515,6.996971328,80.61995768
5673,0,random_negative,none,,cv,FALSE,1,55_63,,,,20.18177,64.43037,13.95618,2.075,5.07557,1.2904,0.05918,3.10816,12.66065,21.34617,3,2.3499,6.919740163,80.47080767
5674,0,random_negative,none,,cv,FALSE,2,59_61,,,,21.16997,62.22136,15.01551,2.19661,5.05338,1.25672,0.06158,3.65054,13.29632,21.55348,2,1.47993,6.848369908,80.56736089
5675,0,random_negative,none,,cv,FALSE,3,71_70,,,,15.7216,65.10877,17.25704,1.31913,5.68507,1.32136,0.05807,14.7397,13.86972,29.25469,1,9.43724,7.114715622,80.91686905
5676,0,random_negative,none,,cv,FALSE,0,61_60,,,,24.48647,56.42818,17.87716,2.3027,5.09226,1.21666,0.06367,3.25776,13.44079,25.19078,2,3.48685,6.839154425,80.64008378
5677,0,random_negative,none,,cv,FALSE,1,72_66,,,,17.56574,60.06684,19.67696,2.05794,5.46105,1.19894,0.06834,18.45373,15.66378,34.76509,1,2.20869,6.997456731,80.92028598
5678,0,random_negative,none,,cv,FALSE,0,66_66,,,,25.57925,51.44259,21.72608,2.27683,5.27936,1.14898,0.06921,6.77082,15.84628,31.12574,1,1.56941,6.987537986,80.7820351
5679,0,random_negative,none,,cv,FALSE,3,66_58,,,,24.94646,52.79922,20.92377,2.23181,5.34405,1.20195,0.07163,3.45144,14.89359,26.91705,1,2.73485,6.783241137,80.75910315
5680,0,random_negative,none,,cv,FALSE,0,63_66,,,,25.82895,53.22478,20.4308,2.27802,5.27513,1.17187,0.06698,1.71002,15.42003,26.4643,3,4.17073,6.984182177,80.68595388
5681,0,random_negative,none,,cv,FALSE,4,60_62,,,,22.78232,59.10676,17.16996,2.19603,5.14561,1.22326,0.06325,1.86765,14.11859,22.59249,2,2.05761,6.890478534,80.61521288
5682,0,random_negative,none,,cv,FALSE,4,64_63,,,,30.5474,46.71407,22.98692,2.26805,5.28208,1.15725,0.06513,0.40121,15.4491,30.40418,1,0.84413,6.923851061,80.70452676
5683,0,random_negative,none,,cv,FALSE,1,57_58,,,,20.77968,64.36818,13.12222,2.37995,5.08099,1.28283,0.05251,5.55427,11.37969,22.9236,1,5.30232,6.782461763,80.53494036
5684,0,random_negative,none,,cv,FALSE,1,57_62,,,,21.15419,63.00399,14.42032,2.09868,5.04425,1.25172,0.05721,2.68674,12.6405,21.54537,2,2.55225,6.886998165,80.5128106
5685,0,random_negative,none,,cv,FALSE,2,60_69,,,,24.20091,56.81391,18.0862,1.49133,5.41395,1.27232,0.06654,0.22378,13.45231,23.06122,2,2.53473,7.070880617,80.60105126
5686,0,random_negative,none,,cv,FALSE,0,68_70,,,,21.06736,57.89305,19.38773,2.03964,5.51572,1.24701,0.05878,10.10238,15.17648,29.62573,4,4.16627,7.107591602,80.81747583
5687,0,random_negative,none,,cv,FALSE,2,69_73,,,,17.25196,64.57477,16.86126,1.24526,5.78401,1.34476,0.05316,12.17957,13.51655,28.27602,4,3.33117,7.18045424,80.86117862
5688,0,random_negative,none,,cv,FALSE,1,67_68,,,,22.08761,55.85072,20.56201,2.12532,5.39912,1.20772,0.06418,9.76292,15.18499,30.60099,2,3.57697,7.040587266,80.80652475
5689,0,random_negative,none,,cv,FALSE,3,65_58,,,,24.94646,52.79922,20.92377,2.23181,5.34405,1.20195,0.07163,3.45144,14.89359,26.91705,1,3.49606,6.788441084,80.75430956
5690,0,random_negative,none,,cv,FALSE,2,61_58,,,,23.0855,58.7899,16.50004,2.4541,5.17651,1.23615,0.05951,4.34187,13.68846,24.10776,3,1.74305,6.790615988,80.63548572
5691,0,random_negative,none,,cv,FALSE,3,64_61,,,,26.46433,51.8283,20.9741,2.26618,5.21327,1.1703,0.06854,1.39902,14.56262,26.53032,1,0.50966,6.854567706,80.71938442
5692,0,random_negative,none,,cv,FALSE,3,65_58,,,,23.90478,55.21912,19.44335,2.24509,5.30477,1.20562,0.06718,4.259,14.57716,26.39219,2,3.26631,6.776268804,80.72931286
5693,0,random_negative,none,,cv,FALSE,0,61_62,,,,23.4967,57.96305,17.71854,2.20331,5.14492,1.21763,0.06368,1.65859,14.12154,23.22191,4,2.65954,6.892835414,80.62244674
5694,0,random_negative,none,,cv,FALSE,3,64_65,,,,26.71678,51.69568,21.16384,2.30015,5.25342,1.15945,0.06808,1.75542,15.42489,27.48352,2,4.38111,6.971582695,80.70325036
5695,0,random_negative,none,,cv,FALSE,4,67_70,,,,21.43989,57.29916,19.5629,2.0377,5.51182,1.24786,0.05885,9.86238,15.17566,29.6523,4,4.7388,7.110379297,80.80563415
5696,0,random_negative,none,,cv,FALSE,2,62_58,,,,22.8318,58.71852,16.80313,2.41773,5.24781,1.25727,0.05956,5.39117,13.75332,25.58074,1,4.14099,6.769129416,80.66415085
5697,0,random_negative,none,,cv,FALSE,2,73_69,,,,16.78935,63.33146,17.3824,1.92651,5.62514,1.261,0.06347,16.08927,14.71261,31.5473,2,9.74047,7.079630209,80.94715746
5698,0,random_negative,none,,cv,FALSE,3,65_66,,,,24.77448,53.33288,20.99778,2.27773,5.30557,1.17898,0.06472,4.54231,15.64803,28.02576,1,1.63506,7.008013434,80.72866513
5699,0,random_negative,none,,cv,FALSE,3,71_73,,,,14.56094,68.31605,15.7019,0.98499,5.842,1.38565,0.05445,13.02781,13.4928,26.4611,,2.46107,7.189882857,80.90015123
5700,0,random_negative,none,,cv,FALSE,3,60_60,,,,23.03461,59.19635,16.06433,2.2812,5.09337,1.24011,0.06153,3.95336,13.43,23.29928,2,3.49271,6.828491538,80.60392714
5701,0,random_negative,none,,cv,FALSE,0,67_75,,,,20.7499,62.11238,16.04521,1.06,5.79737,1.34336,0.05337,6.74886,13.63255,26.53826,3,2.52493,7.231962271,80.79401927
5702,0,random_negative,none,,cv,FALSE,2,71_72,,,,14.41916,68.03527,15.8425,0.98909,5.81198,1.37747,0.05621,13.85597,13.4975,27.06665,3,4.14044,7.165592271,80.90521533
5703,0,random_negative,none,,cv,FALSE,2,66_60,,,,26.00293,50.82946,22.18853,2.23685,5.23281,1.17793,0.07435,1.29431,14.08849,26.17533,1,3.81971,6.820015663,80.76715874
5704,0,random_negative,none,,cv,FALSE,0,66_59,,,,25.97547,51.17612,21.85184,2.23283,5.23338,1.18095,0.07343,1.68899,14.08749,26.44095,2,3.57982,6.819125826,80.75974161
5705,0,random_negative,none,,cv,FALSE,3,61_63,,,,25.3213,55.00012,19.23076,2.21637,5.20424,1.19702,0.06376,0.7405,14.77237,24.68131,1,2.62276,6.908180172,80.64057696
5706,0,random_negative,none,,cv,FALSE,2,63_65,,,,26.71678,51.69568,21.16384,2.30015,5.25342,1.15945,0.06808,1.75542,15.42489,27.48352,3,4.25017,6.978368907,80.69595207
5707,0,random_negative,none,,cv,FALSE,0,61_62,,,,24.9052,55.50318,18.86044,2.21088,5.23206,1.20087,0.06146,1.54397,14.54904,24.59989,2,1.18808,6.877254084,80.63960656
5708,0,random_negative,none,,cv,FALSE,0,61_62,,,,24.32187,56.52981,18.46206,2.21504,5.20418,1.21149,0.06318,1.10714,14.76965,23.7509,3,2.1111,6.894864518,80.63801282
5709,0,random_negative,none,,cv,FALSE,2,56_60,,,,21.05656,63.62704,13.72397,2.61112,5.00116,1.25942,0.05591,5.59227,12.25058,23.85338,1,2.51452,6.833706526,80.50889917
5710,0,random_negative,none,,cv,FALSE,0,62_60,,,,24.41389,56.4093,17.84601,2.3086,5.10115,1.2175,0.06397,3.56007,13.44266,25.33408,2,0.9313,6.821470389,80.65761893
5711,0,random_negative,none,,cv,FALSE,1,65_71,,,,23.61613,54.59821,19.93385,1.50779,5.40553,1.26081,0.05844,8.39416,14.161,29.92016,3,2.2116,7.119874931,80.75223321
5712,0,random_negative,none,,cv,FALSE,0,66_72,,,,22.97451,56.84822,18.73044,1.51738,5.51294,1.26464,0.055,6.32832,14.22402,27.81883,2,5.72126,7.158596256,80.75665095
5713,0,random_negative,none,,cv,FALSE,1,66_68,,,,23.67542,53.96085,20.90445,2.16907,5.28405,1.19972,0.06407,8.48923,15.3137,30.68421,2,5.11728,7.055152475,80.77612636
5714,0,random_negative,none,,cv,FALSE,3,67_61,,,,26.36742,49.53296,23.18094,2.20782,5.2619,1.16618,0.07719,0.6339,14.69038,26.22405,1,1.65462,6.857111468,80.80433095
5715,0,random_negative,none,,cv,FALSE,0,62_60,,,,24.54941,55.60054,18.6596,2.23913,5.21995,1.19813,0.06365,2.55621,14.55003,24.83306,3,2.39089,6.827253024,80.67408985
5716,0,random_negative,none,,cv,FALSE,1,68_59,,,,24.2149,52.65482,21.65472,2.18712,5.34549,1.17949,0.07626,3.02733,14.70616,26.1634,2,1.78035,6.801875587,80.82382705
5717,0,random_negative,none,,cv,FALSE,1,57_62,,,,19.79073,65.12128,13.60773,2.1733,5.05355,1.25013,0.05896,3.45741,13.38735,20.97818,2,1.40546,6.896593986,80.52011722
5718,0,random_negative,none,,cv,FALSE,0,66_61,,,,27.92042,48.58974,22.8173,2.25362,5.24494,1.14107,0.07322,1.09135,14.8496,28.12983,2,3.01316,6.872742797,80.76877433
5719,0,random_negative,none,,cv,FALSE,4,61_67,,,,23.69771,57.06379,18.2786,2.25258,5.27593,1.19713,0.06661,2.16643,14.615,24.44837,2,4.93055,7.014194232,80.63510014
5720,0,random_negative,none,,cv,FALSE,2,55_67,,,,19.73267,65.11097,13.77078,1.55641,5.20837,1.30975,0.06186,3.48806,12.12559,21.72582,3,0.5678,7.020794657,80.47507738
5721,0,random_negative,none,,cv,FALSE,1,71_66,,,,17.99727,59.08806,20.18834,2.06956,5.44006,1.18862,0.0689,19.74859,15.6671,36.47018,2,2.39375,6.991464887,80.89719554
5722,0,random_negative,none,,cv,FALSE,3,64_60,,,,25.59299,53.31476,20.14444,2.26167,5.21561,1.17873,0.06729,1.93383,14.55841,25.9051,2,1.47423,6.832689735,80.70693582
5723,0,random_negative,none,,cv,FALSE,4,60_59,,,,22.57508,60.09766,15.30142,2.44447,5.18003,1.2471,0.05784,4.50507,13.68269,22.464,2,1.79468,6.79893542,80.60598513
5724,0,random_negative,none,,cv,FALSE,0,64_70,,,,24.25131,55.05009,19.38866,1.50892,5.36485,1.25215,0.0605,5.38718,13.96901,28.18166,2,3.19983,7.100064892,80.70889218
5725,0,random_negative,none,,cv,FALSE,1,68_68,,,,20.81198,57.46539,19.71756,2.138,5.46911,1.19592,0.06395,12.90821,15.38853,32.35997,2,2.47994,7.044283199,80.83264221
5726,0,random_negative,none,,cv,FALSE,1,70_71,,,,17.00961,63.89761,17.41,1.31023,5.70514,1.32411,0.05637,12.74544,13.87083,28.48254,2,6.13133,7.143363607,80.87307991
5727,0,random_negative,none,,cv,FALSE,0,69_65,,,,22.39719,55.16449,20.53145,2.21718,5.39329,1.16104,0.07032,10.90772,15.56192,31.98328,3,2.25159,6.972753949,80.84019064
5728,0,random_negative,none,,cv,FALSE,2,61_66,,,,22.6517,58.69883,17.87173,2.31367,5.2034,1.18257,0.06396,1.48346,14.33552,22.85175,1,4.25189,6.982890656,80.63645434
5729,0,random_negative,none,,cv,FALSE,4,66_67,,,,23.89437,53.67936,21.1749,2.27789,5.28513,1.17362,0.06582,7.33597,15.65472,29.81498,4,2.36792,7.022612605,80.77436048
5730,0,random_negative,none,,cv,FALSE,1,70_69,,,,20.33629,58.31325,19.31201,2.18749,5.48952,1.21463,0.06151,14.33414,16.03778,33.33722,2,4.19597,7.077364631,80.86975236
5731,0,random_negative,none,,cv,FALSE,3,64_59,,,,24.94457,54.3115,19.5104,2.28301,5.20044,1.19825,0.0663,3.30228,13.95973,26.41186,1,2.54406,6.808641687,80.71144486
5732,0,random_negative,none,,cv,FALSE,4,67_70,,,,21.59369,57.70157,19.06381,1.49034,5.52158,1.27731,0.05678,9.828,14.33682,29.8141,4,5.39442,7.11742806,80.80857255
5733,0,random_negative,none,,cv,FALSE,1,68_59,,,,24.90991,51.34812,22.50115,2.20309,5.32212,1.17896,0.07718,1.58224,14.70768,25.54195,1,1.7935,6.816709189,80.81362151
5734,0,random_negative,none,,cv,FALSE,4,66_62,,,,29.33823,46.78018,23.44391,2.23848,5.24347,1.139,0.07217,1.0958,14.85174,29.75195,1,4.31666,6.895955522,80.76717658
5735,0,random_negative,none,,cv,FALSE,1,57_65,,,,17.89675,67.42727,13.44196,2.18847,5.14257,1.24249,0.06225,1.93114,12.79332,18.16021,2,0.54266,6.958797756,80.52256806
5736,0,random_negative,none,,cv,FALSE,1,68_68,,,,21.70761,56.25495,20.47913,2.12626,5.40108,1.20706,0.06429,10.4674,15.18603,30.93621,1,3.10851,7.042206907,80.81578187
5737,0,random_negative,none,,cv,FALSE,2,55_67,,,,19.49656,65.50261,13.61031,1.56036,5.20334,1.30811,0.06124,3.54352,12.12531,21.51803,2,0.99482,7.01193359,80.47398656
5738,0,random_negative,none,,cv,FALSE,1,66_65,,,,27.45078,49.36946,22.43042,2.22471,5.3207,1.13993,0.07148,3.11695,15.60707,29.63404,1,1.2248,6.959052267,80.75861668
5739,0,random_negative,none,,cv,FALSE,2,60_61,,,,22.98428,59.15078,16.39786,2.27886,5.08624,1.23702,0.06156,3.68258,13.42994,23.59013,2,2.79565,6.854209243,80.60868726
5740,0,random_negative,none,,cv,FALSE,0,60_64,,,,20.35393,62.89574,15.7426,2.21836,5.11829,1.24065,0.0653,1.62392,13.67143,20.21,2,1.27754,6.930408009,80.5934637
5741,0,random_negative,none,,cv,FALSE,2,66_64,,,,28.68208,47.52849,23.24964,2.25202,5.30584,1.14888,0.07311,2.00169,15.60855,29.93876,1,1.98594,6.936147114,80.7685621
5742,0,random_negative,none,,cv,FALSE,0,66_66,,,,24.36606,53.22366,21.30096,2.28907,5.27987,1.16927,0.06615,6.39762,15.65418,29.42985,3,1.37047,7.00937187,80.76456141
5743,0,random_negative,none,,cv,FALSE,4,56_61,,,,21.59015,62.80101,14.18349,2.34024,5.00355,1.25095,0.05569,3.8172,11.78931,22.86283,2,2.07234,6.86515883,80.50959737
5744,0,random_negative,none,,cv,FALSE,1,66_74,,,,21.30236,61.04059,16.34868,1.0618,5.78616,1.33968,0.05427,6.81816,13.63362,27.01331,2,3.54389,7.217963775,80.78085675
5745,0,random_negative,none,,cv,FALSE,3,64_65,,,,26.81122,51.08382,21.37749,2.3173,5.31273,1.14842,0.06797,2.72003,15.78597,28.45301,1,5.01414,6.974696654,80.71808647
5746,0,random_negative,none,,cv,FALSE,0,66_61,,,,26.73398,49.78657,22.71532,2.20731,5.26017,1.15558,0.07483,0.45539,14.6869,26.22495,2,1.88248,6.850719846,80.76701767
5747,0,random_negative,none,,cv,FALSE,3,64_69,,,,24.78943,53.952,20.06184,2.12023,5.33897,1.2156,0.06209,5.33362,14.57658,28.74669,2,3.19589,7.081167857,80.70890729
5748,0,random_negative,none,,cv,FALSE,0,66_61,,,,27.92042,48.58974,22.8173,2.25362,5.24494,1.14107,0.07322,1.09135,14.8496,28.12983,2,2.89906,6.872382626,80.76977152
5749,0,random_negative,none,,cv,FALSE,0,62_61,,,,24.7229,55.64573,18.63156,2.22458,5.22438,1.20943,0.0624,2.06089,14.54898,24.56709,2,2.95914,6.853260476,80.65105049
5750,0,random_negative,none,,cv,FALSE,2,60_61,,,,22.97111,59.22889,16.42787,2.29484,5.0669,1.23587,0.06342,3.0873,13.65611,23.23707,2,2.30077,6.858093269,80.60594745
5751,0,random_negative,none,,cv,FALSE,2,60_61,,,,22.98428,59.15078,16.39786,2.27886,5.08624,1.23702,0.06156,3.68258,13.42994,23.59013,2,2.73909,6.854614816,80.60826571
5752,0,random_negative,none,,cv,FALSE,1,56_66,,,,19.34635,65.35863,14.11568,2.14251,5.1555,1.26607,0.06406,1.73279,12.79061,19.62855,2,3.27591,7.001149933,80.50999294
5753,0,random_negative,none,,cv,FALSE,0,63_70,,,,24.25963,55.35853,19.11577,1.50216,5.37909,1.25675,0.06078,4.65188,13.96678,27.51883,3,3.21414,7.103622277,80.6969536
5754,0,random_negative,none,,cv,FALSE,0,55_66,,,,20.16934,64.18245,14.22724,1.49565,5.14735,1.26902,0.05898,3.80954,12.29892,22.38671,2,0.85814,6.987540326,80.46816436
5755,0,random_negative,none,,cv,FALSE,0,60_67,,,,21.61208,60.36926,17.04755,2.26777,5.22682,1.20353,0.06379,1.51995,14.32826,21.8127,2,2.93427,7.010002911,80.6143794
5756,0,random_negative,none,,cv,FALSE,3,67_61,,,,26.32801,49.29214,23.50535,2.21328,5.26207,1.16292,0.07759,-0.19216,14.68931,25.40562,2,1.54934,6.856321012,80.80077686
5757,0,random_negative,none,,cv,FALSE,1,68_64,,,,25.97817,50.50678,22.25715,2.24201,5.31053,1.13111,0.07459,5.48775,15.61433,30.49008,1,1.36218,6.94730032,80.81050162
5758,0,random_negative,none,,cv,FALSE,2,66_60,,,,26.37721,50.63686,22.03033,2.21854,5.31468,1.17669,0.07324,1.21734,14.93992,26.41257,1,1.8197,6.835118547,80.75702801
5759,0,random_negative,none,,cv,FALSE,0,63_60,,,,25.11614,54.22758,19.58867,2.25579,5.21724,1.1925,0.06614,2.27969,14.55542,25.56694,3,2.61581,6.820141426,80.69848636
5760,0,random_negative,none,,cv,FALSE,3,72_67,,,,16.92804,60.94291,19.44519,2.09994,5.47243,1.20864,0.06739,19.52951,15.75665,35.18129,2,4.87241,7.023304063,80.92185612
5761,0,random_negative,none,,cv,FALSE,3,71_69,,,,17.79936,61.52478,18.32832,2.17611,5.53329,1.2264,0.06229,17.17769,15.73056,33.68459,2,8.24898,7.068275392,80.9140907
5762,0,random_negative,none,,cv,FALSE,2,67_71,,,,22.57463,56.87734,18.97255,1.52468,5.51353,1.27485,0.05673,8.77819,14.52574,29.71412,3,6.22979,7.132096631,80.79635122
5763,0,random_negative,none,,cv,FALSE,4,67_60,,,,26.24045,49.1801,23.74361,2.24655,5.23437,1.17053,0.07701,-0.97791,14.09113,24.52046,2,3.10136,6.824466288,80.79147498
5764,0,random_negative,none,,cv,FALSE,0,58_63,,,,18.30019,66.69504,13.65711,2.1678,5.0931,1.26796,0.06013,2.86697,13.39147,19.26811,3,3.47955,6.928056983,80.54997822
5765,0,random_negative,none,,cv,FALSE,4,70_70,,,,17.54582,62.92961,17.79133,1.49542,5.6112,1.29487,0.05621,13.52947,14.41209,29.87591,4,8.25754,7.113778542,80.89132542
5766,0,random_negative,none,,cv,FALSE,3,67_62,,,,27.07044,48.94204,23.11675,2.19168,5.26226,1.16709,0.07603,1.81411,14.69358,28.13273,2,2.01493,6.888070652,80.80759615
5767,0,random_negative,none,,cv,FALSE,1,60_68,,,,23.78581,57.41691,17.89268,1.49587,5.41135,1.27055,0.0661,0.3064,13.45222,22.70608,2,3.27804,7.056178336,80.59766076
5768,0,random_negative,none,,cv,FALSE,3,68_61,,,,25.88826,49.98887,23.1018,2.20829,5.26679,1.16527,0.07762,0.56185,14.68933,25.66755,1,2.89892,6.851991295,80.81690662
5769,0,random_negative,none,,cv,FALSE,2,56_62,,,,20.99253,63.57951,14.01098,2.07398,5.02133,1.28612,0.05667,2.92374,12.63529,21.85266,1,2.53783,6.896145318,80.48578889
5770,0,random_negative,none,,cv,FALSE,1,57_58,,,,20.25979,64.65477,13.28832,2.64836,4.99673,1.28511,0.05108,6.43606,11.65714,23.48011,1,4.99916,6.786122701,80.52169478
5771,0,random_negative,none,,cv,FALSE,1,62_67,,,,25.12547,54.38983,19.54617,2.21846,5.31825,1.18709,0.06543,2.88469,14.69115,26.59798,,5.62207,7.021190871,80.66912651
5772,0,random_negative,none,,cv,FALSE,0,66_73,,,,21.75862,59.05998,17.69304,1.35043,5.68113,1.30737,0.05499,7.2651,13.88331,27.65882,1,5.42918,7.185570094,80.78224039
5773,0,random_negative,none,,cv,FALSE,3,59_64,,,,15.0455,70.65791,13.09573,2.27335,5.14424,1.22515,0.06285,2.00398,13.41722,15.62912,2,3.8607,6.952686326,80.57847189
5774,0,random_negative,none,,cv,FALSE,3,66_63,,,,29.84068,46.10449,23.69846,2.2325,5.24421,1.13907,0.07179,1.04531,14.85234,30.27482,1,4.92545,6.907376165,80.76706114
5775,0,random_negative,none,,cv,FALSE,1,58_58,,,,20.92038,63.84272,13.40606,2.47083,5.11242,1.28197,0.0544,6.61871,11.7893,23.95581,2,5.60148,6.780170318,80.5388067
5776,0,random_negative,none,,cv,FALSE,3,64_61,,,,26.87993,51.24534,21.24998,2.26444,5.21282,1.16782,0.06856,1.21355,14.56376,26.86137,2,0.87041,6.85690158,80.723787
5777,0,random_negative,none,,cv,FALSE,3,67_58,,,,24.29625,52.74166,21.57331,2.18801,5.34967,1.18227,0.0752,2.87158,14.7046,26.0201,1,1.16262,6.792796133,80.80197224
5778,0,random_negative,none,,cv,FALSE,0,66_61,,,,27.92042,48.58974,22.8173,2.25362,5.24494,1.14107,0.07322,1.09135,14.8496,28.12983,4,2.78378,6.868148751,80.76745595
5779,0,random_negative,none,,cv,FALSE,0,66_59,,,,25.22581,51.73236,21.86192,2.22856,5.25867,1.18419,0.07438,1.79552,14.08683,25.90498,1,2.92175,6.80554218,80.78158428
5780,0,random_negative,none,,cv,FALSE,2,56_60,,,,21.05656,63.62704,13.72397,2.61112,5.00116,1.25942,0.05591,5.59227,12.25058,23.85338,3,2.549,6.829184826,80.50835353
5781,0,random_negative,none,,cv,FALSE,2,62_58,,,,22.9654,58.36834,17.06006,2.41986,5.2484,1.25404,0.06022,5.33709,13.75513,25.82159,2,3.27777,6.765946042,80.67389191
5782,0,random_negative,none,,cv,FALSE,4,67_66,,,,25.57925,51.44259,21.72608,2.27683,5.27936,1.14898,0.06921,6.77082,15.84628,31.12574,1,1.7766,6.98626314,80.78858204
5783,0,random_negative,none,,cv,FALSE,1,66_74,,,,21.06917,60.88558,16.6563,1.06211,5.77497,1.33846,0.05479,7.15821,13.63426,27.02934,2,4.7149,7.207395034,80.78166037
5784,0,random_negative,none,,cv,FALSE,3,57_59,,,,20.61024,63.88137,13.7722,2.63301,5.01264,1.27811,0.05621,5.20263,12.25467,22.41713,2,1.41639,6.817471733,80.531486
5785,0,random_negative,none,,cv,FALSE,4,63_67,,,,25.35372,53.72046,19.87806,2.21582,5.31664,1.19499,0.0658,3.59661,14.69417,27.48681,2,3.73963,7.034363298,80.68935544
5786,0,random_negative,none,,cv,FALSE,3,64_59,,,,25.33088,53.50548,20.0349,2.29162,5.19241,1.19005,0.06766,2.90001,13.96261,26.57583,1,1.36449,6.818285858,80.71612006
5787,0,random_negative,none,,cv,FALSE,3,70_66,,,,18.26717,59.03696,20.02216,2.03962,5.42137,1.18954,0.06893,18.95098,15.18614,35.9423,1,2.98188,6.995226681,80.8904655
5788,0,random_negative,none,,cv,FALSE,3,63_61,,,,26.78272,52.2628,20.46019,2.23818,5.21816,1.18186,0.06473,1.14559,14.55705,26.49023,2,3.2438,6.873032879,80.67851198
5789,0,random_negative,none,,cv,FALSE,2,62_59,,,,24.41389,56.4093,17.84601,2.3086,5.10115,1.2175,0.06397,3.56007,13.44266,25.33408,2,0.87313,6.818969849,80.65255257
5790,0,random_negative,none,,cv,FALSE,0,61_60,,,,23.66719,57.96212,16.86805,2.29189,5.09547,1.22823,0.0625,3.71502,13.43522,24.19693,1,4.05188,6.828954295,80.6247537
5791,0,random_negative,none,,cv,FALSE,3,65_58,,,,23.82425,54.71538,19.97718,2.24248,5.37715,1.21752,0.06826,4.09468,15.24256,26.26292,1,3.83981,6.7669522,80.74539686
5792,0,random_negative,none,,cv,FALSE,4,65_61,,,,26.93092,50.92927,21.49799,2.27036,5.21243,1.1641,0.06958,1.15119,14.56558,26.92006,1,2.07321,6.865129496,80.73107882
5793,0,random_negative,none,,cv,FALSE,1,66_68,,,,23.49982,54.15549,20.93441,2.25096,5.30746,1.18777,0.06453,8.00834,15.65268,29.92957,2,4.59464,7.04273769,80.77315144
5794,0,random_negative,none,,cv,FALSE,4,67_70,,,,21.59369,57.70157,19.06381,1.49034,5.52158,1.27731,0.05678,9.828,14.33682,29.8141,2,5.49509,7.115668874,80.80038998
5795,0,random_negative,none,,cv,FALSE,4,59_65,,,,18.37939,65.61128,14.96508,2.27169,5.15325,1.22147,0.06388,1.87209,13.422,18.8972,1,1.49991,6.976877721,80.59193142
5796,0,random_negative,none,,cv,FALSE,4,68_73,,,,20.31473,60.98535,17.47139,1.27041,5.69668,1.325,0.05503,9.15297,13.96345,28.31055,3,1.27512,7.17860643,80.81952406
5797,0,random_negative,none,,cv,FALSE,1,62_67,,,,25.12547,54.38983,19.54617,2.21846,5.31825,1.18709,0.06543,2.88469,14.69115,26.59798,,5.45548,7.018740291,80.67063663
5798,0,random_negative,none,,cv,FALSE,3,71_73,,,,14.56094,68.31605,15.7019,0.98499,5.842,1.38565,0.05445,13.02781,13.4928,26.4611,,2.61594,7.189511132,80.89876889
5799,0,random_negative,none,,cv,FALSE,2,63_65,,,,26.26751,52.27438,20.9149,2.28764,5.26256,1.16514,0.06781,2.10549,15.42387,27.31989,3,4.7487,6.981929038,80.70011515
5800,0,random_negative,none,,cv,FALSE,1,58_60,,,,20.7575,63.38289,14.23176,2.405,5.07089,1.2664,0.05918,4.23251,13.24926,21.70748,4,0.70783,6.845165962,80.54580188
5801,0,random_negative,none,,cv,FALSE,0,66_75,,,,24.97457,57.74622,15.76812,1.17446,5.6238,1.32002,0.05289,6.66534,13.69296,30.567,,2.07667,7.240933198,80.76353118
5802,0,random_negative,none,,cv,FALSE,3,57_64,,,,17.93882,67.38161,13.35633,2.26137,5.09965,1.27592,0.06234,2.5414,13.40747,18.62801,1,1.98643,6.937559,80.53296752
5803,0,random_negative,none,,cv,FALSE,4,57_63,,,,20.31368,64.15454,14.17449,2.07724,5.06093,1.25465,0.05795,2.47513,12.63812,20.80655,4,0.4357,6.918213976,80.51305988
5804,0,random_negative,none,,cv,FALSE,3,57_59,,,,20.71071,64.40446,13.17487,2.60069,5.08383,1.28152,0.0545,5.2191,11.94741,22.51201,2,2.46699,6.808213766,80.52810344
5805,0,random_negative,none,,cv,FALSE,1,71_66,,,,17.99727,59.08806,20.18834,2.06956,5.44006,1.18862,0.0689,19.74859,15.6671,36.47018,1,2.34084,6.99064115,80.89530036
5806,0,random_negative,none,,cv,FALSE,4,59_59,,,,21.78572,61.94733,14.03059,2.40714,5.11624,1.26053,0.05759,5.01059,13.02786,21.51651,1,4.67113,6.794633602,80.56694095
5807,0,random_negative,none,,cv,FALSE,2,69_66,,,,22.12114,55.23886,20.72195,2.13551,5.38152,1.16627,0.06891,12.25272,15.38197,33.25744,1,3.82985,6.99300631,80.84591003
5808,0,random_negative,none,,cv,FALSE,4,60_59,,,,23.02163,59.41199,15.49052,2.2823,5.10398,1.24459,0.06119,4.38482,13.4297,22.75647,2,2.37597,6.804519717,80.60362287
5809,0,random_negative,none,,cv,FALSE,0,61_62,,,,24.32234,56.5511,18.35894,2.2205,5.20112,1.21184,0.06317,1.23943,14.76952,23.72697,2,2.14176,6.892229325,80.63497155
5810,0,random_negative,none,,cv,FALSE,1,65_71,,,,23.65907,54.8535,19.84867,1.53197,5.44261,1.25634,0.0569,7.83148,14.22338,29.68166,3,2.56897,7.122498468,80.74420369
5811,0,random_negative,none,,cv,FALSE,2,69_73,,,,17.57668,64.44074,16.69604,1.00881,5.79621,1.37583,0.05393,11.5464,13.23984,27.95531,2,1.66482,7.191912911,80.83965062
5812,0,random_negative,none,,cv,FALSE,4,55_64,,,,20.16832,64.66626,13.73027,2.03932,5.07381,1.2598,0.05919,3.38627,12.65588,21.83862,3,4.13631,6.944015199,80.45978312
5813,0,random_negative,none,,cv,FALSE,2,61_58,,,,22.66939,59.47932,16.1507,2.45343,5.18879,1.26681,0.05804,5.0297,13.68584,24.53045,1,2.82888,6.767455739,80.63127873
5814,0,random_negative,none,,cv,FALSE,4,65_61,,,,27.00591,50.30552,22.01002,2.28187,5.2126,1.15701,0.07164,0.95249,14.56912,26.93021,3,1.49685,6.863327933,80.74763227
5815,0,random_negative,none,,cv,FALSE,4,61_64,,,,24.93539,55.52464,19.1712,2.26913,5.16296,1.20429,0.06568,0.40006,14.58804,24.10382,1,0.83366,6.932463535,80.64286983
5816,0,random_negative,none,,cv,FALSE,4,65_65,,,,26.73848,50.65952,21.68395,2.32819,5.29774,1.14896,0.06968,3.71662,15.79075,29.35907,2,2.1895,6.97158859,80.74747282
5817,0,random_negative,none,,cv,FALSE,3,72_69,,,,17.40559,62.23448,17.98809,2.09319,5.55402,1.23564,0.06275,17.00958,15.40975,33.13875,4,9.56689,7.066058695,80.93887739
5818,0,random_negative,none,,cv,FALSE,3,66_76,,,,30.54626,53.60898,14.28855,1.03078,5.70543,1.33812,0.05208,11.05854,12.77542,40.62941,2,1.32557,7.258168661,80.76807045
5819,0,random_negative,none,,cv,FALSE,3,59_64,,,,18.73085,65.30419,14.8664,2.20045,5.12652,1.21795,0.06474,1.76125,13.6669,18.80479,2,1.69719,6.932799327,80.58991851
5820,0,random_negative,none,,cv,FALSE,0,66_59,,,,24.58539,52.72267,21.40829,2.19216,5.33988,1.19208,0.07382,2.79441,14.70329,26.08869,1,2.92264,6.796410514,80.77898082
5821,0,random_negative,none,,cv,FALSE,2,64_58,,,,24.49611,54.87977,19.25377,2.27845,5.21983,1.20491,0.06595,3.81892,13.95912,26.49412,1,2.46594,6.781980667,80.72222077
5822,0,random_negative,none,,cv,FALSE,0,62_60,,,,24.5527,55.75156,18.54435,2.23305,5.22136,1.21,0.06304,2.41594,14.54917,24.63333,2,1.98801,6.830547318,80.66191165
5823,0,random_negative,none,,cv,FALSE,4,58_61,,,,21.32487,62.69163,14.40849,2.25276,4.98608,1.25779,0.06028,3.62173,12.99716,21.95,2,1.1675,6.86042558,80.55166718
5824,0,random_negative,none,,cv,FALSE,2,63_58,,,,24.03292,56.12061,18.34116,2.26196,5.22325,1.2417,0.06309,4.31583,13.95317,26.12762,1,1.53266,6.773228478,80.68790185
5825,0,random_negative,none,,cv,FALSE,3,67_58,,,,24.16845,53.31817,21.1169,2.18236,5.35796,1.18892,0.0735,3.34137,14.70248,26.2097,1,1.73387,6.783610039,80.78778915
5826,0,random_negative,none,,cv,FALSE,3,65_58,,,,24.08183,54.11242,20.38495,2.27236,5.36892,1.21885,0.07083,3.67908,15.08734,26.22221,1,2.96825,6.779751604,80.75498179
5827,0,random_negative,none,,cv,FALSE,1,70_68,,,,19.4395,58.98867,19.31613,2.12533,5.49198,1.20155,0.0635,15.70486,15.38957,33.7682,2,2.35365,7.045663236,80.86442507
5828,0,random_negative,none,,cv,FALSE,2,62_58,,,,24.17798,56.17007,18.19901,2.26115,5.20608,1.21673,0.06274,3.90702,13.9517,25.60954,2,2.78813,6.791802195,80.67136019
5829,0,random_negative,none,,cv,FALSE,4,67_69,,,,21.23809,57.32239,19.75404,2.06267,5.47999,1.23651,0.0604,10.51138,15.17907,30.22499,3,2.12575,7.085817501,80.80906402
5830,0,random_negative,none,,cv,FALSE,3,71_67,,,,16.97676,60.01421,20.00168,2.15746,5.44164,1.20461,0.06585,24.28684,15.84972,39.84424,3,5.4995,7.032349507,80.89972351
5831,0,random_negative,none,,cv,FALSE,2,69_67,,,,19.50097,58.46792,19.68857,2.14891,5.46145,1.19006,0.06527,16.58412,15.3927,34.74474,1,0.787,7.028731105,80.85700946
5832,0,random_negative,none,,cv,FALSE,0,55_65,,,,20.0331,64.55154,14.00893,2.0341,5.10364,1.26154,0.06026,3.03167,12.65746,21.40395,2,1.27134,6.96889252,80.47296875
5833,0,random_negative,none,,cv,FALSE,2,70_72,,,,15.28973,67.01754,16.11561,0.98994,5.80838,1.37374,0.05565,12.97466,13.50121,27.03307,,5.30841,7.170466113,80.8821079
5834,0,random_negative,none,,cv,FALSE,0,56_58,,,,20.8729,63.91135,13.53346,2.62678,4.98139,1.26272,0.04959,6.07822,11.65121,24.24438,1,4.53048,6.790934843,80.49300141
5835,0,random_negative,none,,cv,FALSE,0,58_59,,,,21.44876,62.42429,14.09864,2.40172,5.10806,1.26639,0.05723,5.04879,13.02567,21.93313,4,4.01845,6.801530915,80.56305827
5836,0,random_negative,none,,cv,FALSE,4,68_73,,,,20.31473,60.98535,17.47139,1.27041,5.69668,1.325,0.05503,9.15297,13.96345,28.31055,4,0.86839,7.180134386,80.82318784
5837,0,random_negative,none,,cv,FALSE,0,58_63,,,,18.99812,65.74322,13.8994,2.17622,5.0855,1.2661,0.05998,2.95261,13.39249,19.92093,2,2.46639,6.91719159,80.54604843
5838,0,random_negative,none,,cv,FALSE,4,67_73,,,,21.01364,60.38503,17.28808,1.28908,5.69973,1.31641,0.05434,7.95221,13.5876,27.71525,3,3.59383,7.187879765,80.79957279
5839,0,random_negative,none,,cv,FALSE,4,66_62,,,,27.57023,48.441,23.29623,2.19992,5.25782,1.16551,0.07556,0.84681,14.69165,27.66511,2,2.39539,6.884792116,80.78055205
5840,0,random_negative,none,,cv,FALSE,4,65_63,,,,29.08532,47.73343,22.7893,2.2876,5.2673,1.15357,0.06831,1.81625,15.45439,30.11076,2,3.92618,6.924452138,80.73509383
5841,0,random_negative,none,,cv,FALSE,3,63_64,,,,28.16702,50.47755,21.27128,2.42385,5.22264,1.14266,0.06337,0.87674,15.32303,28.25356,1,1.52149,6.950610091,80.68375601
5842,0,random_negative,none,,cv,FALSE,3,65_66,,,,24.65696,53.15646,21.19049,2.28369,5.29209,1.17504,0.06546,5.40718,15.65112,28.74883,1,2.92485,7.007906002,80.743544
5843,0,random_negative,none,,cv,FALSE,4,66_70,,,,22.53132,55.78422,19.81817,1.49265,5.49282,1.27539,0.05778,9.97567,14.33553,30.52788,2,3.39512,7.103137312,80.78057501
5844,0,random_negative,none,,cv,FALSE,2,58_62,,,,20.81761,63.29689,14.39811,2.20738,5.05936,1.25822,0.05951,3.32399,13.39623,21.50365,2,1.94639,6.880678406,80.5459951
5845,0,random_negative,none,,cv,FALSE,0,66_66,,,,25.43598,51.76109,21.54505,2.26122,5.29153,1.15599,0.0682,6.72541,15.84406,30.87529,1,0.6989,6.994608417,80.77509146
5846,0,random_negative,none,,cv,FALSE,0,61_59,,,,23.98984,57.22065,17.28864,2.30266,5.10453,1.22599,0.0632,3.88165,13.4397,24.8875,1,1.98047,6.811578722,80.63992242
5847,0,random_negative,none,,cv,FALSE,3,64_69,,,,24.35981,55.06183,19.37528,1.51233,5.35418,1.2499,0.06093,4.95821,13.9677,27.9714,2,2.48303,7.084998786,80.70191378
5848,0,random_negative,none,,cv,FALSE,3,67_62,,,,27.22724,48.76208,23.22417,2.19928,5.25926,1.16565,0.07605,1.12611,14.69216,27.59931,3,1.13438,6.881317779,80.79604966
5849,0,random_negative,none,,cv,FALSE,2,59_61,,,,20.99921,62.41286,15.0604,2.17856,5.12585,1.2533,0.06115,2.97349,14.10524,20.95444,3,0.6375,6.861645958,80.56877691
5850,0,random_negative,none,,cv,FALSE,2,64_62,,,,28.53448,49.48292,21.87811,2.24404,5.21571,1.16985,0.06627,0.46807,14.56311,28.08185,1,4.2178,6.892004918,80.70335163
5851,0,random_negative,none,,cv,FALSE,1,68_65,,,,23.39372,53.67582,21.2793,2.23249,5.3332,1.15542,0.0711,9.21706,15.67962,31.38673,3,1.23061,6.967583661,80.83087178
5852,0,random_negative,none,,cv,FALSE,0,57_60,,,,20.91897,63.78073,13.74148,2.60572,4.99962,1.25922,0.0562,5.45612,12.25016,23.68082,1,2.26063,6.837739976,80.51234689
5853,0,random_negative,none,,cv,FALSE,3,66_58,,,,23.83687,53.93616,20.74818,2.17258,5.37376,1.1958,0.07259,3.90212,14.7011,26.37808,2,1.19176,6.780617395,80.78185073
5854,0,random_negative,none,,cv,FALSE,1,57_62,,,,19.79073,65.12128,13.60773,2.1733,5.05355,1.25013,0.05896,3.45741,13.38735,20.97818,2,1.53275,6.896467017,80.51802937
5855,0,random_negative,none,,cv,FALSE,0,65_60,,,,25.73108,52.66224,20.58053,2.30019,5.18411,1.18105,0.06903,2.4787,13.96551,26.73067,1,1.20471,6.825469659,80.72991271
5856,0,random_negative,none,,cv,FALSE,3,61_63,,,,24.43841,56.59807,18.44329,2.20132,5.12894,1.20682,0.06294,0.83242,14.12094,23.81058,1,1.33441,6.916806462,80.63164502
5857,0,random_negative,none,,cv,FALSE,3,63_61,,,,26.78272,52.2628,20.46019,2.23818,5.21816,1.18186,0.06473,1.14559,14.55705,26.49023,2,3.84801,6.868910421,80.68300364
5858,0,random_negative,none,,cv,FALSE,4,60_59,,,,22.48274,60.55842,14.78278,2.41708,5.11972,1.24828,0.05947,4.47586,13.03546,21.60475,2,2.88955,6.801404627,80.59606538
5859,0,random_negative,none,,cv,FALSE,0,72_70,,,,15.19654,65.89847,16.92567,1.18672,5.70198,1.32582,0.0594,15.12579,13.76922,29.14825,2,10.52168,7.105253637,80.9412542
5860,0,random_negative,none,,cv,FALSE,3,64_71,,,,23.94178,55.09402,19.5493,1.52817,5.45669,1.25946,0.05756,5.99174,14.21888,28.40225,3,0.7402,7.126145539,80.72085358
5861,0,random_negative,none,,cv,FALSE,4,70_70,,,,17.68187,62.36817,18.248,2.11406,5.54674,1.25831,0.05937,13.93118,15.2195,30.43309,2,7.69033,7.109514293,80.88816115
5862,0,random_negative,none,,cv,FALSE,2,64_58,,,,23.90478,55.21912,19.44335,2.24509,5.30477,1.20562,0.06718,4.259,14.57716,26.39219,2,2.95202,6.776331499,80.72645286
5863,0,random_negative,none,,cv,FALSE,3,64_69,,,,24.64329,53.95913,20.07106,2.11077,5.34789,1.21891,0.06168,5.9006,14.57731,29.03072,1,3.42727,7.085076169,80.72280741
