label,fold,block_id,soil_clay_0_30,soil_sand_0_30,soil_silt_0_30,soil_oc_0_30,soil_ph_0_30,soil_bd_0_30,soil_awc_0_30,soil_clay_gradient,soil_cec_0_30,soil_clay_60_100,bench_lhmp_class,diag_nearest_gauge_km,meta_lat,meta_lon
1,4,66_70,23.99696,53.11716,20.90986,2.11253,5.33985,1.22577,0.06172,9.25907,15.30557,30.97781,2.0,0.70095,7.098072005,80.75604503
1,4,65_70,23.84051,54.35036,20.01871,1.51113,5.3945,1.25873,0.05892,8.00685,14.15983,29.81838,3.0,1.07428,7.109057005,80.74648203
1,4,66_70,23.99696,53.11716,20.90986,2.11253,5.33985,1.22577,0.06172,9.25907,15.30557,30.97781,2.0,0.6356,7.099661005,80.75574403
1,4,65_70,23.99696,53.11716,20.90986,2.11253,5.33985,1.22577,0.06172,9.25907,15.30557,30.97781,2.0,0.39824,7.098072005,80.75304503
1,3,67_72,22.30682,57.88093,18.38064,1.51489,5.55341,1.28142,0.05545,7.89976,14.52311,28.72892,1.0,5.44532,7.151015505,80.79085713
1,4,65_65,26.73848,50.65952,21.68395,2.32819,5.29774,1.14896,0.06968,3.71662,15.79075,29.35907,2.0,2.18474,6.977065005,80.74985393
1,2,64_62,28.20422,49.43531,22.07727,2.25526,5.21437,1.16299,0.06825,0.7582,14.56685,28.05312,1.0,4.51347,6.890737005,80.72254403
1,3,65_66,25.90272,51.73974,21.23204,2.30208,5.31695,1.16079,0.06869,4.58613,15.78921,29.25217,1.0,2.83402,6.993532005,80.74821703
1,1,70_68,18.935,59.17779,19.45601,2.13647,5.47946,1.19591,0.0645,17.60239,15.39197,35.16771,2.0,2.01075,7.038090005,80.86630003
1,4,66_70,23.99696,53.11716,20.90986,2.11253,5.33985,1.22577,0.06172,9.25907,15.30557,30.97781,2.0,0.6356,7.099661005,80.75574403
1,2,64_62,28.20422,49.43531,22.07727,2.25526,5.21437,1.16299,0.06825,0.7582,14.56685,28.05312,1.0,4.51347,6.890737005,80.72254403
1,1,65_62,28.43413,48.41606,22.7181,2.26628,5.27667,1.14763,0.07061,0.94969,15.336,28.48722,2.0,4.60603,6.889524005,80.73684503
1,2,64_62,28.77503,48.18956,22.7335,2.25649,5.28174,1.15004,0.0695,0.89282,15.33587,28.81794,1.0,4.64878,6.895791005,80.72445203
1,3,65_66,25.90272,51.73974,21.23204,2.30208,5.31695,1.16079,0.06869,4.58613,15.78921,29.25217,1.0,2.83402,6.993532005,80.74821703
1,4,63_67,25.22227,54.07939,19.67703,2.21092,5.32195,1.18887,0.06554,3.28557,14.69212,27.05575,1.0,4.30856,7.030550005,80.68245803
1,4,67_70,21.96456,57.07444,19.26019,1.48932,5.51593,1.27792,0.05702,9.61303,14.33592,29.85373,2.0,4.96618,7.11614226,80.79195458
1,2,61_66,24.15234,56.30496,18.65543,2.27063,5.26513,1.1887,0.06664,2.20715,14.61817,24.97054,1.0,5.08597,7.001066005,80.64278903
1,4,67_69,21.75756,56.41631,20.17712,2.08582,5.44384,1.22593,0.06194,10.17566,15.18086,30.4466,3.0,1.83783,7.070318605,80.80336643
1,3,65_66,24.97138,52.76223,21.36053,2.29716,5.28123,1.16673,0.06604,5.02123,15.65208,28.74883,1.0,3.26256,7.000015405,80.74390853
1,2,66_64,27.91366,48.4124,22.92944,2.24188,5.30958,1.13047,0.07306,3.05166,15.60973,30.13716,2.0,1.19002,6.942647705,80.77213563
1,4,67_65,26.55217,50.17258,22.22463,2.30459,5.26265,1.13945,0.07061,5.48296,15.84766,30.96726,1.0,0.53443,6.967873005,80.78369553
1,0,67_64,27.06117,49.23904,22.72717,2.15972,5.29643,1.12593,0.07512,4.13297,15.00636,30.36993,1.0,1.50632,6.938160005,80.80061453
1,4,67_65,26.55217,50.17258,22.22463,2.30459,5.26265,1.13945,0.07061,5.48296,15.84766,30.96726,1.0,0.53443,6.967873005,80.78369553
1,3,65_66,24.97138,52.76223,21.36053,2.29716,5.28123,1.16673,0.06604,5.02123,15.65208,28.74883,1.0,3.26256,7.000015405,80.74390853
1,2,66_64,27.91366,48.4124,22.92944,2.24188,5.30958,1.13047,0.07306,3.05166,15.60973,30.13716,2.0,1.19002,6.942647705,80.77213563
1,0,67_64,27.06117,49.23904,22.72717,2.15972,5.29643,1.12593,0.07512,4.13297,15.00636,30.36993,1.0,1.50632,6.938160005,80.80061453
1,1,68_66,23.16341,54.17563,20.99185,2.13715,5.37407,1.16522,0.06867,10.25481,15.38009,32.35806,2.0,2.63177,6.993731005,80.81819303
1,4,66_69,23.58312,53.86381,20.85088,2.14274,5.30717,1.21159,0.0629,9.23868,15.31111,31.0002,4.0,3.77546,7.082207005,80.77917003
1,4,64_64,29.0589,48.18431,22.4852,2.26966,5.28009,1.16106,0.06648,1.73758,15.45195,30.00779,3.0,1.70055,6.932980805,80.71509753
1,4,65_63,28.90101,47.55399,23.15212,2.25429,5.28223,1.14495,0.07057,1.31718,15.34021,29.47151,2.0,5.09553,6.914744005,80.75030773
1,0,58_68,22.67658,59.8658,16.50526,1.59633,5.29489,1.28226,0.06175,0.70977,12.99082,22.09113,2.0,3.21588,7.058036905,80.56091883
1,1,62_67,24.64539,55.44311,18.87262,2.24333,5.27837,1.1987,0.06666,2.71819,14.61729,25.92223,1.0,5.67272,7.033161605,80.64905643
1,1,65_71,23.70821,55.42167,19.40175,1.525,5.47023,1.26106,0.05702,6.14666,14.2202,28.28372,2.0,2.22241,7.137122578,80.73270628
1,1,65_71,23.70821,55.42167,19.40175,1.525,5.47023,1.26106,0.05702,6.14666,14.2202,28.28372,2.0,2.16952,7.137641292,80.73190799
1,1,65_71,23.70821,55.42167,19.40175,1.525,5.47023,1.26106,0.05702,6.14666,14.2202,28.28372,2.0,2.20434,7.137163705,80.73250473
1,0,64_72,23.56691,55.82398,19.15741,1.52077,5.48849,1.26355,0.05669,5.69382,14.22002,27.73713,2.0,2.58792,7.147669105,80.72791703
1,4,66_70,23.26308,54.84448,20.00308,1.51113,5.39772,1.25821,0.05821,9.40262,14.16452,30.5572,3.0,3.44958,7.112743645,80.7785045
1,4,67_69,22.01726,56.10996,20.11336,2.05889,5.47251,1.23857,0.06044,9.96214,15.17719,30.23936,3.0,3.42585,7.089283405,80.79572738
1,3,67_72,22.30682,57.88093,18.38064,1.51489,5.55341,1.28142,0.05545,7.89976,14.52311,28.72892,1.0,5.11321,7.156318938,80.79100803
1,0,59_63,21.03981,62.31809,15.4849,2.21426,5.08895,1.24315,0.06108,2.54235,13.40417,21.52606,2.0,2.3425,6.907193005,80.58993803
1,3,60_60,23.01688,59.1593,16.2429,2.28019,5.08971,1.23844,0.06155,3.81672,13.42999,23.4673,,3.73984,6.845037005,80.60706103
1,0,59_63,19.41821,64.85621,14.45646,2.19008,5.09355,1.25403,0.06049,2.71946,13.3976,20.15159,2.0,1.5148,6.913689005,80.57051103
1,0,59_68,23.78581,57.41691,17.89268,1.49587,5.41135,1.27055,0.0661,0.3064,13.45222,22.70608,3.0,2.65072,7.059299005,80.59209803
1,2,61_66,23.18124,57.91937,17.91698,2.24584,5.2809,1.1992,0.06661,2.02911,14.61286,23.78494,2.0,3.95005,7.007663005,80.62878003
1,3,61_68,24.20663,56.33922,18.38654,2.22019,5.29139,1.20942,0.06683,2.30862,14.61225,25.07158,2.0,6.02221,7.040869005,80.63208603
1,3,65_66,25.05182,52.82238,21.2727,2.29407,5.28777,1.171,0.06565,4.59461,15.65053,28.41171,1.0,3.22872,7.001006905,80.74219573
1,3,54_64,20.27246,64.61993,13.6622,2.02614,5.0702,1.26481,0.05926,3.54971,12.654,22.17145,2.0,3.89474,6.954726005,80.44545103
1,0,59_60,21.6308,61.50778,15.18799,2.20461,5.05972,1.25115,0.06189,3.65465,13.29903,21.66743,2.0,1.2135,6.846179405,80.57829173
1,0,59_60,21.6308,61.50778,15.18799,2.20461,5.05972,1.25115,0.06189,3.65465,13.29903,21.66743,2.0,1.17128,6.845077005,80.57939353
1,0,63_62,27.72595,50.78648,21.21138,2.24148,5.21649,1.17547,0.0655,0.75341,14.56012,27.32345,2.0,4.55415,6.883603905,80.69105113
1,2,66_64,27.91366,48.4124,22.92944,2.24188,5.30958,1.13047,0.07306,3.05166,15.60973,30.13716,1.0,0.69291,6.948162005,80.77400503
1,4,62_64,28.00367,51.11077,20.91267,2.29876,5.18133,1.18221,0.0638,0.11427,15.40485,27.29208,1.0,0.71563,6.929573005,80.66646203
1,2,69_67,20.52753,57.57856,19.80143,2.15013,5.45687,1.19002,0.06496,13.91472,15.39088,33.12336,2.0,0.88611,7.028838741,80.84206403
1,3,71_69,18.59488,60.57418,18.6324,2.17115,5.5256,1.225,0.0617,16.05942,15.73107,33.3261,4.0,6.70084,7.077901405,80.89291312
1,2,70_67,18.22246,59.42658,19.66469,2.14712,5.46718,1.19047,0.0655,20.38507,15.3944,37.21996,1.0,3.34121,7.026593725,80.88005025
1,3,70_66,19.42849,58.08323,20.02096,2.18293,5.42612,1.17551,0.06783,17.45563,15.39727,35.61278,2.0,3.33679,7.007333005,80.8699364
1,1,65_71,23.70821,55.42167,19.40175,1.525,5.47023,1.26106,0.05702,6.14666,14.2202,28.28372,2.0,2.16952,7.137641292,80.73190799
1,1,65_71,23.35209,55.86067,19.26493,1.52365,5.47989,1.26125,0.05613,6.79757,14.22297,28.53297,3.0,3.6705,7.141808271,80.74497703
1,1,65_71,23.70821,55.42167,19.40175,1.525,5.47023,1.26106,0.05702,6.14666,14.2202,28.28372,2.0,2.20434,7.137163705,80.73250473
1,1,65_71,23.70821,55.42167,19.40175,1.525,5.47023,1.26106,0.05702,6.14666,14.2202,28.28372,2.0,2.22241,7.137122578,80.73270628
1,4,65_63,28.8348,47.85898,22.96183,2.24984,5.28537,1.14766,0.0698,1.26927,15.33901,29.33163,2.0,4.65593,6.916167005,80.73979503
1,4,64_63,30.15616,47.01314,22.90089,2.28072,5.27331,1.15588,0.06619,0.64431,15.45023,30.1469,1.0,1.81468,6.914815005,80.70622693
1,2,66_60,26.39808,49.8037,22.93771,2.24491,5.22159,1.17052,0.07577,0.38369,14.09082,25.8427,2.0,3.13957,6.837591005,80.77555003
1,4,65_61,26.64325,50.80131,21.79983,2.28397,5.21319,1.15912,0.07165,1.0225,14.56796,26.57007,3.0,0.56592,6.854769005,80.74814203
1,0,67_64,29.74675,45.71689,24.17025,2.14988,5.28554,1.14571,0.07472,1.10355,15.03181,30.37457,1.0,2.1986,6.931648005,80.78765503
1,4,62_64,28.00367,51.11077,20.91267,2.29876,5.18133,1.18221,0.0638,0.11427,15.40485,27.29208,1.0,0.71563,6.929573005,80.66646203
1,2,66_64,27.91366,48.4124,22.92944,2.24188,5.30958,1.13047,0.07306,3.05166,15.60973,30.13716,1.0,0.69291,6.948162005,80.77400503
1,1,66_65,27.01344,49.96761,22.06689,2.34736,5.28097,1.13985,0.07132,3.97068,15.79455,29.95306,2.0,0.58823,6.963012805,80.76279763
1,4,64_63,29.20984,47.84135,22.81355,2.24629,5.28791,1.15277,0.0684,0.73247,15.33566,29.17385,1.0,3.20708,6.907369005,80.71815003
1,1,66_65,25.83836,51.24469,21.75042,2.27499,5.28258,1.15016,0.06886,6.19597,15.84481,30.82228,1.0,0.73543,6.980027005,80.77665603
1,2,65_64,27.98453,48.83812,22.60254,2.23355,5.31762,1.13696,0.07139,2.29726,15.60587,29.40978,2.0,3.02303,6.945282205,80.74962233
1,3,65_66,25.05182,52.82238,21.2727,2.29407,5.28777,1.171,0.06565,4.59461,15.65053,28.41171,1.0,2.63019,7.004732405,80.73825463
1,3,65_66,24.97138,52.76223,21.36053,2.29716,5.28123,1.16673,0.06604,5.02123,15.65208,28.74883,1.0,3.13963,6.998339005,80.74511203
1,0,63_62,27.72595,50.78648,21.21138,2.24148,5.21649,1.17547,0.0655,0.75341,14.56012,27.32345,2.0,4.55415,6.883603905,80.69105113
1,4,65_63,28.90101,47.55399,23.15212,2.25429,5.28223,1.14495,0.07057,1.31718,15.34021,29.47151,2.0,4.86984,6.918196605,80.74951543
1,4,64_64,27.84759,49.75966,21.9133,2.34192,5.29422,1.13728,0.06884,1.88437,15.78758,28.79405,2.0,3.51498,6.954496665,80.72027085
1,3,67_72,22.30682,57.88093,18.38064,1.51489,5.55341,1.28142,0.05545,7.89976,14.52311,28.72892,1.0,5.11321,7.156318938,80.79100803
1,4,67_70,22.34728,56.3882,19.48621,1.48829,5.51044,1.27861,0.05727,9.46538,14.33497,29.94818,3.0,4.41399,7.113456683,80.7876209
1,4,66_70,23.26308,54.84448,20.00308,1.51113,5.39772,1.25821,0.05821,9.40262,14.16452,30.5572,3.0,3.44958,7.112743645,80.7785045
1,0,59_60,22.43938,60.34299,15.35146,2.27098,5.0889,1.24842,0.06057,4.18912,13.42483,22.58157,3.0,1.63227,6.828322505,80.58569743
1,1,56_67,19.371,65.44316,13.84134,1.563,5.21907,1.29479,0.06123,3.16026,12.12759,21.02589,1.0,1.79696,7.012091005,80.49225103
1,0,59_60,21.6308,61.50778,15.18799,2.20461,5.05972,1.25115,0.06189,3.65465,13.29903,21.66743,2.0,1.2135,6.846179405,80.57829173
1,0,59_60,21.6308,61.50778,15.18799,2.20461,5.05972,1.25115,0.06189,3.65465,13.29903,21.66743,2.0,1.17128,6.845077005,80.57939353
1,0,59_63,21.03981,62.31809,15.4849,2.21426,5.08895,1.24315,0.06108,2.54235,13.40417,21.52606,2.0,2.3425,6.907193005,80.58993803
1,1,56_67,19.75683,64.74328,14.33564,2.13463,5.15926,1.268,0.06458,1.64977,12.79054,19.9852,1.0,3.24353,7.012447005,80.50738203
1,3,54_64,20.20901,64.57831,13.77855,2.03141,5.07949,1.26276,0.0595,3.37971,12.65533,21.91496,2.0,3.51307,6.951349005,80.45626403
1,0,55_66,20.38757,63.65615,14.55906,1.48841,5.16772,1.3064,0.06023,3.56037,12.30014,22.41836,2.0,0.846,6.999911405,80.47276743
1,3,54_66,20.27642,64.13594,14.15052,1.49434,5.13776,1.27099,0.0589,3.9931,12.29797,22.68633,,1.92986,6.983517305,80.45289223
1,1,66_65,26.20026,51.19955,21.50544,2.31801,5.30299,1.1531,0.0697,4.58771,15.79154,29.61359,2.0,1.32442,6.979698005,80.75801703
1,4,67_65,25.31296,51.53587,21.78987,2.29287,5.26641,1.14188,0.07054,7.4614,15.84981,31.58435,2.0,1.01357,6.974164885,80.8005945
1,1,62_67,25.2366,54.24916,19.64559,2.23104,5.30944,1.18197,0.06556,2.73059,14.69228,26.5901,2.0,5.79973,7.012070215,80.66810842
1,1,61_69,24.09091,55.99996,18.96648,1.49534,5.36692,1.24741,0.06483,2.53363,14.2179,25.70058,2.0,3.71571,7.070136105,80.63458203
1,0,59_68,23.78581,57.41691,17.89268,1.49587,5.41135,1.27055,0.0661,0.3064,13.45222,22.70608,3.0,2.65072,7.059299005,80.59209803
1,2,61_66,23.18124,57.91937,17.91698,2.24584,5.2809,1.1992,0.06661,2.02911,14.61286,23.78494,2.0,3.95005,7.007663005,80.62878003
1,4,62_69,24.45845,55.30863,19.17138,1.49063,5.38533,1.24886,0.06476,2.88488,14.22084,26.30622,1.0,1.82416,7.083520005,80.64927003
1,4,62_64,27.27088,52.11171,20.62275,2.27821,5.13289,1.18045,0.06417,0.2205,15.04669,26.66853,1.0,0.58684,6.933963005,80.66353203
1,3,65_66,25.05182,52.82238,21.2727,2.29407,5.28777,1.171,0.06565,4.59461,15.65053,28.41171,1.0,3.22872,7.001006905,80.74219573
1,1,60_63,21.20968,61.89845,15.84244,2.21417,5.09602,1.23914,0.06153,2.32927,13.40619,21.68081,2.0,1.78858,6.915221005,80.59841003
1,2,66_64,27.91366,48.4124,22.92944,2.24188,5.30958,1.13047,0.07306,3.05166,15.60973,30.13716,2.0,0.70587,6.948491605,80.77379283
1,2,65_64,27.98884,48.649,22.73204,2.23687,5.31436,1.13513,0.07199,2.51712,15.60719,29.64813,2.0,2.5417,6.947145005,80.75452403
1,1,66_65,26.29562,50.65081,21.98572,2.28885,5.27388,1.14436,0.06954,5.60988,15.84553,30.77012,2.0,0.83713,6.977014905,80.77800822
1,1,66_65,27.01344,49.96761,22.06689,2.34736,5.28097,1.13985,0.07132,3.97068,15.79455,29.95306,2.0,0.63559,6.963083815,80.76216875
1,0,58_68,22.11275,60.69628,16.22204,1.60028,5.29247,1.28129,0.06105,0.81228,12.99045,21.60677,4.0,2.79688,7.053530005,80.55928503
1,4,61_67,23.664,57.22579,18.06889,2.22479,5.2897,1.20876,0.06683,2.10143,14.61111,24.32909,2.0,5.24557,7.031569005,80.62808703
1,3,61_68,24.20663,56.33922,18.38654,2.22019,5.29139,1.20942,0.06683,2.30862,14.61225,25.07158,2.0,6.02221,7.040869005,80.63208603
1,0,67_64,29.74675,45.71689,24.17025,2.14988,5.28554,1.14571,0.07472,1.10355,15.03181,30.37457,1.0,2.1986,6.931648005,80.78765503
1,4,62_69,24.37349,55.2659,19.28571,1.49757,5.37617,1.2439,0.06427,3.29207,14.22292,26.60687,2.0,0.51134,7.076794745,80.66666353
1,4,62_69,24.68674,54.92613,19.32407,2.07121,5.31354,1.21078,0.06745,2.65051,14.58241,26.25882,2.0,0.86368,7.072202005,80.67044003
1,4,61_67,23.18124,57.91937,17.91698,2.24584,5.2809,1.1992,0.06661,2.02911,14.61286,23.78494,3.0,4.31146,7.015970005,80.62640303
1,4,61_67,23.18124,57.91937,17.91698,2.24584,5.2809,1.1992,0.06661,2.02911,14.61286,23.78494,3.0,4.46249,7.016578005,80.62771403
1,4,64_63,28.94078,47.961,22.83929,2.25119,5.2846,1.1499,0.06925,0.95395,15.33687,29.10022,1.0,4.2252,6.904233005,80.72823303
1,1,62_67,24.93742,54.888,19.07345,2.23801,5.28136,1.20004,0.0666,3.06118,14.61837,26.52714,2.0,5.03133,7.035860005,80.65895203
1,4,65_72,23.30955,56.28362,18.94079,1.51808,5.50357,1.26476,0.05602,5.72606,14.22137,27.52154,2.0,4.25539,7.15704917,80.74032853
1,3,64_71,23.94448,55.414,19.28752,1.52255,5.4765,1.26328,0.05759,5.13648,14.21709,27.64363,3.0,0.54395,7.133342105,80.71412455
1,1,70_68,20.24214,57.86399,19.70049,2.21124,5.45433,1.2023,0.06343,15.77016,16.04201,34.67698,2.0,4.25238,7.059806905,80.87432003
1,4,67_70,21.54209,56.98032,19.75985,2.04901,5.49355,1.24283,0.05964,10.07931,15.17687,29.9697,4.0,3.31641,7.094966605,80.80336603
1,0,59_63,21.41122,61.5727,15.98941,2.22945,5.0841,1.23791,0.06248,2.05617,14.12648,21.55467,2.0,2.65775,6.909254315,80.59219591
1,0,56_65,18.69336,66.58526,13.47249,2.17919,5.12207,1.24163,0.06225,2.13308,12.79053,19.1252,2.0,2.06484,6.958703005,80.50346703
1,4,55_64,20.10199,64.65062,13.81913,2.05288,5.07752,1.25457,0.0592,3.23639,12.65786,21.54708,2.0,3.11933,6.934072005,80.46866003
1,4,67_65,26.06553,50.48616,22.22519,2.23094,5.31431,1.13463,0.07373,5.53127,15.6133,30.59453,1.0,1.02076,6.958703005,80.80501921
1,4,58_61,21.07797,62.74205,14.71538,2.22912,5.05324,1.25402,0.06071,2.97094,14.11771,21.28484,3.0,1.03254,6.873760005,80.56144803
1,1,55_63,20.08281,64.56347,13.92941,2.06682,5.08113,1.24908,0.05929,3.09821,12.65993,21.30338,2.0,2.3847,6.926247005,80.47198403
1,0,56_65,18.69336,66.58526,13.47249,2.17919,5.12207,1.24163,0.06225,2.13308,12.79053,19.1252,2.0,2.06484,6.958703005,80.50346703
1,1,56_67,19.371,65.44316,13.84134,1.563,5.21907,1.29479,0.06123,3.16026,12.12759,21.02589,1.0,1.75248,7.012408911,80.49137553
1,0,59_63,20.49526,63.22896,15.04664,2.2062,5.08802,1.24807,0.06073,2.67719,13.40134,21.07138,2.0,0.93716,6.906205435,80.57577573
1,4,67_65,25.31296,51.53587,21.78987,2.29287,5.26641,1.14188,0.07054,7.4614,15.84981,31.58435,2.0,1.67983,6.978680005,80.80752303
1,0,55_66,20.31947,63.90936,14.35242,1.49138,5.15296,1.27155,0.05956,3.78202,12.29904,22.54275,2.0,1.89152,6.994091005,80.46029503
1,2,68_71,22.0391,57.1759,19.30158,2.11766,5.47512,1.24376,0.05889,9.39915,15.66938,29.99444,,5.96879,7.123746105,80.81501259
1,2,69_66,20.40003,57.38933,20.02796,2.17392,5.43256,1.17929,0.06677,14.79402,15.39441,33.94045,1.0,2.3239,7.009607005,80.85508103
1,0,68_70,20.61907,58.77382,19.02855,2.03059,5.53828,1.2513,0.05786,10.09894,15.17596,29.27549,2.0,5.05217,7.115556205,80.82653603
1,2,66_64,27.66862,48.59351,22.90384,2.2432,5.30847,1.12996,0.07352,3.48018,15.61095,30.31234,1.0,0.7681,6.943256324,80.78166582
1,2,66_64,27.91366,48.4124,22.92944,2.24188,5.30958,1.13047,0.07306,3.05166,15.60973,30.13716,2.0,0.65588,6.948925196,80.7741625
1,4,62_64,26.59725,53.24107,20.06244,2.27888,5.13045,1.18833,0.0635,0.28736,15.04422,25.90013,1.0,0.05243,6.930089005,80.65046603
1,1,63_63,30.02915,48.34631,21.99473,2.32849,5.19074,1.16654,0.06088,-0.02183,15.301,29.4521,1.0,1.59309,6.927430914,80.67418576
1,4,62_64,27.27088,52.11171,20.62275,2.27821,5.13289,1.18045,0.06417,0.2205,15.04669,26.66853,1.0,0.59424,6.933963005,80.66363203
1,3,61_63,25.75612,54.66734,19.16414,2.26604,5.14137,1.19569,0.06396,0.76296,14.78478,25.24354,1.0,1.91106,6.915827762,80.64010285
1,3,71_67,16.17254,60.26237,20.24351,2.17365,5.4211,1.19905,0.06741,27.18223,15.85155,41.90933,2.0,4.30585,7.013176405,80.90959813
1,3,63_64,29.80849,48.18089,22.16662,2.33265,5.19123,1.16913,0.0624,0.66647,15.30552,29.8901,1.0,1.38104,6.937786335,80.69022831
1,3,63_64,29.80849,48.18089,22.16662,2.33265,5.19123,1.16913,0.0624,0.66647,15.30552,29.8901,1.0,1.38572,6.937572805,80.69000845
1,3,61_63,23.79791,57.7951,17.71883,2.25323,5.08011,1.22059,0.0637,1.47327,14.1359,23.63777,3.0,1.76594,6.904038615,80.62051568
1,4,67_66,24.52839,52.53154,21.41568,2.26584,5.28258,1.15263,0.06913,8.68826,15.84848,31.89363,2.0,1.17938,6.993287005,80.79933003
1,3,62_63,26.56259,53.17644,20.0358,2.22366,5.20028,1.19098,0.06431,0.3852,14.77504,25.76528,1.0,2.65343,6.906458386,80.65535205
1,2,69_66,21.81663,55.60557,20.6023,2.12261,5.39248,1.17107,0.06817,12.90454,15.38101,33.55426,1.0,3.45091,6.999860485,80.8419001
1,4,69_71,20.21222,59.17398,18.99965,2.07118,5.53463,1.24706,0.0588,10.83196,15.69993,29.75807,2.0,5.86949,7.118429048,80.85174793
1,0,67_64,27.21895,49.06576,22.75788,2.24358,5.30835,1.12993,0.07393,4.06117,15.61212,30.41022,2.0,1.02506,6.945258426,80.79229415
1,1,71_66,16.95191,59.89619,20.09328,2.02589,5.43509,1.19484,0.06824,23.64122,15.18583,39.21281,1.0,4.03089,7.005952205,80.89397958
1,1,66_65,26.81688,49.96519,22.25775,2.30278,5.26545,1.1386,0.07023,4.96123,15.84624,30.72396,1.0,0.13886,6.968639605,80.78003723
1,3,64_71,23.94448,55.414,19.28752,1.52255,5.4765,1.26328,0.05759,5.13648,14.21709,27.64363,3.0,0.54395,7.133342105,80.71412455
1,3,67_72,22.07476,58.40295,18.11376,1.4736,5.6021,1.28679,0.05371,8.29239,14.13178,28.97662,2.0,3.20877,7.162215477,80.80774003
1,2,67_71,22.90186,56.39347,19.09398,1.52434,5.50772,1.27463,0.05709,8.43175,14.52506,29.63132,2.0,5.18938,7.131010005,80.78526203
1,1,68_72,21.09129,59.32441,18.2034,1.50254,5.58312,1.28764,0.05499,8.78111,14.85678,28.60171,3.0,3.12925,7.152354005,80.82324403
1,4,67_69,22.42737,55.46066,20.37519,2.0696,5.4537,1.23393,0.06115,9.59242,15.1775,30.27143,2.0,4.151,7.076356005,80.78296603
1,2,67_71,22.90186,56.39347,19.09398,1.52434,5.50772,1.27463,0.05709,8.43175,14.52506,29.63132,2.0,5.15873,7.131516005,80.78443403
1,4,66_62,28.80627,47.48202,23.18531,2.24392,5.24349,1.13937,0.07254,1.15515,14.85108,29.20373,4.0,3.79422,6.886866855,80.76626625
1,1,60_65,20.00316,63.22983,15.84678,2.30037,5.13867,1.2074,0.06416,1.75024,13.42697,20.31248,2.0,3.20083,6.958591005,80.60945003
1,4,67_66,24.52839,52.53154,21.41568,2.26584,5.28258,1.15263,0.06913,8.68826,15.84848,31.89363,1.0,1.65817,6.989614005,80.80162903
1,2,67_71,22.90186,56.39347,19.09398,1.52434,5.50772,1.27463,0.05709,8.43175,14.52506,29.63132,2.0,5.18938,7.131010005,80.78526203
1,1,68_72,21.09129,59.32441,18.2034,1.50254,5.58312,1.28764,0.05499,8.78111,14.85678,28.60171,3.0,3.12925,7.152354005,80.82324403
1,4,67_69,22.42737,55.46066,20.37519,2.0696,5.4537,1.23393,0.06115,9.59242,15.1775,30.27143,2.0,4.151,7.076356005,80.78296603
1,2,67_71,22.90186,56.39347,19.09398,1.52434,5.50772,1.27463,0.05709,8.43175,14.52506,29.63132,2.0,5.15873,7.131516005,80.78443403
1,1,60_65,20.00316,63.22983,15.84678,2.30037,5.13867,1.2074,0.06416,1.75024,13.42697,20.31248,2.0,3.20083,6.958591005,80.60945003
1,4,67_65,25.31296,51.53587,21.78987,2.29287,5.26641,1.14188,0.07054,7.4614,15.84981,31.58435,2.0,1.73821,6.978855005,80.80700203
1,4,67_65,25.31296,51.53587,21.78987,2.29287,5.26641,1.14188,0.07054,7.4614,15.84981,31.58435,2.0,1.67983,6.978680005,80.80752303
1,4,67_65,26.06553,50.48616,22.22519,2.23094,5.31431,1.13463,0.07373,5.53127,15.6133,30.59453,1.0,1.02076,6.958703005,80.80501921
1,0,56_65,18.69336,66.58526,13.47249,2.17919,5.12207,1.24163,0.06225,2.13308,12.79053,19.1252,2.0,2.06484,6.958703005,80.50346703
1,0,56_65,18.69336,66.58526,13.47249,2.17919,5.12207,1.24163,0.06225,2.13308,12.79053,19.1252,2.0,2.06484,6.958703005,80.50346703
1,1,55_63,20.08281,64.56347,13.92941,2.06682,5.08113,1.24908,0.05929,3.09821,12.65993,21.30338,2.0,2.3847,6.926247005,80.47198403
1,4,69_71,19.34558,61.11978,18.07371,1.49432,5.61557,1.29892,0.05466,10.7614,14.71069,28.88795,2.0,5.12514,7.139494005,80.85435103
1,1,70_69,19.91806,58.55196,19.36085,2.19822,5.48008,1.20944,0.06233,15.61061,16.03983,34.20533,2.0,4.83834,7.069427805,80.87701288
1,2,69_66,20.40003,57.38933,20.02796,2.17392,5.43256,1.17929,0.06677,14.79402,15.39441,33.94045,1.0,2.3239,7.009607005,80.85508103
1,1,71_66,16.95191,59.89619,20.09328,2.02589,5.43509,1.19484,0.06824,23.64122,15.18583,39.21281,1.0,3.57337,7.002293605,80.89883693
1,0,68_70,20.28277,59.26378,18.89655,2.03228,5.54226,1.25091,0.05776,10.41831,15.1766,29.32341,4.0,5.2687,7.117598175,80.83212536
1,2,68_71,21.69544,57.68391,19.16762,2.11855,5.48222,1.24393,0.05858,9.70356,15.66968,30.0237,2.0,6.10305,7.125204491,80.82146956
1,4,67_69,22.01726,56.10996,20.11336,2.05889,5.47251,1.23857,0.06044,9.96214,15.17719,30.23936,4.0,3.0207,7.087572605,80.79906421
1,4,67_69,21.75756,56.41631,20.17712,2.08582,5.44384,1.22593,0.06194,10.17566,15.18086,30.4466,3.0,1.38587,7.068331505,80.80756635
1,0,67_64,27.06117,49.23904,22.72717,2.15972,5.29643,1.12593,0.07512,4.13297,15.00636,30.36993,2.0,1.95252,6.934981005,80.80471103
1,1,66_65,26.29562,50.65081,21.98572,2.28885,5.27388,1.14436,0.06954,5.60988,15.84553,30.77012,1.0,0.47933,6.976250027,80.77217592
1,4,62_64,27.27088,52.11171,20.62275,2.27821,5.13289,1.18045,0.06417,0.2205,15.04669,26.66853,1.0,0.45002,6.934068459,80.65990492
1,2,66_64,27.66862,48.59351,22.90384,2.2432,5.30847,1.12996,0.07352,3.48018,15.61095,30.31234,1.0,0.7681,6.943256324,80.78166582
1,2,66_60,26.34103,50.28119,22.48283,2.2406,5.2221,1.17357,0.07479,1.00296,14.0898,26.28933,2.0,2.48751,6.832964755,80.76469892
1,1,60_65,20.76651,61.78095,16.66133,2.26064,5.18247,1.19787,0.06418,0.89241,14.13347,20.25937,2.0,3.29919,6.958026445,80.6152174
1,2,67_71,22.11406,57.84557,18.57128,1.52007,5.53902,1.27858,0.05572,8.70524,14.52501,29.31558,1.0,5.24533,7.142815005,80.80100003
1,4,66_71,23.07129,55.59876,19.58225,1.5073,5.41537,1.26063,0.05772,8.65749,14.164,29.81326,2.0,4.07691,7.124875705,80.77724143
1,4,62_64,28.75088,49.98553,21.32482,2.31992,5.19996,1.1688,0.0608,0.69882,15.30076,28.72753,1.0,1.30487,6.938212405,80.66945526
1,0,64_72,23.56691,55.82398,19.15741,1.52077,5.48849,1.26355,0.05669,5.69382,14.22002,27.73713,2.0,2.58792,7.147669105,80.72791703
1,0,56_65,18.69336,66.58526,13.47249,2.17919,5.12207,1.24163,0.06225,2.13308,12.79053,19.1252,2.0,2.06484,6.958703005,80.50346703
1,2,60_61,23.36608,58.38895,17.03335,2.25652,5.17821,1.22431,0.06148,2.63309,14.24282,23.5128,2.0,1.25682,6.872763705,80.61102519
1,1,55_63,20.08281,64.56347,13.92941,2.06682,5.08113,1.24908,0.05929,3.09821,12.65993,21.30338,2.0,2.3847,6.926247005,80.47198403
1,1,56_67,19.371,65.44316,13.84134,1.563,5.21907,1.29479,0.06123,3.16026,12.12759,21.02589,1.0,1.75248,7.012408911,80.49137553
1,4,67_65,26.06553,50.48616,22.22519,2.23094,5.31431,1.13463,0.07373,5.53127,15.6133,30.59453,1.0,1.02076,6.958703005,80.80501921
1,0,56_64,19.81106,64.83417,14.10397,2.16023,5.08178,1.23848,0.06073,1.80875,12.65504,19.87491,1.0,2.45233,6.948301805,80.49787183
1,1,68_72,21.09129,59.32441,18.2034,1.50254,5.58312,1.28764,0.05499,8.78111,14.85678,28.60171,3.0,3.07572,7.152894435,80.82311923
1,2,67_71,21.82128,57.58043,18.97151,1.48507,5.53371,1.28112,0.05647,9.16466,14.33533,29.3471,2.0,5.07806,7.121655875,80.79053943
1,1,68_72,21.09129,59.32441,18.2034,1.50254,5.58312,1.28764,0.05499,8.78111,14.85678,28.60171,3.0,3.12925,7.152354005,80.82324403
1,3,61_63,25.75612,54.66734,19.16414,2.26604,5.14137,1.19569,0.06396,0.76296,14.78478,25.24354,1.0,1.91106,6.915827762,80.64010285
1,2,67_71,22.90186,56.39347,19.09398,1.52434,5.50772,1.27463,0.05709,8.43175,14.52506,29.63132,2.0,5.18641,7.131010005,80.78522623
1,2,67_71,22.90186,56.39347,19.09398,1.52434,5.50772,1.27463,0.05709,8.43175,14.52506,29.63132,2.0,5.43827,7.135150005,80.78443403
1,0,59_63,19.41821,64.85621,14.45646,2.19008,5.09355,1.25403,0.06049,2.71946,13.3976,20.15159,2.0,1.65759,6.914956005,80.56899303
1,1,62_67,24.91782,54.91101,19.12293,2.24957,5.27423,1.19537,0.06665,2.97474,14.61937,26.44496,1.0,6.0048,7.026374005,80.66144903
1,4,62_69,24.43941,55.20839,19.24538,1.49271,5.38624,1.24692,0.06445,3.19742,14.22261,26.55411,2.0,1.21941,7.082876305,80.65934333
1,4,67_66,24.87963,52.20982,21.4818,2.26463,5.28515,1.15359,0.06885,7.97157,15.84702,31.54203,1.0,1.43623,6.990498905,80.79916312
1,0,55_66,20.38757,63.65615,14.55906,1.48841,5.16772,1.3064,0.06023,3.56037,12.30014,22.41836,2.0,0.84678,6.999635005,80.47280603
1,0,67_64,27.21895,49.06576,22.75788,2.24358,5.30835,1.12993,0.07393,4.06117,15.61212,30.41022,2.0,1.02506,6.945258426,80.79229415
1,4,62_69,24.63615,55.15521,19.18604,2.06666,5.31426,1.2133,0.06759,2.31198,14.58036,25.91214,2.0,1.49031,7.071395005,80.65961703
1,3,65_66,25.05182,52.82238,21.2727,2.29407,5.28777,1.171,0.06565,4.59461,15.65053,28.41171,1.0,2.20607,7.005276005,80.73347303
1,1,66_65,26.29562,50.65081,21.98572,2.28885,5.27388,1.14436,0.06954,5.60988,15.84553,30.77012,2.0,0.74938,6.975556805,80.77512103
1,1,68_66,24.13154,52.9104,21.33104,2.26673,5.28038,1.15182,0.06939,9.47479,15.84994,32.26796,2.0,2.59967,6.993434005,80.81811933
1,3,61_63,23.79791,57.7951,17.71883,2.25323,5.08011,1.22059,0.0637,1.47327,14.1359,23.63777,3.0,1.76594,6.904038615,80.62051568
1,4,66_62,28.80627,47.48202,23.18531,2.24392,5.24349,1.13937,0.07254,1.15515,14.85108,29.20373,4.0,3.79422,6.886866855,80.76626625
1,4,65_63,28.90322,47.56249,23.14772,2.26061,5.27834,1.14427,0.07087,1.09223,15.33925,29.23659,1.0,5.97241,6.905138005,80.74798003
1,3,64_61,27.31763,50.64157,21.52935,2.26203,5.2128,1.16577,0.06851,1.04269,14.56485,27.23437,2.0,1.88032,6.866725185,80.71693103
1,4,67_66,24.52839,52.53154,21.41568,2.26584,5.28258,1.15263,0.06913,8.68826,15.84848,31.89363,2.0,1.17938,6.993287005,80.79933003
1,1,66_65,26.50711,50.64088,21.78694,2.33394,5.28995,1.14567,0.07075,4.53456,15.79383,29.93312,1.0,0.3569,6.976798005,80.77040503
1,4,62_62,27.49377,51.6869,20.71765,2.21619,5.22865,1.18777,0.06267,0.45588,14.55522,26.83,1.0,2.20319,6.897991005,80.65856603
1,2,66_64,27.66862,48.59351,22.90384,2.2432,5.30847,1.12996,0.07352,3.48018,15.61095,30.31234,1.0,0.77946,6.943131005,80.78158303
1,4,62_62,27.49377,51.6869,20.71765,2.21619,5.22865,1.18777,0.06267,0.45588,14.55522,26.83,1.0,2.20183,6.897974005,80.65857303
1,4,64_63,28.94078,47.961,22.83929,2.25119,5.2846,1.1499,0.06925,0.95395,15.33687,29.10022,1.0,4.12357,6.905770005,80.72836503
1,1,60_65,20.00316,63.22983,15.84678,2.30037,5.13867,1.2074,0.06416,1.75024,13.42697,20.31248,2.0,3.20083,6.958591005,80.60945003
1,1,68_64,25.97817,50.50678,22.25715,2.24201,5.31053,1.13111,0.07459,5.48775,15.61433,30.49008,1.0,2.02435,6.943131005,80.81583003
1,4,62_69,24.63615,55.15521,19.18604,2.06666,5.31426,1.2133,0.06759,2.31198,14.58036,25.91214,2.0,1.49031,7.071395005,80.65961703
1,4,62_69,24.63615,55.15521,19.18604,2.06666,5.31426,1.2133,0.06759,2.31198,14.58036,25.91214,2.0,1.46699,7.069238005,80.66223503
1,4,62_69,24.37349,55.2659,19.28571,1.49757,5.37617,1.2439,0.06427,3.29207,14.22292,26.60687,2.0,0.66434,7.077333405,80.66461093
1,3,54_66,20.27642,64.13594,14.15052,1.49434,5.13776,1.27099,0.0589,3.9931,12.29797,22.68633,1.0,2.01604,6.986939005,80.45312703
1,0,56_64,19.66283,64.93089,14.15549,2.17416,5.08727,1.22437,0.0607,1.75582,12.65711,19.59667,2.0,1.60289,6.939347005,80.51016303
1,1,65_62,28.10341,48.854,22.53543,2.27046,5.27565,1.14872,0.07084,0.97598,15.33487,28.10826,1.0,3.90619,6.882365005,80.73583803
1,4,61_64,23.85215,57.16554,18.46372,2.2608,5.16793,1.21018,0.06518,0.58727,14.58498,23.08554,1.0,1.94767,6.932395005,80.63253803
1,4,67_70,21.54209,56.98032,19.75985,2.04901,5.49355,1.24283,0.05964,10.07931,15.17687,29.9697,4.0,3.80513,7.100770005,80.80458003
1,1,67_68,21.95016,56.06994,20.42608,2.11196,5.41363,1.21384,0.06344,9.94954,15.18362,30.57174,3.0,2.64828,7.053534905,80.80259173
1,1,66_65,26.29562,50.65081,21.98572,2.28885,5.27388,1.14436,0.06954,5.60988,15.84553,30.77012,2.0,0.44992,6.973584774,80.77950513
1,1,63_63,31.00499,46.42101,23.15548,2.29578,5.23716,1.16038,0.06379,-0.55621,15.16809,30.12281,1.0,1.56921,6.925574005,80.68650764
1,2,64_62,27.8124,50.2096,21.63607,2.25322,5.21392,1.1677,0.06741,0.83296,14.56402,27.59263,2.0,3.6389,6.881838105,80.71167493
1,3,71_70,17.29214,63.0627,17.83711,1.49981,5.59983,1.29196,0.05684,14.18343,14.41314,30.28739,2.0,8.63004,7.105842005,80.90088803
1,4,67_70,21.95056,56.2881,19.97656,2.04693,5.4896,1.24395,0.05969,9.92764,15.17595,30.08385,3.0,3.93294,7.097238205,80.79710629
1,2,69_66,21.81663,55.60557,20.6023,2.12261,5.39248,1.17107,0.06817,12.90454,15.38101,33.55426,2.0,3.22666,7.003099845,80.83868463
1,0,61_60,24.48647,56.42818,17.87716,2.3027,5.09226,1.21666,0.06367,3.25776,13.44079,25.19078,2.0,3.11045,6.845452005,80.64374103
1,1,56_66,19.371,65.44316,13.84134,1.563,5.21907,1.29479,0.06123,3.16026,12.12759,21.02589,1.0,1.29368,7.009500005,80.48841203
1,3,54_66,20.49879,63.85738,14.18967,1.48885,5.13431,1.30843,0.05939,4.16675,12.29715,23.12216,3.0,3.00792,6.992719005,80.44593603
1,1,56_67,19.67694,64.95882,14.02813,1.55904,5.22352,1.32236,0.06186,3.09667,12.12789,21.29682,1.0,1.97322,7.016955005,80.48838503
1,1,56_66,18.79304,66.09903,13.72496,2.05136,5.17574,1.28754,0.06217,3.14184,12.79587,20.34293,2.0,2.47521,6.985350005,80.49633803
1,4,60_62,22.11106,60.66133,16.11188,2.24383,5.07218,1.2364,0.06234,2.22464,14.12761,22.09269,2.0,1.04406,6.887498005,80.59885203
1,1,56_67,19.371,65.44316,13.84134,1.563,5.21907,1.29479,0.06123,3.16026,12.12759,21.02589,1.0,1.78595,7.014072005,80.48986703
1,3,60_60,23.34697,58.58636,16.46271,2.28648,5.09462,1.23577,0.062,3.83575,13.4326,23.74434,1.0,4.21043,6.835288005,80.61434403
1,4,60_62,21.79866,61.06427,16.07253,2.2368,5.0779,1.23699,0.0624,2.1321,14.12706,21.86204,2.0,2.24909,6.897592645,80.59457731
1,3,54_64,20.20901,64.57831,13.77855,2.03141,5.07949,1.26276,0.0595,3.37971,12.65533,21.91496,4.0,3.22702,6.954743405,80.45537003
1,4,60_62,22.70368,59.68487,16.58651,2.25147,5.07199,1.2311,0.06274,2.05535,14.13058,22.6004,2.0,1.5003,6.891847005,80.60228003
1,0,56_65,18.99537,66.06401,13.72324,2.15438,5.137,1.28511,0.0632,1.98106,12.78955,19.43513,3.0,2.19022,6.981191005,80.50364503
1,0,56_65,18.6401,66.36114,13.60984,2.0599,5.17005,1.28484,0.0618,3.16925,12.79614,20.17412,2.0,2.43446,6.971622005,80.49037503
1,0,56_65,18.80958,66.35986,13.60171,2.16252,5.13234,1.28239,0.06282,2.03931,12.7898,19.26168,3.0,1.96229,6.975180505,80.50301423
1,0,68_70,20.28277,59.26378,18.89655,2.03228,5.54226,1.25091,0.05776,10.41831,15.1766,29.32341,4.0,5.26203,7.117553005,80.83175103
1,3,71_70,17.29214,63.0627,17.83711,1.49981,5.59983,1.29196,0.05684,14.18343,14.41314,30.28739,2.0,8.63004,7.105842005,80.90088803
1,4,67_70,21.54209,56.98032,19.75985,2.04901,5.49355,1.24283,0.05964,10.07931,15.17687,29.9697,4.0,3.31641,7.094966605,80.80336603
1,1,70_69,18.59894,60.86542,18.42441,2.15956,5.54374,1.23143,0.06075,15.34946,15.72842,32.6315,4.0,6.51922,7.085181505,80.88934003
1,1,66_65,26.20026,51.19955,21.50544,2.31801,5.30299,1.1531,0.0697,4.58771,15.79154,29.61359,2.0,0.97109,6.981818066,80.76140143
1,1,60_63,21.20968,61.89845,15.84244,2.21417,5.09602,1.23914,0.06153,2.32927,13.40619,21.68081,2.0,1.88303,6.914303345,80.59837849
1,2,64_62,28.90631,48.74062,22.30186,2.24558,5.21651,1.16546,0.06707,0.43557,14.56593,28.56075,1.0,4.08615,6.895202365,80.71244077
1,4,64_63,29.2344,47.78932,22.85389,2.24055,5.29194,1.15315,0.06817,0.85061,15.33657,29.35392,1.0,2.8073,6.920079691,80.72338485
1,1,68_69,21.23809,57.32239,19.75404,2.06267,5.47999,1.23651,0.0604,10.51138,15.17907,30.22499,1.0,2.2094,7.089616005,80.81620003
1,1,60_63,21.74807,60.91861,16.4288,2.22951,5.08994,1.23351,0.06297,1.83388,14.12899,21.87639,3.0,1.05175,6.921861181,80.60996471
1,1,71_66,17.61721,59.35479,20.14319,2.0294,5.43005,1.19192,0.06829,21.86824,15.18598,38.13731,1.0,4.01416,7.005473005,80.89228603
1,1,70_69,18.59488,60.57418,18.6324,2.17115,5.5256,1.225,0.0617,16.05942,15.73107,33.3261,3.0,6.56291,7.082383225,80.89059832
1,4,64_63,28.94141,47.94221,22.86013,2.24525,5.28862,1.1504,0.069,1.11447,15.3378,29.28718,1.0,3.37568,6.914556955,80.72635095
1,1,66_65,27.2113,49.36278,22.53472,2.22925,5.3159,1.13526,0.07251,3.82686,15.60966,30.10894,2.0,1.16043,6.956636895,80.77186511
1,4,69_71,19.87321,59.64244,18.8652,2.07066,5.54187,1.24795,0.05865,11.13063,15.69958,29.75575,2.0,6.27158,7.119349897,80.85797894
1,1,66_65,26.29562,50.65081,21.98572,2.28885,5.27388,1.14436,0.06954,5.60988,15.84553,30.77012,2.0,0.44992,6.973584774,80.77950513
1,0,60_67,22.34609,60.26379,16.47152,2.16708,5.2504,1.21726,0.06247,0.3124,13.35335,21.34929,3.0,2.76196,7.034838005,80.60018703
1,4,61_67,24.34254,56.01035,18.61212,2.2371,5.28234,1.20206,0.06669,2.48853,14.61522,25.39345,3.0,6.17747,7.032568005,80.64045903
1,4,62_68,24.66993,54.88377,19.48314,2.09553,5.29294,1.2017,0.06758,2.63079,14.58447,26.30458,1.0,2.9033,7.053962005,80.67337103
1,0,59_68,23.28067,58.74343,17.04442,1.60128,5.31054,1.27222,0.06132,0.83726,12.99422,22.82154,3.0,2.14687,7.060907005,80.58352103
1,1,56_67,19.91288,64.6607,14.24764,2.13061,5.14949,1.29231,0.06464,1.76009,12.78916,20.23619,1.0,2.83708,7.015189005,80.50175203
1,0,60_64,20.7807,62.12273,16.18024,2.21653,5.12416,1.20692,0.06559,1.49464,13.6737,20.66762,1.0,1.13049,6.939967005,80.60280203
1,4,67_65,25.31296,51.53587,21.78987,2.29287,5.26641,1.14188,0.07054,7.4614,15.84981,31.58435,2.0,1.64914,6.978834005,80.80458703
1,1,68_66,24.13154,52.9104,21.33104,2.26673,5.28038,1.15182,0.06939,9.47479,15.84994,32.26796,2.0,2.36658,6.993909005,80.81310703
1,1,66_65,27.36632,49.31412,22.50399,2.22727,5.31797,1.1384,0.07201,3.44151,15.60838,29.8791,2.0,1.03255,6.958150005,80.77049803
1,4,62_64,25.51614,54.52722,19.64637,2.26672,5.16552,1.15383,0.06611,0.44469,14.59016,24.85163,1.0,1.49504,6.942693005,80.65465903
1,4,65_65,26.30059,51.2283,21.44703,2.31512,5.30721,1.15486,0.06918,4.16831,15.78998,29.30241,2.0,2.5361,6.982256005,80.74715803
1,0,67_64,27.21895,49.06576,22.75788,2.24358,5.30835,1.12993,0.07393,4.06117,15.61212,30.41022,1.0,0.72478,6.945161005,80.79833803
1,3,63_64,29.80849,48.18089,22.16662,2.33265,5.19123,1.16913,0.0624,0.66647,15.30552,29.8901,1.0,1.43898,6.938454005,80.69010003
1,1,66_65,26.20026,51.19955,21.50544,2.31801,5.30299,1.1531,0.0697,4.58771,15.79154,29.61359,2.0,1.32419,6.979798005,80.75801703
1,0,60_64,20.00316,63.22983,15.84678,2.30037,5.13867,1.2074,0.06416,1.75024,13.42697,20.31248,2.0,2.38574,6.951340005,80.60193503
1,0,60_64,20.30488,62.76257,15.99922,2.20647,5.13129,1.21125,0.06552,1.53186,13.67261,20.31339,3.0,2.29035,6.950495005,80.60212003
1,0,60_64,20.00316,63.22983,15.84678,2.30037,5.13867,1.2074,0.06416,1.75024,13.42697,20.31248,2.0,2.38716,6.951347005,80.60189403
1,0,60_64,20.7807,62.12273,16.18024,2.21653,5.12416,1.20692,0.06559,1.49464,13.6737,20.66762,1.0,1.13049,6.939967005,80.60280203
1,4,67_66,24.89665,52.0653,21.59161,2.27931,5.27432,1.14723,0.06983,8.10742,15.84916,31.74639,1.0,2.04078,6.983780005,80.80507003
1,4,65_65,26.73848,50.65952,21.68395,2.32819,5.29774,1.14896,0.06968,3.71662,15.79075,29.35907,2.0,1.99533,6.978757005,80.75198403
1,0,66_73,23.18043,56.98002,18.42847,1.53187,5.60369,1.27911,0.05488,5.77713,14.58384,27.55761,2.0,6.9875,7.173716333,80.75869203
1,0,68_70,20.61907,58.77382,19.02855,2.03059,5.53828,1.2513,0.05786,10.09894,15.17596,29.27549,2.0,5.00734,7.115021905,80.82485176
1,0,68_70,20.70867,58.43398,19.23504,2.04145,5.51971,1.24635,0.0587,10.40347,15.17724,29.65154,2.0,4.3704,7.109220005,80.82511803
1,0,68_70,20.61907,58.77382,19.02855,2.03059,5.53828,1.2513,0.05786,10.09894,15.17596,29.27549,2.0,4.89062,7.114081925,80.8264227
1,3,71_67,16.8554,60.40785,19.76836,2.15308,5.45111,1.20865,0.06563,23.54219,15.84846,39.00111,2.0,6.01386,7.029569305,80.90760803
1,3,71_70,16.51088,63.85368,17.69452,1.957,5.60714,1.28018,0.06131,14.16363,14.52316,29.45365,4.0,9.56521,7.104093305,80.91138123
1,4,67_70,21.54209,56.98032,19.75985,2.04901,5.49355,1.24283,0.05964,10.07931,15.17687,29.9697,4.0,3.3342,7.095038005,80.80318303
1,3,71_70,16.51088,63.85368,17.69452,1.957,5.60714,1.28018,0.06131,14.16363,14.52316,29.45365,4.0,9.08513,7.101763005,80.90767803
1,3,71_67,16.8554,60.40785,19.76836,2.15308,5.45111,1.20865,0.06563,23.54219,15.84846,39.00111,1.0,6.0209,7.034204405,80.90433603
1,0,68_70,20.61907,58.77382,19.02855,2.03059,5.53828,1.2513,0.05786,10.09894,15.17596,29.27549,2.0,4.90663,7.114189005,80.82597771
1,0,68_70,20.28277,59.26378,18.89655,2.03228,5.54226,1.25091,0.05776,10.41831,15.1766,29.32341,4.0,5.2687,7.117598175,80.83212536
1,0,68_70,20.28277,59.26378,18.89655,2.03228,5.54226,1.25091,0.05776,10.41831,15.1766,29.32341,4.0,5.26595,7.117582005,80.83192103
1,0,68_70,20.61907,58.77382,19.02855,2.03059,5.53828,1.2513,0.05786,10.09894,15.17596,29.27549,2.0,4.95427,7.114703665,80.82297121
1,3,71_70,16.51088,63.85368,17.69452,1.957,5.60714,1.28018,0.06131,14.16363,14.52316,29.45365,2.0,9.32591,7.103888005,80.90907303
1,3,71_67,15.35054,60.38254,20.61408,2.0161,5.44331,1.19674,0.06764,31.40341,15.18582,45.21454,2.0,5.02874,7.015465005,80.89901803
1,1,70_68,18.55717,59.83221,19.16299,2.12437,5.49979,1.20226,0.06362,17.82799,15.39089,35.00879,4.0,4.36809,7.050469105,80.88381623
1,1,70_69,20.33629,58.31325,19.31201,2.18749,5.48952,1.21463,0.06151,14.33414,16.03778,33.33722,1.0,4.57738,7.082716005,80.87150903
1,4,60_62,21.79866,61.06427,16.07253,2.2368,5.0779,1.23699,0.0624,2.1321,14.12706,21.86204,2.0,2.24909,6.897592645,80.59457731
1,4,60_62,22.30894,59.94604,16.63243,2.19433,5.14172,1.2289,0.06281,2.16853,14.11571,22.12724,2.0,0.54156,6.883203005,80.60159903
1,2,60_61,23.36608,58.38895,17.03335,2.25652,5.17821,1.22431,0.06148,2.63309,14.24282,23.5128,2.0,1.50067,6.872566605,80.61340353
1,0,55_65,20.2801,64.4423,13.84384,2.02353,5.08521,1.26561,0.05986,3.36825,12.65482,22.01293,2.0,1.73072,6.968667005,80.45919703
1,1,56_66,19.08748,65.8959,13.66384,1.567,5.21456,1.2925,0.06064,3.21665,12.12732,20.7671,1.0,1.06916,6.999309005,80.48986703
1,4,60_62,22.30894,59.94604,16.63243,2.19433,5.14172,1.2289,0.06281,2.16853,14.11571,22.12724,2.0,0.54156,6.883203005,80.60159903
1,4,60_62,22.11106,60.66133,16.11188,2.24383,5.07218,1.2364,0.06234,2.22464,14.12761,22.09269,2.0,1.24942,6.888920005,80.59716903
1,0,61_59,23.98984,57.22065,17.28864,2.30266,5.10453,1.22599,0.0632,3.88165,13.4397,24.8875,1.0,1.877,6.817159005,80.64130303
1,0,56_65,18.99537,66.06401,13.72324,2.15438,5.137,1.28511,0.0632,1.98106,12.78955,19.43513,3.0,2.18111,6.981052005,80.50365003
1,4,60_62,22.70368,59.68487,16.58651,2.25147,5.07199,1.2311,0.06274,2.05535,14.13058,22.6004,3.0,1.02341,6.886677005,80.60511003
1,4,62_64,25.2855,55.25223,19.1097,2.20108,5.13012,1.20231,0.06359,0.61485,14.12305,24.66205,1.0,0.26906,6.928581005,80.64802203
1,1,56_66,19.08748,65.8959,13.66384,1.567,5.21456,1.2925,0.06064,3.21665,12.12732,20.7671,1.0,1.22723,7.005202005,80.49063303
1,1,56_67,19.67694,64.95882,14.02813,1.55904,5.22352,1.32236,0.06186,3.09667,12.12789,21.29682,1.0,2.57431,7.019626005,80.49435003
1,4,60_62,22.70368,59.68487,16.58651,2.25147,5.07199,1.2311,0.06274,2.05535,14.13058,22.6004,3.0,1.00011,6.886496005,80.60500003
1,0,61_59,23.86837,57.54023,17.08677,2.29759,5.09997,1.22625,0.06288,3.78302,13.43756,24.53725,1.0,2.74642,6.819420005,80.63376303
1,2,60_61,23.36608,58.38895,17.03335,2.25652,5.17821,1.22431,0.06148,2.63309,14.24282,23.5128,2.0,1.50067,6.872566605,80.61340353
1,1,56_66,19.08748,65.8959,13.66384,1.567,5.21456,1.2925,0.06064,3.21665,12.12732,20.7671,1.0,1.00854,7.000810005,80.48946903
1,0,55_65,20.2801,64.4423,13.84384,2.02353,5.08521,1.26561,0.05986,3.36825,12.65482,22.01293,2.0,2.20915,6.963458005,80.45879003
1,0,62_60,24.2522,56.34704,18.1771,2.22752,5.22314,1.21458,0.0623,2.52018,14.54726,24.24703,2.0,2.24924,6.833296064,80.65582243
1,2,67_71,22.2416,57.37471,18.8456,1.5251,5.51963,1.27506,0.05637,9.11144,14.52639,29.78166,2.0,5.51682,7.138658005,80.80243403
1,4,67_70,21.43989,57.29916,19.5629,2.0377,5.51182,1.24786,0.05885,9.86238,15.17566,29.6523,3.0,4.84006,7.109371005,80.80085703
1,1,67_68,22.60328,55.34622,20.57841,2.10948,5.41048,1.21547,0.06321,8.79419,15.18155,30.03279,3.0,4.00515,7.050537405,80.78942403
1,2,60_61,23.36608,58.38895,17.03335,2.25652,5.17821,1.22431,0.06148,2.63309,14.24282,23.5128,2.0,1.25258,6.873911005,80.61154603
1,2,60_61,23.36608,58.38895,17.03335,2.25652,5.17821,1.22431,0.06148,2.63309,14.24282,23.5128,2.0,1.33509,6.873676005,80.61225703
1,1,63_63,31.00499,46.42101,23.15548,2.29578,5.23716,1.16038,0.06379,-0.55621,15.16809,30.12281,1.0,1.56962,6.925564005,80.68650703
1,2,64_62,27.8124,50.2096,21.63607,2.25322,5.21392,1.1677,0.06741,0.83296,14.56402,27.59263,2.0,3.53746,6.881285805,80.71332113
1,1,63_63,31.00499,46.42101,23.15548,2.29578,5.23716,1.16038,0.06379,-0.55621,15.16809,30.12281,1.0,1.56945,6.925569005,80.68650703
1,3,62_63,26.56259,53.17644,20.0358,2.22366,5.20028,1.19098,0.06431,0.3852,14.77504,25.76528,1.0,2.48618,6.908036005,80.65519403
1,1,63_63,31.00499,46.42101,23.15548,2.29578,5.23716,1.16038,0.06379,-0.55621,15.16809,30.12281,1.0,1.56931,6.925573005,80.68650703
1,0,66_72,22.77455,56.88787,18.89928,1.54262,5.57114,1.27465,0.05458,8.35967,14.58693,29.63585,2.0,5.94996,7.157234005,80.78201503
1,1,63_63,31.94152,45.51153,23.43078,2.22485,5.22165,1.17507,0.06398,-1.32644,14.56096,30.3576,1.0,2.75831,6.911653005,80.67691103
1,1,63_63,31.94152,45.51153,23.43078,2.22485,5.22165,1.17507,0.06398,-1.32644,14.56096,30.3576,1.0,3.29536,6.906112005,80.67782903
1,4,64_63,28.94078,47.961,22.83929,2.25119,5.2846,1.1499,0.06925,0.95395,15.33687,29.10022,1.0,4.12634,6.905742005,80.72837403
1,3,61_63,25.75612,54.66734,19.16414,2.26604,5.14137,1.19569,0.06396,0.76296,14.78478,25.24354,1.0,1.6617,6.917689005,80.64137703
1,4,67_70,22.53132,55.78422,19.81817,1.49265,5.49282,1.27539,0.05778,9.97567,14.33553,30.52788,2.0,4.42873,7.109188005,80.78902403
1,1,62_67,24.64539,55.44311,18.87262,2.24333,5.27837,1.1987,0.06666,2.71819,14.61729,25.92223,2.0,5.37724,7.033504005,80.65574803
1,4,61_64,24.5133,56.06354,18.97942,2.25853,5.17037,1.17725,0.06561,0.58867,14.58711,23.88181,1.0,1.83358,6.946179345,80.64636815
1,1,68_72,21.09129,59.32441,18.2034,1.50254,5.58312,1.28764,0.05499,8.78111,14.85678,28.60171,3.0,3.07572,7.152894435,80.82311923
1,0,60_64,20.00316,63.22983,15.84678,2.30037,5.13867,1.2074,0.06416,1.75024,13.42697,20.31248,2.0,2.37622,6.951247005,80.60189403
1,0,60_64,20.7807,62.12273,16.18024,2.21653,5.12416,1.20692,0.06559,1.49464,13.6737,20.66762,1.0,1.13049,6.939967005,80.60280203
1,4,65_65,26.30059,51.2283,21.44703,2.31512,5.30721,1.15486,0.06918,4.16831,15.78998,29.30241,1.0,2.96083,6.982160005,80.74329003
1,1,66_65,26.29562,50.65081,21.98572,2.28885,5.27388,1.14436,0.06954,5.60988,15.84553,30.77012,2.0,0.75315,6.975250005,80.77545003
1,1,66_65,27.36632,49.31412,22.50399,2.22727,5.31797,1.1384,0.07201,3.44151,15.60838,29.8791,2.0,0.94839,6.958880005,80.77026443
1,4,62_64,28.75088,49.98553,21.32482,2.31992,5.19996,1.1688,0.0608,0.69882,15.30076,28.72753,1.0,1.181,6.935350005,80.66925003
1,1,66_65,27.36632,49.31412,22.50399,2.22727,5.31797,1.1384,0.07201,3.44151,15.60838,29.8791,2.0,0.95641,6.958800005,80.77026403
1,4,62_64,27.27088,52.11171,20.62275,2.27821,5.13289,1.18045,0.06417,0.2205,15.04669,26.66853,1.0,1.08821,6.939661005,80.66187403
1,4,64_63,29.4349,47.71106,22.67835,2.27801,5.2744,1.15888,0.06675,1.34343,15.45177,30.03273,1.0,2.55121,6.927121005,80.72290703
1,4,61_64,24.5133,56.06354,18.97942,2.25853,5.17037,1.17725,0.06561,0.58867,14.58711,23.88181,1.0,2.14186,6.948194005,80.64335103
1,1,66_65,27.36632,49.31412,22.50399,2.22727,5.31797,1.1384,0.07201,3.44151,15.60838,29.8791,2.0,0.95044,6.958820005,80.77017703
1,4,67_70,21.54209,56.98032,19.75985,2.04901,5.49355,1.24283,0.05964,10.07931,15.17687,29.9697,4.0,3.33432,7.095044005,80.80319003
1,0,59_68,23.28067,58.74343,17.04442,1.60128,5.31054,1.27222,0.06132,0.83726,12.99422,22.82154,3.0,2.14687,7.060907005,80.58352103
1,4,62_64,27.27088,52.11171,20.62275,2.27821,5.13289,1.18045,0.06417,0.2205,15.04669,26.66853,1.0,0.6796,6.935730565,80.66222225
1,3,65_66,26.20026,51.19955,21.50544,2.31801,5.30299,1.1531,0.0697,4.58771,15.79154,29.61359,2.0,1.94447,6.986491857,80.75364453
1,2,66_64,27.91366,48.4124,22.92944,2.24188,5.30958,1.13047,0.07306,3.05166,15.60973,30.13716,1.0,0.66494,6.945768716,80.7757243
1,4,67_65,26.55217,50.17258,22.22463,2.30459,5.26265,1.13945,0.07061,5.48296,15.84766,30.96726,1.0,0.69161,6.967313937,80.786817
1,1,66_65,27.2113,49.36278,22.53472,2.22925,5.3159,1.13526,0.07251,3.82686,15.60966,30.10894,2.0,1.16043,6.956636895,80.77186511
1,4,64_63,28.94141,47.94221,22.86013,2.24525,5.28862,1.1504,0.069,1.11447,15.3378,29.28718,1.0,3.37568,6.914556955,80.72635095
1,4,64_63,29.2344,47.78932,22.85389,2.24055,5.29194,1.15315,0.06817,0.85061,15.33657,29.35392,1.0,2.8073,6.920079691,80.72338485
1,2,61_66,23.59552,57.22234,18.26707,2.26352,5.27087,1.19088,0.06657,2.07586,14.61597,24.26651,1.0,4.55482,6.999989005,80.63809853
1,4,62_64,26.69607,52.9025,20.2699,2.30916,5.14092,1.15482,0.06569,0.56673,15.02288,26.34221,1.0,1.27528,6.942799343,80.66098485
1,3,62_63,28.05673,51.02621,20.98025,2.23107,5.19609,1.18478,0.06486,-0.09227,14.77772,27.03038,1.0,2.66308,6.906023005,80.66225603
1,4,62_68,24.66993,54.88377,19.48314,2.09553,5.29294,1.2017,0.06758,2.63079,14.58447,26.30458,1.0,2.9033,7.053962005,80.67337103
1,2,61_66,21.82845,60.01261,17.32628,2.30546,5.2068,1.18775,0.06352,1.45057,14.33274,21.97146,3.0,3.29713,6.983202005,80.62774003
1,1,63_69,24.72627,54.7003,19.46475,2.07574,5.31242,1.20829,0.06735,3.02413,14.58446,26.62468,3.0,1.59297,7.065644005,80.68119403
1,3,59_69,24.08477,57.0367,17.97909,1.48991,5.41136,1.27386,0.06699,0.15709,13.45135,22.88018,2.0,0.99783,7.071312005,80.58244003
1,1,60_63,21.263,61.47143,16.35583,2.22652,5.11701,1.23493,0.06572,1.47076,13.67481,21.02521,2.0,0.59986,6.925062104,80.6072944
1,0,63_66,25.72519,53.16145,20.48581,2.27068,5.27771,1.17392,0.06716,2.18353,15.42099,26.79448,3.0,4.37949,6.996438315,80.68813862
1,2,61_66,21.82845,60.01261,17.32628,2.30546,5.2068,1.18775,0.06352,1.45057,14.33274,21.97146,2.0,3.44713,6.983202005,80.62912103
1,1,68_66,24.13154,52.9104,21.33104,2.26673,5.28038,1.15182,0.06939,9.47479,15.84994,32.26796,2.0,2.36658,6.993909005,80.81310703
1,1,63_63,30.14225,48.04356,22.27483,2.29608,5.23214,1.18064,0.0624,-0.58549,15.16249,28.95438,1.0,2.73714,6.911693005,80.67667103
1,4,62_64,27.27088,52.11171,20.62275,2.27821,5.13289,1.18045,0.06417,0.2205,15.04669,26.66853,1.0,1.08821,6.939661005,80.66187403
1,4,65_63,28.90322,47.56249,23.14772,2.26061,5.27834,1.14427,0.07087,1.09223,15.33925,29.23659,1.0,5.97123,6.905138005,80.74796803
1,4,65_63,28.90322,47.56249,23.14772,2.26061,5.27834,1.14427,0.07087,1.09223,15.33925,29.23659,1.0,5.97134,6.905132005,80.74796603
1,0,61_62,25.29629,55.05569,19.12644,2.22218,5.20088,1.19695,0.06374,0.85221,14.77222,24.63186,2.0,1.79307,6.895268005,80.64453603
1,4,64_63,28.94078,47.961,22.83929,2.25119,5.2846,1.1499,0.06925,0.95395,15.33687,29.10022,1.0,4.12634,6.905742005,80.72837403
1,2,54_65,20.38053,64.2609,13.92473,2.01568,5.09092,1.26836,0.06026,3.35098,12.65436,22.13068,2.0,2.00412,6.977735005,80.45200403
1,4,60_62,22.70368,59.68487,16.58651,2.25147,5.07199,1.2311,0.06274,2.05535,14.13058,22.6004,3.0,1.02341,6.886677005,80.60511003
1,1,66_65,26.20026,51.19955,21.50544,2.31801,5.30299,1.1531,0.0697,4.58771,15.79154,29.61359,2.0,0.97109,6.981818066,80.76140143
1,3,62_63,26.56259,53.17644,20.0358,2.22366,5.20028,1.19098,0.06431,0.3852,14.77504,25.76528,1.0,2.65343,6.906458386,80.65535205
1,4,65_65,26.73848,50.65952,21.68395,2.32819,5.29774,1.14896,0.06968,3.71662,15.79075,29.35907,2.0,1.99533,6.978757005,80.75198403
1,4,64_63,28.94078,47.961,22.83929,2.25119,5.2846,1.1499,0.06925,0.95395,15.33687,29.10022,1.0,4.12634,6.905742005,80.72837403
1,4,61_64,24.5133,56.06354,18.97942,2.25853,5.17037,1.17725,0.06561,0.58867,14.58711,23.88181,2.0,2.42099,6.950269005,80.64171803
1,0,67_74,21.06917,60.88558,16.6563,1.06211,5.77497,1.33846,0.05479,7.15821,13.63426,27.02934,2.0,4.12186,7.212865005,80.78322343
1,4,61_64,24.10568,56.57876,18.78797,2.24781,5.17791,1.18211,0.0656,0.78734,14.58618,23.67051,2.0,2.51153,6.951035005,80.64142803
1,3,62_63,28.05673,51.02621,20.98025,2.23107,5.19609,1.18478,0.06486,-0.09227,14.77772,27.03038,1.0,2.44775,6.907923005,80.65839103
1,2,65_64,28.42912,48.24282,22.85275,2.24515,5.31204,1.1533,0.07191,1.7827,15.60599,29.39618,2.0,3.51148,6.940999329,80.74795564
1,4,65_65,26.64462,50.61828,21.74811,2.33125,5.29361,1.14721,0.07023,4.10549,15.7923,29.64839,1.0,1.48067,6.971573005,80.75419803
1,4,67_65,25.31296,51.53587,21.78987,2.29287,5.26641,1.14188,0.07054,7.4614,15.84981,31.58435,2.0,1.64914,6.978834005,80.80458703
1,4,67_65,26.0322,50.85516,21.95638,2.29067,5.27087,1.14329,0.06991,6.16071,15.84698,31.0442,1.0,0.55917,6.970050005,80.78711392
1,4,61_64,24.5133,56.06354,18.97942,2.25853,5.17037,1.17725,0.06561,0.58867,14.58711,23.88181,1.0,2.19997,6.948819005,80.64354203
1,1,63_63,31.00499,46.42101,23.15548,2.29578,5.23716,1.16038,0.06379,-0.55621,15.16809,30.12281,1.0,1.47476,6.927268005,80.68693703
1,1,63_63,31.94152,45.51153,23.43078,2.22485,5.22165,1.17507,0.06398,-1.32644,14.56096,30.3576,1.0,3.29536,6.906112005,80.67782903
1,1,61_69,24.09091,55.99996,18.96648,1.49534,5.36692,1.24741,0.06483,2.53363,14.2179,25.70058,2.0,3.6778,7.070072205,80.63547703
1,0,61_65,21.82845,60.01261,17.32628,2.30546,5.2068,1.18775,0.06352,1.45057,14.33274,21.97146,2.0,3.25171,6.982156005,80.62709903
1,1,63_63,31.94152,45.51153,23.43078,2.22485,5.22165,1.17507,0.06398,-1.32644,14.56096,30.3576,1.0,2.99271,6.908462005,80.68360103
1,1,66_65,27.36632,49.31412,22.50399,2.22727,5.31797,1.1384,0.07201,3.44151,15.60838,29.8791,2.0,1.03255,6.958150005,80.77049803
1,4,61_64,24.5133,56.06354,18.97942,2.25853,5.17037,1.17725,0.06561,0.58867,14.58711,23.88181,1.0,2.14168,6.948193005,80.64335303
1,1,62_67,24.60543,55.50202,18.90532,2.25471,5.27196,1.19413,0.06667,2.62581,14.6183,25.81049,2.0,6.63444,7.023896005,80.64872203
1,1,63_69,24.72627,54.7003,19.46475,2.07574,5.31242,1.20829,0.06735,3.02413,14.58446,26.62468,2.0,1.64857,7.065601005,80.68386703
1,1,62_67,24.60543,55.50202,18.90532,2.25471,5.27196,1.19413,0.06667,2.62581,14.6183,25.81049,1.0,6.64479,7.017488005,80.65126603
1,1,61_69,24.09091,55.99996,18.96648,1.49534,5.36692,1.24741,0.06483,2.53363,14.2179,25.70058,2.0,3.6783,7.070076905,80.63545703
1,2,61_66,21.82845,60.01261,17.32628,2.30546,5.2068,1.18775,0.06352,1.45057,14.33274,21.97146,2.0,3.12073,6.983217005,80.62611603
1,1,63_69,24.72627,54.7003,19.46475,2.07574,5.31242,1.20829,0.06735,3.02413,14.58446,26.62468,3.0,1.59297,7.065644005,80.68119403
1,1,61_69,24.09091,55.99996,18.96648,1.49534,5.36692,1.24741,0.06483,2.53363,14.2179,25.70058,2.0,3.68002,7.070071805,80.63543203
1,3,64_68,25.20955,53.73055,19.841,2.19428,5.33209,1.20194,0.06562,4.21186,14.69392,27.85275,2.0,3.62537,7.047221005,80.70171103
1,4,62_69,24.37349,55.2659,19.28571,1.49757,5.37617,1.2439,0.06427,3.29207,14.22292,26.60687,2.0,1.02885,7.079365005,80.66070803
1,1,68_68,21.47139,56.70321,20.19219,2.10006,5.43116,1.21912,0.06275,10.65733,15.18325,30.75873,2.0,1.74036,7.057518973,80.81040292
1,4,65_70,23.84051,54.35036,20.01871,1.51113,5.3945,1.25873,0.05892,8.00685,14.15983,29.81838,2.0,0.89086,7.107471092,80.74698267
1,0,55_66,19.14495,65.67743,13.78113,2.03831,5.17352,1.29253,0.06248,3.2904,12.79422,20.87264,2.0,0.66315,6.995035005,80.48068303
1,1,72_68,17.05255,61.69986,18.73138,2.04595,5.50683,1.23286,0.06415,18.30413,15.52191,34.0673,1.0,7.61606,7.048654005,80.92450703
1,0,72_70,15.56912,65.59981,16.88597,1.30356,5.67339,1.32789,0.05874,14.84143,13.75203,29.22359,2.0,10.11628,7.108591005,80.92633603
1,0,72_70,15.56912,65.59981,16.88597,1.30356,5.67339,1.32789,0.05874,14.84143,13.75203,29.22359,4.0,10.45987,7.105456005,80.92293503
1,3,71_70,17.7339,62.03863,18.45343,2.1261,5.52748,1.25185,0.06028,14.43164,15.2225,30.97297,3.0,7.56732,7.099281605,80.89354103
1,3,57_64,18.34896,66.92907,13.48101,2.18377,5.13238,1.25369,0.06226,2.02862,12.79192,18.68837,2.0,0.87852,6.952502005,80.51245403
1,0,72_70,15.56912,65.59981,16.88597,1.30356,5.67339,1.32789,0.05874,14.84143,13.75203,29.22359,2.0,10.08904,7.108819905,80.92680503
1,0,66_66,26.20026,51.19955,21.50544,2.31801,5.30299,1.1531,0.0697,4.58771,15.79154,29.61359,2.0,1.49976,6.983552005,80.75690003
1,1,70_69,18.55234,60.30385,18.84922,2.1829,5.50749,1.21848,0.06266,16.90692,15.73375,34.12032,2.0,5.95317,7.071458005,80.88697903
1,0,72_70,15.56912,65.59981,16.88597,1.30356,5.67339,1.32789,0.05874,14.84143,13.75203,29.22359,3.0,10.4324,7.105751605,80.92581603
1,0,72_70,16.29012,63.95737,17.74421,1.96688,5.59536,1.27662,0.0621,14.6919,14.52464,29.77274,4.0,10.17344,7.100488005,80.91896003
1,0,72_70,15.56912,65.59981,16.88597,1.30356,5.67339,1.32789,0.05874,14.84143,13.75203,29.22359,2.0,10.33264,7.106670605,80.92547303
1,4,62_68,24.5375,55.22623,19.30339,2.09044,5.29483,1.20459,0.06763,2.3204,14.58238,25.89546,1.0,3.73336,7.047147005,80.66221403
1,4,62_68,24.5375,55.22623,19.30339,2.09044,5.29483,1.20459,0.06763,2.3204,14.58238,25.89546,1.0,3.675,7.047530005,80.66291003
1,1,72_68,17.05255,61.69986,18.73138,2.04595,5.50683,1.23286,0.06415,18.30413,15.52191,34.0673,1.0,7.62788,7.048755005,80.92443003
1,3,71_70,17.7339,62.03863,18.45343,2.1261,5.52748,1.25185,0.06028,14.43164,15.2225,30.97297,2.0,7.44057,7.099413005,80.89216003
1,1,56_66,19.14495,65.67743,13.78113,2.03831,5.17352,1.29253,0.06248,3.2904,12.79422,20.87264,2.0,1.10268,6.993647005,80.48706003
1,4,62_69,24.35038,55.42733,19.18836,1.49535,5.37596,1.24596,0.06454,2.98363,14.22114,26.31801,2.0,1.52455,7.081185005,80.65625003
1,4,62_69,24.68674,54.92613,19.32407,2.07121,5.31354,1.21078,0.06745,2.65051,14.58241,26.25882,3.0,1.66961,7.065473005,80.67411903
1,4,57_63,19.13272,66.00538,13.42566,2.1583,5.06544,1.27573,0.0594,3.28791,13.3856,20.37574,1.0,0.44859,6.918406005,80.52038303
1,4,57_63,19.13272,66.00538,13.42566,2.1583,5.06544,1.27573,0.0594,3.28791,13.3856,20.37574,1.0,0.55521,6.915353005,80.52154003
1,2,66_64,27.91366,48.4124,22.92944,2.24188,5.30958,1.13047,0.07306,3.05166,15.60973,30.13716,2.0,1.00926,6.948243005,80.77103703
1,3,61_68,24.47111,55.83422,18.6207,2.22609,5.28827,1.20629,0.06673,2.53349,14.61428,25.55431,2.0,5.08709,7.042779005,80.64293803
1,1,70_69,18.55234,60.30385,18.84922,2.1829,5.50749,1.21848,0.06266,16.90692,15.73375,34.12032,2.0,5.99344,7.071548005,80.88733703
1,0,63_66,25.58012,53.15654,20.51626,2.26267,5.28111,1.17632,0.0673,2.70427,15.42191,27.11926,2.0,3.32233,6.998514005,80.69898103
1,1,63_69,24.72627,54.7003,19.46475,2.07574,5.31242,1.20829,0.06735,3.02413,14.58446,26.62468,2.0,1.11688,7.069921005,80.67934703
1,1,70_69,18.55234,60.30385,18.84922,2.1829,5.50749,1.21848,0.06266,16.90692,15.73375,34.12032,2.0,5.95317,7.071458005,80.88697903
1,4,67_65,25.7031,51.15271,21.88991,2.292,5.26839,1.14247,0.07024,6.77816,15.8484,31.31418,1.0,0.70657,6.973676005,80.79774803
1,4,61_67,23.18124,57.91937,17.91698,2.24584,5.2809,1.1992,0.06661,2.02911,14.61286,23.78494,3.0,4.27828,7.015541005,80.62640003
1,1,70_68,18.39733,59.62553,19.4117,2.13571,5.48313,1.19629,0.06457,19.08104,15.39268,36.09597,2.0,3.26994,7.044911005,80.87556003
1,1,70_68,18.55717,59.83221,19.16299,2.12437,5.49979,1.20226,0.06362,17.82799,15.39089,35.00879,2.0,3.27887,7.045138005,80.87552003
1,4,62_69,24.45845,55.30863,19.17138,1.49063,5.38533,1.24886,0.06476,2.88488,14.22084,26.30622,2.0,1.68934,7.084953005,80.65264333
1,2,64_58,24.12218,55.82872,18.57096,2.26577,5.22485,1.23826,0.06379,4.26152,13.95476,26.2943,1.0,0.39334,6.779770005,80.70355103
1,4,61_67,24.17369,56.25968,18.62466,2.25937,5.27083,1.19327,0.06664,2.3248,14.61716,25.09212,1.0,5.48028,7.014778005,80.64066103
1,2,64_58,24.12218,55.82872,18.57096,2.26577,5.22485,1.23826,0.06379,4.26152,13.95476,26.2943,1.0,0.39483,6.779778005,80.70356503
1,1,70_68,18.55717,59.83221,19.16299,2.12437,5.49979,1.20226,0.06362,17.82799,15.39089,35.00879,2.0,3.27887,7.045138005,80.87552003
1,1,70_68,18.55717,59.83221,19.16299,2.12437,5.49979,1.20226,0.06362,17.82799,15.39089,35.00879,2.0,3.31928,7.045149005,80.87593803
1,4,70_70,17.7339,62.03863,18.45343,2.1261,5.52748,1.25185,0.06028,14.43164,15.2225,30.97297,4.0,6.79612,7.093156005,80.88883003
1,1,65_62,28.43413,48.41606,22.7181,2.26628,5.27667,1.14763,0.07061,0.94969,15.336,28.48722,2.0,4.58287,6.888920005,80.73575003
1,4,57_63,19.13272,66.00538,13.42566,2.1583,5.06544,1.27573,0.0594,3.28791,13.3856,20.37574,1.0,0.53854,6.915620005,80.52145203
1,4,62_68,24.5375,55.22623,19.30339,2.09044,5.29483,1.20459,0.06763,2.3204,14.58238,25.89546,1.0,3.9122,7.045549005,80.66194403
1,4,58_64,16.93399,68.62755,13.13225,2.25751,5.11482,1.23477,0.06238,2.39542,13.40856,17.61549,1.0,2.47042,6.941814005,80.54080203
1,4,57_63,19.13272,66.00538,13.42566,2.1583,5.06544,1.27573,0.0594,3.28791,13.3856,20.37574,1.0,0.45301,6.918283005,80.52048103
1,4,57_63,19.13272,66.00538,13.42566,2.1583,5.06544,1.27573,0.0594,3.28791,13.3856,20.37574,1.0,0.51487,6.916025005,80.52131003
1,4,57_63,19.13272,66.00538,13.42566,2.1583,5.06544,1.27573,0.0594,3.28791,13.3856,20.37574,1.0,0.41436,6.918343005,80.52007003
1,2,58_69,23.58283,58.60663,16.88764,1.5871,5.29413,1.28598,0.06331,0.44561,12.9905,22.78416,2.0,1.74361,7.074876005,80.54501003
1,4,57_63,19.13272,66.00538,13.42566,2.1583,5.06544,1.27573,0.0594,3.28791,13.3856,20.37574,2.0,0.61689,6.922276005,80.51687003
1,4,57_63,19.13272,66.00538,13.42566,2.1583,5.06544,1.27573,0.0594,3.28791,13.3856,20.37574,1.0,0.43712,6.918786005,80.52006003
1,4,57_63,19.13272,66.00538,13.42566,2.1583,5.06544,1.27573,0.0594,3.28791,13.3856,20.37574,1.0,0.51336,6.916496005,80.52134103
1,4,57_63,19.13272,66.00538,13.42566,2.1583,5.06544,1.27573,0.0594,3.28791,13.3856,20.37574,1.0,0.55592,6.915988305,80.52168003
1,4,67_70,21.43989,57.29916,19.5629,2.0377,5.51182,1.24786,0.05885,9.86238,15.17566,29.6523,3.0,4.30189,7.105301005,80.80363503
1,4,58_61,21.32388,62.43114,14.71185,2.23519,5.04875,1.25397,0.06063,3.08247,14.11827,21.42225,2.0,1.46093,6.860326195,80.56099713
1,3,65_66,24.97138,52.76223,21.36053,2.29716,5.28123,1.16673,0.06604,5.02123,15.65208,28.74883,1.0,2.65817,6.998714348,80.74945357
1,2,62_66,24.98678,54.82822,19.26121,2.27301,5.26043,1.18566,0.06676,2.71528,14.62147,26.3106,1.0,5.98848,7.009476005,80.66683003
1,4,57_63,19.13272,66.00538,13.42566,2.1583,5.06544,1.27573,0.0594,3.28791,13.3856,20.37574,1.0,0.52229,6.915871005,80.52135303
1,4,57_63,19.13272,66.00538,13.42566,2.1583,5.06544,1.27573,0.0594,3.28791,13.3856,20.37574,1.0,0.53914,6.915626005,80.52145903
1,4,62_68,24.5375,55.22623,19.30339,2.09044,5.29483,1.20459,0.06763,2.3204,14.58238,25.89546,1.0,3.64153,7.047464005,80.66491103
1,4,57_63,19.13272,66.00538,13.42566,2.1583,5.06544,1.27573,0.0594,3.28791,13.3856,20.37574,1.0,0.42235,6.918358005,80.52014303
1,1,63_68,24.97635,53.84347,20.16118,2.14223,5.31873,1.20729,0.06275,4.75195,14.57699,28.52778,3.0,3.11892,7.057126005,80.69651803
1,4,62_69,24.35038,55.42733,19.18836,1.49535,5.37596,1.24596,0.06454,2.98363,14.22114,26.31801,2.0,2.08706,7.077763005,80.65124003
1,4,62_68,24.93742,54.888,19.07345,2.23801,5.28136,1.20004,0.0666,3.06118,14.61837,26.52714,2.0,4.21453,7.042078005,80.66619003
1,4,57_63,19.13272,66.00538,13.42566,2.1583,5.06544,1.27573,0.0594,3.28791,13.3856,20.37574,1.0,0.39659,6.919193005,80.51928003
1,4,57_63,19.13272,66.00538,13.42566,2.1583,5.06544,1.27573,0.0594,3.28791,13.3856,20.37574,,0.54304,6.921600005,80.51702503
1,4,57_63,19.13272,66.00538,13.42566,2.1583,5.06544,1.27573,0.0594,3.28791,13.3856,20.37574,1.0,0.40352,6.918561005,80.51984103
1,0,61_59,23.98984,57.22065,17.28864,2.30266,5.10453,1.22599,0.0632,3.88165,13.4397,24.8875,1.0,1.99503,6.817140005,80.64020003
1,1,61_69,24.38734,56.14674,18.33177,1.57003,5.36075,1.24519,0.06559,2.3424,14.07519,25.25279,2.0,3.21497,7.072220005,80.64141603
1,2,65_64,27.98884,48.649,22.73204,2.23687,5.31436,1.13513,0.07199,2.51712,15.60719,29.64813,1.0,2.50001,6.947558005,80.75457503
1,2,66_64,27.66862,48.59351,22.90384,2.2432,5.30847,1.12996,0.07352,3.48018,15.61095,30.31234,1.0,0.76213,6.943512005,80.78232703
1,3,63_64,29.80849,48.18089,22.16662,2.33265,5.19123,1.16913,0.0624,0.66647,15.30552,29.8901,1.0,0.65878,6.932226005,80.69447003
1,0,56_65,18.99537,66.06401,13.72324,2.15438,5.137,1.28511,0.0632,1.98106,12.78955,19.43513,3.0,2.36832,6.982643005,80.50269903
1,4,57_63,19.13272,66.00538,13.42566,2.1583,5.06544,1.27573,0.0594,3.28791,13.3856,20.37574,1.0,0.51663,6.916735005,80.52137503
1,4,55_64,19.82771,64.77291,13.99793,2.05611,5.10164,1.25335,0.0599,2.92068,12.65997,20.97466,3.0,3.36255,6.946500005,80.48080003
1,0,55_66,20.38757,63.65615,14.55906,1.48841,5.16772,1.3064,0.06023,3.56037,12.30014,22.41836,2.0,0.94047,7.000180005,80.47187303
1,1,56_66,19.371,65.44316,13.84134,1.563,5.21907,1.29479,0.06123,3.16026,12.12759,21.02589,1.0,1.38252,7.009758005,80.48929503
1,1,56_66,18.99537,66.06401,13.72324,2.15438,5.137,1.28511,0.0632,1.98106,12.78955,19.43513,3.0,2.60762,6.983719005,80.50080503
1,4,55_64,19.82771,64.77291,13.99793,2.05611,5.10164,1.25335,0.0599,2.92068,12.65997,20.97466,2.0,3.30036,6.947011605,80.48410003
1,1,70_68,18.55717,59.83221,19.16299,2.12437,5.49979,1.20226,0.06362,17.82799,15.39089,35.00879,4.0,4.44693,7.052980005,80.88303303
1,4,57_63,19.13272,66.00538,13.42566,2.1583,5.06544,1.27573,0.0594,3.28791,13.3856,20.37574,1.0,0.42918,6.919616005,80.51926303
1,0,55_65,20.26965,64.30064,14.01089,2.02081,5.10001,1.26636,0.06045,3.17413,12.65566,21.83184,,1.19783,6.974855005,80.46046003
1,2,58_69,23.0446,59.40467,16.60627,1.59102,5.2916,1.28504,0.06258,0.57554,12.99016,22.34465,2.0,2.39869,7.068551005,80.55166503
1,4,57_63,19.4715,65.55036,13.52205,2.16587,5.0594,1.25121,0.05917,3.3717,13.38647,20.68906,3.0,0.68945,6.911886005,80.52082203
1,1,66_65,26.29562,50.65081,21.98572,2.28885,5.27388,1.14436,0.06954,5.60988,15.84553,30.77012,2.0,0.82373,6.976924005,80.78006903
1,4,65_63,28.8348,47.85898,22.96183,2.24984,5.28537,1.14766,0.0698,1.26927,15.33901,29.33163,1.0,4.78537,6.913359745,80.73997557
1,0,68_70,20.61907,58.77382,19.02855,2.03059,5.53828,1.2513,0.05786,10.09894,15.17596,29.27549,2.0,4.94351,7.114583005,80.82330103
1,0,58_68,22.34534,60.66791,15.93615,1.61422,5.24076,1.28587,0.06497,1.1737,12.57293,22.2253,2.0,1.46704,7.062881005,80.54120603
1,4,63_67,25.19734,53.83225,20.16488,2.24638,5.296,1.18468,0.06673,2.67197,15.41913,26.66223,4.0,3.04598,7.010980005,80.69395003
1,2,58_69,23.38242,58.99028,16.69,1.58594,5.28799,1.28757,0.06345,0.44132,12.98952,22.56732,1.0,1.62019,7.075430005,80.54362203
1,4,58_64,16.93399,68.62755,13.13225,2.25751,5.11482,1.23477,0.06238,2.39542,13.40856,17.61549,2.0,2.37005,6.946110005,80.54114103
1,1,63_68,24.8016,54.37787,19.71721,2.0928,5.29943,1.20106,0.06742,3.4132,14.58756,27.08512,2.0,2.17141,7.062741005,80.68937503
1,4,62_69,24.35038,55.42733,19.18836,1.49535,5.37596,1.24596,0.06454,2.98363,14.22114,26.31801,2.0,1.99998,7.074859005,80.65264203
1,2,62_66,24.98678,54.82822,19.26121,2.27301,5.26043,1.18566,0.06676,2.71528,14.62147,26.3106,2.0,6.17508,7.007876005,80.66544103
1,4,62_64,27.27088,52.11171,20.62275,2.27821,5.13289,1.18045,0.06417,0.2205,15.04669,26.66853,1.0,0.4672,6.934188005,80.66055833
1,1,62_67,24.91782,54.91101,19.12293,2.24957,5.27423,1.19537,0.06665,2.97474,14.61937,26.44496,1.0,5.40546,7.031954005,80.66098803
1,3,61_68,24.10011,56.65901,18.1471,1.57335,5.3548,1.21718,0.06561,2.16959,14.07381,24.80771,4.0,4.28515,7.063603005,80.63485303
1,4,67_70,21.54209,56.98032,19.75985,2.04901,5.49355,1.24283,0.05964,10.07931,15.17687,29.9697,3.0,3.96296,7.099281387,80.79931601
1,1,68_69,20.93077,57.61498,19.77222,2.07633,5.4668,1.2301,0.06119,11.07531,15.18134,30.58448,4.0,0.85989,7.077746005,80.81931603
1,1,56_66,19.371,65.44316,13.84134,1.563,5.21907,1.29479,0.06123,3.16026,12.12759,21.02589,1.0,1.59238,7.009249515,80.49217198
1,4,60_62,22.11106,60.66133,16.11188,2.24383,5.07218,1.2364,0.06234,2.22464,14.12761,22.09269,2.0,1.5888,6.892152005,80.59718503
1,0,55_66,20.31947,63.90936,14.35242,1.49138,5.15296,1.27155,0.05956,3.78202,12.29904,22.54275,2.0,1.63293,6.996687605,80.46621503
1,0,55_66,20.31947,63.90936,14.35242,1.49138,5.15296,1.27155,0.05956,3.78202,12.29904,22.54275,3.0,1.8545,6.993944005,80.46067503
1,4,57_63,19.45738,65.4211,13.68519,2.17174,5.06651,1.2714,0.05938,3.26349,13.38873,20.5549,2.0,0.60367,6.903972005,80.52938503
1,4,60_62,22.11106,60.66133,16.11188,2.24383,5.07218,1.2364,0.06234,2.22464,14.12761,22.09269,2.0,0.98704,6.886804005,80.59830403
1,0,55_66,20.38757,63.65615,14.55906,1.48841,5.16772,1.3064,0.06023,3.56037,12.30014,22.41836,2.0,1.24325,7.006591005,80.47056803
1,0,55_66,20.31947,63.90936,14.35242,1.49138,5.15296,1.27155,0.05956,3.78202,12.29904,22.54275,2.0,1.91984,6.997727005,80.46328303
1,1,70_69,18.55234,60.30385,18.84922,2.1829,5.50749,1.21848,0.06266,16.90692,15.73375,34.12032,2.0,5.51694,7.066069005,80.88450203
1,1,70_69,18.55234,60.30385,18.84922,2.1829,5.50749,1.21848,0.06266,16.90692,15.73375,34.12032,2.0,5.75072,7.069240005,80.88529503
1,1,70_68,18.45937,60.05798,19.07875,2.19479,5.48946,1.21186,0.06362,17.94267,15.73645,35.05159,2.0,4.88996,7.055852005,80.88591103
1,1,70_69,18.55234,60.30385,18.84922,2.1829,5.50749,1.21848,0.06266,16.90692,15.73375,34.12032,2.0,5.75212,7.069888005,80.88527203
1,1,62_67,24.91782,54.91101,19.12293,2.24957,5.27423,1.19537,0.06665,2.97474,14.61937,26.44496,1.0,5.97461,7.026247005,80.66453903
1,0,55_65,20.38053,64.2609,13.92473,2.01568,5.09092,1.26836,0.06026,3.35098,12.65436,22.13068,2.0,1.25399,6.978896721,80.45870463
1,1,56_67,19.44413,65.4583,13.73009,1.56166,5.21119,1.29724,0.06125,3.34835,12.12644,21.27729,1.0,1.93449,7.016775005,80.48795803
1,4,60_62,22.11106,60.66133,16.11188,2.24383,5.07218,1.2364,0.06234,2.22464,14.12761,22.09269,2.0,1.34242,6.889711005,80.59688303
1,4,60_62,22.70368,59.68487,16.58651,2.25147,5.07199,1.2311,0.06274,2.05535,14.13058,22.6004,2.0,1.46159,6.891509005,80.60211703
1,1,69_69,20.20888,58.3478,19.69868,2.09089,5.45755,1.22323,0.06201,12.43584,15.18454,31.33634,2.0,0.68255,7.066521005,80.83947603
1,3,60_60,23.37431,58.49665,16.63932,2.28562,5.0909,1.23391,0.06205,3.68164,13.43268,23.88376,1.0,4.01807,6.839110005,80.61085503
1,1,68_72,21.09129,59.32441,18.2034,1.50254,5.58312,1.28764,0.05499,8.78111,14.85678,28.60171,3.0,3.04976,7.153096005,80.82326603
1,4,65_72,23.41561,56.23968,18.90466,1.51667,5.50731,1.26591,0.05634,5.20079,14.21989,27.1377,2.0,3.6632,7.156421005,80.73231603
1,1,65_71,23.35209,55.86067,19.26493,1.52365,5.47989,1.26125,0.05613,6.79757,14.22297,28.53297,3.0,3.74656,7.140362805,80.74631003
1,4,64_64,28.52658,49.0855,22.13637,2.34924,5.29095,1.17213,0.06861,1.16248,15.78678,28.84793,2.0,2.30624,6.949453005,80.70752503
1,1,56_66,19.08748,65.8959,13.66384,1.567,5.21456,1.2925,0.06064,3.21665,12.12732,20.7671,1.0,1.22723,7.005202005,80.49063303
1,1,68_72,21.09129,59.32441,18.2034,1.50254,5.58312,1.28764,0.05499,8.78111,14.85678,28.60171,3.0,3.04976,7.153096005,80.82326603
1,4,65_72,23.41561,56.23968,18.90466,1.51667,5.50731,1.26591,0.05634,5.20079,14.21989,27.1377,2.0,3.6632,7.156421005,80.73231603
1,4,65_65,26.30059,51.2283,21.44703,2.31512,5.30721,1.15486,0.06918,4.16831,15.78998,29.30241,1.0,2.96083,6.982160005,80.74329003
1,2,59_62,21.79866,61.06427,16.07253,2.2368,5.0779,1.23699,0.0624,2.1321,14.12706,21.86204,2.0,2.34873,6.897527005,80.59200503
1,3,71_69,18.59488,60.57418,18.6324,2.17115,5.5256,1.225,0.0617,16.05942,15.73107,33.3261,3.0,6.61028,7.079872005,80.89166803
1,3,60_66,21.32438,60.80568,16.92311,2.27752,5.22136,1.20015,0.06351,1.50582,14.32877,21.51229,3.0,2.58623,7.001551005,80.61804203
1,2,69_66,20.08206,57.55273,20.07306,2.18461,5.4233,1.17487,0.06771,15.70769,15.39642,34.55177,1.0,3.09662,7.003088005,80.85774803
1,1,56_67,19.67694,64.95882,14.02813,1.55904,5.22352,1.32236,0.06186,3.09667,12.12789,21.29682,2.0,2.08835,7.020588005,80.48889303
1,3,54_66,20.49879,63.85738,14.18967,1.48885,5.13431,1.30843,0.05939,4.16675,12.29715,23.12216,2.0,2.75276,6.993418005,80.44901503
1,4,60_62,21.76971,60.84576,16.18389,2.18752,5.14082,1.23927,0.0624,2.33257,14.11292,21.66127,2.0,0.20018,6.880140005,80.60114103
1,0,59_60,21.44549,62.14114,14.65714,2.39877,5.09956,1.25613,0.05827,4.55506,13.02857,22.12628,2.0,0.36494,6.834657005,80.57052003
1,1,56_67,19.67694,64.95882,14.02813,1.55904,5.22352,1.32236,0.06186,3.09667,12.12789,21.29682,2.0,2.08835,7.020588005,80.48889303
1,1,68_72,21.09129,59.32441,18.2034,1.50254,5.58312,1.28764,0.05499,8.78111,14.85678,28.60171,3.0,3.04976,7.153096005,80.82326603
1,4,65_72,23.41561,56.23968,18.90466,1.51667,5.50731,1.26591,0.05634,5.20079,14.21989,27.1377,2.0,3.6632,7.156421005,80.73231603
1,4,67_70,21.96456,57.07444,19.26019,1.48932,5.51593,1.27792,0.05702,9.61303,14.33592,29.85373,2.0,4.99447,7.117157005,80.79182603
1,2,67_63,29.74675,45.71689,24.17025,2.14988,5.28554,1.14571,0.07472,1.10355,15.03181,30.37457,1.0,3.01306,6.924545005,80.78972703
1,4,67_66,24.89665,52.0653,21.59161,2.27931,5.27432,1.14723,0.06983,8.10742,15.84916,31.74639,1.0,2.04078,6.983780005,80.80507003
1,1,65_62,28.10341,48.854,22.53543,2.27046,5.27565,1.14872,0.07084,0.97598,15.33487,28.10826,1.0,3.88987,6.882452005,80.73641703
1,1,70_69,20.33629,58.31325,19.31201,2.18749,5.48952,1.21463,0.06151,14.33414,16.03778,33.33722,1.0,4.57738,7.082716005,80.87150903
1,2,69_70,19.98612,59.01541,19.26819,2.09553,5.50204,1.23612,0.06046,12.00668,15.7043,30.72445,2.0,4.22122,7.092543005,80.86142403
1,4,62_69,24.35038,55.42733,19.18836,1.49535,5.37596,1.24596,0.06454,2.98363,14.22114,26.31801,2.0,1.97159,7.074713005,80.65295503
1,2,66_64,27.91366,48.4124,22.92944,2.24188,5.30958,1.13047,0.07306,3.05166,15.60973,30.13716,2.0,0.79619,6.948416005,80.77297103
1,1,66_65,27.01344,49.96761,22.06689,2.34736,5.28097,1.13985,0.07132,3.97068,15.79455,29.95306,2.0,0.41151,6.968752005,80.76358203
1,1,60_68,24.09686,57.11183,17.91144,2.06102,5.35293,1.21901,0.06803,-0.34943,13.8129,22.37529,3.0,4.63487,7.046711005,80.61233003
1,4,62_69,24.68674,54.92613,19.32407,2.07121,5.31354,1.21078,0.06745,2.65051,14.58241,26.25882,2.0,1.39387,7.067396005,80.66984303
1,4,62_69,24.35038,55.42733,19.18836,1.49535,5.37596,1.24596,0.06454,2.98363,14.22114,26.31801,2.0,1.99998,7.074859005,80.65264203
1,4,62_69,24.68674,54.92613,19.32407,2.07121,5.31354,1.21078,0.06745,2.65051,14.58241,26.25882,3.0,1.66961,7.065473005,80.67411903
1,0,60_64,20.00316,63.22983,15.84678,2.30037,5.13867,1.2074,0.06416,1.75024,13.42697,20.31248,3.0,2.32406,6.950989552,80.60425843
1,0,58_68,22.4694,60.35802,16.14084,1.61564,5.24993,1.28413,0.06474,1.09981,12.57441,22.28491,2.0,2.61343,7.063318005,80.55269203
1,1,62_67,24.60543,55.50202,18.90532,2.25471,5.27196,1.19413,0.06667,2.62581,14.6183,25.81049,1.0,6.64479,7.017488005,80.65126603
1,1,62_67,24.60543,55.50202,18.90532,2.25471,5.27196,1.19413,0.06667,2.62581,14.6183,25.81049,1.0,6.64063,7.017446005,80.65124603
1,1,62_67,24.93742,54.888,19.07345,2.23801,5.28136,1.20004,0.0666,3.06118,14.61837,26.52714,2.0,5.03271,7.035699005,80.65956303
1,1,62_67,24.64539,55.44311,18.87262,2.24333,5.27837,1.1987,0.06666,2.71819,14.61729,25.92223,1.0,5.72474,7.030593005,80.65452403
1,4,61_67,23.18124,57.91937,17.91698,2.24584,5.2809,1.1992,0.06661,2.02911,14.61286,23.78494,3.0,4.14278,7.013010005,80.62703203
1,1,63_69,24.72627,54.7003,19.46475,2.07574,5.31242,1.20829,0.06735,3.02413,14.58446,26.62468,2.0,1.539,7.066335005,80.68264103
1,4,62_68,24.81032,55.22952,18.83415,2.22087,5.29168,1.2075,0.06665,2.82182,14.61536,26.15735,3.0,3.70425,7.051178005,80.65291203
1,4,62_68,24.61947,55.6382,18.63402,2.21519,5.29439,1.21043,0.06677,2.55315,14.61336,25.71222,2.0,3.95014,7.052252005,80.64748103
1,0,59_68,21.96769,60.75042,16.32428,1.60774,5.29969,1.23544,0.06021,0.9485,12.9923,21.58871,2.0,2.40646,7.041612005,80.57744803
1,3,61_68,24.20663,56.33922,18.38654,2.22019,5.29139,1.20942,0.06683,2.30862,14.61225,25.07158,2.0,5.6996,7.042942005,80.63414103
1,0,59_68,23.06596,59.13443,16.86347,1.59951,5.30558,1.27378,0.06147,0.78173,12.99304,22.55583,2.0,2.47797,7.057953005,80.57598703
1,4,62_68,24.81032,55.22952,18.83415,2.22087,5.29168,1.2075,0.06665,2.82182,14.61536,26.15735,2.0,4.22363,7.047300005,80.65024303
1,1,62_67,24.93742,54.888,19.07345,2.23801,5.28136,1.20004,0.0666,3.06118,14.61837,26.52714,2.0,5.03608,7.035667005,80.65956603
1,0,59_67,20.43313,62.33094,16.20936,2.25391,5.22793,1.21188,0.06318,1.37131,14.32318,20.47996,2.0,0.98374,7.015847005,80.59186303
1,2,61_66,23.59552,57.22234,18.26707,2.26352,5.27087,1.19088,0.06657,2.07586,14.61597,24.26651,2.0,4.30575,7.006399405,80.63318403
1,1,60_68,24.09686,57.11183,17.91144,2.06102,5.35293,1.21901,0.06803,-0.34943,13.8129,22.37529,3.0,4.60722,7.046005005,80.61264303
1,4,62_69,24.35038,55.42733,19.18836,1.49535,5.37596,1.24596,0.06454,2.98363,14.22114,26.31801,2.0,2.05027,7.075110405,80.65209703
1,1,62_67,24.60543,55.50202,18.90532,2.25471,5.27196,1.19413,0.06667,2.62581,14.6183,25.81049,1.0,6.64063,7.017446005,80.65124603
1,1,62_67,24.60543,55.50202,18.90532,2.25471,5.27196,1.19413,0.06667,2.62581,14.6183,25.81049,1.0,6.64474,7.017487005,80.65126603
1,1,66_65,26.29562,50.65081,21.98572,2.28885,5.27388,1.14436,0.06954,5.60988,15.84553,30.77012,1.0,0.53716,6.971607005,80.77475703
1,1,63_68,24.7446,54.63788,19.5608,2.08807,5.30142,1.20366,0.06745,3.01715,14.5855,26.67954,3.0,2.04864,7.061475005,80.68020103
1,3,63_64,29.80849,48.18089,22.16662,2.33265,5.19123,1.16913,0.0624,0.66647,15.30552,29.8901,1.0,1.43898,6.938454005,80.69010003
1,1,63_63,31.94152,45.51153,23.43078,2.22485,5.22165,1.17507,0.06398,-1.32644,14.56096,30.3576,1.0,3.06282,6.908325078,80.68274402
1,1,63_69,24.72627,54.7003,19.46475,2.07574,5.31242,1.20829,0.06735,3.02413,14.58446,26.62468,2.0,1.61037,7.066404005,80.68522303
1,1,62_67,24.93742,54.888,19.07345,2.23801,5.28136,1.20004,0.0666,3.06118,14.61837,26.52714,2.0,5.03608,7.035667005,80.65956603
1,1,66_65,26.29562,50.65081,21.98572,2.28885,5.27388,1.14436,0.06954,5.60988,15.84553,30.77012,1.0,0.53716,6.971607005,80.77475703
1,4,67_66,24.52839,52.53154,21.41568,2.26584,5.28258,1.15263,0.06913,8.68826,15.84848,31.89363,2.0,1.18264,6.993299388,80.79940025
1,1,65_62,28.10341,48.854,22.53543,2.27046,5.27565,1.14872,0.07084,0.97598,15.33487,28.10826,1.0,3.88897,6.882298005,80.73607503
1,4,62_64,25.51614,54.52722,19.64637,2.26672,5.16552,1.15383,0.06611,0.44469,14.59016,24.85163,1.0,1.49504,6.942693005,80.65465903
1,4,65_65,26.20026,51.19955,21.50544,2.31801,5.30299,1.1531,0.0697,4.58771,15.79154,29.61359,2.0,1.6961,6.980548005,80.75465903
1,1,66_65,27.2113,49.36278,22.53472,2.22925,5.3159,1.13526,0.07251,3.82686,15.60966,30.10894,2.0,0.97877,6.958950005,80.77100553
1,1,65_62,28.10341,48.854,22.53543,2.27046,5.27565,1.14872,0.07084,0.97598,15.33487,28.10826,1.0,3.88845,6.882343005,80.73619203
1,2,59_62,21.79866,61.06427,16.07253,2.2368,5.0779,1.23699,0.0624,2.1321,14.12706,21.86204,2.0,2.34873,6.897527005,80.59200503
1,4,62_69,24.43685,55.47082,19.0893,1.51125,5.34595,1.25119,0.06199,3.69332,13.9626,26.99562,2.0,0.29805,7.077333005,80.66961003
1,3,61_68,24.10011,56.65901,18.1471,1.57335,5.3548,1.21718,0.06561,2.16959,14.07381,24.80771,4.0,4.40706,7.063837005,80.63323303
1,2,61_66,23.59552,57.22234,18.26707,2.26352,5.27087,1.19088,0.06657,2.07586,14.61597,24.26651,2.0,4.56127,7.007007855,80.63546503
1,1,70_69,20.33629,58.31325,19.31201,2.18749,5.48952,1.21463,0.06151,14.33414,16.03778,33.33722,1.0,4.57738,7.082716005,80.87150903
1,0,61_65,21.82845,60.01261,17.32628,2.30546,5.2068,1.18775,0.06352,1.45057,14.33274,21.97146,2.0,3.25171,6.982156005,80.62709903
1,1,65_62,28.10341,48.854,22.53543,2.27046,5.27565,1.14872,0.07084,0.97598,15.33487,28.10826,1.0,3.88897,6.882298005,80.73607503
1,1,66_65,27.36632,49.31412,22.50399,2.22727,5.31797,1.1384,0.07201,3.44151,15.60838,29.8791,2.0,0.92958,6.958669005,80.76925803
1,4,62_62,26.9768,52.19738,20.45703,2.22933,5.22148,1.18533,0.06376,0.92472,14.55587,26.52922,1.0,2.48405,6.884413855,80.67203932
1,0,59_68,22.30667,60.33039,16.40522,1.60188,5.29766,1.27918,0.06095,0.8363,12.99153,21.82991,2.0,3.17272,7.053616005,80.56871603
1,1,62_67,24.60543,55.50202,18.90532,2.25471,5.27196,1.19413,0.06667,2.62581,14.6183,25.81049,1.0,6.64063,7.017446005,80.65124603
1,1,62_67,24.60543,55.50202,18.90532,2.25471,5.27196,1.19413,0.06667,2.62581,14.6183,25.81049,1.0,6.69002,7.019284005,80.65072303
1,1,62_67,24.60543,55.50202,18.90532,2.25471,5.27196,1.19413,0.06667,2.62581,14.6183,25.81049,1.0,6.64063,7.017446005,80.65124603
1,1,62_67,24.60543,55.50202,18.90532,2.25471,5.27196,1.19413,0.06667,2.62581,14.6183,25.81049,1.0,6.64474,7.017487005,80.65126603
1,2,61_66,21.82845,60.01261,17.32628,2.30546,5.2068,1.18775,0.06352,1.45057,14.33274,21.97146,3.0,3.37976,6.983202005,80.62850103
1,1,63_69,24.72627,54.7003,19.46475,2.07574,5.31242,1.20829,0.06735,3.02413,14.58446,26.62468,3.0,1.51495,7.066478005,80.67779703
1,4,67_66,24.52839,52.53154,21.41568,2.26584,5.28258,1.15263,0.06913,8.68826,15.84848,31.89363,2.0,1.65986,6.991027224,80.80346132
1,4,62_68,24.5375,55.22623,19.30339,2.09044,5.29483,1.20459,0.06763,2.3204,14.58238,25.89546,1.0,3.72068,7.047022005,80.66331903
1,3,65_66,25.08778,52.94385,21.16395,2.29081,5.29463,1.17309,0.06525,4.19922,15.64896,28.06141,3.0,2.13499,7.003647805,80.73027403
1,3,65_66,25.08778,52.94385,21.16395,2.29081,5.29463,1.17309,0.06525,4.19922,15.64896,28.06141,3.0,2.13479,7.003647405,80.73027003
1,4,62_68,24.5375,55.22623,19.30339,2.09044,5.29483,1.20459,0.06763,2.3204,14.58238,25.89546,1.0,3.72588,7.047075005,80.66283703
1,4,62_68,24.5375,55.22623,19.30339,2.09044,5.29483,1.20459,0.06763,2.3204,14.58238,25.89546,1.0,3.33242,7.050125005,80.66604203
1,4,62_68,24.5375,55.22623,19.30339,2.09044,5.29483,1.20459,0.06763,2.3204,14.58238,25.89546,1.0,3.31066,7.050375005,80.66567303
1,4,62_68,24.5375,55.22623,19.30339,2.09044,5.29483,1.20459,0.06763,2.3204,14.58238,25.89546,1.0,3.55282,7.048855005,80.66210303
1,4,60_62,22.11106,60.66133,16.11188,2.24383,5.07218,1.2364,0.06234,2.22464,14.12761,22.09269,2.0,0.85142,6.885956005,80.60004803
1,3,71_70,17.7339,62.03863,18.45343,2.1261,5.52748,1.25185,0.06028,14.43164,15.2225,30.97297,2.0,7.41669,7.099164005,80.89205103
1,1,66_65,26.29562,50.65081,21.98572,2.28885,5.27388,1.14436,0.06954,5.60988,15.84553,30.77012,2.0,0.54783,6.974415005,80.77831903
1,2,62_59,24.08393,56.46159,18.11393,2.35443,5.13752,1.20618,0.0629,2.88001,14.01378,24.4121,2.0,0.77828,6.813433005,80.66481103
1,1,56_66,19.14495,65.67743,13.78113,2.03831,5.17352,1.29253,0.06248,3.2904,12.79422,20.87264,2.0,1.26089,6.991223005,80.48617803
1,4,62_68,24.5375,55.22623,19.30339,2.09044,5.29483,1.20459,0.06763,2.3204,14.58238,25.89546,1.0,3.65396,7.048053005,80.66155103
1,4,62_68,24.5375,55.22623,19.30339,2.09044,5.29483,1.20459,0.06763,2.3204,14.58238,25.89546,1.0,3.69769,7.047409005,80.66251103
1,4,62_69,24.68674,54.92613,19.32407,2.07121,5.31354,1.21078,0.06745,2.65051,14.58241,26.25882,2.0,1.08567,7.070183305,80.67014903
1,4,62_69,24.37349,55.2659,19.28571,1.49757,5.37617,1.2439,0.06427,3.29207,14.22292,26.60687,2.0,1.3152,7.082255005,80.65831003
1,4,62_69,24.37349,55.2659,19.28571,1.49757,5.37617,1.2439,0.06427,3.29207,14.22292,26.60687,2.0,1.3152,7.082255005,80.65831003
1,0,59_68,22.30667,60.33039,16.40522,1.60188,5.29766,1.27918,0.06095,0.8363,12.99153,21.82991,2.0,3.00154,7.053825005,80.57280803
1,1,63_69,24.72627,54.7003,19.46475,2.07574,5.31242,1.20829,0.06735,3.02413,14.58446,26.62468,2.0,1.67032,7.064936005,80.67888803
1,0,58_63,19.57816,64.95632,14.08636,2.1844,5.0783,1.26068,0.05985,3.04004,13.39347,20.45109,2.0,2.23389,6.911116305,80.55312103
1,3,71_70,18.59894,60.86542,18.42441,2.15956,5.54374,1.23143,0.06075,15.34946,15.72842,32.6315,4.0,7.03347,7.091618005,80.89188103
1,4,60_62,22.11106,60.66133,16.11188,2.24383,5.07218,1.2364,0.06234,2.22464,14.12761,22.09269,2.0,1.79225,6.894245005,80.59804203
1,0,63_62,29.35084,48.40356,22.35758,2.24016,5.21703,1.16867,0.06608,0.12618,14.56406,28.74788,1.0,3.43148,6.899018005,80.69824603
1,2,68_71,21.69544,57.68391,19.16762,2.11855,5.48222,1.24393,0.05858,9.70356,15.66968,30.0237,2.0,5.97829,7.125726005,80.82609003
1,4,70_70,17.7339,62.03863,18.45343,2.1261,5.52748,1.25185,0.06028,14.43164,15.2225,30.97297,4.0,6.78419,7.093344005,80.88862003
1,4,70_70,17.7339,62.03863,18.45343,2.1261,5.52748,1.25185,0.06028,14.43164,15.2225,30.97297,2.0,6.84506,7.092756005,80.88950803
1,3,71_67,17.04783,60.69407,19.44197,2.14853,5.46247,1.21353,0.06532,21.40631,15.84686,37.10652,2.0,5.58399,7.027853005,80.91386103
1,3,71_67,17.04783,60.69407,19.44197,2.14853,5.46247,1.21353,0.06532,21.40631,15.84686,37.10652,2.0,5.65812,7.028488005,80.91364603
1,4,62_68,24.47111,55.83422,18.6207,2.22609,5.28827,1.20629,0.06673,2.53349,14.61428,25.55431,2.0,4.76153,7.043103005,80.64778103
1,2,58_69,23.77345,58.24053,17.07376,1.58837,5.30025,1.27909,0.06315,0.46585,12.99154,23.00246,3.0,2.20103,7.074306005,80.56090803
1,2,68_71,21.69544,57.68391,19.16762,2.11855,5.48222,1.24393,0.05858,9.70356,15.66968,30.0237,4.0,5.99932,7.125525005,80.82620103
1,2,68_71,21.69544,57.68391,19.16762,2.11855,5.48222,1.24393,0.05858,9.70356,15.66968,30.0237,2.0,5.9658,7.125921005,80.82527003
1,4,61_67,23.18124,57.91937,17.91698,2.24584,5.2809,1.1992,0.06661,2.02911,14.61286,23.78494,3.0,4.27828,7.015541005,80.62640003
1,4,62_68,24.5794,55.19591,19.24444,2.07847,5.30438,1.20901,0.06761,2.33169,14.58136,25.90984,1.0,2.30867,7.062878005,80.65804163
1,4,62_68,24.5375,55.22623,19.30339,2.09044,5.29483,1.20459,0.06763,2.3204,14.58238,25.89546,1.0,3.68293,7.047561005,80.66244603
1,1,72_68,17.00524,62.27855,18.33705,2.03153,5.53465,1.24324,0.06299,16.85973,15.51759,32.61275,3.0,8.81653,7.059541005,80.93547603
1,3,71_69,18.59894,60.86542,18.42441,2.15956,5.54374,1.23143,0.06075,15.34946,15.72842,32.6315,4.0,6.74114,7.083146005,80.89206103
1,0,59_63,19.41821,64.85621,14.45646,2.19008,5.09355,1.25403,0.06049,2.71946,13.3976,20.15159,2.0,1.55194,6.913780005,80.56733803
1,0,56_65,18.99537,66.06401,13.72324,2.15438,5.137,1.28511,0.0632,1.98106,12.78955,19.43513,3.0,2.07869,6.979638005,80.50384803
1,1,72_68,17.05255,61.69986,18.73138,2.04595,5.50683,1.23286,0.06415,18.30413,15.52191,34.0673,1.0,8.15431,7.053704005,80.92767903
1,4,67_69,22.11407,55.93933,20.30214,2.08426,5.44115,1.22688,0.0619,9.73453,15.17986,30.30148,3.0,2.56958,7.071632254,80.79679669
1,3,71_69,18.59488,60.57418,18.6324,2.17115,5.5256,1.225,0.0617,16.05942,15.73107,33.3261,3.0,6.75347,7.081851005,80.89252403
1,4,67_69,22.01726,56.10996,20.11336,2.05889,5.47251,1.23857,0.06044,9.96214,15.17719,30.23936,3.0,3.42223,7.089304198,80.79578589
1,0,56_65,18.99537,66.06401,13.72324,2.15438,5.137,1.28511,0.0632,1.98106,12.78955,19.43513,3.0,2.07665,6.979911005,80.50403603
1,4,58_64,18.33708,66.49251,13.86116,2.17431,5.09814,1.26422,0.06033,2.75287,13.39392,19.21636,2.0,3.63071,6.929191005,80.55496003
1,4,55_64,19.97943,64.67827,13.92873,2.05042,5.09242,1.25553,0.05968,3.0722,12.6586,21.29232,2.0,3.28471,6.941765005,80.47387803
1,3,64_67,24.50494,53.66256,20.85161,2.26474,5.31671,1.18482,0.0642,4.85552,15.64712,28.0042,,0.7692,7.018896005,80.72687403
1,4,62_68,24.5375,55.22623,19.30339,2.09044,5.29483,1.20459,0.06763,2.3204,14.58238,25.89546,1.0,3.66922,7.047945005,80.66142003
1,0,55_66,20.38757,63.65615,14.55906,1.48841,5.16772,1.3064,0.06023,3.56037,12.30014,22.41836,2.0,0.80463,6.999880005,80.47315103
1,3,61_68,24.20663,56.33922,18.38654,2.22019,5.29139,1.20942,0.06683,2.30862,14.61225,25.07158,2.0,5.61003,7.042883005,80.63538103
1,2,66_64,27.91366,48.4124,22.92944,2.24188,5.30958,1.13047,0.07306,3.05166,15.60973,30.13716,2.0,0.59114,6.949600293,80.77466517
1,1,58_60,20.65788,63.6809,13.98711,2.4875,5.06241,1.26646,0.05786,4.47342,13.05268,21.80243,2.0,0.82739,6.831271005,80.53881003
1,4,67_70,21.83649,56.62025,19.77455,2.03563,5.50798,1.24888,0.05892,9.71977,15.1748,29.76631,3.0,5.00036,7.110037589,80.79896012
1,4,58_64,18.33708,66.49251,13.86116,2.17431,5.09814,1.26422,0.06033,2.75287,13.39392,19.21636,2.0,3.63071,6.929191005,80.55496003
1,3,71_67,16.17254,60.26237,20.24351,2.17365,5.4211,1.19905,0.06741,27.18223,15.85155,41.90933,2.0,4.55846,7.015925005,80.90976603
1,4,62_69,24.63615,55.15521,19.18604,2.06666,5.31426,1.2133,0.06759,2.31198,14.58036,25.91214,2.0,1.10013,7.071098662,80.6655524
1,3,59_64,16.99989,67.75681,14.13813,2.28213,5.14305,1.2194,0.06328,1.92229,13.42041,17.47169,1.0,3.02061,6.95157574,80.58827008
1,0,56_65,18.99537,66.06401,13.72324,2.15438,5.137,1.28511,0.0632,1.98106,12.78955,19.43513,3.0,2.41653,6.982482005,80.50204803
1,4,64_64,29.0589,48.18431,22.4852,2.26966,5.28009,1.16106,0.06648,1.73758,15.45195,30.00779,3.0,2.33035,6.940790005,80.71811503
1,0,60_64,20.00316,63.22983,15.84678,2.30037,5.13867,1.2074,0.06416,1.75024,13.42697,20.31248,3.0,2.32408,6.950989552,80.60425487
1,3,59_64,16.99989,67.75681,14.13813,2.28213,5.14305,1.2194,0.06328,1.92229,13.42041,17.47169,1.0,3.02061,6.95157574,80.58827008
1,0,59_67,20.43313,62.33094,16.20936,2.25391,5.22793,1.21188,0.06318,1.37131,14.32318,20.47996,2.0,1.1455,7.011979339,80.59222897
1,4,61_67,23.41234,57.5841,17.98992,2.23529,5.28527,1.20276,0.06671,2.0751,14.61198,24.0561,3.0,4.57188,7.018459005,80.62724403
1,4,67_69,21.68807,56.57034,20.05463,2.07315,5.45968,1.23181,0.06119,10.21612,15.17949,30.34419,2.0,2.28023,7.081393005,80.80279503
1,4,67_70,21.43989,57.29916,19.5629,2.0377,5.51182,1.24786,0.05885,9.86238,15.17566,29.6523,3.0,4.1336,7.103617005,80.80363603
1,0,72_70,15.56912,65.59981,16.88597,1.30356,5.67339,1.32789,0.05874,14.84143,13.75203,29.22359,2.0,10.08904,7.108819905,80.92680503
1,2,60_69,24.43865,56.35093,18.30314,1.4943,5.41889,1.25173,0.06567,0.39294,13.45431,23.45119,2.0,4.39809,7.067005005,80.61762803
1,0,66_73,22.65279,58.0047,18.02919,1.52726,5.628,1.28332,0.05336,6.5174,14.58359,27.86571,2.0,6.14979,7.181812005,80.77539203
1,4,62_64,27.27088,52.11171,20.62275,2.27821,5.13289,1.18045,0.06417,0.2205,15.04669,26.66853,1.0,0.85626,6.937565905,80.66164903
1,1,60_68,24.09686,57.11183,17.91144,2.06102,5.35293,1.21901,0.06803,-0.34943,13.8129,22.37529,3.0,4.65041,7.045396005,80.61377103
1,1,60_68,23.64225,57.37707,17.91385,2.20864,5.29684,1.21554,0.06711,1.92716,14.6083,24.13154,2.0,4.61375,7.042075005,80.61615003
1,1,66_65,26.29562,50.65081,21.98572,2.28885,5.27388,1.14436,0.06954,5.60988,15.84553,30.77012,2.0,0.41315,6.973237005,80.77963003
1,4,61_67,23.41234,57.5841,17.98992,2.23529,5.28527,1.20276,0.06671,2.0751,14.61198,24.0561,3.0,4.76417,7.024852605,80.62534303
1,2,61_66,23.69771,57.06379,18.2786,2.25258,5.27593,1.19713,0.06661,2.16643,14.615,24.44837,2.0,4.11946,7.008752005,80.62990603
1,4,55_64,20.10199,64.65062,13.81913,2.05288,5.07752,1.25457,0.0592,3.23639,12.65786,21.54708,2.0,3.22489,6.935595005,80.46857003
1,2,59_61,21.11591,62.07796,15.39931,2.17978,5.13274,1.24876,0.06158,2.73306,14.10766,21.07925,,0.49837,6.869013005,80.57440003
1,4,61_67,23.92797,56.85671,18.14993,2.21436,5.29425,1.21252,0.06696,2.10712,14.61025,24.59555,2.0,4.74004,7.035678005,80.62147003
1,1,60_68,22.8475,59.55416,16.67785,2.15768,5.25413,1.23,0.06286,0.2542,13.35308,21.7982,2.0,3.38609,7.042982005,80.60025403
1,4,61_67,23.18124,57.91937,17.91698,2.24584,5.2809,1.1992,0.06661,2.02911,14.61286,23.78494,3.0,3.78043,7.010545005,80.62482003
1,3,60_66,18.71509,64.8562,15.41366,2.28121,5.21602,1.20331,0.06217,1.43549,14.32437,18.81577,1.0,0.748,6.983804005,80.59385003
1,2,61_66,23.69771,57.06379,18.2786,2.25258,5.27593,1.19713,0.06661,2.16643,14.615,24.44837,2.0,4.11946,7.008752005,80.62990603
1,2,71_68,17.60564,60.03266,19.64561,2.14672,5.45969,1.2107,0.06484,21.0075,15.84769,37.24513,3.0,5.88751,7.042118005,80.90189303
1,2,70_67,18.13054,59.21321,19.88167,2.15853,5.45253,1.18504,0.06638,21.28707,15.39593,38.03347,1.0,3.41398,7.026055236,80.88064838
1,0,56_64,18.46755,66.78868,13.49448,2.19248,5.12656,1.24136,0.0621,2.06401,12.79244,18.76826,2.0,1.16617,6.948525005,80.50955003
1,3,67_72,22.7527,56.94816,18.76786,1.51948,5.5284,1.27778,0.05647,7.93002,14.5238,29.08065,1.0,6.21584,7.147145993,80.78505219
1,0,56_65,18.6401,66.36114,13.60984,2.0599,5.17005,1.28484,0.0618,3.16925,12.79614,20.17412,3.0,2.59769,6.973758005,80.49266503
1,0,56_65,18.6401,66.36114,13.60984,2.0599,5.17005,1.28484,0.0618,3.16925,12.79614,20.17412,2.0,2.34023,6.975123005,80.49061003
1,4,55_64,20.01358,64.64845,13.91962,2.05862,5.08676,1.25235,0.05946,3.08654,12.65924,21.28405,2.0,2.75152,6.937282005,80.47599803
1,4,67_70,21.43989,57.29916,19.5629,2.0377,5.51182,1.24786,0.05885,9.86238,15.17566,29.6523,3.0,4.1336,7.103617005,80.80363603
1,1,68_67,20.81198,57.46539,19.71756,2.138,5.46911,1.19592,0.06395,12.90821,15.38853,32.35997,2.0,1.78594,7.036481005,80.83519303
1,4,66_71,23.24041,55.90254,19.31573,1.52534,5.47485,1.25999,0.05588,7.36342,14.2244,28.95787,2.0,5.0107,7.144393305,80.75909003
1,4,62_69,24.63615,55.15521,19.18604,2.06666,5.31426,1.2133,0.06759,2.31198,14.58036,25.91214,2.0,1.35647,7.069218005,80.66414403
1,4,62_69,24.35038,55.42733,19.18836,1.49535,5.37596,1.24596,0.06454,2.98363,14.22114,26.31801,2.0,2.04825,7.073385005,80.65268103
1,4,62_69,24.57582,55.38643,19.05089,2.06209,5.31459,1.21585,0.06775,2.00515,14.57832,25.58314,2.0,2.035,7.072983005,80.65297003
1,3,65_66,24.97138,52.76223,21.36053,2.29716,5.28123,1.16673,0.06604,5.02123,15.65208,28.74883,1.0,3.37074,6.999693005,80.74275303
1,4,64_63,29.3094,48.19432,22.55508,2.24084,5.21915,1.16523,0.06689,0.32774,14.56675,28.96624,1.0,2.4529,6.909383005,80.70819003
1,1,66_65,27.36632,49.31412,22.50399,2.22727,5.31797,1.1384,0.07201,3.44151,15.60838,29.8791,2.0,1.15621,6.957081005,80.77084603
1,4,62_64,27.27088,52.11171,20.62275,2.27821,5.13289,1.18045,0.06417,0.2205,15.04669,26.66853,1.0,0.86617,6.937786005,80.66085703
1,4,62_62,27.49377,51.6869,20.71765,2.21619,5.22865,1.18777,0.06267,0.45588,14.55522,26.83,1.0,2.22536,6.897981005,80.65904303
1,3,65_66,25.90272,51.73974,21.23204,2.30208,5.31695,1.16079,0.06869,4.58613,15.78921,29.25217,1.0,2.65006,6.993515005,80.75019303
1,4,65_63,29.18639,47.81721,22.69304,2.28287,5.27079,1.15621,0.06754,1.62755,15.45309,30.03096,1.0,3.32279,6.924615005,80.72958303
1,4,61_67,23.18124,57.91937,17.91698,2.24584,5.2809,1.1992,0.06661,2.02911,14.61286,23.78494,3.0,4.1204,7.013545205,80.62629893
1,2,67_71,22.7527,56.94816,18.76786,1.51948,5.5284,1.27778,0.05647,7.93002,14.5238,29.08065,2.0,6.16804,7.144538048,80.78361746
1,3,63_64,27.58789,51.53501,20.89772,2.4082,5.16293,1.14987,0.06378,0.53879,14.96341,27.33015,2.0,0.73005,6.945825005,80.67511803
1,2,60_61,22.98428,59.15078,16.39786,2.27886,5.08624,1.23702,0.06156,3.68258,13.42994,23.59013,2.0,2.99825,6.851263005,80.60270203
1,0,72_70,15.56912,65.59981,16.88597,1.30356,5.67339,1.32789,0.05874,14.84143,13.75203,29.22359,2.0,10.19597,7.107876005,80.92618163
1,0,59_67,20.43313,62.33094,16.20936,2.25391,5.22793,1.21188,0.06318,1.37131,14.32318,20.47996,2.0,1.1455,7.011979339,80.59222897
1,1,60_68,23.64225,57.37707,17.91385,2.20864,5.29684,1.21554,0.06711,1.92716,14.6083,24.13154,2.0,4.90175,7.043606005,80.61826003
1,2,62_59,24.08393,56.46159,18.11393,2.35443,5.13752,1.20618,0.0629,2.88001,14.01378,24.4121,2.0,0.83357,6.812786005,80.66531703
1,1,66_65,26.0322,50.85516,21.95638,2.29067,5.27087,1.14329,0.06991,6.16071,15.84698,31.0442,2.0,0.73985,6.976064015,80.7805988
1,4,67_69,21.68807,56.57034,20.05463,2.07315,5.45968,1.23181,0.06119,10.21612,15.17949,30.34419,2.0,2.28023,7.081393005,80.80279503
1,2,70_67,18.13054,59.21321,19.88167,2.15853,5.45253,1.18504,0.06638,21.28707,15.39593,38.03347,1.0,3.18643,7.026023005,80.87856603
1,1,70_69,18.55234,60.30385,18.84922,2.1829,5.50749,1.21848,0.06266,16.90692,15.73375,34.12032,2.0,5.51694,7.066069005,80.88450203
1,4,58_64,16.93399,68.62755,13.13225,2.25751,5.11482,1.23477,0.06238,2.39542,13.40856,17.61549,2.0,2.0524,6.948338005,80.53931503
1,0,59_60,21.76396,61.39389,15.03211,2.2067,5.06293,1.25235,0.06178,3.78444,13.29921,21.51905,2.0,0.24136,6.834459005,80.57434803
1,4,70_70,18.60972,61.08055,18.55686,2.07338,5.55048,1.24832,0.05956,12.74713,15.39811,30.09826,2.0,6.31288,7.110332255,80.87044542
1,0,59_60,21.44549,62.14114,14.65714,2.39877,5.09956,1.25613,0.05827,4.55506,13.02857,22.12628,2.0,0.31068,6.834019005,80.57182203
1,1,70_69,18.91493,60.42446,18.57737,2.1613,5.53642,1.22937,0.06083,15.01622,15.72931,32.59389,3.0,5.4805,7.086249905,80.87888903
1,1,70_69,18.91493,60.42446,18.57737,2.1613,5.53642,1.22937,0.06083,15.01622,15.72931,32.59389,3.0,5.42097,7.086296605,80.87828169
1,4,67_65,26.55217,50.17258,22.22463,2.30459,5.26265,1.13945,0.07061,5.48296,15.84766,30.96726,1.0,0.99036,6.961373005,80.78285003
1,4,69_71,19.82235,60.23853,18.40994,1.50094,5.59065,1.29284,0.05548,10.75295,14.71367,29.28716,2.0,4.99829,7.135941671,80.84288669
1,4,69_71,19.82235,60.23853,18.40994,1.50094,5.59065,1.29284,0.05548,10.75295,14.71367,29.28716,2.0,4.99828,7.135941671,80.84288663
1,0,63_62,27.72595,50.78648,21.21138,2.24148,5.21649,1.17547,0.0655,0.75341,14.56012,27.32345,2.0,4.44991,6.881789005,80.69022603
1,4,67_70,21.83649,56.62025,19.77455,2.03563,5.50798,1.24888,0.05892,9.71977,15.1748,29.76631,3.0,4.61133,7.105828335,80.79863993
1,1,63_69,24.43523,55.30139,19.2141,1.51346,5.34542,1.24945,0.06162,4.09946,13.96449,27.34866,2.0,0.50452,7.075918005,80.67796003
1,1,60_63,22.93229,59.15041,17.09945,2.24507,5.08218,1.22659,0.06328,1.69423,14.1327,22.88076,3.0,1.77692,6.903933005,80.61974803
1,4,65_63,29.18639,47.81721,22.69304,2.28287,5.27079,1.15621,0.06754,1.62755,15.45309,30.03096,1.0,3.32279,6.924615005,80.72958303
1,1,61_69,24.38734,56.14674,18.33177,1.57003,5.36075,1.24519,0.06559,2.3424,14.07519,25.25279,1.0,2.88592,7.069733005,80.64598203
1,1,60_65,20.76651,61.78095,16.66133,2.26064,5.18247,1.19787,0.06418,0.89241,14.13347,20.25937,2.0,2.99892,6.955675005,80.61371703
1,3,59_69,23.40693,58.70617,16.96046,1.59381,5.30326,1.27659,0.06229,0.62967,12.99227,22.7709,3.0,1.79756,7.068285005,80.56871903
1,1,60_68,23.05511,59.00482,17.00907,1.60751,5.31118,1.23259,0.0606,0.97173,12.9951,22.70744,2.0,3.5863,7.051546005,80.59557703
1,1,63_68,24.67015,54.91094,19.40311,2.08328,5.30307,1.20631,0.06752,2.65754,14.58343,26.28818,2.0,2.79475,7.055191005,80.67517303
1,2,66_64,28.79585,47.20504,23.43042,2.25452,5.30369,1.14718,0.07364,2.14042,15.60979,30.23049,1.0,1.70892,6.935116005,80.77583803
1,4,61_64,22.44874,59.22891,17.63743,2.24224,5.17977,1.18802,0.0646,0.84821,14.58096,21.89677,1.0,2.86604,6.948851005,80.62280303
1,1,66_65,26.05529,51.23493,21.53895,2.32059,5.29922,1.15153,0.0702,5.04756,15.79309,29.91969,2.0,0.83187,6.981489005,80.76262003
1,0,56_65,18.99537,66.06401,13.72324,2.15438,5.137,1.28511,0.0632,1.98106,12.78955,19.43513,2.0,2.69407,6.980078335,80.49780169
1,0,56_65,18.99537,66.06401,13.72324,2.15438,5.137,1.28511,0.0632,1.98106,12.78955,19.43513,2.0,2.59496,6.979173305,80.49838333
1,1,56_66,19.56452,65.18934,14.05407,2.13844,5.1455,1.29005,0.06411,1.84123,12.78923,19.93854,2.0,2.02791,7.003360005,80.49854803
1,2,63_58,24.32907,55.78335,18.48044,2.26558,5.20652,1.21329,0.06345,3.8359,13.95346,25.85847,1.0,2.49903,6.790976005,80.68023703
1,0,56_65,18.96145,65.98728,13.65003,2.04668,5.16783,1.26503,0.06205,3.31959,12.79443,20.6819,2.0,1.77012,6.979585005,80.48601503
1,1,56_66,19.56452,65.18934,14.05407,2.13844,5.1455,1.29005,0.06411,1.84123,12.78923,19.93854,2.0,2.02791,7.003360005,80.49854803
1,3,65_66,24.97138,52.76223,21.36053,2.29716,5.28123,1.16673,0.06604,5.02123,15.65208,28.74883,1.0,2.65817,6.998714348,80.74945357
1,2,67_71,22.57463,56.87734,18.97255,1.52468,5.51353,1.27485,0.05673,8.77819,14.52574,29.71412,2.0,5.76555,7.138331665,80.79907836
1,0,59_68,22.86408,59.50915,16.6836,1.59785,5.30036,1.27521,0.06161,0.73938,12.9919,22.31199,2.0,2.82627,7.055557005,80.57252503
1,4,61_67,23.664,57.22579,18.06889,2.22479,5.2897,1.20876,0.06683,2.10143,14.61111,24.32909,2.0,4.93444,7.035369005,80.62356703
1,1,56_66,19.08748,65.8959,13.66384,1.567,5.21456,1.2925,0.06064,3.21665,12.12732,20.7671,1.0,1.02504,7.002698005,80.48946803
1,2,60_69,24.61402,56.21655,18.27919,1.48682,5.41673,1.27409,0.06698,0.12933,13.45238,23.40717,2.0,1.77284,7.074140005,80.59493803
1,2,61_70,24.63181,55.22204,19.10671,1.48404,5.39303,1.25351,0.06534,2.47159,14.2188,26.09335,,0.75925,7.100579005,80.64315103
1,4,62_68,24.34832,56.04641,18.47076,1.57795,5.35388,1.21173,0.06509,2.68971,14.07753,25.54145,1.0,2.61237,7.061047805,80.65588213
1,1,63_69,24.43523,55.30139,19.2141,1.51346,5.34542,1.24945,0.06162,4.09946,13.96449,27.34866,2.0,0.54803,7.075312005,80.67839103
1,3,64_67,24.85328,53.89672,20.14338,2.21661,5.31523,1.19518,0.0666,3.9126,15.42003,27.38647,1.0,2.29067,7.035987005,80.70681503
1,0,66_66,26.20026,51.19955,21.50544,2.31801,5.30299,1.1531,0.0697,4.58771,15.79154,29.61359,2.0,1.49976,6.983552005,80.75690003
1,1,63_69,24.72627,54.7003,19.46475,2.07574,5.31242,1.20829,0.06735,3.02413,14.58446,26.62468,2.0,1.71187,7.064530005,80.67942503
1,1,68_66,22.35044,55.08134,20.71963,2.12327,5.38882,1.17073,0.06806,11.79179,15.38004,32.99977,1.0,3.12131,7.007074005,80.83351903
1,2,69_70,19.87321,59.64244,18.8652,2.07066,5.54187,1.24795,0.05865,11.13063,15.69958,29.75575,2.0,6.04949,7.117339905,80.85744663
1,4,69_71,20.46322,59.05438,18.92169,2.05945,5.54788,1.25184,0.05805,10.16288,15.69803,29.31658,2.0,6.2095,7.125270005,80.84538163
1,3,71_69,18.59488,60.57418,18.6324,2.17115,5.5256,1.225,0.0617,16.05942,15.73107,33.3261,3.0,6.55318,7.077545005,80.89162003
1,4,69_71,20.46322,59.05438,18.92169,2.05945,5.54788,1.25184,0.05805,10.16288,15.69803,29.31658,2.0,6.21427,7.125188335,80.84524003
1,4,69_71,20.46322,59.05438,18.92169,2.05945,5.54788,1.25184,0.05805,10.16288,15.69803,29.31658,2.0,6.24695,7.124931665,80.84542663
1,4,62_64,27.27088,52.11171,20.62275,2.27821,5.13289,1.18045,0.06417,0.2205,15.04669,26.66853,1.0,0.54632,6.934847005,80.66095703
1,1,63_69,24.43523,55.30139,19.2141,1.51346,5.34542,1.24945,0.06162,4.09946,13.96449,27.34866,2.0,0.54803,7.075312005,80.67839103
1,4,65_63,28.94141,47.94221,22.86013,2.24525,5.28862,1.1504,0.069,1.11447,15.3378,29.28718,2.0,3.55913,6.918473005,80.73007203
1,0,66_72,23.10142,56.39024,19.02078,1.52133,5.49388,1.26234,0.05544,6.84135,14.2242,28.38492,1.0,5.6234,7.151356605,80.76001003
1,0,66_73,22.75632,57.54754,18.34003,1.53215,5.60834,1.28037,0.05392,6.94114,14.58456,28.32658,2.0,5.62557,7.176624335,80.78017836
1,4,65_72,23.06815,56.78013,18.69754,1.51566,5.51831,1.26583,0.0553,5.7516,14.22265,27.34209,2.0,5.37961,7.161610005,80.75019003
1,0,66_72,22.77455,56.88787,18.89928,1.54262,5.57114,1.27465,0.05458,8.35967,14.58693,29.63585,2.0,6.11425,7.152791675,80.7825917
1,4,66_71,22.62367,56.8792,18.83606,1.45438,5.55775,1.28245,0.0551,8.53241,13.60842,29.39176,2.0,4.92947,7.137913335,80.77347333
1,0,59_67,21.81242,61.01897,16.25218,2.17646,5.24685,1.21458,0.0621,0.36513,13.35363,20.86481,2.0,1.3767,7.024579005,80.59264803
1,0,66_72,22.88754,57.05748,18.64988,1.53714,5.58807,1.27735,0.05447,7.3915,14.58554,28.83579,2.0,6.29619,7.159452785,80.77769647
1,3,64_67,25.2006,53.26946,20.52728,2.24486,5.29003,1.18687,0.06745,3.88318,15.42361,27.78595,2.0,0.23422,7.019710005,80.72210003
1,1,68_67,22.56197,54.96486,20.6871,2.11029,5.39739,1.17585,0.06718,11.25178,15.37796,32.63565,3.0,3.33325,7.015841005,80.82336503
1,0,66_73,22.75632,57.54754,18.34003,1.53215,5.60834,1.28037,0.05392,6.94114,14.58456,28.32658,2.0,6.33499,7.175883305,80.77378833
1,0,66_72,22.46305,57.47146,18.48777,1.45019,5.57651,1.28517,0.05461,7.98033,13.60798,28.7934,2.0,6.01606,7.147703305,80.77618669
1,4,69_71,20.46322,59.05438,18.92169,2.05945,5.54788,1.25184,0.05805,10.16288,15.69803,29.31658,2.0,6.24695,7.124931665,80.84542663
1,3,71_70,17.7339,62.03863,18.45343,2.1261,5.52748,1.25185,0.06028,14.43164,15.2225,30.97297,2.0,7.33578,7.095661005,80.89304503
1,0,66_72,22.88754,57.05748,18.64988,1.53714,5.58807,1.27735,0.05447,7.3915,14.58554,28.83579,2.0,6.30549,7.159346605,80.77764663
1,0,66_72,22.88754,57.05748,18.64988,1.53714,5.58807,1.27735,0.05447,7.3915,14.58554,28.83579,2.0,5.83711,7.164386665,80.78041003
1,2,67_71,22.15675,57.03629,19.1306,1.48424,5.52894,1.28154,0.05673,8.89618,14.33448,29.32232,3.0,4.68291,7.122605005,80.78585003
1,4,66_71,22.46305,57.47146,18.48777,1.45019,5.57651,1.28517,0.05461,7.98033,13.60798,28.7934,2.0,5.64389,7.142518335,80.77826493
1,0,66_72,23.18043,56.98002,18.42847,1.53187,5.60369,1.27911,0.05488,5.77713,14.58384,27.55761,2.0,6.95035,7.171083305,80.76079003
1,1,60_63,21.74807,60.91861,16.4288,2.22951,5.08994,1.23351,0.06297,1.83388,14.12899,21.87639,2.0,1.36628,6.914844005,80.60876403
1,0,66_73,22.98186,57.2466,18.38384,1.53194,5.60601,1.27973,0.05439,6.36891,14.58422,27.96176,1.0,6.67845,7.173132005,80.77090403
1,1,66_65,26.05529,51.23493,21.53895,2.32059,5.29922,1.15153,0.0702,5.04756,15.79309,29.91969,2.0,0.73594,6.981322005,80.76347203
1,1,60_68,22.8475,59.55416,16.67785,2.15768,5.25413,1.23,0.06286,0.2542,13.35308,21.7982,2.0,3.21608,7.040196005,80.60094703
1,4,62_69,24.37349,55.2659,19.28571,1.49757,5.37617,1.2439,0.06427,3.29207,14.22292,26.60687,2.0,1.24224,7.078262005,80.65889003
1,0,59_68,22.86408,59.50915,16.6836,1.59785,5.30036,1.27521,0.06161,0.73938,12.9919,22.31199,2.0,2.81015,7.057612005,80.56796403
1,4,66_71,23.39241,55.37326,19.62269,1.52939,5.45594,1.2576,0.0563,7.90585,14.22461,29.54389,2.0,3.67313,7.132048335,80.75874169
1,3,68_63,25.5001,51.0932,22.15457,2.14224,5.29681,1.14851,0.0761,4.77475,15.03547,29.38191,2.0,0.2911,6.926805005,80.82547003
1,3,54_66,20.49879,63.85738,14.18967,1.48885,5.13431,1.30843,0.05939,4.16675,12.29715,23.12216,3.0,2.95381,6.993931005,80.44719003
1,1,56_67,19.371,65.44316,13.84134,1.563,5.21907,1.29479,0.06123,3.16026,12.12759,21.02589,1.0,1.65241,7.010134005,80.49219703
1,4,66_71,22.46305,57.47146,18.48777,1.45019,5.57651,1.28517,0.05461,7.98033,13.60798,28.7934,1.0,5.33579,7.141355005,80.77488836
1,1,66_65,26.29562,50.65081,21.98572,2.28885,5.27388,1.14436,0.06954,5.60988,15.84553,30.77012,1.0,0.34918,6.971955005,80.77712663
1,4,57_63,19.13272,66.00538,13.42566,2.1583,5.06544,1.27573,0.0594,3.28791,13.3856,20.37574,2.0,0.57289,6.913254005,80.52057103
1,3,65_66,24.97138,52.76223,21.36053,2.29716,5.28123,1.16673,0.06604,5.02123,15.65208,28.74883,1.0,3.34191,6.998659995,80.74325169
1,4,67_70,21.43989,57.29916,19.5629,2.0377,5.51182,1.24786,0.05885,9.86238,15.17566,29.6523,4.0,4.10314,7.104078005,80.80530503
1,0,68_70,20.96276,58.25508,19.17179,2.02879,5.53451,1.25184,0.05795,9.80481,15.17527,29.24694,4.0,5.31271,7.117713005,80.81436803
1,1,66_65,26.50711,50.64088,21.78694,2.33394,5.28995,1.14567,0.07075,4.53456,15.79383,29.93312,1.0,0.63059,6.977771605,80.76474663
1,1,66_65,26.50711,50.64088,21.78694,2.33394,5.28995,1.14567,0.07075,4.53456,15.79383,29.93312,1.0,0.63059,6.977771605,80.76474663
1,4,66_71,22.46305,57.47146,18.48777,1.45019,5.57651,1.28517,0.05461,7.98033,13.60798,28.7934,2.0,5.61316,7.142175005,80.77827903
1,1,70_69,18.59488,60.57418,18.6324,2.17115,5.5256,1.225,0.0617,16.05942,15.73107,33.3261,3.0,6.3493,7.082109005,80.88866803
1,3,65_66,26.20026,51.19955,21.50544,2.31801,5.30299,1.1531,0.0697,4.58771,15.79154,29.61359,2.0,1.92427,6.986696005,80.75392503
1,0,66_72,23.12556,56.74819,18.6997,1.53692,5.58513,1.27681,0.05494,6.84851,14.58515,28.51589,1.0,6.90251,7.165028005,80.77025003
1,0,66_72,23.12556,56.74819,18.6997,1.53692,5.58513,1.27681,0.05494,6.84851,14.58515,28.51589,1.0,6.90251,7.165028005,80.77025003
1,0,66_72,23.12556,56.74819,18.6997,1.53692,5.58513,1.27681,0.05494,6.84851,14.58515,28.51589,1.0,6.87223,7.165428005,80.77043703
1,0,60_67,22.34609,60.26379,16.47152,2.16708,5.2504,1.21726,0.06247,0.3124,13.35335,21.34929,2.0,1.87795,7.031273005,80.59271303
1,2,69_70,19.98612,59.01541,19.26819,2.09553,5.50204,1.23612,0.06046,12.00668,15.7043,30.72445,2.0,4.3951,7.095660005,80.86055003
1,1,67_68,22.50436,55.45529,20.4863,2.09601,5.42461,1.22169,0.06253,9.05896,15.1802,30.08536,2.0,3.60509,7.061815005,80.78841103
1,1,70_69,18.92707,60.12581,18.78394,2.17306,5.51831,1.22294,0.06178,15.66859,15.73193,33.25009,2.0,5.13703,7.076331705,80.87879173
1,2,66_64,27.9893,48.47383,22.85465,2.23971,5.31161,1.13356,0.07255,2.75194,15.60848,29.90152,2.0,1.35161,6.946930005,80.76816003
1,2,69_67,20.03966,58.01386,19.73794,2.1496,5.45903,1.19001,0.06512,15.14329,15.3918,33.85586,2.0,0.34836,7.029480005,80.84689003
1,4,62_69,24.45845,55.30863,19.17138,1.49063,5.38533,1.24886,0.06476,2.88488,14.22084,26.30622,1.0,1.75011,7.084368005,80.65247603
1,4,62_69,24.45845,55.30863,19.17138,1.49063,5.38533,1.24886,0.06476,2.88488,14.22084,26.30622,1.0,1.75104,7.084340005,80.65234903
1,1,62_67,25.2366,54.24916,19.64559,2.23104,5.30944,1.18197,0.06556,2.73059,14.69228,26.5901,2.0,5.79037,7.014138005,80.66791903
1,4,62_69,24.32415,55.58229,19.09662,1.4931,5.37536,1.24804,0.06483,2.70221,14.21937,26.04917,1.0,2.50056,7.076673005,80.64761003
1,2,71_68,17.38387,60.44609,19.45456,2.14265,5.46876,1.21443,0.06464,20.77476,15.84651,36.80619,3.0,6.18733,7.038927005,80.90528803
1,3,60_66,18.71509,64.8562,15.41366,2.28121,5.21602,1.20331,0.06217,1.43549,14.32437,18.81577,2.0,0.34664,6.987364005,80.60122203
1,2,58_69,23.22537,59.05436,16.78639,1.59235,5.29749,1.28326,0.06244,0.59523,12.99119,22.55227,2.0,2.91326,7.064163005,80.55571603
1,4,55_64,19.98493,64.64713,13.95825,2.04224,5.09807,1.2586,0.05994,3.05423,12.658,21.33161,2.0,3.01727,6.952837005,80.47258303
1,4,57_63,19.4715,65.55036,13.52205,2.16587,5.0594,1.25121,0.05917,3.3717,13.38647,20.68906,3.0,0.34224,6.905580005,80.52379003
1,0,55_65,19.93767,64.54376,14.13048,2.03131,5.11825,1.26234,0.0608,2.8394,12.65826,21.15568,3.0,1.39531,6.972426005,80.48010003
1,0,56_65,18.99537,66.06401,13.72324,2.15438,5.137,1.28511,0.0632,1.98106,12.78955,19.43513,3.0,2.33762,6.982295005,80.50279003
1,4,57_63,19.83501,64.91278,13.79039,2.17935,5.06033,1.26165,0.0592,3.35131,13.38963,20.89399,4.0,0.57324,6.902966005,80.52690703
1,0,58_59,21.44876,62.42429,14.09864,2.40172,5.10806,1.26639,0.05723,5.04879,13.02567,21.93313,2.0,3.40779,6.807763005,80.56191403
1,4,70_70,19.14712,60.12319,19.04657,2.13781,5.49131,1.24461,0.06028,13.30359,15.52628,31.23626,1.0,5.11741,7.099500005,80.86598003
1,0,58_63,19.41821,64.85621,14.45646,2.19008,5.09355,1.25403,0.06049,2.71946,13.3976,20.15159,2.0,1.75197,6.914980005,80.56483803
1,4,60_62,22.11106,60.66133,16.11188,2.24383,5.07218,1.2364,0.06234,2.22464,14.12761,22.09269,2.0,1.76013,6.893938005,80.59798603
1,4,59_59,21.78191,61.92772,14.07943,2.40545,5.11285,1.25868,0.05789,4.85478,13.02816,21.38158,2.0,3.69934,6.803080005,80.57023003
1,1,68_69,21.23809,57.32239,19.75404,2.06267,5.47999,1.23651,0.0604,10.51138,15.17907,30.22499,1.0,2.17951,7.088905205,80.81442103
1,1,70_68,18.55717,59.83221,19.16299,2.12437,5.49979,1.20226,0.06362,17.82799,15.39089,35.00879,2.0,4.14858,7.053171705,80.87953303
1,2,69_70,20.21222,59.17398,18.99965,2.07118,5.53463,1.24706,0.0588,10.83196,15.69993,29.75807,2.0,5.64354,7.114776005,80.85451503
1,4,57_63,19.83501,64.91278,13.79039,2.17935,5.06033,1.26165,0.0592,3.35131,13.38963,20.89399,4.0,0.58001,6.903013005,80.52730503
1,0,55_65,19.93767,64.54376,14.13048,2.03131,5.11825,1.26234,0.0608,2.8394,12.65826,21.15568,3.0,1.3395,6.973744005,80.48038103
1,4,57_63,19.4715,65.55036,13.52205,2.16587,5.0594,1.25121,0.05917,3.3717,13.38647,20.68906,4.0,0.36944,6.905910005,80.52310803
1,4,57_63,19.83501,64.91278,13.79039,2.17935,5.06033,1.26165,0.0592,3.35131,13.38963,20.89399,4.0,0.4938,6.903660005,80.52672003
1,4,57_63,19.83501,64.91278,13.79039,2.17935,5.06033,1.26165,0.0592,3.35131,13.38963,20.89399,4.0,0.53801,6.903288005,80.52688303
1,1,57_62,20.88336,63.37661,14.34348,2.09168,5.04964,1.25259,0.05744,2.61389,12.6397,21.3115,2.0,1.97287,6.895409005,80.51307003
1,1,70_69,20.34613,58.5677,19.12091,2.1759,5.50744,1.22066,0.06055,13.72191,16.03568,32.73984,1.0,5.03027,7.086393005,80.87434803
1,1,69_69,20.16679,58.59374,19.52266,2.0789,5.47471,1.22902,0.06115,12.12167,15.18302,30.96078,2.0,1.51108,7.077721005,80.84138703
1,4,70_70,18.60972,61.08055,18.55686,2.07338,5.55048,1.24832,0.05956,12.74713,15.39811,30.09826,3.0,5.89133,7.101950005,80.87328903
1,4,70_70,18.60972,61.08055,18.55686,2.07338,5.55048,1.24832,0.05956,12.74713,15.39811,30.09826,1.0,6.02333,7.106426705,80.87060503
1,1,65_71,23.35209,55.86067,19.26493,1.52365,5.47989,1.26125,0.05613,6.79757,14.22297,28.53297,3.0,3.87765,7.140513305,80.74752003
1,0,66_72,23.10142,56.39024,19.02078,1.52133,5.49388,1.26234,0.05544,6.84135,14.2242,28.38492,1.0,5.62847,7.151280005,80.76010003
1,1,70_69,20.34613,58.5677,19.12091,2.1759,5.50744,1.22066,0.06055,13.72191,16.03568,32.73984,1.0,4.58621,7.087321005,80.86932103
1,3,71_67,16.17254,60.26237,20.24351,2.17365,5.4211,1.19905,0.06741,27.18223,15.85155,41.90933,2.0,4.36272,7.013388005,80.90896403
1,3,54_66,20.4192,63.86839,14.27593,1.4901,5.1436,1.30716,0.05948,3.97135,12.29809,22.838,1.0,1.90708,6.990142005,80.45604003
1,3,60_60,23.01688,59.1593,16.2429,2.28019,5.08971,1.23844,0.06155,3.81672,13.42999,23.4673,2.0,3.28933,6.843405005,80.60225203
1,1,63_68,24.66993,54.88377,19.48314,2.09553,5.29294,1.2017,0.06758,2.63079,14.58447,26.30458,1.0,2.99291,7.053379805,80.67489303
1,0,55_65,20.38053,64.2609,13.92473,2.01568,5.09092,1.26836,0.06026,3.35098,12.65436,22.13068,2.0,1.45253,6.977700005,80.45705703
1,4,62_69,24.45845,55.30863,19.17138,1.49063,5.38533,1.24886,0.06476,2.88488,14.22084,26.30622,2.0,1.45247,7.084943005,80.65781803
1,4,67_70,21.43989,57.29916,19.5629,2.0377,5.51182,1.24786,0.05885,9.86238,15.17566,29.6523,2.0,4.25844,7.102654005,80.79956503
1,1,63_68,24.7446,54.63788,19.5608,2.08807,5.30142,1.20366,0.06745,3.01715,14.5855,26.67954,2.0,1.90109,7.062940005,80.68212703
1,1,69_69,20.68958,58.10907,19.26901,2.17646,5.49929,1.21992,0.06071,13.27043,16.03574,32.6074,2.0,4.29119,7.090711005,80.86381703
1,1,66_65,27.01344,49.96761,22.06689,2.34736,5.28097,1.13985,0.07132,3.97068,15.79455,29.95306,2.0,0.56641,6.962018005,80.76451403
1,4,62_68,24.5375,55.22623,19.30339,2.09044,5.29483,1.20459,0.06763,2.3204,14.58238,25.89546,1.0,3.60672,7.048397005,80.66192603
1,4,61_67,23.84087,56.85307,18.30589,2.24171,5.28099,1.20133,0.06667,2.23598,14.61407,24.65039,3.0,5.4466,7.023436005,80.63346503
1,3,64_69,24.87112,53.80461,20.18465,2.13303,5.32627,1.21042,0.06245,5.30105,14.57775,28.8518,2.0,3.15106,7.072799005,80.70759903
1,3,71_69,18.30054,61.00179,18.47224,2.16916,5.5335,1.22732,0.06161,16.31544,15.73011,33.30456,4.0,6.99936,7.076867005,80.89583803
1,0,59_68,21.96769,60.75042,16.32428,1.60774,5.29969,1.23544,0.06021,0.9485,12.9923,21.58871,2.0,2.01818,7.037954005,80.57672003
1,4,62_69,24.45845,55.30863,19.17138,1.49063,5.38533,1.24886,0.06476,2.88488,14.22084,26.30622,2.0,1.65083,7.086143005,80.65556003
1,4,62_69,24.43941,55.20839,19.24538,1.49271,5.38624,1.24692,0.06445,3.19742,14.22261,26.55411,2.0,1.40494,7.086650005,80.65916303
1,2,67_71,22.90186,56.39347,19.09398,1.52434,5.50772,1.27463,0.05709,8.43175,14.52506,29.63132,2.0,6.04181,7.138986005,80.78832203
1,1,70_68,18.99436,59.41279,19.24099,2.12493,5.49557,1.20179,0.06358,16.77963,15.39028,34.39874,2.0,3.11882,7.047725005,80.87195903
1,2,61_70,24.77698,55.07077,19.09558,1.47965,5.40253,1.25612,0.06556,2.32465,14.21852,26.07951,1.0,0.9373,7.101665005,80.64168003
1,4,66_71,22.7527,56.94816,18.76786,1.51948,5.5284,1.27778,0.05647,7.93002,14.5238,29.08065,2.0,6.03549,7.143886005,80.78248603
1,4,65_65,26.30059,51.2283,21.44703,2.31512,5.30721,1.15486,0.06918,4.16831,15.78998,29.30241,2.0,2.12331,6.980739005,80.75079703
1,4,62_69,24.43685,55.47082,19.0893,1.51125,5.34595,1.25119,0.06199,3.69332,13.9626,26.99562,2.0,0.40097,7.076476005,80.66914503
1,4,65_70,23.84051,54.35036,20.01871,1.51113,5.3945,1.25873,0.05892,8.00685,14.15983,29.81838,2.0,0.89088,7.107471005,80.74698203
1,4,65_65,26.30059,51.2283,21.44703,2.31512,5.30721,1.15486,0.06918,4.16831,15.78998,29.30241,2.0,2.09841,6.980547005,80.75101603
1,0,63_66,25.4312,53.53566,20.31182,2.25849,5.28681,1.17935,0.06694,2.44378,15.42004,26.71222,3.0,3.54259,7.006481005,80.69093003
1,2,67_71,22.7527,56.94816,18.76786,1.51948,5.5284,1.27778,0.05647,7.93002,14.5238,29.08065,2.0,6.01092,7.143297005,80.78290203
1,4,62_64,27.27088,52.11171,20.62275,2.27821,5.13289,1.18045,0.06417,0.2205,15.04669,26.66853,1.0,0.75154,6.935551005,80.66392403
1,1,67_68,21.84208,56.2553,20.29883,2.09877,5.42852,1.21992,0.06269,10.08567,15.18224,30.52009,2.0,2.64047,7.056891005,80.80002203
1,0,66_72,22.7527,56.94816,18.76786,1.51948,5.5284,1.27778,0.05647,7.93002,14.5238,29.08065,2.0,6.40938,7.148336005,80.78202203
1,1,70_69,20.34613,58.5677,19.12091,2.1759,5.50744,1.22066,0.06055,13.72191,16.03568,32.73984,1.0,4.60725,7.087397005,80.86949703
1,0,59_67,21.33448,61.80287,15.91912,2.17053,5.24485,1.22808,0.06193,0.35874,13.35196,20.37715,2.0,0.70352,7.025565905,80.58308433
1,3,65_66,25.05182,52.82238,21.2727,2.29407,5.28777,1.171,0.06565,4.59461,15.65053,28.41171,1.0,2.73422,7.000728405,80.73550503
1,3,65_66,25.08778,52.94385,21.16395,2.29081,5.29463,1.17309,0.06525,4.19922,15.64896,28.06141,3.0,2.27841,7.002246005,80.73046503
1,2,61_66,24.17369,56.25968,18.62466,2.25937,5.27083,1.19327,0.06664,2.3248,14.61716,25.09212,1.0,5.0318,7.007660005,80.63986803
1,1,63_63,32.78228,44.17872,24.04262,2.30285,5.22961,1.1586,0.06385,-1.46745,15.16774,31.24364,1.0,1.69505,6.922232005,80.68677603
1,2,69_67,19.50097,58.46792,19.68857,2.14891,5.46145,1.19006,0.06527,16.58412,15.3927,34.74474,2.0,0.89729,7.035094005,80.85632203
1,3,71_69,17.99471,61.14537,18.51504,2.17844,5.524,1.22348,0.06244,17.29062,15.73174,33.97578,4.0,7.75339,7.070977005,80.90695003
1,1,68_68,21.08125,57.16527,20.084,2.10123,5.43411,1.21841,0.0628,11.28433,15.18422,31.02976,4.0,0.8458,7.062987005,80.82305603
1,3,64_71,24.05338,55.1184,19.47996,1.52697,5.45993,1.26056,0.05782,5.4823,14.21731,28.08173,3.0,0.42483,7.126971005,80.71100603
1,3,71_69,18.0484,61.40679,18.30259,2.16709,5.542,1.22988,0.06149,16.42135,15.72904,33.1752,4.0,7.83043,7.074022005,80.90551903
1,3,71_69,17.99471,61.14537,18.51504,2.17844,5.524,1.22348,0.06244,17.29062,15.73174,33.97578,4.0,7.63188,7.072097005,80.90474403
1,1,69_69,20.20888,58.3478,19.69868,2.09089,5.45755,1.22323,0.06201,12.43584,15.18454,31.33634,2.0,0.61983,7.067503005,80.83885303
1,0,58_68,22.67658,59.8658,16.50526,1.59633,5.29489,1.28226,0.06175,0.70977,12.99082,22.09113,2.0,3.11748,7.061295005,80.55684103
1,2,58_69,23.0446,59.40467,16.60627,1.59102,5.2916,1.28504,0.06258,0.57554,12.99016,22.34465,2.0,2.37807,7.068643005,80.55148403
1,3,71_69,18.0484,61.40679,18.30259,2.16709,5.542,1.22988,0.06149,16.42135,15.72904,33.1752,2.0,8.25618,7.080608005,80.90673003
1,3,64_68,24.85328,53.89672,20.14338,2.21661,5.31523,1.19518,0.0666,3.9126,15.42003,27.38647,1.0,2.56434,7.038615005,80.70615803
1,0,58_63,19.13087,65.408,14.14197,2.18293,5.09017,1.2582,0.06022,2.83724,13.39498,19.95693,2.0,1.95486,6.914480005,80.55985203
1,2,69_67,19.8038,57.88145,19.97547,2.17271,5.43484,1.17959,0.06693,16.37817,15.39534,34.90256,2.0,2.09649,7.012677005,80.85771103
1,1,68_72,20.87202,59.3669,18.3276,1.50721,5.57174,1.28467,0.05534,9.46318,14.85818,29.05678,3.0,3.56573,7.147477005,80.82782203
1,4,67_70,21.54209,56.98032,19.75985,2.04901,5.49355,1.24283,0.05964,10.07931,15.17687,29.9697,1.0,3.61591,7.098900005,80.80468603
1,1,66_65,26.55217,50.17258,22.22463,2.30459,5.26265,1.13945,0.07061,5.48296,15.84766,30.96726,1.0,0.31613,6.968997005,80.78196303
1,4,67_70,22.34728,56.3882,19.48621,1.48829,5.51044,1.27861,0.05727,9.46538,14.33497,29.94818,2.0,4.16589,7.111891005,80.78578603
1,3,64_67,24.99889,53.71123,20.25579,2.22897,5.305,1.1899,0.06686,3.72901,15.42092,27.39771,1.0,1.55772,7.032270005,80.71307403
1,3,71_67,16.8554,60.40785,19.76836,2.15308,5.45111,1.20865,0.06563,23.54219,15.84846,39.00111,1.0,6.01719,7.034169005,80.90430503
1,0,58_68,22.4694,60.35802,16.14084,1.61564,5.24993,1.28413,0.06474,1.09981,12.57441,22.28491,2.0,2.61544,7.063525005,80.55277103
1,2,62_66,24.22966,55.81346,19.24387,2.26618,5.26442,1.17724,0.06867,1.18344,14.91236,24.11889,1.0,4.58862,6.987228005,80.65165603
1,4,67_65,25.31296,51.53587,21.78987,2.29287,5.26641,1.14188,0.07054,7.4614,15.84981,31.58435,2.0,1.42601,6.974855005,80.80432703
1,1,63_68,25.20955,53.73055,19.841,2.19428,5.33209,1.20194,0.06562,4.21186,14.69392,27.85275,3.0,3.62966,7.052965005,80.69863303
1,4,67_69,22.44624,55.49358,20.4184,2.0827,5.43898,1.22786,0.06184,9.32187,15.17884,30.16271,3.0,4.0881,7.068352005,80.78303003
1,0,67_64,27.06117,49.23904,22.72717,2.15972,5.29643,1.12593,0.07512,4.13297,15.00636,30.36993,2.0,1.78506,6.935911005,80.80241903
1,1,68_66,22.84232,54.58929,20.83661,2.12369,5.38544,1.17049,0.06793,10.80338,15.37906,32.52612,2.0,3.31663,7.000352005,80.82328603
1,1,60_65,20.91145,61.45698,16.74077,2.29729,5.21008,1.19296,0.06307,1.43254,14.32994,21.01846,3.0,1.83969,6.981281005,80.61328603
1,4,60_62,22.11106,60.66133,16.11188,2.24383,5.07218,1.2364,0.06234,2.22464,14.12761,22.09269,2.0,1.18286,6.888729005,80.59860203
1,2,61_58,22.94767,59.02113,16.36856,2.45413,5.1808,1.24558,0.05908,4.56736,13.68762,24.20687,3.0,1.87272,6.783179005,80.63510103
1,1,56_66,18.79304,66.09903,13.72496,2.05136,5.17574,1.28754,0.06217,3.14184,12.79587,20.34293,2.0,2.56873,6.984891005,80.49707203
1,4,60_62,22.11106,60.66133,16.11188,2.24383,5.07218,1.2364,0.06234,2.22464,14.12761,22.09269,2.0,1.10587,6.887936005,80.59832703
1,2,69_67,20.18934,57.71293,19.89166,2.16173,5.44532,1.18452,0.06596,15.09613,15.39317,33.99249,2.0,1.12477,7.021155005,80.85502703
1,0,63_66,25.01851,54.24754,19.94992,2.24239,5.30158,1.18773,0.06642,2.41925,15.41727,26.23536,2.0,4.52335,7.008781005,80.68062803
1,1,70_68,18.55234,60.30385,18.84922,2.1829,5.50749,1.21848,0.06266,16.90692,15.73375,34.12032,2.0,5.58492,7.063969005,80.88741103
1,1,70_69,18.55234,60.30385,18.84922,2.1829,5.50749,1.21848,0.06266,16.90692,15.73375,34.12032,2.0,5.55751,7.064150005,80.88690803
1,1,70_68,18.45937,60.05798,19.07875,2.19479,5.48946,1.21186,0.06362,17.94267,15.73645,35.05159,2.0,5.5648,7.063827005,80.88729403
1,1,70_69,18.55234,60.30385,18.84922,2.1829,5.50749,1.21848,0.06266,16.90692,15.73375,34.12032,2.0,5.60346,7.064197005,80.88743003
1,0,59_63,20.49526,63.22896,15.04664,2.2062,5.08802,1.24807,0.06073,2.67719,13.40134,21.07138,3.0,1.53435,6.907012005,80.58198103
1,2,60_61,22.44407,59.79161,16.57329,2.19938,5.13835,1.22942,0.0628,2.29743,14.1157,22.18245,2.0,0.6757,6.872280005,80.60196803
1,1,72_68,16.96959,62.05913,18.50674,2.04167,5.5177,1.23814,0.06387,17.48121,15.51972,33.18783,3.0,8.09425,7.053157005,80.93243103
1,2,60_61,22.98428,59.15078,16.39786,2.27886,5.08624,1.23702,0.06156,3.68258,13.42994,23.59013,2.0,2.9952,6.851270005,80.60230003
1,1,70_68,18.45937,60.05798,19.07875,2.19479,5.48946,1.21186,0.06362,17.94267,15.73645,35.05159,2.0,5.5478,7.063422005,80.88745203
1,1,70_68,18.55234,60.30385,18.84922,2.1829,5.50749,1.21848,0.06266,16.90692,15.73375,34.12032,2.0,5.61633,7.064080005,80.88769403
1,0,68_70,20.96276,58.25508,19.17179,2.02879,5.53451,1.25184,0.05795,9.80481,15.17527,29.24694,4.0,5.10628,7.115666005,80.81314403
1,4,67_69,22.44624,55.49358,20.4184,2.0827,5.43898,1.22786,0.06184,9.32187,15.17884,30.16271,2.0,4.02325,7.068713005,80.78360303
1,4,67_69,22.42737,55.46066,20.37519,2.0696,5.4537,1.23393,0.06115,9.59242,15.1775,30.27143,3.0,3.78337,7.077138005,80.78650503
1,4,60_62,22.70368,59.68487,16.58651,2.25147,5.07199,1.2311,0.06274,2.05535,14.13058,22.6004,2.0,1.09911,6.888199005,80.60229203
1,2,61_70,24.77698,55.07077,19.09558,1.47965,5.40253,1.25612,0.06556,2.32465,14.21852,26.07951,,0.88708,7.101985005,80.64221903
1,2,61_58,22.94767,59.02113,16.36856,2.45413,5.1808,1.24558,0.05908,4.56736,13.68762,24.20687,2.0,1.69305,6.783010005,80.63320003
1,2,61_58,22.94767,59.02113,16.36856,2.45413,5.1808,1.24558,0.05908,4.56736,13.68762,24.20687,2.0,1.79512,6.782486005,80.63396603
1,2,61_58,22.94767,59.02113,16.36856,2.45413,5.1808,1.24558,0.05908,4.56736,13.68762,24.20687,2.0,1.65194,6.782799005,80.63265603
1,4,62_69,24.68674,54.92613,19.32407,2.07121,5.31354,1.21078,0.06745,2.65051,14.58241,26.25882,2.0,1.01238,7.070845005,80.67003503
1,1,61_69,24.09091,55.99996,18.96648,1.49534,5.36692,1.24741,0.06483,2.53363,14.2179,25.70058,4.0,4.08449,7.065056005,80.63618703
1,0,63_66,25.22242,53.99212,20.08044,2.2542,5.29271,1.18255,0.0666,2.2152,15.41815,26.27312,2.0,4.60453,7.006713005,80.68050203
1,1,65_71,23.70821,55.42167,19.40175,1.525,5.47023,1.26106,0.05702,6.14666,14.2202,28.28372,2.0,1.62709,7.132615245,80.72868503
1,3,71_67,16.72371,60.52072,19.79582,2.04087,5.47743,1.20313,0.06707,22.55927,15.6636,37.92912,2.0,4.13987,7.014321115,80.91503313
1,1,65_71,23.70821,55.42167,19.40175,1.525,5.47023,1.26106,0.05702,6.14666,14.2202,28.28372,2.0,1.62709,7.132615245,80.72868503
1,3,54_64,20.27246,64.61993,13.6622,2.02614,5.0702,1.26481,0.05926,3.54971,12.654,22.17145,2.0,3.89474,6.954726005,80.44545103
1,0,58_63,18.33708,66.49251,13.86116,2.17431,5.09814,1.26422,0.06033,2.75287,13.39392,19.21636,2.0,2.9298,6.923020605,80.55687563
1,1,66_65,26.0322,50.85516,21.95638,2.29067,5.27087,1.14329,0.06991,6.16071,15.84698,31.0442,1.0,0.3187,6.972075738,80.78050727
1,0,60_67,22.34609,60.26379,16.47152,2.16708,5.2504,1.21726,0.06247,0.3124,13.35335,21.34929,2.0,1.87387,7.030545005,80.59327703
1,0,58_63,18.33708,66.49251,13.86116,2.17431,5.09814,1.26422,0.06033,2.75287,13.39392,19.21636,2.0,2.91412,6.922906005,80.55696103
1,4,66_70,23.49126,54.51701,20.06623,1.50915,5.40093,1.25979,0.05834,9.0978,14.16273,30.41148,3.0,2.74472,7.117145024,80.76796752
1,1,70_69,18.59894,60.86542,18.42441,2.15956,5.54374,1.23143,0.06075,15.34946,15.72842,32.6315,4.0,6.51922,7.085181505,80.88934003
1,1,60_63,21.263,61.47143,16.35583,2.22652,5.11701,1.23493,0.06572,1.47076,13.67481,21.02521,2.0,0.42255,6.926518005,80.60662203
1,1,66_65,26.50711,50.64088,21.78694,2.33394,5.28995,1.14567,0.07075,4.53456,15.79383,29.93312,1.0,0.58667,6.974889305,80.76857483
1,4,62_68,24.22938,56.35013,18.30842,1.57565,5.35448,1.21446,0.06534,2.41673,14.07566,25.16836,1.0,3.5155,7.057226005,80.64779603
1,4,67_69,21.75756,56.41631,20.17712,2.08582,5.44384,1.22593,0.06194,10.17566,15.18086,30.4466,3.0,2.25671,7.072401671,80.7997134
1,4,62_69,24.43941,55.20839,19.24538,1.49271,5.38624,1.24692,0.06445,3.19742,14.22261,26.55411,2.0,1.20254,7.082830005,80.65948903
1,4,60_62,22.11106,60.66133,16.11188,2.24383,5.07218,1.2364,0.06234,2.22464,14.12761,22.09269,2.0,1.05482,6.887811005,80.60006003
1,4,60_62,22.11106,60.66133,16.11188,2.24383,5.07218,1.2364,0.06234,2.22464,14.12761,22.09269,2.0,1.03899,6.887548005,80.59929003
1,4,67_70,21.54209,56.98032,19.75985,2.04901,5.49355,1.24283,0.05964,10.07931,15.17687,29.9697,1.0,3.56326,7.099327005,80.80663503
1,2,67_71,21.82128,57.58043,18.97151,1.48507,5.53371,1.28112,0.05647,9.16466,14.33533,29.3471,2.0,5.50506,7.127390005,80.79161703
1,0,63_66,25.58012,53.15654,20.51626,2.26267,5.28111,1.17632,0.0673,2.70427,15.42191,27.11926,4.0,2.91156,7.006649005,80.69728603
1,4,67_73,20.51575,61.15055,16.93338,1.06134,5.76464,1.33884,0.05493,8.12481,13.63465,27.38669,4.0,4.38887,7.197883005,80.79577703
1,4,67_65,26.0322,50.85516,21.95638,2.29067,5.27087,1.14329,0.06991,6.16071,15.84698,31.0442,2.0,0.30996,6.970129005,80.78937903
1,1,63_68,24.97635,53.84347,20.16118,2.14223,5.31873,1.20729,0.06275,4.75195,14.57699,28.52778,3.0,3.16346,7.057375005,80.69752503
1,2,60_61,23.36608,58.38895,17.03335,2.25652,5.17821,1.22431,0.06148,2.63309,14.24282,23.5128,2.0,1.61823,6.868654005,80.61209503
1,0,61_60,23.66719,57.96212,16.86805,2.29189,5.09547,1.22823,0.0625,3.71502,13.43522,24.19693,1.0,3.8031,6.836762005,80.62116003
1,0,56_65,18.70787,66.53521,13.51763,2.17079,5.12737,1.27948,0.0625,2.0898,12.79013,19.1573,2.0,2.43216,6.969280005,80.49800003
1,2,62_59,24.08393,56.46159,18.11393,2.35443,5.13752,1.20618,0.0629,2.88001,14.01378,24.4121,2.0,1.0008,6.813582005,80.66681903
1,3,60_60,23.01688,59.1593,16.2429,2.28019,5.08971,1.23844,0.06155,3.81672,13.42999,23.4673,1.0,4.00096,6.839989005,80.60977903
1,4,61_67,23.664,57.22579,18.06889,2.22479,5.2897,1.20876,0.06683,2.10143,14.61111,24.32909,2.0,5.34676,7.031487005,80.62907703
1,4,67_70,21.96456,57.07444,19.26019,1.48932,5.51593,1.27792,0.05702,9.61303,14.33592,29.85373,2.0,4.96618,7.11614226,80.79195458
1,4,67_69,21.68807,56.57034,20.05463,2.07315,5.45968,1.23181,0.06119,10.21612,15.17949,30.34419,4.0,1.40141,7.075404005,80.80852503
1,4,65_65,26.73848,50.65952,21.68395,2.32819,5.29774,1.14896,0.06968,3.71662,15.79075,29.35907,2.0,2.75408,6.973694405,80.74275403
1,1,65_62,28.73244,47.79529,23.05523,2.26623,5.27556,1.14419,0.07117,0.97961,15.33824,28.91406,1.0,5.07837,6.895857005,80.74750369
1,3,60_60,23.01688,59.1593,16.2429,2.28019,5.08971,1.23844,0.06155,3.81672,13.42999,23.4673,,3.73984,6.845037005,80.60706103
1,0,59_63,19.41821,64.85621,14.45646,2.19008,5.09355,1.25403,0.06049,2.71946,13.3976,20.15159,2.0,1.5148,6.913689005,80.57051103
1,3,63_64,31.55657,46.13897,22.98762,2.33536,5.18526,1.16442,0.06163,-0.58812,15.30352,30.67209,1.0,2.13478,6.931679826,80.67924575
1,0,61_65,22.87075,58.40583,18.02935,2.22928,5.18964,1.19196,0.06514,1.02072,14.58224,22.60249,2.0,4.4294,6.969234005,80.63483703
1,3,67_72,22.07476,58.40295,18.11376,1.4736,5.6021,1.28679,0.05371,8.29239,14.13178,28.97662,2.0,3.20877,7.162215477,80.80774003
1,4,65_70,23.84051,54.35036,20.01871,1.51113,5.3945,1.25873,0.05892,8.00685,14.15983,29.81838,2.0,1.15891,7.107606041,80.74278226
1,4,69_68,19.4535,58.73274,19.50793,2.13707,5.47633,1.19573,0.06439,16.21997,15.39118,34.31285,2.0,1.70877,7.039183394,80.86243947
1,4,70_70,18.31874,61.22736,18.62455,2.0843,5.53679,1.24395,0.06041,13.54486,15.39991,30.62487,1.0,5.80989,7.092628895,80.87904313
1,4,67_69,21.68807,56.57034,20.05463,2.07315,5.45968,1.23181,0.06119,10.21612,15.17949,30.34419,4.0,1.40141,7.075404005,80.80852503
1,0,68_70,20.28277,59.26378,18.89655,2.03228,5.54226,1.25091,0.05776,10.41831,15.1766,29.32341,4.0,5.2687,7.117598175,80.83212536
1,4,67_69,21.31057,57.10244,19.90827,2.0748,5.46314,1.23088,0.06119,10.61692,15.18044,30.4432,4.0,1.62635,7.079876205,80.80909085
1,4,58_61,21.07797,62.74205,14.71538,2.22912,5.05324,1.25402,0.06071,2.97094,14.11771,21.28484,3.0,1.03254,6.873760005,80.56144803
1,1,66_65,26.0322,50.85516,21.95638,2.29067,5.27087,1.14329,0.06991,6.16071,15.84698,31.0442,2.0,0.83635,6.976849005,80.78106605
1,2,64_62,28.20422,49.43531,22.07727,2.25526,5.21437,1.16299,0.06825,0.7582,14.56685,28.05312,1.0,4.31177,6.888664705,80.71495373
1,0,59_68,22.86408,59.50915,16.6836,1.59785,5.30036,1.27521,0.06161,0.73938,12.9919,22.31199,2.0,2.28012,7.060811259,80.57244589
1,1,66_65,26.0322,50.85516,21.95638,2.29067,5.27087,1.14329,0.06991,6.16071,15.84698,31.0442,1.0,0.20924,6.969835795,80.78102141
1,1,63_69,24.72627,54.7003,19.46475,2.07574,5.31242,1.20829,0.06735,3.02413,14.58446,26.62468,3.0,1.50412,7.066471944,80.6785831
1,1,61_69,24.2958,55.73014,19.0105,1.49084,5.37439,1.25011,0.06515,2.44511,14.21761,25.79908,2.0,3.21118,7.074425314,80.63623033
1,2,68_71,20.80704,58.57037,19.05369,2.05976,5.54137,1.25115,0.0582,9.85805,15.69834,29.30631,4.0,6.06003,7.124827005,80.83371733
1,4,62_68,24.5375,55.22623,19.30339,2.09044,5.29483,1.20459,0.06763,2.3204,14.58238,25.89546,1.0,3.80746,7.046390005,80.66251703
1,2,66_64,27.91366,48.4124,22.92944,2.24188,5.30958,1.13047,0.07306,3.05166,15.60973,30.13716,2.0,0.83742,6.949545005,80.77243503
1,4,66_71,22.7527,56.94816,18.76786,1.51948,5.5284,1.27778,0.05647,7.93002,14.5238,29.08065,2.0,5.77016,7.141659031,80.78145694
1,4,67_70,21.54209,56.98032,19.75985,2.04901,5.49355,1.24283,0.05964,10.07931,15.17687,29.9697,3.0,4.02203,7.100096443,80.7995554
1,2,64_62,27.8124,50.2096,21.63607,2.25322,5.21392,1.1677,0.06741,0.83296,14.56402,27.59263,2.0,3.53835,6.881320505,80.71344613
1,2,64_62,27.8124,50.2096,21.63607,2.25322,5.21392,1.1677,0.06741,0.83296,14.56402,27.59263,2.0,3.63244,6.881748505,80.71156386
1,2,64_62,27.8124,50.2096,21.63607,2.25322,5.21392,1.1677,0.06741,0.83296,14.56402,27.59263,2.0,3.63126,6.881737405,80.71156386
1,4,62_68,24.81032,55.22952,18.83415,2.22087,5.29168,1.2075,0.06665,2.82182,14.61536,26.15735,2.0,3.77223,7.052784005,80.64941303
1,3,64_67,25.18044,53.48036,20.38307,2.24145,5.29502,1.18451,0.06713,3.51482,15.42184,27.41614,2.0,0.99697,7.026128005,80.71338103
1,4,66_71,23.39241,55.37326,19.62269,1.52939,5.45594,1.2576,0.0563,7.90585,14.22461,29.54389,2.0,3.68444,7.132082406,80.75900266
1,2,60_69,24.43865,56.35093,18.30314,1.4943,5.41889,1.25173,0.06567,0.39294,13.45431,23.45119,3.0,4.57787,7.066045087,80.61901507
1,2,64_62,28.90631,48.74062,22.30186,2.24558,5.21651,1.16546,0.06707,0.43557,14.56593,28.56075,1.0,3.60464,6.898176505,80.7070659
1,1,66_65,26.20026,51.19955,21.50544,2.31801,5.30299,1.1531,0.0697,4.58771,15.79154,29.61359,2.0,1.58404,6.981112105,80.75570675
1,4,64_64,29.65449,47.91983,22.45278,2.24229,5.26506,1.16687,0.0658,0.72837,15.7632,29.71723,1.0,0.78288,6.936650705,80.70242884
1,2,64_62,28.90631,48.74062,22.30186,2.24558,5.21651,1.16546,0.06707,0.43557,14.56593,28.56075,1.0,3.59297,6.898308305,80.70717164
1,2,64_62,27.8124,50.2096,21.63607,2.25322,5.21392,1.1677,0.06741,0.83296,14.56402,27.59263,2.0,3.52913,6.881246605,80.71350024
1,2,64_62,27.8124,50.2096,21.63607,2.25322,5.21392,1.1677,0.06741,0.83296,14.56402,27.59263,2.0,3.54344,6.881384205,80.71352683
1,1,63_63,31.00499,46.42101,23.15548,2.29578,5.23716,1.16038,0.06379,-0.55621,15.16809,30.12281,1.0,1.56976,6.925560005,80.68650703
1,2,64_62,27.8124,50.2096,21.63607,2.25322,5.21392,1.1677,0.06741,0.83296,14.56402,27.59263,2.0,3.63031,6.881728505,80.71156385
1,2,64_62,27.8124,50.2096,21.63607,2.25322,5.21392,1.1677,0.06741,0.83296,14.56402,27.59263,2.0,3.63015,6.881727005,80.71156385
1,1,66_65,26.29562,50.65081,21.98572,2.28885,5.27388,1.14436,0.06954,5.60988,15.84553,30.77012,2.0,0.72913,6.975842105,80.77724005
1,4,61_67,24.01341,56.60726,18.34331,2.23091,5.28613,1.20542,0.06675,2.28364,14.61315,24.86103,2.0,5.32613,7.027250005,80.63003803
1,1,63_68,24.97635,53.84347,20.16118,2.14223,5.31873,1.20729,0.06275,4.75195,14.57699,28.52778,3.0,3.57623,7.055471005,80.70109803
1,2,61_66,21.82845,60.01261,17.32628,2.30546,5.2068,1.18775,0.06352,1.45057,14.33274,21.97146,2.0,3.46039,6.983202005,80.62924303
1,4,64_64,28.52658,49.0855,22.13637,2.34924,5.29095,1.17213,0.06861,1.16248,15.78678,28.84793,2.0,1.57911,6.942813676,80.70630798
1,0,60_67,22.34609,60.26379,16.47152,2.16708,5.2504,1.21726,0.06247,0.3124,13.35335,21.34929,3.0,2.76196,7.034838005,80.60018703
1,4,61_67,24.34254,56.01035,18.61212,2.2371,5.28234,1.20206,0.06669,2.48853,14.61522,25.39345,3.0,6.17747,7.032568005,80.64045903
1,0,61_65,21.82845,60.01261,17.32628,2.30546,5.2068,1.18775,0.06352,1.45057,14.33274,21.97146,3.0,3.28272,6.982156005,80.62738703
1,1,63_68,24.7446,54.63788,19.5608,2.08807,5.30142,1.20366,0.06745,3.01715,14.5855,26.67954,2.0,2.17006,7.060742005,80.68377703
1,4,62_68,24.5375,55.22623,19.30339,2.09044,5.29483,1.20459,0.06763,2.3204,14.58238,25.89546,1.0,3.82551,7.046362005,80.66191303
1,4,62_68,24.5375,55.22623,19.30339,2.09044,5.29483,1.20459,0.06763,2.3204,14.58238,25.89546,1.0,3.62883,7.047652005,80.66447203
1,4,62_68,24.5375,55.22623,19.30339,2.09044,5.29483,1.20459,0.06763,2.3204,14.58238,25.89546,1.0,3.57457,7.048160005,80.66441403
1,4,62_68,24.5375,55.22623,19.30339,2.09044,5.29483,1.20459,0.06763,2.3204,14.58238,25.89546,1.0,3.68874,7.047984005,80.66062503
1,3,64_71,23.82,55.43088,19.33799,1.52376,5.4738,1.26215,0.05729,5.61712,14.21866,27.93453,2.0,1.30707,7.138773729,80.72030789
1,1,62_67,24.60543,55.50202,18.90532,2.25471,5.27196,1.19413,0.06667,2.62581,14.6183,25.81049,1.0,6.64479,7.017488005,80.65126603
1,4,64_64,28.52658,49.0855,22.13637,2.34924,5.29095,1.17213,0.06861,1.16248,15.78678,28.84793,2.0,2.30624,6.949453005,80.70752503
1,4,62_69,24.35038,55.42733,19.18836,1.49535,5.37596,1.24596,0.06454,2.98363,14.22114,26.31801,2.0,2.03198,7.077839905,80.65173303
1,1,63_68,24.7446,54.63788,19.5608,2.08807,5.30142,1.20366,0.06745,3.01715,14.5855,26.67954,,2.14226,7.060650005,80.67906103
1,4,67_70,21.54209,56.98032,19.75985,2.04901,5.49355,1.24283,0.05964,10.07931,15.17687,29.9697,3.0,3.54021,7.09614207,80.80150025
1,4,62_68,24.81032,55.22952,18.83415,2.22087,5.29168,1.2075,0.06665,2.82182,14.61536,26.15735,2.0,3.80125,7.050236005,80.65278503
1,4,62_69,24.43941,55.20839,19.24538,1.49271,5.38624,1.24692,0.06445,3.19742,14.22261,26.55411,2.0,1.21149,7.084447005,80.65997703
1,0,56_65,18.79304,66.09903,13.72496,2.05136,5.17574,1.28754,0.06217,3.14184,12.79587,20.34293,2.0,2.84283,6.980825005,80.49666333
1,0,56_65,18.79304,66.09903,13.72496,2.05136,5.17574,1.28754,0.06217,3.14184,12.79587,20.34293,2.0,2.84001,6.980796665,80.49667836
1,0,56_65,18.99537,66.06401,13.72324,2.15438,5.137,1.28511,0.0632,1.98106,12.78955,19.43513,2.0,2.66077,6.979175005,80.49773836
1,0,56_65,18.99537,66.06401,13.72324,2.15438,5.137,1.28511,0.0632,1.98106,12.78955,19.43513,2.0,2.58221,6.979954995,80.49886003
1,1,62_67,24.64539,55.44311,18.87262,2.24333,5.27837,1.1987,0.06666,2.71819,14.61729,25.92223,,6.27235,7.026550005,80.65099603
1,1,63_69,24.91971,54.14628,19.91159,2.12581,5.33471,1.21463,0.06244,4.36386,14.57386,28.08538,3.0,1.42795,7.072561005,80.69056603
1,3,64_66,25.67279,52.8506,20.69505,2.26673,5.27562,1.17346,0.06768,2.99619,15.42374,27.49792,2.0,2.59694,6.998087005,80.71154603
1,1,63_69,24.91971,54.14628,19.91159,2.12581,5.33471,1.21463,0.06244,4.36386,14.57386,28.08538,3.0,1.83311,7.066866405,80.69012503
1,1,68_69,21.3853,56.90232,20.05205,2.08729,5.44689,1.22506,0.06198,10.66423,15.18183,30.61858,2.0,1.12009,7.066708005,80.81041103
1,3,71_67,15.35054,60.38254,20.61408,2.0161,5.44331,1.19674,0.06764,31.40341,15.18582,45.21454,1.0,5.06796,7.015817005,80.90110303
1,3,71_69,18.0484,61.40679,18.30259,2.16709,5.542,1.22988,0.06149,16.42135,15.72904,33.1752,2.0,7.77212,7.075138005,80.90392703
1,4,67_70,21.54209,56.98032,19.75985,2.04901,5.49355,1.24283,0.05964,10.07931,15.17687,29.9697,3.0,3.48053,7.093827005,80.79941303
1,4,65_63,28.90101,47.55399,23.15212,2.25429,5.28223,1.14495,0.07057,1.31718,15.34021,29.47151,2.0,5.4218,6.913254005,80.74611403
1,4,69_72,17.25381,63.78908,17.35209,1.30649,5.71709,1.32636,0.05574,12.13183,13.87032,28.11672,1.0,4.51506,7.153994005,80.86290203
1,4,69_72,19.06071,61.82617,17.70336,1.25691,5.70178,1.32537,0.05623,9.93552,14.38577,27.76889,1.0,2.10124,7.165272005,80.84356903
1,4,60_59,23.26772,58.80323,16.10487,2.28719,5.10192,1.23831,0.06178,4.15597,13.4323,23.48088,2.0,2.30804,6.809740005,80.61217003
1,1,62_67,25.2366,54.24916,19.64559,2.23104,5.30944,1.18197,0.06556,2.73059,14.69228,26.5901,2.0,5.19869,7.010139005,80.67399203
1,1,65_71,23.56691,55.82398,19.15741,1.52077,5.48849,1.26355,0.05669,5.69382,14.22002,27.73713,2.0,2.71812,7.144787005,80.73293903
1,1,65_71,23.56691,55.82398,19.15741,1.52077,5.48849,1.26355,0.05669,5.69382,14.22002,27.73713,2.0,2.71812,7.144787005,80.73293903
1,3,54_66,20.49879,63.85738,14.18967,1.48885,5.13431,1.30843,0.05939,4.16675,12.29715,23.12216,2.0,2.53337,6.990681205,80.44971613
1,3,64_65,26.38044,51.45761,21.26489,2.30853,5.31694,1.15892,0.0681,3.4282,15.78681,28.6568,2.0,4.53522,6.979198005,80.72415603
1,1,71_71,17.23257,63.38197,17.64418,1.49379,5.61808,1.29746,0.05615,13.70984,14.41041,29.7684,2.0,9.15341,7.119189585,80.89737303
1,1,68_66,22.84232,54.58929,20.83661,2.12369,5.38544,1.17049,0.06793,10.80338,15.37906,32.52612,2.0,3.18045,6.998472005,80.82407303
1,0,57_60,20.31106,64.89875,13.13259,2.62206,5.00714,1.2711,0.05605,5.64144,12.25263,22.89222,2.0,1.51339,6.823809805,80.51932433
1,0,55_65,20.16934,64.18245,14.22724,1.49565,5.14735,1.26902,0.05898,3.80954,12.29892,22.38671,2.0,1.0255,6.982381995,80.46103011
1,1,65_71,23.84122,55.03723,19.63537,1.52939,5.45263,1.25841,0.05732,6.55651,14.22041,28.78053,2.0,1.76752,7.128035005,80.73055603
1,4,67_69,22.06232,56.01831,20.21204,2.07139,5.45647,1.23284,0.06117,9.87797,15.1785,30.2908,3.0,3.43843,7.082008421,80.79128866
1,2,60_61,22.18277,60.39571,15.97787,2.214,5.06122,1.24158,0.06284,3.27083,13.30388,22.2931,2.0,2.43502,6.856318005,80.60050303
1,4,67_70,21.54209,56.98032,19.75985,2.04901,5.49355,1.24283,0.05964,10.07931,15.17687,29.9697,3.0,3.54021,7.09614207,80.80150025
1,3,60_60,23.34697,58.58636,16.46271,2.28648,5.09462,1.23577,0.062,3.83575,13.4326,23.74434,1.0,4.25788,6.833812005,80.61683803
1,0,59_60,21.44549,62.14114,14.65714,2.39877,5.09956,1.25613,0.05827,4.55506,13.02857,22.12628,2.0,0.36534,6.833261005,80.57226903
1,1,65_71,23.50206,55.37044,19.55317,1.52776,5.46105,1.25885,0.05652,7.31355,14.22316,29.11027,2.0,3.36878,7.139269305,80.74306733
1,1,65_71,23.50206,55.37044,19.55317,1.52776,5.46105,1.25885,0.05652,7.31355,14.22316,29.11027,2.0,3.36878,7.139269305,80.74306733
1,3,61_63,25.75612,54.66734,19.16414,2.26604,5.14137,1.19569,0.06396,0.76296,14.78478,25.24354,1.0,1.67508,6.917401005,80.64158403
1,4,66_69,23.58312,53.86381,20.85088,2.14274,5.30717,1.21159,0.0629,9.23868,15.31111,31.0002,4.0,3.77546,7.082207005,80.77917003
1,1,69_69,20.70826,57.83916,19.45819,2.18823,5.48147,1.2139,0.06166,13.79111,16.0378,33.14613,2.0,3.62525,7.079108073,80.86367578
1,1,68_67,23.42787,53.7905,21.13895,2.24898,5.29226,1.16243,0.06735,10.22389,15.68292,32.49362,2.0,2.98257,7.015047585,80.81700003
1,1,65_71,23.70821,55.42167,19.40175,1.525,5.47023,1.26106,0.05702,6.14666,14.2202,28.28372,2.0,2.10617,7.138927505,80.73047779
1,1,67_68,21.84208,56.2553,20.29883,2.09877,5.42852,1.21992,0.06269,10.08567,15.18224,30.52009,3.0,1.99328,7.059815905,80.80511218
1,4,69_71,20.12626,59.52358,18.79207,2.05907,5.55466,1.25267,0.05791,10.45939,15.69767,29.31851,1.0,5.82639,7.129715105,80.84811803
1,4,62_64,26.59725,53.24107,20.06244,2.27888,5.13045,1.18833,0.0635,0.28736,15.04422,25.90013,1.0,0.09967,6.929184005,80.65038303
1,4,66_62,28.514,47.86635,23.11904,2.27573,5.27128,1.14184,0.07225,0.89628,15.33831,28.60531,4.0,4.35438,6.888649005,80.75754403
1,1,65_71,23.70821,55.42167,19.40175,1.525,5.47023,1.26106,0.05702,6.14666,14.2202,28.28372,2.0,2.10617,7.138927505,80.73047779
1,4,70_70,18.60972,61.08055,18.55686,2.07338,5.55048,1.24832,0.05956,12.74713,15.39811,30.09826,3.0,6.19731,7.106017328,80.87327916
1,3,71_67,15.35054,60.38254,20.61408,2.0161,5.44331,1.19674,0.06764,31.40341,15.18582,45.21454,1.0,4.77528,7.013036005,80.89643003
1,2,67_71,22.11406,57.84557,18.57128,1.52007,5.53902,1.27858,0.05572,8.70524,14.52501,29.31558,2.0,5.10615,7.139856005,80.80743112
1,1,61_69,24.2958,55.73014,19.0105,1.49084,5.37439,1.25011,0.06515,2.44511,14.21761,25.79908,2.0,3.19677,7.074483005,80.63639903
1,4,64_63,29.3094,48.19432,22.55508,2.24084,5.21915,1.16523,0.06689,0.32774,14.56675,28.96624,1.0,2.85432,6.905059005,80.70665403
1,0,56_64,19.66283,64.93089,14.15549,2.17416,5.08727,1.22437,0.0607,1.75582,12.65711,19.59667,2.0,1.72229,6.937328005,80.51093803
1,3,54_66,20.27642,64.13594,14.15052,1.49434,5.13776,1.27099,0.0589,3.9931,12.29797,22.68633,1.0,1.89803,6.986536005,80.45411603
1,3,67_72,22.07476,58.40295,18.11376,1.4736,5.6021,1.28679,0.05371,8.29239,14.13178,28.97662,2.0,3.4637,7.159968245,80.8065627
1,1,68_72,21.42959,58.87029,18.29968,1.50328,5.57644,1.28661,0.0553,8.4199,14.857,28.54082,3.0,3.89763,7.149095246,80.81328638
1,1,57_65,17.84112,67.47664,13.45638,2.17972,5.14821,1.25491,0.06245,1.89135,12.79286,18.13348,2.0,0.75258,6.962370745,80.51970133
1,1,60_63,23.17663,58.8424,17.11965,2.25238,5.07639,1.2259,0.06321,1.76809,14.13318,23.05432,2.0,2.0851,6.902317555,80.61344756
1,3,72_69,17.51803,62.45615,17.81035,2.07285,5.57947,1.24411,0.06113,16.12362,15.40556,32.37397,3.0,10.29221,7.086413262,80.92435595
1,0,68_70,20.28277,59.26378,18.89655,2.03228,5.54226,1.25091,0.05776,10.41831,15.1766,29.32341,4.0,5.26203,7.117553005,80.83175103
1,0,68_70,20.28277,59.26378,18.89655,2.03228,5.54226,1.25091,0.05776,10.41831,15.1766,29.32341,4.0,5.26869,7.117598105,80.83212536
1,0,59_60,21.76396,61.39389,15.03211,2.2067,5.06293,1.25235,0.06178,3.78444,13.29921,21.51905,3.0,1.01656,6.829908005,80.57985203
1,1,61_69,24.55912,56.11014,18.415,1.49581,5.42118,1.24959,0.06525,0.4961,13.45535,23.66078,2.0,4.27815,7.069575174,80.62607771
1,2,60_69,24.43865,56.35093,18.30314,1.4943,5.41889,1.25173,0.06567,0.39294,13.45431,23.45119,3.0,4.27101,7.072243305,80.61787524
1,1,62_67,24.17369,56.25968,18.62466,2.25937,5.27083,1.19327,0.06664,2.3248,14.61716,25.09212,2.0,6.14942,7.01402046,80.6480262
1,1,65_71,23.35209,55.86067,19.26493,1.52365,5.47989,1.26125,0.05613,6.79757,14.22297,28.53297,3.0,3.74656,7.140362805,80.74631003
1,3,64_68,24.97635,53.84347,20.16118,2.14223,5.31873,1.20729,0.06275,4.75195,14.57699,28.52778,3.0,3.6199,7.055938991,80.70221851
1,4,61_64,24.5133,56.06354,18.97942,2.25853,5.17037,1.17725,0.06561,0.58867,14.58711,23.88181,2.0,2.39356,6.949807005,80.64126403
1,0,68_70,20.28277,59.26378,18.89655,2.03228,5.54226,1.25091,0.05776,10.41831,15.1766,29.32341,4.0,5.2687,7.117598175,80.83212536
1,0,61_65,21.82845,60.01261,17.32628,2.30546,5.2068,1.18775,0.06352,1.45057,14.33274,21.97146,3.0,3.26086,6.982156005,80.62718403
1,0,59_67,21.81242,61.01897,16.25218,2.17646,5.24685,1.21458,0.0621,0.36513,13.35363,20.86481,3.0,1.20801,7.022164005,80.59246803
1,1,61_69,24.09091,55.99996,18.96648,1.49534,5.36692,1.24741,0.06483,2.53363,14.2179,25.70058,2.0,3.67919,7.070075205,80.63544203
1,3,59_69,24.5422,56.37407,18.19837,1.48552,5.41348,1.2755,0.06746,0.05187,13.45144,23.26365,2.0,1.29745,7.076603005,80.59124203
1,3,59_69,24.5422,56.37407,18.19837,1.48552,5.41348,1.2755,0.06746,0.05187,13.45144,23.26365,2.0,1.29745,7.076603005,80.59124203
1,4,65_72,23.15658,56.72533,18.66763,1.5141,5.52295,1.267,0.05562,5.1898,14.22124,26.88431,2.0,4.18138,7.160750031,80.7342294
1,0,59_67,21.81242,61.01897,16.25218,2.17646,5.24685,1.21458,0.0621,0.36513,13.35363,20.86481,3.0,1.20801,7.022164005,80.59246803
1,0,56_65,18.55067,66.53037,13.52422,2.06854,5.16417,1.25743,0.06148,3.19231,12.79648,20.05825,3.0,2.93295,6.963962005,80.49415303
1,1,70_68,20.24214,57.86399,19.70049,2.21124,5.45433,1.2023,0.06343,15.77016,16.04201,34.67698,2.0,4.37046,7.063481005,80.87273103
1,0,56_65,18.55067,66.53037,13.52422,2.06854,5.16417,1.25743,0.06148,3.19231,12.79648,20.05825,3.0,2.93295,6.963962005,80.49415303
1,1,61_69,24.38734,56.14674,18.33177,1.57003,5.36075,1.24519,0.06559,2.3424,14.07519,25.25279,1.0,2.6744,7.073081005,80.64680203
1,3,71_67,16.08822,60.45467,20.15064,2.1635,5.43434,1.20314,0.06659,27.35473,15.8503,41.98314,3.0,5.20975,7.019257005,80.90393003
1,4,67_69,22.11407,55.93933,20.30214,2.08426,5.44115,1.22688,0.0619,9.73453,15.17986,30.30148,3.0,2.54515,7.067279909,80.79712196
1,0,56_65,18.99537,66.06401,13.72324,2.15438,5.137,1.28511,0.0632,1.98106,12.78955,19.43513,3.0,2.1249,6.979929005,80.50353503
1,1,70_69,18.55234,60.30385,18.84922,2.1829,5.50749,1.21848,0.06266,16.90692,15.73375,34.12032,1.0,5.74859,7.072590005,80.88500303
1,3,71_67,15.35054,60.38254,20.61408,2.0161,5.44331,1.19674,0.06764,31.40341,15.18582,45.21454,2.0,4.85297,7.013825005,80.89768303
1,2,69_66,20.08206,57.55273,20.07306,2.18461,5.4233,1.17487,0.06771,15.70769,15.39642,34.55177,1.0,3.09662,7.003088005,80.85774803
1,1,70_69,18.92707,60.12581,18.78394,2.17306,5.51831,1.22294,0.06178,15.66859,15.73193,33.25009,2.0,5.147,7.078899005,80.8782639
1,3,71_67,15.35054,60.38254,20.61408,2.0161,5.44331,1.19674,0.06764,31.40341,15.18582,45.21454,2.0,4.85297,7.013825005,80.89768303
1,4,67_69,22.11407,55.93933,20.30214,2.08426,5.44115,1.22688,0.0619,9.73453,15.17986,30.30148,3.0,2.54515,7.067279909,80.79712196
1,1,61_69,24.38734,56.14674,18.33177,1.57003,5.36075,1.24519,0.06559,2.3424,14.07519,25.25279,1.0,2.6744,7.073081005,80.64680203
1,1,62_67,24.93742,54.888,19.07345,2.23801,5.28136,1.20004,0.0666,3.06118,14.61837,26.52714,2.0,5.03608,7.035667005,80.65956603
1,2,60_69,24.74384,55.91243,18.43282,1.48953,5.42314,1.25415,0.06603,0.32313,13.45437,23.70489,,4.05119,7.079805005,80.61940103
1,1,63_68,25.1664,53.98191,19.67537,2.19001,5.33683,1.19609,0.06542,3.82412,14.69194,27.44945,1.0,3.31222,7.051348005,80.68874003
1,1,62_67,24.91782,54.91101,19.12293,2.24957,5.27423,1.19537,0.06665,2.97474,14.61937,26.44496,2.0,5.04632,7.035559005,80.65962103
1,4,67_69,22.44624,55.49358,20.4184,2.0827,5.43898,1.22786,0.06184,9.32187,15.17884,30.16271,4.0,3.93195,7.06772306,80.78447979
1,3,71_67,15.53605,60.24948,20.61554,2.16826,5.42381,1.1985,0.06686,31.26268,15.85176,45.25754,3.0,5.38745,7.019946005,80.90208503
1,1,65_71,23.70821,55.42167,19.40175,1.525,5.47023,1.26106,0.05702,6.14666,14.2202,28.28372,2.0,2.21397,7.138810651,80.73170613
1,3,64_67,24.95571,53.95312,20.10188,2.22574,5.3099,1.19239,0.06659,3.36603,15.41917,27.0151,3.0,2.20963,7.031835005,80.70388503
1,0,56_65,18.70787,66.53521,13.51763,2.17079,5.12737,1.27948,0.0625,2.0898,12.79013,19.1573,3.0,1.70357,6.964251005,80.50569603
1,0,56_65,18.79304,66.09903,13.72496,2.05136,5.17574,1.28754,0.06217,3.14184,12.79587,20.34293,3.0,2.41813,6.980523005,80.49187903
1,1,65_71,23.70821,55.42167,19.40175,1.525,5.47023,1.26106,0.05702,6.14666,14.2202,28.28372,2.0,2.21397,7.138810651,80.73170613
1,4,69_71,19.82235,60.23853,18.40994,1.50094,5.59065,1.29284,0.05548,10.75295,14.71367,29.28716,2.0,5.56611,7.130070005,80.84021003
1,3,70_66,19.33759,58.17067,20.095,2.05388,5.40819,1.18403,0.0696,15.73375,15.18639,33.87902,1.0,3.13138,6.983433005,80.87505103
1,1,61_69,24.2958,55.73014,19.0105,1.49084,5.37439,1.25011,0.06515,2.44511,14.21761,25.79908,4.0,2.95831,7.075647005,80.63891503
1,4,66_71,23.39241,55.37326,19.62269,1.52939,5.45594,1.2576,0.0563,7.90585,14.22461,29.54389,3.0,4.22189,7.136433005,80.76142663
1,4,67_70,21.43989,57.29916,19.5629,2.0377,5.51182,1.24786,0.05885,9.86238,15.17566,29.6523,3.0,4.49372,7.104980005,80.79929503
1,1,70_69,18.59488,60.57418,18.6324,2.17115,5.5256,1.225,0.0617,16.05942,15.73107,33.3261,2.0,6.23366,7.075807005,80.88898803
1,4,57_63,19.4715,65.55036,13.52205,2.16587,5.0594,1.25121,0.05917,3.3717,13.38647,20.68906,3.0,0.62965,6.911464005,80.52117903
1,0,63_66,25.4312,53.53566,20.31182,2.25849,5.28681,1.17935,0.06694,2.44378,15.42004,26.71222,3.0,3.54259,7.006481005,80.69093003
1,2,65_67,24.7373,53.21476,21.10423,2.28078,5.29869,1.17696,0.06509,4.95975,15.64958,28.39351,1.0,2.10909,7.010578005,80.73659803
1,2,71_68,17.88458,60.91208,18.74057,2.1899,5.50605,1.21701,0.0634,18.36492,15.73446,34.92322,2.0,7.36508,7.061002005,80.90900503
1,3,54_66,20.27642,64.13594,14.15052,1.49434,5.13776,1.27099,0.0589,3.9931,12.29797,22.68633,,1.89873,6.983455005,80.45316703
1,0,59_63,21.03981,62.31809,15.4849,2.21426,5.08895,1.24315,0.06108,2.54235,13.40417,21.52606,2.0,2.52281,6.912548005,80.58906603
1,0,56_65,18.70787,66.53521,13.51763,2.17079,5.12737,1.27948,0.0625,2.0898,12.79013,19.1573,3.0,2.00547,6.967874005,80.50197503
1,0,56_65,18.69336,66.58526,13.47249,2.17919,5.12207,1.24163,0.06225,2.13308,12.79053,19.1252,2.0,1.87026,6.958260005,80.50523003
1,1,71_66,17.68892,59.6141,19.95509,2.06382,5.4498,1.19349,0.06866,19.49903,15.66557,35.91512,1.0,2.18646,6.989480005,80.90339103
1,3,64_61,26.80567,51.58373,20.99787,2.25848,5.21352,1.17167,0.06757,1.26183,14.5619,26.7599,2.0,1.90798,6.862210005,80.70780203
1,4,67_65,26.0322,50.85516,21.95638,2.29067,5.27087,1.14329,0.06991,6.16071,15.84698,31.0442,2.0,1.06703,6.977568405,80.78449673
1,1,70_68,18.99436,59.41279,19.24099,2.12493,5.49557,1.20179,0.06358,16.77963,15.39028,34.39874,2.0,3.37878,7.049841525,80.87325803
1,2,61_66,24.15234,56.30496,18.65543,2.27063,5.26513,1.1887,0.06664,2.20715,14.61817,24.97054,1.0,5.08597,7.001066005,80.64278903
1,4,62_62,27.49377,51.6869,20.71765,2.21619,5.22865,1.18777,0.06267,0.45588,14.55522,26.83,2.0,2.74571,6.899122005,80.66584903
1,3,54_66,20.27642,64.13594,14.15052,1.49434,5.13776,1.27099,0.0589,3.9931,12.29797,22.68633,1.0,2.03597,6.987689805,80.45325753
1,4,67_65,25.99779,50.69561,22.08903,2.21862,5.32024,1.13908,0.07283,5.60294,15.6121,30.54906,1.0,0.55779,6.966077705,80.78990159
1,2,66_64,27.91366,48.4124,22.92944,2.24188,5.30958,1.13047,0.07306,3.05166,15.60973,30.13716,2.0,0.65588,6.948925196,80.7741625
1,4,62_68,24.93742,54.888,19.07345,2.23801,5.28136,1.20004,0.0666,3.06118,14.61837,26.52714,2.0,4.42314,7.040683415,80.66263533
1,3,63_64,29.80849,48.18089,22.16662,2.33265,5.19123,1.16913,0.0624,0.66647,15.30552,29.8901,1.0,1.38104,6.937786335,80.69022831
1,1,56_67,19.91288,64.6607,14.24764,2.13061,5.14949,1.29231,0.06464,1.76009,12.78916,20.23619,1.0,2.83708,7.015189005,80.50175203
1,1,61_69,24.55912,56.11014,18.415,1.49581,5.42118,1.24959,0.06525,0.4961,13.45535,23.66078,2.0,4.47757,7.069287405,80.62358533
1,4,67_69,21.68807,56.57034,20.05463,2.07315,5.45968,1.23181,0.06119,10.21612,15.17949,30.34419,4.0,1.75075,7.074214477,80.80472337
1,0,61_65,22.13915,59.6251,17.50705,2.23188,5.18687,1.19257,0.06459,0.95855,14.58004,21.73596,2.0,3.827,6.95834618,80.62486748
1,3,71_67,16.72371,60.52072,19.79582,2.04087,5.47743,1.20313,0.06707,22.55927,15.6636,37.92912,4.0,3.79976,7.011169005,80.91552303
1,4,67_65,26.55217,50.17258,22.22463,2.30459,5.26265,1.13945,0.07061,5.48296,15.84766,30.96726,1.0,0.69161,6.967313937,80.786817
1,1,60_63,21.263,61.47143,16.35583,2.22652,5.11701,1.23493,0.06572,1.47076,13.67481,21.02521,3.0,0.214,6.928128005,80.60447703
1,4,67_65,25.99779,50.69561,22.08903,2.21862,5.32024,1.13908,0.07283,5.60294,15.6121,30.54906,1.0,0.35382,6.967802265,80.79058466
1,4,62_69,24.35038,55.42733,19.18836,1.49535,5.37596,1.24596,0.06454,2.98363,14.22114,26.31801,2.0,2.03461,7.073602505,80.65273103
1,1,65_62,28.10341,48.854,22.53543,2.27046,5.27565,1.14872,0.07084,0.97598,15.33487,28.10826,1.0,3.91881,6.882560005,80.73600103
1,1,61_69,24.09091,55.99996,18.96648,1.49534,5.36692,1.24741,0.06483,2.53363,14.2179,25.70058,2.0,3.31158,7.072201005,80.63885103
1,3,65_66,25.05182,52.82238,21.2727,2.29407,5.28777,1.171,0.06565,4.59461,15.65053,28.41171,1.0,3.25263,7.000661423,80.74218286
1,1,66_65,26.50711,50.64088,21.78694,2.33394,5.28995,1.14567,0.07075,4.53456,15.79383,29.93312,1.0,0.4205,6.977052325,80.76759562
1,0,56_65,18.99537,66.06401,13.72324,2.15438,5.137,1.28511,0.0632,1.98106,12.78955,19.43513,3.0,2.07383,6.979755005,80.50397003
1,0,55_65,20.25815,64.16918,14.17178,2.018,5.11448,1.26703,0.06105,2.96938,12.6565,21.64573,1.0,0.27739,6.982384005,80.47078103
1,1,61_69,24.32415,55.58229,19.09662,1.4931,5.37536,1.24804,0.06483,2.70221,14.21937,26.04917,2.0,2.84544,7.074838005,80.64461003
1,1,63_68,25.10051,54.25525,19.50473,2.18569,5.3414,1.19887,0.06523,3.47317,14.68995,27.05623,2.0,2.88208,7.053939005,80.67967803
1,4,62_69,24.63615,55.15521,19.18604,2.06666,5.31426,1.2133,0.06759,2.31198,14.58036,25.91214,3.0,1.52908,7.067285005,80.66456003
1,4,62_69,24.43685,55.47082,19.0893,1.51125,5.34595,1.25119,0.06199,3.69332,13.9626,26.99562,2.0,0.64865,7.074579005,80.67224303
1,4,62_69,24.57582,55.38643,19.05089,2.06209,5.31459,1.21585,0.06775,2.00515,14.57832,25.58314,,1.9109,7.071336005,80.65503303
1,3,64_67,24.99889,53.71123,20.25579,2.22897,5.305,1.1899,0.06686,3.72901,15.42092,27.39771,3.0,2.1616,7.032570005,80.70501603
1,0,68_70,21.06736,57.89305,19.38773,2.03964,5.51572,1.24701,0.05878,10.10238,15.17648,29.62573,1.0,4.01505,7.105650005,80.81310833
1,0,56_65,18.70787,66.53521,13.51763,2.17079,5.12737,1.27948,0.0625,2.0898,12.79013,19.1573,3.0,2.36471,6.965349005,80.49911103
1,4,62_68,24.5375,55.22623,19.30339,2.09044,5.29483,1.20459,0.06763,2.3204,14.58238,25.89546,1.0,3.31066,7.050375005,80.66567303
1,0,56_65,18.6401,66.36114,13.60984,2.0599,5.17005,1.28484,0.0618,3.16925,12.79614,20.17412,3.0,2.283,6.977458305,80.49050503
1,1,66_68,23.77803,53.87485,20.98336,2.1824,5.2728,1.19375,0.06466,8.17772,15.31498,30.60233,2.0,4.96265,7.050670005,80.77945803
1,0,55_66,19.14495,65.67743,13.78113,2.03831,5.17352,1.29253,0.06248,3.2904,12.79422,20.87264,2.0,0.69084,6.994825005,80.48113303
1,0,56_65,18.70787,66.53521,13.51763,2.17079,5.12737,1.27948,0.0625,2.0898,12.79013,19.1573,3.0,2.43111,6.968147005,80.49807603
1,4,67_73,21.14124,59.83067,17.62488,1.35035,5.68684,1.30937,0.05408,8.27129,13.88334,28.1014,2.0,3.35124,7.178915005,80.80069303
1,0,58_63,19.13087,65.408,14.14197,2.18293,5.09017,1.2582,0.06022,2.83724,13.39498,19.95693,2.0,2.23499,6.914385005,80.55579303
1,0,68_70,21.15898,57.58176,19.58206,2.05093,5.49751,1.2419,0.05959,10.34069,15.17774,29.95407,3.0,3.37294,7.100340005,80.81685803
1,0,68_70,21.15898,57.58176,19.58206,2.05093,5.49751,1.2419,0.05959,10.34069,15.17774,29.95407,1.0,3.44026,7.100960005,80.81693803
1,1,56_66,19.00211,65.75516,13.86592,2.0429,5.18123,1.29009,0.0626,3.1092,12.79567,20.55708,1.0,1.47843,6.994755005,80.49216303
1,0,68_70,21.15898,57.58176,19.58206,2.05093,5.49751,1.2419,0.05959,10.34069,15.17774,29.95407,3.0,3.39767,7.100556005,80.81677303
1,1,62_67,24.91782,54.91101,19.12293,2.24957,5.27423,1.19537,0.06665,2.97474,14.61937,26.44496,1.0,5.97461,7.026247005,80.66453903
1,0,55_66,19.14495,65.67743,13.78113,2.03831,5.17352,1.29253,0.06248,3.2904,12.79422,20.87264,2.0,0.74179,6.994348005,80.48101603
1,0,55_66,19.14495,65.67743,13.78113,2.03831,5.17352,1.29253,0.06248,3.2904,12.79422,20.87264,1.0,0.80924,6.993710005,80.48063203
1,2,69_70,19.9362,59.32092,19.06709,2.08296,5.52194,1.24211,0.05955,11.55314,15.70192,30.22855,2.0,5.54275,7.109798335,80.86050333
1,1,66_65,26.50711,50.64088,21.78694,2.33394,5.28995,1.14567,0.07075,4.53456,15.79383,29.93312,1.0,0.64525,6.977975005,80.76452303
1,1,62_67,24.60543,55.50202,18.90532,2.25471,5.27196,1.19413,0.06667,2.62581,14.6183,25.81049,2.0,6.82308,7.021257005,80.65110303
1,1,66_68,23.88611,53.80209,20.89389,2.16635,5.28748,1.20147,0.06397,7.96812,15.31203,30.38024,4.0,4.89284,7.058866005,80.76631903
1,2,67_71,22.7527,56.94816,18.76786,1.51948,5.5284,1.27778,0.05647,7.93002,14.5238,29.08065,2.0,6.02637,7.143430005,80.78295803
1,3,64_67,24.85328,53.89672,20.14338,2.21661,5.31523,1.19518,0.0666,3.9126,15.42003,27.38647,2.0,2.18842,7.035797005,80.70806803
1,1,61_69,24.2958,55.73014,19.0105,1.49084,5.37439,1.25011,0.06515,2.44511,14.21761,25.79908,2.0,2.74496,7.078271005,80.63798603
0,3,67_62,26.75755,49.29814,23.0373,2.19706,5.26193,1.16669,0.07641,1.55232,14.69253,27.53111,2.0,1.0208,6.879786841,80.80404601
0,1,69_69,20.12311,58.8514,19.34265,2.06718,5.49224,1.23469,0.06028,11.78918,15.18151,30.5727,4.0,1.90303,7.08512319,80.83822127
0,4,69_68,21.17169,56.81701,19.9707,2.21344,5.43944,1.20107,0.06363,14.07155,16.04182,33.89085,2.0,2.21839,7.058369962,80.85156826
0,2,62_58,23.98719,56.47244,18.02098,2.25787,5.21347,1.22097,0.06227,4.16058,13.95083,25.63909,1.0,3.10104,6.788770437,80.67181943
0,2,70_67,19.11852,58.39857,19.95528,2.17135,5.43729,1.17993,0.06707,18.36049,15.39625,36.16631,2.0,2.86127,7.015160326,80.87121589
0,2,62_57,22.9654,58.36834,17.06006,2.41986,5.2484,1.25404,0.06022,5.33709,13.75513,25.82159,1.0,3.87657,6.762974001,80.66809266
0,4,58_61,21.11095,62.91237,14.43735,2.21448,5.05393,1.25789,0.05941,3.42763,13.39708,21.71831,2.0,1.95749,6.86888824,80.55232276
0,3,64_66,25.44681,52.49289,21.35124,2.30394,5.28387,1.16717,0.06578,3.82577,15.6499,28.11312,1.0,2.97558,6.994179826,80.72758268
0,0,55_65,20.17453,64.46976,13.9354,2.02877,5.09442,1.26358,0.06007,3.19716,12.65613,21.72142,2.0,2.25908,6.96025252,80.46476336
0,4,66_69,23.81998,53.78739,20.85467,2.15309,5.29882,1.20744,0.06342,8.34223,15.31076,30.52681,3.0,3.75976,7.071699917,80.76886412
0,4,57_63,18.58784,66.59489,13.41599,2.15603,5.07955,1.27431,0.05981,3.09403,13.38691,19.74685,3.0,2.01336,6.923764516,80.5348405
0,3,67_62,28.36959,47.46501,23.5488,2.17321,5.27637,1.14241,0.07613,1.1776,15.03047,28.9286,1.0,2.95162,6.89819066,80.79637988
0,0,68_60,25.03161,51.43526,22.15723,2.2266,5.23749,1.1746,0.07734,2.57929,14.09358,26.68578,1.0,4.48873,6.844129634,80.8294187
0,0,61_62,23.4967,57.96305,17.71854,2.20331,5.14492,1.21763,0.06368,1.65859,14.12154,23.22191,2.0,2.50966,6.892673306,80.62900061
0,3,63_64,29.58379,48.68611,21.9157,2.32644,5.19503,1.17349,0.06157,0.52855,15.30322,29.51112,1.0,1.94313,6.939714176,80.68534659
0,1,58_60,20.99847,63.10595,14.10555,2.38028,5.08465,1.26844,0.05831,4.82269,12.84199,22.06343,,2.3127,6.827785934,80.55216519
0,4,60_59,22.48274,60.55842,14.78278,2.41708,5.11972,1.24828,0.05947,4.47586,13.03546,21.60475,2.0,3.09749,6.807887263,80.59792489
0,4,67_60,26.24045,49.1801,23.74361,2.24655,5.23437,1.17053,0.07701,-0.97791,14.09113,24.52046,1.0,2.93879,6.825493004,80.79607983
0,4,57_63,19.48438,65.23521,13.86929,2.1779,5.07286,1.26808,0.0596,3.15306,13.39106,20.46692,4.0,1.37048,6.90474313,80.53767162
0,4,67_73,21.75862,59.05998,17.69304,1.35043,5.68113,1.30737,0.05499,7.2651,13.88331,27.65882,1.0,4.69714,7.181582616,80.78854765
0,2,63_58,23.92848,56.43058,18.10243,2.25811,5.2219,1.24515,0.06241,4.3674,13.95156,25.93054,2.0,1.97174,6.774894034,80.68290908
0,0,66_66,26.05529,51.23493,21.53895,2.32059,5.29922,1.15153,0.0702,5.04756,15.79309,29.91969,1.0,0.89055,6.988037876,80.77050021
0,3,64_69,24.66517,53.62088,20.35505,2.12673,5.32931,1.21208,0.06209,6.52976,14.58031,29.64149,2.0,3.53672,7.077713369,80.72703624
0,3,54_66,20.35971,64.12559,14.06157,1.49304,5.12824,1.27296,0.0588,4.18209,12.29702,22.97084,2.0,2.64,6.986720994,80.44707301
0,2,62_58,23.67903,57.10041,17.59594,2.25039,5.21984,1.25204,0.06112,4.46377,13.9483,25.44461,2.0,3.98014,6.773948069,80.66450533
0,4,58_61,21.11095,62.91237,14.43735,2.21448,5.05393,1.25789,0.05941,3.42763,13.39708,21.71831,3.0,1.67668,6.869927282,80.54554692
0,2,59_61,21.51546,61.38119,15.7558,2.18609,5.13541,1.24432,0.06197,2.5996,14.11029,21.3869,2.0,1.2241,6.872190316,80.58784999
0,3,65_58,23.90478,55.21912,19.44335,2.24509,5.30477,1.20562,0.06718,4.259,14.57716,26.39219,1.0,3.2713,6.773687971,80.72891319
0,2,57_61,20.59982,64.03415,13.78758,2.19443,5.03753,1.24778,0.05843,3.7288,13.38992,21.67569,1.0,0.92354,6.872426788,80.52005283
0,0,63_60,25.07049,54.65998,19.23108,2.24433,5.21831,1.19078,0.06463,2.21982,14.55293,25.28407,3.0,3.50923,6.837548776,80.67796175
0,1,63_63,30.5474,46.71407,22.98692,2.26805,5.28208,1.15725,0.06513,0.40121,15.4491,30.40418,1.0,0.32663,6.927251096,80.69891831
0,0,61_57,22.26818,60.01541,15.90096,2.40912,5.25301,1.27159,0.05715,5.78117,13.7468,24.93075,1.0,3.72266,6.760125636,80.63469357
0,0,59_60,22.674,59.79366,15.87033,2.27488,5.08792,1.24283,0.06106,3.94945,13.42733,23.09673,3.0,2.21066,6.843295545,80.59210056
0,3,66_58,23.97854,54.00631,20.57475,2.17372,5.36841,1.21688,0.07158,3.92302,14.70015,26.41773,2.0,1.58205,6.777987813,80.76812616
0,1,55_63,20.67973,64.03128,13.81499,2.10471,4.98246,1.28821,0.05575,4.11877,11.99567,22.78229,1.0,2.30942,6.903153969,80.47756186
0,2,56_59,20.7405,64.09052,13.52527,2.42853,4.968,1.26428,0.0516,5.74798,11.99724,23.83666,2.0,4.55283,6.813291265,80.49386851
0,1,68_68,21.57667,56.49071,20.33357,2.11307,5.4159,1.2131,0.06352,10.59415,15.18465,30.86561,2.0,2.53291,7.04775982,80.81451429
0,2,62_66,25.42672,54.05011,19.67369,2.27741,5.28512,1.18592,0.06528,2.64737,14.80793,26.71547,3.0,5.57096,7.00036419,80.67122644
0,0,60_64,19.73889,63.73645,15.51224,2.20835,5.12578,1.21255,0.06515,1.6333,13.67026,19.71799,2.0,1.36786,6.936421509,80.5944456
0,4,65_65,27.26484,50.1449,21.84998,2.33765,5.29309,1.14507,0.06962,2.90989,15.78996,29.15257,2.0,2.87205,6.964337414,80.74077841
0,4,62_65,25.53446,54.40133,19.6516,2.28719,5.15549,1.1646,0.0656,1.27133,15.02146,25.7781,2.0,2.33952,6.969582196,80.66198495
0,3,66_63,30.15665,45.50613,23.95776,2.22045,5.24742,1.14685,0.0716,1.61823,14.85445,31.2287,1.0,2.58751,6.926642414,80.77860154
0,4,60_62,22.30894,59.94604,16.63243,2.19433,5.14172,1.2289,0.06281,2.16853,14.11571,22.12724,2.0,0.70597,6.876629838,80.60726733
0,3,65_59,25.20406,53.07111,20.5419,2.30162,5.20666,1.18444,0.06989,2.75501,13.96659,26.5404,3.0,3.97951,6.804394008,80.74529919
0,3,57_64,17.97389,67.47136,13.22519,2.24715,5.09699,1.23908,0.06233,2.5826,13.40444,18.77691,2.0,0.76623,6.943351669,80.52195392
0,4,60_62,22.78232,59.10676,17.16996,2.19603,5.14561,1.22326,0.06325,1.86765,14.11859,22.59249,2.0,1.87651,6.885768999,80.61637144
0,2,63_58,24.03292,56.12061,18.34116,2.26196,5.22325,1.2417,0.06309,4.31583,13.95317,26.12762,1.0,1.22621,6.780149757,80.68890774
0,2,55_67,19.49656,65.50261,13.61031,1.56036,5.20334,1.30811,0.06124,3.54352,12.12531,21.51803,2.0,1.07251,7.011603862,80.47485931
0,0,63_62,28.5826,49.65185,21.72287,2.23826,5.21714,1.1737,0.06533,0.35421,14.56112,27.9912,3.0,4.19201,6.89312015,80.69122017
0,2,63_58,24.12112,56.1162,18.2863,2.26202,5.21426,1.21773,0.06296,4.10012,13.95252,25.87754,1.0,1.93646,6.787539617,80.68418795
0,3,64_66,25.67279,52.8506,20.69505,2.26673,5.27562,1.17346,0.06768,2.99619,15.42374,27.49792,2.0,2.27144,7.002388321,80.70941897
0,2,62_58,23.67903,57.10041,17.59594,2.25039,5.21984,1.25204,0.06112,4.46377,13.9483,25.44461,2.0,3.80847,6.776969874,80.66567922
0,3,70_66,19.42849,58.08323,20.02096,2.18293,5.42612,1.17551,0.06783,17.45563,15.39727,35.61278,1.0,4.06585,7.001380656,80.87310374
0,4,59_59,22.00538,61.46117,14.36266,2.40742,5.11217,1.25541,0.05868,4.57222,13.03088,21.31995,2.0,2.34854,6.816683725,80.58125404
0,3,68_63,25.5001,51.0932,22.15457,2.14224,5.29681,1.14851,0.0761,4.77475,15.03547,29.38191,2.0,0.46677,6.923252691,80.81991384
0,0,56_64,19.62929,64.93794,14.04435,2.06191,5.11078,1.25114,0.06011,2.77272,12.66135,20.61959,2.0,3.01441,6.945238746,80.48829479
0,3,64_67,24.77448,53.33288,20.99778,2.27773,5.30557,1.17898,0.06472,4.54231,15.64803,28.02576,1.0,1.1034,7.0136748,80.72772422
0,2,68_71,20.87202,59.3669,18.3276,1.50721,5.57174,1.28467,0.05534,9.46318,14.85818,29.05678,2.0,4.26915,7.140959377,80.83151554
0,4,67_73,21.75862,59.05998,17.69304,1.35043,5.68113,1.30737,0.05499,7.2651,13.88331,27.65882,1.0,5.13589,7.185709097,80.78493563
0,0,61_59,23.63096,57.94159,16.75786,2.29685,5.10725,1.23306,0.06245,4.17801,13.43685,24.45548,2.0,2.41831,6.809174009,80.63073754
0,0,55_66,19.19759,65.8615,13.56684,1.56565,5.2064,1.29494,0.06065,3.40113,12.12619,21.05243,2.0,0.1241,7.0018018,80.4811514
0,0,68_70,20.35935,58.93922,19.09666,2.04312,5.52385,1.24585,0.05862,10.74157,15.17794,29.70775,2.0,4.27326,7.10863993,80.83053721
0,4,65_65,27.211,50.04,21.94042,2.34125,5.28859,1.14312,0.07021,3.23417,15.79151,29.41936,1.0,1.73043,6.962479604,80.75157673
0,3,64_69,24.35981,55.06183,19.37528,1.51233,5.35418,1.2499,0.06093,4.95821,13.9677,27.9714,2.0,2.48349,7.085779423,80.70172487
0,4,65_70,23.88933,54.52661,19.98666,1.53515,5.4306,1.25458,0.05741,7.58729,14.22217,29.69966,2.0,1.66567,7.112631249,80.74178486
0,1,68_65,24.54588,52.24708,21.61957,2.21744,5.32114,1.13965,0.07379,7.72511,15.61566,31.12664,1.0,1.14171,6.961846145,80.82633854
0,2,72_73,13.72519,69.36076,15.32496,0.98348,5.85065,1.39023,0.05502,13.63798,13.48865,26.24334,3.0,1.86225,7.183360366,80.92740357
0,4,59_58,21.99155,61.36061,14.59066,2.41651,5.12676,1.2588,0.05772,5.20938,13.03159,22.56389,4.0,3.66491,6.772365331,80.59182533
0,0,67_64,26.94585,49.57035,22.50016,2.23053,5.3146,1.13468,0.07296,4.3013,15.61091,30.30614,2.0,0.74249,6.953751009,80.78557325
0,3,66_63,29.84068,46.10449,23.69846,2.2325,5.24421,1.13907,0.07179,1.04531,14.85234,30.27482,2.0,4.90165,6.90679094,80.77010245
0,0,56_65,19.84777,64.69874,14.06133,2.03952,5.11286,1.25949,0.06044,2.87166,12.65878,21.05298,2.0,2.58789,6.964220304,80.48729614
0,2,56_59,21.02747,63.86071,13.56834,2.51252,4.98021,1.26233,0.05286,5.19044,11.77456,23.4625,3.0,3.48719,6.811798233,80.50582603
0,2,73_69,16.72683,63.63618,17.20791,1.91511,5.64215,1.26685,0.06258,15.65827,14.70946,31.06608,2.0,10.31627,7.089513755,80.94808634
0,2,65_69,24.11242,53.7841,20.70942,2.14851,5.30724,1.21028,0.06327,7.11986,15.30759,29.71806,3.0,3.08122,7.072137,80.74978277
0,0,63_66,25.48869,53.65641,20.2387,2.26609,5.2839,1.17726,0.06678,1.97944,15.41907,26.34579,3.0,4.52099,6.989412275,80.68087978
0,1,56_67,19.99642,64.4559,14.22004,1.5551,5.22796,1.32363,0.06251,3.02509,12.12822,21.57094,2.0,2.2255,7.026692598,80.48899723
0,0,70_73,15.28973,67.01754,16.11561,0.98994,5.80838,1.37374,0.05565,12.97466,13.50121,27.03307,2.0,4.86896,7.174492251,80.87482217
0,0,58_59,21.44876,62.42429,14.09864,2.40172,5.10806,1.26639,0.05723,5.04879,13.02567,21.93313,2.0,3.86833,6.804681957,80.55524405
0,3,64_69,24.73131,53.79253,20.20345,2.1235,5.33435,1.2138,0.06208,5.90112,14.57846,29.17362,1.0,3.84977,7.081513114,80.71481723
0,4,65_61,27.37996,49.31493,22.59425,2.28757,5.27037,1.1455,0.07297,0.8628,15.33478,27.24988,2.0,0.84939,6.856799458,80.7535753
0,4,62_65,25.38687,54.28104,19.81686,2.32046,5.23025,1.16811,0.06805,1.3568,15.34732,25.62009,2.0,2.88081,6.973457279,80.65865777
0,0,66_66,25.08284,52.20882,21.36527,2.24753,5.30074,1.16184,0.06755,7.20183,15.84329,30.92571,1.0,0.67831,7.003817492,80.77971906
0,3,62_63,30.69577,47.30192,22.63549,2.29027,5.2369,1.16839,0.06223,-0.84787,15.16308,29.42318,1.0,2.10218,6.916782289,80.67367284
0,1,58_60,21.0251,62.88512,14.45185,2.40994,5.07485,1.26292,0.05966,4.10604,13.25179,21.71865,2.0,1.16641,6.839865137,80.56336567
0,1,70_71,17.00961,63.89761,17.41,1.31023,5.70514,1.32411,0.05637,12.74544,13.87083,28.48254,3.0,5.63435,7.144375995,80.86792578
0,1,56_66,18.96145,65.98728,13.65003,2.04668,5.16783,1.26503,0.06205,3.31959,12.79443,20.6819,2.0,1.93246,6.984298872,80.48695234
0,0,72_70,15.51119,65.91168,16.69829,1.29835,5.69014,1.33303,0.05805,14.41915,13.74943,28.75885,2.0,9.54147,7.113801424,80.92384857
0,4,59_58,22.46346,60.94609,13.96867,2.41462,5.12322,1.25401,0.05878,4.62173,13.03272,20.3663,4.0,4.04681,6.791540171,80.58313032
0,0,56_58,20.8729,63.91135,13.53346,2.62678,4.98139,1.26272,0.04959,6.07822,11.65121,24.24438,1.0,4.59842,6.791581169,80.49253415
0,1,54_63,20.18231,64.83184,13.53996,2.04949,5.05333,1.26321,0.0584,3.53682,12.65572,21.94536,1.0,3.99874,6.927652929,80.44193547
0,1,60_63,21.20968,61.89845,15.84244,2.21417,5.09602,1.23914,0.06153,2.32927,13.40619,21.68081,2.0,0.95859,6.922358846,80.60089521
0,3,63_61,26.22921,52.61003,20.4187,2.25419,5.21487,1.17823,0.0666,1.55165,14.5589,26.26128,2.0,2.13569,6.847865293,80.70079442
0,0,70_73,14.87556,67.9027,15.82778,0.986,5.83654,1.38299,0.05443,12.79974,13.49493,26.53648,,3.8918,7.189221694,80.88645395
0,1,58_58,21.70216,62.02941,14.12987,2.40855,5.11872,1.26253,0.05718,5.2163,13.02746,22.0351,3.0,6.12283,6.781774085,80.56421943
0,2,65_69,24.49373,53.55787,20.4127,2.11665,5.33737,1.21594,0.06164,7.32508,14.5809,30.06295,2.0,2.40294,7.082967022,80.73649217
0,0,56_65,19.81183,64.77433,14.01731,2.04779,5.10731,1.25649,0.06014,2.89845,12.65934,20.99309,3.0,2.75677,6.960105917,80.48503573
0,0,70_73,15.2482,67.25478,16.01987,0.98843,5.8204,1.37707,0.05503,12.72944,13.49911,26.78652,3.0,5.08154,7.181861804,80.87698304
0,2,66_60,26.04706,50.40537,22.59734,2.24072,5.23266,1.17505,0.07528,0.75142,14.08945,25.78708,1.0,3.73989,6.826838519,80.77465788
0,3,64_67,25.43507,52.97076,20.6782,2.25771,5.2801,1.18113,0.06775,3.6154,15.42457,27.8111,1.0,0.87299,7.012458409,80.71766347
0,0,61_61,23.9679,56.98596,17.97549,2.21081,5.23094,1.2176,0.06091,2.12764,14.54553,23.71413,1.0,1.22726,6.86125934,80.63684312
0,4,66_62,28.26527,47.97005,23.11727,2.25218,5.24304,1.14424,0.07361,1.16403,14.85143,28.64506,1.0,2.75061,6.879539263,80.7730947
0,4,56_61,21.50602,63.03009,14.04438,2.33376,4.99803,1.2632,0.05529,3.92739,11.78782,22.97864,1.0,2.54123,6.864087092,80.50549129
0,2,63_58,23.16214,57.30595,17.97194,2.28099,5.25123,1.24753,0.06162,4.24342,14.30645,25.1774,1.0,1.95092,6.768587801,80.68654029
0,4,62_62,25.9877,53.86845,19.68567,2.21362,5.23059,1.19437,0.06208,1.07577,14.55207,25.55989,2.0,1.28043,6.890916866,80.65386222
0,4,61_64,22.13915,59.6251,17.50705,2.23188,5.18687,1.19257,0.06459,0.95855,14.58004,21.73596,1.0,3.4273,6.951437717,80.62740429
0,1,60_65,19.69478,63.35779,16.01563,2.29897,5.20771,1.19454,0.06244,1.399,14.32778,19.73924,3.0,2.17941,6.970576457,80.60596789
0,3,64_66,26.41563,51.70311,21.26188,2.29665,5.25132,1.15404,0.06871,2.63694,15.42755,27.99755,1.0,3.80551,6.985689924,80.71732741
0,3,64_69,24.82732,53.63825,20.32576,2.13656,5.32152,1.20844,0.06248,5.84022,14.57966,29.27538,3.0,4.15812,7.068585146,80.71586479
0,1,68_59,23.88431,53.30004,21.25778,2.17797,5.36187,1.18571,0.07542,3.60746,14.70471,26.3445,1.0,1.82885,6.799466712,80.82412993
0,4,58_61,20.90556,63.33526,14.20124,2.20753,5.04917,1.26152,0.05907,3.53162,13.39463,21.66351,2.0,0.99782,6.869110654,80.53902573
0,4,67_65,25.56429,51.14092,21.96073,2.21873,5.32001,1.13901,0.07319,6.25775,15.61332,30.74296,2.0,1.20655,6.967709974,80.8026757
0,2,56_59,20.96237,63.6939,13.65507,2.6294,4.98553,1.26289,0.0505,5.76852,11.65302,23.89186,1.0,4.08942,6.808596883,80.50141815
0,2,55_67,19.71154,65.0257,13.90195,1.5577,5.21593,1.32438,0.06187,3.28848,12.12673,21.51297,2.0,1.31066,7.017008135,80.48147891
0,0,68_60,25.35856,50.76711,22.65342,2.23369,5.24034,1.17325,0.07743,1.42567,14.09261,25.92622,1.0,3.67195,6.832754184,80.81921996
0,0,56_64,18.69336,66.58526,13.47249,2.17919,5.12207,1.24163,0.06225,2.13308,12.79053,19.1252,1.0,1.7615,6.951947034,80.50417807
0,1,65_62,28.10439,48.6233,22.73024,2.27555,5.27277,1.14557,0.0717,0.94241,15.33604,28.12504,1.0,3.31611,6.879952213,80.74852776
0,3,72_69,17.40559,62.23448,17.98809,2.09319,5.55402,1.23564,0.06275,17.00958,15.40975,33.13875,3.0,9.88059,7.069056864,80.93725568
0,1,65_62,28.10439,48.6233,22.73024,2.27555,5.27277,1.14557,0.0717,0.94241,15.33604,28.12504,1.0,3.38748,6.880444339,80.74659686
0,2,65_64,28.87911,48.20969,22.52894,2.27431,5.27624,1.15837,0.06723,2.01988,15.4533,30.08113,4.0,3.67583,6.93288672,80.73313936
0,3,65_58,23.94449,54.98656,19.6437,2.24788,5.30794,1.20285,0.06796,4.18445,14.57879,26.45218,2.0,4.10757,6.780584332,80.73715587
0,2,63_58,24.12112,56.1162,18.2863,2.26202,5.21426,1.21773,0.06296,4.10012,13.95252,25.87754,1.0,2.27429,6.785488583,80.68017099
0,3,64_59,24.67706,54.74541,19.26391,2.27894,5.20925,1.20303,0.06577,3.59529,13.95864,26.38233,3.0,2.41344,6.799138959,80.7104945
0,2,56_63,20.58853,64.0108,14.02293,2.06595,5.04116,1.28629,0.05756,2.68951,12.63529,21.33765,2.0,0.35311,6.919922118,80.4947318
0,3,67_62,29.01763,46.70685,23.81142,2.17343,5.27455,1.14259,0.07566,0.62551,15.02954,29.07355,1.0,3.65694,6.90023842,80.78289384
0,3,67_58,23.72821,53.98181,20.77633,2.17067,5.37771,1.19566,0.07299,3.97408,14.70143,26.3861,1.0,1.52215,6.779513291,80.79004746
0,2,69_70,20.07419,59.12546,19.15768,2.05576,5.51009,1.2402,0.05941,11.44622,15.18003,30.17734,2.0,3.01462,7.095747338,80.83896872
0,4,59_59,22.00538,61.46117,14.36266,2.40742,5.11217,1.25541,0.05868,4.57222,13.03088,21.31995,2.0,2.03272,6.818139196,80.57552558
0,0,61_61,23.9239,57.46097,17.50499,2.26296,5.17809,1.22143,0.06203,2.44639,14.24572,24.02283,1.0,0.59501,6.866826112,80.62565242
0,2,56_63,20.60088,63.76338,14.26056,2.08452,5.05522,1.25357,0.05768,2.54354,12.63891,21.06329,2.0,1.50489,6.904990772,80.50976026
0,3,64_69,24.66517,53.62088,20.35505,2.12673,5.32931,1.21208,0.06209,6.52976,14.58031,29.64149,2.0,3.7188,7.07570508,80.72672235
0,0,56_64,19.58634,64.97937,14.05149,2.05343,5.11652,1.25437,0.06033,2.74726,12.6607,20.61258,2.0,2.88389,6.952694237,80.49404056
0,2,70_67,17.48499,59.92351,19.69461,2.14601,5.4709,1.19097,0.06557,22.76073,15.3951,38.82395,1.0,4.00236,7.026889681,80.88609342
0,0,65_60,25.85569,51.96958,21.166,2.31087,5.18644,1.17362,0.07105,2.07176,13.96914,26.64064,2.0,2.75267,6.825493836,80.74562646
0,1,63_59,24.60763,55.50536,18.59287,2.35948,5.13699,1.20236,0.06363,3.40759,14.01565,25.66515,2.0,2.05364,6.815603922,80.67618368
0,2,59_62,21.76971,60.84576,16.18389,2.18752,5.14082,1.23927,0.0624,2.33257,14.11292,21.66127,2.0,1.00214,6.880512823,80.59230899
0,3,72_69,17.53543,61.88809,18.18971,2.09583,5.54396,1.23174,0.06293,17.35993,15.41169,33.6005,3.0,9.08442,7.068804959,80.92247936
0,0,66_59,25.27325,51.89183,21.66361,2.22738,5.25682,1.18574,0.07373,1.99582,14.08619,26.07876,1.0,3.27202,6.807669623,80.77874889
0,4,57_63,19.48438,65.23521,13.86929,2.1779,5.07286,1.26808,0.0596,3.15306,13.39106,20.46692,4.0,1.26202,6.905129567,80.536759
0,4,65_73,23.18043,56.98002,18.42847,1.53187,5.60369,1.27911,0.05488,5.77713,14.58384,27.55761,2.0,6.96087,7.176660609,80.75507277
0,1,68_66,24.02366,52.9377,21.36944,2.28029,5.27091,1.16006,0.07032,9.70404,15.85198,32.42769,1.0,1.88809,6.986598815,80.82400478
0,2,59_61,21.33386,61.81475,15.36473,2.18463,5.12948,1.25195,0.06155,2.85583,14.10776,21.17335,3.0,0.26096,6.858511041,80.57562894
0,1,68_65,25.07357,51.66764,21.80024,2.21832,5.32033,1.13921,0.07351,6.96997,15.61451,30.93271,2.0,1.06565,6.967218704,80.81076591
0,0,66_61,27.37996,49.31493,22.59425,2.28757,5.27037,1.1455,0.07297,0.8628,15.33478,27.24988,3.0,1.58406,6.861823467,80.7580922
0,2,66_64,28.52406,47.9238,23.03683,2.24881,5.30872,1.15097,0.07253,1.90684,15.60728,29.64411,2.0,2.34699,6.94126548,80.76064185
0,1,71_66,16.97918,59.93501,20.09842,2.05515,5.45634,1.19512,0.06808,22.87146,15.66574,38.50022,1.0,3.29557,6.999521037,80.90408868
0,3,57_64,18.2603,67.08215,13.31972,2.256,5.09105,1.27851,0.06226,2.63761,13.40536,19.02807,2.0,1.09096,6.940706279,80.52331276
0,4,69_72,17.65514,63.68869,17.15911,1.24489,5.73933,1.32968,0.05564,11.17422,14.08474,27.57842,3.0,3.14759,7.158798498,80.85052299
0,4,59_65,18.31621,65.72698,14.92587,2.28125,5.14773,1.21768,0.06374,1.85517,13.42276,18.77837,1.0,2.28065,6.969201514,80.59196232
0,3,65_58,24.5825,54.37577,19.69122,2.2861,5.22445,1.19709,0.06756,3.64488,13.96226,26.60705,2.0,4.5411,6.788719585,80.7401461
0,2,67_71,21.47975,58.12506,18.8149,1.48595,5.53881,1.28072,0.05621,9.44333,14.33615,29.37267,2.0,5.83541,7.120701315,80.80535257
0,4,66_67,24.36606,53.22366,21.30096,2.28907,5.27987,1.16927,0.06615,6.39762,15.65418,29.42985,3.0,1.1085,7.010512114,80.77045238
0,4,62_65,24.55708,55.73567,19.17297,2.24475,5.1813,1.18207,0.06613,0.95554,14.5883,24.34047,2.0,2.94764,6.967059501,80.64950206
0,0,58_63,18.99812,65.74322,13.8994,2.17622,5.0855,1.2661,0.05998,2.95261,13.39249,19.92093,2.0,2.80347,6.921556376,80.54715238
0,3,65_59,24.89507,53.61979,20.21767,2.29586,5.21698,1.18844,0.06917,3.14759,13.9652,26.5642,1.0,4.67766,6.794712047,80.74565395
0,4,58_61,21.32487,62.69163,14.40849,2.25276,4.98608,1.25779,0.06028,3.62173,12.99716,21.95,2.0,1.07992,6.859658347,80.55144576
0,1,65_68,24.42,53.6779,20.7784,2.17205,5.28862,1.20031,0.06414,5.98404,15.30834,29.19224,1.0,3.87288,7.050545228,80.73715093
0,1,65_68,24.42,53.6779,20.7784,2.17205,5.28862,1.20031,0.06414,5.98404,15.30834,29.19224,2.0,3.92488,7.052802319,80.73356944
0,4,67_60,26.63665,48.31851,24.28625,2.25098,5.21606,1.16328,0.07816,-1.32701,14.0942,24.70304,2.0,3.07407,6.843768073,80.80652474
0,0,61_61,23.87314,57.55599,17.39204,2.28876,5.08419,1.22271,0.06261,3.21111,13.43553,24.55569,2.0,0.96082,6.863949091,80.62376073
0,2,64_62,28.36746,49.46313,21.97496,2.2497,5.21486,1.16633,0.06725,0.62223,14.56501,28.07425,1.0,4.49561,6.887863142,80.70518619
0,4,69_71,17.33959,63.45859,17.51792,1.3112,5.70097,1.32213,0.05643,12.44368,13.87238,28.47931,1.0,5.17221,7.142033733,80.85897924
0,3,60_60,22.73225,59.78432,15.68708,2.27604,5.09152,1.24433,0.06105,4.06986,13.42741,22.89533,3.0,2.84243,6.835454487,80.59903074
0,3,70_66,18.28763,58.94856,19.99414,2.16986,5.43989,1.18031,0.0672,21.01882,15.39716,37.94783,4.0,4.0678,7.007392429,80.87904496
0,2,56_63,19.8687,64.62615,14.10236,2.07897,5.09897,1.28758,0.05983,2.81421,12.6628,20.75833,2.0,0.59865,6.923610808,80.49265363
0,1,57_62,19.79073,65.12128,13.60773,2.1733,5.05355,1.25013,0.05896,3.45741,13.38735,20.97818,4.0,0.93561,6.899909552,80.52326265
0,3,60_60,22.73225,59.78432,15.68708,2.27604,5.09152,1.24433,0.06105,4.06986,13.42741,22.89533,2.0,2.87171,6.830940062,80.59873398
0,0,61_60,23.99058,57.33194,17.27214,2.29742,5.09604,1.22372,0.06301,3.59103,13.43784,24.63831,2.0,3.72492,6.836314858,80.62998211
0,3,57_66,18.97252,65.92151,13.91181,2.15048,5.15158,1.26401,0.06358,1.80852,12.79072,19.29714,2.0,2.59813,6.992377479,80.51283399
0,4,65_61,27.37996,49.31493,22.59425,2.28757,5.27037,1.1455,0.07297,0.8628,15.33478,27.24988,2.0,0.97236,6.858470613,80.75236157
0,2,72_73,13.06536,70.49926,14.85319,0.97935,5.87848,1.39972,0.05449,13.60038,13.48188,25.59653,2.0,0.97803,7.193545449,80.94394548
0,4,61_64,23.15258,58.05869,18.15895,2.23984,5.18243,1.18731,0.0651,0.8725,14.58312,22.72733,2.0,3.06407,6.955117169,80.63829041
0,3,66_63,31.32855,43.84139,24.69293,2.22925,5.24358,1.14467,0.07204,0.30931,14.85401,31.26253,1.0,3.34463,6.920394261,80.77380454
0,3,54_66,20.42461,64.14372,13.96262,1.49176,5.1188,1.2749,0.05869,4.37701,12.29608,23.24568,2.0,3.77432,6.985665327,80.4363143
0,3,64_67,25.40331,53.19602,20.52848,2.25405,5.28524,1.17903,0.0674,3.27057,15.42278,27.44769,2.0,0.97544,7.016774935,80.71178222
0,2,56_59,20.96237,63.6939,13.65507,2.6294,4.98553,1.26289,0.0505,5.76852,11.65302,23.89186,4.0,3.6033,6.809235371,80.50650001
0,1,63_59,24.55409,55.43013,18.68561,2.26875,5.19872,1.20905,0.06388,3.5752,13.95436,25.8765,1.0,2.93172,6.802145664,80.68195689
0,4,59_58,21.99155,61.36061,14.59066,2.41651,5.12676,1.2588,0.05772,5.20938,13.03159,22.56389,4.0,3.99225,6.774854211,80.5870657
0,4,65_70,24.33044,53.38299,20.53008,2.10651,5.3457,1.21992,0.06112,8.29121,14.58144,30.59633,2.0,0.61434,7.098517042,80.74464025
0,1,63_63,31.00499,46.42101,23.15548,2.29578,5.23716,1.16038,0.06379,-0.55621,15.16809,30.12281,1.0,0.8394,6.924498611,80.69476608
0,2,70_67,18.22246,59.42658,19.66469,2.14712,5.46718,1.19047,0.0655,20.38507,15.3944,37.21996,2.0,3.60201,7.033852533,80.88237509
0,0,66_73,22.65279,58.0047,18.02919,1.52726,5.628,1.28332,0.05336,6.5174,14.58359,27.86571,2.0,5.87201,7.185818329,80.77823163
0,4,67_60,26.1289,49.84677,23.12329,2.24424,5.23303,1.17243,0.07621,-0.01918,14.09036,25.22615,1.0,3.1805,6.823859007,80.78949868
0,4,69_68,20.25461,58.10777,19.87162,2.10312,5.4408,1.21735,0.06286,12.71811,15.18607,31.68987,2.0,0.91872,7.060807033,80.83916231
0,3,60_66,21.61208,60.36926,17.04755,2.26777,5.22682,1.20353,0.06379,1.51995,14.32826,21.8127,3.0,2.68035,7.008995096,80.61182491
0,0,63_66,25.4312,53.53566,20.31182,2.25849,5.28681,1.17935,0.06694,2.44378,15.42004,26.71222,2.0,3.93951,7.002372932,80.68901328
0,2,63_58,23.25762,57.016,18.19155,2.28422,5.25279,1.24429,0.06232,4.2074,14.30788,25.36346,1.0,1.566,6.765870028,80.70094845
0,0,60_64,21.36745,60.88669,16.9543,2.2342,5.18416,1.19339,0.06408,0.96244,14.5779,20.86384,1.0,2.20792,6.948295277,80.61298847
0,0,63_60,25.11614,54.22758,19.58867,2.25579,5.21724,1.1925,0.06614,2.27969,14.55542,25.56694,3.0,2.64077,6.82131907,80.6977417
0,0,61_59,23.43484,58.0761,17.01081,2.45739,5.17061,1.2291,0.06051,4.04354,13.69126,24.48273,1.0,1.59011,6.808707266,80.64406547
0,0,72_70,15.51119,65.91168,16.69829,1.29835,5.69014,1.33303,0.05805,14.41915,13.74943,28.75885,1.0,9.22394,7.116608916,80.92190336
0,0,57_60,21.20552,63.29966,13.8775,2.61683,5.00564,1.27121,0.05634,5.45517,12.25224,23.71065,1.0,0.67752,6.832592297,80.52571331
0,1,60_68,24.13259,56.79574,18.17083,1.49912,5.41489,1.24929,0.06529,0.45027,13.45426,23.18767,,4.08365,7.061547375,80.61202074
0,1,57_58,20.46234,64.26971,13.42864,2.38117,5.08345,1.28424,0.05211,6.45104,11.37952,23.54299,1.0,5.48514,6.774440078,80.53328906
0,4,62_64,27.58789,51.53501,20.89772,2.4082,5.16293,1.14987,0.06378,0.53879,14.96341,27.33015,,0.81823,6.942626664,80.67062066
0,0,60_67,22.8475,59.55416,16.67785,2.15768,5.25413,1.23,0.06286,0.2542,13.35308,21.7982,3.0,2.48301,7.03649104,80.59525336
0,1,65_76,27.79932,51.6452,18.78191,1.0377,5.70452,1.33735,0.05294,3.63944,12.77567,30.60726,,2.09408,7.271268295,80.75107795
0,0,59_68,22.53066,59.92351,16.59834,1.60363,5.30252,1.23767,0.06084,0.87049,12.99267,22.08962,2.0,2.99447,7.052926541,80.57943883
0,0,66_66,24.67615,52.82965,21.47223,2.30275,5.26915,1.16334,0.06679,5.97745,15.65515,29.39382,1.0,0.55711,7.004392477,80.76999214
0,2,73_72,13.06086,70.14366,15.01705,0.98399,5.84929,1.39089,0.05602,14.14361,13.48723,26.08229,4.0,4.46171,7.160171259,80.95645736
0,1,63_69,24.39865,55.21444,19.24539,1.51038,5.35533,1.25136,0.06129,4.46045,13.96586,27.58138,1.0,0.88322,7.084937604,80.68628457
0,1,69_69,21.13511,57.07788,19.78923,2.20105,5.45637,1.20725,0.06271,13.64751,16.03979,33.41517,2.0,1.79647,7.069018113,80.84939577
0,1,71_66,18.5715,58.79918,20.09488,2.07848,5.43415,1.18695,0.06947,17.06385,15.66688,34.42636,1.0,1.97164,6.987054831,80.89479617
0,3,64_69,24.66517,53.62088,20.35505,2.12673,5.32931,1.21208,0.06209,6.52976,14.58031,29.64149,2.0,3.53724,7.077971482,80.72678145
0,1,66_74,21.06917,60.88558,16.6563,1.06211,5.77497,1.33846,0.05479,7.15821,13.63426,27.02934,1.0,4.58965,7.208504867,80.78088608
0,1,68_67,22.08192,55.43908,20.58149,2.11012,5.40068,1.17591,0.0673,12.25626,15.37897,33.14265,2.0,2.78554,7.012124246,80.83223568
0,2,62_58,22.68989,59.07832,16.53881,2.4156,5.24738,1.26049,0.05891,5.44224,13.75149,25.31368,1.0,4.40381,6.765677354,80.65104852
0,2,70_67,18.89975,58.93908,19.66135,2.14808,5.46414,1.1902,0.06539,18.30598,15.39358,35.84568,2.0,2.33926,7.031456579,80.87112374
0,1,54_63,19.99024,65.8501,12.74575,2.10248,4.95648,1.26042,0.05591,4.70341,11.59232,22.94364,1.0,3.30184,6.919965833,80.4504136
0,4,67_60,26.68992,48.40922,24.2089,2.22036,5.25959,1.1628,0.07761,-1.73174,14.68792,24.32012,2.0,2.92266,6.843250115,80.79223123
0,1,68_59,24.4865,52.21976,21.93043,2.19349,5.33865,1.17697,0.07629,2.45647,14.70621,25.8883,1.0,0.77969,6.806742634,80.81254813
0,3,71_67,16.97676,60.01421,20.00168,2.15746,5.44164,1.20461,0.06585,24.28684,15.84972,39.84424,1.0,4.87317,7.02857784,80.89408672
0,4,68_73,19.04444,62.95234,16.72284,1.02312,5.74726,1.36185,0.05526,10.12404,13.38311,27.99873,,1.60335,7.193372245,80.82660553
0,0,61_61,24.48802,56.11291,18.42793,2.21659,5.22818,1.21242,0.06163,1.97543,14.54766,24.25066,2.0,2.21071,6.85742839,80.64555336
0,2,70_67,17.18146,59.37653,20.36976,2.17255,5.41843,1.19612,0.0669,25.09139,15.85228,40.84464,3.0,4.31365,7.018453379,80.8872951
0,3,60_66,21.32438,60.80568,16.92311,2.27752,5.22136,1.20015,0.06351,1.50582,14.32877,21.51229,4.0,2.88018,7.007111231,80.61695377
0,2,70_72,15.01318,67.20124,16.10577,0.99077,5.80057,1.37265,0.05625,13.4965,13.50142,27.26128,1.0,5.72212,7.159595044,80.88763221
0,0,59_63,20.48227,63.06669,15.31613,2.20574,5.09638,1.24447,0.06115,2.46898,13.40322,21.03932,2.0,1.87353,6.920917588,80.59069602
0,3,65_59,25.20406,53.07111,20.5419,2.30162,5.20666,1.18444,0.06989,2.75501,13.96659,26.5404,2.0,4.34956,6.801133881,80.74673182
0,0,59_63,19.097,65.12586,14.57847,2.18888,5.1037,1.25112,0.06089,2.52487,13.39931,19.8064,2.0,2.76123,6.923729124,80.57777962
0,4,62_64,25.51614,54.52722,19.64637,2.26672,5.16552,1.15383,0.06611,0.44469,14.59016,24.85163,1.0,2.2946,6.950729012,80.64905583
0,1,63_69,24.35981,55.06183,19.37528,1.51233,5.35418,1.2499,0.06093,4.95821,13.9677,27.9714,2.0,2.07183,7.088563124,80.69668189
0,3,61_63,23.79791,57.7951,17.71883,2.25323,5.08011,1.22059,0.0637,1.47327,14.1359,23.63777,2.0,1.4233,6.908759629,80.62627491
0,3,66_58,24.28387,53.45945,20.89404,2.18259,5.35352,1.20008,0.07238,3.44578,14.70139,26.29919,1.0,2.26572,6.788106145,80.7704054
0,1,60_63,22.11196,60.07957,17.01316,2.17632,5.14489,1.22899,0.06201,1.23345,14.11417,21.75105,1.0,0.99414,6.927069544,80.61444231
0,1,68_69,20.54911,58.11116,19.6444,2.07769,5.47065,1.22948,0.06117,11.58126,15.18221,30.76032,3.0,0.8471,7.076912694,80.83330448
0,1,68_65,23.77591,53.22506,21.42479,2.24357,5.32898,1.13682,0.07179,8.39515,15.67951,31.00017,1.0,1.58182,6.958221378,80.82812356
0,4,65_65,27.211,50.04,21.94042,2.34125,5.28859,1.14312,0.07021,3.23417,15.79151,29.41936,2.0,2.17855,6.966808788,80.74695051
0,0,66_75,22.07332,61.21569,15.57588,1.06116,5.80423,1.34218,0.05338,6.31417,13.63218,27.49205,2.0,1.03643,7.240642494,80.78053134
0,3,71_69,18.24514,60.73822,18.68918,2.18071,5.51539,1.22083,0.06256,17.20444,15.73281,34.12456,1.0,7.02227,7.07064132,80.89884255
0,3,70_66,19.42849,58.08323,20.02096,2.18293,5.42612,1.17551,0.06783,17.45563,15.39727,35.61278,1.0,3.80887,6.999957043,80.86686205
0,3,71_70,15.7216,65.10877,17.25704,1.31913,5.68507,1.32136,0.05807,14.7397,13.86972,29.25469,3.0,9.76107,7.111934768,80.91398208
0,4,69_72,17.58946,63.35367,17.44655,1.30743,5.71371,1.32437,0.0558,11.795,13.8719,28.08443,4.0,3.37616,7.157734644,80.85240274
0,1,57_58,20.75447,64.37431,13.14439,2.46376,5.10111,1.28154,0.05451,5.38469,11.78756,22.70112,2.0,4.16226,6.792671908,80.52984122
0,4,65_65,27.29962,50.279,21.74907,2.33377,5.29799,1.14722,0.06901,2.60296,15.78838,28.88647,2.0,3.87525,6.96473016,80.73164803
0,2,64_62,28.36746,49.46313,21.97496,2.2497,5.21486,1.16633,0.06725,0.62223,14.56501,28.07425,1.0,4.43987,6.890184727,80.70518202
0,2,62_66,25.25858,54.48837,19.48376,2.29679,5.24687,1.17785,0.06691,2.3397,14.62369,26.27405,1.0,5.02304,6.994793371,80.66245009
0,4,55_64,20.09123,64.64496,13.83901,2.04482,5.08314,1.25768,0.05944,3.22737,12.65724,21.57873,1.0,3.89518,6.945039887,80.46569066
0,3,64_66,25.67279,52.8506,20.69505,2.26673,5.27562,1.17346,0.06768,2.99619,15.42374,27.49792,2.0,2.50797,7.001432904,80.70696367
0,1,55_63,20.1368,65.53875,12.90094,2.12259,4.95809,1.2955,0.05571,4.61989,11.59506,22.84923,2.0,2.1501,6.901783088,80.45791686
0,3,64_60,25.11614,54.22758,19.58867,2.25579,5.21724,1.1925,0.06614,2.27969,14.55542,25.56694,2.0,1.95597,6.826062118,80.70274704
0,0,62_61,25.12751,54.91396,19.03825,2.23041,5.22199,1.20449,0.06317,1.93384,14.55102,25.01218,4.0,3.43533,6.851178691,80.66160211
0,2,70_72,16.60061,64.64917,17.14214,1.30443,5.72578,1.33068,0.05562,12.71596,13.86702,28.10155,3.0,6.48993,7.148886633,80.88112495
0,1,58_58,21.38143,62.52003,14.14152,2.47815,5.12214,1.27207,0.05547,5.55805,11.79265,22.78589,2.0,6.848,6.772002562,80.56052736
0,0,58_63,18.99812,65.74322,13.8994,2.17622,5.0855,1.2661,0.05998,2.95261,13.39249,19.92093,2.0,2.88418,6.919654152,80.55284248
0,1,72_68,16.94326,61.51273,18.91936,2.05637,5.4899,1.2276,0.06504,19.23073,15.52406,34.87078,2.0,6.72659,7.040818886,80.92886714
0,1,63_59,24.32907,55.78335,18.48044,2.26558,5.20652,1.21329,0.06345,3.8359,13.95346,25.85847,1.0,2.73825,6.797900486,80.67737648
0,1,68_59,24.4865,52.21976,21.93043,2.19349,5.33865,1.17697,0.07629,2.45647,14.70621,25.8883,1.0,0.80326,6.807719346,80.81163801
0,2,56_59,20.8729,63.91135,13.53346,2.62678,4.98139,1.26272,0.04959,6.07822,11.65121,24.24438,2.0,5.14799,6.796623801,80.48992914
0,1,58_58,21.4658,62.4231,14.05968,2.40352,5.11142,1.26813,0.05694,5.19794,13.02542,22.07499,4.0,5.07199,6.792480805,80.56006664
0,4,65_72,22.93425,57.21753,18.41122,1.51177,5.53771,1.26803,0.05487,5.20963,14.22252,26.72076,1.0,5.86783,7.170734725,80.74664529
0,1,66_68,24.13225,53.57743,21.06917,2.19314,5.26528,1.18949,0.06508,7.31234,15.31456,30.21792,2.0,4.96996,7.044509466,80.76214461
0,2,70_72,15.01318,67.20124,16.10577,0.99077,5.80057,1.37265,0.05625,13.4965,13.50142,27.26128,1.0,5.40693,7.162334257,80.88878312
0,2,73_69,16.68141,63.63454,17.19802,1.924,5.63457,1.26471,0.06323,15.7622,14.71061,31.12868,2.0,8.50455,7.075515574,80.95794671
0,1,60_63,20.35393,62.89574,15.7426,2.21836,5.11829,1.24065,0.0653,1.62392,13.67143,20.21,2.0,0.74952,6.924443808,80.60111295
0,4,65_65,27.45078,49.36946,22.43042,2.22471,5.3207,1.13993,0.07148,3.11695,15.60707,29.63404,1.0,1.92836,6.956765269,80.75230054
0,0,60_64,21.82103,60.51346,16.85585,2.22491,5.1219,1.19238,0.06603,1.34248,13.67719,21.61855,1.0,1.48796,6.93756332,80.61614507
0,2,67_63,26.66375,49.61793,22.71053,2.15365,5.28892,1.14583,0.07615,3.40334,15.03382,29.29034,1.0,1.71793,6.917885219,80.80979075
0,2,64_58,24.12218,55.82872,18.57096,2.26577,5.22485,1.23826,0.06379,4.26152,13.95476,26.2943,1.0,0.71382,6.773962834,80.70228624
0,2,71_72,14.66914,67.85294,15.87454,0.98825,5.81855,1.3786,0.05562,13.43348,13.49723,26.90752,3.0,3.87133,7.169888142,80.90211986
0,3,65_59,25.52536,52.51696,20.8617,2.30668,5.19644,1.17924,0.07053,2.38984,13.96791,26.5611,2.0,3.53021,6.816631918,80.74900495
0,3,70_66,18.41516,58.78122,20.14454,2.03265,5.42663,1.18968,0.06825,19.45625,15.18581,36.56734,4.0,4.1473,7.00551573,80.87843547
0,3,64_59,25.10673,53.66591,20.02726,2.29247,5.20293,1.19121,0.06805,3.06775,13.96322,26.56227,1.0,2.55937,6.807950926,80.72704103
0,0,61_60,24.48647,56.42818,17.87716,2.3027,5.09226,1.21666,0.06367,3.25776,13.44079,25.19078,2.0,3.29241,6.838773729,80.64278005
0,1,67_67,24.11448,53.16576,21.26014,2.24618,5.29715,1.16489,0.06681,8.67754,15.67988,31.66943,2.0,0.90922,7.01032063,80.79347842
0,1,68_72,19.39637,61.39027,17.78721,1.2582,5.69683,1.32401,0.05637,9.57684,14.38656,27.71567,2.0,1.476,7.167512454,80.8367772
0,3,54_66,20.42461,64.14372,13.96262,1.49176,5.1188,1.2749,0.05869,4.37701,12.29608,23.24568,2.0,3.67254,6.985656921,80.43724737
0,3,64_61,27.28777,50.92126,21.30863,2.25615,5.21351,1.16949,0.06752,1.04743,14.56299,27.15081,2.0,2.77379,6.872642401,80.70919918
0,3,62_70,24.56482,55.20371,19.1458,1.48602,5.39517,1.25167,0.06496,2.76033,14.22056,26.27063,2.0,0.49798,7.095602526,80.6490283
0,0,55_65,19.84777,64.69874,14.06133,2.03952,5.11286,1.25949,0.06044,2.87166,12.65878,21.05298,2.0,2.16005,6.963827455,80.48096345
0,3,71_70,16.51088,63.85368,17.69452,1.957,5.60714,1.28018,0.06131,14.16363,14.52316,29.45365,2.0,9.44758,7.109924984,80.90707216
0,2,56_60,21.05656,63.62704,13.72397,2.61112,5.00116,1.25942,0.05591,5.59227,12.25058,23.85338,3.0,2.33228,6.834172527,80.51065069
0,3,57_64,17.5046,67.97761,13.1995,2.25223,5.10614,1.23726,0.06235,2.48849,13.40648,18.24066,2.0,0.68504,6.949250231,80.52615398
0,4,70_70,17.68187,62.36817,18.248,2.11406,5.54674,1.25831,0.05937,13.93118,15.2195,30.43309,3.0,7.83945,7.108472197,80.89063975
0,3,72_69,16.87268,63.0672,18.20334,2.13229,5.52934,1.25347,0.06093,15.32132,15.22108,31.06289,4.0,9.81902,7.088963037,80.91934726
0,0,61_60,23.86837,57.54023,17.08677,2.29759,5.09997,1.22625,0.06288,3.78302,13.43756,24.53725,1.0,2.98201,6.825055435,80.63362128
0,2,64_58,24.42772,55.16009,19.02424,2.27442,5.21802,1.20807,0.06517,3.89686,13.9575,26.39002,2.0,1.00594,6.785164633,80.70749178
0,1,68_72,20.9677,59.75506,17.96779,1.49734,5.60161,1.29145,0.05433,8.44548,14.85522,28.19508,3.0,2.01291,7.163662249,80.82215749
0,3,65_59,25.47446,52.84196,20.57912,2.30171,5.1948,1.18278,0.06955,2.59293,13.96617,26.6182,2.0,2.82169,6.809970375,80.73581712
0,2,55_62,20.99253,63.57951,14.01098,2.07398,5.02133,1.28612,0.05667,2.92374,12.63529,21.85266,2.0,2.58686,6.896218505,80.48410544
0,0,61_61,24.08506,56.79729,18.15611,2.20804,5.23303,1.2161,0.06083,1.93303,14.54615,23.82812,1.0,0.3382,6.871634899,80.63258626
0,1,68_68,21.70761,56.25495,20.47913,2.12626,5.40108,1.20706,0.06429,10.4674,15.18603,30.93621,2.0,2.87059,7.044380343,80.81581147
0,4,66_71,23.56175,54.78026,19.95299,1.5335,5.43723,1.25516,0.05671,8.489,14.22484,30.15769,2.0,2.81741,7.1246149,80.75658323
0,4,65_61,26.97131,50.61828,21.75004,2.27619,5.21235,1.16049,0.07061,1.06577,14.56737,26.9425,2.0,1.84575,6.864502823,80.74173251
0,2,62_66,24.65189,55.46278,19.01994,2.27776,5.25938,1.18462,0.06672,2.36153,14.62038,25.6401,2.0,5.78638,6.999523147,80.64968477
0,2,63_58,23.74994,56.72782,17.92801,2.25388,5.22945,1.25079,0.06181,4.63705,13.95057,26.01407,2.0,2.54277,6.766948883,80.6810605
0,3,61_63,24.43841,56.59807,18.44329,2.20132,5.12894,1.20682,0.06294,0.83242,14.12094,23.81058,1.0,1.39516,6.92072071,80.63260477
0,2,56_63,20.45905,64.07007,14.10212,2.0715,5.05122,1.2567,0.05776,2.58239,12.63669,21.07731,2.0,1.00576,6.920542684,80.50082264
0,3,57_64,17.97389,67.47136,13.22519,2.24715,5.09699,1.23908,0.06233,2.5826,13.40444,18.77691,2.0,0.87324,6.942409748,80.51781948
0,1,60_68,24.13259,56.79574,18.17083,1.49912,5.41489,1.24929,0.06529,0.45027,13.45426,23.18767,,4.03298,7.063103417,80.61235344
0,1,58_58,21.38143,62.52003,14.14152,2.47815,5.12214,1.27207,0.05547,5.55805,11.79265,22.78589,2.0,6.70876,6.774475852,80.56112258
0,2,64_57,23.12863,57.10828,18.19389,2.28122,5.2636,1.23595,0.06229,4.44246,14.30832,25.57464,1.0,2.5241,6.759561839,80.71016788
0,3,66_58,23.91958,53.94732,20.67817,2.17355,5.37068,1.21527,0.07212,3.89029,14.70067,26.39268,3.0,1.12963,6.78021549,80.78003018
0,2,59_62,21.08894,62.55677,14.98783,2.22929,5.06178,1.25017,0.06116,2.7483,14.11975,21.27101,2.0,0.95315,6.877534239,80.56581057
0,1,71_71,16.22029,64.57332,17.36729,1.31676,5.68847,1.32135,0.05756,14.13411,13.8706,29.11654,1.0,8.17026,7.128827484,80.90014236
0,1,71_66,17.56574,60.06684,19.67696,2.05794,5.46105,1.19894,0.06834,18.45373,15.66378,34.76509,2.0,2.45116,6.994769997,80.91345782
0,2,73_72,13.06086,70.14366,15.01705,0.98399,5.84929,1.39089,0.05602,14.14361,13.48723,26.08229,3.0,3.84854,7.166112954,80.9579399
0,2,60_61,22.18277,60.39571,15.97787,2.214,5.06122,1.24158,0.06284,3.27083,13.30388,22.2931,,2.4497,6.849550566,80.59368006
0,3,64_65,27.29962,50.279,21.74907,2.33377,5.29799,1.14722,0.06901,2.60296,15.78838,28.88647,1.0,4.41847,6.9672327,80.72668199
0,1,66_68,24.16813,53.64659,20.92767,2.17709,5.28013,1.19714,0.0644,7.08615,15.31164,29.94231,2.0,5.38943,7.052489722,80.76087877
0,4,64_64,28.39868,49.05231,22.19598,2.354,5.28561,1.14352,0.06931,1.45059,15.78837,28.97901,2.0,3.18178,6.949641091,80.72104254
0,1,57_65,18.66154,66.39464,13.73564,2.15857,5.14738,1.26177,0.06315,1.87638,12.7909,19.01501,1.0,1.40543,6.98219778,80.51642735
0,1,70_68,17.88643,60.06299,19.35826,2.1348,5.48768,1.19699,0.0646,20.45436,15.39324,36.9458,4.0,4.27199,7.041718569,80.88684665
0,3,65_66,25.90272,51.73974,21.23204,2.30208,5.31695,1.16079,0.06869,4.58613,15.78921,29.25217,2.0,3.30215,6.993728565,80.7434588
0,1,68_59,24.55306,51.98131,22.08091,2.19569,5.32938,1.17359,0.07704,2.41336,14.70756,25.96399,2.0,2.26392,6.813681745,80.82425796
0,1,68_67,23.19649,54.10439,21.00541,2.23635,5.30176,1.16785,0.06665,10.57071,15.68193,32.54519,2.0,2.95901,7.022239668,80.81095286
0,2,70_72,16.37316,64.76108,17.17562,1.30807,5.71523,1.32846,0.05625,13.24792,13.86757,28.40299,,6.85784,7.147750382,80.88655235
0,3,60_58,22.497,60.02276,15.62293,2.44819,5.18594,1.24942,0.05747,4.89186,13.68309,23.56707,2.0,1.40375,6.779931188,80.61236509
0,1,57_58,20.25979,64.65477,13.28832,2.64836,4.99673,1.28511,0.05108,6.43606,11.65714,23.48011,1.0,4.81358,6.784248231,80.51703739
0,3,64_66,26.37231,51.94827,21.10298,2.29223,5.25678,1.16211,0.06826,2.35573,15.42572,27.67607,2.0,3.80836,6.987786467,80.70780838
0,3,64_67,25.2006,53.26946,20.52728,2.24486,5.29003,1.18687,0.06745,3.88318,15.42361,27.78595,2.0,0.37081,7.022639718,80.71793009
0,3,72_69,17.29941,62.55858,17.78825,2.09055,5.56434,1.23962,0.06255,16.61306,15.40776,32.65384,3.0,9.56975,7.065826898,80.9410997
0,1,58_58,20.92979,63.80444,13.41899,2.46924,5.10964,1.28262,0.05475,6.42786,11.78933,23.67219,1.0,5.05009,6.785838256,80.54191001
0,2,54_65,20.35617,64.46044,13.7366,2.01837,5.07602,1.26762,0.05964,3.54517,12.65352,22.2845,3.0,2.82946,6.969437271,80.44667616
0,1,63_59,24.55409,55.43013,18.68561,2.26875,5.19872,1.20905,0.06388,3.5752,13.95436,25.8765,1.0,2.71986,6.801771872,80.67964807
0,3,64_66,25.71358,52.61302,20.84979,2.27064,5.27035,1.17533,0.06806,3.31857,15.42556,27.85246,1.0,1.71814,7.005150289,80.71542452
0,1,70_71,17.00961,63.89761,17.41,1.31023,5.70514,1.32411,0.05637,12.74544,13.87083,28.48254,3.0,5.97416,7.140945487,80.86885678
0,0,60_67,21.61208,60.36926,17.04755,2.26777,5.22682,1.20353,0.06379,1.51995,14.32826,21.8127,2.0,3.36097,7.014934481,80.61393699
0,0,66_61,27.05619,49.4066,22.82639,2.20457,5.25909,1.15356,0.0747,0.54808,14.6881,26.68396,2.0,2.2614,6.864848116,80.76407025
0,3,62_70,24.50457,55.16409,19.19654,1.48797,5.39682,1.24983,0.06462,3.07319,14.22232,26.47538,2.0,1.67568,7.09869483,80.66511339
0,0,66_75,22.95646,59.81126,15.81668,1.09582,5.72788,1.33869,0.05369,6.4764,13.38548,28.3506,2.0,2.58259,7.227779412,80.77280122
0,2,59_62,21.12618,62.32982,15.28474,2.22938,5.06985,1.24622,0.06159,2.51917,14.12188,21.29437,2.0,0.91822,6.888237672,80.58104498
0,4,55_64,20.10199,64.65062,13.81913,2.05288,5.07752,1.25457,0.0592,3.23639,12.65786,21.54708,2.0,3.9871,6.940748511,80.46383666
0,0,61_61,24.69545,55.80742,18.64583,2.21394,5.2299,1.20219,0.06156,1.75746,14.54837,24.42297,4.0,1.25884,6.872816148,80.64103656
0,1,68_68,21.29653,56.68942,20.39025,2.12706,5.40338,1.20648,0.06439,11.24542,15.18707,31.31335,2.0,3.16813,7.041354663,80.81948967
0,4,67_65,25.26453,51.7178,21.67226,2.27827,5.27662,1.14801,0.06954,7.40707,15.84773,31.43202,1.0,1.30852,6.982323051,80.79373061
0,1,54_63,20.22622,64.63383,13.69559,2.06306,5.05735,1.25802,0.05855,3.38716,12.65778,21.74693,1.0,3.47768,6.921048078,80.45217087
0,3,62_63,30.14225,48.04356,22.27483,2.29608,5.23214,1.18064,0.0624,-0.58549,15.16249,28.95438,1.0,3.16323,6.903757271,80.67139217
0,0,64_70,24.05241,54.78998,19.74372,1.53279,5.44039,1.25655,0.05779,6.3104,14.21914,28.81163,2.0,1.11956,7.118335686,80.71515782
0,4,59_65,18.31621,65.72698,14.92587,2.28125,5.14773,1.21768,0.06374,1.85517,13.42276,18.77837,2.0,2.55769,6.966410491,80.59257264
0,3,61_68,23.92797,56.85671,18.14993,2.21436,5.29425,1.21252,0.06696,2.10712,14.61025,24.59555,3.0,5.57584,7.04184504,80.62674645
0,4,68_73,20.86991,59.917,17.76962,1.29725,5.67269,1.31141,0.05523,9.19944,13.58965,28.70561,3.0,1.70419,7.175762192,80.81607582
0,2,64_58,24.34225,55.45955,18.78702,2.27032,5.2165,1.21127,0.06441,3.96912,13.95586,26.2528,1.0,0.81225,6.786630026,80.70316317
0,3,62_70,24.45845,55.30863,19.17138,1.49063,5.38533,1.24886,0.06476,2.88488,14.22084,26.30622,2.0,1.09929,7.091465894,80.65510383
0,0,66_59,24.58539,52.72267,21.40829,2.19216,5.33988,1.19208,0.07382,2.79441,14.70329,26.08869,1.0,3.18506,6.798658466,80.7771142
0,0,62_61,25.12751,54.91396,19.03825,2.23041,5.22199,1.20449,0.06317,1.93384,14.55102,25.01218,3.0,3.3149,6.854817201,80.66627176
0,4,67_60,26.56121,49.1431,23.53955,2.21744,5.25951,1.16469,0.07676,-0.78279,14.68724,24.99669,1.0,3.44258,6.840032786,80.7855943
0,4,58_61,20.85565,63.07166,14.52194,2.40529,5.07138,1.26048,0.05985,3.98647,13.2516,21.69834,2.0,1.46673,6.853718045,80.56273902
0,4,56_61,21.33213,63.26228,14.01327,2.21497,4.94741,1.26366,0.05666,3.82733,11.972,22.80466,1.0,3.08772,6.869126481,80.49991704
0,4,59_58,22.17338,61.18331,14.39383,2.41567,5.12496,1.25633,0.05827,4.949,13.03217,21.75104,4.0,4.23433,6.781252538,80.58249228
0,0,67_64,28.02587,47.96839,23.20983,2.25607,5.30307,1.12529,0.07452,3.13747,15.6121,30.407,1.0,1.61779,6.938861724,80.79193059
0,2,71_74,13.87933,69.3812,15.33505,0.98116,5.86578,1.39475,0.05396,13.22579,13.48618,26.02831,,0.21273,7.200613513,80.91817438
0,2,58_62,19.91995,64.6482,13.99396,2.18568,5.06636,1.26321,0.05945,3.24255,13.39199,20.85535,2.0,1.93255,6.896740953,80.53907535
0,0,67_59,24.71392,51.90081,22.11285,2.1983,5.33299,1.1753,0.07616,2.03617,14.7061,25.69951,1.0,0.19303,6.800754311,80.80619448
0,1,66_68,23.99103,53.72563,20.96835,2.1797,5.27629,1.19548,0.06453,7.6356,15.3133,30.28529,2.0,5.44795,7.049708852,80.76555067
0,0,61_57,22.41188,59.66501,16.15653,2.41094,5.25359,1.26865,0.05774,5.74212,13.74857,25.21545,1.0,4.39777,6.759310173,80.64467997
0,4,67_60,26.9704,47.4548,25.0013,2.25377,5.22158,1.16466,0.07782,-2.95285,14.09284,23.50581,2.0,3.64411,6.836528875,80.79765029
0,3,66_58,24.94646,52.79922,20.92377,2.23181,5.34405,1.20195,0.07163,3.45144,14.89359,26.91705,1.0,2.9985,6.784982008,80.75738977
0,2,72_73,13.43753,69.79969,15.14712,0.98237,5.85842,1.39304,0.05501,13.71135,13.4865,26.04282,3.0,2.19296,7.180258921,80.93188971
0,3,60_60,23.04185,59.25548,15.86599,2.2819,5.0971,1.24201,0.06147,4.09149,13.42996,23.09352,3.0,3.47424,6.826576138,80.60319117
0,4,64_64,29.0589,48.18431,22.4852,2.26966,5.28009,1.16106,0.06648,1.73758,15.45195,30.00779,1.0,2.51053,6.934763954,80.72221367
0,1,63_59,24.96685,54.62908,19.19956,2.27648,5.19088,1.20125,0.06505,3.22549,13.95709,26.16123,2.0,3.58752,6.811663456,80.69292876
0,0,66_72,23.11629,55.98436,19.35516,1.52724,5.46965,1.25859,0.05563,7.91034,14.22581,29.37105,2.0,5.74132,7.148266557,80.76915194
0,0,60_67,21.02215,61.35253,16.6271,2.26074,5.22763,1.20778,0.06348,1.43881,14.32569,21.1389,3.0,2.93142,7.015289549,80.60949548
0,1,68_64,24.44076,52.47713,21.5518,2.17968,5.33946,1.12974,0.0749,6.55944,15.46527,29.93735,3.0,1.04161,6.932911663,80.82955226
0,2,69_67,20.52753,57.57856,19.80143,2.15013,5.45687,1.19002,0.06496,13.91472,15.39088,33.12336,2.0,1.18097,7.034036885,80.84010339
0,2,63_65,25.90185,53.44394,19.9965,2.30014,5.2696,1.16902,0.06567,2.12574,14.81035,26.7638,3.0,3.30933,6.979502071,80.67502837
0,0,59_67,21.95522,60.92452,16.18163,2.16144,5.24778,1.23044,0.06235,0.2876,13.35172,20.93193,2.0,1.44648,7.031871008,80.5854989
0,2,62_59,23.46267,57.90524,17.16917,2.461,5.17433,1.22358,0.06078,4.20161,13.69236,24.86669,2.0,1.71038,6.79957273,80.65018693
0,3,70_66,19.52227,57.90249,20.20872,2.04676,5.41348,1.18432,0.0689,16.07144,15.186,34.37735,1.0,4.23555,6.990501531,80.86761935
0,1,60_65,19.69478,63.35779,16.01563,2.29897,5.20771,1.19454,0.06244,1.399,14.32778,19.73924,2.0,2.49472,6.969782573,80.61059228
0,2,61_66,23.39216,57.49903,18.38156,2.32189,5.19993,1.17746,0.06441,1.53406,14.3383,23.67091,2.0,4.53925,6.986981961,80.63947083
0,4,57_63,19.45738,65.4211,13.68519,2.17174,5.06651,1.2714,0.05938,3.26349,13.38873,20.5549,3.0,0.88918,6.908235842,80.53375164
0,3,57_59,20.35046,65.21468,12.80339,2.6389,4.99147,1.27394,0.0508,5.65709,11.6551,23.00363,1.0,4.25501,6.796406407,80.51312806
0,2,66_64,28.68208,47.52849,23.24964,2.25202,5.30584,1.14888,0.07311,2.00169,15.60855,29.93876,1.0,2.77969,6.931999457,80.76244112
0,3,72_69,17.54196,62.16093,17.99881,2.08429,5.56167,1.23793,0.06203,16.69944,15.40863,32.96,3.0,10.33362,7.078049377,80.93022754
0,1,56_66,19.2528,65.66554,13.87663,2.14636,5.14136,1.28765,0.06363,1.91497,12.78936,19.6661,1.0,2.80741,6.993059502,80.50447051
0,2,59_62,21.4527,61.90693,15.32414,2.2361,5.06443,1.24575,0.06152,2.62089,14.12247,21.52679,2.0,0.591,6.87703069,80.57555357
0,1,67_67,23.85615,53.50291,21.11535,2.2332,5.30691,1.1706,0.06613,9.04595,15.67885,31.70338,2.0,2.10637,7.020551204,80.79805412
0,3,64_65,26.75268,51.33839,21.23345,2.31323,5.31859,1.15111,0.0674,2.43938,15.78432,28.11731,2.0,4.96725,6.976949461,80.70716605
0,1,55_63,20.12266,64.3912,14.06318,2.08117,5.08443,1.2884,0.05948,2.96995,12.6621,21.11622,2.0,1.1601,6.919470983,80.48159422
0,1,68_69,21.00146,57.38819,19.93024,2.08864,5.45021,1.22431,0.062,11.20589,15.18278,30.82474,4.0,0.12317,7.068954065,80.82038339
0,0,60_67,21.81242,61.01897,16.25218,2.17646,5.24685,1.21458,0.0621,0.36513,13.35363,20.86481,2.0,2.20399,7.025213645,80.60103753
0,0,63_60,25.07049,54.65998,19.23108,2.24433,5.21831,1.19078,0.06463,2.21982,14.55293,25.28407,3.0,2.87776,6.829919806,80.67760541
0,3,60_66,20.91145,61.45698,16.74077,2.29729,5.21008,1.19296,0.06307,1.43254,14.32994,21.01846,2.0,2.44469,6.983081818,80.61980351
0,4,60_59,22.57508,60.09766,15.30142,2.44447,5.18003,1.2471,0.05784,4.50507,13.68269,22.464,2.0,2.08105,6.798619732,80.60284225
0,2,57_61,21.56922,62.26855,14.63154,2.22183,4.95396,1.25039,0.05701,4.15634,11.97342,23.19842,2.0,1.70969,6.873207525,80.51285223
0,2,66_64,27.2113,49.36278,22.53472,2.22925,5.3159,1.13526,0.07251,3.82686,15.60966,30.10894,,0.27123,6.952450437,80.77989308
0,3,57_59,20.54445,64.80499,12.97643,2.64519,4.99617,1.27969,0.05144,5.52254,11.65709,22.86377,4.0,3.72952,6.798310121,80.52064189
0,2,56_60,21.05656,63.62704,13.72397,2.61112,5.00116,1.25942,0.05591,5.59227,12.25058,23.85338,3.0,2.44539,6.828877251,80.50930952
0,1,70_71,17.00961,63.89761,17.41,1.31023,5.70514,1.32411,0.05637,12.74544,13.87083,28.48254,2.0,5.72141,7.144731615,80.86933547
0,2,55_67,19.99261,64.57443,14.07886,1.55377,5.22066,1.32568,0.06252,3.22086,12.12705,21.75217,2.0,1.75077,7.032102856,80.48021639
0,0,61_65,23.477,57.34903,18.48072,2.22625,5.19292,1.19173,0.06572,1.16091,14.58444,23.39023,1.0,4.38476,6.977938248,80.64183995
0,4,68_73,20.31473,60.98535,17.47139,1.27041,5.69668,1.325,0.05503,9.15297,13.96345,28.31055,2.0,0.94614,7.186284384,80.82572923
0,0,63_60,24.76595,55.11141,18.98267,2.24463,5.21881,1.19415,0.06444,2.46495,14.55185,25.12148,3.0,2.69967,6.824286039,80.67946469
0,1,68_68,20.67476,57.63484,19.97673,2.10225,5.43733,1.21782,0.06284,11.97141,15.18516,31.33954,2.0,1.05615,7.057152369,80.83304887
0,3,57_59,20.49533,64.84497,13.00078,2.64187,4.99548,1.27237,0.05176,5.36086,11.65699,22.67229,2.0,2.90814,6.804749523,80.52507694
0,1,56_66,19.2528,65.66554,13.87663,2.14636,5.14136,1.28765,0.06363,1.91497,12.78936,19.6661,1.0,2.71866,6.9944309,80.50404864
0,2,58_62,20.81761,63.29689,14.39811,2.20738,5.05936,1.25822,0.05951,3.32399,13.39623,21.50365,3.0,2.21041,6.880243889,80.54886887
0,1,68_69,20.86211,57.85802,19.60596,2.06433,5.48391,1.23573,0.06037,10.8967,15.17994,30.30933,3.0,1.49264,7.082870863,80.82407128
0,3,65_59,25.16251,53.36406,20.28349,2.29711,5.20463,1.18778,0.06897,2.92328,13.96492,26.57332,1.0,2.75315,6.809363977,80.73393633
0,2,70_72,16.83105,64.54733,17.09956,1.30088,5.73666,1.33273,0.05499,12.16771,13.86658,27.7924,2.0,5.06895,7.164415245,80.87434752
0,1,68_67,23.00489,54.3779,20.87988,2.22383,5.3117,1.17333,0.06594,10.83006,15.68088,32.54914,1.0,3.95951,7.035313001,80.81110798
0,4,65_61,27.37996,49.31493,22.59425,2.28757,5.27037,1.1455,0.07297,0.8628,15.33478,27.24988,2.0,1.57456,6.863972183,80.7527458
0,2,62_58,23.28582,58.20172,16.9982,2.46057,5.17919,1.22742,0.06031,4.44456,13.69142,24.91744,2.0,3.01347,6.785958072,80.65483373
0,0,68_70,20.28277,59.26378,18.89655,2.03228,5.54226,1.25091,0.05776,10.41831,15.1766,29.32341,2.0,4.96847,7.114459503,80.83649546
0,1,65_62,27.73078,49.83158,21.99047,2.2646,5.21293,1.16072,0.06941,0.92,14.5677,27.67087,2.0,4.04136,6.884807431,80.73114734
0,2,61_58,22.66939,59.47932,16.1507,2.45343,5.18879,1.26681,0.05804,5.0297,13.68584,24.53045,2.0,3.10907,6.768110465,80.63701903
0,0,55_65,20.17453,64.46976,13.9354,2.02877,5.09442,1.26358,0.06007,3.19716,12.65613,21.72142,2.0,1.62147,6.965900377,80.46597105
0,2,58_62,19.91995,64.6482,13.99396,2.18568,5.06636,1.26321,0.05945,3.24255,13.39199,20.85535,2.0,2.32429,6.89817709,80.54429794
0,0,63_62,28.33633,50.19474,21.41774,2.2323,5.21942,1.17804,0.06444,0.36403,14.55902,27.68068,2.0,4.1229,6.891268396,80.68556252
0,1,55_63,20.2167,64.51026,13.83426,2.06897,5.06653,1.2923,0.05887,3.24723,12.65921,21.55692,1.0,3.27222,6.920156521,80.46247039
0,0,58_59,21.0938,63.01401,14.03002,2.38331,5.08868,1.26975,0.05803,4.95381,12.84192,22.08408,2.0,2.07416,6.818371721,80.54588898
0,4,57_63,18.98237,65.91477,13.71179,2.16991,5.0797,1.2696,0.05977,3.06613,13.3901,20.00666,2.0,1.91309,6.922415259,80.53529516
0,2,55_67,19.71154,65.0257,13.90195,1.5577,5.21593,1.32438,0.06187,3.28848,12.12673,21.51297,1.0,1.56154,7.023663645,80.48364998
0,1,62_67,24.6044,55.51323,18.95276,2.26619,5.26565,1.18944,0.06669,2.50686,14.61932,25.71329,2.0,6.97085,7.012312274,80.65696235
0,1,57_65,17.95798,67.28083,13.54654,2.17119,5.15324,1.25768,0.06273,1.84115,12.7925,18.25663,2.0,0.54278,6.97016684,80.52490951
0,1,60_68,23.95614,57.11268,18.02974,1.49748,5.41318,1.2515,0.06569,0.3728,13.45322,22.94017,2.0,3.44079,7.058109086,80.60213473
0,0,61_61,23.8126,57.67641,17.22541,2.29015,5.08785,1.22429,0.0626,3.37468,13.43548,24.44423,1.0,2.00527,6.852950824,80.62381839
0,4,55_64,20.09123,64.64496,13.83901,2.04482,5.08314,1.25768,0.05944,3.22737,12.65724,21.57873,2.0,3.70672,6.947943905,80.46019439
0,3,66_76,31.05838,51.26968,15.94139,1.03517,5.7031,1.33657,0.05242,9.62608,12.77545,39.76093,3.0,1.57962,7.263029922,80.7575132
0,3,64_60,25.96309,52.77342,20.419,2.26126,5.21462,1.17537,0.06747,1.70127,14.55962,26.13797,2.0,0.99746,6.845255191,80.71232442
0,4,60_59,23.02163,59.41199,15.49052,2.2823,5.10398,1.24459,0.06119,4.38482,13.4297,22.75647,2.0,2.19592,6.802577311,80.6041209
0,0,69_65,20.51442,57.0258,20.33314,2.07272,5.45254,1.16795,0.06908,13.76578,15.20992,33.13895,2.0,4.34135,6.98117536,80.86233413
0,3,57_59,20.75447,64.37431,13.14439,2.46376,5.10111,1.28154,0.05451,5.38469,11.78756,22.70112,2.0,3.72959,6.796664724,80.53413753
0,2,56_63,20.83581,63.79691,13.96736,2.06731,5.02603,1.28723,0.057,2.86068,12.63458,21.71068,3.0,1.53831,6.905724102,80.48593154
0,3,71_67,16.97676,60.01421,20.00168,2.15746,5.44164,1.20461,0.06585,24.28684,15.84972,39.84424,,4.91151,7.029676426,80.89445554
0,3,61_68,24.19933,56.48424,18.23062,2.20399,5.29898,1.21621,0.06709,2.09128,14.6094,24.85036,2.0,5.51137,7.046958615,80.62264047
0,2,62_66,24.6044,55.51323,18.95276,2.26619,5.26565,1.18944,0.06669,2.50686,14.61932,25.71329,2.0,6.01565,7.007828087,80.64943056
0,0,66_59,25.64965,51.45107,21.82532,2.23159,5.24412,1.18472,0.07374,1.7282,14.08702,26.18035,1.0,4.37867,6.812580267,80.76966059
0,0,60_67,23.19523,58.95538,16.94167,2.16328,5.2569,1.21663,0.06295,0.3025,13.35471,22.19106,2.0,3.3733,7.035695246,80.60689129
0,4,62_62,27.73013,51.19567,20.92857,2.22615,5.2226,1.18291,0.06361,0.52951,14.55678,27.10613,1.0,2.69055,6.890094256,80.67215208
0,2,65_67,24.56678,53.50716,20.89044,2.18507,5.27747,1.19456,0.0646,5.71589,15.30951,29.16711,1.0,2.39181,7.035852214,80.73472902
0,4,67_66,24.83581,52.39276,21.35018,2.24944,5.29716,1.16047,0.06787,7.80852,15.84479,31.27639,1.0,1.05575,6.998641983,80.7833729
0,3,60_58,22.46939,60.24521,15.28105,2.44509,5.18333,1.24978,0.05742,4.71577,13.68201,22.7578,2.0,2.15762,6.781273974,80.6024039
0,0,55_65,19.84777,64.69874,14.06133,2.03952,5.11286,1.25949,0.06044,2.87166,12.65878,21.05298,3.0,2.37313,6.961730793,80.48126882
0,1,57_62,20.35518,64.36271,13.74045,2.18759,5.04259,1.2484,0.05859,3.63578,13.38908,21.47097,2.0,1.36672,6.878602848,80.51956218
0,3,61_63,24.82827,56.11904,18.4247,2.26567,5.14055,1.20077,0.06334,1.07998,14.78239,24.36555,1.0,2.33294,6.910751629,80.63897492
0,1,58_58,21.1936,62.86795,14.0189,2.47297,5.11488,1.28,0.05532,5.51607,11.79105,22.67912,2.0,4.68464,6.790353753,80.54555982
0,4,65_65,27.29962,50.279,21.74907,2.33377,5.29799,1.14722,0.06901,2.60296,15.78838,28.88647,2.0,3.84054,6.965916141,80.7319166
0,2,67_63,30.56192,44.59721,24.62868,2.16725,5.27606,1.1426,0.07536,-0.04029,15.03039,30.14541,2.0,3.7802,6.904138867,80.78882932
0,1,68_69,20.49058,58.36522,19.47021,2.06584,5.48798,1.23512,0.06033,11.32857,15.18075,30.43015,4.0,1.81415,7.086358058,80.82875076
0,1,60_65,19.69478,63.35779,16.01563,2.29897,5.20771,1.19454,0.06244,1.399,14.32778,19.73924,2.0,1.98725,6.973384573,80.60769164
0,2,71_72,14.7121,67.61853,15.97908,0.98996,5.80597,1.37501,0.05623,13.69538,13.49948,27.17961,,4.33932,7.165514382,80.90125245
0,3,57_64,17.97389,67.47136,13.22519,2.24715,5.09699,1.23908,0.06233,2.5826,13.40444,18.77691,2.0,0.37963,6.950438504,80.51659248
0,4,69_71,19.91235,60.09373,18.55332,1.45452,5.62428,1.28885,0.05538,10.27933,15.04652,28.94181,1.0,4.65899,7.140026036,80.84560538
0,1,63_59,24.83486,54.66211,19.24436,2.27825,5.19962,1.20182,0.06546,3.40051,13.95796,26.27413,3.0,2.32334,6.800726024,80.69655289
0,2,65_67,24.65696,53.15646,21.19049,2.28369,5.29209,1.17504,0.06546,5.40718,15.65112,28.74883,1.0,2.9956,7.012114517,80.74883766
0,3,71_73,14.61859,68.08608,15.78157,0.98659,5.83057,1.38214,0.05503,13.21053,13.495,26.66755,2.0,3.00926,7.18056603,80.90092655
0,0,61_62,24.32187,56.52981,18.46206,2.21504,5.20418,1.21149,0.06318,1.10714,14.76965,23.7509,2.0,2.54901,6.899816722,80.63114261
0,2,65_67,24.27627,53.93668,20.72387,2.25184,5.32806,1.19059,0.06367,5.13997,15.64621,27.99438,1.0,2.15476,7.034674388,80.73283218
0,0,66_66,24.53339,53.15903,21.25618,2.28646,5.28581,1.17092,0.06581,5.88564,15.65266,29.09348,1.0,2.18533,7.009602981,80.75576767
0,4,62_65,24.20063,56.17354,18.99143,2.2337,5.18917,1.18707,0.0662,1.18004,14.58743,24.17655,2.0,2.85039,6.970401713,80.65423339
0,1,70_68,19.80514,58.36371,19.56404,2.20997,5.46237,1.20322,0.0633,16.54871,16.042,35.02373,2.0,4.64862,7.060233901,80.87923627
0,0,67_59,25.44616,50.76412,22.67555,2.2352,5.25207,1.177,0.07629,0.79559,14.08953,25.33605,1.0,1.33022,6.810961757,80.80016464
0,1,57_58,20.54445,64.80499,12.97643,2.64519,4.99617,1.27969,0.05144,5.52254,11.65709,22.86377,1.0,4.61741,6.790667176,80.51817839
0,4,67_60,26.53325,49.07168,23.60878,2.24924,5.22142,1.16755,0.07679,-0.63867,14.09184,25.10639,2.0,3.7475,6.836347675,80.7884966
0,0,58_63,18.30019,66.69504,13.65711,2.1678,5.0931,1.26796,0.06013,2.86697,13.39147,19.26811,1.0,2.94974,6.926038246,80.545382
0,2,56_63,20.45905,64.07007,14.10212,2.0715,5.05122,1.2567,0.05776,2.58239,12.63669,21.07731,2.0,1.30739,6.92014521,80.5053825
0,0,66_66,26.05529,51.23493,21.53895,2.32059,5.29922,1.15153,0.0702,5.04756,15.79309,29.91969,1.0,0.89616,6.988100538,80.77024106
0,3,71_73,13.95054,69.16007,15.40547,0.98284,5.85491,1.39114,0.05448,13.36102,13.48848,26.20649,,1.42521,7.188467291,80.91423893
0,2,70_72,16.60061,64.64917,17.14214,1.30443,5.72578,1.33068,0.05562,12.71596,13.86702,28.10155,3.0,6.03731,7.153622532,80.8791288
0,2,57_61,21.76316,62.57304,14.20519,2.50584,4.98805,1.25994,0.05544,3.92465,12.45458,23.02974,1.0,2.7135,6.849133707,80.51406034
0,3,64_59,24.7567,54.43895,19.50946,2.28334,5.2107,1.19967,0.06659,3.50048,13.96032,26.48258,2.0,2.36877,6.792961358,80.71706207
0,2,61_58,23.11811,58.60891,16.6904,2.45732,5.17995,1.24204,0.05968,4.50768,13.68952,24.5823,1.0,2.79807,6.781248522,80.6433665
0,0,60_67,20.43313,62.33094,16.20936,2.25391,5.22793,1.21188,0.06318,1.37131,14.32318,20.47996,3.0,1.54094,7.016037814,80.59693166
0,4,59_58,21.99155,61.36061,14.59066,2.41651,5.12676,1.2588,0.05772,5.20938,13.03159,22.56389,2.0,4.24881,6.776479581,80.58384667
0,4,67_66,23.70112,53.4328,21.28198,2.26171,5.2832,1.15709,0.06805,9.78861,15.68387,32.39563,2.0,1.84443,6.99871543,80.8096648
0,2,73_72,13.06086,70.14366,15.01705,0.98399,5.84929,1.39089,0.05602,14.14361,13.48723,26.08229,3.0,4.53488,7.159122855,80.95329143
0,2,70_72,16.60061,64.64917,17.14214,1.30443,5.72578,1.33068,0.05562,12.71596,13.86702,28.10155,4.0,6.24171,7.154436932,80.88163576
0,4,69_68,20.70352,57.3457,19.83476,2.2124,5.44673,1.2016,0.06353,14.9228,16.04194,34.28411,2.0,2.86763,7.055634915,80.85677654
0,0,64_70,24.5575,54.15459,19.92108,2.09842,5.36224,1.22373,0.06126,5.82532,14.5762,28.83279,2.0,3.05227,7.095135691,80.72280062
0,3,63_61,26.3827,52.99836,20.06478,2.2321,5.22066,1.18733,0.06388,1.25685,14.55494,26.07482,2.0,3.07615,6.867820758,80.67502522
0,3,61_63,23.42108,58.14822,17.75846,2.193,5.13379,1.22154,0.06242,1.05448,14.11801,22.88502,1.0,0.46966,6.920149078,80.62424758
0,3,61_68,24.61947,55.6382,18.63402,2.21519,5.29439,1.21043,0.06677,2.55315,14.61336,25.71222,1.0,4.40564,7.05349418,80.64022565
0,2,62_59,24.38399,55.84861,18.38936,2.35806,5.14164,1.21268,0.06329,3.65611,14.01494,25.61739,1.0,1.86177,6.800965127,80.66950789
0,1,57_62,21.40987,62.65052,14.48973,2.1055,5.03908,1.25098,0.05701,2.76236,12.64129,21.76244,1.0,1.8905,6.880700725,80.51498878
0,0,58_65,16.36016,69.41782,12.91352,2.24815,5.12153,1.23876,0.06242,2.34522,13.40756,17.09198,2.0,1.68332,6.95658426,80.54081187
0,3,64_60,25.2506,53.82907,19.87639,2.26144,5.21686,1.18864,0.06704,2.17846,14.55717,25.72157,2.0,1.63405,6.82332468,80.70681009
0,1,58_58,21.38143,62.52003,14.14152,2.47815,5.12214,1.27207,0.05547,5.55805,11.79265,22.78589,2.0,7.03118,6.772186976,80.55724981
0,3,64_69,24.82732,53.63825,20.32576,2.13656,5.32152,1.20844,0.06248,5.84022,14.57966,29.27538,2.0,4.47159,7.066835929,80.71827364
0,0,66_72,23.12556,56.74819,18.6997,1.53692,5.58513,1.27681,0.05494,6.84851,14.58515,28.51589,2.0,6.66047,7.160159694,80.76582319
0,0,66_59,25.30672,52.31941,21.19799,2.22249,5.2554,1.19362,0.07222,2.45985,14.08463,26.40359,3.0,4.22851,6.803435958,80.76143734
0,0,72_70,15.3528,65.80903,16.90955,1.18258,5.71144,1.32748,0.0589,14.8726,13.76854,29.04301,2.0,9.43906,7.114936448,80.93709345
0,0,61_59,23.63096,57.94159,16.75786,2.29685,5.10725,1.23306,0.06245,4.17801,13.43685,24.45548,2.0,1.83893,6.799983999,80.63323074
0,3,57_64,17.93882,67.38161,13.35633,2.26137,5.09965,1.27592,0.06234,2.5414,13.40747,18.62801,1.0,1.42735,6.940278242,80.52849721
0,0,66_59,25.65883,51.14043,22.14063,2.23462,5.24454,1.1822,0.07457,1.34548,14.08788,25.90337,3.0,3.2969,6.81354093,80.78039089
0,3,67_61,26.59659,49.03051,23.58128,2.21515,5.2593,1.16225,0.07724,-0.43786,14.68901,25.42146,2.0,1.61704,6.855661235,80.79091879
0,3,57_59,20.49533,64.84497,13.00078,2.64187,4.99548,1.27237,0.05176,5.36086,11.65699,22.67229,4.0,3.17377,6.803482908,80.52110614
0,0,63_62,27.82201,50.43233,21.44918,2.24739,5.21494,1.17145,0.06644,0.77669,14.56211,27.50355,2.0,3.88775,6.87669424,80.6971071
0,3,64_69,24.87112,53.80461,20.18465,2.13303,5.32627,1.21042,0.06245,5.30105,14.57775,28.8518,2.0,3.55557,7.065662067,80.7088091
0,3,64_60,25.11614,54.22758,19.58867,2.25579,5.21724,1.1925,0.06614,2.27969,14.55542,25.56694,2.0,1.93892,6.826752772,80.70276063
0,1,63_59,24.46321,55.41686,18.75084,2.27004,5.20718,1.20985,0.06419,3.76117,13.9552,26.07023,2.0,2.65856,6.799946199,80.68657188
0,1,65_62,28.44716,48.17393,22.90623,2.2712,5.27376,1.14464,0.07145,0.94123,15.33717,28.5332,1.0,4.05498,6.886622873,80.74813903
0,2,58_62,20.47204,63.75516,14.32947,2.19999,5.06522,1.2588,0.05961,3.22503,13.39535,21.22768,3.0,2.52488,6.884920115,80.55270577
0,1,66_68,23.67542,53.96085,20.90445,2.16907,5.28405,1.19972,0.06407,8.48923,15.3137,30.68421,4.0,4.71679,7.063471994,80.77204841
0,0,73_71,14.79801,66.92834,16.40819,1.17431,5.74426,1.33906,0.05802,14.41624,13.76163,28.08733,1.0,7.93837,7.128482177,80.95622025
0,0,66_75,22.95646,59.81126,15.81668,1.09582,5.72788,1.33869,0.05369,6.4764,13.38548,28.3506,2.0,1.9143,7.232839893,80.77771504
0,0,62_60,24.82338,55.35276,18.78252,2.23195,5.22158,1.20712,0.06313,2.17841,14.5501,24.80217,3.0,2.9342,6.839498734,80.65991444
0,4,66_62,28.26527,47.97005,23.11727,2.25218,5.24304,1.14424,0.07361,1.16403,14.85143,28.64506,2.0,2.72362,6.876484409,80.77222378
0,3,66_63,29.58545,46.49131,23.48271,2.21745,5.24961,1.14136,0.07099,1.92076,14.85328,30.85467,2.0,2.73945,6.928030046,80.76854425
0,3,67_62,27.68449,48.21419,23.37586,2.19408,5.25954,1.16591,0.07568,1.27952,14.69319,28.25651,1.0,2.35147,6.890859362,80.79038517
0,3,64_59,24.83486,54.66211,19.24436,2.27825,5.19962,1.20182,0.06546,3.40051,13.95796,26.27413,4.0,2.94587,6.806600108,80.70146225
0,1,68_64,25.49281,51.17727,22.00747,2.15515,5.30117,1.12821,0.07561,5.73086,15.00814,30.25717,1.0,1.15395,6.936453637,80.82504454
0,1,63_69,24.43523,55.30139,19.2141,1.51346,5.34542,1.24945,0.06162,4.09946,13.96449,27.34866,2.0,0.39132,7.081412725,80.67675214
0,1,57_62,20.88336,63.37661,14.34348,2.09168,5.04964,1.25259,0.05744,2.61389,12.6397,21.3115,3.0,1.58121,6.900858631,80.51331786
0,0,61_65,21.86887,59.99451,17.34843,2.31584,5.20016,1.1836,0.0634,1.36333,14.33348,21.91786,2.0,2.89016,6.977738208,80.62213219
0,3,64_69,24.56893,53.77953,20.22975,2.11374,5.34289,1.21738,0.06165,6.56641,14.57912,29.51311,2.0,3.07287,7.087321012,80.72524629
0,2,67_63,27.80732,48.14396,23.27639,2.15636,5.28514,1.14465,0.07586,2.44995,15.033,29.59497,1.0,1.78546,6.91964157,80.80815067
0,0,55_66,20.31947,63.90936,14.35242,1.49138,5.15296,1.27155,0.05956,3.78202,12.29904,22.54275,2.0,1.24081,6.991044539,80.46801795
0,2,62_58,23.80999,56.75763,17.85423,2.25425,5.22078,1.2486,0.06175,4.4166,13.94993,25.70291,3.0,3.345,6.77253592,80.67067433
0,1,70_71,18.03405,62.68843,17.68838,1.48653,5.63516,1.30059,0.05496,12.25289,14.41019,29.06831,3.0,6.90291,7.130807677,80.87005961
0,0,61_57,22.5221,59.84136,15.87051,2.45076,5.18901,1.26989,0.05748,5.07268,13.68406,24.20092,1.0,3.07627,6.762772206,80.62387376
0,3,57_59,20.54445,64.80499,12.97643,2.64519,4.99617,1.27969,0.05144,5.52254,11.65709,22.86377,2.0,4.04409,6.794250195,80.52511666
0,3,63_61,25.79665,53.6193,19.78384,2.24224,5.21782,1.1848,0.06481,1.71563,14.55503,25.75791,2.0,4.33855,6.854116652,80.68096076
0,2,61_58,22.96382,58.86767,16.55196,2.45685,5.18434,1.25884,0.05918,4.74504,13.68859,24.69438,2.0,2.74157,6.776896236,80.64059824
0,1,68_68,20.75477,57.39598,20.13863,2.11488,5.42139,1.2119,0.06366,12.08331,15.18663,31.57223,2.0,1.96434,7.048936465,80.83320307
0,1,60_65,18.63042,65.31174,15.0455,2.29118,5.14107,1.21344,0.06372,1.83798,13.42368,19.0119,2.0,3.14777,6.957734969,80.59866304
0,0,59_67,21.61583,61.51334,15.91278,2.15607,5.2446,1.23325,0.06224,0.266,13.35017,20.56647,2.0,1.19292,7.030256534,80.57665346
0,0,61_60,23.58831,58.11642,16.6887,2.29224,5.09925,1.23177,0.06238,3.8904,13.43502,24.08484,1.0,3.33869,6.820009765,80.62838681
0,1,58_60,21.17232,62.7339,14.35785,2.41434,5.07856,1.26394,0.05945,4.2294,13.25193,21.69103,,1.88236,6.831458981,80.55702908
0,1,63_59,25.11099,54.23114,19.48551,2.28151,5.19113,1.19748,0.06588,3.1275,13.95895,26.34426,2.0,2.86134,6.817617319,80.6972684
0,4,66_70,23.52437,53.72973,20.73549,2.10655,5.34821,1.22718,0.06106,9.99856,15.30763,31.24725,3.0,2.76663,7.102348238,80.77493556
0,0,66_73,23.03713,57.45987,18.10908,1.52698,5.62475,1.28188,0.05435,5.27196,14.58297,26.96392,1.0,7.71931,7.182203577,80.75913993
0,1,63_69,24.43525,55.35161,19.12658,1.50836,5.35586,1.25291,0.06166,4.00814,13.964,27.22657,1.0,1.27522,7.089777948,80.68612016
0,4,65_65,27.26484,50.1449,21.84998,2.33765,5.29309,1.14507,0.06962,2.90989,15.78996,29.15257,3.0,3.55951,6.96156204,80.73485971
0,0,64_72,23.41561,56.23968,18.90466,1.51667,5.50731,1.26591,0.05634,5.20079,14.21989,27.1377,,2.94274,7.152345184,80.72627002
0,2,58_62,20.06349,64.30195,14.22734,2.19233,5.07153,1.25962,0.05972,3.13055,13.39443,20.88102,3.0,2.08782,6.89807503,80.55120574
0,2,73_69,15.96475,64.5403,17.2936,1.98115,5.6428,1.26963,0.06376,14.63715,14.75726,29.41578,2.0,8.34044,7.079912607,80.96339875
0,1,71_66,18.20441,59.36907,19.85957,2.07241,5.44379,1.19194,0.06922,16.96593,15.66537,33.95866,2.0,1.86017,6.985221916,80.90716591
0,3,65_59,25.24105,52.28065,21.22919,2.23952,5.32943,1.19597,0.07234,3.00375,14.89463,26.82146,1.0,4.01726,6.796637091,80.75528654
0,3,60_66,21.61208,60.36926,17.04755,2.26777,5.22682,1.20353,0.06379,1.51995,14.32826,21.8127,3.0,2.80573,7.007893302,80.61513758
0,3,65_58,24.54761,54.61833,19.4761,2.28236,5.22197,1.20008,0.06675,3.73482,13.9607,26.56594,1.0,3.38359,6.790099681,80.72889548
0,0,55_65,20.11499,64.58495,13.87783,2.03678,5.08879,1.26069,0.05973,3.21461,12.65666,21.63674,2.0,2.46745,6.959317689,80.4616194
0,3,70_66,18.41516,58.78122,20.14454,2.03265,5.42663,1.18968,0.06825,19.45625,15.18581,36.56734,1.0,4.19482,7.000404432,80.87729658
0,0,67_64,28.02587,47.96839,23.20983,2.25607,5.30307,1.12529,0.07452,3.13747,15.6121,30.407,1.0,2.14689,6.932590316,80.79546087
0,1,57_65,17.84112,67.47664,13.45638,2.17972,5.14821,1.25491,0.06245,1.89135,12.79286,18.13348,2.0,0.57617,6.966596729,80.52454932
0,1,70_68,18.99436,59.41279,19.24099,2.12493,5.49557,1.20179,0.06358,16.77963,15.39028,34.39874,2.0,2.85649,7.050710857,80.8654528
0,0,67_74,20.51575,61.15055,16.93338,1.06134,5.76464,1.33884,0.05493,8.12481,13.63465,27.38669,2.0,4.97802,7.204547231,80.79353464
0,2,62_66,25.25858,54.48837,19.48376,2.29679,5.24687,1.17785,0.06691,2.3397,14.62369,26.27405,1.0,5.38557,6.997833761,80.66083438
0,2,62_66,25.09241,54.69744,19.35935,2.28487,5.25364,1.18063,0.06683,2.54224,14.62257,26.27535,1.0,5.83711,7.002207973,80.66220366
0,4,59_58,21.60142,62.12966,14.24304,2.40973,5.12087,1.26467,0.0567,5.42993,13.02701,22.59597,2.0,6.18294,6.77410709,80.56617513
0,0,61_61,24.2438,56.90888,17.65755,2.296,5.08806,1.21938,0.06315,3.21356,13.43827,24.89703,2.0,2.29084,6.84953516,80.63322089
0,3,70_66,18.88272,58.47338,20.11876,2.04329,5.41699,1.18674,0.06894,17.56721,15.18614,35.20252,3.0,3.22001,6.988902667,80.87783219
0,2,58_62,20.06349,64.30195,14.22734,2.19233,5.07153,1.25962,0.05972,3.13055,13.39443,20.88102,2.0,2.28846,6.899815173,80.54472435
0,3,54_64,20.17791,64.6937,13.68836,2.05516,5.0627,1.25352,0.05871,3.38892,12.65711,21.75446,1.0,4.23362,6.92848132,80.45130403
0,3,64_60,25.2506,53.82907,19.87639,2.26144,5.21686,1.18864,0.06704,2.17846,14.55717,25.72157,1.0,1.28859,6.828079122,80.70850072
0,1,68_65,23.39372,53.67582,21.2793,2.23249,5.3332,1.15542,0.0711,9.21706,15.67962,31.38673,1.0,1.33655,6.964310539,80.83067231
0,0,61_65,21.86887,59.99451,17.34843,2.31584,5.20016,1.1836,0.0634,1.36333,14.33348,21.91786,2.0,3.94625,6.971294262,80.62955723
0,2,62_59,24.2235,56.70873,17.64804,2.34946,5.13819,1.2218,0.06221,3.78208,14.01191,25.25882,1.0,0.8358,6.81293286,80.65021912
0,1,63_59,24.96685,54.62908,19.19956,2.27648,5.19088,1.20125,0.06505,3.22549,13.95709,26.16123,2.0,3.27219,6.811769114,80.68735706
0,0,62_60,24.2522,56.34704,18.1771,2.22752,5.22314,1.21458,0.0623,2.52018,14.54726,24.24703,2.0,2.68819,6.836446059,80.65117405
0,0,61_59,23.98984,57.22065,17.28864,2.30266,5.10453,1.22599,0.0632,3.88165,13.4397,24.8875,1.0,1.28182,6.816252725,80.64663429
0,1,68_67,21.37599,56.7789,19.94522,2.1507,5.45349,1.1903,0.06457,11.91178,15.38899,31.97446,2.0,3.15637,7.029440031,80.82143547
0,1,68_72,20.75519,59.77368,18.10589,1.50182,5.59014,1.28873,0.05468,9.12488,14.85653,28.64528,2.0,2.65841,7.155805601,80.83471334
0,2,55_62,20.99253,63.57951,14.01098,2.07398,5.02133,1.28612,0.05667,2.92374,12.63529,21.85266,2.0,2.2811,6.899683097,80.48299255
0,3,57_59,20.75447,64.37431,13.14439,2.46376,5.10111,1.28154,0.05451,5.38469,11.78756,22.70112,3.0,3.62815,6.7975019,80.5299437
0,1,71_66,17.11635,60.29111,19.75341,2.0495,5.46845,1.20077,0.06773,20.68916,15.6638,36.49783,1.0,2.76899,7.001194052,80.91665345
0,0,59_60,21.33346,62.04383,14.9271,2.19904,5.05604,1.25505,0.06146,3.76823,13.29658,21.52492,2.0,0.87864,6.841266292,80.56705332
0,0,58_59,21.0938,63.01401,14.03002,2.38331,5.08868,1.26975,0.05803,4.95381,12.84192,22.08408,2.0,2.63877,6.816642969,80.55098181
0,1,61_69,24.32415,55.58229,19.09662,1.4931,5.37536,1.24804,0.06483,2.70221,14.21937,26.04917,2.0,2.21985,7.080739344,80.64433645
0,2,58_69,22.85606,59.90221,16.21119,1.61048,5.24425,1.28671,0.06569,1.03523,12.57353,22.62432,2.0,1.51184,7.067737466,80.54349679
0,0,60_64,19.73889,63.73645,15.51224,2.20835,5.12578,1.21255,0.06515,1.6333,13.67026,19.71799,3.0,1.47052,6.937952196,80.59436128
0,2,56_60,21.04246,63.80059,13.56089,2.43108,4.97254,1.2619,0.05255,5.86524,11.99888,24.1802,1.0,3.58312,6.825218342,80.49936927
0,4,68_73,20.44406,60.54408,17.6947,1.27519,5.68088,1.32146,0.05565,9.50033,13.96468,28.72697,3.0,1.3653,7.172812113,80.8206792
0,2,62_59,24.19642,56.28868,18.07993,2.35323,5.14188,1.21631,0.06258,3.7345,14.01314,25.31829,1.0,1.35659,6.804851679,80.66691049
0,3,64_66,25.40331,53.19602,20.52848,2.25405,5.28524,1.17903,0.0674,3.27057,15.42278,27.44769,1.0,1.39195,7.009499412,80.71305215
0,0,70_73,15.57557,66.83942,16.1185,0.98927,5.81641,1.37464,0.05504,12.42585,13.50112,26.79443,3.0,4.31952,7.182322307,80.87004324
0,4,67_66,24.54327,52.63778,21.31378,2.25108,5.29399,1.15922,0.06816,8.47186,15.84629,31.638,1.0,0.56511,7.007198575,80.79366632
0,1,57_62,20.47202,64.05925,13.93963,2.19391,5.0489,1.26022,0.05889,3.53523,13.3914,21.4395,4.0,0.95475,6.880791048,80.53159112
0,1,72_68,16.89113,62.62784,18.13708,2.02749,5.54527,1.24836,0.06272,16.25704,15.51543,31.91845,2.0,8.8138,7.058268882,80.94507186
0,1,68_65,24.87164,51.98947,21.66307,2.29329,5.26489,1.14341,0.0708,8.2054,15.85118,31.8608,1.0,0.40181,6.972264904,80.81715631
0,2,73_72,13.14684,69.85617,15.16166,0.98602,5.83555,1.3869,0.05659,14.36763,13.48979,26.37076,4.0,5.61231,7.14983788,80.95772793
0,0,60_67,23.30285,57.85428,17.79266,2.21879,5.29302,1.21002,0.06694,1.93991,14.60911,23.80422,2.0,4.24988,7.029976912,80.61909899
0,3,63_61,25.79665,53.6193,19.78384,2.24224,5.21782,1.1848,0.06481,1.71563,14.55503,25.75791,1.0,3.93374,6.850697153,80.68441385
0,4,69_72,17.65514,63.68869,17.15911,1.24489,5.73933,1.32968,0.05564,11.17422,14.08474,27.57842,4.0,2.94092,7.163848791,80.85251258
0,4,65_65,27.13216,49.97375,22.01589,2.34451,5.28454,1.14137,0.07078,3.58337,15.79304,29.68754,1.0,1.35051,6.962139658,80.75531483
0,4,67_66,25.18258,51.95171,21.52571,2.26309,5.28812,1.15471,0.06854,7.3191,15.84555,31.20479,1.0,1.50176,6.99107617,80.7832267
0,2,70_67,18.28763,58.94856,19.99414,2.16986,5.43989,1.18031,0.0672,21.01882,15.39716,37.94783,1.0,3.1558,7.015973468,80.87487624
0,0,63_62,27.82201,50.43233,21.44918,2.24739,5.21494,1.17145,0.06644,0.77669,14.56211,27.50355,2.0,4.09525,6.878228049,80.69601315
0,0,61_65,23.75323,57.01651,18.61806,2.23703,5.18546,1.18695,0.06564,0.98096,14.58529,23.50142,2.0,3.41739,6.964874771,80.64289038
0,0,58_59,21.16879,62.87737,14.04426,2.47689,5.09727,1.26944,0.05601,5.21494,12.8131,22.28974,2.0,2.92854,6.808383268,80.54629331
0,2,64_58,24.25245,55.30177,19.00518,2.27315,5.22891,1.2315,0.06526,4.14368,13.95788,26.53806,1.0,1.74498,6.77551007,80.71513396
0,1,68_66,23.70112,53.4328,21.28198,2.26171,5.2832,1.15709,0.06805,9.78861,15.68387,32.39563,2.0,1.94371,7.003792717,80.81082903
0,0,66_75,24.97457,57.74622,15.76812,1.17446,5.6238,1.32002,0.05289,6.66534,13.69296,30.567,,1.96282,7.234722537,80.77095078
0,1,68_67,21.1712,56.8385,20.02554,2.16311,5.44154,1.18443,0.06559,12.66331,15.39127,32.56833,2.0,2.40646,7.024114802,80.82902956
0,1,63_69,24.43523,55.30139,19.2141,1.51346,5.34542,1.24945,0.06162,4.09946,13.96449,27.34866,2.0,0.62096,7.080889357,80.68555034
0,1,62_67,25.12547,54.38983,19.54617,2.21846,5.31825,1.18709,0.06543,2.88469,14.69115,26.59798,4.0,5.3964,7.023919801,80.67131284
0,0,66_75,25.27857,58.62036,14.8587,0.9536,5.81158,1.37416,0.05271,6.87397,12.4694,31.26132,3.0,0.75815,7.247609339,80.77356518
0,1,71_66,17.11635,60.29111,19.75341,2.0495,5.46845,1.20077,0.06773,20.68916,15.6638,36.49783,1.0,2.70079,6.998575339,80.91412889
0,2,72_73,13.79335,69.1188,15.42687,0.98531,5.83841,1.38645,0.05558,13.8361,13.49104,26.48327,2.0,2.74588,7.175554663,80.92436568
0,2,58_62,20.62306,63.70853,14.15696,2.2005,5.05452,1.26186,0.05919,3.43152,13.39378,21.44654,2.0,1.89115,6.88274857,80.54403491
0,0,55_65,20.17453,64.46976,13.9354,2.02877,5.09442,1.26358,0.06007,3.19716,12.65613,21.72142,1.0,1.85552,6.963265388,80.46877109
0,1,55_63,20.18177,64.43037,13.95618,2.075,5.07557,1.2904,0.05918,3.10816,12.66065,21.34617,3.0,2.40669,6.919433909,80.47027338
0,1,66_65,27.01344,49.96761,22.06689,2.34736,5.28097,1.13985,0.07132,3.97068,15.79455,29.95306,2.0,0.26075,6.968197305,80.76846181
0,2,64_58,24.42772,55.16009,19.02424,2.27442,5.21802,1.20807,0.06517,3.89686,13.9575,26.39002,2.0,1.21876,6.784123564,80.71022515
0,2,62_66,25.62717,53.79531,19.81824,2.28875,5.27736,1.1808,0.06547,2.40272,14.80912,26.71626,2.0,4.27255,6.988637001,80.67017455
0,2,63_65,25.82895,53.22478,20.4308,2.27802,5.27513,1.17187,0.06698,1.71002,15.42003,26.4643,3.0,3.56183,6.980267247,80.68102661
0,2,69_66,20.51442,57.0258,20.33314,2.07272,5.45254,1.16795,0.06908,13.76578,15.20992,33.13895,2.0,4.41991,6.98474005,80.8571831
0,0,70_73,15.19801,67.49242,15.93791,0.98697,5.83181,1.38038,0.05442,12.52668,13.49703,26.57457,,4.38355,7.189971934,80.881599
0,2,60_61,22.97111,59.22889,16.42787,2.29484,5.0669,1.23587,0.06342,3.0873,13.65611,23.23707,2.0,1.85816,6.86276846,80.60745418
0,0,70_73,14.92944,67.66973,15.90751,0.98754,5.82514,1.37957,0.05503,12.99084,13.49707,26.74422,,3.71629,7.186281853,80.88928115
0,2,69_67,20.52753,57.57856,19.80143,2.15013,5.45687,1.19002,0.06496,13.91472,15.39088,33.12336,2.0,1.24171,7.035663673,80.84029494
0,0,59_60,21.94236,60.93743,15.49168,2.21033,5.06251,1.24707,0.06231,3.53535,13.3015,21.8904,2.0,1.70005,6.838009008,80.58862627
0,3,64_60,25.73108,52.66224,20.58053,2.30019,5.18411,1.18105,0.06903,2.4787,13.96551,26.73067,2.0,0.86489,6.827569675,80.72743794
0,3,66_63,29.99749,45.90256,23.75689,2.22556,5.24616,1.13981,0.0714,1.25977,14.85285,30.667,1.0,3.69331,6.9208887,80.76361595
0,4,67_60,26.94661,47.11832,25.37293,2.25245,5.22494,1.16479,0.07825,-3.49714,14.09327,23.02992,1.0,3.54507,6.833143424,80.80199362
0,3,67_61,26.68704,49.19637,23.29156,2.20981,5.25918,1.16536,0.07684,0.33068,14.69006,26.24286,2.0,0.64833,6.865055822,80.79193485
0,4,55_64,20.08281,64.56347,13.92941,2.06682,5.08113,1.24908,0.05929,3.09821,12.65993,21.30338,2.0,2.04406,6.929084146,80.47704329
0,2,62_58,23.67903,57.10041,17.59594,2.25039,5.21984,1.25204,0.06112,4.46377,13.9483,25.44461,1.0,3.67315,6.780669916,80.66677647
0,1,68_72,19.39637,61.39027,17.78721,1.2582,5.69683,1.32401,0.05637,9.57684,14.38656,27.71567,3.0,2.37023,7.158282375,80.82846302
0,2,70_67,18.13054,59.21321,19.88167,2.15853,5.45253,1.18504,0.06638,21.28707,15.39593,38.03347,1.0,3.11213,7.016952681,80.87495921
0,3,63_61,26.22921,52.61003,20.4187,2.25419,5.21487,1.17823,0.0666,1.55165,14.5589,26.26128,1.0,2.43818,6.849896657,80.6979393
0,3,64_60,25.96309,52.77342,20.419,2.26126,5.21462,1.17537,0.06747,1.70127,14.55962,26.13797,2.0,1.26546,6.839565927,80.71371556
0,4,65_65,27.13216,49.97375,22.01589,2.34451,5.28454,1.14137,0.07078,3.58337,15.79304,29.68754,1.0,1.52303,6.965062129,80.75297661
0,2,64_58,24.42772,55.16009,19.02424,2.27442,5.21802,1.20807,0.06517,3.89686,13.9575,26.39002,2.0,0.84783,6.783587146,80.70677889
0,0,63_66,25.72519,53.16145,20.48581,2.27068,5.27771,1.17392,0.06716,2.18353,15.42099,26.79448,4.0,4.42465,6.988844096,80.69487161
0,2,63_58,23.92848,56.43058,18.10243,2.25811,5.2219,1.24515,0.06241,4.3674,13.95156,25.93054,2.0,2.11195,6.775535293,80.68142307
0,1,57_62,20.17237,64.45999,13.87486,2.18674,5.05445,1.26084,0.05904,3.44179,13.39053,21.18793,2.0,1.9783,6.889847118,80.52749261
0,0,55_66,19.44413,65.4583,13.73009,1.56166,5.21119,1.29724,0.06125,3.34835,12.12644,21.27729,1.0,0.72684,7.007486578,80.48153396
0,0,72_70,15.33513,66.00468,16.7232,1.30184,5.68103,1.33085,0.05861,14.76188,13.7502,28.93313,3.0,10.3536,7.106485315,80.93461689
0,0,66_72,23.11629,55.98436,19.35516,1.52724,5.46965,1.25859,0.05563,7.91034,14.22581,29.37105,2.0,5.43464,7.146415675,80.76617142
0,0,60_57,22.22053,60.56878,15.30424,2.44559,5.18915,1.28398,0.05638,5.15511,13.6805,23.51057,3.0,3.26761,6.764447622,80.60536621
0,0,66_59,25.65883,51.14043,22.14063,2.23462,5.24454,1.1822,0.07457,1.34548,14.08788,25.90337,1.0,4.14671,6.818366485,80.77416424
0,0,62_61,25.30185,54.81839,19.13804,2.21994,5.22669,1.19716,0.0623,1.57822,14.55058,25.01215,2.0,1.03112,6.870779126,80.65138771
0,1,71_71,15.65482,65.41071,17.08869,1.31408,5.70181,1.32627,0.05739,14.35158,13.86723,28.81692,2.0,7.80118,7.12958291,80.91572215
0,0,63_60,25.11614,54.22758,19.58867,2.25579,5.21724,1.1925,0.06614,2.27969,14.55542,25.56694,1.0,2.40684,6.826627837,80.69848651
0,1,68_65,22.92756,54.59123,20.69811,2.2192,5.39065,1.15596,0.07017,10.03608,15.56118,31.66566,1.0,1.78911,6.974670497,80.83550287
0,0,59_60,22.43938,60.34299,15.35146,2.27098,5.0889,1.24842,0.06057,4.18912,13.42483,22.58157,3.0,1.21691,6.837583962,80.58427538
0,4,65_70,24.39558,53.739,20.27525,2.10391,5.35187,1.22107,0.06115,7.31206,14.57974,29.89069,2.0,0.97575,7.095342414,80.74249744
0,3,64_61,26.80567,51.58373,20.99787,2.25848,5.21352,1.17167,0.06757,1.26183,14.5619,26.7599,2.0,1.49332,6.8613665,80.71270402
0,4,66_70,23.26308,54.84448,20.00308,1.51113,5.39772,1.25821,0.05821,9.40262,14.16452,30.5572,2.0,2.91373,7.113236525,80.77280821
0,4,64_63,29.3094,48.19432,22.55508,2.24084,5.21915,1.16523,0.06689,0.32774,14.56675,28.96624,1.0,2.57205,6.911156438,80.71364487
0,2,70_67,18.28763,58.94856,19.99414,2.16986,5.43989,1.18031,0.0672,21.01882,15.39716,37.94783,1.0,3.51955,7.012503856,80.87661169
0,2,73_72,13.06086,70.14366,15.01705,0.98399,5.84929,1.39089,0.05602,14.14361,13.48723,26.08229,3.0,3.99527,7.164809981,80.95819552
0,3,60_60,23.03461,59.19635,16.06433,2.2812,5.09337,1.24011,0.06153,3.95336,13.43,23.29928,3.0,3.26358,6.831549873,80.60245831
0,2,66_64,28.79585,47.20504,23.43042,2.25452,5.30369,1.14718,0.07364,2.14042,15.60979,30.23049,2.0,2.19239,6.932063831,80.77154564
0,4,68_73,19.15443,62.15682,17.43161,1.26021,5.73742,1.33668,0.05399,10.1705,13.82006,28.16651,2.0,0.49556,7.183973267,80.83182447
0,0,60_64,20.7807,62.12273,16.18024,2.21653,5.12416,1.20692,0.06559,1.49464,13.6737,20.66762,1.0,0.58596,6.933213521,80.60922311
0,2,60_61,22.97111,59.22889,16.42787,2.29484,5.0669,1.23587,0.06342,3.0873,13.65611,23.23707,2.0,2.10953,6.860429666,80.60770968
0,1,58_60,20.99847,63.10595,14.10555,2.38028,5.08465,1.26844,0.05831,4.82269,12.84199,22.06343,3.0,2.4951,6.822778498,80.5526806
0,2,69_73,18.93659,62.15958,17.57079,1.26383,5.72645,1.33455,0.05446,10.95233,13.8202,28.6992,2.0,0.81602,7.175612573,80.83727066
0,3,64_66,24.77448,53.33288,20.99778,2.27773,5.30557,1.17898,0.06472,4.54231,15.64803,28.02576,1.0,1.51397,7.008387055,80.72725803
0,0,66_61,26.89064,49.11591,23.22636,2.20958,5.25798,1.16576,0.07626,0.28474,14.68954,26.3701,1.0,1.6603,6.864012877,80.78182727
0,3,65_59,25.47446,52.84196,20.57912,2.30171,5.1948,1.18278,0.06955,2.59293,13.96617,26.6182,1.0,2.77193,6.818206658,80.74213046
0,2,70_72,16.37316,64.76108,17.17562,1.30807,5.71523,1.32846,0.05625,13.24792,13.86757,28.40299,2.0,7.03798,7.146028291,80.88518976
0,4,65_61,27.37996,49.31493,22.59425,2.28757,5.27037,1.1455,0.07297,0.8628,15.33478,27.24988,2.0,1.67572,6.864149892,80.75542716
0,2,62_66,25.62717,53.79531,19.81824,2.28875,5.27736,1.1808,0.06547,2.40272,14.80912,26.71626,2.0,4.72302,6.992692031,80.6687251
0,0,62_60,24.82742,55.187,18.89614,2.23865,5.21973,1.19491,0.06382,2.31579,14.55106,24.98063,3.0,2.43205,6.83264292,80.66777648
0,1,71_66,17.56574,60.06684,19.67696,2.05794,5.46105,1.19894,0.06834,18.45373,15.66378,34.76509,1.0,2.00142,6.989638221,80.91466791
0,2,56_60,21.17941,63.49234,13.7049,2.51458,4.98439,1.27379,0.05381,5.73353,11.77638,24.02988,2.0,2.42548,6.82213721,80.51101347
0,1,58_58,20.92038,63.84272,13.40606,2.47083,5.11242,1.28197,0.0544,6.61871,11.7893,23.95581,1.0,5.7941,6.778479327,80.53927603
0,1,67_67,24.39439,52.93116,21.29801,2.24445,5.30008,1.16626,0.06651,8.00359,15.67835,31.29514,4.0,1.42227,7.011009047,80.78403351
0,1,68_67,21.37599,56.7789,19.94522,2.1507,5.45349,1.1903,0.06457,11.91178,15.38899,31.97446,2.0,3.4519,7.030463318,80.81875834
0,2,59_62,21.58337,61.54567,15.67729,2.23646,5.07149,1.24145,0.06196,2.37843,14.12471,21.65473,2.0,1.90906,6.892955158,80.59141788
0,0,60_64,21.82103,60.51346,16.85585,2.22491,5.1219,1.19238,0.06603,1.34248,13.67719,21.61855,1.0,1.7785,6.937560661,80.61921559
0,3,68_61,26.05402,50.10442,22.78781,2.19858,5.26577,1.16831,0.07697,1.69247,14.69164,26.92355,,1.35962,6.868814374,80.81156346
0,4,66_67,24.03682,53.76318,20.97667,2.25952,5.30796,1.18522,0.0646,6.60006,15.65069,29.157,1.0,3.94393,7.032727576,80.75747694
0,4,69_72,17.58946,63.35367,17.44655,1.30743,5.71371,1.32437,0.0558,11.795,13.8719,28.08443,1.0,3.78073,7.149083744,80.84653933
0,3,68_61,25.88826,49.98887,23.1018,2.20829,5.26679,1.16527,0.07762,0.56185,14.68933,25.66755,1.0,2.35411,6.854185613,80.81172099
0,2,63_58,23.74994,56.72782,17.92801,2.25388,5.22945,1.25079,0.06181,4.63705,13.95057,26.01407,1.0,1.9296,6.771054751,80.6850116
0,0,65_60,26.37721,50.63686,22.03033,2.21854,5.31468,1.17669,0.07324,1.21734,14.93992,26.41257,1.0,2.19999,6.830458649,80.75373627
0,4,63_67,25.05619,54.47916,19.46331,2.20598,5.32721,1.19209,0.0653,3.00746,14.69005,26.61963,3.0,5.16756,7.029407579,80.67418371
0,4,62_65,24.55708,55.73567,19.17297,2.24475,5.1813,1.18207,0.06613,0.95554,14.5883,24.34047,2.0,2.82057,6.968339006,80.65225829
0,2,72_73,13.72519,69.36076,15.32496,0.98348,5.85065,1.39023,0.05502,13.63798,13.48865,26.24334,2.0,1.83722,7.183779941,80.92639863
0,3,72_67,16.8371,61.34152,19.09455,2.06676,5.47377,1.22259,0.06591,20.07616,15.52609,35.59878,4.0,6.019,7.034407988,80.92843022
0,1,54_63,19.93172,66.0974,12.55373,2.09573,4.94895,1.26461,0.05544,4.84769,11.59088,23.07804,1.0,3.11616,6.919340395,80.43707042
0,3,64_68,24.38394,53.90803,20.57409,2.15696,5.30458,1.20739,0.06358,5.66168,15.3056,28.80775,2.0,4.34164,7.058904261,80.72529403
0,4,66_62,28.12186,48.3739,22.9326,2.28025,5.27039,1.14265,0.07254,0.8903,15.33718,28.14274,2.0,3.32288,6.878408005,80.75980147
0,4,65_61,27.35147,50.09843,21.9758,2.27349,5.21232,1.15872,0.07054,0.97955,14.56846,27.31504,2.0,2.73249,6.870915753,80.73683426
0,1,68_68,21.17733,56.93526,20.23665,2.11405,5.41851,1.21245,0.0636,11.3019,15.18565,31.19533,2.0,2.12053,7.048667576,80.82676967
0,3,64_60,25.82042,53.191,20.12797,2.25532,5.21543,1.17938,0.06652,1.79145,14.55777,25.97739,4.0,1.87366,6.845577612,80.70363463
0,1,60_65,18.37939,65.61128,14.96508,2.27169,5.15325,1.22147,0.06388,1.87209,13.422,18.8972,2.0,1.42393,6.975927372,80.59778208
0,0,61_61,23.8126,57.67641,17.22541,2.29015,5.08785,1.22429,0.0626,3.37468,13.43548,24.44423,2.0,1.5917,6.85571581,80.62822395
0,0,63_60,25.41041,54.16718,19.49655,2.24354,5.21797,1.18766,0.06475,1.97161,14.55399,25.49422,3.0,3.70441,6.83893428,80.6790564
0,4,58_61,21.11095,62.91237,14.43735,2.21448,5.05393,1.25789,0.05941,3.42763,13.39708,21.71831,3.0,1.71115,6.870191599,80.54589968
0,0,61_65,22.87075,58.40583,18.02935,2.22928,5.18964,1.19196,0.06514,1.02072,14.58224,22.60249,3.0,3.88388,6.960810339,80.63312561
0,3,66_58,24.95695,52.73284,21.04426,2.21816,5.2676,1.19384,0.07216,2.75193,14.0838,26.3634,3.0,3.20013,6.792589898,80.76190424
0,4,67_60,26.07837,49.26952,23.76161,2.24454,5.23816,1.17247,0.07736,-0.90061,14.09148,24.46713,1.0,2.56468,6.82398867,80.80166438
0,0,56_58,20.35046,65.21468,12.80339,2.6389,4.99147,1.27394,0.0508,5.65709,11.6551,23.00363,1.0,4.80191,6.791762444,80.51132895
0,0,67_59,25.61656,50.62388,22.70676,2.23743,5.24803,1.1766,0.07596,0.63151,14.08923,25.31777,1.0,2.21175,6.813495657,80.79163547
0,3,60_66,20.60207,61.97569,16.43814,2.27014,5.22294,1.20471,0.06315,1.44776,14.32613,20.72695,3.0,1.78038,6.999989332,80.61000186
0,2,70_67,18.13054,59.21321,19.88167,2.15853,5.45253,1.18504,0.06638,21.28707,15.39593,38.03347,1.0,3.79275,7.022517387,80.88350308
0,3,64_65,26.75268,51.33839,21.23345,2.31323,5.31859,1.15111,0.0674,2.43938,15.78432,28.11731,3.0,4.68224,6.971354122,80.70910149
0,3,70_66,18.41516,58.78122,20.14454,2.03265,5.42663,1.18968,0.06825,19.45625,15.18581,36.56734,1.0,4.41104,7.006025257,80.88190983
0,3,57_66,19.34635,65.35863,14.11568,2.14251,5.1555,1.26607,0.06406,1.73279,12.79061,19.62855,2.0,3.32126,6.999041891,80.51233611
0,0,62_61,25.4746,54.42345,19.31492,2.22842,5.22264,1.19424,0.06314,1.67821,14.55191,25.26703,2.0,2.52091,6.864600628,80.66681967
0,0,62_61,24.99699,55.24994,18.87817,2.22247,5.22537,1.20723,0.06237,1.82312,14.54979,24.77431,2.0,1.64272,6.865358074,80.65251089
0,3,64_67,25.18044,53.48036,20.38307,2.24145,5.29502,1.18451,0.06713,3.51482,15.42184,27.41614,1.0,1.11346,7.018327186,80.71006174
0,4,59_58,21.97304,61.58833,14.18334,2.41209,5.1225,1.25947,0.05776,5.06027,13.02984,21.6975,4.0,4.3556,6.787543749,80.58041033
0,2,61_66,22.60805,58.72014,17.84025,2.30309,5.21039,1.1868,0.06409,1.58667,14.3348,22.9038,2.0,3.6173,6.99420174,80.63071507
0,3,61_63,24.82827,56.11904,18.4247,2.26567,5.14055,1.20077,0.06334,1.07998,14.78239,24.36555,1.0,1.71582,6.911432858,80.63294573
0,4,62_65,24.20063,56.17354,18.99143,2.2337,5.18917,1.18707,0.0662,1.18004,14.58743,24.17655,2.0,3.2674,6.97612885,80.65619253
0,0,56_65,19.93767,64.54376,14.13048,2.03131,5.11825,1.26234,0.0608,2.8394,12.65826,21.15568,2.0,1.93448,6.969890556,80.48428833
0,2,69_66,20.40003,57.38933,20.02796,2.17392,5.43256,1.17929,0.06677,14.79402,15.39441,33.94045,1.0,2.49018,7.007481664,80.84982225
0,4,59_65,16.99989,67.75681,14.13813,2.28213,5.14305,1.2194,0.06328,1.92229,13.42041,17.47169,3.0,3.84728,6.957542832,80.58311173
0,3,66_63,29.84068,46.10449,23.69846,2.2325,5.24421,1.13907,0.07179,1.04531,14.85234,30.27482,2.0,4.99954,6.906002863,80.76923495
0,2,64_62,27.76727,50.0282,21.80884,2.25896,5.21328,1.16414,0.0684,0.88795,14.56588,27.63841,2.0,3.63486,6.882681426,80.72352526
0,1,54_63,19.93172,66.0974,12.55373,2.09573,4.94895,1.26461,0.05544,4.84769,11.59088,23.07804,1.0,3.04328,6.918936538,80.43930827
0,2,62_66,25.62717,53.79531,19.81824,2.28875,5.27736,1.1808,0.06547,2.40272,14.80912,26.71626,3.0,4.43947,6.990041182,80.67291378
0,1,63_59,24.96685,54.62908,19.19956,2.27648,5.19088,1.20125,0.06505,3.22549,13.95709,26.16123,2.0,3.29267,6.813793675,80.68756091
0,3,63_61,27.21361,51.25242,21.0703,2.25021,5.21459,1.17339,0.06655,1.0531,14.56107,27.01516,2.0,2.77203,6.866132317,80.7008019
0,3,57_59,20.83965,63.46163,13.9069,2.36592,5.09381,1.26932,0.05749,5.08241,11.893,22.26939,2.0,1.72066,6.816128259,80.53786223
0,4,57_63,19.45738,65.4211,13.68519,2.17174,5.06651,1.2714,0.05938,3.26349,13.38873,20.5549,2.0,0.43995,6.911445588,80.52771556
0,3,61_63,23.11343,58.54383,17.67268,2.18442,5.14037,1.22286,0.06255,1.06555,14.11709,22.67996,1.0,0.55441,6.924944709,80.62082899
0,4,60_59,23.21381,58.91938,15.95758,2.28704,5.10515,1.24082,0.06158,4.32747,13.43208,23.43602,2.0,2.01773,6.808386678,80.6174623
0,3,68_61,25.88826,49.98887,23.1018,2.20829,5.26679,1.16527,0.07762,0.56185,14.68933,25.66755,1.0,2.38935,6.855961393,80.81442282
0,1,60_68,24.09686,57.11183,17.91144,2.06102,5.35293,1.21901,0.06803,-0.34943,13.8129,22.37529,2.0,4.79381,7.053133434,80.61405619
0,4,68_73,17.97347,63.98199,16.74041,1.00988,5.79264,1.37354,0.05409,11.00582,13.24177,27.79823,,1.23143,7.190694348,80.83071984
0,0,56_58,21.02293,63.61519,13.655,2.63277,4.98654,1.27632,0.05019,5.93682,11.65314,24.10076,1.0,4.81044,6.792252759,80.50070402
0,3,72_69,17.38425,62.51622,17.80779,2.08186,5.5714,1.24167,0.06186,16.46754,15.40673,32.58791,2.0,10.54036,7.078097501,80.93237371
0,0,65_60,26.39025,50.54404,22.23615,2.20423,5.26391,1.16991,0.07386,0.77319,14.68471,26.05848,2.0,1.37338,6.838818893,80.75540969
0,1,68_67,23.19649,54.10439,21.00541,2.23635,5.30176,1.16785,0.06665,10.57071,15.68193,32.54519,2.0,3.02982,7.021441147,80.81274247
0,3,64_66,25.67279,52.8506,20.69505,2.26673,5.27562,1.17346,0.06768,2.99619,15.42374,27.49792,2.0,2.18879,7.003802955,80.70861264
0,1,57_58,20.46234,64.26971,13.42864,2.38117,5.08345,1.28424,0.05211,6.45104,11.37952,23.54299,1.0,4.68687,6.772634519,80.52596111
0,3,66_63,29.17242,46.98114,23.44832,2.25853,5.27924,1.14232,0.07131,1.23167,15.34138,29.71526,1.0,4.23006,6.918063101,80.75892907
0,3,57_59,20.75447,64.37431,13.14439,2.46376,5.10111,1.28154,0.05451,5.38469,11.78756,22.70112,3.0,3.60108,6.797819021,80.53399425
0,2,61_66,22.60805,58.72014,17.84025,2.30309,5.21039,1.1868,0.06409,1.58667,14.3348,22.9038,2.0,3.92147,6.995166861,80.63334067
0,0,61_61,24.2438,56.90888,17.65755,2.296,5.08806,1.21938,0.06315,3.21356,13.43827,24.89703,2.0,2.18342,6.85149372,80.63688776
0,4,60_59,22.72511,59.67316,15.74336,2.44757,5.17887,1.24352,0.05837,4.46058,13.68459,23.11601,2.0,0.99395,6.795195938,80.61219175
0,1,60_63,22.13587,60.41122,16.52307,2.23713,5.08355,1.23237,0.06287,1.88627,14.12955,22.18387,3.0,2.28543,6.904588213,80.60622031
0,1,68_65,22.92756,54.59123,20.69811,2.2192,5.39065,1.15596,0.07017,10.03608,15.56118,31.66566,1.0,1.7749,6.972892912,80.83580055
0,3,63_61,26.22921,52.61003,20.4187,2.25419,5.21487,1.17823,0.0666,1.55165,14.5589,26.26128,3.0,2.1774,6.853592824,80.70062927
0,3,64_59,25.0347,53.98048,19.7705,2.28776,5.20154,1.19471,0.06716,3.19265,13.96149,26.50814,2.0,2.778,6.805299454,80.71541481
0,4,69_72,19.91235,60.09373,18.55332,1.45452,5.62428,1.28885,0.05538,10.27933,15.04652,28.94181,,3.69684,7.147401879,80.84016804
0,0,66_73,21.72487,59.44564,17.40407,1.34666,5.69788,1.3098,0.05435,6.86555,13.88259,27.29808,1.0,5.54428,7.190445689,80.78202549
0,4,65_63,29.17242,46.98114,23.44832,2.25853,5.27924,1.14232,0.07131,1.23167,15.34138,29.71526,1.0,4.3683,6.920960439,80.75319967
0,2,59_62,21.11591,62.07796,15.39931,2.17978,5.13274,1.24876,0.06158,2.73306,14.10766,21.07925,2.0,0.58771,6.874935321,80.5783878
0,2,62_59,24.2235,56.70873,17.64804,2.34946,5.13819,1.2218,0.06221,3.78208,14.01191,25.25882,1.0,0.59482,6.813626377,80.65242935
0,0,62_60,24.54941,55.60054,18.6596,2.23913,5.21995,1.19813,0.06365,2.55621,14.55003,24.83306,2.0,2.13191,6.827410424,80.67064973
0,0,59_63,20.49526,63.22896,15.04664,2.2062,5.08802,1.24807,0.06073,2.67719,13.40134,21.07138,2.0,1.56614,6.913101478,80.57538282
0,3,71_69,18.05963,61.6916,18.09901,2.15586,5.55999,1.2362,0.06054,15.69951,15.72637,32.47916,4.0,8.6739,7.086587154,80.90925451
0,3,60_58,22.37268,60.20495,15.58634,2.44815,5.18917,1.28066,0.05693,5.1142,13.68228,23.85629,2.0,2.35136,6.769024659,80.61911788
0,3,65_58,24.86478,53.87736,19.98557,2.29186,5.21454,1.19315,0.0683,3.27761,13.96362,26.57252,1.0,3.8979,6.790699122,80.73360029
0,0,59_60,21.33346,62.04383,14.9271,2.19904,5.05604,1.25505,0.06146,3.76823,13.29658,21.52492,2.0,1.02038,6.844007338,80.56811943
0,1,70_71,16.76531,64.01817,17.45708,1.31407,5.69365,1.32168,0.05701,13.35028,13.87146,28.84503,,7.28802,7.134818628,80.87947843
0,1,57_58,20.25096,64.6669,13.28128,2.3768,5.07704,1.28641,0.05148,6.61899,11.37751,23.69869,1.0,4.88091,6.780857895,80.52170964
0,3,65_66,25.90272,51.73974,21.23204,2.30208,5.31695,1.16079,0.06869,4.58613,15.78921,29.25217,1.0,3.09999,6.988987398,80.74342389
0,4,65_61,26.93092,50.92927,21.49799,2.27036,5.21243,1.1641,0.06958,1.15119,14.56558,26.92006,2.0,1.95882,6.862495893,80.7325624
0,3,64_60,25.11614,54.22758,19.58867,2.25579,5.21724,1.1925,0.06614,2.27969,14.55542,25.56694,1.0,1.78914,6.824094235,80.70492934
0,4,67_73,21.75862,59.05998,17.69304,1.35043,5.68113,1.30737,0.05499,7.2651,13.88331,27.65882,1.0,5.01612,7.179283216,80.78561224
0,4,60_59,23.03944,59.33023,15.66178,2.28227,5.10074,1.24227,0.06136,4.2328,13.42986,22.88193,,3.27213,6.815200318,80.6037574
0,4,65_72,22.93425,57.21753,18.41122,1.51177,5.53771,1.26803,0.05487,5.20963,14.22252,26.72076,1.0,5.51826,7.167800643,80.74527365
0,1,68_65,25.07357,51.66764,21.80024,2.21832,5.32033,1.13921,0.07351,6.96997,15.61451,30.93271,1.0,0.60865,6.967418986,80.8151347
0,0,60_64,20.35393,62.89574,15.7426,2.21836,5.11829,1.24065,0.0653,1.62392,13.67143,20.21,2.0,0.68148,6.93184954,80.59913875
0,4,62_69,24.43685,55.47082,19.0893,1.51125,5.34595,1.25119,0.06199,3.69332,13.9626,26.99562,2.0,0.44027,7.082769509,80.67286326
0,2,62_58,23.11565,58.48943,16.83928,2.45986,5.18388,1.25546,0.05979,4.69041,13.69043,25.00461,1.0,4.09896,6.774990401,80.65350105
0,1,57_58,20.46234,64.26971,13.42864,2.38117,5.08345,1.28424,0.05211,6.45104,11.37952,23.54299,1.0,5.34396,6.773311384,80.53245569
0,2,59_62,20.59222,63.27052,14.81676,2.20668,5.0789,1.25152,0.06033,2.89327,13.39956,21.19386,2.0,0.56496,6.896507271,80.56626895
0,4,67_60,26.63665,48.31851,24.28625,2.25098,5.21606,1.16328,0.07816,-1.32701,14.0942,24.70304,1.0,3.10038,6.844302792,80.80827567
0,0,66_75,22.07332,61.21569,15.57588,1.06116,5.80423,1.34218,0.05338,6.31417,13.63218,27.49205,2.0,1.65461,7.235053019,80.78068731
0,3,72_69,17.38425,62.51622,17.80779,2.08186,5.5714,1.24167,0.06186,16.46754,15.40673,32.58791,2.0,10.2067,7.07495067,80.93930633
0,1,68_68,20.75477,57.39598,20.13863,2.11488,5.42139,1.2119,0.06366,12.08331,15.18663,31.57223,1.0,1.86739,7.049913966,80.83145368
0,3,60_60,23.04185,59.25548,15.86599,2.2819,5.0971,1.24201,0.06147,4.09149,13.42996,23.09352,2.0,3.43053,6.824727698,80.60209177
0,3,64_59,25.33088,53.50548,20.0349,2.29162,5.19241,1.19005,0.06766,2.90001,13.96261,26.57583,1.0,1.95327,6.812420248,80.71827757
0,0,61_60,23.66719,57.96212,16.86805,2.29189,5.09547,1.22823,0.0625,3.71502,13.43522,24.19693,1.0,3.94688,6.833003792,80.62817175
0,2,59_61,21.37393,62.19217,15.00335,2.23568,5.05684,1.24992,0.06108,2.85649,14.12033,21.45265,2.0,0.41473,6.867820368,80.56694613
0,1,57_62,20.29689,64.14292,14.08882,2.19322,5.06024,1.26243,0.05932,3.33523,13.3929,21.17941,2.0,1.57878,6.885374637,80.53610227
0,3,66_63,29.58545,46.49131,23.48271,2.21745,5.24961,1.14136,0.07099,1.92076,14.85328,30.85467,2.0,3.18425,6.924644154,80.76634172
0,3,64_68,24.55216,53.89422,20.56803,2.16705,5.29752,1.20354,0.06389,4.94932,15.30506,28.41368,2.0,3.62962,7.052636483,80.71650055
0,2,69_73,17.57668,64.44074,16.69604,1.00881,5.79621,1.37583,0.05393,11.5464,13.23984,27.95531,2.0,1.9251,7.191214448,80.84398084
0,4,73_70,16.64799,63.95815,17.03153,1.90376,5.65929,1.27272,0.06168,15.25522,14.70628,30.59772,3.0,10.7402,7.095345175,80.94807287
0,3,71_69,17.83798,61.78858,18.12434,2.16496,5.55107,1.23267,0.06134,16.38308,15.72788,32.94374,4.0,9.18605,7.078019727,80.91785185
0,2,62_59,24.19642,56.28868,18.07993,2.35323,5.14188,1.21631,0.06258,3.7345,14.01314,25.31829,1.0,0.75348,6.806767533,80.66041939
0,1,67_67,23.54609,53.78101,21.06616,2.23486,5.3042,1.16919,0.0664,9.77249,15.68039,32.1076,2.0,2.30877,7.019697114,80.8045646
0,2,68_71,20.98376,58.97023,18.54925,1.51274,5.55312,1.2805,0.056,9.81549,14.85984,29.48142,,4.78666,7.136324668,80.83307476
0,2,64_62,28.53448,49.48292,21.87811,2.24404,5.21571,1.16985,0.06627,0.46807,14.56311,28.08185,2.0,4.5081,6.88681384,80.70247574
0,2,66_60,26.42403,50.17666,22.57939,2.20888,5.26194,1.17015,0.07482,0.42549,14.68559,25.83926,2.0,2.32524,6.838196058,80.76741118
0,0,66_61,27.74062,48.85904,22.75803,2.28423,5.2701,1.14386,0.07278,0.87709,15.33601,27.68519,2.0,2.20423,6.867998557,80.75857162
0,4,64_64,29.18639,47.81721,22.69304,2.28287,5.27079,1.15621,0.06754,1.62755,15.45309,30.03096,2.0,3.14641,6.931205114,80.72844832
0,0,60_67,23.30285,57.85428,17.79266,2.21879,5.29302,1.21002,0.06694,1.93991,14.60911,23.80422,2.0,3.40269,7.026713282,80.61212263
0,1,71_71,15.77222,65.61029,16.91206,1.30559,5.72756,1.3333,0.05611,13.59582,13.8641,28.196,2.0,6.3447,7.144301999,80.90621023
0,2,67_71,22.0391,57.1759,19.30158,2.11766,5.47512,1.24376,0.05889,9.39915,15.66938,29.99444,2.0,6.08294,7.128780991,80.80985787
0,0,66_61,26.68237,50.45356,22.10106,2.28969,5.21379,1.16725,0.07271,0.819,14.56968,26.48209,2.0,1.06956,6.85605667,80.75754538
0,0,60_64,19.19801,64.53958,15.2693,2.30138,5.13357,1.21697,0.06379,1.82424,13.42472,19.48081,2.0,1.80961,6.943186931,80.59533838
0,4,68_73,20.31473,60.98535,17.47139,1.27041,5.69668,1.325,0.05503,9.15297,13.96345,28.31055,4.0,1.23905,7.184022401,80.82073767
0,1,63_59,24.79879,55.05374,18.90261,2.3646,5.13664,1.20504,0.0644,3.31806,14.0175,25.93457,3.0,2.80902,6.812826565,80.68319336
0,2,64_58,24.42772,55.16009,19.02424,2.27442,5.21802,1.20807,0.06517,3.89686,13.9575,26.39002,2.0,1.41669,6.788007489,80.71000469
0,3,60_66,21.08047,61.18322,16.8162,2.28735,5.21583,1.19664,0.06327,1.47635,14.32932,21.23771,4.0,2.36313,6.994084357,80.61914805
0,2,59_61,21.51546,61.38119,15.7558,2.18609,5.13541,1.24432,0.06197,2.5996,14.11029,21.3869,2.0,1.12566,6.870904238,80.58457324
0,2,69_70,20.01794,59.41866,18.9673,2.04465,5.52821,1.24554,0.05854,11.09779,15.17859,29.77816,2.0,4.51203,7.109611603,80.83979781
0,3,72_69,17.54196,62.16093,17.99881,2.08429,5.56167,1.23793,0.06203,16.69944,15.40863,32.96,3.0,9.62433,7.077634967,80.92291273
0,4,65_70,24.2863,54.02452,20.08314,2.0918,5.36765,1.22569,0.06064,7.13447,14.57866,29.59565,3.0,1.58484,7.107510508,80.73778029
0,0,63_66,25.89169,52.75738,20.70063,2.27514,5.27179,1.17077,0.06755,2.42119,15.42288,27.20143,3.0,3.91065,6.992885309,80.69727659
0,3,61_63,24.43841,56.59807,18.44329,2.20132,5.12894,1.20682,0.06294,0.83242,14.12094,23.81058,1.0,1.36559,6.919656645,80.63235302
0,1,70_68,18.935,59.17779,19.45601,2.13647,5.47946,1.19591,0.0645,17.60239,15.39197,35.16771,2.0,2.84295,7.040775052,80.87336425
0,4,67_65,25.56429,51.14092,21.96073,2.21873,5.32001,1.13901,0.07319,6.25775,15.61332,30.74296,1.0,0.94528,6.967160114,80.79997852
0,3,61_63,23.11343,58.54383,17.67268,2.18442,5.14037,1.22286,0.06255,1.06555,14.11709,22.67996,1.0,1.06175,6.924447112,80.62851551
0,4,65_61,27.35147,50.09843,21.9758,2.27349,5.21232,1.15872,0.07054,0.97955,14.56846,27.31504,2.0,2.67194,6.86922829,80.73464105
0,3,57_59,20.42897,64.90752,13.02939,2.62713,5.00861,1.27166,0.05574,5.20289,12.25298,22.5019,2.0,2.16041,6.813214,80.52187526
0,3,68_62,25.63469,50.74421,22.42751,2.18845,5.27038,1.17116,0.07671,2.69147,14.69287,27.45595,1.0,2.1624,6.877865808,80.81816942
0,1,70_68,17.88643,60.06299,19.35826,2.1348,5.48768,1.19699,0.0646,20.45436,15.39324,36.9458,3.0,4.28369,7.038824556,80.8877549
0,3,63_64,30.5474,46.71407,22.98692,2.26805,5.28208,1.15725,0.06513,0.40121,15.4491,30.40418,1.0,0.20941,6.928610445,80.69871251
0,2,70_67,18.13054,59.21321,19.88167,2.15853,5.45253,1.18504,0.06638,21.28707,15.39593,38.03347,1.0,3.06989,7.018903463,80.87547062
0,2,71_72,14.37048,68.27178,15.73669,0.98732,5.8246,1.38114,0.05561,13.60432,13.4952,26.79655,2.0,3.81884,7.168737514,80.90530982
0,3,67_62,28.36959,47.46501,23.5488,2.17321,5.27637,1.14241,0.07613,1.1776,15.03047,28.9286,1.0,3.00573,6.898796706,80.79753955
0,2,62_58,23.28582,58.20172,16.9982,2.46057,5.17919,1.22742,0.06031,4.44456,13.69142,24.91744,2.0,2.81396,6.787778852,80.65478977
0,1,61_69,24.55912,56.11014,18.415,1.49581,5.42118,1.24959,0.06525,0.4961,13.45535,23.66078,2.0,4.71196,7.064197152,80.62687105
0,1,63_59,24.79879,55.05374,18.90261,2.3646,5.13664,1.20504,0.0644,3.31806,14.0175,25.93457,3.0,2.25212,6.813307586,80.67815422
0,3,60_60,23.04185,59.25548,15.86599,2.2819,5.0971,1.24201,0.06147,4.09149,13.42996,23.09352,2.0,3.70402,6.82070398,80.60570023
0,2,58_62,20.59222,63.27052,14.81676,2.20668,5.0789,1.25152,0.06033,2.89327,13.39956,21.19386,2.0,0.57501,6.898732875,80.56495358
0,0,61_62,23.951,57.54012,17.61042,2.27212,5.12578,1.21258,0.06361,1.84454,14.49268,23.9549,1.0,2.68404,6.896506019,80.62610129
0,2,58_62,20.7097,63.27957,14.60339,2.20709,5.06929,1.2549,0.05992,3.1103,13.39787,21.34613,2.0,2.08889,6.885547299,80.5578286
0,1,56_66,19.34635,65.35863,14.11568,2.14251,5.1555,1.26607,0.06406,1.73279,12.79061,19.62855,1.0,3.25795,6.998124696,80.51121751
0,3,61_68,23.92797,56.85671,18.14993,2.21436,5.29425,1.21252,0.06696,2.10712,14.61025,24.59555,3.0,5.14669,7.040677939,80.62292721
0,2,69_67,20.03966,58.01386,19.73794,2.1496,5.45903,1.19001,0.06512,15.14329,15.3918,33.85586,2.0,0.59059,7.027836065,80.85488734
0,0,68_70,20.42829,58.63983,19.28799,2.0543,5.50573,1.24059,0.05948,11.04698,15.17933,30.07825,2.0,3.33268,7.099884681,80.83390223
0,4,60_62,22.70368,59.68487,16.58651,2.25147,5.07199,1.2311,0.06274,2.05535,14.13058,22.6004,2.0,1.86006,6.894003088,80.60722074
0,4,67_65,25.7031,51.15271,21.88991,2.292,5.26839,1.14247,0.07024,6.77816,15.8484,31.31418,2.0,0.91346,6.978022276,80.79576651
0,3,63_61,27.05643,51.68513,20.79351,2.24422,5.21613,1.1775,0.06562,1.07989,14.55909,26.80212,2.0,4.02306,6.872593566,80.69146837
0,3,64_60,25.96309,52.77342,20.419,2.26126,5.21462,1.17537,0.06747,1.70127,14.55962,26.13797,2.0,1.22883,6.838767755,80.71316892
0,2,55_67,19.99261,64.57443,14.07886,1.55377,5.22066,1.32568,0.06252,3.22086,12.12705,21.75217,2.0,1.63025,7.027902259,80.48245703
0,2,71_72,14.13392,68.45266,15.69603,0.98817,5.81854,1.38001,0.05619,13.97929,13.49549,26.92322,3.0,4.22404,7.162488834,80.91277836
0,4,68_73,17.97347,63.98199,16.74041,1.00988,5.79264,1.37354,0.05409,11.00582,13.24177,27.79823,2.0,1.23531,7.189465774,80.83620551
0,4,65_63,28.90101,47.55399,23.15212,2.25429,5.28223,1.14495,0.07057,1.31718,15.34021,29.47151,2.0,4.95127,6.921761497,80.74522697
0,4,67_60,26.1289,49.84677,23.12329,2.24424,5.23303,1.17243,0.07621,-0.01918,14.09036,25.22615,1.0,3.18396,6.820918823,80.78636211
0,2,62_58,23.67903,57.10041,17.59594,2.25039,5.21984,1.25204,0.06112,4.46377,13.9483,25.44461,2.0,3.92002,6.776352784,80.66472464
0,1,68_65,23.39372,53.67582,21.2793,2.23249,5.3332,1.15542,0.0711,9.21706,15.67962,31.38673,3.0,1.72329,6.968427726,80.83551684
0,0,63_66,26.08961,52.69584,20.6923,2.2829,5.26867,1.16839,0.06739,1.88947,15.42197,26.91881,3.0,4.28396,6.984113261,80.68837537
0,4,65_61,27.35147,50.09843,21.9758,2.27349,5.21232,1.15872,0.07054,0.97955,14.56846,27.31504,2.0,2.54873,6.86882161,80.73668868
0,1,54_63,20.1368,65.53875,12.90094,2.12259,4.95809,1.2955,0.05571,4.61989,11.59506,22.84923,3.0,2.1606,6.903406068,80.45690567
0,3,65_59,25.52536,52.51696,20.8617,2.30668,5.19644,1.17924,0.07053,2.38984,13.96791,26.5611,1.0,2.99005,6.815446824,80.74280037
0,4,65_70,23.8222,54.3185,20.14801,1.53635,5.4248,1.25365,0.05725,8.34165,14.22363,30.24156,2.0,1.98164,7.116876695,80.74396749
0,0,66_61,27.17384,48.8773,23.20649,2.20481,5.2578,1.16555,0.07591,0.63781,14.69062,27.02211,1.0,1.46221,6.869731337,80.78260971
0,1,68_64,26.25116,50.23866,22.35708,2.15769,5.29856,1.12693,0.07539,4.94957,15.00728,30.30112,1.0,1.3399,6.936398515,80.81628518
0,0,66_59,25.64965,51.45107,21.82532,2.23159,5.24412,1.18472,0.07374,1.7282,14.08702,26.18035,2.0,3.83332,6.818825883,80.76516952
0,3,65_59,25.30672,52.31941,21.19799,2.22249,5.2554,1.19362,0.07222,2.45985,14.08463,26.40359,1.0,4.54515,6.802809413,80.7552312
0,3,71_69,18.31291,61.28818,18.26514,2.15775,5.5516,1.23371,0.06066,15.58039,15.72744,32.59526,4.0,7.51048,7.087140694,80.89813614
0,2,55_67,19.71154,65.0257,13.90195,1.5577,5.21593,1.32438,0.06187,3.28848,12.12673,21.51297,2.0,1.04316,7.022961835,80.4789645
0,1,58_60,20.99847,63.10595,14.10555,2.38028,5.08465,1.26844,0.05831,4.82269,12.84199,22.06343,,2.0219,6.827056222,80.54939687
0,0,70_73,15.61252,66.59798,16.21899,0.99071,5.80433,1.37143,0.05566,12.68639,13.50314,27.04774,2.0,4.76183,7.173795842,80.87375701
0,3,65_58,23.82425,54.71538,19.97718,2.24248,5.37715,1.21752,0.06826,4.09468,15.24256,26.26292,2.0,3.49228,6.770593716,80.74841218
0,0,65_60,25.85569,51.96958,21.166,2.31087,5.18644,1.17362,0.07105,2.07176,13.96914,26.64064,2.0,3.17308,6.821086747,80.74728884
0,1,60_68,23.64225,57.37707,17.91385,2.20864,5.29684,1.21554,0.06711,1.92716,14.6083,24.13154,2.0,3.95472,7.037819876,80.61188735
0,2,62_59,24.17798,56.17007,18.19901,2.26115,5.20608,1.21673,0.06274,3.90702,13.9517,25.60954,1.0,2.04225,6.798857535,80.66960316
0,1,68_65,25.07357,51.66764,21.80024,2.21832,5.32033,1.13921,0.07351,6.96997,15.61451,30.93271,1.0,0.82666,6.962810414,80.81795014
0,3,64_60,25.59299,53.31476,20.14444,2.26167,5.21561,1.17873,0.06729,1.93383,14.55841,25.9051,2.0,1.29594,6.833917536,80.70894916
0,2,55_67,20.76083,63.25043,14.5534,1.48169,5.15527,1.31073,0.06073,3.90912,12.29844,23.17018,4.0,1.73213,7.01050157,80.45753365
0,0,61_65,22.87075,58.40583,18.02935,2.22928,5.18964,1.19196,0.06514,1.02072,14.58224,22.60249,2.0,4.26457,6.9673997,80.63054398
0,1,70_69,20.33629,58.31325,19.31201,2.18749,5.48952,1.21463,0.06151,14.33414,16.03778,33.33722,2.0,3.92658,7.07650546,80.8674627
0,0,61_61,24.08506,56.79729,18.15611,2.20804,5.23303,1.2161,0.06083,1.93303,14.54615,23.82812,1.0,0.65272,6.869907888,80.63590544
0,4,69_68,20.70352,57.3457,19.83476,2.2124,5.44673,1.2016,0.06353,14.9228,16.04194,34.28411,1.0,3.07508,7.060707511,80.86048225
0,0,72_70,15.11939,66.20889,16.74877,1.18119,5.71919,1.33078,0.05877,14.79393,13.76648,28.75246,1.0,9.47468,7.114511013,80.94427311
0,3,72_69,17.53543,61.88809,18.18971,2.09583,5.54396,1.23174,0.06293,17.35993,15.41169,33.6005,2.0,9.29233,7.067879311,80.92508278
0,1,70_69,20.33629,58.31325,19.31201,2.18749,5.48952,1.21463,0.06151,14.33414,16.03778,33.33722,2.0,4.07065,7.073810727,80.86945488
0,1,63_63,30.5474,46.71407,22.98692,2.26805,5.28208,1.15725,0.06513,0.40121,15.4491,30.40418,1.0,0.33455,6.928144118,80.69760902
0,3,67_61,26.68704,49.19637,23.29156,2.20981,5.25918,1.16536,0.07684,0.33068,14.69006,26.24286,2.0,1.20085,6.858586518,80.79635963
0,1,70_71,18.03405,62.68843,17.68838,1.48653,5.63516,1.30059,0.05496,12.25289,14.41019,29.06831,2.0,6.88924,7.135043894,80.87466432
0,3,59_64,15.0455,70.65791,13.09573,2.27335,5.14424,1.22515,0.06285,2.00398,13.41722,15.62912,2.0,3.80358,6.9525522,80.57903867
0,4,58_64,15.24074,70.83961,12.61224,2.25327,5.13045,1.23645,0.06239,2.25725,13.40961,15.95565,3.0,2.40667,6.951702319,80.54580074
0,2,66_60,26.42403,50.17666,22.57939,2.20888,5.26194,1.17015,0.07482,0.42549,14.68559,25.83926,4.0,1.94683,6.842460437,80.76591804
0,2,71_68,17.71443,61.28723,18.54085,2.18735,5.51562,1.2201,0.06323,18.12809,15.73324,34.53384,3.0,7.68319,7.057352083,80.91393107
0,0,66_61,27.05619,49.4066,22.82639,2.20457,5.25909,1.15356,0.0747,0.54808,14.6881,26.68396,2.0,2.24388,6.857990292,80.76866276
0,2,72_73,13.23888,69.98606,15.07276,0.98313,5.85414,1.39201,0.05552,13.93641,13.48682,26.05989,2.0,3.09195,7.172743304,80.94375731
0,0,61_62,24.32234,56.5511,18.35894,2.2205,5.20112,1.21184,0.06317,1.23943,14.76952,23.72697,2.0,2.46213,6.893971932,80.6326532
0,2,64_62,27.82201,50.43233,21.44918,2.24739,5.21494,1.17145,0.06644,0.77669,14.56211,27.50355,2.0,4.27099,6.884290608,80.70221541
0,2,60_69,24.43865,56.35093,18.30314,1.4943,5.41889,1.25173,0.06567,0.39294,13.45431,23.45119,3.0,3.82366,7.068048758,80.61247993
0,2,58_62,20.59222,63.27052,14.81676,2.20668,5.0789,1.25152,0.06033,2.89327,13.39956,21.19386,2.0,0.86891,6.894478604,80.56440561
0,4,64_63,29.3094,48.19432,22.55508,2.24084,5.21915,1.16523,0.06689,0.32774,14.56675,28.96624,2.0,3.05877,6.905639165,80.71311175
0,1,57_58,20.25096,64.6669,13.28128,2.3768,5.07704,1.28641,0.05148,6.61899,11.37751,23.69869,1.0,4.70237,6.776631444,80.52329038
0,4,66_67,23.89437,53.67936,21.1749,2.27789,5.28513,1.17362,0.06582,7.33597,15.65472,29.81498,2.0,2.28119,7.021796248,80.77533245
0,4,59_58,22.29678,61.14228,14.548,2.37591,5.15821,1.29041,0.05732,5.10836,12.3003,23.21821,2.0,4.6821,6.768480522,80.58340748
0,2,63_65,27.47915,51.11488,21.30532,2.31382,5.24884,1.15649,0.06763,0.64643,15.42314,27.2563,2.0,1.29298,6.957562097,80.67892487
0,1,68_65,22.92756,54.59123,20.69811,2.2192,5.39065,1.15596,0.07017,10.03608,15.56118,31.66566,1.0,1.34308,6.976137247,80.83048952
0,3,64_59,25.2506,53.82907,19.87639,2.26144,5.21686,1.18864,0.06704,2.17846,14.55717,25.72157,2.0,1.83366,6.819391517,80.707249
0,2,65_69,23.95236,53.63439,20.79597,2.13764,5.31449,1.21478,0.06281,8.18301,15.30792,30.35406,4.0,2.97113,7.073432812,80.7540156
0,2,61_58,22.96382,58.86767,16.55196,2.45685,5.18434,1.25884,0.05918,4.74504,13.68859,24.69438,1.0,2.83094,6.779062686,80.64274178
0,2,65_64,28.08359,49.09323,22.39209,2.22595,5.32525,1.14118,0.07012,1.81693,15.60315,29.03054,4.0,3.79473,6.948073253,80.72919287
0,0,70_73,14.92944,67.66973,15.90751,0.98754,5.82514,1.37957,0.05503,12.99084,13.49707,26.74422,,3.87345,7.180824279,80.89064956
0,2,72_73,13.72519,69.36076,15.32496,0.98348,5.85065,1.39023,0.05502,13.63798,13.48865,26.24334,2.0,1.81082,7.183967115,80.92666419
0,1,62_67,25.05619,54.47916,19.46331,2.20598,5.32721,1.19209,0.0653,3.00746,14.69005,26.61963,3.0,5.68324,7.026884309,80.66902218
0,2,61_66,24.18834,56.27498,18.71008,2.28196,5.2594,1.18193,0.06665,2.06644,14.61923,24.8835,1.0,5.35729,6.997847039,80.64605983
0,1,72_68,16.92782,61.85801,18.66695,2.0518,5.50133,1.23321,0.06474,18.06777,15.52178,33.7236,2.0,6.94924,7.042614289,80.93535956
0,1,68_69,20.54911,58.11116,19.6444,2.07769,5.47065,1.22948,0.06117,11.58126,15.18221,30.76032,3.0,1.18614,7.079910749,80.834107
0,0,66_61,27.37996,49.31493,22.59425,2.28757,5.27037,1.1455,0.07297,0.8628,15.33478,27.24988,3.0,1.46444,6.859217878,80.75951393
0,1,67_67,24.1264,53.27499,21.14973,2.23137,5.30996,1.17208,0.06585,8.37792,15.67732,31.3204,2.0,1.90039,7.018192825,80.78728269
0,2,60_61,23.36608,58.38895,17.03335,2.25652,5.17821,1.22431,0.06148,2.63309,14.24282,23.5128,2.0,1.32308,6.873969328,80.6187061
0,3,71_69,18.05963,61.6916,18.09901,2.15586,5.55999,1.2362,0.06054,15.69951,15.72637,32.47916,4.0,8.25686,7.086194574,80.90545237
0,2,63_65,26.53761,52.12175,20.93809,2.29514,5.25968,1.16278,0.06762,1.55846,15.42298,27.0972,3.0,4.17051,6.978676582,80.6945151
0,1,71_66,19.06714,58.1772,20.30081,2.0844,5.42575,1.18246,0.06966,16.60968,15.66818,34.48188,1.0,1.93732,6.985393184,80.89162773
0,3,71_69,17.79936,61.52478,18.32832,2.17611,5.53329,1.2264,0.06229,17.17769,15.73056,33.68459,2.0,8.06224,7.065485202,80.91375127
0,2,71_68,17.93237,60.30223,19.17605,2.20417,5.47929,1.20761,0.06449,19.7528,15.73828,36.32545,2.0,6.15518,7.053445151,80.90053188
0,1,58_60,20.99847,63.10595,14.10555,2.38028,5.08465,1.26844,0.05831,4.82269,12.84199,22.06343,,2.50212,6.823321407,80.55293115
0,2,62_57,22.55006,59.32033,16.40768,2.41277,5.25423,1.26568,0.05834,5.70119,13.75034,25.483,1.0,3.65949,6.753701388,80.65689652
0,4,65_65,26.82231,50.8929,21.49796,2.32117,5.30731,1.15305,0.06855,3.0274,15.7876,28.76566,2.0,3.99246,6.969973669,80.73068529
0,4,58_61,20.85565,63.07166,14.52194,2.40529,5.07138,1.26048,0.05985,3.98647,13.2516,21.69834,2.0,1.27228,6.85592983,80.55986499
0,2,55_67,19.73267,65.11097,13.77078,1.55641,5.20837,1.30975,0.06186,3.48806,12.12559,21.72582,4.0,0.79188,7.025416256,80.4746888
0,3,66_63,29.99749,45.90256,23.75689,2.22556,5.24616,1.13981,0.0714,1.25977,14.85285,30.667,1.0,4.07135,6.91517058,80.76805519
0,0,62_61,25.8766,53.86618,19.61756,2.226,5.22356,1.19218,0.06307,1.40624,14.55278,25.57247,2.0,1.30526,6.873935852,80.66013294
0,0,69_65,22.49765,55.01713,20.60065,2.14008,5.45143,1.15729,0.0727,9.57265,15.32441,30.84089,2.0,2.11736,6.962392511,80.83758546
0,3,65_66,26.36034,51.31507,21.36645,2.31195,5.31187,1.1568,0.06865,3.78315,15.78841,28.98453,2.0,3.54642,6.985881825,80.73844701
0,0,59_67,20.64337,62.77977,15.62666,2.17958,5.24213,1.21575,0.06153,0.42963,13.35218,19.7544,2.0,0.43528,7.014767559,80.5864324
0,3,67_61,27.17384,48.8773,23.20649,2.20481,5.2578,1.16555,0.07591,0.63781,14.69062,27.02211,1.0,1.0583,6.871510631,80.78648939
0,1,68_67,20.97178,57.16527,19.87242,2.1505,5.45501,1.19012,0.06478,12.84912,15.38994,32.50625,1.0,2.32827,7.034176115,80.82934415
0,2,61_58,23.11811,58.60891,16.6904,2.45732,5.17995,1.24204,0.05968,4.50768,13.68952,24.5823,2.0,2.51564,6.785021944,80.6418626
0,2,65_64,29.08532,47.73343,22.7893,2.2876,5.2673,1.15357,0.06831,1.81625,15.45439,30.11076,1.0,3.69533,6.92868918,80.73341565
0,2,63_58,24.03292,56.12061,18.34116,2.26196,5.22325,1.2417,0.06309,4.31583,13.95317,26.12762,2.0,0.68119,6.780802503,80.69388994
0,4,65_65,27.75026,49.51013,22.10976,2.3504,5.28426,1.14374,0.07013,2.44435,15.79072,29.23786,2.0,3.30782,6.956749466,80.73842319
0,3,66_63,29.31049,47.00554,23.21932,2.29648,5.26083,1.14371,0.06976,1.8992,15.45695,30.4825,1.0,3.58254,6.924854729,80.75955672
0,4,62_65,26.39335,52.78386,20.47168,2.33812,5.21698,1.1587,0.06841,1.11978,15.35042,26.48638,3.0,1.75699,6.965888301,80.67011675
0,0,61_60,24.31064,56.70487,17.66997,2.30306,5.09646,1.21916,0.06356,3.46488,13.44048,25.05777,2.0,2.30315,6.828769418,80.64410959
0,1,65_62,28.69579,48.06644,22.86482,2.26146,5.27853,1.14707,0.07035,0.97386,15.33706,28.83597,1.0,5.40694,6.898282113,80.74227108
0,1,63_63,30.13979,47.36147,22.81959,2.23569,5.21928,1.16809,0.06588,-0.18855,14.56493,29.40746,1.0,2.27092,6.909493699,80.69888807
0,3,63_64,29.58379,48.68611,21.9157,2.32644,5.19503,1.17349,0.06157,0.52855,15.30322,29.51112,1.0,1.98363,6.93692536,80.68344043
0,1,68_68,20.75477,57.39598,20.13863,2.11488,5.42139,1.2119,0.06366,12.08331,15.18663,31.57223,1.0,1.55843,7.053017678,80.82991867
0,2,69_70,19.9362,59.32092,19.06709,2.08296,5.52194,1.24211,0.05955,11.55314,15.70192,30.22855,2.0,5.05421,7.105062411,80.85935083
0,0,65_60,25.79927,52.31764,20.86609,2.30553,5.18514,1.17731,0.07003,2.2983,13.96734,26.71627,1.0,2.56082,6.825083927,80.74264142
0,1,72_71,15.27241,66.12372,16.73498,1.17703,5.72857,1.33246,0.05826,14.53834,13.7658,28.64354,2.0,8.68592,7.121932316,80.93867783
0,3,71_70,17.41329,62.49891,18.30634,2.12431,5.53404,1.25437,0.06021,14.63317,15.22107,30.87946,2.0,8.1181,7.098342102,80.89961303
0,1,71_71,16.06807,65.18711,17.04767,1.30687,5.72113,1.33082,0.05618,13.44198,13.86586,28.31585,1.0,7.04455,7.139795689,80.89914897
0,2,70_67,18.94257,58.68364,19.83526,2.15972,5.44997,1.18484,0.06626,18.64302,15.39502,36.24318,2.0,2.20922,7.025828006,80.86955595
0,0,61_61,24.29083,56.40937,18.21192,2.21883,5.22684,1.21441,0.06166,2.19389,14.54692,24.09079,2.0,2.51734,6.850201844,80.64124323
0,3,64_65,27.84759,49.75966,21.9133,2.34192,5.29422,1.13728,0.06884,1.88437,15.78758,28.79405,3.0,3.52935,6.957687921,80.71588771
0,0,61_61,24.2438,56.90888,17.65755,2.296,5.08806,1.21938,0.06315,3.21356,13.43827,24.89703,2.0,2.33136,6.850631138,80.63833162
0,2,71_68,17.69523,60.71414,18.98654,2.20145,5.48819,1.2105,0.06436,19.74053,15.73719,36.08893,3.0,6.69719,7.045627165,80.90856815
0,2,58_62,20.06349,64.30195,14.22734,2.19233,5.07153,1.25962,0.05972,3.13055,13.39443,20.88102,2.0,1.85369,6.895799537,80.55376112
0,1,57_58,20.25979,64.65477,13.28832,2.64836,4.99673,1.28511,0.05108,6.43606,11.65714,23.48011,1.0,4.71025,6.788747979,80.52192666
0,4,66_62,28.81134,47.27894,23.34866,2.24694,5.24239,1.14388,0.07322,1.16196,14.85215,29.2589,2.0,3.31794,6.890869853,80.77482988
0,2,73_69,16.68141,63.63454,17.19802,1.924,5.63457,1.26471,0.06323,15.7622,14.71061,31.12868,2.0,9.09109,7.07505661,80.95116758
0,0,58_59,21.78572,61.94733,14.03059,2.40714,5.11624,1.26053,0.05759,5.01059,13.02786,21.51651,1.0,4.89126,6.793074445,80.56436599
0,0,63_70,24.31084,55.19719,19.2534,1.50715,5.36625,1.25342,0.06087,4.83198,13.96722,27.76784,2.0,2.61033,7.092515394,80.70003569
0,4,69_71,18.47695,61.86024,18.01438,1.49379,5.61163,1.29325,0.05566,12.30905,14.41426,29.51221,2.0,6.87002,7.122637803,80.86303471
0,0,61_60,23.74259,57.81389,17.04912,2.29119,5.09163,1.22613,0.06257,3.54311,13.43538,24.32148,1.0,3.31557,6.841432704,80.62088947
0,1,68_67,21.37599,56.7789,19.94522,2.1507,5.45349,1.1903,0.06457,11.91178,15.38899,31.97446,2.0,2.50493,7.029813595,80.82732727
0,0,61_62,24.9052,55.50318,18.86044,2.21088,5.23206,1.20087,0.06146,1.54397,14.54904,24.59989,3.0,0.96195,6.879371637,80.64131839
0,3,64_60,26.15976,52.02441,20.98224,2.27319,5.21389,1.16756,0.06945,1.48148,14.56322,26.30541,3.0,0.9663,6.846134885,80.72784137
0,1,57_62,20.17237,64.45999,13.87486,2.18674,5.05445,1.26084,0.05904,3.44179,13.39053,21.18793,2.0,1.95637,6.889702326,80.52783466
0,1,65_62,28.69579,48.06644,22.86482,2.26146,5.27853,1.14707,0.07035,0.97386,15.33706,28.83597,1.0,5.16338,6.895302664,80.73868142
0,2,55_67,19.99261,64.57443,14.07886,1.55377,5.22066,1.32568,0.06252,3.22086,12.12705,21.75217,2.0,1.39513,7.027143323,80.48040869
0,3,70_66,18.41516,58.78122,20.14454,2.03265,5.42663,1.18968,0.06825,19.45625,15.18581,36.56734,1.0,4.33865,7.005274779,80.88280764
0,4,69_72,19.78981,60.48601,18.35297,1.44869,5.64329,1.29312,0.05474,9.96575,15.04472,28.54408,2.0,3.2854,7.151298893,80.84019826
0,2,69_67,20.18934,57.71293,19.89166,2.16173,5.44532,1.18452,0.06596,15.09613,15.39317,33.99249,2.0,1.17873,7.019342631,80.84979251
0,3,63_64,28.62791,49.1533,22.06552,2.3443,5.2968,1.13736,0.06793,0.88201,15.78515,28.69841,2.0,1.83965,6.946318822,80.69676317
0,4,69_68,19.4395,58.98867,19.31613,2.12533,5.49198,1.20155,0.0635,15.70486,15.38957,33.7682,2.0,1.96767,7.046044824,80.85770071
0,3,64_65,27.28416,50.66552,21.50527,2.32535,5.30906,1.14552,0.06779,2.04097,15.78513,28.32332,2.0,4.29632,6.967022782,80.7117912
0,0,60_67,20.43313,62.33094,16.20936,2.25391,5.22793,1.21188,0.06318,1.37131,14.32318,20.47996,2.0,1.96531,7.010499679,80.59967075
0,0,72_70,16.81124,63.62009,17.20684,1.9625,5.61034,1.28239,0.06175,15.40879,14.52122,30.89767,2.0,11.30851,7.097949784,80.93661142
0,4,57_63,19.4715,65.55036,13.52205,2.16587,5.0594,1.25121,0.05917,3.3717,13.38647,20.68906,2.0,0.99458,6.904919178,80.51725637
0,1,68_67,21.1712,56.8385,20.02554,2.16311,5.44154,1.18443,0.06559,12.66331,15.39127,32.56833,2.0,2.16419,7.018115633,80.83443618
0,4,66_70,23.52437,53.72973,20.73549,2.10655,5.34821,1.22718,0.06106,9.99856,15.30763,31.24725,2.0,3.16637,7.106422696,80.77793466
0,0,59_60,21.33346,62.04383,14.9271,2.19904,5.05604,1.25505,0.06146,3.76823,13.29658,21.52492,2.0,0.52148,6.839448406,80.56973852
0,3,60_58,22.37268,60.20495,15.58634,2.44815,5.18917,1.28066,0.05693,5.1142,13.68228,23.85629,2.0,2.71002,6.765788474,80.61884102
0,4,58_64,18.30019,66.69504,13.65711,2.1678,5.0931,1.26796,0.06013,2.86697,13.39147,19.26811,2.0,3.38437,6.930374465,80.54661534
0,1,68_59,24.2149,52.65482,21.65472,2.18712,5.34549,1.17949,0.07626,3.02733,14.70616,26.1634,2.0,2.23012,6.808238096,80.82677448
0,3,65_58,23.82611,54.85516,19.83409,2.2406,5.37614,1.22071,0.06764,4.13004,15.24172,26.2135,3.0,4.30904,6.770948667,80.7410292
0,3,67_61,26.68704,49.19637,23.29156,2.20981,5.25918,1.16536,0.07684,0.33068,14.69006,26.24286,2.0,0.53842,6.864760144,80.79447002
0,0,69_65,22.49765,55.01713,20.60065,2.14008,5.45143,1.15729,0.0727,9.57265,15.32441,30.84089,1.0,2.70197,6.962159385,80.84316058
0,4,55_64,20.10199,64.65062,13.81913,2.05288,5.07752,1.25457,0.0592,3.23639,12.65786,21.54708,3.0,3.65577,6.93487658,80.463434
0,4,58_64,17.15355,68.0343,13.56157,2.27947,5.12034,1.26646,0.06268,2.25011,13.41432,17.646,2.0,3.93566,6.934605484,80.56167791
0,1,72_66,17.01264,60.78026,19.50923,2.10973,5.45898,1.20516,0.06817,19.26007,15.75774,35.00782,1.0,3.25835,7.009050824,80.92506875
0,0,59_63,20.48227,63.06669,15.31613,2.20574,5.09638,1.24447,0.06115,2.46898,13.40322,21.03932,2.0,2.36368,6.915493325,80.58473567
0,0,55_66,20.27642,64.13594,14.15052,1.49434,5.13776,1.27099,0.0589,3.9931,12.29797,22.68633,,1.39663,6.987057363,80.45951728
0,1,63_68,25.14734,54.18263,19.5866,2.19824,5.33154,1.19394,0.06539,3.39633,14.69102,27.05712,3.0,4.20423,7.041981698,80.67970775
0,1,58_58,21.19671,62.85843,14.01442,2.47132,5.1121,1.26712,0.05565,5.35799,11.79105,22.43731,3.0,4.6138,6.792213342,80.54847897
0,3,70_66,19.52227,57.90249,20.20872,2.04676,5.41348,1.18432,0.0689,16.07144,15.186,34.37735,1.0,4.00531,6.997364126,80.86572498
0,2,63_58,23.92848,56.43058,18.10243,2.25811,5.2219,1.24515,0.06241,4.3674,13.95156,25.93054,2.0,2.3894,6.778107618,80.6784667
0,2,70_67,19.11852,58.39857,19.95528,2.17135,5.43729,1.17993,0.06707,18.36049,15.39625,36.16631,1.0,3.1747,7.013018798,80.87316979
0,4,66_62,29.554,46.28807,23.72092,2.24154,5.24204,1.14372,0.07283,0.97541,14.85283,29.9143,1.0,4.13975,6.900560308,80.77502474
0,1,66_74,22.95646,59.81126,15.81668,1.09582,5.72788,1.33869,0.05369,6.4764,13.38548,28.3506,4.0,2.8098,7.224629465,80.77859569
0,0,61_57,22.26818,60.01541,15.90096,2.40912,5.25301,1.27159,0.05715,5.78117,13.7468,24.93075,2.0,4.04053,6.755132073,80.62971129
0,2,69_73,17.57668,64.44074,16.69604,1.00881,5.79621,1.37583,0.05393,11.5464,13.23984,27.95531,,1.49867,7.188001489,80.84164794
0,2,62_66,25.25858,54.48837,19.48376,2.29679,5.24687,1.17785,0.06691,2.3397,14.62369,26.27405,1.0,5.15384,6.995838378,80.66156389
0,3,70_65,19.94407,57.60097,20.19271,2.07005,5.45705,1.16971,0.06913,14.87984,15.21041,33.65308,1.0,3.8694,6.981924089,80.86707605
0,1,68_65,23.39372,53.67582,21.2793,2.23249,5.3332,1.15542,0.0711,9.21706,15.67962,31.38673,3.0,1.83134,6.968976752,80.8365427
0,0,67_59,25.66061,50.82706,22.46525,2.23685,5.24571,1.18015,0.07535,0.92586,14.08864,25.57995,1.0,2.72305,6.809823934,80.78450047
0,1,56_66,19.00211,65.75516,13.86592,2.0429,5.18123,1.29009,0.0626,3.1092,12.79567,20.55708,2.0,2.15041,6.990797294,80.49689856
0,2,65_69,24.56893,53.77953,20.22975,2.11374,5.34289,1.21738,0.06165,6.56641,14.57912,29.51311,2.0,2.95294,7.083690994,80.7288325
0,0,66_75,26.94769,56.34324,15.27824,1.02906,5.708,1.30445,0.05231,7.31857,12.77564,33.27378,2.0,1.85115,7.24770928,80.76339395
0,1,63_68,25.02092,54.52877,19.39253,2.1936,5.33637,1.19696,0.06519,3.09863,14.68899,26.64695,3.0,4.43576,7.040117207,80.67570308
0,2,56_63,19.8687,64.62615,14.10236,2.07897,5.09897,1.28758,0.05983,2.81421,12.6628,20.75833,1.0,1.14068,6.928346384,80.49405841
0,4,59_59,22.00538,61.46117,14.36266,2.40742,5.11217,1.25541,0.05868,4.57222,13.03088,21.31995,2.0,2.62766,6.813030242,80.57768803
0,0,61_60,24.31064,56.70487,17.66997,2.30306,5.09646,1.21916,0.06356,3.46488,13.44048,25.05777,2.0,2.75135,6.834711568,80.64553297
0,4,60_62,22.30894,59.94604,16.63243,2.19433,5.14172,1.2289,0.06281,2.16853,14.11571,22.12724,2.0,0.70217,6.875600386,80.60684665
0,2,64_58,24.81895,54.15011,19.74963,2.28767,5.21245,1.19637,0.06744,3.39512,13.96198,26.54579,3.0,3.01452,6.792396818,80.72428911
0,2,56_63,20.24782,64.35335,14.04482,2.06433,5.05661,1.27531,0.0581,2.51492,12.63597,20.88299,2.0,0.92487,6.923471046,80.49854517
0,4,66_67,24.53339,53.15903,21.25618,2.28646,5.28581,1.17092,0.06581,5.88564,15.65266,29.09348,2.0,2.16286,7.016108884,80.76136383
0,4,66_69,23.95236,53.63439,20.79597,2.13764,5.31449,1.21478,0.06281,8.18301,15.30792,30.35406,1.0,2.13823,7.082138354,80.75741428
0,1,55_63,20.08281,64.56347,13.92941,2.06682,5.08113,1.24908,0.05929,3.09821,12.65993,21.30338,2.0,1.89793,6.928105334,80.47796885
0,0,58_59,20.9079,63.39043,13.87175,2.46551,5.10358,1.26853,0.05533,5.22308,11.7892,22.38617,3.0,2.55026,6.808849912,80.53991604
0,0,66_59,25.64965,51.45107,21.82532,2.23159,5.24412,1.18472,0.07374,1.7282,14.08702,26.18035,1.0,4.46697,6.812204094,80.7642653
0,1,62_67,24.6044,55.51323,18.95276,2.26619,5.26565,1.18944,0.06669,2.50686,14.61932,25.71329,2.0,6.76862,7.010924247,80.65554311
0,0,61_60,23.86837,57.54023,17.08677,2.29759,5.09997,1.22625,0.06288,3.78302,13.43756,24.53725,1.0,2.68504,6.824285882,80.6362444
0,2,56_60,20.91897,63.78073,13.74148,2.60572,4.99962,1.25922,0.0562,5.45612,12.25016,23.68082,1.0,2.4477,6.837825519,80.51057031
0,2,61_66,22.6517,58.69883,17.87173,2.31367,5.2034,1.18257,0.06396,1.48346,14.33552,22.85175,,3.89341,6.986872388,80.6336131
0,0,55_65,20.11499,64.58495,13.87783,2.03678,5.08879,1.26069,0.05973,3.21461,12.65666,21.63674,2.0,2.51796,6.958899385,80.46143529
0,2,65_64,27.75026,49.51013,22.10976,2.3504,5.28426,1.14374,0.07013,2.44435,15.79072,29.23786,2.0,3.90323,6.951709667,80.73466985
0,1,67_67,23.33944,54.06302,20.93786,2.22215,5.31421,1.17482,0.06571,10.06014,15.67934,32.11715,2.0,3.61454,7.031399724,80.80782116
0,3,64_60,25.64635,53.01444,20.30092,2.29486,5.18335,1.18482,0.06807,2.62667,13.96366,26.69042,1.0,0.86403,6.823144185,80.71624984
0,0,67_75,20.7499,62.11238,16.04521,1.06,5.79737,1.34336,0.05337,6.74886,13.63255,26.53826,3.0,2.5835,7.229536476,80.79128801
0,1,57_58,20.05375,65.04847,13.13582,2.64211,4.99223,1.27479,0.05046,6.60486,11.65517,23.63301,1.0,4.78045,6.786289096,80.51368036
0,0,68_60,26.05676,49.49089,23.46795,2.2439,5.22239,1.16641,0.07799,0.19345,14.09412,25.51952,1.0,3.39554,6.842287422,80.81019744
0,0,67_59,24.8641,51.77712,22.14422,2.20107,5.32878,1.18347,0.07583,1.87178,14.70578,25.65837,1.0,1.20653,6.800301966,80.79688405
0,1,65_71,23.65907,54.8535,19.84867,1.53197,5.44261,1.25634,0.0569,7.83148,14.22338,29.68166,2.0,2.62908,7.123355882,80.74555016
0,1,67_67,23.33944,54.06302,20.93786,2.22215,5.31421,1.17482,0.06571,10.06014,15.67934,32.11715,2.0,3.4575,7.031485217,80.80401047
0,3,65_58,24.08863,54.25708,20.23607,2.25082,5.36371,1.21977,0.06905,3.73355,15.24346,26.20151,1.0,3.57608,6.778769747,80.74886048
0,4,65_70,23.96585,54.68235,19.85273,1.53398,5.43585,1.25553,0.05759,6.91178,14.22067,29.2233,2.0,2.48909,7.113740963,80.73215211
0,3,71_67,16.97676,60.01421,20.00168,2.15746,5.44164,1.20461,0.06585,24.28684,15.84972,39.84424,3.0,5.84645,7.02849445,80.90289789
0,1,67_67,24.39439,52.93116,21.29801,2.24445,5.30008,1.16626,0.06651,8.00359,15.67835,31.29514,2.0,1.18775,7.011258013,80.78770075
0,4,62_65,24.20063,56.17354,18.99143,2.2337,5.18917,1.18707,0.0662,1.18004,14.58743,24.17655,2.0,2.94469,6.971722907,80.65458546
0,1,60_65,19.71003,63.36815,16.013,2.30899,5.20159,1.21169,0.06234,1.35831,14.32853,19.67959,2.0,2.66899,6.965379935,80.60431495
0,4,69_68,19.4395,58.98867,19.31613,2.12533,5.49198,1.20155,0.0635,15.70486,15.38957,33.7682,2.0,2.7333,7.053338585,80.85814857
0,1,72_68,16.89113,62.62784,18.13708,2.02749,5.54527,1.24836,0.06272,16.25704,15.51543,31.91845,3.0,9.24048,7.063796249,80.94350291
0,3,71_73,14.56094,68.31605,15.7019,0.98499,5.842,1.38565,0.05445,13.02781,13.4928,26.4611,,2.38252,7.193596499,80.89940162
0,2,69_73,17.58407,64.17291,16.9272,1.24659,5.78079,1.34233,0.05322,11.75953,13.51853,28.17031,,1.74393,7.182379249,80.84656632
0,1,60_68,23.95614,57.11268,18.02974,1.49748,5.41318,1.2515,0.06569,0.3728,13.45322,22.94017,,3.88073,7.062931747,80.61069477
0,4,58_64,17.15355,68.0343,13.56157,2.27947,5.12034,1.26646,0.06268,2.25011,13.41432,17.646,3.0,4.50167,6.940167988,80.56337941
0,2,69_67,19.61024,58.18623,19.84732,2.1608,5.44756,1.18466,0.06612,16.67046,15.3941,34.967,1.0,0.99647,7.025085765,80.85756027
0,0,56_65,19.84777,64.69874,14.06133,2.03952,5.11286,1.25949,0.06044,2.87166,12.65878,21.05298,2.0,2.41398,6.963712185,80.484546
0,0,65_60,25.93927,51.82728,21.31912,2.2852,5.216,1.16944,0.07133,1.31381,14.56539,26.02233,1.0,1.59145,6.835788926,80.74772505
0,3,59_64,17.35158,67.60645,13.83723,2.2866,5.12427,1.26236,0.06289,2.14948,13.41692,17.7746,2.0,4.15168,6.937987142,80.56830891
0,3,64_67,24.68787,53.7186,20.68452,2.17958,5.28637,1.19809,0.06429,4.7451,15.30615,28.42119,2.0,1.85353,7.036708056,80.72134237
0,0,60_67,21.02215,61.35253,16.6271,2.26074,5.22763,1.20778,0.06348,1.43881,14.32569,21.1389,3.0,2.12126,7.015845024,80.60218096
0,2,63_58,23.74994,56.72782,17.92801,2.25388,5.22945,1.25079,0.06181,4.63705,13.95057,26.01407,2.0,2.47764,6.766839027,80.68185985
0,0,66_61,26.89064,49.11591,23.22636,2.20958,5.25798,1.16576,0.07626,0.28474,14.68954,26.3701,2.0,1.72064,6.865499631,80.78077388
0,1,68_65,25.51297,51.10752,22.02016,2.2302,5.31515,1.13511,0.07404,6.24269,15.61443,30.71197,1.0,1.47115,6.957798088,80.81081667
0,1,68_59,24.4865,52.21976,21.93043,2.19349,5.33865,1.17697,0.07629,2.45647,14.70621,25.8883,1.0,0.70861,6.802378652,80.81408571
0,2,65_69,23.95236,53.63439,20.79597,2.13764,5.31449,1.21478,0.06281,8.18301,15.30792,30.35406,2.0,2.59977,7.077082546,80.75525069
0,3,64_61,26.53783,51.48073,21.24253,2.27216,5.21294,1.16648,0.06956,1.30308,14.56443,26.59012,2.0,0.50986,6.850786686,80.72454564
0,1,57_65,17.89675,67.42727,13.44196,2.18847,5.14257,1.24249,0.06225,1.93114,12.79332,18.16021,2.0,1.03071,6.958621099,80.51645408
0,2,66_64,29.31049,47.00554,23.21932,2.29648,5.26083,1.14371,0.06976,1.8992,15.45695,30.4825,2.0,3.32299,6.930082649,80.75748176
0,2,69_67,20.03966,58.01386,19.73794,2.1496,5.45903,1.19001,0.06512,15.14329,15.3918,33.85586,2.0,0.59469,7.026555994,80.8541342
0,3,65_58,23.82425,54.71538,19.97718,2.24248,5.37715,1.21752,0.06826,4.09468,15.24256,26.26292,1.0,3.45403,6.769644199,80.74875468
0,2,58_62,20.7097,63.27957,14.60339,2.20709,5.06929,1.2549,0.05992,3.1103,13.39787,21.34613,2.0,1.54177,6.88875935,80.56174618
0,1,68_59,24.2053,52.59873,21.66612,2.18746,5.33738,1.17721,0.07682,3.2129,14.70736,26.36231,1.0,2.80236,6.813874384,80.82990379
0,4,65_73,22.93425,57.21753,18.41122,1.51177,5.53771,1.26803,0.05487,5.20963,14.22252,26.72076,1.0,6.06154,7.172993736,80.74653257
0,0,56_64,19.62929,64.93794,14.04435,2.06191,5.11078,1.25114,0.06011,2.77272,12.66135,20.61959,2.0,2.67804,6.942360065,80.48990807
0,2,59_61,21.51546,61.38119,15.7558,2.18609,5.13541,1.24432,0.06197,2.5996,14.11029,21.3869,2.0,1.61714,6.867145636,80.5874997
0,2,69_73,17.92328,63.76805,16.98062,1.24789,5.7784,1.33996,0.05328,11.30765,13.52049,28.03798,2.0,0.91839,7.182684901,80.83873542
0,2,67_71,21.47975,58.12506,18.8149,1.48595,5.53881,1.28072,0.05621,9.44333,14.33615,29.37267,2.0,6.24842,7.12965392,80.80450372
0,0,59_60,21.76396,61.39389,15.03211,2.2067,5.06293,1.25235,0.06178,3.78444,13.29921,21.51905,2.0,0.72659,6.83547312,80.57983974
0,1,68_66,23.42787,53.7905,21.13895,2.24898,5.29226,1.16243,0.06735,10.22389,15.68292,32.49362,2.0,1.9736,7.007772855,80.81025501
0,2,58_62,20.28311,63.8491,14.49927,2.19933,5.07574,1.25573,0.06001,3.01451,13.39695,20.98922,2.0,1.56785,6.896350868,80.55629052
0,2,65_69,24.49373,53.55787,20.4127,2.11665,5.33737,1.21594,0.06164,7.32508,14.5809,30.06295,2.0,2.1469,7.086305887,80.73622298
0,2,56_63,20.68685,63.7606,14.16652,2.0786,5.04585,1.25574,0.05746,2.64995,12.63744,21.28269,2.0,1.75576,6.904711334,80.50628302
0,2,59_61,21.33386,61.81475,15.36473,2.18463,5.12948,1.25195,0.06155,2.85583,14.10776,21.17335,3.0,0.24514,6.858506219,80.57358091
0,2,65_69,23.96527,53.39435,20.84681,2.12482,5.32662,1.22048,0.06228,8.7202,15.3067,30.6611,2.0,1.43501,7.087422009,80.7531967
0,0,61_62,24.32187,56.52981,18.46206,2.21504,5.20418,1.21149,0.06318,1.10714,14.76965,23.7509,2.0,2.76945,6.898606799,80.63303034
0,4,59_59,21.68801,61.97395,14.2761,2.40348,5.10857,1.25892,0.05807,4.74961,13.02836,21.63037,3.0,2.16775,6.817971461,80.56661497
0,1,58_60,20.90426,63.22278,14.16704,2.40944,5.0744,1.26732,0.05895,4.35341,13.24941,21.73771,,1.53508,6.836668131,80.55387109
0,0,67_59,24.4865,52.21976,21.93043,2.19349,5.33865,1.17697,0.07629,2.45647,14.70621,25.8883,1.0,0.41731,6.805240993,80.80871501
0,1,57_58,20.77968,64.36818,13.12222,2.37995,5.08099,1.28283,0.05251,5.55427,11.37969,22.9236,1.0,4.87427,6.786247079,80.52937904
0,0,66_66,26.05529,51.23493,21.53895,2.32059,5.29922,1.15153,0.0702,5.04756,15.79309,29.91969,1.0,0.41506,6.983633768,80.77094098
0,0,61_61,24.08506,56.79729,18.15611,2.20804,5.23303,1.2161,0.06083,1.93303,14.54615,23.82812,1.0,0.50316,6.867765268,80.63396593
0,3,63_61,25.79665,53.6193,19.78384,2.24224,5.21782,1.1848,0.06481,1.71563,14.55503,25.75791,2.0,4.09043,6.855218617,80.67747835
0,0,66_66,26.20026,51.19955,21.50544,2.31801,5.30299,1.1531,0.0697,4.58771,15.79154,29.61359,2.0,1.26612,6.987329969,80.76119676
0,3,57_66,18.66154,66.39464,13.73564,2.15857,5.14738,1.26177,0.06315,1.87638,12.7909,19.01501,1.0,2.09938,6.987122463,80.51179297
0,0,58_59,21.0938,63.01401,14.03002,2.38331,5.08868,1.26975,0.05803,4.95381,12.84192,22.08408,3.0,2.088,6.818431356,80.54609905
0,4,65_65,27.70698,49.38393,22.21099,2.35425,5.27984,1.14173,0.07076,2.72781,15.79226,29.47746,1.0,2.12391,6.95594516,80.75071831
0,4,62_68,24.5794,55.19591,19.24444,2.07847,5.30438,1.20901,0.06761,2.33169,14.58136,25.90984,1.0,2.67499,7.055969905,80.66721835
0,0,61_61,24.2438,56.90888,17.65755,2.296,5.08806,1.21938,0.06315,3.21356,13.43827,24.89703,2.0,1.6224,6.855353833,80.63086543
0,1,57_62,20.17237,64.45999,13.87486,2.18674,5.05445,1.26084,0.05904,3.44179,13.39053,21.18793,4.0,1.73292,6.88769224,80.5280605
0,1,68_65,25.07357,51.66764,21.80024,2.21832,5.32033,1.13921,0.07351,6.96997,15.61451,30.93271,1.0,1.07393,6.960480036,80.81807792
0,0,66_75,26.55759,55.99815,15.7946,1.17574,5.63279,1.30392,0.05287,6.65672,13.69155,32.15155,,2.35963,7.252503897,80.75776733
0,4,66_67,24.53339,53.15903,21.25618,2.28646,5.28581,1.17092,0.06581,5.88564,15.65266,29.09348,2.0,2.16403,7.010755834,80.75662264
0,2,59_61,21.33386,61.81475,15.36473,2.18463,5.12948,1.25195,0.06155,2.85583,14.10776,21.17335,3.0,0.11673,6.861370632,80.57377571
0,0,56_64,19.62929,64.93794,14.04435,2.06191,5.11078,1.25114,0.06011,2.77272,12.66135,20.61959,3.0,3.09435,6.946213671,80.49159636
0,0,64_72,23.53465,56.18248,18.87655,1.51538,5.51006,1.26707,0.05668,4.71898,14.21836,26.81529,2.0,2.5204,7.149452461,80.72340442
0,0,63_60,24.76595,55.11141,18.98267,2.24463,5.21881,1.19415,0.06444,2.46495,14.55185,25.12148,2.0,2.57464,6.820334349,80.67990465
0,3,61_63,25.29629,55.05569,19.12644,2.22218,5.20088,1.19695,0.06374,0.85221,14.77222,24.63186,1.0,2.69239,6.902022139,80.63960891
0,3,57_64,17.97389,67.47136,13.22519,2.24715,5.09699,1.23908,0.06233,2.5826,13.40444,18.77691,2.0,0.91604,6.941872935,80.52160534
0,4,69_72,19.78981,60.48601,18.35297,1.44869,5.64329,1.29312,0.05474,9.96575,15.04472,28.54408,2.0,2.62842,7.156857687,80.83807042
0,2,66_60,26.39808,49.8037,22.93771,2.24491,5.22159,1.17052,0.07577,0.38369,14.09082,25.8427,2.0,3.45816,6.829739359,80.77383468
0,1,67_67,23.85615,53.50291,21.11535,2.2332,5.30691,1.1706,0.06613,9.04595,15.67885,31.70338,2.0,1.95517,7.019767215,80.79262093
0,0,60_57,22.22053,60.56878,15.30424,2.44559,5.18915,1.28398,0.05638,5.15511,13.6805,23.51057,3.0,3.15683,6.764171251,80.6081692
0,0,66_59,24.58539,52.72267,21.40829,2.19216,5.33988,1.19208,0.07382,2.79441,14.70329,26.08869,1.0,3.2109,6.798856757,80.77676902
0,3,57_59,20.75447,64.37431,13.14439,2.46376,5.10111,1.28154,0.05451,5.38469,11.78756,22.70112,2.0,4.0096,6.794028098,80.5306504
0,0,59_63,20.35393,62.89574,15.7426,2.21836,5.11829,1.24065,0.0653,1.62392,13.67143,20.21,2.0,1.47417,6.926220675,80.59221999
0,3,59_64,17.35158,67.60645,13.83723,2.2866,5.12427,1.26236,0.06289,2.14948,13.41692,17.7746,3.0,4.28275,6.938715058,80.56725688
0,3,66_63,29.74675,45.71689,24.17025,2.14988,5.28554,1.14571,0.07472,1.10355,15.03181,30.37457,2.0,2.8605,6.924220248,80.78213691
0,0,62_60,24.54941,55.60054,18.6596,2.23913,5.21995,1.19813,0.06365,2.55621,14.55003,24.83306,3.0,2.08697,6.825113933,80.67230071
0,0,66_75,26.94769,56.34324,15.27824,1.02906,5.708,1.30445,0.05231,7.31857,12.77564,33.27378,3.0,1.23239,7.24689362,80.769282
0,0,67_59,25.61656,50.62388,22.70676,2.23743,5.24803,1.1766,0.07596,0.63151,14.08923,25.31777,1.0,2.47436,6.816667162,80.79117149
0,3,59_64,17.94894,66.61739,14.29096,2.29441,5.12627,1.25764,0.06319,2.04521,13.41974,18.29299,2.0,3.49517,6.941385244,80.57551556
0,0,59_60,21.6308,61.50778,15.18799,2.20461,5.05972,1.25115,0.06189,3.65465,13.29903,21.66743,2.0,0.51583,6.839565418,80.57674882
0,0,60_64,20.7807,62.12273,16.18024,2.21653,5.12416,1.20692,0.06559,1.49464,13.6737,20.66762,1.0,0.95424,6.937840954,80.60859349
0,4,60_59,23.02163,59.41199,15.49052,2.2823,5.10398,1.24459,0.06119,4.38482,13.4297,22.75647,3.0,1.90834,6.80298572,80.60803658
0,1,57_62,20.47202,64.05925,13.93963,2.19391,5.0489,1.26022,0.05889,3.53523,13.3914,21.4395,2.0,0.7151,6.877697152,80.53399
0,3,67_62,27.07044,48.94204,23.11675,2.19168,5.26226,1.16709,0.07603,1.81411,14.69358,28.13273,1.0,2.21243,6.891700886,80.79951094
0,1,68_67,23.19649,54.10439,21.00541,2.23635,5.30176,1.16785,0.06665,10.57071,15.68193,32.54519,2.0,3.6058,7.024630965,80.816911
0,1,70_71,17.79369,62.80352,17.74258,1.49098,5.62296,1.29777,0.05559,12.88507,14.4111,29.46874,2.0,7.98111,7.128515736,80.88211364
0,0,70_73,15.57557,66.83942,16.1185,0.98927,5.81641,1.37464,0.05504,12.42585,13.50112,26.79443,2.0,4.72496,7.184483267,80.87352748
0,0,66_59,25.65883,51.14043,22.14063,2.23462,5.24454,1.1822,0.07457,1.34548,14.08788,25.90337,1.0,4.12156,6.815336056,80.77305766
0,1,68_64,24.93218,51.77291,21.79667,2.22895,5.3165,1.13585,0.07431,6.98302,15.61552,30.82906,3.0,2.03147,6.952125941,80.82424696
0,0,61_65,20.93502,61.49475,16.74511,2.31763,5.19747,1.18493,0.06285,1.30816,14.33141,20.87691,2.0,3.55563,6.965009061,80.62008832
0,1,68_69,21.23809,57.32239,19.75404,2.06267,5.47999,1.23651,0.0604,10.51138,15.17907,30.22499,3.0,1.63712,7.083287315,80.81346448
0,4,65_63,29.14389,47.02765,23.43438,2.265,5.27548,1.14158,0.07164,0.99449,15.34042,29.43865,1.0,5.48762,6.90878417,80.75234051
0,3,67_62,27.43186,48.4866,23.25795,2.18616,5.26298,1.16768,0.07567,2.0051,14.69461,28.72235,2.0,2.50776,6.89435607,80.80044818
0,4,55_64,19.88995,64.70162,14.00116,2.06447,5.0959,1.25009,0.05971,2.93933,12.66064,20.99331,2.0,2.66451,6.94020232,80.48211273
0,4,61_64,22.79537,58.77642,17.77783,2.25256,5.17264,1.21599,0.06467,0.748,14.58192,22.08835,1.0,1.72791,6.934474036,80.62589209
0,3,72_69,17.38425,62.51622,17.80779,2.08186,5.5714,1.24167,0.06186,16.46754,15.40673,32.58791,3.0,10.33824,7.074259874,80.93243008
0,2,59_61,21.37393,62.19217,15.00335,2.23568,5.05684,1.24992,0.06108,2.85649,14.12033,21.45265,2.0,0.24576,6.871577718,80.56843376
0,1,63_63,31.00499,46.42101,23.15548,2.29578,5.23716,1.16038,0.06379,-0.55621,15.16809,30.12281,1.0,0.91084,6.924555654,80.6938146
0,2,55_62,20.67973,64.03128,13.81499,2.10471,4.98246,1.28821,0.05575,4.11877,11.99567,22.78229,1.0,2.77591,6.900996265,80.47375874
0,2,71_72,15.01318,67.20124,16.10577,0.99077,5.80057,1.37265,0.05625,13.4965,13.50142,27.26128,2.0,5.3103,7.160009116,80.89338096
0,1,57_65,17.16633,68.29079,13.31958,2.18432,5.15852,1.24366,0.0624,1.80712,12.79421,17.41249,3.0,0.98283,6.964227236,80.53502952
0,3,54_64,20.18436,64.80878,13.56217,2.04171,5.05881,1.2589,0.05864,3.54433,12.6551,21.99965,1.0,4.7302,6.934121574,80.44498747
0,4,67_66,24.08013,53.0777,21.35916,2.26062,5.28529,1.15809,0.06778,8.98147,15.68237,31.99037,2.0,1.34916,7.003711944,80.80542244
0,3,66_63,31.32855,43.84139,24.69293,2.22925,5.24358,1.14467,0.07204,0.30931,14.85401,31.26253,1.0,3.27546,6.92048099,80.77754701
0,2,61_58,22.94767,59.02113,16.36856,2.45413,5.1808,1.24558,0.05908,4.56736,13.68762,24.20687,1.0,2.07059,6.789958826,80.63844986
0,2,69_66,22.12114,55.23886,20.72195,2.13551,5.38152,1.16627,0.06891,12.25272,15.38197,33.25744,2.0,3.14333,6.991675487,80.83840508
0,1,60_65,20.93502,61.49475,16.74511,2.31763,5.19747,1.18493,0.06285,1.30816,14.33141,20.87691,2.0,3.44963,6.965264992,80.61893348
0,2,69_67,20.03966,58.01386,19.73794,2.1496,5.45903,1.19001,0.06512,15.14329,15.3918,33.85586,2.0,0.54668,7.02711516,80.85401843
0,0,56_65,18.66154,66.39464,13.73564,2.15857,5.14738,1.26177,0.06315,1.87638,12.7909,19.01501,,1.59162,6.979290223,80.50899767
0,4,68_73,19.15443,62.15682,17.43161,1.26021,5.73742,1.33668,0.05399,10.1705,13.82006,28.16651,2.0,0.64381,7.185383667,80.83114283
0,3,61_63,23.79791,57.7951,17.71883,2.25323,5.08011,1.22059,0.0637,1.47327,14.1359,23.63777,3.0,1.23804,6.908820909,80.6206114
0,4,59_59,22.00538,61.46117,14.36266,2.40742,5.11217,1.25541,0.05868,4.57222,13.03088,21.31995,2.0,2.31785,6.815850478,80.57751306
0,3,67_62,27.68449,48.21419,23.37586,2.19408,5.25954,1.16591,0.07568,1.27952,14.69319,28.25651,2.0,1.91048,6.887755495,80.79323462
0,4,57_63,19.45738,65.4211,13.68519,2.17174,5.06651,1.2714,0.05938,3.26349,13.38873,20.5549,4.0,1.02691,6.907089107,80.53495535
0,0,66_75,22.95646,59.81126,15.81668,1.09582,5.72788,1.33869,0.05369,6.4764,13.38548,28.3506,2.0,1.95508,7.232474292,80.77766691
0,0,63_60,25.63784,53.65303,19.82198,2.24941,5.21655,1.18348,0.06562,1.87958,14.5559,25.76311,1.0,3.44482,6.843376444,80.68954377
0,0,62_60,24.82338,55.35276,18.78252,2.23195,5.22158,1.20712,0.06313,2.17841,14.5501,24.80217,2.0,3.37777,6.84249806,80.66589966
0,4,55_64,19.81183,64.77433,14.01731,2.04779,5.10731,1.25649,0.06014,2.89845,12.65934,20.99309,2.0,3.15442,6.955200341,80.48410684
0,2,72_73,13.15354,70.24828,14.95639,0.98122,5.86664,1.39589,0.05499,13.75424,13.48433,25.81555,3.0,2.13135,7.182634999,80.94162627
0,2,65_64,27.79836,49.63422,22.01079,2.34627,5.28905,1.14593,0.06949,2.16371,15.78917,29.01198,2.0,4.01383,6.955585714,80.73207465
0,4,69_71,18.47695,61.86024,18.01438,1.49379,5.61163,1.29325,0.05566,12.30905,14.41426,29.51221,2.0,6.64445,7.127572752,80.86118946
0,0,56_64,19.82771,64.77291,13.99793,2.05611,5.10164,1.25335,0.0599,2.92068,12.65997,20.97466,3.0,2.72302,6.94181483,80.48491998
0,3,54_64,20.16832,64.66626,13.73027,2.03932,5.07381,1.2598,0.05919,3.38627,12.65588,21.83862,2.0,4.36368,6.944096761,80.45361267
0,0,55_65,20.26965,64.30064,14.01089,2.02081,5.10001,1.26636,0.06045,3.17413,12.65566,21.83184,2.0,0.59731,6.974688612,80.46901683
0,2,60_61,23.39013,58.38576,16.94939,2.28291,5.08386,1.23099,0.06207,3.38614,13.43267,24.09431,2.0,2.19248,6.861658681,80.61200263
0,2,69_67,20.52753,57.57856,19.80143,2.15013,5.45687,1.19002,0.06496,13.91472,15.39088,33.12336,2.0,1.2536,7.034124762,80.8394307
0,1,67_67,23.54609,53.78101,21.06616,2.23486,5.3042,1.16919,0.0664,9.77249,15.68039,32.1076,2.0,3.10286,7.02621815,80.80767187
0,2,54_65,20.35617,64.46044,13.7366,2.01837,5.07602,1.26762,0.05964,3.54517,12.65352,22.2845,3.0,2.65459,6.969127576,80.44858042
0,0,57_60,20.67799,63.94312,13.72723,2.61089,5.00085,1.25515,0.05718,4.74471,13.32058,22.31593,3.0,1.35902,6.842490334,80.53278654
0,2,66_60,26.473,49.73177,22.99648,2.21334,5.26044,1.16728,0.0758,-0.06427,14.68644,25.50306,2.0,2.6295,6.842718502,80.77264894
0,3,66_58,23.97854,54.00631,20.57475,2.17372,5.36841,1.21688,0.07158,3.92302,14.70015,26.41773,1.0,1.50427,6.774505381,80.7671594
0,2,62_58,23.83977,56.84576,17.74434,2.25374,5.21288,1.22421,0.06162,4.21853,13.94913,25.36629,1.0,2.64833,6.789613434,80.66271196
0,0,60_64,21.82103,60.51346,16.85585,2.22491,5.1219,1.19238,0.06603,1.34248,13.67719,21.61855,1.0,1.81327,6.937694672,80.61950064
0,4,65_72,23.15658,56.72533,18.66763,1.5141,5.52295,1.267,0.05562,5.1898,14.22124,26.88431,1.0,5.09748,7.166458177,80.74066159
0,1,63_59,24.46321,55.41686,18.75084,2.27004,5.20718,1.20985,0.06419,3.76117,13.9552,26.07023,1.0,1.96252,6.795532022,80.69140983
0,2,73_72,13.39433,69.44552,15.33503,0.98709,5.82751,1.38414,0.05665,14.38362,13.49183,26.61694,3.0,5.66542,7.148800849,80.9481438
0,1,68_65,23.77591,53.22506,21.42479,2.24357,5.32898,1.13682,0.07179,8.39515,15.67951,31.00017,3.0,2.2972,6.956276675,80.83560807
0,0,63_62,27.82201,50.43233,21.44918,2.24739,5.21494,1.17145,0.06644,0.77669,14.56211,27.50355,2.0,4.47994,6.883185693,80.69674833
0,2,59_62,21.08894,62.55677,14.98783,2.22929,5.06178,1.25017,0.06116,2.7483,14.11975,21.27101,2.0,1.43325,6.884058855,80.56768332
0,0,68_60,25.94165,49.54301,23.53042,2.2429,5.23252,1.16899,0.07783,-0.17476,14.09295,25.04312,1.0,3.67259,6.833899369,80.81545841
0,2,55_67,20.69067,63.25922,14.63568,1.48291,5.16411,1.30942,0.06081,3.7091,12.29939,22.89814,4.0,0.49983,7.015621585,80.46887661
0,3,64_61,26.87993,51.24534,21.24998,2.26444,5.21282,1.16782,0.06856,1.21355,14.56376,26.86137,,1.19768,6.860399622,80.72302756
0,1,66_68,24.05891,53.73086,20.84968,2.16382,5.29135,1.20307,0.06387,7.40976,15.3104,30.02828,2.0,5.0282,7.055831701,80.76081589
0,4,62_62,26.34684,53.22498,19.95235,2.22316,5.2248,1.19039,0.06297,1.11186,14.55363,25.93567,3.0,1.52885,6.884603591,80.66304474
0,4,69_68,20.70352,57.3457,19.83476,2.2124,5.44673,1.2016,0.06353,14.9228,16.04194,34.28411,2.0,3.08707,7.057707787,80.85975531
0,4,65_65,27.13216,49.97375,22.01589,2.34451,5.28454,1.14137,0.07078,3.58337,15.79304,29.68754,1.0,1.48799,6.96154374,80.75421403
0,3,64_60,25.45198,53.72686,19.85252,2.25585,5.21623,1.18269,0.06637,2.03297,14.55661,25.7474,2.0,2.02363,6.832325693,80.70183916
0,0,61_62,23.951,57.54012,17.61042,2.27212,5.12578,1.21258,0.06361,1.84454,14.49268,23.9549,2.0,2.62854,6.897275988,80.62697939
0,0,60_64,21.82103,60.51346,16.85585,2.22491,5.1219,1.19238,0.06603,1.34248,13.67719,21.61855,1.0,1.85768,6.939672603,80.61875287
0,2,63_57,23.05848,57.35611,17.99872,2.27842,5.26141,1.23882,0.06161,4.4635,14.30698,25.41455,2.0,2.37278,6.758542379,80.69998797
0,0,67_74,20.66819,61.75211,16.37514,1.06046,5.78762,1.34178,0.05385,7.25034,13.63329,26.84887,4.0,3.68482,7.21834305,80.79041619
0,0,61_62,24.9052,55.50318,18.86044,2.21088,5.23206,1.20087,0.06146,1.54397,14.54904,24.59989,2.0,1.08895,6.876177201,80.64091927
0,2,56_60,20.65846,64.19922,13.52328,2.42398,4.96658,1.26389,0.052,5.58774,11.99712,23.64486,3.0,4.3281,6.823393851,80.49284194
0,2,61_58,22.5221,59.84136,15.87051,2.45076,5.18901,1.26989,0.05748,5.07268,13.68406,24.20092,1.0,2.10219,6.771349747,80.6214659
0,2,65_69,24.66517,53.62088,20.35505,2.12673,5.32931,1.21208,0.06209,6.52976,14.58031,29.64149,2.0,2.86989,7.082520064,80.73079626
0,1,67_67,23.85615,53.50291,21.11535,2.2332,5.30691,1.1706,0.06613,9.04595,15.67885,31.70338,2.0,1.87662,7.01906729,80.79365132
0,0,67_64,27.66862,48.59351,22.90384,2.2432,5.30847,1.12996,0.07352,3.48018,15.61095,30.31234,2.0,0.88917,6.947899493,80.78776762
0,1,60_63,21.41122,61.5727,15.98941,2.22945,5.0841,1.23791,0.06248,2.05617,14.12648,21.55467,3.0,2.43631,6.908334552,80.60093936
0,4,65_72,23.06815,56.78013,18.69754,1.51566,5.51831,1.26583,0.0553,5.7516,14.22265,27.34209,1.0,4.96512,7.162423729,80.74394142
0,0,66_66,25.43598,51.76109,21.54505,2.26122,5.29153,1.15599,0.0682,6.72541,15.84406,30.87529,2.0,1.2763,6.988946567,80.77729792
0,2,62_58,23.67903,57.10041,17.59594,2.25039,5.21984,1.25204,0.06112,4.46377,13.9483,25.44461,1.0,3.72295,6.774215482,80.66682029
0,3,70_66,18.26717,59.03696,20.02216,2.03962,5.42137,1.18954,0.06893,18.95098,15.18614,35.9423,2.0,2.46159,6.989104013,80.88856404
0,1,63_63,30.69577,47.30192,22.63549,2.29027,5.2369,1.16839,0.06223,-0.84787,15.16308,29.42318,1.0,2.12422,6.917077602,80.67422345
0,1,72_71,15.11939,66.20889,16.74877,1.18119,5.71919,1.33078,0.05877,14.79393,13.76648,28.75246,2.0,9.03218,7.118744402,80.94168837
0,3,71_73,14.61859,68.08608,15.78157,0.98659,5.83057,1.38214,0.05503,13.21053,13.495,26.66755,,3.22471,7.185674494,80.89456722
0,4,62_65,25.38687,54.28104,19.81686,2.32046,5.23025,1.16811,0.06805,1.3568,15.34732,25.62009,4.0,2.60514,6.973187108,80.66582884
0,4,67_60,26.07837,49.26952,23.76161,2.24454,5.23816,1.17247,0.07736,-0.90061,14.09148,24.46713,1.0,2.85048,6.827202272,80.80472003
0,3,72_67,16.8371,61.34152,19.09455,2.06676,5.47377,1.22259,0.06591,20.07616,15.52609,35.59878,4.0,5.87839,7.033075258,80.92701438
0,0,67_64,26.06553,50.48616,22.22519,2.23094,5.31431,1.13463,0.07373,5.53127,15.6133,30.59453,1.0,0.24756,6.951136066,80.80115317
0,1,66_65,27.2113,49.36278,22.53472,2.22925,5.3159,1.13526,0.07251,3.82686,15.60966,30.10894,2.0,0.71147,6.955967699,80.77759344
0,2,64_57,23.12863,57.10828,18.19389,2.28122,5.2636,1.23595,0.06229,4.44246,14.30832,25.57464,1.0,2.44806,6.760741767,80.71092335
0,3,64_69,24.83978,54.10171,19.92893,2.1169,5.34313,1.21749,0.06212,4.82191,14.57467,28.35735,2.0,2.46443,7.074186531,80.70153677
0,4,67_73,21.72487,59.44564,17.40407,1.34666,5.69788,1.3098,0.05435,6.86555,13.88259,27.29808,1.0,5.50213,7.194241953,80.78342752
0,1,56_67,19.62916,64.91001,14.14933,1.56044,5.23111,1.32033,0.06184,2.91287,12.12906,21.07783,1.0,3.29222,7.021148471,80.50230124
0,0,55_65,20.20901,64.57831,13.77855,2.03141,5.07949,1.26276,0.0595,3.37971,12.65533,21.91496,2.0,2.80276,6.956832454,80.45971276
0,1,58_60,21.0251,62.88512,14.45185,2.40994,5.07485,1.26292,0.05966,4.10604,13.25179,21.71865,,1.16825,6.840653702,80.55492793
0,3,66_58,23.97854,54.00631,20.57475,2.17372,5.36841,1.21688,0.07158,3.92302,14.70015,26.41773,1.0,2.01533,6.775564305,80.76263848
0,4,67_70,22.53132,55.78422,19.81817,1.49265,5.49282,1.27539,0.05778,9.97567,14.33553,30.52788,3.0,3.74388,7.10507778,80.78350984
0,3,65_58,24.54761,54.61833,19.4761,2.28236,5.22197,1.20008,0.06675,3.73482,13.9607,26.56594,1.0,3.3906,6.789345187,80.72921504
0,0,65_60,25.73108,52.66224,20.58053,2.30019,5.18411,1.18105,0.06903,2.4787,13.96551,26.73067,2.0,1.67592,6.820165329,80.73153713
0,4,60_59,22.57508,60.09766,15.30142,2.44447,5.18003,1.2471,0.05784,4.50507,13.68269,22.464,2.0,1.69936,6.798481325,80.60671821
0,0,59_63,18.59388,65.98182,14.16425,2.18133,5.1017,1.26001,0.06059,2.63921,13.39654,19.38733,3.0,2.67754,6.924130705,80.57200077
0,1,57_62,20.17237,64.45999,13.87486,2.18674,5.05445,1.26084,0.05904,3.44179,13.39053,21.18793,4.0,1.64053,6.894236329,80.5312247
0,0,61_62,23.951,57.54012,17.61042,2.27212,5.12578,1.21258,0.06361,1.84454,14.49268,23.9549,3.0,2.72534,6.894274367,80.62573482
0,0,60_64,21.82103,60.51346,16.85585,2.22491,5.1219,1.19238,0.06603,1.34248,13.67719,21.61855,1.0,1.25156,6.939662778,80.61089217
0,1,68_65,22.92756,54.59123,20.69811,2.2192,5.39065,1.15596,0.07017,10.03608,15.56118,31.66566,1.0,1.75753,6.972254399,80.83574559
0,4,67_70,21.59369,57.70157,19.06381,1.49034,5.52158,1.27731,0.05678,9.828,14.33682,29.8141,2.0,5.58868,7.116889171,80.80112213
0,0,65_60,25.79804,52.56084,20.71558,2.2734,5.21524,1.177,0.06925,1.68986,14.56194,26.07144,2.0,1.18578,6.833641345,80.73009114
0,1,71_71,15.65482,65.41071,17.08869,1.31408,5.70181,1.32627,0.05739,14.35158,13.86723,28.81692,3.0,8.17918,7.126290409,80.91385216
0,3,62_63,30.69577,47.30192,22.63549,2.29027,5.2369,1.16839,0.06223,-0.84787,15.16308,29.42318,1.0,1.7547,6.919841841,80.67219901
0,0,66_66,25.65367,51.75705,21.31914,2.3073,5.30875,1.15743,0.06967,5.5127,15.79234,29.91033,1.0,1.44836,6.993528851,80.76246459
0,1,73_68,16.89113,62.62784,18.13708,2.02749,5.54527,1.24836,0.06272,16.25704,15.51543,31.91845,3.0,8.50457,7.058146866,80.94835943
0,4,62_62,26.34684,53.22498,19.95235,2.22316,5.2248,1.19039,0.06297,1.11186,14.55363,25.93567,1.0,1.76849,6.882427978,80.66581702
0,3,64_60,25.73108,52.66224,20.58053,2.30019,5.18411,1.18105,0.06903,2.4787,13.96551,26.73067,2.0,0.97743,6.824087915,80.72657414
0,0,62_61,25.4746,54.42345,19.31492,2.22842,5.22264,1.19424,0.06314,1.67821,14.55191,25.26703,3.0,2.73869,6.858409143,80.66214037
0,2,62_59,24.38399,55.84861,18.38936,2.35806,5.14164,1.21268,0.06329,3.65611,14.01494,25.61739,1.0,1.66516,6.80146712,80.66740686
0,1,65_62,28.77503,48.18956,22.7335,2.25649,5.28174,1.15004,0.0695,0.89282,15.33587,28.81794,1.0,4.92871,6.89904271,80.73208811
0,1,68_67,20.97178,57.16527,19.87242,2.1505,5.45501,1.19012,0.06478,12.84912,15.38994,32.50625,3.0,1.98411,7.028523564,80.83210165
0,3,67_61,26.68704,49.19637,23.29156,2.20981,5.25918,1.16536,0.07684,0.33068,14.69006,26.24286,2.0,1.17238,6.859270929,80.79281454
0,2,68_71,20.98376,58.97023,18.54925,1.51274,5.55312,1.2805,0.056,9.81549,14.85984,29.48142,2.0,5.0067,7.134294368,80.83018901
0,1,63_59,25.11099,54.23114,19.48551,2.28151,5.19113,1.19748,0.06588,3.1275,13.95895,26.34426,4.0,3.30109,6.810360778,80.69750653
0,3,66_76,31.05838,51.26968,15.94139,1.03517,5.7031,1.33657,0.05242,9.62608,12.77545,39.76093,3.0,1.50346,7.265186274,80.75726632
0,2,56_59,20.96237,63.6939,13.65507,2.6294,4.98553,1.26289,0.0505,5.76852,11.65302,23.89186,2.0,4.4396,6.805442898,80.49983177
0,3,68_62,26.21155,49.98166,22.76112,2.19337,5.2657,1.16857,0.07662,2.09019,14.69276,27.48192,1.0,1.72115,6.875933524,80.81458803
0,0,61_65,23.477,57.34903,18.48072,2.22625,5.19292,1.19173,0.06572,1.16091,14.58444,23.39023,1.0,4.53529,6.978551519,80.64053353
0,4,70_70,17.68187,62.36817,18.248,2.11406,5.54674,1.25831,0.05937,13.93118,15.2195,30.43309,2.0,7.7174,7.110014249,80.88807928
0,1,65_68,24.56678,53.50716,20.89044,2.18507,5.27747,1.19456,0.0646,5.71589,15.30951,29.16711,1.0,3.21539,7.044218113,80.73610757
0,4,67_66,24.54327,52.63778,21.31378,2.25108,5.29399,1.15922,0.06816,8.47186,15.84629,31.638,1.0,0.59303,7.00700523,80.79548778
0,2,67_71,22.0391,57.1759,19.30158,2.11766,5.47512,1.24376,0.05889,9.39915,15.66938,29.99444,2.0,6.00953,7.123296647,80.809366
0,2,66_64,28.52406,47.9238,23.03683,2.24881,5.30872,1.15097,0.07253,1.90684,15.60728,29.64411,1.0,2.79591,6.939553878,80.75695777
0,3,64_68,24.96599,53.65433,20.30433,2.14609,5.31411,1.20505,0.0628,5.22037,14.57895,28.92936,2.0,3.7451,7.063328259,80.70950982
0,2,71_68,17.60564,60.03266,19.64561,2.14672,5.45969,1.2107,0.06484,21.0075,15.84769,37.24513,1.0,5.21013,7.042092291,80.89558069
0,2,63_65,25.82895,53.22478,20.4308,2.27802,5.27513,1.17187,0.06698,1.71002,15.42003,26.4643,3.0,3.89607,6.982273755,80.68414476
0,4,69_72,17.16229,64.1234,17.19297,1.30191,5.73279,1.33051,0.05505,11.84856,13.86828,27.7799,2.0,3.26775,7.16460605,80.8565474
0,4,64_63,29.20984,47.84135,22.81355,2.24629,5.28791,1.15277,0.0684,0.73247,15.33566,29.17385,1.0,3.70798,6.90465977,80.72197568
0,2,71_72,14.41916,68.03527,15.8425,0.98909,5.81198,1.37747,0.05621,13.85597,13.4975,27.06665,2.0,4.33244,7.163770185,80.90506935
0,0,63_60,24.95505,54.65394,19.29176,2.25019,5.2179,1.19021,0.06527,2.37375,14.55364,25.36661,3.0,3.52367,6.824024978,80.68770988
0,3,60_60,23.31134,58.69038,16.28017,2.28701,5.09834,1.23601,0.06191,3.9933,13.43248,23.59994,1.0,3.97617,6.825909658,80.61487428
0,3,64_65,26.75268,51.33839,21.23345,2.31323,5.31859,1.15111,0.0674,2.43938,15.78432,28.11731,3.0,4.79547,6.972496509,80.70864837
0,0,63_70,24.25963,55.35853,19.11577,1.50216,5.37909,1.25675,0.06078,4.65188,13.96678,27.51883,2.0,3.15341,7.102599882,80.69740954
0,3,66_58,24.28387,53.45945,20.89404,2.18259,5.35352,1.20008,0.07238,3.44578,14.70139,26.29919,2.0,2.30378,6.783424821,80.76406223
0,3,57_59,20.71071,64.40446,13.17487,2.60069,5.08383,1.28152,0.0545,5.2191,11.94741,22.51201,2.0,3.01043,6.803125812,80.52944337
0,3,60_60,22.674,59.79366,15.87033,2.27488,5.08792,1.24283,0.06106,3.94945,13.42733,23.09673,2.0,2.54075,6.844288251,80.59491748
0,3,60_58,22.34522,60.40522,15.29363,2.44545,5.1863,1.25261,0.05692,4.93473,13.68127,23.13326,3.0,2.36034,6.776677202,80.60326426
0,3,70_66,19.42849,58.08323,20.02096,2.18293,5.42612,1.17551,0.06783,17.45563,15.39727,35.61278,1.0,4.14907,6.998111368,80.86978932
0,2,55_67,19.49656,65.50261,13.61031,1.56036,5.20334,1.30811,0.06124,3.54352,12.12531,21.51803,4.0,0.65003,7.014121797,80.47002779
0,4,69_68,19.4395,58.98867,19.31613,2.12533,5.49198,1.20155,0.0635,15.70486,15.38957,33.7682,2.0,2.18773,7.047406105,80.85941273
0,0,61_61,24.29083,56.40937,18.21192,2.21883,5.22684,1.21441,0.06166,2.19389,14.54692,24.09079,2.0,1.97202,6.855040328,80.6397131
0,4,59_65,16.45416,68.4999,13.92214,2.27221,5.14994,1.22367,0.06329,1.92101,13.41946,17.00532,2.0,3.17979,6.962277452,80.58728006
0,2,55_67,19.98132,64.70232,13.93577,1.55249,5.21338,1.32773,0.06251,3.425,12.1259,21.9362,2.0,1.48427,7.031439889,80.47702691
0,3,71_67,16.97676,60.01421,20.00168,2.15746,5.44164,1.20461,0.06585,24.28684,15.84972,39.84424,1.0,5.10741,7.029902165,80.89622983
0,4,62_65,25.05748,54.699,19.62947,2.30956,5.2367,1.17304,0.06794,1.61019,15.3464,25.50813,4.0,3.48348,6.981151931,80.66531519
0,0,58_63,19.57816,64.95632,14.08636,2.1844,5.0783,1.26068,0.05985,3.04004,13.39347,20.45109,2.0,2.42814,6.904315752,80.54845624
0,1,72_68,17.00524,62.27855,18.33705,2.03153,5.53465,1.24324,0.06299,16.85973,15.51759,32.61275,3.0,9.25108,7.063642553,80.93164214
0,0,56_65,18.33587,66.91832,13.5141,2.1752,5.13782,1.25663,0.06249,1.98634,12.79149,18.6977,3.0,1.40881,6.96931303,80.50726838
0,2,58_62,20.28311,63.8491,14.49927,2.19933,5.07574,1.25573,0.06001,3.01451,13.39695,20.98922,2.0,0.81798,6.900404247,80.5626091
0,0,66_75,22.07332,61.21569,15.57588,1.06116,5.80423,1.34218,0.05338,6.31417,13.63218,27.49205,3.0,1.41488,7.237350974,80.78192901
0,2,60_61,22.44407,59.79161,16.57329,2.19938,5.13835,1.22942,0.0628,2.29743,14.1157,22.18245,2.0,1.28173,6.867825608,80.60601256
0,3,71_73,14.25298,68.73453,15.56094,0.98394,5.84814,1.38837,0.05447,13.21381,13.49065,26.35034,2.0,1.53529,7.194093057,80.90741924
0,0,61_62,23.4967,57.96305,17.71854,2.20331,5.14492,1.21763,0.06368,1.65859,14.12154,23.22191,2.0,2.43232,6.891690797,80.62634696
0,2,60_69,24.31898,56.58553,18.19382,1.4928,5.41647,1.25378,0.0661,0.30235,13.45329,23.25142,1.0,2.95008,7.065220049,80.60223223
0,0,66_61,27.05619,49.4066,22.82639,2.20457,5.25909,1.15356,0.0747,0.54808,14.6881,26.68396,2.0,1.80452,6.859045409,80.76358988
0,4,62_62,28.7133,49.90223,21.51615,2.22255,5.22411,1.18154,0.06342,0.03818,14.55767,27.85361,1.0,3.04537,6.896477413,80.67208048
0,2,70_67,18.13054,59.21321,19.88167,2.15853,5.45253,1.18504,0.06638,21.28707,15.39593,38.03347,1.0,3.32378,7.019124014,80.87804643
0,0,67_59,24.43901,52.62458,21.6022,2.19084,5.34525,1.18174,0.07488,2.71142,14.70431,25.97398,1.0,2.08135,6.793563265,80.79069477
0,3,66_63,31.32855,43.84139,24.69293,2.22925,5.24358,1.14467,0.07204,0.30931,14.85401,31.26253,1.0,3.16206,6.921882712,80.77479044
0,0,56_65,19.84777,64.69874,14.06133,2.03952,5.11286,1.25949,0.06044,2.87166,12.65878,21.05298,2.0,2.60083,6.964336776,80.48755916
0,0,73_71,15.02914,66.53119,16.57215,1.17569,5.73631,1.33574,0.05814,14.49155,13.76373,28.37415,1.0,8.08248,7.126951759,80.94751679
0,1,65_76,27.79932,51.6452,18.78191,1.0377,5.70452,1.33735,0.05294,3.63944,12.77567,30.60726,,2.07132,7.271233398,80.75128223
0,0,62_61,24.99699,55.24994,18.87817,2.22247,5.22537,1.20723,0.06237,1.82312,14.54979,24.77431,3.0,2.52808,6.857366419,80.65322479
0,1,65_62,28.44716,48.17393,22.90623,2.2712,5.27376,1.14464,0.07145,0.94123,15.33717,28.5332,4.0,4.53279,6.890798674,80.74603136
0,4,69_68,20.70352,57.3457,19.83476,2.2124,5.44673,1.2016,0.06353,14.9228,16.04194,34.28411,1.0,3.22743,7.056843543,80.86146765
0,4,59_58,22.12202,61.50723,14.34635,2.37297,5.15455,1.26421,0.05684,5.20028,12.29836,23.12745,2.0,5.096,6.769096056,80.57877722
0,1,68_65,23.39372,53.67582,21.2793,2.23249,5.3332,1.15542,0.0711,9.21706,15.67962,31.38673,3.0,1.93548,6.961633256,80.83538575
0,4,60_62,22.89677,58.97604,17.11473,2.20136,5.14192,1.22362,0.06324,1.98899,14.11855,22.64748,2.0,1.99845,6.884597529,80.61807103
0,1,58_60,21.0251,62.88512,14.45185,2.40994,5.07485,1.26292,0.05966,4.10604,13.25179,21.71865,2.0,1.35826,6.842967252,80.56295101
0,4,62_65,24.55708,55.73567,19.17297,2.24475,5.1813,1.18207,0.06613,0.95554,14.5883,24.34047,1.0,2.47448,6.965586159,80.65393125
0,3,71_70,16.51088,63.85368,17.69452,1.957,5.60714,1.28018,0.06131,14.16363,14.52316,29.45365,2.0,9.43441,7.109358912,80.90726391
0,4,67_65,25.7031,51.15271,21.88991,2.292,5.26839,1.14247,0.07024,6.77816,15.8484,31.31418,2.0,0.81241,6.977570506,80.79445701
0,4,65_63,28.84241,47.86383,22.95278,2.25599,5.2814,1.14706,0.07007,1.07307,15.33807,29.12542,2.0,4.90318,6.908784732,80.7389625
0,0,61_61,23.9239,57.46097,17.50499,2.26296,5.17809,1.22143,0.06203,2.44639,14.24572,24.02283,1.0,0.79221,6.867272037,80.6233717
0,0,66_59,25.24105,52.28065,21.22919,2.23952,5.32943,1.19597,0.07234,3.00375,14.89463,26.82146,2.0,4.02807,6.798817108,80.75770903
0,2,69_67,20.03966,58.01386,19.73794,2.1496,5.45903,1.19001,0.06512,15.14329,15.3918,33.85586,2.0,0.60718,7.02626834,80.85403155
0,0,65_60,25.87365,52.19793,21.00867,2.2793,5.21548,1.1732,0.07027,1.52534,14.56368,26.07658,1.0,1.96235,6.836129703,80.73666216
0,2,59_61,21.48376,61.6561,15.29971,2.20224,5.05684,1.25277,0.062,3.53063,13.29881,21.7326,3.0,1.10674,6.851969891,80.57959556
0,3,63_64,28.60106,49.38439,21.93054,2.33918,5.30338,1.14495,0.06727,0.65534,15.78344,28.4562,1.0,2.30002,6.948949325,80.69141804
0,2,54_65,20.2801,64.4423,13.84384,2.02353,5.08521,1.26561,0.05986,3.36825,12.65482,22.01293,2.0,2.42395,6.968346028,80.45141976
0,3,64_60,25.64635,53.01444,20.30092,2.29486,5.18335,1.18482,0.06807,2.62667,13.96366,26.69042,1.0,0.65679,6.824173217,80.72115204
0,4,62_68,24.34832,56.04641,18.47076,1.57795,5.35388,1.21173,0.06509,2.68971,14.07753,25.54145,1.0,3.11961,7.054748824,80.65740793
0,0,59_68,22.78191,59.47935,16.80025,1.60551,5.30702,1.23522,0.06072,0.91545,12.99386,22.38365,3.0,3.26913,7.047485195,80.59089794
0,2,58_62,21.06402,62.81201,14.66852,2.21455,5.06335,1.25433,0.05984,3.21174,13.39875,21.62171,2.0,1.71204,6.882826949,80.56132473
0,1,65_68,24.42,53.6779,20.7784,2.17205,5.28862,1.20031,0.06414,5.98404,15.30834,29.19224,1.0,4.1065,7.052487448,80.73800651
0,2,60_61,22.97111,59.22889,16.42787,2.29484,5.0669,1.23587,0.06342,3.0873,13.65611,23.23707,2.0,2.05883,6.861044052,80.60803062
0,4,67_60,26.56121,49.1431,23.53955,2.21744,5.25951,1.16469,0.07676,-0.78279,14.68724,24.99669,1.0,3.555,6.837927029,80.78944026
0,0,68_60,25.51218,50.55276,22.7415,2.23541,5.22973,1.17038,0.07768,1.52517,14.09388,26.1974,2.0,4.17293,6.841063203,80.82165693
0,1,58_58,21.70216,62.02941,14.12987,2.40855,5.11872,1.26253,0.05718,5.2163,13.02746,22.0351,1.0,5.78483,6.784920494,80.56396815
0,3,68_62,26.39712,49.78312,22.79103,2.188,5.26597,1.16901,0.07627,2.4251,14.69385,28.01461,1.0,2.28885,6.889229129,80.81060679
0,3,65_66,25.41059,52.36899,21.46197,2.30742,5.27705,1.16271,0.06621,4.19848,15.65147,28.443,1.0,3.58651,6.994045073,80.74074091
0,4,73_70,14.89909,66.5968,16.58774,1.17975,5.72715,1.33413,0.05864,14.68574,13.7644,28.4444,2.0,9.54436,7.113734257,80.95277274
0,3,70_66,17.61721,59.35479,20.14319,2.0294,5.43005,1.19192,0.06829,21.86824,15.18598,38.13731,1.0,3.55289,7.000291413,80.88928024
0,3,64_60,25.45198,53.72686,19.85252,2.25585,5.21623,1.18269,0.06637,2.03297,14.55661,25.7474,2.0,1.75786,6.828909562,80.70413282
0,2,55_67,19.99261,64.57443,14.07886,1.55377,5.22066,1.32568,0.06252,3.22086,12.12705,21.75217,2.0,1.24086,7.02695123,80.4788168
0,0,58_63,18.59388,65.98182,14.16425,2.18133,5.1017,1.26001,0.06059,2.63921,13.39654,19.38733,2.0,2.87282,6.92540779,80.56457687
0,1,60_63,21.20968,61.89845,15.84244,2.21417,5.09602,1.23914,0.06153,2.32927,13.40619,21.68081,2.0,1.456,6.920036624,80.5963876
0,3,64_61,26.22921,52.61003,20.4187,2.25419,5.21487,1.17823,0.0666,1.55165,14.5589,26.26128,4.0,1.71254,6.851108639,80.70454446
0,1,68_66,22.66042,54.6917,20.8582,2.13647,5.37763,1.16568,0.06881,11.20468,15.38104,32.77726,1.0,2.6804,6.990500232,80.83294445
0,0,59_68,21.71866,61.19328,16.11674,1.60589,5.29519,1.27815,0.06029,0.92304,12.99115,21.31077,3.0,2.7106,7.043196629,80.57067612
0,4,59_58,21.97304,61.58833,14.18334,2.41209,5.1225,1.25947,0.05776,5.06027,13.02984,21.6975,2.0,4.49053,6.783804958,80.57961438
0,2,58_62,21.01884,62.70313,14.91597,2.21451,5.0724,1.25071,0.06025,2.98986,13.40048,21.54503,2.0,1.10933,6.892111504,80.56379852
0,4,60_62,23.17663,58.8424,17.11965,2.25238,5.07639,1.2259,0.06321,1.76809,14.13318,23.05432,1.0,2.14391,6.894963667,80.61107639
0,0,66_75,23.39809,59.13809,15.92077,1.09695,5.72739,1.32017,0.0542,5.92185,13.38559,28.17576,3.0,2.26452,7.233169645,80.76831769
0,0,67_64,28.02587,47.96839,23.20983,2.25607,5.30307,1.12529,0.07452,3.13747,15.6121,30.407,1.0,1.70989,6.936711195,80.7951153
0,4,67_60,26.07837,49.26952,23.76161,2.24454,5.23816,1.17247,0.07736,-0.90061,14.09148,24.46713,1.0,2.9361,6.828151548,80.80783858
0,3,64_68,24.96599,53.65433,20.30433,2.14609,5.31411,1.20505,0.0628,5.22037,14.57895,28.92936,2.0,3.92161,7.063894218,80.71162774
0,3,60_60,23.31134,58.69038,16.28017,2.28701,5.09834,1.23601,0.06191,3.9933,13.43248,23.59994,1.0,4.08313,6.82713979,80.61753317
0,2,65_64,28.87911,48.20969,22.52894,2.27431,5.27624,1.15837,0.06723,2.01988,15.4533,30.08113,2.0,3.53222,6.933823136,80.73173566
0,4,69_68,19.93999,58.29633,19.57036,2.13754,5.47359,1.19568,0.06427,14.98163,15.39033,33.56547,2.0,1.62708,7.04448983,80.84743946
0,1,60_68,23.78581,57.41691,17.89268,1.49587,5.41135,1.27055,0.0661,0.3064,13.45222,22.70608,1.0,2.72472,7.06298787,80.59784271
0,3,54_64,20.18231,64.83184,13.53996,2.04949,5.05333,1.26321,0.0584,3.53682,12.65572,21.94536,1.0,4.42016,6.931467764,80.44139543
0,4,57_63,20.03379,64.5332,14.09048,2.06987,5.06669,1.25578,0.05826,2.40778,12.63736,20.55187,2.0,1.12434,6.926711304,80.51492343
0,3,67_72,22.50388,57.88047,18.29725,1.53249,5.61086,1.28102,0.05344,7.4878,14.58487,28.64483,2.0,4.95403,7.169530951,80.7873131
0,2,66_64,27.36632,49.31412,22.50399,2.22727,5.31797,1.1384,0.07201,3.44151,15.60838,29.8791,2.0,1.36323,6.951476466,80.7677515
0,3,65_59,25.79927,52.31764,20.86609,2.30553,5.18514,1.17731,0.07003,2.2983,13.96734,26.71627,2.0,1.96839,6.819879067,80.73465048
0,4,55_64,20.09123,64.64496,13.83901,2.04482,5.08314,1.25768,0.05944,3.22737,12.65724,21.57873,2.0,4.10852,6.942172824,80.46358509
0,1,62_67,24.93161,54.89503,19.18403,2.26124,5.26727,1.19058,0.0667,2.85939,14.62041,26.37011,2.0,6.48352,7.021115494,80.66132583
0,2,61_58,22.81341,59.12094,16.42434,2.45615,5.18857,1.26367,0.05862,4.98502,13.68763,24.83869,1.0,3.36569,6.767257568,80.63963652
0,2,59_62,21.12618,62.32982,15.28474,2.22938,5.06985,1.24622,0.06159,2.51917,14.12188,21.29437,2.0,0.87963,6.887940613,80.58047192
0,2,70_72,15.32275,66.78207,16.22277,0.99151,5.7958,1.37038,0.05627,13.25922,13.50332,27.31169,2.0,5.71409,7.166056368,80.88099015
0,0,66_66,25.65367,51.75705,21.31914,2.3073,5.30875,1.15743,0.06967,5.5127,15.79234,29.91033,1.0,1.15948,6.989976168,80.76676931
0,3,64_68,24.9371,53.48006,20.44538,2.1499,5.30926,1.20287,0.06287,5.73035,14.5809,29.34924,3.0,4.57101,7.061264743,80.72243311
0,1,60_65,19.88191,63.05956,16.10695,2.2892,5.21318,1.19816,0.06262,1.42772,14.32714,19.97439,2.0,1.13279,6.982049774,80.60614941
0,3,66_58,23.97854,54.00631,20.57475,2.17372,5.36841,1.21688,0.07158,3.92302,14.70015,26.41773,1.0,1.79442,6.776099332,80.76495683
0,0,63_60,25.41041,54.16718,19.49655,2.24354,5.21797,1.18766,0.06475,1.97161,14.55399,25.49422,4.0,3.97048,6.840071505,80.68547572
0,4,62_62,25.63654,54.3523,19.40971,2.21699,5.2284,1.1956,0.0622,1.32691,14.55134,25.27768,2.0,0.32029,6.878091738,80.65218032
0,2,63_58,23.92848,56.43058,18.10243,2.25811,5.2219,1.24515,0.06241,4.3674,13.95156,25.93054,2.0,2.02239,6.77493396,80.68241982
0,0,59_68,22.26094,60.24596,16.54911,1.60974,5.30375,1.23282,0.06012,0.98232,12.99351,21.91576,3.0,2.01693,7.03721683,80.58602656
0,2,62_66,25.25858,54.48837,19.48376,2.29679,5.24687,1.17785,0.06691,2.3397,14.62369,26.27405,1.0,4.92941,6.994409888,80.66613536
0,1,69_69,20.71206,57.58544,19.64686,2.20022,5.46392,1.20778,0.0626,14.34486,16.03987,33.70734,2.0,2.55376,7.06523238,80.85637058
0,3,67_72,22.30682,57.88093,18.38064,1.51489,5.55341,1.28142,0.05545,7.89976,14.52311,28.72892,1.0,5.04256,7.150161049,80.79613109
0,0,66_66,25.08284,52.20882,21.36527,2.24753,5.30074,1.16184,0.06755,7.20183,15.84329,30.92571,3.0,0.32614,7.004083113,80.77478861
0,4,66_67,23.89437,53.67936,21.1749,2.27789,5.28513,1.17362,0.06582,7.33597,15.65472,29.81498,2.0,2.3896,7.021982648,80.7800927
0,2,59_62,20.99697,62.55739,15.18366,2.2144,5.08099,1.24699,0.06066,2.7651,13.40227,21.50109,3.0,1.36263,6.8999863,80.58233047
0,3,61_63,23.42108,58.14822,17.75846,2.193,5.13379,1.22154,0.06242,1.05448,14.11801,22.88502,3.0,0.99196,6.914389238,80.62700393
0,0,61_65,23.477,57.34903,18.48072,2.22625,5.19292,1.19173,0.06572,1.16091,14.58444,23.39023,1.0,4.59426,6.978719031,80.63995409
0,2,69_66,20.16708,57.3559,20.26769,2.06196,5.46032,1.17137,0.0684,14.86008,15.20968,33.83594,1.0,3.78407,6.997703151,80.8613202
0,2,62_66,25.25858,54.48837,19.48376,2.29679,5.24687,1.17785,0.06691,2.3397,14.62369,26.27405,1.0,5.05275,6.995407155,80.66489424
0,2,67_71,22.0391,57.1759,19.30158,2.11766,5.47512,1.24376,0.05889,9.39915,15.66938,29.99444,2.0,6.34619,7.126634919,80.80881818
0,2,63_58,23.74994,56.72782,17.92801,2.25388,5.22945,1.25079,0.06181,4.63705,13.95057,26.01407,2.0,2.47651,6.766263089,80.68230532
0,4,59_58,21.78572,61.94733,14.03059,2.40714,5.11624,1.26053,0.05759,5.01059,13.02786,21.51651,1.0,4.99832,6.791448015,80.56849804
0,4,66_62,29.33823,46.78018,23.44391,2.23848,5.24347,1.139,0.07217,1.0958,14.85174,29.75195,1.0,4.67261,6.895652584,80.76267963
0,2,72_73,13.15354,70.24828,14.95639,0.98122,5.86664,1.39589,0.05499,13.75424,13.48433,25.81555,2.0,2.52201,7.179042277,80.94099298
0,0,68_60,25.58074,50.29746,23.02772,2.23771,5.24464,1.17534,0.07721,0.4754,14.09137,25.24057,1.0,2.20802,6.821024444,80.81235023
0,2,63_65,25.82895,53.22478,20.4308,2.27802,5.27513,1.17187,0.06698,1.71002,15.42003,26.4643,4.0,3.41134,6.979548655,80.67887021
0,1,73_73,12.96877,70.42934,14.87966,0.982,5.86256,1.39485,0.05548,13.94358,13.48469,25.81208,3.0,3.03883,7.172634925,80.95251695
0,3,67_61,26.69787,49.18067,23.35288,2.21401,5.25845,1.16321,0.07657,-0.21301,14.68844,25.68488,2.0,2.56446,6.848518822,80.78581169
0,3,64_66,25.99413,52.43691,20.88566,2.27946,5.26614,1.16782,0.06796,2.69135,15.42473,27.57226,2.0,2.95264,6.996759369,80.706842
0,3,64_65,26.75268,51.33839,21.23345,2.31323,5.31859,1.15111,0.0674,2.43938,15.78432,28.11731,2.0,4.88115,6.976835469,80.71075887
0,3,72_69,17.53543,61.88809,18.18971,2.09583,5.54396,1.23174,0.06293,17.35993,15.41169,33.6005,2.0,9.36036,7.067847413,80.92578795
0,4,66_67,24.10042,53.55486,21.15074,2.27547,5.29078,1.17521,0.06552,6.78041,15.6532,29.47082,2.0,2.26765,7.018181258,80.7626603
0,2,56_63,20.68685,63.7606,14.16652,2.0786,5.04585,1.25574,0.05746,2.64995,12.63744,21.28269,4.0,1.80309,6.905420616,80.50210949
0,3,57_59,20.61024,63.88137,13.7722,2.63301,5.01264,1.27811,0.05621,5.20263,12.25467,22.41713,2.0,1.70647,6.815014355,80.53364974
0,0,56_58,20.05375,65.04847,13.13582,2.64211,4.99223,1.27479,0.05046,6.60486,11.65517,23.63301,2.0,4.36286,6.785491809,80.5074521
0,3,67_61,26.51939,49.5075,23.04799,2.20243,5.26184,1.1664,0.07679,1.17686,14.69146,26.90698,2.0,1.02683,6.867856335,80.80806386
0,3,67_61,27.17384,48.8773,23.20649,2.20481,5.2578,1.16555,0.07591,0.63781,14.69062,27.02211,1.0,0.85906,6.872231032,80.78858543
0,2,70_72,17.00961,63.89761,17.41,1.31023,5.70514,1.32411,0.05637,12.74544,13.87083,28.48254,3.0,5.16659,7.148489634,80.86596396
0,3,71_73,14.56094,68.31605,15.7019,0.98499,5.842,1.38565,0.05445,13.02781,13.4928,26.4611,2.0,2.28983,7.188766684,80.90258223
0,4,64_64,28.39868,49.05231,22.19598,2.354,5.28561,1.14352,0.06931,1.45059,15.78837,28.97901,2.0,3.35207,6.949127808,80.72353375
0,1,71_71,16.06807,65.18711,17.04767,1.30687,5.72113,1.33082,0.05618,13.44198,13.86586,28.31585,4.0,7.25722,7.139684394,80.89410279
0,4,61_64,23.49213,57.62858,18.31011,2.25037,5.17515,1.18262,0.06511,0.72403,14.58403,22.89822,1.0,2.24875,6.946052989,80.63750695
0,0,61_61,24.69545,55.80742,18.64583,2.21394,5.2299,1.20219,0.06156,1.75746,14.54837,24.42297,4.0,1.33748,6.870401926,80.64263564
0,3,67_62,28.18457,47.81001,23.4094,2.17963,5.27333,1.14269,0.07597,0.80183,15.02867,28.31381,3.0,2.59188,6.889831636,80.78428464
0,1,62_67,24.98678,54.82822,19.26121,2.27301,5.26043,1.18566,0.06676,2.71528,14.62147,26.3106,2.0,6.57806,7.011146654,80.66112327
0,0,58_59,21.16879,62.87737,14.04426,2.47689,5.09727,1.26944,0.05601,5.21494,12.8131,22.28974,3.0,2.90564,6.809374969,80.54731673
0,3,71_73,14.66914,67.85294,15.87454,0.98825,5.81855,1.3786,0.05562,13.43348,13.49723,26.90752,,3.93302,7.174801607,80.89486771
0,0,60_67,21.61208,60.36926,17.04755,2.26777,5.22682,1.20353,0.06379,1.51995,14.32826,21.8127,3.0,3.55756,7.015834452,80.61586333
0,1,65_68,24.38394,53.90803,20.57409,2.15696,5.30458,1.20739,0.06358,5.66168,15.3056,28.80775,2.0,4.03147,7.054912868,80.73050837
0,2,65_67,24.15581,53.76363,20.91152,2.25701,5.31437,1.18696,0.0643,6.09032,15.6492,28.78189,1.0,2.84925,7.028153791,80.74446449
0,3,64_69,24.35981,55.06183,19.37528,1.51233,5.35418,1.2499,0.06093,4.95821,13.9677,27.9714,2.0,2.69508,7.08544825,80.70377998
0,4,55_64,19.88995,64.70162,14.00116,2.06447,5.0959,1.25009,0.05971,2.93933,12.66064,20.99331,1.0,2.41422,6.936799387,80.48052287
0,4,66_62,28.12186,48.3739,22.9326,2.28025,5.27039,1.14265,0.07254,0.8903,15.33718,28.14274,2.0,3.10946,6.877392761,80.75635539
0,4,58_61,21.1506,63.0146,14.22436,2.21428,5.0442,1.26139,0.05896,3.63551,13.39546,21.83652,2.0,1.27762,6.859171082,80.54296913
0,3,59_69,24.08477,57.0367,17.97909,1.48991,5.41136,1.27386,0.06699,0.15709,13.45135,22.88018,1.0,1.40768,7.070700027,80.58870134
0,2,62_58,22.8318,58.71852,16.80313,2.41773,5.24781,1.25727,0.05956,5.39117,13.75332,25.58074,1.0,4.7349,6.769550131,80.65845996
0,1,72_68,16.96959,62.05913,18.50674,2.04167,5.5177,1.23814,0.06387,17.48121,15.51972,33.18783,4.0,7.69155,7.049126138,80.93772486
0,1,56_67,19.91288,64.6607,14.24764,2.13061,5.14949,1.29231,0.06464,1.76009,12.78916,20.23619,2.0,2.4222,7.010657757,80.5000315
0,1,60_68,24.13259,56.79574,18.17083,1.49912,5.41489,1.24929,0.06529,0.45027,13.45426,23.18767,,4.38785,7.06169288,80.61524003
0,2,56_62,21.56922,62.26855,14.63154,2.22183,4.95396,1.25039,0.05701,4.15634,11.97342,23.19842,2.0,2.3496,6.875223553,80.50739865
0,0,56_64,19.66283,64.93089,14.15549,2.17416,5.08727,1.22437,0.0607,1.75582,12.65711,19.59667,2.0,1.95522,6.932232115,80.5082454
0,3,64_69,24.87112,53.80461,20.18465,2.13303,5.32627,1.21042,0.06245,5.30105,14.57775,28.8518,2.0,3.57877,7.067934692,80.71006093
0,0,58_59,20.83965,63.46163,13.9069,2.36592,5.09381,1.26932,0.05749,5.08241,11.893,22.26939,3.0,2.28618,6.81105676,80.53900243
0,2,56_60,21.04246,63.80059,13.56089,2.43108,4.97254,1.2619,0.05255,5.86524,11.99888,24.1802,2.0,2.98402,6.823282569,80.50531526
0,0,63_60,24.95505,54.65394,19.29176,2.25019,5.2179,1.19021,0.06527,2.37375,14.55364,25.36661,1.0,2.79201,6.827280357,80.69488568
0,1,66_74,21.89639,59.78557,16.71841,1.09592,5.70217,1.3109,0.05517,7.16364,13.38757,27.72618,2.0,5.23737,7.202639285,80.77966061
0,3,65_66,25.41059,52.36899,21.46197,2.30742,5.27705,1.16271,0.06621,4.19848,15.65147,28.443,2.0,3.48083,6.994157736,80.74186231
0,3,63_61,26.78272,52.2628,20.46019,2.23818,5.21816,1.18186,0.06473,1.14559,14.55705,26.49023,1.0,3.56223,6.869774176,80.68056607
0,0,73_71,14.89909,66.5968,16.58774,1.17975,5.72715,1.33413,0.05864,14.68574,13.7644,28.4444,1.0,8.93192,7.119399852,80.95527085
0,3,62_70,24.56482,55.20371,19.1458,1.48602,5.39517,1.25167,0.06496,2.76033,14.22056,26.27063,1.0,0.95504,7.095116117,80.65713071
0,4,55_64,19.88995,64.70162,14.00116,2.06447,5.0959,1.25009,0.05971,2.93933,12.66064,20.99331,2.0,2.43515,6.937639652,80.48160161
0,1,68_72,21.42959,58.87029,18.29968,1.50328,5.57644,1.28661,0.0553,8.4199,14.857,28.54082,2.0,3.21632,7.155896582,80.81410092
0,1,58_60,21.0251,62.88512,14.45185,2.40994,5.07485,1.26292,0.05966,4.10604,13.25179,21.71865,2.0,1.3156,6.84309033,80.55969013
0,4,57_63,19.45738,65.4211,13.68519,2.17174,5.06651,1.2714,0.05938,3.26349,13.38873,20.5549,3.0,0.4526,6.91010773,80.52922508
0,0,63_60,25.11614,54.22758,19.58867,2.25579,5.21724,1.1925,0.06614,2.27969,14.55542,25.56694,2.0,2.77299,6.823172068,80.69585883
0,1,57_62,19.79073,65.12128,13.60773,2.1733,5.05355,1.25013,0.05896,3.45741,13.38735,20.97818,3.0,1.33883,6.899440121,80.51715015
0,4,57_63,18.7853,66.47104,13.32325,2.15061,5.07156,1.27709,0.05967,3.20572,13.38475,20.0485,3.0,1.16795,6.925243955,80.52291355
0,2,65_69,24.56893,53.77953,20.22975,2.11374,5.34289,1.21738,0.06165,6.56641,14.57912,29.51311,2.0,2.14026,7.090302287,80.73323221
0,0,62_61,26.3827,52.99836,20.06478,2.2321,5.22066,1.18733,0.06388,1.25685,14.55494,26.07482,2.0,2.70632,6.871818743,80.67307965
0,1,57_62,20.47202,64.05925,13.93963,2.19391,5.0489,1.26022,0.05889,3.53523,13.3914,21.4395,2.0,0.94841,6.879986372,80.53419116
0,0,60_67,21.81242,61.01897,16.25218,2.17646,5.24685,1.21458,0.0621,0.36513,13.35363,20.86481,3.0,1.79661,7.018186291,80.59919339
0,2,66_64,28.79585,47.20504,23.43042,2.25452,5.30369,1.14718,0.07364,2.14042,15.60979,30.23049,1.0,1.97393,6.932151376,80.77973461
0,2,63_65,26.53761,52.12175,20.93809,2.29514,5.25968,1.16278,0.06762,1.55846,15.42298,27.0972,3.0,3.31223,6.974205307,80.68765712
0,3,64_67,25.32491,53.48241,20.35758,2.25027,5.29054,1.18178,0.06706,2.95583,15.42096,27.06558,1.0,1.79557,7.016319264,80.70417079
0,4,61_64,22.79537,58.77642,17.77783,2.25256,5.17264,1.21599,0.06467,0.748,14.58192,22.08835,1.0,1.94785,6.937950055,80.62074037
0,3,64_67,25.43507,52.97076,20.6782,2.25771,5.2801,1.18113,0.06775,3.6154,15.42457,27.8111,1.0,0.64716,7.015008082,80.72305744
0,0,61_61,24.48802,56.11291,18.42793,2.21659,5.22818,1.21242,0.06163,1.97543,14.54766,24.25066,2.0,1.53567,6.861426977,80.64093152
0,3,60_58,22.46167,60.77718,14.79244,2.37888,5.16124,1.28723,0.05776,5.02089,12.3022,23.42057,2.0,3.4217,6.767796006,80.59845252
0,0,70_73,14.97538,67.43537,16.00085,0.98913,5.81313,1.37613,0.05564,13.22383,13.49924,26.98649,,4.83432,7.174918664,80.88414765
0,4,59_58,21.70216,62.02941,14.12987,2.40855,5.11872,1.26253,0.05718,5.2163,13.02746,22.0351,2.0,5.56221,6.784010209,80.56979168
0,4,59_58,21.70216,62.02941,14.12987,2.40855,5.11872,1.26253,0.05718,5.2163,13.02746,22.0351,2.0,5.21483,6.787630706,80.57261626
0,3,61_63,23.42108,58.14822,17.75846,2.193,5.13379,1.22154,0.06242,1.05448,14.11801,22.88502,1.0,0.81244,6.917731374,80.62699277
0,3,64_66,26.03965,52.19153,21.04392,2.28363,5.26076,1.16947,0.06838,2.99235,15.42655,27.9136,1.0,3.18701,6.991405899,80.72360979
0,4,59_58,22.17338,61.18331,14.39383,2.41567,5.12496,1.25633,0.05827,4.949,13.03217,21.75104,4.0,3.55293,6.78960561,80.58758383
0,2,61_66,24.18834,56.27498,18.71008,2.28196,5.2594,1.18193,0.06665,2.06644,14.61923,24.8835,1.0,4.86708,6.99394215,80.64217501
0,2,67_71,22.2416,57.37471,18.8456,1.5251,5.51963,1.27506,0.05637,9.11144,14.52639,29.78166,2.0,5.97415,7.130949685,80.80743312
0,1,57_62,20.0857,64.72481,13.68067,2.18055,5.04793,1.24919,0.05877,3.54535,13.38822,21.239,2.0,2.27477,6.887827587,80.51714141
0,4,65_61,27.74208,49.09582,22.54466,2.27927,5.27246,1.14696,0.07191,0.96483,15.33486,27.71517,2.0,1.89877,6.866263451,80.74448857
0,3,67_61,26.36742,49.53296,23.18094,2.20782,5.2619,1.16618,0.07719,0.6339,14.69038,26.22405,1.0,1.53514,6.857474521,80.80289164
0,1,61_69,24.38734,56.14674,18.33177,1.57003,5.36075,1.24519,0.06559,2.3424,14.07519,25.25279,1.0,3.59937,7.065267046,80.640946
0,0,62_61,24.99699,55.24994,18.87817,2.22247,5.22537,1.20723,0.06237,1.82312,14.54979,24.77431,3.0,1.93015,6.863384961,80.65535172
0,4,65_61,27.35147,50.09843,21.9758,2.27349,5.21232,1.15872,0.07054,0.97955,14.56846,27.31504,3.0,2.43522,6.86845789,80.73798146
0,1,62_67,25.12547,54.38983,19.54617,2.21846,5.31825,1.18709,0.06543,2.88469,14.69115,26.59798,4.0,5.32635,7.023742591,80.67193483
0,3,61_68,23.96339,56.96978,17.98746,1.57105,5.35485,1.24699,0.06591,1.94632,14.07199,24.46041,,4.9368,7.06090565,80.62842009
0,1,68_68,21.29653,56.68942,20.39025,2.12706,5.40338,1.20648,0.06439,11.24542,15.18707,31.31335,1.0,3.29286,7.037460791,80.82114494
0,3,60_58,22.2872,60.82498,14.78954,2.41927,5.12601,1.2531,0.05869,4.8914,13.03445,22.26708,2.0,2.59637,6.786874468,80.5964792
0,4,64_64,29.0589,48.18431,22.4852,2.26966,5.28009,1.16106,0.06648,1.73758,15.45195,30.00779,1.0,2.2063,6.932110416,80.71985428
0,3,72_69,17.54196,62.16093,17.99881,2.08429,5.56167,1.23793,0.06203,16.69944,15.40863,32.96,3.0,9.98192,7.080275962,80.92504447
0,0,57_60,20.51802,63.98701,13.79908,2.62797,5.0112,1.26596,0.05651,5.07109,12.25433,22.30202,2.0,0.72776,6.82642623,80.52605245
0,0,58_63,19.57816,64.95632,14.08636,2.1844,5.0783,1.26068,0.05985,3.04004,13.39347,20.45109,2.0,2.46886,6.908717825,80.54803835
0,2,67_63,29.74675,45.71689,24.17025,2.14988,5.28554,1.14571,0.07472,1.10355,15.03181,30.37457,1.0,2.94163,6.923612844,80.78337404
0,1,65_68,24.64336,53.59086,20.7945,2.18235,5.28189,1.19629,0.06444,5.21743,15.30783,28.79609,1.0,2.21276,7.03714318,80.7303307
0,1,60_65,18.31621,65.72698,14.92587,2.28125,5.14773,1.21768,0.06374,1.85517,13.42276,18.77837,2.0,2.64291,6.965234004,80.59437087
0,3,68_61,25.94285,50.11548,22.89456,2.20361,5.26612,1.16822,0.07732,1.19455,14.6905,26.32548,,1.69577,6.86249447,80.81187974
0,1,68_64,25.49281,51.17727,22.00747,2.15515,5.30117,1.12821,0.07561,5.73086,15.00814,30.25717,1.0,1.33828,6.938080735,80.82038611
0,2,64_58,24.1955,55.5556,18.79224,2.26951,5.22672,1.23486,0.06451,4.20415,13.95633,26.43089,2.0,0.92143,6.779640797,80.70832822
0,2,69_73,17.92328,63.76805,16.98062,1.24789,5.7784,1.33996,0.05328,11.30765,13.52049,28.03798,1.0,1.37708,7.180989039,80.84341651
0,1,63_59,25.11099,54.23114,19.48551,2.28151,5.19113,1.19748,0.06588,3.1275,13.95895,26.34426,2.0,3.02726,6.812982415,80.69854532
0,3,65_59,24.89507,53.61979,20.21767,2.29586,5.21698,1.18844,0.06917,3.14759,13.9652,26.5642,1.0,4.53579,6.798509571,80.74629622
0,3,71_70,17.29214,63.0627,17.83711,1.49981,5.59983,1.29196,0.05684,14.18343,14.41314,30.28739,4.0,8.20628,7.109538044,80.89396173
0,1,57_62,20.88336,63.37661,14.34348,2.09168,5.04964,1.25259,0.05744,2.61389,12.6397,21.3115,2.0,1.66537,6.901090474,80.51232312
0,0,63_60,25.27872,54.17362,19.54926,2.25007,5.21713,1.1867,0.06548,2.12661,14.55478,25.54024,1.0,3.64006,6.833717756,80.68727629
0,2,64_58,24.12218,55.82872,18.57096,2.26577,5.22485,1.23826,0.06379,4.26152,13.95476,26.2943,1.0,0.85207,6.773359439,80.70391009
0,2,63_58,24.57932,55.07101,19.01153,2.2745,5.20808,1.20643,0.06496,3.68154,13.95693,26.24487,2.0,1.33487,6.792071582,80.70001008
0,2,70_72,14.97538,67.43537,16.00085,0.98913,5.81313,1.37613,0.05564,13.22383,13.49924,26.98649,,4.79904,7.169546568,80.88904174
0,3,68_62,26.39712,49.78312,22.79103,2.188,5.26597,1.16901,0.07627,2.4251,14.69385,28.01461,1.0,1.96636,6.88581123,80.81042151
0,0,61_62,24.18718,56.63303,18.32316,2.20487,5.23562,1.2061,0.06074,1.74896,14.54674,23.92997,2.0,1.06026,6.87769865,80.63571858
0,1,54_63,19.99024,65.8501,12.74575,2.10248,4.95648,1.26042,0.05591,4.70341,11.59232,22.94364,1.0,2.8833,6.916885047,80.44734752
0,4,62_62,26.34684,53.22498,19.95235,2.22316,5.2248,1.19039,0.06297,1.11186,14.55363,25.93567,2.0,1.56865,6.875972461,80.66361006
0,3,62_70,24.56482,55.20371,19.1458,1.48602,5.39517,1.25167,0.06496,2.76033,14.22056,26.27063,1.0,0.3918,7.098393567,80.65316138
0,4,58_64,18.59388,65.98182,14.16425,2.18133,5.1017,1.26001,0.06059,2.63921,13.39654,19.38733,3.0,3.43665,6.930583885,80.56447592
0,2,64_58,24.25245,55.30177,19.00518,2.27315,5.22891,1.2315,0.06526,4.14368,13.95788,26.53806,2.0,2.06055,6.780554004,80.7186332
0,1,71_71,15.57568,65.71875,16.92564,1.30912,5.7183,1.33111,0.0567,14.00979,13.86476,28.41444,3.0,7.06605,7.13618404,80.91674428
0,2,59_62,20.99697,62.55739,15.18366,2.2144,5.08099,1.24699,0.06066,2.7651,13.40227,21.50109,2.0,1.18201,6.900520964,80.5806833
0,4,66_69,23.60896,53.96631,20.85615,2.15584,5.29549,1.20568,0.06349,8.82862,15.31241,30.80581,4.0,4.68825,7.064153962,80.77266258
0,1,58_60,21.44549,62.14114,14.65714,2.39877,5.09956,1.25613,0.05827,4.55506,13.02857,22.12628,2.0,1.10003,6.833133805,80.56392548
0,3,64_61,26.87993,51.24534,21.24998,2.26444,5.21282,1.16782,0.06856,1.21355,14.56376,26.86137,2.0,0.95011,6.858333057,80.71790509
0,4,63_67,25.05619,54.47916,19.46331,2.20598,5.32721,1.19209,0.0653,3.00746,14.69005,26.61963,2.0,4.89316,7.029191568,80.67667584
0,0,67_64,25.51297,51.10752,22.02016,2.2302,5.31515,1.13511,0.07404,6.24269,15.61443,30.71197,1.0,1.12068,6.951661339,80.80912295
0,4,59_59,22.49448,60.87458,14.03764,2.41321,5.11968,1.25186,0.0591,4.45021,13.03311,20.2437,2.0,3.54545,6.808225941,80.58865947
0,3,64_60,25.79804,52.56084,20.71558,2.2734,5.21524,1.177,0.06925,1.68986,14.56194,26.07144,2.0,0.89738,6.829977817,80.72811921
0,2,66_60,26.39025,50.54404,22.23615,2.20423,5.26391,1.16991,0.07386,0.77319,14.68471,26.05848,2.0,1.2153,6.842687438,80.75820879
0,0,63_60,24.95505,54.65394,19.29176,2.25019,5.2179,1.19021,0.06527,2.37375,14.55364,25.36661,2.0,2.95501,6.821190832,80.69475854
0,3,68_62,25.54139,50.81371,22.44775,2.19329,5.27073,1.17104,0.07701,2.30767,14.69168,26.97829,1.0,2.07123,6.874498893,80.81813324
0,4,64_64,29.18639,47.81721,22.69304,2.28287,5.27079,1.15621,0.06754,1.62755,15.45309,30.03096,2.0,2.9202,6.931265053,80.72639642
0,0,64_70,24.18138,55.24214,19.24007,1.50385,5.37816,1.25555,0.06037,5.20271,13.96856,27.91051,2.0,2.95749,7.102371556,80.70858513
0,4,69_68,19.4395,58.98867,19.31613,2.12533,5.49198,1.20155,0.0635,15.70486,15.38957,33.7682,2.0,2.22001,7.045822625,80.86236833
0,3,66_58,24.94646,52.79922,20.92377,2.23181,5.34405,1.20195,0.07163,3.45144,14.89359,26.91705,1.0,2.85119,6.785828314,80.75963821
0,0,62_61,26.3827,52.99836,20.06478,2.2321,5.22066,1.18733,0.06388,1.25685,14.55494,26.07482,2.0,2.74091,6.866745725,80.67095752
0,2,58_62,20.62306,63.70853,14.15696,2.2005,5.05452,1.26186,0.05919,3.43152,13.39378,21.44654,3.0,1.01375,6.875627354,80.53906579
0,1,67_68,22.08761,55.85072,20.56201,2.12532,5.39912,1.20772,0.06418,9.76292,15.18499,30.60099,1.0,3.24729,7.04470031,80.8050765
0,3,62_63,28.7133,49.90223,21.51615,2.22255,5.22411,1.18154,0.06342,0.03818,14.55767,27.85361,1.0,3.27363,6.902610881,80.67124315
0,2,56_63,19.8687,64.62615,14.10236,2.07897,5.09897,1.28758,0.05983,2.81421,12.6628,20.75833,2.0,0.59452,6.923573078,80.49138358
0,1,65_68,24.56678,53.50716,20.89044,2.18507,5.27747,1.19456,0.0646,5.71589,15.30951,29.16711,1.0,2.70246,7.039665328,80.73452307
0,1,57_58,20.46234,64.26971,13.42864,2.38117,5.08345,1.28424,0.05211,6.45104,11.37952,23.54299,1.0,5.06989,6.772561904,80.53003585
0,0,67_64,27.21895,49.06576,22.75788,2.24358,5.30835,1.12993,0.07393,4.06117,15.61212,30.41022,1.0,0.56782,6.949784265,80.79420656
0,1,57_58,20.46234,64.26971,13.42864,2.38117,5.08345,1.28424,0.05211,6.45104,11.37952,23.54299,1.0,5.22681,6.778290313,80.52800163
0,2,71_68,17.93237,60.30223,19.17605,2.20417,5.47929,1.20761,0.06449,19.7528,15.73828,36.32545,2.0,5.56844,7.045372308,80.89799787
0,3,65_59,24.81895,54.15011,19.74963,2.28767,5.21245,1.19637,0.06744,3.39512,13.96198,26.54579,3.0,3.70142,6.797226604,80.72871155
0,2,54_65,20.35617,64.46044,13.7366,2.01837,5.07602,1.26762,0.05964,3.54517,12.65352,22.2845,3.0,2.76764,6.967808255,80.44812465
0,3,61_68,24.10011,56.65901,18.1471,1.57335,5.3548,1.21718,0.06561,2.16959,14.07381,24.80771,,4.3893,7.058865333,80.63636738
0,0,64_70,24.153,54.52665,19.91718,1.53764,5.42501,1.2534,0.058,6.56363,14.21945,29.16031,2.0,2.82778,7.103123507,80.71815217
0,4,66_62,27.57023,48.441,23.29623,2.19992,5.25782,1.16551,0.07556,0.84681,14.69165,27.66511,2.0,2.31857,6.884763963,80.78152464
0,0,63_62,28.33633,50.19474,21.41774,2.2323,5.21942,1.17804,0.06444,0.36403,14.55902,27.68068,2.0,4.23859,6.894099157,80.68566524
0,3,64_59,24.83486,54.66211,19.24436,2.27825,5.19962,1.20182,0.06546,3.40051,13.95796,26.27413,2.0,3.04576,6.808256307,80.70308461
0,1,68_66,24.4809,52.47569,21.48879,2.27998,5.27244,1.15953,0.07009,8.87288,15.85058,32.07571,2.0,1.7962,6.985489862,80.81510612
0,2,70_67,17.48499,59.92351,19.69461,2.14601,5.4709,1.19097,0.06557,22.76073,15.3951,38.82395,3.0,4.22225,7.029384747,80.88821295
0,0,60_67,23.30285,57.85428,17.79266,2.21879,5.29302,1.21002,0.06694,1.93991,14.60911,23.80422,2.0,3.71051,7.032210219,80.61278202
0,3,64_66,26.41563,51.70311,21.26188,2.29665,5.25132,1.15404,0.06871,2.63694,15.42755,27.99755,3.0,4.1491,6.982837409,80.71482217
0,1,54_63,19.99024,65.8501,12.74575,2.10248,4.95648,1.26042,0.05591,4.70341,11.59232,22.94364,1.0,2.56309,6.914004342,80.44694248
0,4,59_58,22.12202,61.50723,14.34635,2.37297,5.15455,1.26421,0.05684,5.20028,12.29836,23.12745,1.0,4.98213,6.768832649,80.58008232
0,3,71_73,14.25298,68.73453,15.56094,0.98394,5.84814,1.38837,0.05447,13.21381,13.49065,26.35034,2.0,1.76728,7.192191046,80.90603804
0,3,70_66,19.52227,57.90249,20.20872,2.04676,5.41348,1.18432,0.0689,16.07144,15.186,34.37735,1.0,4.16705,6.996938585,80.86809842
0,4,62_65,24.55708,55.73567,19.17297,2.24475,5.1813,1.18207,0.06613,0.95554,14.5883,24.34047,1.0,2.10345,6.963962271,80.65707166
0,0,69_65,21.42739,56.08579,20.57178,2.08623,5.44103,1.16279,0.06967,11.72058,15.20961,32.08786,4.0,3.97334,6.976796889,80.85531134
0,1,68_68,20.81198,57.46539,19.71756,2.138,5.46911,1.19592,0.06395,12.90821,15.38853,32.35997,1.0,2.0485,7.042104727,80.83596368
0,0,63_62,27.72595,50.78648,21.21138,2.24148,5.21649,1.17547,0.0655,0.75341,14.56012,27.32345,2.0,4.09886,6.875899521,80.68686143
0,4,70_70,17.54582,62.92961,17.79133,1.49542,5.6112,1.29487,0.05621,13.52947,14.41209,29.87591,3.0,7.96089,7.111844374,80.88943732
0,3,67_62,26.75755,49.29814,23.0373,2.19706,5.26193,1.16669,0.07641,1.55232,14.69253,27.53111,2.0,1.17203,6.880528986,80.80546078
0,3,61_63,23.79791,57.7951,17.71883,2.25323,5.08011,1.22059,0.0637,1.47327,14.1359,23.63777,2.0,0.89173,6.911987581,80.6209116
0,1,57_65,18.33587,66.91832,13.5141,2.1752,5.13782,1.25663,0.06249,1.98634,12.79149,18.6977,2.0,0.71659,6.966959164,80.51427307
0,0,65_60,25.97547,51.17612,21.85184,2.23283,5.23338,1.18095,0.07343,1.68899,14.08749,26.44095,1.0,2.89336,6.824216374,80.75445539
0,4,69_68,20.70352,57.3457,19.83476,2.2124,5.44673,1.2016,0.06353,14.9228,16.04194,34.28411,2.0,3.13332,7.054549196,80.86416321
0,3,64_61,26.46433,51.8283,20.9741,2.26618,5.21327,1.1703,0.06854,1.39902,14.56262,26.53032,2.0,0.43741,6.849614249,80.7160611
0,1,68_59,24.10632,52.97787,21.45097,2.18364,5.35526,1.18363,0.07537,3.18391,14.70472,26.15077,1.0,1.07183,6.793385457,80.81286954
0,3,60_58,22.37268,60.20495,15.58634,2.44815,5.18917,1.28066,0.05693,5.1142,13.68228,23.85629,2.0,2.67197,6.766161852,80.61824509
0,2,56_62,20.92051,63.44,14.23348,2.08559,5.04059,1.25484,0.05718,2.71842,12.6382,21.48987,2.0,2.11465,6.900036204,80.49789802
0,2,64_62,27.73078,49.83158,21.99047,2.2646,5.21293,1.16072,0.06941,0.92,14.5677,27.67087,2.0,3.28245,6.878842774,80.72702017
0,1,66_68,23.99103,53.72563,20.96835,2.1797,5.27629,1.19548,0.06453,7.6356,15.3133,30.28529,3.0,5.41648,7.053912221,80.76660472
0,2,70_67,18.94257,58.68364,19.83526,2.15972,5.44997,1.18484,0.06626,18.64302,15.39502,36.24318,2.0,2.23729,7.024907161,80.86959878
0,0,61_62,24.9052,55.50318,18.86044,2.21088,5.23206,1.20087,0.06146,1.54397,14.54904,24.59989,2.0,0.84326,6.883439941,80.64319007
0,3,64_68,24.64336,53.59086,20.7945,2.18235,5.28189,1.19629,0.06444,5.21743,15.30783,28.79609,1.0,2.0719,7.037891611,80.7255683
0,4,66_70,23.49126,54.51701,20.06623,1.50915,5.40093,1.25979,0.05834,9.0978,14.16273,30.41148,2.0,2.1864,7.115849786,80.76183304
0,0,58_63,18.98237,65.91477,13.71179,2.16991,5.0797,1.2696,0.05977,3.06613,13.3901,20.00666,2.0,1.67872,6.916126017,80.53854609
0,3,63_61,25.79665,53.6193,19.78384,2.24224,5.21782,1.1848,0.06481,1.71563,14.55503,25.75791,1.0,3.92757,6.851099439,80.68447989
0,2,70_67,19.8038,57.88145,19.97547,2.17271,5.43484,1.17959,0.06693,16.37817,15.39534,34.90256,2.0,2.23592,7.016691412,80.86523631
0,0,68_60,25.35856,50.76711,22.65342,2.23369,5.24034,1.17325,0.07743,1.42567,14.09261,25.92622,3.0,3.82268,6.833251999,80.82162826
0,3,64_60,25.59299,53.31476,20.14444,2.26167,5.21561,1.17873,0.06729,1.93383,14.55841,25.9051,2.0,1.35547,6.835124883,80.70885927
0,0,55_65,20.17453,64.46976,13.9354,2.02877,5.09442,1.26358,0.06007,3.19716,12.65613,21.72142,2.0,1.57627,6.966025813,80.46718593
0,4,67_60,26.07837,49.26952,23.76161,2.24454,5.23816,1.17247,0.07736,-0.90061,14.09148,24.46713,1.0,2.77053,6.825717093,80.8009297
0,1,68_59,24.2053,52.59873,21.66612,2.18746,5.33738,1.17721,0.07682,3.2129,14.70736,26.36231,2.0,2.57034,6.813378091,80.82777047
0,1,68_66,22.53476,55.06333,20.54661,2.20596,5.40111,1.16076,0.06938,10.79729,15.56038,31.98311,1.0,2.26406,6.988190458,80.82940466
0,0,63_60,25.07049,54.65998,19.23108,2.24433,5.21831,1.19078,0.06463,2.21982,14.55293,25.28407,3.0,3.65761,6.831616688,80.68516725
0,1,65_71,23.65907,54.8535,19.84867,1.53197,5.44261,1.25634,0.0569,7.83148,14.22338,29.68166,3.0,2.3741,7.121072038,80.74588481
0,4,59_59,22.49448,60.87458,14.03764,2.41321,5.11968,1.25186,0.0591,4.45021,13.03311,20.2437,2.0,3.60205,6.8052042,80.5827426
0,3,57_59,20.42897,64.90752,13.02939,2.62713,5.00861,1.27166,0.05574,5.20289,12.25298,22.5019,2.0,1.96489,6.817193533,80.51936444
0,2,57_61,20.82622,64.09131,13.52193,2.60586,5.00277,1.26422,0.05689,4.76696,12.25138,22.78111,1.0,1.91056,6.853357165,80.52152131
0,1,68_59,25.58074,50.29746,23.02772,2.23771,5.24464,1.17534,0.07721,0.4754,14.09137,25.24057,1.0,2.28204,6.819450367,80.81808327
0,2,54_65,20.35617,64.46044,13.7366,2.01837,5.07602,1.26762,0.05964,3.54517,12.65352,22.2845,3.0,3.19403,6.966175415,80.44461916
0,3,64_67,25.18044,53.48036,20.38307,2.24145,5.29502,1.18451,0.06713,3.51482,15.42184,27.41614,2.0,1.10024,7.021295847,80.71012613
0,4,60_59,22.57508,60.09766,15.30142,2.44447,5.18003,1.2471,0.05784,4.50507,13.68269,22.464,2.0,1.98547,6.793628551,80.6020726
0,0,63_66,25.22242,53.99212,20.08044,2.2542,5.29271,1.18255,0.0666,2.2152,15.41815,26.27312,2.0,4.49451,7.002807315,80.68313799
0,0,60_64,19.73889,63.73645,15.51224,2.20835,5.12578,1.21255,0.06515,1.6333,13.67026,19.71799,3.0,1.60781,6.938176083,80.59299478
0,3,65_59,25.47446,52.84196,20.57912,2.30171,5.1948,1.18278,0.06955,2.59293,13.96617,26.6182,1.0,3.14822,6.812257505,80.74227614
0,1,57_62,19.91995,64.6482,13.99396,2.18568,5.06636,1.26321,0.05945,3.24255,13.39199,20.85535,2.0,1.65029,6.899934775,80.53826725
0,2,64_58,24.1955,55.5556,18.79224,2.26951,5.22672,1.23486,0.06451,4.20415,13.95633,26.43089,2.0,1.26489,6.772359994,80.70851645
0,2,61_66,21.88041,59.90199,17.34353,2.29519,5.2132,1.19172,0.06368,1.52317,14.33206,22.09661,4.0,2.72018,6.990029458,80.6230154
0,1,57_62,20.17237,64.45999,13.87486,2.18674,5.05445,1.26084,0.05904,3.44179,13.39053,21.18793,4.0,1.45518,6.884947623,80.52720472
0,1,63_63,31.55657,46.13897,22.98762,2.33536,5.18526,1.16442,0.06163,-0.58812,15.30352,30.67209,1.0,2.14894,6.924313203,80.6814043
0,3,65_58,24.96862,52.93966,20.76264,2.22903,5.34311,1.19422,0.07097,3.54845,14.8925,26.9516,1.0,3.75692,6.785051473,80.74952933
0,0,61_59,23.0855,58.7899,16.50004,2.4541,5.17651,1.23615,0.05951,4.34187,13.68846,24.10776,2.0,1.55728,6.79755392,80.63178393
0,3,71_73,14.56094,68.31605,15.7019,0.98499,5.842,1.38565,0.05445,13.02781,13.4928,26.4611,,2.55703,7.189730828,80.89925525
0,1,68_72,20.75519,59.77368,18.10589,1.50182,5.59014,1.28873,0.05468,9.12488,14.85653,28.64528,3.0,2.87035,7.153755942,80.82823904
0,2,69_67,20.70549,57.26282,19.95414,2.16251,5.44329,1.18444,0.06578,13.78553,15.39223,33.21335,2.0,1.31504,7.01888786,80.84576037
0,1,66_65,27.45078,49.36946,22.43042,2.22471,5.3207,1.13993,0.07148,3.11695,15.60707,29.63404,1.0,1.24199,6.958282405,80.75918746
0,2,57_61,21.0004,63.70777,13.72258,2.60528,4.9994,1.26089,0.05744,4.65003,13.32024,22.72887,4.0,1.95967,6.847986232,80.53065239
0,0,61_60,23.86837,57.54023,17.08677,2.29759,5.09997,1.22625,0.06288,3.78302,13.43756,24.53725,1.0,3.32462,6.824205452,80.62984764
0,3,65_58,24.5825,54.37577,19.69122,2.2861,5.22445,1.19709,0.06756,3.64488,13.96226,26.60705,2.0,4.38824,6.787537393,80.7389772
0,3,70_66,19.11852,58.39857,19.95528,2.17135,5.43729,1.17993,0.06707,18.36049,15.39625,36.16631,4.0,3.58125,7.008697054,80.87441517
0,0,58_59,21.4658,62.4231,14.05968,2.40352,5.11142,1.26813,0.05694,5.19794,13.02542,22.07499,2.0,4.53494,6.798400936,80.55720056
0,4,59_58,22.2872,60.82498,14.78954,2.41927,5.12601,1.2531,0.05869,4.8914,13.03445,22.26708,3.0,3.03461,6.790462153,80.59226656
0,2,54_65,20.20901,64.57831,13.77855,2.03141,5.07949,1.26276,0.0595,3.37971,12.65533,21.91496,1.0,3.04245,6.958778658,80.45247544
0,3,72_67,17.04783,60.69407,19.44197,2.14853,5.46247,1.21353,0.06532,21.40631,15.84686,37.10652,2.0,5.73771,7.030711696,80.91901005
0,3,66_63,30.56192,44.59721,24.62868,2.16725,5.27606,1.1426,0.07536,-0.04029,15.03039,30.14541,1.0,4.21996,6.904740837,80.78050655
0,4,67_60,26.56121,49.1431,23.53955,2.21744,5.25951,1.16469,0.07676,-0.78279,14.68724,24.99669,2.0,3.20294,6.842872007,80.78427864
0,2,65_69,24.01669,53.74351,20.62159,2.12339,5.33206,1.22124,0.06225,7.70506,15.3053,29.91491,3.0,1.48702,7.088299569,80.74336494
0,3,62_70,24.56482,55.20371,19.1458,1.48602,5.39517,1.25167,0.06496,2.76033,14.22056,26.27063,1.0,0.65995,7.099657255,80.65596462
0,2,62_58,23.11565,58.48943,16.83928,2.45986,5.18388,1.25546,0.05979,4.69041,13.69043,25.00461,1.0,3.97565,6.776043894,80.65274734
0,3,60_66,20.20683,62.56651,16.25793,2.27961,5.21819,1.20153,0.06286,1.44394,14.32661,20.32458,3.0,0.9103,6.992489295,80.60578627
0,3,57_59,20.54445,64.80499,12.97643,2.64519,4.99617,1.27969,0.05144,5.52254,11.65709,22.86377,3.0,3.44376,6.799944434,80.52434359
0,1,57_58,20.25096,64.6669,13.28128,2.3768,5.07704,1.28641,0.05148,6.61899,11.37751,23.69869,2.0,4.3568,6.776464909,80.5193313
0,0,67_75,21.63501,61.144,15.99702,1.06149,5.79592,1.34091,0.0538,6.54038,13.63293,27.16804,3.0,2.31793,7.229292752,80.78325766
0,0,66_66,25.08284,52.20882,21.36527,2.24753,5.30074,1.16184,0.06755,7.20183,15.84329,30.92571,1.0,0.37928,7.00171889,80.77756003
0,1,63_69,24.35981,55.06183,19.37528,1.51233,5.35418,1.2499,0.06093,4.95821,13.9677,27.9714,2.0,2.13586,7.090836833,80.69600515
0,3,64_68,24.55216,53.89422,20.56803,2.16705,5.29752,1.20354,0.06389,4.94932,15.30506,28.41368,2.0,2.91094,7.046231652,80.71779441
0,0,70_73,15.61252,66.59798,16.21899,0.99071,5.80433,1.37143,0.05566,12.68639,13.50314,27.04774,2.0,4.82889,7.173454684,80.87432277
0,2,66_64,28.79585,47.20504,23.43042,2.25452,5.30369,1.14718,0.07364,2.14042,15.60979,30.23049,1.0,1.75914,6.936780707,80.77114346
0,0,59_63,19.87396,64.06834,14.84975,2.19769,5.0956,1.24945,0.0608,2.59767,13.40035,20.51797,2.0,2.25707,6.91740992,80.58066089
0,3,64_59,24.7567,54.43895,19.50946,2.28334,5.2107,1.19967,0.06659,3.50048,13.96032,26.48258,2.0,2.50087,6.795603859,80.71637747
0,0,56_64,19.81183,64.77433,14.01731,2.04779,5.10731,1.25649,0.06014,2.89845,12.65934,20.99309,2.0,3.54062,6.951777578,80.488007
0,0,63_62,27.72595,50.78648,21.21138,2.24148,5.21649,1.17547,0.0655,0.75341,14.56012,27.32345,2.0,4.11908,6.876210711,80.68707874
0,3,63_61,26.04256,53.07931,20.11457,2.24821,5.21618,1.18053,0.06568,1.62823,14.55699,26.04104,2.0,2.77087,6.853002856,80.69510943
0,0,66_73,22.86617,57.7094,18.0673,1.52706,5.62637,1.28257,0.05385,5.91031,14.5833,27.44934,1.0,7.5563,7.184189923,80.76158168
0,0,57_60,20.43376,64.10918,13.81316,2.61632,5.0024,1.25559,0.05692,4.58928,13.32089,21.87425,2.0,0.07566,6.829628537,80.53118076
0,4,68_73,17.97347,63.98199,16.74041,1.00988,5.79264,1.37354,0.05409,11.00582,13.24177,27.79823,2.0,1.1483,7.188866854,80.83564695
0,3,60_66,20.60207,61.97569,16.43814,2.27014,5.22294,1.20471,0.06315,1.44776,14.32613,20.72695,3.0,1.69244,7.003487804,80.60269198
0,1,65_71,23.65907,54.8535,19.84867,1.53197,5.44261,1.25634,0.0569,7.83148,14.22338,29.68166,2.0,2.53512,7.122574633,80.74600072
0,0,59_63,20.48227,63.06669,15.31613,2.20574,5.09638,1.24447,0.06115,2.46898,13.40322,21.03932,2.0,1.89705,6.919496263,80.5914334
0,4,69_72,19.78981,60.48601,18.35297,1.44869,5.64329,1.29312,0.05474,9.96575,15.04472,28.54408,2.0,2.72893,7.156318269,80.83932844
0,2,69_73,17.57668,64.44074,16.69604,1.00881,5.79621,1.37583,0.05393,11.5464,13.23984,27.95531,,1.83577,7.188869496,80.84479422
0,1,60_65,18.63042,65.31174,15.0455,2.29118,5.14107,1.21344,0.06372,1.83798,13.42368,19.0119,3.0,2.99871,6.956711612,80.60041668
0,4,66_67,24.39439,52.93116,21.29801,2.24445,5.30008,1.16626,0.06651,8.00359,15.67835,31.29514,3.0,1.43929,7.01239436,80.78081296
0,1,63_69,24.90173,53.97401,20.04659,2.12944,5.33067,1.21249,0.06244,4.80972,14.57581,28.45559,2.0,2.36611,7.07241533,80.70002825
0,1,67_67,24.39439,52.93116,21.29801,2.24445,5.30008,1.16626,0.06651,8.00359,15.67835,31.29514,2.0,1.39516,7.013229725,80.78737083
0,1,71_66,17.99727,59.08806,20.18834,2.06956,5.44006,1.18862,0.0689,19.74859,15.6671,36.47018,1.0,2.8608,6.995213545,80.89420146
0,2,56_63,20.45905,64.07007,14.10212,2.0715,5.05122,1.2567,0.05776,2.58239,12.63669,21.07731,2.0,1.18274,6.913961207,80.50635392
0,0,63_66,25.72519,53.16145,20.48581,2.27068,5.27771,1.17392,0.06716,2.18353,15.42099,26.79448,2.0,3.85354,6.995853093,80.69485168
0,3,61_68,24.19933,56.48424,18.23062,2.20399,5.29898,1.21621,0.06709,2.09128,14.6094,24.85036,3.0,5.44295,7.048087112,80.62095084
0,0,59_63,20.59222,63.27052,14.81676,2.20668,5.0789,1.25152,0.06033,2.89327,13.39956,21.19386,2.0,0.5466,6.902443709,80.5657005
0,1,68_72,21.09129,59.32441,18.2034,1.50254,5.58312,1.28764,0.05499,8.78111,14.85678,28.60171,2.0,2.92492,7.155873702,80.81924874
0,3,67_58,24.06571,53.34605,21.15637,2.1807,5.36157,1.18872,0.07393,3.39412,14.70286,26.20568,1.0,1.77928,6.790068015,80.7964962
0,4,67_60,26.9704,47.4548,25.0013,2.25377,5.22158,1.16466,0.07782,-2.95285,14.09284,23.50581,2.0,3.47415,6.829069664,80.79246774
0,4,68_73,19.15443,62.15682,17.43161,1.26021,5.73742,1.33668,0.05399,10.1705,13.82006,28.16651,2.0,0.5908,7.184837469,80.83017974
0,1,68_59,24.2149,52.65482,21.65472,2.18712,5.34549,1.17949,0.07626,3.02733,14.70616,26.1634,1.0,1.24515,6.805316255,80.81835618
0,3,67_62,27.07044,48.94204,23.11675,2.19168,5.26226,1.16709,0.07603,1.81411,14.69358,28.13273,2.0,1.70507,6.884965851,80.80745644
0,3,59_69,23.58825,58.36177,17.12754,1.59538,5.30887,1.27529,0.06211,0.67973,12.99339,23.00001,2.0,1.59626,7.065799259,80.57740685
0,0,70_73,15.52948,67.08304,16.03167,0.98789,5.82787,1.37783,0.05443,12.20675,13.49911,26.5745,,4.09625,7.191005861,80.86630554
0,3,67_58,23.83687,53.93616,20.74818,2.17258,5.37376,1.1958,0.07259,3.90212,14.7011,26.37808,1.0,0.82634,6.776079299,80.78434727
0,1,68_68,20.67476,57.63484,19.97673,2.10225,5.43733,1.21782,0.06284,11.97141,15.18516,31.33954,1.0,0.45098,7.062966851,80.83494348
0,3,64_61,26.93092,50.92927,21.49799,2.27036,5.21243,1.1641,0.06958,1.15119,14.56558,26.92006,2.0,1.08843,6.856763556,80.72715496
0,3,57_59,20.75447,64.37431,13.14439,2.46376,5.10111,1.28154,0.05451,5.38469,11.78756,22.70112,2.0,3.71412,6.796720691,80.53276403
0,1,55_63,20.54411,64.21862,13.77752,2.09848,4.98512,1.28927,0.05609,4.08262,11.9947,22.6809,1.0,2.19741,6.912563317,80.47296126
0,1,63_63,31.4397,45.92647,23.33185,2.23048,5.21967,1.17111,0.06488,-0.93789,14.56306,30.16773,1.0,2.61742,6.907516883,80.6925943
0,2,63_58,24.57932,55.07101,19.01153,2.2745,5.20808,1.20643,0.06496,3.68154,13.95693,26.24487,1.0,1.44294,6.79260739,80.69663301
0,1,68_68,21.17733,56.93526,20.23665,2.11405,5.41851,1.21245,0.0636,11.3019,15.18565,31.19533,2.0,2.48235,7.04759786,80.82143937
0,3,62_70,24.50457,55.16409,19.19654,1.48797,5.39682,1.24983,0.06462,3.07319,14.22232,26.47538,2.0,1.49028,7.097758455,80.66330337
0,0,60_67,21.02215,61.35253,16.6271,2.26074,5.22763,1.20778,0.06348,1.43881,14.32569,21.1389,3.0,2.58988,7.010130999,80.60807935
0,0,61_65,23.75323,57.01651,18.61806,2.23703,5.18546,1.18695,0.06564,0.98096,14.58529,23.50142,1.0,3.21706,6.961815583,80.64339457
0,3,66_63,29.84068,46.10449,23.69846,2.2325,5.24421,1.13907,0.07179,1.04531,14.85234,30.27482,2.0,4.53971,6.912074539,80.76427111
0,0,66_66,25.08284,52.20882,21.36527,2.24753,5.30074,1.16184,0.06755,7.20183,15.84329,30.92571,2.0,0.65505,6.998816951,80.77959458
0,0,67_59,25.44616,50.76412,22.67555,2.2352,5.25207,1.177,0.07629,0.79559,14.08953,25.33605,1.0,1.38207,6.813882626,80.8054091
0,2,70_72,15.01318,67.20124,16.10577,0.99077,5.80057,1.37265,0.05625,13.4965,13.50142,27.26128,1.0,5.25543,7.163374137,80.88967654
0,2,58_62,20.47204,63.75516,14.32947,2.19999,5.06522,1.2588,0.05961,3.22503,13.39535,21.22768,3.0,2.34732,6.885323095,80.54726038
0,3,67_58,24.06571,53.34605,21.15637,2.1807,5.36157,1.18872,0.07393,3.39412,14.70286,26.20568,1.0,2.02694,6.786568754,80.7921566
0,0,63_62,29.62619,48.50833,22.15853,2.22875,5.22041,1.17645,0.06422,-0.24748,14.55999,28.65401,1.0,3.87381,6.900754224,80.68070228
0,3,64_69,24.56893,53.77953,20.22975,2.11374,5.34289,1.21738,0.06165,6.56641,14.57912,29.51311,2.0,3.14695,7.086816558,80.72475265
0,0,62_61,25.48956,54.23331,19.4243,2.2363,5.21978,1.18918,0.06397,1.8176,14.55304,25.41278,3.0,3.58821,6.854265779,80.66977703
0,0,66_61,27.33772,48.85862,23.11459,2.20353,5.25766,1.15034,0.07525,0.59645,14.68997,27.11097,2.0,2.62151,6.874068827,80.7725742
0,3,71_69,17.99471,61.14537,18.51504,2.17844,5.524,1.22348,0.06244,17.29062,15.73174,33.97578,4.0,8.1645,7.06958121,80.91238711
0,0,66_59,26.00293,50.82946,22.18853,2.23685,5.23281,1.17793,0.07435,1.29431,14.08849,26.17533,2.0,3.74357,6.819240398,80.76414712
0,3,60_66,19.88191,63.05956,16.10695,2.2892,5.21318,1.19816,0.06262,1.42772,14.32714,19.97439,3.0,1.06149,6.986665911,80.60779665
0,4,59_58,21.50709,62.23249,14.32724,2.39675,5.13322,1.26694,0.05624,5.63764,12.09516,23.08966,2.0,5.87255,6.765758393,80.57259526
0,0,60_67,22.32973,60.17945,16.60193,2.18264,5.24831,1.21077,0.06228,0.37508,13.35536,21.39379,2.0,2.64306,7.025784624,80.60512788
0,1,66_65,26.81688,49.96519,22.25775,2.30278,5.26545,1.1386,0.07023,4.96123,15.84624,30.72396,,0.98486,6.960715255,80.77788747
0,0,60_64,21.36745,60.88669,16.9543,2.2342,5.18416,1.19339,0.06408,0.96244,14.5779,20.86384,3.0,2.28682,6.949121205,80.61286662
0,4,67_66,24.89665,52.0653,21.59161,2.27931,5.27432,1.14723,0.06983,8.10742,15.84916,31.74639,2.0,1.82618,6.985140485,80.7999743
0,0,58_63,18.30019,66.69504,13.65711,2.1678,5.0931,1.26796,0.06013,2.86697,13.39147,19.26811,2.0,3.29363,6.926697699,80.54891673
0,4,57_63,18.98237,65.91477,13.71179,2.16991,5.0797,1.2696,0.05977,3.06613,13.3901,20.00666,2.0,1.65363,6.916433996,80.53807199
0,0,63_62,27.45193,51.36487,20.88474,2.23545,5.21867,1.17984,0.06461,0.79859,14.55804,27.00341,2.0,3.8067,6.882942181,80.68431964
0,0,59_63,19.87396,64.06834,14.84975,2.19769,5.0956,1.24945,0.0608,2.59767,13.40035,20.51797,2.0,2.59632,6.92248283,80.5767706
0,4,69_72,17.16229,64.1234,17.19297,1.30191,5.73279,1.33051,0.05505,11.84856,13.86828,27.7799,4.0,3.54567,7.166777503,80.86047099
0,2,56_59,20.96237,63.6939,13.65507,2.6294,4.98553,1.26289,0.0505,5.76852,11.65302,23.89186,3.0,4.55656,6.805728128,80.49828181
0,1,56_66,19.00211,65.75516,13.86592,2.0429,5.18123,1.29009,0.0626,3.1092,12.79567,20.55708,1.0,1.91869,6.996900744,80.49721204
0,3,71_69,18.31291,61.28818,18.26514,2.15775,5.5516,1.23371,0.06066,15.58039,15.72744,32.59526,3.0,7.2967,7.085596021,80.89658663
0,2,57_61,21.76316,62.57304,14.20519,2.50584,4.98805,1.25994,0.05544,3.92465,12.45458,23.02974,3.0,2.32111,6.853646165,80.51401376
0,0,72_70,15.7216,65.10877,17.25704,1.31913,5.68507,1.32136,0.05807,14.7397,13.86972,29.25469,1.0,9.33005,7.115639587,80.92141853
0,2,62_66,25.42672,54.05011,19.67369,2.27741,5.28512,1.18592,0.06528,2.64737,14.80793,26.71547,2.0,5.39551,7.003276718,80.67412215
0,2,62_58,23.11565,58.48943,16.83928,2.45986,5.18388,1.25546,0.05979,4.69041,13.69043,25.00461,1.0,3.68805,6.775060054,80.64940844
0,3,60_66,21.08047,61.18322,16.8162,2.28735,5.21583,1.19664,0.06327,1.47635,14.32932,21.23771,2.0,1.67355,6.993438231,80.61284135
0,0,59_60,21.85755,61.53765,14.67542,2.40526,5.10713,1.25378,0.05876,4.49815,13.03103,21.85466,2.0,1.39349,6.824402525,80.57721776
0,3,67_62,28.18457,47.81001,23.4094,2.17963,5.27333,1.14269,0.07597,0.80183,15.02867,28.31381,1.0,2.2779,6.886367481,80.78410062
0,2,56_60,21.39132,63.68542,13.36612,2.42638,4.97127,1.26159,0.05294,4.97327,11.99872,23.62189,2.0,2.77702,6.835685788,80.50685332
0,3,72_69,17.40559,62.23448,17.98809,2.09319,5.55402,1.23564,0.06275,17.00958,15.40975,33.13875,3.0,9.37994,7.064595311,80.93622995
0,0,69_65,22.39719,55.16449,20.53145,2.21718,5.39329,1.16104,0.07032,10.90772,15.56192,31.98328,1.0,2.18958,6.979033599,80.83763425
0,0,60_67,23.30285,57.85428,17.79266,2.21879,5.29302,1.21002,0.06694,1.93991,14.60911,23.80422,2.0,4.17352,7.033436362,80.61685897
0,4,62_62,26.9768,52.19738,20.45703,2.22933,5.22148,1.18533,0.06376,0.92472,14.55587,26.52922,2.0,2.60233,6.876239395,80.67324492
0,1,68_59,23.88431,53.30004,21.25778,2.17797,5.36187,1.18571,0.07542,3.60746,14.70471,26.3445,1.0,1.38175,6.798832359,80.81991264
0,1,61_69,24.47917,55.39514,19.10595,1.48853,5.38398,1.25082,0.0651,2.59823,14.21908,26.08218,1.0,1.24354,7.090058126,80.64473883
0,4,67_60,26.53325,49.07168,23.60878,2.24924,5.22142,1.16755,0.07679,-0.63867,14.09184,25.10639,2.0,3.79701,6.830147931,80.78863275
0,2,64_58,23.33874,56.74328,18.40299,2.28737,5.25463,1.22953,0.06304,4.17045,14.30929,25.52407,2.0,1.93873,6.766955015,80.71171834
0,4,59_58,21.99155,61.36061,14.59066,2.41651,5.12676,1.2588,0.05772,5.20938,13.03159,22.56389,4.0,3.84256,6.772794992,80.58967855
0,2,62_66,25.05748,54.699,19.62947,2.30956,5.2367,1.17304,0.06794,1.61019,15.3464,25.50813,2.0,4.17629,6.986346609,80.65973233
0,4,60_59,22.72511,59.67316,15.74336,2.44757,5.17887,1.24352,0.05837,4.46058,13.68459,23.11601,2.0,0.89172,6.797512518,80.61615206
0,2,71_74,13.87933,69.3812,15.33505,0.98116,5.86578,1.39475,0.05396,13.22579,13.48618,26.02831,,0.74281,7.199991752,80.91327392
0,4,65_70,24.2863,54.02452,20.08314,2.0918,5.36765,1.22569,0.06064,7.13447,14.57866,29.59565,2.0,1.84678,7.105417151,80.73418508
0,3,64_60,25.70646,52.92936,20.43004,2.26752,5.21529,1.18085,0.06825,1.82235,14.56019,26.01336,3.0,0.56272,6.834883711,80.72143072
0,2,59_62,21.4527,61.90693,15.32414,2.2361,5.06443,1.24575,0.06152,2.62089,14.12247,21.52679,2.0,0.69884,6.878827685,80.57378618
0,0,66_66,24.84648,52.76411,21.42722,2.30006,5.27502,1.16497,0.06642,5.48104,15.65362,29.07532,1.0,1.65621,7.002688362,80.7585712
0,1,65_68,24.05891,53.73086,20.84968,2.16382,5.29135,1.20307,0.06387,7.40976,15.3104,30.02828,2.0,4.37576,7.060706109,80.7546761
0,4,62_64,25.51614,54.52722,19.64637,2.26672,5.16552,1.15383,0.06611,0.44469,14.59016,24.85163,1.0,2.10698,6.949053003,80.6501743
0,2,72_73,14.01734,68.92993,15.49004,0.98456,5.84338,1.38747,0.05503,13.53173,13.49079,26.41548,3.0,1.86141,7.18321566,80.92127896
0,1,68_67,20.97178,57.16527,19.87242,2.1505,5.45501,1.19012,0.06478,12.84912,15.38994,32.50625,2.0,2.25782,7.034541441,80.8300751
0,1,56_67,19.62916,64.91001,14.14933,1.56044,5.23111,1.32033,0.06184,2.91287,12.12906,21.07783,1.0,3.10117,7.020206705,80.50081697
0,3,66_63,30.6141,44.82892,24.30338,2.23592,5.24214,1.14383,0.07244,0.51121,14.85346,30.65462,1.0,4.63956,6.9042701,80.77243972
0,0,58_59,21.16879,62.87737,14.04426,2.47689,5.09727,1.26944,0.05601,5.21494,12.8131,22.28974,2.0,3.22879,6.809095051,80.55149306
0,2,69_73,17.58407,64.17291,16.9272,1.24659,5.78079,1.34233,0.05322,11.75953,13.51853,28.17031,2.0,1.8611,7.179262231,80.84787841
0,0,59_67,22.26094,60.24596,16.54911,1.60974,5.30375,1.23282,0.06012,0.98232,12.99351,21.91576,3.0,1.81422,7.035989213,80.58367873
0,2,62_58,22.9654,58.36834,17.06006,2.41986,5.2484,1.25404,0.06022,5.33709,13.75513,25.82159,1.0,3.66522,6.771448253,80.6679644
0,1,66_68,24.05891,53.73086,20.84968,2.16382,5.29135,1.20307,0.06387,7.40976,15.3104,30.02828,2.0,4.40493,7.06173368,80.76107804
0,1,57_62,20.62306,63.70853,14.15696,2.2005,5.05452,1.26186,0.05919,3.43152,13.39378,21.44654,2.0,1.25783,6.882232846,80.5359503
0,2,64_58,24.67706,54.74541,19.26391,2.27894,5.20925,1.20303,0.06577,3.59529,13.95864,26.38233,3.0,2.06942,6.792039436,80.71433321
0,3,64_59,25.0347,53.98048,19.7705,2.28776,5.20154,1.19471,0.06716,3.19265,13.96149,26.50814,1.0,2.35822,6.808810617,80.72241046
0,1,55_63,20.55093,64.33626,13.64737,2.09221,4.97846,1.29121,0.05576,4.21155,11.99345,22.85966,1.0,3.05089,6.910410221,80.46554444
0,2,63_58,24.34225,55.45955,18.78702,2.27032,5.2165,1.21127,0.06441,3.96912,13.95586,26.2528,1.0,0.3901,6.783451528,80.69927047
0,0,67_64,27.66862,48.59351,22.90384,2.2432,5.30847,1.12996,0.07352,3.48018,15.61095,30.31234,2.0,0.38869,6.949119913,80.78340561
0,0,66_75,25.27857,58.62036,14.8587,0.9536,5.81158,1.37416,0.05271,6.87397,12.4694,31.26132,3.0,0.81843,7.244104205,80.77551981
0,0,61_60,24.14568,56.96877,17.47285,2.30304,5.10057,1.22189,0.06341,3.67241,13.44011,24.95417,2.0,2.19603,6.826762735,80.64340827
0,2,62_58,23.80999,56.75763,17.85423,2.25425,5.22078,1.2486,0.06175,4.4166,13.94993,25.70291,2.0,3.37758,6.775446031,80.66978536
0,0,62_60,24.82338,55.35276,18.78252,2.23195,5.22158,1.20712,0.06313,2.17841,14.5501,24.80217,2.0,3.58551,6.845291772,80.66121951
0,4,66_62,29.01763,46.70685,23.81142,2.17343,5.27455,1.14259,0.07566,0.62551,15.02954,29.07355,1.0,3.79833,6.900968339,80.78162377
0,3,72_67,16.72371,60.52072,19.79582,2.04087,5.47743,1.20313,0.06707,22.55927,15.6636,37.92912,3.0,3.47113,7.010166422,80.92131434
0,4,65_63,29.12196,47.47003,22.96199,2.29216,5.26396,1.151,0.06905,1.91147,15.45568,30.26102,2.0,4.73559,6.926699904,80.74404224
0,2,73_69,16.78935,63.33146,17.3824,1.92651,5.62514,1.261,0.06347,16.08927,14.71261,31.5473,2.0,9.47607,7.07728655,80.94846482
0,2,71_72,16.06807,65.18711,17.04767,1.30687,5.72113,1.33082,0.05618,13.44198,13.86586,28.31585,2.0,6.30325,7.148523218,80.8954903
0,0,60_64,20.7807,62.12273,16.18024,2.21653,5.12416,1.20692,0.06559,1.49464,13.6737,20.66762,1.0,0.59343,6.933931752,80.60137697
0,0,56_64,19.94791,64.64972,14.14232,2.16844,5.07668,1.25401,0.06058,1.85001,12.65575,19.97813,2.0,2.24344,6.937669484,80.50387761
0,3,67_72,22.43704,57.38784,18.67319,1.51973,5.53355,1.27819,0.05609,8.32853,14.52441,29.20994,2.0,5.09826,7.148197218,80.79719801
0,2,72_73,13.15354,70.24828,14.95639,0.98122,5.86664,1.39589,0.05499,13.75424,13.48433,25.81555,3.0,2.06179,7.183010812,80.94230898
0,2,57_61,20.73747,63.70574,13.9863,2.20085,5.04368,1.25979,0.05874,3.63179,13.39225,21.65265,2.0,0.09018,6.871584158,80.53106096
0,3,63_64,28.16702,50.47755,21.27128,2.42385,5.22264,1.14266,0.06337,0.87674,15.32303,28.25356,1.0,1.31098,6.941572476,80.67834461
0,4,65_61,27.00591,50.30552,22.01002,2.28187,5.2126,1.15701,0.07164,0.95249,14.56912,26.93021,3.0,1.32226,6.861921709,80.74907512
0,4,62_62,26.34684,53.22498,19.95235,2.22316,5.2248,1.19039,0.06297,1.11186,14.55363,25.93567,1.0,1.62287,6.883629269,80.66422879
0,3,65_59,25.47446,52.84196,20.57912,2.30171,5.1948,1.18278,0.06955,2.59293,13.96617,26.6182,2.0,2.72257,6.816621833,80.74067906
0,3,67_61,26.90079,49.08806,23.19108,2.20452,5.25916,1.16547,0.07644,0.82019,14.69112,26.94378,4.0,0.30094,6.872093885,80.79526356
0,3,63_64,28.62791,49.1533,22.06552,2.3443,5.2968,1.13736,0.06793,0.88201,15.78515,28.69841,1.0,1.64152,6.944785984,80.69868111
0,2,68_71,22.0391,57.1759,19.30158,2.11766,5.47512,1.24376,0.05889,9.39915,15.66938,29.99444,2.0,5.95723,7.128695327,80.81326918
0,2,59_62,21.12618,62.32982,15.28474,2.22938,5.06985,1.24622,0.06159,2.51917,14.12188,21.29437,2.0,0.65175,6.885427342,80.57770049
0,0,67_59,26.07837,49.26952,23.76161,2.24454,5.23816,1.17247,0.07736,-0.90061,14.09148,24.46713,1.0,1.97505,6.819460514,80.80760985
0,0,61_65,23.477,57.34903,18.48072,2.22625,5.19292,1.19173,0.06572,1.16091,14.58444,23.39023,1.0,3.80813,6.974674375,80.64595795
0,2,57_61,21.0004,63.70777,13.72258,2.60528,4.9994,1.26089,0.05744,4.65003,13.32024,22.72887,1.0,2.00556,6.8513503,80.52646303
0,4,62_62,26.37199,53.44867,19.85,2.22943,5.19733,1.19356,0.06431,0.54515,14.77481,25.58609,1.0,1.60879,6.894364675,80.65230747
0,0,59_60,22.12529,61.0247,14.95019,2.40939,5.10915,1.24999,0.0593,4.36064,13.03356,21.99261,2.0,2.24134,6.826374266,80.59096022
0,4,67_73,22.22927,58.23781,18.25593,1.53295,5.6137,1.28167,0.05298,8.00912,14.58517,28.91966,1.0,3.88193,7.176827904,80.79598781
0,4,60_59,23.02163,59.41199,15.49052,2.2823,5.10398,1.24459,0.06119,4.38482,13.4297,22.75647,2.0,1.70465,6.800911197,80.60855214
0,1,57_62,21.40987,62.65052,14.48973,2.1055,5.03908,1.25098,0.05701,2.76236,12.64129,21.76244,1.0,1.9596,6.880711769,80.51417758
0,4,62_62,26.89363,52.48886,20.32315,2.21989,5.22645,1.18889,0.06282,0.79137,14.55445,26.36073,2.0,1.33949,6.888924245,80.65819579
0,0,59_67,21.61583,61.51334,15.91278,2.15607,5.2446,1.23325,0.06224,0.266,13.35017,20.56647,2.0,1.16834,7.030332779,80.57779287
0,3,66_58,24.16845,53.31817,21.1169,2.18236,5.35796,1.18892,0.0735,3.34137,14.70248,26.2097,3.0,1.99131,6.787912862,80.78184848
0,0,56_64,19.94791,64.64972,14.14232,2.16844,5.07668,1.25401,0.06058,1.85001,12.65575,19.97813,4.0,2.46537,6.939790176,80.49771498
0,2,59_61,21.11591,62.07796,15.39931,2.17978,5.13274,1.24876,0.06158,2.73306,14.10766,21.07925,2.0,0.76791,6.873056718,80.57988047
0,1,63_69,24.35981,55.06183,19.37528,1.51233,5.35418,1.2499,0.06093,4.95821,13.9677,27.9714,2.0,2.61648,7.090502601,80.70122475
0,0,67_64,26.94585,49.57035,22.50016,2.23053,5.3146,1.13468,0.07296,4.3013,15.61091,30.30614,2.0,0.70229,6.953616709,80.78522446
0,0,59_63,20.48227,63.06669,15.31613,2.20574,5.09638,1.24447,0.06115,2.46898,13.40322,21.03932,2.0,2.12011,6.921704001,80.58771385
0,1,58_60,21.17232,62.7339,14.35785,2.41434,5.07856,1.26394,0.05945,4.2294,13.25193,21.69103,,1.73098,6.833055982,80.55802782
0,4,62_62,26.3827,52.99836,20.06478,2.2321,5.22066,1.18733,0.06388,1.25685,14.55494,26.07482,2.0,2.03126,6.874685158,80.66759393
0,4,66_62,28.80627,47.48202,23.18531,2.24392,5.24349,1.13937,0.07254,1.15515,14.85108,29.20373,1.0,3.85875,6.893787351,80.77083026
0,0,62_61,25.8766,53.86618,19.61756,2.226,5.22356,1.19218,0.06307,1.40624,14.55278,25.57247,2.0,1.77457,6.870203543,80.66271826
0,3,65_66,25.90272,51.73974,21.23204,2.30208,5.31695,1.16079,0.06869,4.58613,15.78921,29.25217,1.0,3.15191,6.990773381,80.74358924
0,0,58_59,21.19671,62.85843,14.01442,2.47132,5.1121,1.26712,0.05565,5.35799,11.79105,22.43731,2.0,4.17222,6.797174465,80.5494977
0,0,61_61,23.9239,57.46097,17.50499,2.26296,5.17809,1.22143,0.06203,2.44639,14.24572,24.02283,1.0,0.62735,6.866871394,80.62526465
0,4,65_72,23.10142,56.39024,19.02078,1.52133,5.49388,1.26234,0.05544,6.84135,14.2242,28.38492,2.0,5.35764,7.157562694,80.75332646
0,0,61_61,24.69545,55.80742,18.64583,2.21394,5.2299,1.20219,0.06156,1.75746,14.54837,24.42297,2.0,1.27356,6.870126545,80.64152313
0,1,58_60,20.7575,63.38289,14.23176,2.405,5.07089,1.2664,0.05918,4.23251,13.24926,21.70748,2.0,0.57525,6.844925944,80.55114775
0,4,59_59,22.46346,60.94609,13.96867,2.41462,5.12322,1.25401,0.05878,4.62173,13.03272,20.3663,4.0,3.85001,6.794524511,80.58514876
0,1,57_58,20.77968,64.36818,13.12222,2.37995,5.08099,1.28283,0.05251,5.55427,11.37969,22.9236,1.0,5.08625,6.784492885,80.52701184
0,3,71_73,14.61859,68.08608,15.78157,0.98659,5.83057,1.38214,0.05503,13.21053,13.495,26.66755,3.0,3.23164,7.17773056,80.9010519
0,0,68_60,25.94165,49.54301,23.53042,2.2429,5.23252,1.16899,0.07783,-0.17476,14.09295,25.04312,1.0,3.28784,6.831163084,80.81089517
0,3,67_62,27.68449,48.21419,23.37586,2.19408,5.25954,1.16591,0.07568,1.27952,14.69319,28.25651,1.0,1.91791,6.888676472,80.79607971
0,1,58_58,21.13118,63.5598,13.46358,2.47443,5.11743,1.28179,0.05493,5.6304,11.79097,22.93551,3.0,6.04156,6.777840612,80.54672911
0,3,63_64,28.16702,50.47755,21.27128,2.42385,5.22264,1.14266,0.06337,0.87674,15.32303,28.25356,1.0,1.3013,6.94368755,80.67993906
0,0,61_65,22.6517,58.69883,17.87173,2.31367,5.2034,1.18257,0.06396,1.48346,14.33552,22.85175,2.0,4.50284,6.979234515,80.63804325
0,3,72_69,17.40559,62.23448,17.98809,2.09319,5.55402,1.23564,0.06275,17.00958,15.40975,33.13875,3.0,9.55412,7.066273786,80.93465491
0,1,60_63,21.74807,60.91861,16.4288,2.22951,5.08994,1.23351,0.06297,1.83388,14.12899,21.87639,2.0,1.58206,6.915708672,80.60410432
0,1,70_68,18.99436,59.41279,19.24099,2.12493,5.49557,1.20179,0.06358,16.77963,15.39028,34.39874,4.0,2.62322,7.046548409,80.86701283
0,0,68_70,20.42829,58.63983,19.28799,2.0543,5.50573,1.24059,0.05948,11.04698,15.17933,30.07825,3.0,2.84729,7.095697048,80.83162698
0,0,67_59,24.53226,52.62775,21.53923,2.19214,5.34203,1.19086,0.07441,2.70032,14.70387,26.00694,2.0,2.17591,6.798529865,80.78827746
0,2,62_59,23.46267,57.90524,17.16917,2.461,5.17433,1.22358,0.06078,4.20161,13.69236,24.86669,2.0,1.85277,6.79872505,80.6490855
0,0,61_57,22.41188,59.66501,16.15653,2.41094,5.25359,1.26865,0.05774,5.74212,13.74857,25.21545,1.0,4.43303,6.755307956,80.6393253
0,1,57_58,20.25096,64.6669,13.28128,2.3768,5.07704,1.28641,0.05148,6.61899,11.37751,23.69869,2.0,4.31419,6.778425374,80.5168763
0,4,59_59,22.49448,60.87458,14.03764,2.41321,5.11968,1.25186,0.0591,4.45021,13.03311,20.2437,2.0,3.28117,6.808770294,80.5841793
0,0,66_66,25.65367,51.75705,21.31914,2.3073,5.30875,1.15743,0.06967,5.5127,15.79234,29.91033,1.0,1.20808,6.990713534,80.76785955
0,0,66_75,23.39809,59.13809,15.92077,1.09695,5.72739,1.32017,0.0542,5.92185,13.38559,28.17576,,2.4113,7.231449856,80.7685222
0,1,68_72,20.9677,59.75506,17.96779,1.49734,5.60161,1.29145,0.05433,8.44548,14.85522,28.19508,2.0,2.59603,7.159683304,80.81852677
0,4,66_71,22.84628,56.61651,18.86903,1.45333,5.55469,1.28285,0.05543,8.03994,13.60734,29.1036,2.0,4.48522,7.135916868,80.76886586
0,0,70_73,14.87556,67.9027,15.82778,0.986,5.83654,1.38299,0.05443,12.79974,13.49493,26.53648,,3.57247,7.18715952,80.89031709
0,1,65_62,28.44716,48.17393,22.90623,2.2712,5.27376,1.14464,0.07145,0.94123,15.33717,28.5332,2.0,4.13792,6.887414451,80.74934861
0,3,65_58,24.96862,52.93966,20.76264,2.22903,5.34311,1.19422,0.07097,3.54845,14.8925,26.9516,2.0,3.76364,6.784791692,80.7493348
0,2,69_66,21.54622,55.81065,20.58794,2.1343,5.38572,1.16698,0.06899,13.41469,15.38286,33.81466,1.0,3.63945,6.997087905,80.84996393
0,0,66_75,23.15988,60.97512,14.87191,0.95069,5.81734,1.37852,0.05217,5.46274,12.46853,27.85455,,0.56048,7.245219375,80.78168619
0,0,67_59,24.71392,51.90081,22.11285,2.1983,5.33299,1.1753,0.07616,2.03617,14.7061,25.69951,1.0,0.9711,6.806881021,80.80070257
0,2,58_62,20.06349,64.30195,14.22734,2.19233,5.07153,1.25962,0.05972,3.13055,13.39443,20.88102,2.0,2.00468,6.894815464,80.55261737
0,4,68_73,19.15443,62.15682,17.43161,1.26021,5.73742,1.33668,0.05399,10.1705,13.82006,28.16651,2.0,0.77308,7.185808407,80.82788487
0,2,73_72,14.56052,67.62588,16.04837,1.16355,5.77803,1.34891,0.05682,13.94324,13.75608,27.40685,3.0,5.73119,7.148500485,80.95582816
0,4,58_64,17.15355,68.0343,13.56157,2.27947,5.12034,1.26646,0.06268,2.25011,13.41432,17.646,2.0,4.09892,6.935889499,80.56072458
0,2,57_61,21.76316,62.57304,14.20519,2.50584,4.98805,1.25994,0.05544,3.92465,12.45458,23.02974,3.0,2.52505,6.850122789,80.51566117
0,2,61_58,22.5221,59.84136,15.87051,2.45076,5.18901,1.26989,0.05748,5.07268,13.68406,24.20092,2.0,2.67828,6.767919937,80.62903216
0,4,66_62,28.80627,47.48202,23.18531,2.24392,5.24349,1.13937,0.07254,1.15515,14.85108,29.20373,2.0,4.47287,6.89346318,80.76327969
0,0,66_66,24.67615,52.82965,21.47223,2.30275,5.26915,1.16334,0.06679,5.97745,15.65515,29.39382,3.0,0.93643,7.005096279,80.76618165
0,1,55_63,20.55093,64.33626,13.64737,2.09221,4.97846,1.29121,0.05576,4.21155,11.99345,22.85966,1.0,2.665,6.912759688,80.46853345
0,4,65_65,27.75026,49.51013,22.10976,2.3504,5.28426,1.14374,0.07013,2.44435,15.79072,29.23786,2.0,2.82249,6.958826687,80.74235726
0,1,58_60,20.74676,63.5607,13.95328,2.49175,5.06584,1.2681,0.05759,4.95001,13.0528,22.18932,2.0,1.3955,6.823748437,80.54219326
0,0,60_67,21.02215,61.35253,16.6271,2.26074,5.22763,1.20778,0.06348,1.43881,14.32569,21.1389,3.0,2.84994,7.016713644,80.60879555
0,4,66_69,23.8622,53.21467,21.00169,2.12679,5.322,1.21933,0.0623,9.5747,15.30818,31.26452,2.0,2.53302,7.088169974,80.76963612
0,0,61_57,22.39443,60.04388,15.8014,2.4503,5.19248,1.27447,0.0569,5.30084,13.68317,24.44219,1.0,3.24985,6.760916921,80.62095651
0,0,65_60,26.28859,51.30491,21.57262,2.28512,5.21432,1.16587,0.07155,1.13772,14.56672,26.26334,1.0,1.2482,6.83872319,80.74950295
0,1,63_68,25.14734,54.18263,19.5866,2.19824,5.33154,1.19394,0.06539,3.39633,14.69102,27.05712,3.0,4.22862,7.041869007,80.68288762
0,4,66_69,23.96527,53.39435,20.84681,2.12482,5.32662,1.22048,0.06228,8.7202,15.3067,30.6611,2.0,1.87608,7.086331219,80.76006047
0,2,69_73,17.57668,64.44074,16.69604,1.00881,5.79621,1.37583,0.05393,11.5464,13.23984,27.95531,,1.42907,7.187421647,80.84130178
0,4,58_61,21.07797,62.74205,14.71538,2.22912,5.05324,1.25402,0.06071,2.97094,14.11771,21.28484,2.0,1.53671,6.866880458,80.55645013
0,3,64_60,25.70646,52.92936,20.43004,2.26752,5.21529,1.18085,0.06825,1.82235,14.56019,26.01336,1.0,0.5471,6.831795942,80.71538762
0,0,68_60,25.51218,50.55276,22.7415,2.23541,5.22973,1.17038,0.07768,1.52517,14.09388,26.1974,1.0,3.63395,6.845527522,80.81949592
0,1,57_58,20.92979,63.80444,13.41899,2.46924,5.10964,1.28262,0.05475,6.42786,11.78933,23.67219,1.0,4.46367,6.790195979,80.53615259
0,1,63_59,24.96685,54.62908,19.19956,2.27648,5.19088,1.20125,0.06505,3.22549,13.95709,26.16123,2.0,3.62238,6.814253396,80.69126102
0,4,65_61,27.37996,49.31493,22.59425,2.28757,5.27037,1.1455,0.07297,0.8628,15.33478,27.24988,3.0,1.12371,6.859882927,80.75236631
0,2,71_72,14.7121,67.61853,15.97908,0.98996,5.80597,1.37501,0.05623,13.69538,13.49948,27.17961,,4.29368,7.165882312,80.90143998
0,3,66_63,29.99749,45.90256,23.75689,2.22556,5.24616,1.13981,0.0714,1.25977,14.85285,30.667,2.0,3.71377,6.91873974,80.76771491
0,3,66_58,25.24105,52.28065,21.22919,2.23952,5.32943,1.19597,0.07234,3.00375,14.89463,26.82146,2.0,3.21733,6.79107981,80.75993802
0,1,71_66,16.97918,59.93501,20.09842,2.05515,5.45634,1.19512,0.06808,22.87146,15.66574,38.50022,1.0,3.45092,7.004212545,80.91029482
0,0,58_59,21.28473,62.54121,14.33172,2.39736,5.10006,1.26516,0.05758,4.81481,13.02597,22.06855,,2.37449,6.819895359,80.55957496
0,4,61_64,24.93539,55.52464,19.1712,2.26913,5.16296,1.20429,0.06568,0.40006,14.58804,24.10382,1.0,1.43362,6.941337693,80.64370773
0,0,58_59,21.38279,62.46643,14.20262,2.39966,5.10419,1.26658,0.05744,4.92488,13.02585,21.96448,,2.81104,6.813495347,80.56227695
0,0,58_59,21.16879,62.87737,14.04426,2.47689,5.09727,1.26944,0.05601,5.21494,12.8131,22.28974,2.0,3.46165,6.808251575,80.55364258
0,0,58_63,18.99812,65.74322,13.8994,2.17622,5.0855,1.2661,0.05998,2.95261,13.39249,19.92093,2.0,2.93255,6.918896798,80.55138126
0,2,65_67,24.77448,53.33288,20.99778,2.27773,5.30557,1.17898,0.06472,4.54231,15.64803,28.02576,1.0,1.27561,7.013762054,80.72971213
0,3,65_58,24.08183,54.11242,20.38495,2.27236,5.36892,1.21885,0.07083,3.67908,15.08734,26.22221,2.0,2.98954,6.77448055,80.75332866
0,4,59_58,22.13411,61.00025,14.88565,2.41996,5.12828,1.25574,0.05816,5.13239,13.03384,22.84544,3.0,3.27355,6.778821446,80.59241318
0,2,56_60,20.91897,63.78073,13.74148,2.60572,4.99962,1.25922,0.0562,5.45612,12.25016,23.68082,2.0,2.74407,6.839298684,80.50826005
0,0,61_61,23.8126,57.67641,17.22541,2.29015,5.08785,1.22429,0.0626,3.37468,13.43548,24.44423,1.0,2.03632,6.853379316,80.62206718
0,0,63_60,25.82042,53.191,20.12797,2.25532,5.21543,1.17938,0.06652,1.79145,14.55777,25.97739,2.0,2.38223,6.841787663,80.70007303
0,2,59_62,21.58337,61.54567,15.67729,2.23646,5.07149,1.24145,0.06196,2.37843,14.12471,21.65473,2.0,1.46516,6.890384948,80.58823346
0,1,60_63,22.62067,59.55031,17.0372,2.23746,5.08834,1.22763,0.06338,1.6488,14.13219,22.64866,1.0,0.60956,6.921275381,80.61463351
0,0,62_60,24.54941,55.60054,18.6596,2.23913,5.21995,1.19813,0.06365,2.55621,14.55003,24.83306,3.0,2.09047,6.824166135,80.67307826
0,3,63_64,28.60106,49.38439,21.93054,2.33918,5.30338,1.14495,0.06727,0.65534,15.78344,28.4562,1.0,1.79453,6.944075504,80.69191726
0,2,56_59,21.16487,63.55533,13.70466,2.51904,4.98551,1.27429,0.05341,5.06137,11.77652,23.30396,2.0,3.0116,6.812516673,80.51073608
0,4,65_57,23.58983,55.26228,19.60531,2.2325,5.38905,1.22767,0.06686,4.45828,15.24088,26.28163,1.0,4.34366,6.760257358,80.74193273
0,0,72_70,17.51803,62.45615,17.81035,2.07285,5.57947,1.24411,0.06113,16.12362,15.40556,32.37397,3.0,11.06726,7.091640693,80.93032563
0,2,59_62,21.58337,61.54567,15.67729,2.23646,5.07149,1.24145,0.06196,2.37843,14.12471,21.65473,2.0,1.41229,6.891184323,80.58617023
0,0,61_61,23.8126,57.67641,17.22541,2.29015,5.08785,1.22429,0.0626,3.37468,13.43548,24.44423,2.0,1.82664,6.854038216,80.62574469
0,3,71_73,14.92944,67.66973,15.90751,0.98754,5.82514,1.37957,0.05503,12.99084,13.49707,26.74422,,3.52187,7.184427835,80.89218225
0,2,65_67,24.50494,53.66256,20.85161,2.26474,5.31671,1.18482,0.0642,4.85552,15.64712,28.0042,2.0,1.39351,7.016897548,80.73222493
0,0,66_61,27.37996,49.31493,22.59425,2.28757,5.27037,1.1455,0.07297,0.8628,15.33478,27.24988,2.0,2.05579,6.865909796,80.75962322
0,3,64_65,26.71678,51.69568,21.16384,2.30015,5.25342,1.15945,0.06808,1.75542,15.42489,27.48352,2.0,4.65319,6.97523319,80.703701
0,3,70_66,18.88272,58.47338,20.11876,2.04329,5.41699,1.18674,0.06894,17.56721,15.18614,35.20252,4.0,3.13605,6.988704246,80.87866518
0,3,66_63,29.17242,46.98114,23.44832,2.25853,5.27924,1.14232,0.07131,1.23167,15.34138,29.71526,1.0,4.11327,6.919694978,80.7584152
0,0,72_70,15.33513,66.00468,16.7232,1.30184,5.68103,1.33085,0.05861,14.76188,13.7502,28.93313,2.0,10.4259,7.105737428,80.93192271
0,2,65_64,28.52406,47.9238,23.03683,2.24881,5.30872,1.15097,0.07253,1.90684,15.60728,29.64411,2.0,3.29704,6.937980016,80.75269417
0,3,64_61,26.68887,51.97011,20.73022,2.25249,5.21458,1.17565,0.06661,1.3081,14.56,26.60463,2.0,2.33927,6.86056246,80.70166096
0,2,62_59,24.19642,56.28868,18.07993,2.35323,5.14188,1.21631,0.06258,3.7345,14.01314,25.31829,1.0,1.45026,6.802810707,80.66597888
0,3,72_67,16.81083,60.59413,19.64061,2.15855,5.44703,1.20872,0.06622,22.72208,15.84845,38.16788,2.0,4.99508,7.02437127,80.92152939
0,2,59_61,21.51546,61.38119,15.7558,2.18609,5.13541,1.24432,0.06197,2.5996,14.11029,21.3869,2.0,1.57273,6.868228133,80.59109255
0,0,58_63,18.99812,65.74322,13.8994,2.17622,5.0855,1.2661,0.05998,2.95261,13.39249,19.92093,2.0,2.56059,6.913734521,80.54816043
0,4,63_67,25.11898,53.74479,20.2207,2.23795,5.30013,1.18714,0.06682,3.17643,15.42006,27.03317,1.0,2.46516,7.02544648,80.69836295
0,0,70_73,15.28973,67.01754,16.11561,0.98994,5.80838,1.37374,0.05565,12.97466,13.50121,27.03307,3.0,4.97727,7.175846498,80.88197126
0,1,66_65,27.36632,49.31412,22.50399,2.22727,5.31797,1.1384,0.07201,3.44151,15.60838,29.8791,2.0,1.1331,6.956949938,80.76341104
0,2,65_64,28.08359,49.09323,22.39209,2.22595,5.32525,1.14118,0.07012,1.81693,15.60315,29.03054,2.0,3.77767,6.941830791,80.73207148
0,2,60_69,24.31898,56.58553,18.19382,1.4928,5.41647,1.25378,0.0661,0.30235,13.45329,23.25142,1.0,3.2944,7.069492059,80.60790554
0,0,63_66,25.72519,53.16145,20.48581,2.27068,5.27771,1.17392,0.06716,2.18353,15.42099,26.79448,2.0,4.68402,6.990657924,80.68942372
0,3,67_62,28.18457,47.81001,23.4094,2.17963,5.27333,1.14269,0.07597,0.80183,15.02867,28.31381,1.0,3.05013,6.893954676,80.78319899
0,0,63_66,25.22242,53.99212,20.08044,2.2542,5.29271,1.18255,0.0666,2.2152,15.41815,26.27312,2.0,4.34464,7.003339121,80.68438657
0,0,58_63,20.06349,64.30195,14.22734,2.19233,5.07153,1.25962,0.05972,3.13055,13.39443,20.88102,3.0,2.42957,6.902542632,80.54700247
0,3,65_58,24.96862,52.93966,20.76264,2.22903,5.34311,1.19422,0.07097,3.54845,14.8925,26.9516,1.0,4.03492,6.784046102,80.74630996
0,2,63_58,23.80999,56.75763,17.85423,2.25425,5.22078,1.2486,0.06175,4.4166,13.94993,25.70291,1.0,2.92123,6.773378589,80.67441594
0,2,62_59,23.46267,57.90524,17.16917,2.461,5.17433,1.22358,0.06078,4.20161,13.69236,24.86669,2.0,1.85677,6.796973424,80.65293129
0,1,66_74,22.4195,59.95578,16.14925,1.09581,5.72112,1.33774,0.05414,6.53074,13.38624,27.77944,2.0,3.16945,7.221403252,80.77807025
0,0,56_64,19.72739,64.81467,14.06301,2.07044,5.1049,1.24779,0.05994,2.79466,12.66205,20.67165,4.0,1.89395,6.934595345,80.49708824
0,4,60_62,22.70368,59.68487,16.58651,2.25147,5.07199,1.2311,0.06274,2.05535,14.13058,22.6004,2.0,1.53069,6.890156615,80.60830757
0,1,68_59,24.90991,51.34812,22.50115,2.20309,5.32212,1.17896,0.07718,1.58224,14.70768,25.54195,1.0,1.49849,6.813477804,80.81424849
0,2,70_67,18.28763,58.94856,19.99414,2.16986,5.43989,1.18031,0.0672,21.01882,15.39716,37.94783,4.0,3.88305,7.010093036,80.87895338
0,1,57_58,20.22961,64.69417,13.27794,2.53722,5.09134,1.28644,0.05059,6.80649,11.4043,23.93262,2.0,4.42264,6.771138972,80.52407712
0,1,63_63,30.5474,46.71407,22.98692,2.26805,5.28208,1.15725,0.06513,0.40121,15.4491,30.40418,1.0,0.65119,6.924143197,80.70061392
0,3,64_65,26.75268,51.33839,21.23345,2.31323,5.31859,1.15111,0.0674,2.43938,15.78432,28.11731,2.0,4.97118,6.972878659,80.71351555
0,1,67_67,24.39439,52.93116,21.29801,2.24445,5.30008,1.16626,0.06651,8.00359,15.67835,31.29514,3.0,1.38649,7.010192501,80.78291171
0,0,61_61,24.08506,56.79729,18.15611,2.20804,5.23303,1.2161,0.06083,1.93303,14.54615,23.82812,2.0,0.85427,6.873773825,80.6367448
0,2,67_63,29.14354,46.41885,23.9425,2.16641,5.27833,1.14275,0.07581,1.03875,15.03132,29.65884,2.0,3.83109,6.90537358,80.79147648
0,3,71_73,14.66914,67.85294,15.87454,0.98825,5.81855,1.3786,0.05562,13.43348,13.49723,26.90752,,4.01024,7.174174835,80.8945077
0,3,64_69,24.64329,53.95913,20.07106,2.11077,5.34789,1.21891,0.06168,5.9006,14.57731,29.03072,2.0,3.9759,7.089697314,80.71465848
0,0,65_60,26.22944,51.6673,21.26967,2.27916,5.21396,1.16376,0.07049,1.33151,14.56498,26.31256,3.0,1.68743,6.841707629,80.73718311
0,0,66_59,25.97547,51.17612,21.85184,2.23283,5.23338,1.18095,0.07343,1.68899,14.08749,26.44095,2.0,3.50119,6.818994882,80.75641936
0,4,67_73,21.46111,59.43646,17.65748,1.35036,5.68374,1.30835,0.05453,7.78031,13.88334,27.90347,2.0,4.31258,7.17737816,80.79204304
0,3,71_73,14.61859,68.08608,15.78157,0.98659,5.83057,1.38214,0.05503,13.21053,13.495,26.66755,3.0,3.18771,7.177379529,80.90210838
0,3,64_60,25.64635,53.01444,20.30092,2.29486,5.18335,1.18482,0.06807,2.62667,13.96366,26.69042,1.0,0.58938,6.824838187,80.72132876
0,4,59_59,21.78572,61.94733,14.03059,2.40714,5.11624,1.26053,0.05759,5.01059,13.02786,21.51651,2.0,4.24503,6.79831244,80.56845077
0,2,55_67,19.73267,65.11097,13.77078,1.55641,5.20837,1.30975,0.06186,3.48806,12.12559,21.72582,2.0,0.02952,7.019940958,80.46973944
0,2,62_59,24.60763,55.50536,18.59287,2.35948,5.13699,1.20236,0.06363,3.40759,14.01565,25.66515,2.0,1.6219,6.815525421,80.67224354
0,2,62_59,23.98984,57.22065,17.28864,2.30266,5.10453,1.22599,0.0632,3.88165,13.4397,24.8875,1.0,1.15987,6.814436816,80.64737831
0,2,59_61,21.51546,61.38119,15.7558,2.18609,5.13541,1.24432,0.06197,2.5996,14.11029,21.3869,2.0,1.04578,6.874167963,80.58744931
0,1,56_67,19.99261,64.57443,14.07886,1.55377,5.22066,1.32568,0.06252,3.22086,12.12705,21.75217,2.0,1.90196,7.02774989,80.48536857
0,4,65_65,26.38044,51.45761,21.26489,2.30853,5.31694,1.15892,0.0681,3.4282,15.78681,28.6568,1.0,4.19077,6.979406941,80.73094565
0,1,55_63,20.83581,63.79691,13.96736,2.06731,5.02603,1.28723,0.057,2.86068,12.63458,21.71068,2.0,1.27732,6.910417746,80.48350912
0,0,56_64,19.94791,64.64972,14.14232,2.16844,5.07668,1.25401,0.06058,1.85001,12.65575,19.97813,1.0,2.21156,6.93758664,80.50430767
0,3,72_67,16.72371,60.52072,19.79582,2.04087,5.47743,1.20313,0.06707,22.55927,15.6636,37.92912,4.0,3.75679,7.01272068,80.92085257
0,3,68_62,26.21155,49.98166,22.76112,2.19337,5.2657,1.16857,0.07662,2.09019,14.69276,27.48192,1.0,1.58966,6.878744325,80.81213825
0,0,66_72,23.12556,56.74819,18.6997,1.53692,5.58513,1.27681,0.05494,6.84851,14.58515,28.51589,2.0,6.74441,7.160794515,80.76632276
0,2,60_61,22.18277,60.39571,15.97787,2.214,5.06122,1.24158,0.06284,3.27083,13.30388,22.2931,,2.28072,6.855579928,80.59446835
0,3,59_64,17.35158,67.60645,13.83723,2.2866,5.12427,1.26236,0.06289,2.14948,13.41692,17.7746,2.0,3.67707,6.933247985,80.57053206
0,0,63_60,25.07049,54.65998,19.23108,2.24433,5.21831,1.19078,0.06463,2.21982,14.55293,25.28407,3.0,2.88708,6.830325013,80.67736568
0,0,66_73,22.65279,58.0047,18.02919,1.52726,5.628,1.28332,0.05336,6.5174,14.58359,27.86571,1.0,5.60383,7.181550824,80.78032894
0,0,69_65,20.51442,57.0258,20.33314,2.07272,5.45254,1.16795,0.06908,13.76578,15.20992,33.13895,2.0,4.4581,6.980985372,80.86117879
0,3,65_58,23.80538,54.60093,20.10617,2.24397,5.37876,1.22598,0.06887,4.07042,15.24336,26.29832,2.0,2.98743,6.768214931,80.75303295
0,2,62_58,23.11565,58.48943,16.83928,2.45986,5.18388,1.25546,0.05979,4.69041,13.69043,25.00461,1.0,4.35746,6.773650139,80.65711175
0,4,57_63,18.58784,66.59489,13.41599,2.15603,5.07955,1.27431,0.05981,3.09403,13.38691,19.74685,3.0,2.31021,6.927662488,80.53449655
0,3,66_58,23.91958,53.94732,20.67817,2.17355,5.37068,1.21527,0.07212,3.89029,14.70067,26.39268,2.0,1.1072,6.779973012,80.77910927
0,3,65_59,25.52536,52.51696,20.8617,2.30668,5.19644,1.17924,0.07053,2.38984,13.96791,26.5611,2.0,3.42013,6.810378725,80.74391985
0,0,61_65,22.01347,59.83001,17.41478,2.32632,5.19324,1.19705,0.06335,1.26468,14.33429,21.94841,4.0,4.18432,6.965042271,80.62791232
0,2,70_72,16.83105,64.54733,17.09956,1.30088,5.73666,1.33273,0.05499,12.16771,13.86658,27.7924,2.0,5.01834,7.16117416,80.87257008
0,0,61_60,23.99058,57.33194,17.27214,2.29742,5.09604,1.22372,0.06301,3.59103,13.43784,24.63831,2.0,3.33395,6.832961991,80.63513027
0,2,68_71,20.98376,58.97023,18.54925,1.51274,5.55312,1.2805,0.056,9.81549,14.85984,29.48142,2.0,4.58452,7.138370731,80.83572661
0,2,68_71,21.21254,58.89898,18.44011,1.50789,5.56428,1.28373,0.05564,9.13379,14.85836,29.02526,2.0,4.3431,7.141269262,80.82229322
0,2,61_58,23.0855,58.7899,16.50004,2.4541,5.17651,1.23615,0.05951,4.34187,13.68846,24.10776,2.0,1.5112,6.792111613,80.63326843
0,2,69_70,20.28859,58.84006,19.20545,2.08358,5.5146,1.24128,0.05969,11.22105,15.70223,30.21093,2.0,4.73272,7.107312639,80.85098612
0,3,60_58,22.46167,60.77718,14.79244,2.37888,5.16124,1.28723,0.05776,5.02089,12.3022,23.42057,1.0,3.84642,6.765660999,80.59513746
0,2,60_69,24.31898,56.58553,18.19382,1.4928,5.41647,1.25378,0.0661,0.30235,13.45329,23.25142,3.0,3.52214,7.065525689,80.60840132
0,4,69_72,19.78981,60.48601,18.35297,1.44869,5.64329,1.29312,0.05474,9.96575,15.04472,28.54408,2.0,3.10777,7.152582611,80.83890719
0,2,65_67,24.38566,53.48986,21.041,2.27031,5.30314,1.18101,0.06487,5.76233,15.65016,28.75961,1.0,2.55554,7.021762955,80.74306381
0,1,58_58,21.38143,62.52003,14.14152,2.47815,5.12214,1.27207,0.05547,5.55805,11.79265,22.78589,2.0,6.61624,6.777698009,80.55995059
0,4,59_59,21.68801,61.97395,14.2761,2.40348,5.10857,1.25892,0.05807,4.74961,13.02836,21.63037,2.0,2.93743,6.80991866,80.57111549
0,2,55_67,19.44413,65.4583,13.73009,1.56166,5.21119,1.29724,0.06125,3.34835,12.12644,21.27729,1.0,1.04107,7.010434157,80.4801243
0,3,64_69,24.56893,53.77953,20.22975,2.11374,5.34289,1.21738,0.06165,6.56641,14.57912,29.51311,2.0,2.93813,7.086199263,80.72727117
0,1,66_68,24.16813,53.64659,20.92767,2.17709,5.28013,1.19714,0.0644,7.08615,15.31164,29.94231,3.0,5.44769,7.050070063,80.7590593
0,3,60_58,22.34522,60.40522,15.29363,2.44545,5.1863,1.25261,0.05692,4.93473,13.68127,23.13326,2.0,2.26767,6.772066488,80.61029263
0,0,66_72,22.98356,56.48026,19.05632,1.52323,5.4884,1.261,0.05517,7.39557,14.22557,28.81889,2.0,5.89564,7.149759109,80.76916642
0,1,60_63,22.62067,59.55031,17.0372,2.23746,5.08834,1.22763,0.06338,1.6488,14.13219,22.64866,1.0,0.42281,6.918680146,80.61640903
0,0,61_65,23.477,57.34903,18.48072,2.22625,5.19292,1.19173,0.06572,1.16091,14.58444,23.39023,1.0,4.26453,6.97724529,80.64268494
0,3,60_58,22.46939,60.24521,15.28105,2.44509,5.18333,1.24978,0.05742,4.71577,13.68201,22.7578,2.0,1.53881,6.7863048,80.60637863
0,1,66_74,22.72775,59.47499,16.21761,1.09677,5.72046,1.32014,0.05464,5.86065,13.38629,27.36674,,3.12848,7.223450754,80.77021287
0,3,71_70,17.54582,62.92961,17.79133,1.49542,5.6112,1.29487,0.05621,13.52947,14.41209,29.87591,3.0,8.28051,7.111674571,80.89323453
0,3,72_69,17.54196,62.16093,17.99881,2.08429,5.56167,1.23793,0.06203,16.69944,15.40863,32.96,3.0,9.92764,7.080971101,80.92397708
0,0,62_60,24.30809,56.11905,18.32179,2.35524,5.133,1.20212,0.06317,2.6492,14.01439,24.50364,2.0,1.37162,6.823097335,80.66505712
0,1,68_67,21.1712,56.8385,20.02554,2.16311,5.44154,1.18443,0.06559,12.66331,15.39127,32.56833,2.0,2.4763,7.024524789,80.82826601
0,1,57_65,18.23524,66.85715,13.70722,2.16288,5.15767,1.26015,0.06309,1.78026,12.79225,18.51839,1.0,1.24284,6.980745613,80.51670359
0,4,69_72,19.78981,60.48601,18.35297,1.44869,5.64329,1.29312,0.05474,9.96575,15.04472,28.54408,1.0,3.05729,7.156294636,80.84598061
0,0,67_59,24.29625,52.74166,21.57331,2.18801,5.34967,1.18227,0.0752,2.87158,14.7046,26.0201,1.0,0.67711,6.797945807,80.80280671
0,0,67_75,21.63501,61.144,15.99702,1.06149,5.79592,1.34091,0.0538,6.54038,13.63293,27.16804,1.0,2.45442,7.22899569,80.78718339
0,3,59_64,17.94894,66.61739,14.29096,2.29441,5.12627,1.25764,0.06319,2.04521,13.41974,18.29299,2.0,2.93661,6.935444197,80.57900931
0,4,65_61,26.97131,50.61828,21.75004,2.27619,5.21235,1.16049,0.07061,1.06577,14.56737,26.9425,3.0,1.4215,6.860446057,80.74250397
0,0,68_60,25.94165,49.54301,23.53042,2.2429,5.23252,1.16899,0.07783,-0.17476,14.09295,25.04312,1.0,3.9036,6.835377796,80.81798553
0,1,67_67,24.39439,52.93116,21.29801,2.24445,5.30008,1.16626,0.06651,8.00359,15.67835,31.29514,4.0,1.09169,7.009968095,80.78735009
0,1,71_66,17.56574,60.06684,19.67696,2.05794,5.46105,1.19894,0.06834,18.45373,15.66378,34.76509,1.0,2.14086,6.992146309,80.91491156
0,2,62_66,24.65189,55.46278,19.01994,2.27776,5.25938,1.18462,0.06672,2.36153,14.62038,25.6401,1.0,5.72302,6.999130502,80.65371748
0,0,55_66,20.25815,64.16918,14.17178,2.018,5.11448,1.26703,0.06105,2.96938,12.6565,21.64573,2.0,0.89442,6.987850549,80.47194803
0,4,69_72,17.58946,63.35367,17.44655,1.30743,5.71371,1.32437,0.0558,11.795,13.8719,28.08443,2.0,3.74847,7.151805299,80.85051105
0,4,65_61,27.00591,50.30552,22.01002,2.28187,5.2126,1.15701,0.07164,0.95249,14.56912,26.93021,2.0,1.73859,6.865714989,80.75048486
0,0,66_59,24.58539,52.72267,21.40829,2.19216,5.33988,1.19208,0.07382,2.79441,14.70329,26.08869,1.0,2.80863,6.795370584,80.77879542
0,4,67_66,24.54327,52.63778,21.31378,2.25108,5.29399,1.15922,0.06816,8.47186,15.84629,31.638,1.0,0.46574,7.00556758,80.79571084
0,3,59_64,18.59388,65.98182,14.16425,2.18133,5.1017,1.26001,0.06059,2.63921,13.39654,19.38733,3.0,3.31183,6.929844692,80.56749698
0,1,67_67,23.54609,53.78101,21.06616,2.23486,5.3042,1.16919,0.0664,9.77249,15.68039,32.1076,2.0,2.33078,7.020448171,80.80370106
0,3,57_59,20.75447,64.37431,13.14439,2.46376,5.10111,1.28154,0.05451,5.38469,11.78756,22.70112,2.0,4.01924,6.793936375,80.53185692
0,2,69_67,20.40003,57.38933,20.02796,2.17392,5.43256,1.17929,0.06677,14.79402,15.39441,33.94045,1.0,2.17381,7.010461621,80.84783204
0,1,60_65,18.63042,65.31174,15.0455,2.29118,5.14107,1.21344,0.06372,1.83798,13.42368,19.0119,2.0,3.01023,6.956227684,80.59777102
0,2,60_69,24.68015,56.06476,18.35616,1.48817,5.41997,1.25606,0.0665,0.21994,13.45336,23.55307,2.0,2.79066,7.076145304,80.60496591
0,4,67_65,26.55634,49.95542,22.39268,2.23108,5.31409,1.13448,0.07337,4.87469,15.61213,30.46472,1.0,0.57714,6.956945528,80.79894712
0,4,67_65,26.55634,49.95542,22.39268,2.23108,5.31409,1.13448,0.07337,4.87469,15.61213,30.46472,1.0,0.80182,6.958211013,80.7957231
0,4,61_64,23.49213,57.62858,18.31011,2.25037,5.17515,1.18262,0.06511,0.72403,14.58403,22.89822,1.0,2.40776,6.94696939,80.63634679
0,3,64_69,24.76967,53.47635,20.4693,2.14007,5.31648,1.20651,0.06252,6.42763,14.58155,29.72633,1.0,3.9775,7.072667957,80.726593
0,1,68_64,24.93218,51.77291,21.79667,2.22895,5.3165,1.13585,0.07431,6.98302,15.61552,30.82906,1.0,1.84927,6.953318266,80.82117851
0,4,68_73,19.04444,62.95234,16.72284,1.02312,5.74726,1.36185,0.05526,10.12404,13.38311,27.99873,2.0,1.55844,7.188488237,80.82010949
0,0,56_65,18.44197,66.73738,13.59982,2.1668,5.14282,1.25932,0.06279,1.93576,12.79116,18.80842,2.0,1.13719,6.970068872,80.50970827
0,3,61_63,24.43841,56.59807,18.44329,2.20132,5.12894,1.20682,0.06294,0.83242,14.12094,23.81058,1.0,1.74518,6.92153932,80.63666819
0,2,69_67,20.40003,57.38933,20.02796,2.17392,5.43256,1.17929,0.06677,14.79402,15.39441,33.94045,2.0,1.56973,7.015857893,80.85122877
0,4,66_62,28.81134,47.27894,23.34866,2.24694,5.24239,1.14388,0.07322,1.16196,14.85215,29.2589,2.0,2.76441,6.885334874,80.77653563
0,4,65_63,29.31049,47.00554,23.21932,2.29648,5.26083,1.14371,0.06976,1.8992,15.45695,30.4825,1.0,4.1767,6.924145871,80.75244466
0,4,61_64,22.44874,59.22891,17.63743,2.24224,5.17977,1.18802,0.0646,0.84821,14.58096,21.89677,1.0,2.37845,6.943273902,80.621943
0,4,62_62,26.3827,52.99836,20.06478,2.2321,5.22066,1.18733,0.06388,1.25685,14.55494,26.07482,2.0,2.06837,6.874223378,80.66780097
0,2,67_63,29.01763,46.70685,23.81142,2.17343,5.27455,1.14259,0.07566,0.62551,15.02954,29.07355,1.0,3.76703,6.901436829,80.78298438
0,2,68_71,21.21254,58.89898,18.44011,1.50789,5.56428,1.28373,0.05564,9.13379,14.85836,29.02526,2.0,4.26304,7.141977802,80.8224427
0,0,58_63,18.98237,65.91477,13.71179,2.16991,5.0797,1.2696,0.05977,3.06613,13.3901,20.00666,2.0,1.73846,6.914669451,80.53995883
0,1,68_64,25.49281,51.17727,22.00747,2.15515,5.30117,1.12821,0.07561,5.73086,15.00814,30.25717,1.0,1.49093,6.939309821,80.82621567
0,0,70_73,15.52948,67.08304,16.03167,0.98789,5.82787,1.37783,0.05443,12.20675,13.49911,26.5745,2.0,4.82459,7.190435114,80.8733363
0,2,64_62,28.97593,48.15744,22.66543,2.25093,5.21622,1.16237,0.06807,0.73397,14.56775,28.86525,1.0,4.12335,6.897554467,80.71838909
0,3,65_58,23.94449,54.98656,19.6437,2.24788,5.30794,1.20285,0.06796,4.18445,14.57879,26.45218,2.0,4.28585,6.773619023,80.73824398
0,1,68_66,22.53476,55.06333,20.54661,2.20596,5.40111,1.16076,0.06938,10.79729,15.56038,31.98311,1.0,2.34637,6.988206887,80.83090564
0,2,57_61,20.65001,64.31456,13.51451,2.42211,5.01201,1.24835,0.05714,4.65518,12.53778,22.62585,2.0,0.5852,6.865686893,80.52411461
0,0,64_70,24.153,54.52665,19.91718,1.53764,5.42501,1.2534,0.058,6.56363,14.21945,29.16031,2.0,2.37199,7.106992219,80.71461586
0,2,66_60,26.39808,49.8037,22.93771,2.24491,5.22159,1.17052,0.07577,0.38369,14.09082,25.8427,2.0,3.73626,6.829037492,80.77651264
0,3,67_62,27.68449,48.21419,23.37586,2.19408,5.25954,1.16591,0.07568,1.27952,14.69319,28.25651,1.0,2.2843,6.892253093,80.79759308
0,1,66_74,22.72775,59.47499,16.21761,1.09677,5.72046,1.32014,0.05464,5.86065,13.38629,27.36674,2.0,3.37656,7.221377821,80.76934911
0,0,55_66,20.49494,63.59892,14.48957,1.48713,5.15855,1.30769,0.06017,3.74875,12.29919,22.715,2.0,1.62899,7.006432005,80.46425807
0,2,58_62,20.29689,64.14292,14.08882,2.19322,5.06024,1.26243,0.05932,3.33523,13.3929,21.17941,2.0,2.04795,6.886883693,80.54186896
0,0,58_63,18.98237,65.91477,13.71179,2.16991,5.0797,1.2696,0.05977,3.06613,13.3901,20.00666,2.0,2.03674,6.914765945,80.54285456
0,0,62_60,24.54941,55.60054,18.6596,2.23913,5.21995,1.19813,0.06365,2.55621,14.55003,24.83306,3.0,2.27401,6.827802988,80.67211316
0,3,65_59,25.16251,53.36406,20.28349,2.29711,5.20463,1.18778,0.06897,2.92328,13.96492,26.57332,1.0,3.20227,6.806928524,80.73751034
0,3,60_60,23.31134,58.69038,16.28017,2.28701,5.09834,1.23601,0.06191,3.9933,13.43248,23.59994,1.0,4.13106,6.827609582,80.61826268
0,2,61_58,22.5221,59.84136,15.87051,2.45076,5.18901,1.26989,0.05748,5.07268,13.68406,24.20092,1.0,2.22984,6.77137283,80.62673288
0,1,71_71,16.06807,65.18711,17.04767,1.30687,5.72113,1.33082,0.05618,13.44198,13.86586,28.31585,1.0,6.85749,7.140593439,80.90218906
0,3,62_63,26.56259,53.17644,20.0358,2.22366,5.20028,1.19098,0.06431,0.3852,14.77504,25.76528,1.0,2.1147,6.910920294,80.65129525
0,1,68_68,20.75477,57.39598,20.13863,2.11488,5.42139,1.2119,0.06366,12.08331,15.18663,31.57223,1.0,2.20047,7.047068379,80.83004496
0,1,58_58,21.50709,62.23249,14.32724,2.39675,5.13322,1.26694,0.05624,5.63764,12.09516,23.08966,2.0,6.40839,6.771643762,80.56482411
0,0,61_59,23.50613,58.27303,16.52021,2.29224,5.10288,1.23427,0.06222,4.07039,13.43476,24.00626,1.0,2.38849,6.811280635,80.62477355
0,4,69_72,17.65514,63.68869,17.15911,1.24489,5.73933,1.32968,0.05564,11.17422,14.08474,27.57842,4.0,2.98411,7.161988818,80.85153393
0,4,65_65,27.211,50.04,21.94042,2.34125,5.28859,1.14312,0.07021,3.23417,15.79151,29.41936,1.0,2.19867,6.961898958,80.74734861
0,3,64_66,26.03965,52.19153,21.04392,2.28363,5.26076,1.16947,0.06838,2.99235,15.42655,27.9136,2.0,2.83132,6.994454665,80.71826492
0,2,56_62,21.15419,63.00399,14.42032,2.09868,5.04425,1.25172,0.05721,2.68674,12.6405,21.54537,2.0,2.77491,6.889650749,80.50859033
0,0,65_60,26.22944,51.6673,21.26967,2.27916,5.21396,1.16376,0.07049,1.33151,14.56498,26.31256,1.0,1.98177,6.838180417,80.7359538
0,2,62_58,23.98719,56.47244,18.02098,2.25787,5.21347,1.22097,0.06227,4.16058,13.95083,25.63909,1.0,2.91301,6.78886372,80.66822384
0,4,59_58,21.81254,61.73824,14.37825,2.4131,5.12429,1.26178,0.05724,5.30919,13.02931,22.48523,2.0,4.53557,6.775304692,80.58152018
0,2,64_58,24.1955,55.5556,18.79224,2.26951,5.22672,1.23486,0.06451,4.20415,13.95633,26.43089,2.0,0.96781,6.777720953,80.70845356
0,4,65_63,29.17242,46.98114,23.44832,2.25853,5.27924,1.14232,0.07131,1.23167,15.34138,29.71526,2.0,4.3616,6.919086725,80.75548536
0,2,61_66,22.00472,59.69191,17.39137,2.28502,5.21945,1.19553,0.06388,1.5792,14.33144,22.27353,2.0,3.62232,7.002073376,80.62839483
0,4,65_61,26.64325,50.80131,21.79983,2.28397,5.21319,1.15912,0.07165,1.0225,14.56796,26.57007,2.0,0.21312,6.849469438,80.75185383
0,2,64_58,24.54761,54.61833,19.4761,2.28236,5.22197,1.20008,0.06675,3.73482,13.9607,26.56594,2.0,3.01474,6.789696789,80.72549055
0,0,66_72,22.98356,56.48026,19.05632,1.52323,5.4884,1.261,0.05517,7.39557,14.22557,28.81889,2.0,6.13249,7.154615793,80.76350816
0,4,67_60,26.24045,49.1801,23.74361,2.24655,5.23437,1.17053,0.07701,-0.97791,14.09113,24.52046,1.0,2.92058,6.82108398,80.78988304
0,1,57_58,20.25096,64.6669,13.28128,2.3768,5.07704,1.28641,0.05148,6.61899,11.37751,23.69869,2.0,5.15289,6.780944308,80.52498524
0,0,67_64,27.66862,48.59351,22.90384,2.2432,5.30847,1.12996,0.07352,3.48018,15.61095,30.31234,2.0,0.58089,6.948982674,80.78515757
0,4,67_60,26.53325,49.07168,23.60878,2.24924,5.22142,1.16755,0.07679,-0.63867,14.09184,25.10639,2.0,3.65104,6.82919514,80.78958521
0,0,56_58,20.35046,65.21468,12.80339,2.6389,4.99147,1.27394,0.0508,5.65709,11.6551,23.00363,1.0,4.91867,6.790942202,80.51061907
0,0,61_62,23.92213,57.43102,17.63153,2.25874,5.18138,1.21817,0.06192,2.28962,14.24592,24.05571,2.0,0.97992,6.877614377,80.62546427
0,2,56_63,20.83581,63.79691,13.96736,2.06731,5.02603,1.28723,0.057,2.86068,12.63458,21.71068,1.0,1.09156,6.911484013,80.48481214
0,3,57_64,18.7853,66.47104,13.32325,2.15061,5.07156,1.27709,0.05967,3.20572,13.38475,20.0485,2.0,1.75818,6.930747978,80.5241513
0,4,57_63,20.60088,63.76338,14.26056,2.08452,5.05522,1.25357,0.05768,2.54354,12.63891,21.06329,2.0,1.05501,6.907479669,80.51424713
0,1,57_62,20.17237,64.45999,13.87486,2.18674,5.05445,1.26084,0.05904,3.44179,13.39053,21.18793,2.0,2.00489,6.889899846,80.5345698
0,0,63_60,25.45198,53.72686,19.85252,2.25585,5.21623,1.18269,0.06637,2.03297,14.55661,25.7474,2.0,2.31837,6.830645991,80.6990339
0,0,73_71,14.56052,67.62588,16.04837,1.16355,5.77803,1.34891,0.05682,13.94324,13.75608,27.40685,3.0,6.17843,7.144527724,80.9566787
0,4,67_70,21.59369,57.70157,19.06381,1.49034,5.52158,1.27731,0.05678,9.828,14.33682,29.8141,4.0,5.24155,7.114810369,80.80453053
0,0,61_60,23.99058,57.33194,17.27214,2.29742,5.09604,1.22372,0.06301,3.59103,13.43784,24.63831,2.0,3.4449,6.835876165,80.63656893
0,3,60_66,20.60207,61.97569,16.43814,2.27014,5.22294,1.20471,0.06315,1.44776,14.32613,20.72695,3.0,1.83923,7.004363788,80.60426591
0,1,68_59,24.90991,51.34812,22.50115,2.20309,5.32212,1.17896,0.07718,1.58224,14.70768,25.54195,1.0,1.54687,6.813822177,80.81452982
0,1,68_68,21.70761,56.25495,20.47913,2.12626,5.40108,1.20706,0.06429,10.4674,15.18603,30.93621,2.0,3.48067,7.039021583,80.81441859
0,4,63_67,25.35372,53.72046,19.87806,2.21582,5.31664,1.19499,0.0658,3.59661,14.69417,27.48681,2.0,3.3741,7.033745169,80.69273367
0,2,66_60,26.37721,50.63686,22.03033,2.21854,5.31468,1.17669,0.07324,1.21734,14.93992,26.41257,2.0,2.35666,6.830800296,80.75925499
0,0,65_60,25.87365,52.19793,21.00867,2.2793,5.21548,1.1732,0.07027,1.52534,14.56368,26.07658,1.0,1.74776,6.828771028,80.73576543
0,0,66_59,25.64965,51.45107,21.82532,2.23159,5.24412,1.18472,0.07374,1.7282,14.08702,26.18035,1.0,4.29843,6.810659768,80.76990398
0,4,65_70,23.88933,54.52661,19.98666,1.53515,5.4306,1.25458,0.05741,7.58729,14.22217,29.69966,2.0,2.09805,7.114885289,80.73822278
0,2,71_72,14.46014,67.79807,15.95821,0.99092,5.79887,1.37376,0.05683,14.14501,13.49983,27.36736,2.0,5.08482,7.154870875,80.91117172
0,4,64_64,28.87911,48.20969,22.52894,2.27431,5.27624,1.15837,0.06723,2.01988,15.4533,30.08113,1.0,2.71327,6.934728396,80.72409396
0,4,65_65,27.29962,50.279,21.74907,2.33377,5.29799,1.14722,0.06901,2.60296,15.78838,28.88647,1.0,4.20218,6.966040569,80.72864073
0,1,65_76,27.79932,51.6452,18.78191,1.0377,5.70452,1.33735,0.05294,3.63944,12.77567,30.60726,2.0,2.13648,7.267644161,80.75079588
0,1,68_66,23.70112,53.4328,21.28198,2.26171,5.2832,1.15709,0.06805,9.78861,15.68387,32.39563,2.0,1.89881,6.999508262,80.81030742
0,0,66_75,24.97457,57.74622,15.76812,1.17446,5.6238,1.32002,0.05289,6.66534,13.69296,30.567,2.0,1.76639,7.241540861,80.7664311
0,3,62_63,28.00367,51.11077,20.91267,2.29876,5.18133,1.18221,0.0638,0.11427,15.40485,27.29208,1.0,0.94819,6.924369765,80.6664718
0,4,65_70,23.61613,54.59821,19.93385,1.50779,5.40553,1.26081,0.05844,8.39416,14.161,29.92016,2.0,1.62619,7.113868621,80.75489636
0,0,66_61,27.33772,48.85862,23.11459,2.20353,5.25766,1.15034,0.07525,0.59645,14.68997,27.11097,4.0,2.39544,6.868000099,80.77420965
0,0,66_61,27.74062,48.85904,22.75803,2.28423,5.2701,1.14386,0.07278,0.87709,15.33601,27.68519,2.0,2.73053,6.872706216,80.75970909
0,3,66_58,23.80538,54.60093,20.10617,2.24397,5.37876,1.22598,0.06887,4.07042,15.24336,26.29832,2.0,2.65949,6.767873243,80.75603488
0,1,68_65,24.54588,52.24708,21.61957,2.21744,5.32114,1.13965,0.07379,7.72511,15.61566,31.12664,1.0,0.45986,6.969449564,80.82412528
0,4,69_72,18.93659,62.15958,17.57079,1.26383,5.72645,1.33455,0.05446,10.95233,13.8202,28.6992,2.0,1.65141,7.169748715,80.8423002
0,4,62_65,25.00025,55.18072,19.39374,2.25577,5.17339,1.17701,0.0661,0.70832,14.58922,24.5688,1.0,1.6932,6.956007031,80.65590492
0,0,67_74,21.06917,60.88558,16.6563,1.06211,5.77497,1.33846,0.05479,7.15821,13.63426,27.02934,2.0,4.44151,7.210787095,80.78870508
0,1,68_66,23.70112,53.4328,21.28198,2.26171,5.2832,1.15709,0.06805,9.78861,15.68387,32.39563,2.0,2.06076,7.005925153,80.81157312
0,2,65_67,24.27627,53.93668,20.72387,2.25184,5.32806,1.19059,0.06367,5.13997,15.64621,27.99438,2.0,1.78374,7.030871686,80.73192751
0,4,61_67,24.24055,56.15639,18.61196,2.24819,5.27654,1.19772,0.06666,2.41878,14.61618,25.23654,3.0,6.0862,7.024664092,80.64020261
0,0,66_66,25.65367,51.75705,21.31914,2.3073,5.30875,1.15743,0.06967,5.5127,15.79234,29.91033,2.0,1.2053,6.989149322,80.76407107
0,1,62_67,24.98678,54.82822,19.26121,2.27301,5.26043,1.18566,0.06676,2.71528,14.62147,26.3106,1.0,6.28371,7.01529656,80.6633193
0,1,57_65,17.17702,68.42248,13.08653,2.24322,5.11217,1.24036,0.06244,2.43454,13.40556,17.94728,2.0,0.44283,6.958265477,80.52844454
0,0,61_62,23.4967,57.96305,17.71854,2.20331,5.14492,1.21763,0.06368,1.65859,14.12154,23.22191,2.0,2.05124,6.887414351,80.62360597
0,0,69_65,20.87195,56.69032,20.39597,2.08339,5.44558,1.16472,0.06974,12.6319,15.21008,32.41226,2.0,4.31842,6.975232099,80.85873129
0,1,68_72,20.75519,59.77368,18.10589,1.50182,5.59014,1.28873,0.05468,9.12488,14.85653,28.64528,3.0,2.98555,7.152569141,80.83050814
0,0,62_60,24.41389,56.4093,17.84601,2.3086,5.10115,1.2175,0.06397,3.56007,13.44266,25.33408,2.0,1.55187,6.826754727,80.65475678
0,4,67_66,24.08013,53.0777,21.35916,2.26062,5.28529,1.15809,0.06778,8.98147,15.68237,31.99037,2.0,1.11521,7.000927229,80.80334353
0,1,71_71,15.93139,64.99501,17.23083,1.31546,5.6949,1.32374,0.05748,14.26712,13.86894,28.98564,4.0,8.61566,7.122973606,80.9082716
0,0,66_73,21.72487,59.44564,17.40407,1.34666,5.69788,1.3098,0.05435,6.86555,13.88259,27.29808,2.0,5.57047,7.19339225,80.78252928
0,0,66_59,25.30672,52.31941,21.19799,2.22249,5.2554,1.19362,0.07222,2.45985,14.08463,26.40359,2.0,4.74547,6.807997431,80.76004563
0,2,61_58,22.77908,59.43425,16.0297,2.45103,5.18168,1.24293,0.05851,4.62278,13.68574,23.7849,1.0,1.10637,6.781402321,80.62433604
0,2,64_62,28.36746,49.46313,21.97496,2.2497,5.21486,1.16633,0.06725,0.62223,14.56501,28.07425,1.0,4.15839,6.885242809,80.70687385
0,1,68_68,20.67476,57.63484,19.97673,2.10225,5.43733,1.21782,0.06284,11.97141,15.18516,31.33954,2.0,0.98058,7.057931692,80.83462398
0,3,61_63,23.42108,58.14822,17.75846,2.193,5.13379,1.22154,0.06242,1.05448,14.11801,22.88502,1.0,0.99716,6.922113847,80.62877226
0,2,61_58,22.66939,59.47932,16.1507,2.45343,5.18879,1.26681,0.05804,5.0297,13.68584,24.53045,2.0,2.65059,6.768821394,80.63040509
0,0,62_61,25.30185,54.81839,19.13804,2.21994,5.22669,1.19716,0.0623,1.57822,14.55058,25.01215,2.0,1.37774,6.868991014,80.65583729
0,3,54_64,20.30989,64.70388,13.53019,2.02095,5.06092,1.26684,0.05901,3.72494,12.65269,22.41059,1.0,4.60163,6.95251903,80.43872759
0,0,69_65,22.39719,55.16449,20.53145,2.21718,5.39329,1.16104,0.07032,10.90772,15.56192,31.98328,1.0,2.60668,6.976788727,80.8425922
0,3,64_66,26.03965,52.19153,21.04392,2.28363,5.26076,1.16947,0.06838,2.99235,15.42655,27.9136,1.0,2.9603,6.993375356,80.72279263
0,0,56_64,19.88995,64.70162,14.00116,2.06447,5.0959,1.25009,0.05971,2.93933,12.66064,20.99331,1.0,1.84704,6.934208795,80.48713642
0,2,59_61,21.51546,61.38119,15.7558,2.18609,5.13541,1.24432,0.06197,2.5996,14.11029,21.3869,2.0,1.52732,6.867819515,80.58651546
0,1,71_71,15.57568,65.71875,16.92564,1.30912,5.7183,1.33111,0.0567,14.00979,13.86476,28.41444,4.0,7.15418,7.135684582,80.91298636
0,2,70_72,16.28502,65.075,17.02494,1.30329,5.73105,1.333,0.05556,12.95599,13.8653,28.04951,,6.45587,7.151125455,80.88802871
0,3,64_60,25.64635,53.01444,20.30092,2.29486,5.18335,1.18482,0.06807,2.62667,13.96366,26.69042,1.0,1.0303,6.82094227,80.71781511
0,1,55_63,20.2167,64.51026,13.83426,2.06897,5.06653,1.2923,0.05887,3.24723,12.65921,21.55692,1.0,3.30688,6.913676924,80.46147689
0,3,64_59,25.41077,53.16895,20.30541,2.29668,5.19346,1.18639,0.06859,2.75992,13.9644,26.6218,1.0,1.90049,6.813685375,80.72540747
0,2,57_61,20.90556,63.33526,14.20124,2.20753,5.04917,1.26152,0.05907,3.53162,13.39463,21.66351,3.0,0.71234,6.873693724,80.53682469
0,3,71_69,18.05963,61.6916,18.09901,2.15586,5.55999,1.2362,0.06054,15.69951,15.72637,32.47916,4.0,8.47316,7.089218067,80.90661617
0,4,66_62,28.81134,47.27894,23.34866,2.24694,5.24239,1.14388,0.07322,1.16196,14.85215,29.2589,2.0,2.74619,6.887659393,80.77895802
0,0,60_67,22.32973,60.17945,16.60193,2.18264,5.24831,1.21077,0.06228,0.37508,13.35536,21.39379,2.0,2.40324,7.02452735,80.6032927
0,3,59_64,15.0455,70.65791,13.09573,2.27335,5.14424,1.22515,0.06285,2.00398,13.41722,15.62912,2.0,3.80516,6.951492787,80.57813552
0,2,71_72,14.41916,68.03527,15.8425,0.98909,5.81198,1.37747,0.05621,13.85597,13.4975,27.06665,3.0,4.01833,7.166740269,80.90534438
0,3,67_61,26.90079,49.08806,23.19108,2.20452,5.25916,1.16547,0.07644,0.82019,14.69112,26.94378,1.0,0.28942,6.86689836,80.7951862
0,1,57_62,21.40987,62.65052,14.48973,2.1055,5.03908,1.25098,0.05701,2.76236,12.64129,21.76244,1.0,1.95588,6.880588841,80.51412032
0,4,66_67,24.31252,53.49489,21.03017,2.19045,5.2691,1.19119,0.06492,6.7683,15.31286,29.88148,1.0,4.23141,7.036219229,80.75872915
0,0,61_57,22.26818,60.01541,15.90096,2.40912,5.25301,1.27159,0.05715,5.78117,13.7468,24.93075,1.0,4.03289,6.756958911,80.63455086
0,1,68_59,24.90991,51.34812,22.50115,2.20309,5.32212,1.17896,0.07718,1.58224,14.70768,25.54195,1.0,1.60456,6.813568106,80.81593054
0,0,66_59,25.27325,51.89183,21.66361,2.22738,5.25682,1.18574,0.07373,1.99582,14.08619,26.07876,1.0,3.78919,6.803790179,80.77351064
0,1,71_66,17.68892,59.6141,19.95509,2.06382,5.4498,1.19349,0.06866,19.49903,15.66557,35.91512,1.0,2.32109,6.988824478,80.91093936
0,3,67_62,28.36959,47.46501,23.5488,2.17321,5.27637,1.14241,0.07613,1.1776,15.03047,28.9286,1.0,3.01081,6.898490928,80.79477987
0,0,61_62,24.18718,56.63303,18.32316,2.20487,5.23562,1.2061,0.06074,1.74896,14.54674,23.92997,2.0,0.99202,6.877147725,80.63542437
0,1,69_69,20.20888,58.3478,19.69868,2.09089,5.45755,1.22323,0.06201,12.43584,15.18454,31.33634,1.0,0.86726,7.073367443,80.83743377
0,1,68_65,22.92756,54.59123,20.69811,2.2192,5.39065,1.15596,0.07017,10.03608,15.56118,31.66566,2.0,1.54998,6.972598316,80.8337849
0,0,56_58,20.05375,65.04847,13.13582,2.64211,4.99223,1.27479,0.05046,6.60486,11.65517,23.63301,2.0,4.08096,6.782763491,80.50719638
0,1,58_58,21.38143,62.52003,14.14152,2.47815,5.12214,1.27207,0.05547,5.55805,11.79265,22.78589,2.0,6.94982,6.773829429,80.55902918
0,1,68_65,23.77591,53.22506,21.42479,2.24357,5.32898,1.13682,0.07179,8.39515,15.67951,31.00017,1.0,1.72204,6.957556223,80.82937021
0,0,62_61,25.30185,54.81839,19.13804,2.21994,5.22669,1.19716,0.0623,1.57822,14.55058,25.01215,2.0,1.17058,6.869593559,80.65194159
0,3,66_63,29.17242,46.98114,23.44832,2.25853,5.27924,1.14232,0.07131,1.23167,15.34138,29.71526,1.0,4.41748,6.915048071,80.76064146
0,2,71_72,14.66914,67.85294,15.87454,0.98825,5.81855,1.3786,0.05562,13.43348,13.49723,26.90752,,3.98949,7.170165304,80.89968982
0,4,58_61,21.32388,62.43114,14.71185,2.23519,5.04875,1.25397,0.06063,3.08247,14.11827,21.42225,2.0,1.17879,6.864857493,80.56065701
0,2,64_58,24.67706,54.74541,19.26391,2.27894,5.20925,1.20303,0.06577,3.59529,13.95864,26.38233,3.0,1.89254,6.791315088,80.71284581
0,1,63_59,24.32907,55.78335,18.48044,2.26558,5.20652,1.21329,0.06345,3.8359,13.95346,25.85847,1.0,2.95385,6.797303617,80.67964126
0,1,68_69,20.93077,57.61498,19.77222,2.07633,5.4668,1.2301,0.06119,11.07531,15.18134,30.58448,3.0,1.15737,7.079495229,80.82559277
0,2,70_72,17.00961,63.89761,17.41,1.31023,5.70514,1.32411,0.05637,12.74544,13.87083,28.48254,3.0,5.16966,7.147782051,80.86535773
0,0,56_58,20.92378,63.84067,13.54,2.84237,4.99198,1.26568,0.04865,6.24744,11.7083,24.46132,2.0,4.27999,6.788734233,80.49183682
0,0,66_72,22.98356,56.48026,19.05632,1.52323,5.4884,1.261,0.05517,7.39557,14.22557,28.81889,2.0,5.89454,7.150994409,80.76554178
0,4,64_64,29.33102,48.04135,22.49353,2.26486,5.28421,1.16387,0.06572,1.39422,15.45057,29.98699,1.0,1.31542,6.938083654,80.70873329
0,2,70_67,18.28763,58.94856,19.99414,2.16986,5.43989,1.18031,0.0672,21.01882,15.39716,37.94783,1.0,3.2963,7.014165147,80.87527831
0,2,64_57,23.12863,57.10828,18.19389,2.28122,5.2636,1.23595,0.06229,4.44246,14.30832,25.57464,1.0,2.65273,6.756709716,80.70575095
0,1,68_72,21.30556,59.31649,18.04717,1.49812,5.59545,1.29025,0.05466,8.06358,14.8555,28.11977,2.0,2.29704,7.167170706,80.81433783
0,3,64_66,25.99413,52.43691,20.88566,2.27946,5.26614,1.16782,0.06796,2.69135,15.42473,27.57226,2.0,3.3872,6.990717687,80.71100301
0,4,59_65,16.45416,68.4999,13.92214,2.27221,5.14994,1.22367,0.06329,1.92101,13.41946,17.00532,2.0,2.81478,6.964327507,80.59137801
0,4,60_59,23.21381,58.91938,15.95758,2.28704,5.10515,1.24082,0.06158,4.32747,13.43208,23.43602,2.0,2.01761,6.808482486,80.61846516
0,2,67_71,21.59369,57.70157,19.06381,1.49034,5.52158,1.27731,0.05678,9.828,14.33682,29.8141,2.0,5.71789,7.118940608,80.80329403
0,1,68_69,21.3853,56.90232,20.05205,2.08729,5.44689,1.22506,0.06198,10.66423,15.18183,30.61858,4.0,0.56282,7.06614488,80.81667361
0,0,61_61,23.87314,57.55599,17.39204,2.28876,5.08419,1.22271,0.06261,3.21111,13.43553,24.55569,1.0,0.85639,6.862975144,80.62673787
0,1,60_63,22.4535,60.00097,16.57534,2.24446,5.07755,1.23157,0.0628,1.9605,14.13009,22.425,2.0,2.28849,6.902549128,80.60886777
0,4,66_62,28.18457,47.81001,23.4094,2.17963,5.27333,1.14269,0.07597,0.80183,15.02867,28.31381,2.0,2.44613,6.885368012,80.7804845
0,3,71_67,15.53605,60.24948,20.61554,2.16826,5.42381,1.1985,0.06686,31.26268,15.85176,45.25754,1.0,5.39733,7.025625512,80.8986574
0,3,57_64,17.59495,67.71379,13.38576,2.267,5.10761,1.27311,0.06242,2.44524,13.40964,18.2142,2.0,2.52167,6.934643466,80.53687031
0,4,65_63,28.84241,47.86383,22.95278,2.25599,5.2814,1.14706,0.07007,1.07307,15.33807,29.12542,2.0,4.26155,6.912690943,80.73445613
0,2,65_67,24.7373,53.21476,21.10423,2.28078,5.29869,1.17696,0.06509,4.95975,15.64958,28.39351,1.0,2.50938,7.014154708,80.74194671
0,2,64_58,23.33874,56.74328,18.40299,2.28737,5.25463,1.22953,0.06304,4.17045,14.30929,25.52407,2.0,1.47176,6.767984599,80.70572698
0,0,65_60,25.97547,51.17612,21.85184,2.23283,5.23338,1.18095,0.07343,1.68899,14.08749,26.44095,1.0,3.10122,6.822093967,80.75279024
0,1,68_65,24.39047,52.49621,21.51733,2.2933,5.26377,1.155,0.07103,9.00346,15.85254,32.14968,1.0,0.8305,6.976418239,80.82390336
0,1,70_68,18.935,59.17779,19.45601,2.13647,5.47946,1.19591,0.0645,17.60239,15.39197,35.16771,2.0,2.82607,7.040985411,80.87309678
0,0,66_75,25.27857,58.62036,14.8587,0.9536,5.81158,1.37416,0.05271,6.87397,12.4694,31.26132,3.0,0.91357,7.250937798,80.77178031
0,4,59_59,22.25884,60.97513,14.61036,2.41143,5.11435,1.24988,0.05921,4.43827,13.03336,21.4085,2.0,2.58044,6.816558619,80.58563469
0,1,57_65,17.95798,67.28083,13.54654,2.17119,5.15324,1.25768,0.06273,1.84115,12.7925,18.25663,2.0,0.27008,6.972332082,80.51927384
0,0,63_62,28.5826,49.65185,21.72287,2.23826,5.21714,1.1737,0.06533,0.35421,14.56112,27.9912,2.0,4.25633,6.893961406,80.68647186
0,3,57_59,20.49533,64.84497,13.00078,2.64187,4.99548,1.27237,0.05176,5.36086,11.65699,22.67229,2.0,2.86996,6.805090537,80.52513614
0,1,68_69,21.3853,56.90232,20.05205,2.08729,5.44689,1.22506,0.06198,10.66423,15.18183,30.61858,4.0,0.88195,7.071521942,80.812163
0,2,72_73,13.06536,70.49926,14.85319,0.97935,5.87848,1.39972,0.05449,13.60038,13.48188,25.59653,2.0,1.10759,7.191505192,80.94468661
0,3,59_64,18.59388,65.98182,14.16425,2.18133,5.1017,1.26001,0.06059,2.63921,13.39654,19.38733,2.0,3.2894,6.929746133,80.57014323
0,2,70_72,14.97538,67.43537,16.00085,0.98913,5.81313,1.37613,0.05564,13.22383,13.49924,26.98649,,5.10523,7.170522703,80.88442349
0,2,56_63,20.58853,64.0108,14.02293,2.06595,5.04116,1.28629,0.05756,2.68951,12.63529,21.33765,2.0,0.3687,6.921403818,80.4930551
0,3,64_59,24.94457,54.3115,19.5104,2.28301,5.20044,1.19825,0.0663,3.30228,13.95973,26.41186,2.0,2.99207,6.80315962,80.71399762
0,1,70_68,18.39733,59.62553,19.4117,2.13571,5.48313,1.19629,0.06457,19.08104,15.39268,36.09597,2.0,3.17918,7.040378248,80.87683646
0,0,63_66,25.48869,53.65641,20.2387,2.26609,5.2839,1.17726,0.06678,1.97944,15.41907,26.34579,3.0,4.53934,6.989929088,80.67953515
0,2,66_60,26.00293,50.82946,22.18853,2.23685,5.23281,1.17793,0.07435,1.29431,14.08849,26.17533,1.0,3.84831,6.822151489,80.77088127
0,0,66_61,26.73398,49.78657,22.71532,2.20731,5.26017,1.15558,0.07483,0.45539,14.6869,26.22495,2.0,1.74877,6.856309091,80.76450944
0,0,59_60,21.94236,60.93743,15.49168,2.21033,5.06251,1.24707,0.06231,3.53535,13.3015,21.8904,2.0,1.86925,6.84615891,80.58713255
0,1,72_72,13.39433,69.44552,15.33503,0.98709,5.82751,1.38414,0.05665,14.38362,13.49183,26.61694,2.0,4.88896,7.15602807,80.94540108
0,1,56_67,19.99261,64.57443,14.07886,1.55377,5.22066,1.32568,0.06252,3.22086,12.12705,21.75217,2.0,2.06115,7.028372062,80.4866683
0,2,59_62,21.01884,62.70313,14.91597,2.21451,5.0724,1.25071,0.06025,2.98986,13.40048,21.54503,2.0,1.25305,6.888859457,80.57207283
0,3,65_59,24.89507,53.61979,20.21767,2.29586,5.21698,1.18844,0.06917,3.14759,13.9652,26.5642,1.0,4.54307,6.79699357,80.74901583
0,4,69_68,19.4535,58.73274,19.50793,2.13707,5.47633,1.19573,0.06439,16.21997,15.39118,34.31285,4.0,1.58167,7.041913126,80.85792326
0,2,59_62,21.51546,61.38119,15.7558,2.18609,5.13541,1.24432,0.06197,2.5996,14.11029,21.3869,2.0,0.98736,6.87511556,80.58747887
0,2,68_71,20.87202,59.3669,18.3276,1.50721,5.57174,1.28467,0.05534,9.46318,14.85818,29.05678,2.0,4.35111,7.140217749,80.83057768
0,4,65_65,27.29962,50.279,21.74907,2.33377,5.29799,1.14722,0.06901,2.60296,15.78838,28.88647,2.0,3.90953,6.9669414,80.73128517
0,1,57_58,20.25096,64.6669,13.28128,2.3768,5.07704,1.28641,0.05148,6.61899,11.37751,23.69869,2.0,4.4106,6.77483191,80.52134967
0,0,58_59,21.28473,62.54121,14.33172,2.39736,5.10006,1.26516,0.05758,4.81481,13.02597,22.06855,,2.21704,6.819002873,80.56334249
0,0,66_73,21.75862,59.05998,17.69304,1.35043,5.68113,1.30737,0.05499,7.2651,13.88331,27.65882,2.0,5.47322,7.184212371,80.78169152
0,2,65_69,24.05582,53.77605,20.66227,2.13578,5.3193,1.21588,0.06277,7.42284,15.30643,29.81981,2.0,2.42112,7.078135045,80.74886129
0,2,56_63,20.60088,63.76338,14.26056,2.08452,5.05522,1.25357,0.05768,2.54354,12.63891,21.06329,2.0,1.05372,6.910199418,80.50972804
0,2,59_62,21.01884,62.70313,14.91597,2.21451,5.0724,1.25071,0.06025,2.98986,13.40048,21.54503,2.0,0.93034,6.89185249,80.57209889
0,1,55_63,20.2167,64.51026,13.83426,2.06897,5.06653,1.2923,0.05887,3.24723,12.65921,21.55692,1.0,3.40888,6.918053904,80.46117173
0,0,61_60,23.66719,57.96212,16.86805,2.29189,5.09547,1.22823,0.0625,3.71502,13.43522,24.19693,2.0,3.79136,6.835778375,80.62789932
0,4,66_62,28.26527,47.97005,23.11727,2.25218,5.24304,1.14424,0.07361,1.16403,14.85143,28.64506,1.0,2.01151,6.877998682,80.77977982
0,3,60_66,20.91145,61.45698,16.74077,2.29729,5.21008,1.19296,0.06307,1.43254,14.32994,21.01846,2.0,2.03304,6.984964325,80.61642525
0,1,54_63,20.22622,64.63383,13.69559,2.06306,5.05735,1.25802,0.05855,3.38716,12.65778,21.74693,1.0,3.26436,6.917691353,80.45502558
0,0,64_70,24.5575,54.15459,19.92108,2.09842,5.36224,1.22373,0.06126,5.82532,14.5762,28.83279,2.0,3.07013,7.09340307,80.72300251
0,3,67_58,23.83687,53.93616,20.74818,2.17258,5.37376,1.1958,0.07259,3.90212,14.7011,26.37808,1.0,1.48555,6.78052853,80.78834758
0,4,60_59,22.48274,60.55842,14.78278,2.41708,5.11972,1.24828,0.05947,4.47586,13.03546,21.60475,2.0,3.17629,6.806566591,80.59604952
0,2,60_61,22.18277,60.39571,15.97787,2.214,5.06122,1.24158,0.06284,3.27083,13.30388,22.2931,,2.669,6.851572705,80.59685705
0,2,67_71,21.47975,58.12506,18.8149,1.48595,5.53881,1.28072,0.05621,9.44333,14.33615,29.37267,3.0,6.40491,7.125207967,80.80246377
0,0,61_62,24.32187,56.52981,18.46206,2.21504,5.20418,1.21149,0.06318,1.10714,14.76965,23.7509,3.0,2.30171,6.89632841,80.63708309
0,3,64_61,26.87993,51.24534,21.24998,2.26444,5.21282,1.16782,0.06856,1.21355,14.56376,26.86137,2.0,1.06563,6.85926494,80.71734762
0,0,60_67,21.61208,60.36926,17.04755,2.26777,5.22682,1.20353,0.06379,1.51995,14.32826,21.8127,3.0,3.51755,7.015762145,80.6153015
0,0,67_74,21.63501,61.144,15.99702,1.06149,5.79592,1.34091,0.0538,6.54038,13.63293,27.16804,1.0,2.83871,7.225361491,80.78721595
0,3,64_69,24.82732,53.63825,20.32576,2.13656,5.32152,1.20844,0.06248,5.84022,14.57966,29.27538,2.0,4.4938,7.06969779,80.71935089
0,3,67_61,26.89064,49.11591,23.22636,2.20958,5.25798,1.16576,0.07626,0.28474,14.68954,26.3701,1.0,1.36233,6.860061857,80.78783566
0,2,65_67,24.46581,53.54747,20.9559,2.26757,5.30979,1.18287,0.06454,5.29508,15.64864,28.38776,1.0,1.87693,7.021857296,80.7368868
0,0,61_57,22.26818,60.01541,15.90096,2.40912,5.25301,1.27159,0.05715,5.78117,13.7468,24.93075,1.0,3.787,6.758369335,80.63215644
0,4,65_70,23.88933,54.52661,19.98666,1.53515,5.4306,1.25458,0.05741,7.58729,14.22217,29.69966,2.0,1.82952,7.114229262,80.74154961
0,0,63_62,26.9768,52.19738,20.45703,2.22933,5.22148,1.18533,0.06376,0.92472,14.55587,26.52922,2.0,2.71747,6.878242635,80.6745265
0,3,65_59,25.47446,52.84196,20.57912,2.30171,5.1948,1.18278,0.06955,2.59293,13.96617,26.6182,2.0,2.70072,6.811046009,80.73540995
0,3,63_61,26.22921,52.61003,20.4187,2.25419,5.21487,1.17823,0.0666,1.55165,14.5589,26.26128,1.0,2.50298,6.853697711,80.69765688
0,0,66_75,22.07332,61.21569,15.57588,1.06116,5.80423,1.34218,0.05338,6.31417,13.63218,27.49205,2.0,1.02548,7.240859636,80.78156783
0,2,69_67,20.18934,57.71293,19.89166,2.16173,5.44532,1.18452,0.06596,15.09613,15.39317,33.99249,2.0,0.95855,7.021333338,80.84983259
0,2,70_72,15.01318,67.20124,16.10577,0.99077,5.80057,1.37265,0.05625,13.4965,13.50142,27.26128,2.0,5.10576,7.165109885,80.88972088
0,4,69_72,19.78981,60.48601,18.35297,1.44869,5.64329,1.29312,0.05474,9.96575,15.04472,28.54408,2.0,3.23943,7.151025768,80.837657
0,2,67_63,27.80732,48.14396,23.27639,2.15636,5.28514,1.14465,0.07586,2.44995,15.033,29.59497,1.0,1.91587,6.918899452,80.80719272
0,3,66_76,30.54626,53.60898,14.28855,1.03078,5.70543,1.33812,0.05208,11.05854,12.77542,40.62941,4.0,1.64874,7.254853724,80.76588239
0,1,56_66,19.08748,65.8959,13.66384,1.567,5.21456,1.2925,0.06064,3.21665,12.12732,20.7671,1.0,1.63729,6.99952109,80.49508586
0,3,57_64,18.46755,66.78868,13.49448,2.19248,5.12656,1.24136,0.0621,2.06401,12.79244,18.76826,2.0,1.0584,6.94226357,80.51436051
0,1,68_66,22.66042,54.6917,20.8582,2.13647,5.37763,1.16568,0.06881,11.20468,15.38104,32.77726,2.0,3.18169,6.997348042,80.82894846
0,4,73_70,14.89909,66.5968,16.58774,1.17975,5.72715,1.33413,0.05864,14.68574,13.7644,28.4444,2.0,9.61836,7.112205495,80.95492224
0,3,71_65,18.5715,58.79918,20.09488,2.07848,5.43415,1.18695,0.06947,17.06385,15.66688,34.42636,1.0,1.27855,6.981519111,80.9009972
0,2,71_68,17.93237,60.30223,19.17605,2.20417,5.47929,1.20761,0.06449,19.7528,15.73828,36.32545,2.0,5.49055,7.045826573,80.89710648
0,2,56_60,20.65846,64.19922,13.52328,2.42398,4.96658,1.26389,0.052,5.58774,11.99712,23.64486,3.0,4.28752,6.823406137,80.49321269
0,3,61_68,23.96339,56.96978,17.98746,1.57105,5.35485,1.24699,0.06591,1.94632,14.07199,24.46041,,4.82729,7.062302467,80.62796472
0,0,59_63,20.48227,63.06669,15.31613,2.20574,5.09638,1.24447,0.06115,2.46898,13.40322,21.03932,2.0,2.60582,6.921559706,80.58299511
0,0,58_63,18.30019,66.69504,13.65711,2.1678,5.0931,1.26796,0.06013,2.86697,13.39147,19.26811,3.0,3.18317,6.925645561,80.54847475
0,0,62_60,25.13752,54.73529,19.14978,2.23771,5.21966,1.19192,0.06392,2.07094,14.55206,25.17234,4.0,3.23014,6.837751342,80.67337985
0,2,69_73,17.45835,64.55608,16.77597,1.24173,5.79406,1.34658,0.05263,11.49203,13.51672,27.82726,2.0,2.04163,7.187019221,80.8479411
0,2,61_58,22.96382,58.86767,16.55196,2.45685,5.18434,1.25884,0.05918,4.74504,13.68859,24.69438,2.0,2.6426,6.779326168,80.64096796
0,3,64_66,26.41563,51.70311,21.26188,2.29665,5.25132,1.15404,0.06871,2.63694,15.42755,27.99755,1.0,4.01447,6.983780379,80.72246901
0,0,58_59,21.19671,62.85843,14.01442,2.47132,5.1121,1.26712,0.05565,5.35799,11.79105,22.43731,2.0,4.58554,6.793893059,80.55128815
0,4,65_61,26.97131,50.61828,21.75004,2.27619,5.21235,1.16049,0.07061,1.06577,14.56737,26.9425,3.0,2.03347,6.862056799,80.73610727
0,1,71_66,16.97918,59.93501,20.09842,2.05515,5.45634,1.19512,0.06808,22.87146,15.66574,38.50022,1.0,3.44563,7.000668415,80.90551377
0,0,66_66,25.65367,51.75705,21.31914,2.3073,5.30875,1.15743,0.06967,5.5127,15.79234,29.91033,2.0,1.13171,6.990839341,80.77071169
0,4,61_64,24.93539,55.52464,19.1712,2.26913,5.16296,1.20429,0.06568,0.40006,14.58804,24.10382,1.0,1.18653,6.940140152,80.6464888
0,0,60_64,20.7807,62.12273,16.18024,2.21653,5.12416,1.20692,0.06559,1.49464,13.6737,20.66762,1.0,1.16658,6.939905167,80.60861312
0,2,59_62,21.8767,61.1704,15.6987,2.24319,5.06614,1.24106,0.0619,2.48289,14.12526,21.85536,2.0,0.58384,6.880155047,80.58528072
0,0,70_73,17.12081,64.94932,16.72215,1.24036,5.79708,1.34914,0.05258,11.93668,13.51466,27.94719,2.0,3.8382,7.187408295,80.86488358
0,4,64_64,28.52658,49.0855,22.13637,2.34924,5.29095,1.17213,0.06861,1.16248,15.78678,28.84793,2.0,1.87651,6.942993276,80.71092326
0,4,66_62,29.33823,46.78018,23.44391,2.23848,5.24347,1.139,0.07217,1.0958,14.85174,29.75195,1.0,4.71087,6.899610298,80.76574814
0,3,61_63,23.42108,58.14822,17.75846,2.193,5.13379,1.22154,0.06242,1.05448,14.11801,22.88502,1.0,0.24213,6.919750029,80.62217678
0,0,55_65,20.26965,64.30064,14.01089,2.02081,5.10001,1.26636,0.06045,3.17413,12.65566,21.83184,2.0,0.84156,6.972862103,80.46735829
0,1,57_62,20.47202,64.05925,13.93963,2.19391,5.0489,1.26022,0.05889,3.53523,13.3914,21.4395,3.0,0.51821,6.875945226,80.53339479
0,1,63_59,24.95505,54.65394,19.29176,2.25019,5.2179,1.19021,0.06527,2.37375,14.55364,25.36661,2.0,3.11864,6.81932436,80.69388334
0,4,58_61,20.85565,63.07166,14.52194,2.40529,5.07138,1.26048,0.05985,3.98647,13.2516,21.69834,2.0,1.28093,6.855908518,80.55996894
0,1,68_67,22.32307,55.30405,20.54164,2.09696,5.40992,1.18132,0.06643,11.59146,15.37681,32.67901,2.0,3.23766,7.024984668,80.82112742
0,3,66_63,29.17242,46.98114,23.44832,2.25853,5.27924,1.14232,0.07131,1.23167,15.34138,29.71526,2.0,4.42912,6.918190606,80.7556424
0,2,73_72,13.14684,69.85617,15.16166,0.98602,5.83555,1.3869,0.05659,14.36763,13.48979,26.37076,3.0,4.74272,7.157135776,80.95145012
0,2,64_62,28.97593,48.15744,22.66543,2.25093,5.21622,1.16237,0.06807,0.73397,14.56775,28.86525,,4.22482,6.896544805,80.71846353
0,0,56_58,20.8594,63.56607,13.86897,2.63601,4.9875,1.27709,0.04985,6.41272,11.65323,24.43334,3.0,4.6946,6.789644737,80.50544376
0,0,62_61,25.8766,53.86618,19.61756,2.226,5.22356,1.19218,0.06307,1.40624,14.55278,25.57247,2.0,1.41812,6.872903094,80.66068799
0,4,65_61,27.00591,50.30552,22.01002,2.28187,5.2126,1.15701,0.07164,0.95249,14.56912,26.93021,2.0,1.03798,6.859152795,80.75208369
0,2,62_59,24.2235,56.70873,17.64804,2.34946,5.13819,1.2218,0.06221,3.78208,14.01191,25.25882,1.0,0.84242,6.816608876,80.65104109
0,2,56_62,20.92051,63.44,14.23348,2.08559,5.04059,1.25484,0.05718,2.71842,12.6382,21.48987,1.0,2.70952,6.895519899,80.50121351
0,4,61_64,22.79537,58.77642,17.77783,2.25256,5.17264,1.21599,0.06467,0.748,14.58192,22.08835,1.0,2.24801,6.939505155,80.62573316
0,1,60_65,20.93502,61.49475,16.74511,2.31763,5.19747,1.18493,0.06285,1.30816,14.33141,20.87691,2.0,3.14112,6.964753452,80.61357927
0,1,54_63,19.93172,66.0974,12.55373,2.09573,4.94895,1.26461,0.05544,4.84769,11.59088,23.07804,1.0,2.6131,6.913774248,80.43352304
0,0,59_60,21.94236,60.93743,15.49168,2.21033,5.06251,1.24707,0.06231,3.53535,13.3015,21.8904,3.0,1.38516,6.841875784,80.58459702
0,0,66_75,27.83962,56.66408,14.24143,1.02804,5.70575,1.34178,0.05163,9.12056,12.77503,36.1216,2.0,0.74504,7.25301741,80.77396744
0,4,68_73,20.44406,60.54408,17.6947,1.27519,5.68088,1.32146,0.05565,9.50033,13.96468,28.72697,3.0,1.44553,7.174571057,80.81893312
0,3,60_66,20.20683,62.56651,16.25793,2.27961,5.21819,1.20153,0.06286,1.44394,14.32661,20.32458,3.0,0.93295,6.988754331,80.60687094
0,2,58_62,20.7097,63.27957,14.60339,2.20709,5.06929,1.2549,0.05992,3.1103,13.39787,21.34613,2.0,1.62498,6.887160977,80.56284696
0,2,57_61,20.81489,63.93995,13.72286,2.42826,5.0157,1.25956,0.05755,4.53675,12.54015,22.58523,2.0,1.31898,6.858518844,80.5326675
0,2,57_61,21.0004,63.70777,13.72258,2.60528,4.9994,1.26089,0.05744,4.65003,13.32024,22.72887,4.0,1.98729,6.84965237,80.53202227
0,0,66_66,25.43598,51.76109,21.54505,2.26122,5.29153,1.15599,0.0682,6.72541,15.84406,30.87529,1.0,0.87899,6.992757839,80.77342065
0,4,60_59,23.02163,59.41199,15.49052,2.2823,5.10398,1.24459,0.06119,4.38482,13.4297,22.75647,2.0,2.52052,6.808031044,80.60541531
0,1,72_71,15.43961,66.23206,16.5141,1.29321,5.70671,1.33813,0.05737,14.0432,13.74684,28.32795,1.0,8.36947,7.124355108,80.9224877
0,3,68_61,26.05402,50.10442,22.78781,2.19858,5.26577,1.16831,0.07697,1.69247,14.69164,26.92355,1.0,1.88713,6.871768383,80.81667864
0,1,62_67,24.6044,55.51323,18.95276,2.26619,5.26565,1.18944,0.06669,2.50686,14.61932,25.71329,1.0,6.98967,7.016257662,80.65684518
0,4,62_68,25.02092,54.52877,19.39253,2.1936,5.33637,1.19696,0.06519,3.09863,14.68899,26.64695,3.0,4.70614,7.037500974,80.67224633
0,0,67_64,26.06553,50.48616,22.22519,2.23094,5.31431,1.13463,0.07373,5.53127,15.6133,30.59453,1.0,0.08654,6.95153638,80.79974999
0,0,66_75,23.81279,59.41161,15.41263,1.09589,5.73253,1.33955,0.05329,6.74767,13.38465,29.56982,3.0,1.18972,7.239241295,80.7799638
0,3,62_70,24.50457,55.16409,19.19654,1.48797,5.39682,1.24983,0.06462,3.07319,14.22232,26.47538,1.0,1.01855,7.095465305,80.65802593
0,3,64_60,25.96309,52.77342,20.419,2.26126,5.21462,1.17537,0.06747,1.70127,14.55962,26.13797,2.0,1.18121,6.838294214,80.71326537
0,3,67_62,27.57023,48.441,23.29623,2.19992,5.25782,1.16551,0.07556,0.84681,14.69165,27.66511,2.0,1.80296,6.881002589,80.78434152
0,1,57_62,20.29689,64.14292,14.08882,2.19322,5.06024,1.26243,0.05932,3.33523,13.3929,21.17941,2.0,2.13104,6.890422616,80.53688224
0,4,59_59,21.68801,61.97395,14.2761,2.40348,5.10857,1.25892,0.05807,4.74961,13.02836,21.63037,3.0,2.59018,6.813059237,80.57124699
0,2,66_64,28.68208,47.52849,23.24964,2.25202,5.30584,1.14888,0.07311,2.00169,15.60855,29.93876,1.0,2.63073,6.932241274,80.76415802
0,3,70_66,18.88272,58.47338,20.11876,2.04329,5.41699,1.18674,0.06894,17.56721,15.18614,35.20252,4.0,2.99479,6.988631528,80.88032886
0,0,63_60,25.63784,53.65303,19.82198,2.24941,5.21655,1.18348,0.06562,1.87958,14.5559,25.76311,1.0,3.26373,6.845219698,80.69085941
0,4,62_64,26.06374,53.82893,19.90937,2.27752,5.15782,1.19838,0.06617,0.1809,14.59111,25.15779,1.0,0.80206,6.936530963,80.65315735
0,2,56_62,21.15419,63.00399,14.42032,2.09868,5.04425,1.25172,0.05721,2.68674,12.6405,21.54537,2.0,2.73188,6.888716799,80.51026771
0,3,63_61,26.22921,52.61003,20.4187,2.25419,5.21487,1.17823,0.0666,1.55165,14.5589,26.26128,2.0,2.50593,6.847418546,80.69747366
0,2,65_69,24.56893,53.77953,20.22975,2.11374,5.34289,1.21738,0.06165,6.56641,14.57912,29.51311,2.0,2.90865,7.08309288,80.72982884
0,3,57_59,20.61024,63.88137,13.7722,2.63301,5.01264,1.27811,0.05621,5.20263,12.25467,22.41713,2.0,2.15395,6.8108335,80.53027383
0,3,67_62,26.90079,49.08806,23.19108,2.20452,5.25916,1.16547,0.07644,0.82019,14.69112,26.94378,3.0,0.66917,6.874941618,80.79332971
0,0,61_65,23.477,57.34903,18.48072,2.22625,5.19292,1.19173,0.06572,1.16091,14.58444,23.39023,1.0,4.12769,6.9752954,80.64252902
0,2,70_72,15.32275,66.78207,16.22277,0.99151,5.7958,1.37038,0.05627,13.25922,13.50332,27.31169,3.0,6.04775,7.15903183,80.88372411
0,2,58_69,23.22537,59.05436,16.78639,1.59235,5.29749,1.28326,0.06244,0.59523,12.99119,22.55227,2.0,2.54538,7.064267716,80.56318027
0,2,57_61,21.59015,62.80101,14.18349,2.34024,5.00355,1.25095,0.05569,3.8172,11.78931,22.86283,2.0,1.62601,6.864894125,80.51386019
0,3,64_65,26.81122,51.08382,21.37749,2.3173,5.31273,1.14842,0.06797,2.72003,15.78597,28.45301,1.0,5.07838,6.972964843,80.71623272
0,0,58_59,21.19671,62.85843,14.01442,2.47132,5.1121,1.26712,0.05565,5.35799,11.79105,22.43731,1.0,4.44948,6.792916072,80.54632961
0,3,65_66,26.38044,51.45761,21.26489,2.30853,5.31694,1.15892,0.0681,3.4282,15.78681,28.6568,1.0,4.08255,6.983186397,80.73318819
0,4,56_61,21.76316,62.57304,14.20519,2.50584,4.98805,1.25994,0.05544,3.92465,12.45458,23.02974,1.0,2.81063,6.852600429,80.50879969
0,0,64_70,24.20205,55.55069,18.96078,1.49737,5.39271,1.25988,0.06065,4.41797,13.96637,27.21975,3.0,1.79244,7.116531913,80.70355196
0,2,62_58,23.80999,56.75763,17.85423,2.25425,5.22078,1.2486,0.06175,4.4166,13.94993,25.70291,1.0,3.0058,6.779258044,80.6728173
0,2,63_57,23.16214,57.30595,17.97194,2.28099,5.25123,1.24753,0.06162,4.24342,14.30645,25.1774,1.0,1.90579,6.764251666,80.69299608
0,4,60_62,22.78232,59.10676,17.16996,2.19603,5.14561,1.22326,0.06325,1.86765,14.11859,22.59249,2.0,2.47456,6.891571516,80.61916089
0,0,55_65,20.0331,64.55154,14.00893,2.0341,5.10364,1.26154,0.06026,3.03167,12.65746,21.40395,2.0,1.62155,6.965357895,80.47079666
0,4,62_62,25.63654,54.3523,19.40971,2.21699,5.2284,1.1956,0.0622,1.32691,14.55134,25.27768,2.0,0.80858,6.875719525,80.65593193
0,1,65_68,24.3029,53.80333,20.68123,2.15919,5.30006,1.20597,0.06367,6.23428,15.30719,29.2236,2.0,4.67897,7.060968775,80.73364538
0,0,66_66,25.08284,52.20882,21.36527,2.24753,5.30074,1.16184,0.06755,7.20183,15.84329,30.92571,1.0,0.10384,7.001694876,80.77336788
0,2,69_70,20.28859,58.84006,19.20545,2.08358,5.5146,1.24128,0.05969,11.22105,15.70223,30.21093,2.0,5.06634,7.108674183,80.85458964
0,1,55_63,20.83581,63.79691,13.96736,2.06731,5.02603,1.28723,0.057,2.86068,12.63458,21.71068,3.0,1.65259,6.910149099,80.47944219
0,0,66_61,26.68237,50.45356,22.10106,2.28969,5.21379,1.16725,0.07271,0.819,14.56968,26.48209,2.0,1.19533,6.852065568,80.76061625
0,0,58_59,20.74676,63.5607,13.95328,2.49175,5.06584,1.2681,0.05759,4.95001,13.0528,22.18932,2.0,1.51324,6.819880559,80.54028915
0,0,62_61,25.8766,53.86618,19.61756,2.226,5.22356,1.19218,0.06307,1.40624,14.55278,25.57247,2.0,1.44015,6.872370777,80.66056134
0,1,71_66,16.97918,59.93501,20.09842,2.05515,5.45634,1.19512,0.06808,22.87146,15.66574,38.50022,2.0,3.41579,7.000560328,80.90450134
0,4,67_65,25.56429,51.14092,21.96073,2.21873,5.32001,1.13901,0.07319,6.25775,15.61332,30.74296,2.0,1.45001,6.965085815,80.80783328
0,4,63_67,25.22227,54.07939,19.67703,2.21092,5.32195,1.18887,0.06554,3.28557,14.69212,27.05575,2.0,4.77691,7.028578986,80.67762325
0,2,66_64,27.66862,48.59351,22.90384,2.2432,5.30847,1.12996,0.07352,3.48018,15.61095,30.31234,2.0,0.28993,6.948455826,80.78212053
0,4,59_58,22.12202,61.50723,14.34635,2.37297,5.15455,1.26421,0.05684,5.20028,12.29836,23.12745,2.0,5.6455,6.766710851,80.5744149
0,0,65_60,25.79804,52.56084,20.71558,2.2734,5.21524,1.177,0.06925,1.68986,14.56194,26.07144,2.0,1.21361,6.828575187,80.73088746
0,0,63_66,26.26751,52.27438,20.9149,2.28764,5.26256,1.16514,0.06781,2.10549,15.42387,27.31989,3.0,4.09589,6.98828593,80.70084794
0,1,68_65,24.87164,51.98947,21.66307,2.29329,5.26489,1.14341,0.0708,8.2054,15.85118,31.8608,1.0,0.4418,6.969822078,80.81600548
0,4,69_71,18.47695,61.86024,18.01438,1.49379,5.61163,1.29325,0.05566,12.30905,14.41426,29.51221,2.0,6.58846,7.125882771,80.85691148
0,1,66_65,26.81688,49.96519,22.25775,2.30278,5.26545,1.1386,0.07023,4.96123,15.84624,30.72396,2.0,0.75536,6.963652674,80.77567103
0,2,59_62,21.4527,61.90693,15.32414,2.2361,5.06443,1.24575,0.06152,2.62089,14.12247,21.52679,2.0,0.28836,6.8773926,80.57995946
0,2,63_58,24.12218,55.82872,18.57096,2.26577,5.22485,1.23826,0.06379,4.26152,13.95476,26.2943,1.0,0.85712,6.772471435,80.69815517
0,0,68_60,26.05676,49.49089,23.46795,2.2439,5.22239,1.16641,0.07799,0.19345,14.09412,25.51952,1.0,4.15724,6.837898493,80.81751425
0,0,60_64,20.76651,61.78095,16.66133,2.26064,5.18247,1.19787,0.06418,0.89241,14.13347,20.25937,2.0,2.81319,6.95204335,80.61770285
0,2,68_71,20.96276,58.25508,19.17179,2.02879,5.53451,1.25184,0.05795,9.80481,15.17527,29.24694,4.0,5.67942,7.120479019,80.8105195
0,3,57_64,18.46755,66.78868,13.49448,2.19248,5.12656,1.24136,0.0621,2.06401,12.79244,18.76826,2.0,0.9785,6.94302271,80.51455387
0,3,67_61,26.05402,50.10442,22.78781,2.19858,5.26577,1.16831,0.07697,1.69247,14.69164,26.92355,,1.04208,6.873080472,80.80892966
0,1,63_59,24.70471,55.0346,18.97008,2.27349,5.19905,1.20543,0.06465,3.49063,13.95616,26.09553,3.0,3.09701,6.806942685,80.69234933
0,4,65_61,26.64325,50.80131,21.79983,2.28397,5.21319,1.15912,0.07165,1.0225,14.56796,26.57007,2.0,0.27319,6.848675807,80.75208675
0,3,61_63,24.43841,56.59807,18.44329,2.20132,5.12894,1.20682,0.06294,0.83242,14.12094,23.81058,3.0,1.57438,6.914903283,80.63330293
0,3,64_67,25.11898,53.74479,20.2207,2.23795,5.30013,1.18714,0.06682,3.17643,15.42006,27.03317,1.0,1.85043,7.020928127,80.70327681
0,4,68_73,19.28525,61.72568,17.63925,1.26507,5.72185,1.33286,0.05462,10.49741,13.82155,28.56831,2.0,0.39919,7.176033567,80.83026947
0,4,61_64,23.49213,57.62858,18.31011,2.25037,5.17515,1.18262,0.06511,0.72403,14.58403,22.89822,1.0,2.40484,6.944277529,80.6335838
0,0,60_67,21.61208,60.36926,17.04755,2.26777,5.22682,1.20353,0.06379,1.51995,14.32826,21.8127,3.0,3.09553,7.016222545,80.61101436
0,1,68_67,23.19649,54.10439,21.00541,2.23635,5.30176,1.16785,0.06665,10.57071,15.68193,32.54519,2.0,3.24222,7.023971912,80.81286192
0,2,71_72,14.66914,67.85294,15.87454,0.98825,5.81855,1.3786,0.05562,13.43348,13.49723,26.90752,,3.9244,7.171988164,80.89818281
0,1,66_74,22.4195,59.95578,16.14925,1.09581,5.72112,1.33774,0.05414,6.53074,13.38624,27.77944,2.0,3.87397,7.215840434,80.77221719
0,3,68_61,25.38932,50.83287,22.58844,2.20143,5.27278,1.16865,0.07746,1.46786,14.68917,26.00178,1.0,3.19559,6.851147724,80.81993656
0,3,63_61,26.68887,51.97011,20.73022,2.25249,5.21458,1.17565,0.06661,1.3081,14.56,26.60463,2.0,2.83358,6.857903808,80.69561131
0,3,59_64,17.94894,66.61739,14.29096,2.29441,5.12627,1.25764,0.06319,2.04521,13.41974,18.29299,2.0,3.31406,6.940988363,80.57712002
0,3,63_64,28.62791,49.1533,22.06552,2.3443,5.2968,1.13736,0.06793,0.88201,15.78515,28.69841,,1.60296,6.944395151,80.69829282
0,0,60_64,21.82103,60.51346,16.85585,2.22491,5.1219,1.19238,0.06603,1.34248,13.67719,21.61855,1.0,1.73439,6.940040522,80.61706403
0,0,66_66,25.08284,52.20882,21.36527,2.24753,5.30074,1.16184,0.06755,7.20183,15.84329,30.92571,1.0,0.10762,7.001585576,80.77301135
0,4,64_63,30.15616,47.01314,22.90089,2.28072,5.27331,1.15588,0.06619,0.64431,15.45023,30.1469,1.0,1.47693,6.920215057,80.7090972
0,4,61_64,22.79537,58.77642,17.77783,2.25256,5.17264,1.21599,0.06467,0.748,14.58192,22.08835,1.0,1.6376,6.934531082,80.62285819
0,2,62_66,25.25858,54.48837,19.48376,2.29679,5.24687,1.17785,0.06691,2.3397,14.62369,26.27405,1.0,4.98619,6.994419084,80.66223913
0,2,64_57,23.66888,55.62055,19.21435,2.23783,5.31748,1.22356,0.06653,4.59903,14.57629,26.46668,1.0,3.43797,6.764512781,80.72696868
0,4,67_60,26.94661,47.11832,25.37293,2.25245,5.22494,1.16479,0.07825,-3.49714,14.09327,23.02992,1.0,3.74717,6.837283863,80.80655258
0,0,73_71,14.89909,66.5968,16.58774,1.17975,5.72715,1.33413,0.05864,14.68574,13.7644,28.4444,2.0,8.85541,7.119942538,80.95190153
0,0,58_63,18.98237,65.91477,13.71179,2.16991,5.0797,1.2696,0.05977,3.06613,13.3901,20.00666,2.0,1.81714,6.915938365,80.54011142
0,3,71_70,18.31291,61.28818,18.26514,2.15775,5.5516,1.23371,0.06066,15.58039,15.72744,32.59526,3.0,7.84029,7.091992998,80.89960446
0,4,67_66,23.79217,53.45375,21.20608,2.24769,5.29456,1.16362,0.06709,9.4137,15.6814,32.06514,1.0,1.87089,7.00951712,80.8085378
0,0,66_73,22.81566,58.20244,17.45542,1.38712,5.62836,1.28532,0.05505,6.4432,13.79429,27.90652,2.0,6.53515,7.192618978,80.76583956
0,1,68_68,20.39261,57.87253,19.64136,2.13785,5.47118,1.19575,0.06412,13.88333,15.38945,32.91977,1.0,1.95979,7.04212413,80.83706113
0,4,69_72,17.58946,63.35367,17.44655,1.30743,5.71371,1.32437,0.0558,11.795,13.8719,28.08443,2.0,3.62156,7.157659307,80.85540757
0,3,64_66,25.99413,52.43691,20.88566,2.27946,5.26614,1.16782,0.06796,2.69135,15.42473,27.57226,2.0,3.50295,6.989470118,80.71154248
0,1,68_72,20.9677,59.75506,17.96779,1.49734,5.60161,1.29145,0.05433,8.44548,14.85522,28.19508,2.0,2.68194,7.158809518,80.81846371
0,1,54_63,19.93172,66.0974,12.55373,2.09573,4.94895,1.26461,0.05544,4.84769,11.59088,23.07804,1.0,2.51945,6.914250769,80.44026276
0,3,64_65,27.31113,50.44638,21.63654,2.32966,5.3033,1.14281,0.0684,2.31184,15.78677,28.61454,2.0,3.98851,6.961968538,80.71671486
0,2,62_66,25.62717,53.79531,19.81824,2.28875,5.27736,1.1808,0.06547,2.40272,14.80912,26.71626,3.0,5.29387,6.997851475,80.67144814
0,4,61_64,24.93539,55.52464,19.1712,2.26913,5.16296,1.20429,0.06568,0.40006,14.58804,24.10382,1.0,0.96585,6.933795466,80.64212775
0,3,63_64,27.47915,51.11488,21.30532,2.31382,5.24884,1.15649,0.06763,0.64643,15.42314,27.2563,1.0,1.25623,6.954294972,80.68052507
0,0,56_65,19.58634,64.97937,14.05149,2.05343,5.11652,1.25437,0.06033,2.74726,12.6607,20.61258,3.0,3.31847,6.956767911,80.48901032
0,1,65_76,27.79932,51.6452,18.78191,1.0377,5.70452,1.33735,0.05294,3.63944,12.77567,30.60726,,2.0536,7.271128952,80.75143633
0,4,61_64,24.16237,56.94629,18.36668,2.19268,5.13542,1.20831,0.06307,0.86357,14.12006,23.64416,1.0,1.2572,6.928973276,80.63866932
0,2,64_58,23.25762,57.016,18.19155,2.28422,5.25279,1.24429,0.06232,4.2074,14.30788,25.36346,1.0,1.56904,6.765964097,80.70208101
0,2,60_69,24.20091,56.81391,18.0862,1.49133,5.41395,1.27232,0.06654,0.22378,13.45231,23.06122,1.0,2.48104,7.067740966,80.5988103
0,3,65_58,23.94449,54.98656,19.6437,2.24788,5.30794,1.20285,0.06796,4.18445,14.57879,26.45218,2.0,4.26022,6.779620126,80.73853952
0,3,63_61,26.22921,52.61003,20.4187,2.25419,5.21487,1.17823,0.0666,1.55165,14.5589,26.26128,1.0,2.74438,6.854799388,80.6956371
0,0,70_73,15.28973,67.01754,16.11561,0.98994,5.80838,1.37374,0.05565,12.97466,13.50121,27.03307,3.0,5.26048,7.175117366,80.87940384
0,1,57_62,21.40987,62.65052,14.48973,2.1055,5.03908,1.25098,0.05701,2.76236,12.64129,21.76244,1.0,1.85395,6.876485365,80.512635
0,4,67_66,24.54327,52.63778,21.31378,2.25108,5.29399,1.15922,0.06816,8.47186,15.84629,31.638,1.0,0.41994,7.000448256,80.79674071
0,0,63_62,27.72595,50.78648,21.21138,2.24148,5.21649,1.17547,0.0655,0.75341,14.56012,27.32345,2.0,4.15301,6.876585585,80.69345748
0,4,59_58,22.12202,61.50723,14.34635,2.37297,5.15455,1.26421,0.05684,5.20028,12.29836,23.12745,2.0,5.41894,6.765958388,80.57716036
0,1,68_67,21.37599,56.7789,19.94522,2.1507,5.45349,1.1903,0.06457,11.91178,15.38899,31.97446,2.0,3.51199,7.030405363,80.81821359
0,1,68_72,21.42959,58.87029,18.29968,1.50328,5.57644,1.28661,0.0553,8.4199,14.857,28.54082,2.0,3.29952,7.156259858,80.81237139
0,0,68_60,26.05676,49.49089,23.46795,2.2439,5.22239,1.16641,0.07799,0.19345,14.09412,25.51952,1.0,3.20837,6.846247608,80.81355046
0,0,64_70,24.4737,53.97924,20.08068,2.10121,5.35739,1.22234,0.06119,6.51136,14.57799,29.31813,2.0,2.42907,7.096349929,80.7283156
0,0,61_59,23.43484,58.0761,17.01081,2.45739,5.17061,1.2291,0.06051,4.04354,13.69126,24.48273,1.0,1.64836,6.80437079,80.64565534
0,2,65_64,28.01188,48.99211,22.48662,2.22988,5.32127,1.13899,0.07077,2.0672,15.60452,29.20226,3.0,4.15851,6.943806166,80.73500572
0,1,68_66,22.66042,54.6917,20.8582,2.13647,5.37763,1.16568,0.06881,11.20468,15.38104,32.77726,1.0,3.52359,6.997452021,80.83619135
0,4,59_58,21.60142,62.12966,14.24304,2.40973,5.12087,1.26467,0.0567,5.42993,13.02701,22.59597,2.0,5.74018,6.77390102,80.57044249
0,4,67_66,24.83581,52.39276,21.35018,2.24944,5.29716,1.16047,0.06787,7.80852,15.84479,31.27639,3.0,0.90797,7.006841754,80.78660897
0,1,60_68,24.04671,56.80483,18.21891,2.14072,5.355,1.23225,0.06706,0.61983,13.99248,23.28198,3.0,4.08217,7.046552816,80.60566977
0,4,65_65,26.79678,50.75272,21.59974,2.32481,5.30231,1.15091,0.06912,3.35909,15.78918,29.06562,1.0,3.11621,6.977895361,80.74079912
0,0,72_70,15.3528,65.80903,16.90955,1.18258,5.71144,1.32748,0.0589,14.8726,13.76854,29.04301,2.0,9.51051,7.11417388,80.93553807
0,2,65_69,24.05582,53.77605,20.66227,2.13578,5.3193,1.21588,0.06277,7.42284,15.30643,29.81981,3.0,2.87549,7.074324235,80.74588082
0,4,69_72,17.58946,63.35367,17.44655,1.30743,5.71371,1.32437,0.0558,11.795,13.8719,28.08443,2.0,3.86764,7.151373394,80.85175893
0,1,56_66,19.75683,64.74328,14.33564,2.13463,5.15926,1.268,0.06458,1.64977,12.79054,19.9852,2.0,3.38547,7.008503117,80.51005621
0,3,57_64,17.93882,67.38161,13.35633,2.26137,5.09965,1.27592,0.06234,2.5414,13.40747,18.62801,1.0,1.25657,6.940786336,80.52665566
0,1,68_65,23.77591,53.22506,21.42479,2.24357,5.32898,1.13682,0.07179,8.39515,15.67951,31.00017,3.0,1.89602,6.959247529,80.83336603
0,0,63_60,25.41041,54.16718,19.49655,2.24354,5.21797,1.18766,0.06475,1.97161,14.55399,25.49422,4.0,4.04994,6.840521706,80.68201303
0,0,66_61,26.72827,49.47445,23.0317,2.2111,5.25889,1.15313,0.07574,0.13734,14.68771,25.98425,3.0,2.50968,6.853829405,80.77934757
0,3,60_58,22.497,60.02276,15.62293,2.44819,5.18594,1.24942,0.05747,4.89186,13.68309,23.56707,2.0,2.10529,6.772109601,80.61403409
0,2,59_61,21.95911,60.61762,16.14781,2.19263,5.13726,1.23434,0.06238,2.4547,14.11297,21.75654,2.0,1.1751,6.871800014,80.59272141
0,0,64_70,24.18138,55.24214,19.24007,1.50385,5.37816,1.25555,0.06037,5.20271,13.96856,27.91051,2.0,2.37757,7.109055147,80.70525255
0,1,55_63,20.54411,64.21862,13.77752,2.09848,4.98512,1.28927,0.05609,4.08262,11.9947,22.6809,1.0,2.2209,6.906950406,80.47539379
0,0,67_64,27.38861,48.70121,23.05848,2.14746,5.2899,1.14632,0.07554,3.07646,15.03376,29.74961,1.0,1.73578,6.931046723,80.80794287
0,4,65_70,23.8222,54.3185,20.14801,1.53635,5.4248,1.25365,0.05725,8.34165,14.22363,30.24156,2.0,1.60616,7.113628616,80.74497164
0,2,71_72,14.41916,68.03527,15.8425,0.98909,5.81198,1.37747,0.05621,13.85597,13.4975,27.06665,2.0,4.33828,7.162485314,80.90850729
0,3,72_67,17.01264,60.78026,19.50923,2.10973,5.45898,1.20516,0.06817,19.26007,15.75774,35.00782,2.0,3.79885,7.013973329,80.92489866
0,1,54_63,20.01602,65.8443,12.72109,2.109,4.95355,1.25944,0.05554,4.72814,11.59293,22.94522,3.0,2.40026,6.91157868,80.44964775
0,1,71_66,18.26717,59.03696,20.02216,2.03962,5.42137,1.18954,0.06893,18.95098,15.18614,35.9423,1.0,2.78321,6.994185053,80.89302554
0,0,57_60,20.91897,63.78073,13.74148,2.60572,4.99962,1.25922,0.0562,5.45612,12.25016,23.68082,1.0,2.02862,6.840719877,80.51629742
0,2,70_67,16.92919,59.6867,20.27417,2.01909,5.44002,1.1947,0.06761,24.94984,15.18564,40.45547,4.0,4.67086,7.011436406,80.88797592
0,4,60_62,22.78232,59.10676,17.16996,2.19603,5.14561,1.22326,0.06325,1.86765,14.11859,22.59249,2.0,2.56432,6.892459136,80.61950951
0,3,67_61,26.51939,49.5075,23.04799,2.20243,5.26184,1.1664,0.07679,1.17686,14.69146,26.90698,3.0,0.19403,6.873313423,80.80027782
0,3,65_59,24.86478,53.87736,19.98557,2.29186,5.21454,1.19315,0.0683,3.27761,13.96362,26.57252,1.0,4.10229,6.797939355,80.73867352
0,3,66_63,29.17242,46.98114,23.44832,2.25853,5.27924,1.14232,0.07131,1.23167,15.34138,29.71526,1.0,4.29519,6.916234902,80.7607863
0,3,64_60,25.70646,52.92936,20.43004,2.26752,5.21529,1.18085,0.06825,1.82235,14.56019,26.01336,2.0,0.68736,6.834549917,80.71576274
0,4,65_63,29.14389,47.02765,23.43438,2.265,5.27548,1.14158,0.07164,0.99449,15.34042,29.43865,2.0,5.0636,6.91140912,80.75533342
0,0,66_73,22.98186,57.2466,18.38384,1.53194,5.60601,1.27973,0.05439,6.36891,14.58422,27.96176,1.0,7.28577,7.175842938,80.76516636
0,4,62_65,25.90185,53.44394,19.9965,2.30014,5.2696,1.16902,0.06567,2.12574,14.81035,26.7638,4.0,3.27061,6.979517572,80.6681291
0,2,68_71,20.98376,58.97023,18.54925,1.51274,5.55312,1.2805,0.056,9.81549,14.85984,29.48142,2.0,4.74301,7.137000404,80.83634008
0,2,65_67,24.53339,53.15903,21.25618,2.28646,5.28581,1.17092,0.06581,5.88564,15.65266,29.09348,1.0,2.61997,7.012473255,80.75284722
0,1,68_59,23.93295,53.12536,21.34417,2.17977,5.35315,1.18257,0.07614,3.6423,14.70601,26.46325,1.0,2.71327,6.806061709,80.83186066
0,1,57_58,20.46234,64.26971,13.42864,2.38117,5.08345,1.28424,0.05211,6.45104,11.37952,23.54299,1.0,4.64862,6.771857734,80.5260342
0,3,63_61,26.04256,53.07931,20.11457,2.24821,5.21618,1.18053,0.06568,1.62823,14.55699,26.04104,1.0,3.63255,6.849442499,80.68713703
0,4,67_60,26.63665,48.31851,24.28625,2.25098,5.21606,1.16328,0.07816,-1.32701,14.0942,24.70304,2.0,3.14531,6.841598091,80.80169151
0,4,69_71,18.47695,61.86024,18.01438,1.49379,5.61163,1.29325,0.05566,12.30905,14.41426,29.51221,2.0,6.52539,7.128615628,80.86084056
0,3,60_66,21.08047,61.18322,16.8162,2.28735,5.21583,1.19664,0.06327,1.47635,14.32932,21.23771,4.0,2.21504,6.994894212,80.61752078
0,3,59_64,19.097,65.12586,14.57847,2.18888,5.1037,1.25112,0.06089,2.52487,13.39931,19.8064,2.0,3.1889,6.928587589,80.57379216
0,1,54_63,19.93172,66.0974,12.55373,2.09573,4.94895,1.26461,0.05544,4.84769,11.59088,23.07804,1.0,3.01648,6.918239626,80.43602957
0,3,68_61,26.05402,50.10442,22.78781,2.19858,5.26577,1.16831,0.07697,1.69247,14.69164,26.92355,1.0,1.55033,6.872684346,80.81359612
0,3,64_60,25.82042,53.191,20.12797,2.25532,5.21543,1.17938,0.06652,1.79145,14.55777,25.97739,4.0,2.07554,6.84111527,80.70345764
0,2,56_59,21.02747,63.86071,13.56834,2.51252,4.98021,1.26233,0.05286,5.19044,11.77456,23.4625,2.0,4.12416,6.814001712,80.49781848
0,3,59_69,23.58825,58.36177,17.12754,1.59538,5.30887,1.27529,0.06211,0.67973,12.99339,23.00001,2.0,1.59272,7.06713666,80.5735138
0,2,66_60,26.473,49.73177,22.99648,2.21334,5.26044,1.16728,0.0758,-0.06427,14.68644,25.50306,1.0,2.74738,6.844759603,80.77429924
0,1,65_62,28.44716,48.17393,22.90623,2.2712,5.27376,1.14464,0.07145,0.94123,15.33717,28.5332,2.0,4.16653,6.886988306,80.74281534
0,0,58_59,20.92044,63.78839,13.44362,2.46747,5.1067,1.28108,0.05507,6.2502,11.7893,23.4365,4.0,4.05061,6.794370719,80.53862549
0,3,67_61,26.59659,49.03051,23.58128,2.21515,5.2593,1.16225,0.07724,-0.43786,14.68901,25.42146,2.0,2.32594,6.848555967,80.79327498
0,2,61_66,22.6517,58.69883,17.87173,2.31367,5.2034,1.18257,0.06396,1.48346,14.33552,22.85175,1.0,4.34168,6.983143395,80.6373141
0,2,70_72,16.83105,64.54733,17.09956,1.30088,5.73666,1.33273,0.05499,12.16771,13.86658,27.7924,2.0,4.71446,7.159760355,80.86883191
0,0,58_59,20.83965,63.46163,13.9069,2.36592,5.09381,1.26932,0.05749,5.08241,11.893,22.26939,3.0,2.42683,6.810561703,80.54102918
0,3,64_61,26.36559,52.19886,20.70241,2.26019,5.21391,1.17421,0.06756,1.47846,14.56078,26.42241,1.0,0.93821,6.847778862,80.71180704
0,1,60_65,19.71003,63.36815,16.013,2.30899,5.20159,1.21169,0.06234,1.35831,14.32853,19.67959,3.0,2.56361,6.967961546,80.60861935
0,2,56_63,20.45905,64.07007,14.10212,2.0715,5.05122,1.2567,0.05776,2.58239,12.63669,21.07731,2.0,1.25084,6.918714965,80.50332821
0,3,59_64,18.59388,65.98182,14.16425,2.18133,5.1017,1.26001,0.06059,2.63921,13.39654,19.38733,2.0,3.38049,6.930442072,80.56720167
0,1,68_65,24.4809,52.47569,21.48879,2.27998,5.27244,1.15953,0.07009,8.87288,15.85058,32.07571,1.0,1.21858,6.97913581,80.81383272
0,3,57_59,20.61024,63.88137,13.7722,2.63301,5.01264,1.27811,0.05621,5.20263,12.25467,22.41713,2.0,2.26314,6.809937583,80.53363615
0,3,61_68,23.96339,56.96978,17.98746,1.57105,5.35485,1.24699,0.06591,1.94632,14.07199,24.46041,,5.03645,7.06046187,80.62736891
0,0,60_67,22.76944,59.55717,16.77451,2.17295,5.25253,1.21372,0.06261,0.34267,13.35503,21.80245,2.0,2.55672,7.029462496,80.60229674
0,3,62_70,24.50457,55.16409,19.19654,1.48797,5.39682,1.24983,0.06462,3.07319,14.22232,26.47538,2.0,1.55655,7.096166814,80.66355867
0,2,56_63,20.68685,63.7606,14.16652,2.0786,5.04585,1.25574,0.05746,2.64995,12.63744,21.28269,2.0,1.56196,6.910320911,80.50408903
0,0,62_60,24.30809,56.11905,18.32179,2.35524,5.133,1.20212,0.06317,2.6492,14.01439,24.50364,2.0,1.0997,6.820855885,80.66394471
0,0,67_75,23.15988,60.97512,14.87191,0.95069,5.81734,1.37852,0.05217,5.46274,12.46853,27.85455,,0.74158,7.244875731,80.78433219
0,4,65_72,23.20773,56.32878,18.98099,1.51962,5.49901,1.26358,0.05572,6.27909,14.2228,27.94528,2.0,4.43077,7.149687896,80.74857025
0,1,60_65,20.85372,61.57432,16.71304,2.30738,5.20399,1.18906,0.06293,1.37567,14.33063,20.88919,2.0,2.66227,6.977154446,80.61952251
0,3,72_69,16.87214,63.30676,17.38785,1.91743,5.63317,1.26333,0.06281,15.87714,14.7114,31.41304,2.0,11.47637,7.089916357,80.93517674
0,2,70_72,16.92379,64.22079,17.25094,1.30549,5.72112,1.32846,0.05568,12.44019,13.8687,28.12328,2.0,5.3095,7.149826266,80.86877381
0,2,66_60,26.42403,50.17666,22.57939,2.20888,5.26194,1.17015,0.07482,0.42549,14.68559,25.83926,4.0,1.72268,6.843641619,80.76422951
0,2,73_72,13.14684,69.85617,15.16166,0.98602,5.83555,1.3869,0.05659,14.36763,13.48979,26.37076,4.0,4.96185,7.155416983,80.95507547
0,0,56_64,19.72739,64.81467,14.06301,2.07044,5.1049,1.24779,0.05994,2.79466,12.66205,20.67165,4.0,2.13441,6.937090164,80.49614705
0,1,65_76,29.08691,53.50483,15.74985,1.03335,5.70731,1.33706,0.05257,8.01112,12.77582,36.11088,,1.88028,7.261773116,80.75509757
0,2,57_61,21.76316,62.57304,14.20519,2.50584,4.98805,1.25994,0.05544,3.92465,12.45458,23.02974,3.0,2.28718,6.854530564,80.51350395
0,2,70_72,14.97538,67.43537,16.00085,0.98913,5.81313,1.37613,0.05564,13.22383,13.49924,26.98649,,4.57265,7.172315656,80.88924493
0,0,60_67,21.81242,61.01897,16.25218,2.17646,5.24685,1.21458,0.0621,0.36513,13.35363,20.86481,2.0,1.66728,7.021450576,80.59732237
0,4,68_73,20.31473,60.98535,17.47139,1.27041,5.69668,1.325,0.05503,9.15297,13.96345,28.31055,3.0,0.50852,7.177629987,80.82685179
0,2,61_58,22.66939,59.47932,16.1507,2.45343,5.18879,1.26681,0.05804,5.0297,13.68584,24.53045,3.0,2.69451,6.770265784,80.63362464
0,4,62_64,25.51614,54.52722,19.64637,2.26672,5.16552,1.15383,0.06611,0.44469,14.59016,24.85163,1.0,1.39926,6.947275103,80.65763384
0,4,61_64,24.93539,55.52464,19.1712,2.26913,5.16296,1.20429,0.06568,0.40006,14.58804,24.10382,1.0,1.61919,6.939845009,80.63915325
0,1,65_62,28.69579,48.06644,22.86482,2.26146,5.27853,1.14707,0.07035,0.97386,15.33706,28.83597,1.0,5.30781,6.896969018,80.74010062
0,0,64_70,24.05241,54.78998,19.74372,1.53279,5.44039,1.25655,0.05779,6.3104,14.21914,28.81163,2.0,1.35631,7.118124138,80.72119765
0,4,69_71,18.37544,62.22065,17.81807,1.48789,5.62988,1.2983,0.055,11.9547,14.41181,29.07955,2.0,6.16039,7.130229172,80.85693945
0,0,73_71,14.79801,66.92834,16.40819,1.17431,5.74426,1.33906,0.05802,14.41624,13.76163,28.08733,1.0,8.39867,7.124148851,80.95387166
0,3,60_58,22.34522,60.40522,15.29363,2.44545,5.1863,1.25261,0.05692,4.93473,13.68127,23.13326,2.0,1.64674,6.780612284,80.6083884
0,2,65_67,24.65696,53.15646,21.19049,2.28369,5.29209,1.17504,0.06546,5.40718,15.65112,28.74883,1.0,2.74628,7.011696724,80.75113918
0,1,66_65,27.13216,49.97375,22.01589,2.34451,5.28454,1.14137,0.07078,3.58337,15.79304,29.68754,1.0,1.15001,6.961320619,80.7577392
0,2,63_58,23.98719,56.47244,18.02098,2.25787,5.21347,1.22097,0.06227,4.16058,13.95083,25.63909,2.0,2.90654,6.786563908,80.674538
0,4,67_60,26.07837,49.26952,23.76161,2.24454,5.23816,1.17247,0.07736,-0.90061,14.09148,24.46713,1.0,2.39511,6.822231683,80.80112615
0,2,62_59,24.19642,56.28868,18.07993,2.35323,5.14188,1.21631,0.06258,3.7345,14.01314,25.31829,1.0,1.07658,6.806942012,80.66536489
0,0,58_59,21.4658,62.4231,14.05968,2.40352,5.11142,1.26813,0.05694,5.19794,13.02542,22.07499,1.0,4.88399,6.793981933,80.56098482
0,4,66_70,23.52437,53.72973,20.73549,2.10655,5.34821,1.22718,0.06106,9.99856,15.30763,31.24725,2.0,2.86877,7.107451424,80.77487662
0,0,60_67,21.61208,60.36926,17.04755,2.26777,5.22682,1.20353,0.06379,1.51995,14.32826,21.8127,3.0,3.52078,7.014511656,80.61720534
0,4,65_63,28.90322,47.56249,23.14772,2.26061,5.27834,1.14427,0.07087,1.09223,15.33925,29.23659,1.0,5.36569,6.907084358,80.74280039
0,0,63_62,28.33633,50.19474,21.41774,2.2323,5.21942,1.17804,0.06444,0.36403,14.55902,27.68068,2.0,3.3051,6.885167102,80.67945662
0,3,64_66,25.99413,52.43691,20.88566,2.27946,5.26614,1.16782,0.06796,2.69135,15.42473,27.57226,2.0,3.32333,6.992838135,80.70712639
0,0,61_61,24.08506,56.79729,18.15611,2.20804,5.23303,1.2161,0.06083,1.93303,14.54615,23.82812,2.0,0.8062,6.872411721,80.63688417
0,4,61_67,24.24055,56.15639,18.61196,2.24819,5.27654,1.19772,0.06666,2.41878,14.61618,25.23654,1.0,6.07994,7.022278904,80.6420698
0,3,64_61,26.53783,51.48073,21.24253,2.27216,5.21294,1.16648,0.06956,1.30308,14.56443,26.59012,1.0,0.50423,6.852122068,80.72403813
0,0,61_62,23.4967,57.96305,17.71854,2.20331,5.14492,1.21763,0.06368,1.65859,14.12154,23.22191,3.0,2.72842,6.893378515,80.62067526
0,1,68_59,24.90991,51.34812,22.50115,2.20309,5.32212,1.17896,0.07718,1.58224,14.70768,25.54195,1.0,1.78491,6.814280414,80.81771426
0,4,61_64,23.85215,57.16554,18.46372,2.2608,5.16793,1.21018,0.06518,0.58727,14.58498,23.08554,1.0,1.9633,6.938590228,80.63445076
0,0,61_65,22.87075,58.40583,18.02935,2.22928,5.18964,1.19196,0.06514,1.02072,14.58224,22.60249,1.0,4.03166,6.963994341,80.63630785
0,0,66_66,24.83581,52.39276,21.35018,2.24944,5.29716,1.16047,0.06787,7.80852,15.84479,31.27639,3.0,0.89338,7.004487597,80.78155286
0,0,63_70,24.20205,55.55069,18.96078,1.49737,5.39271,1.25988,0.06065,4.41797,13.96637,27.21975,3.0,2.1802,7.114121008,80.70099325
0,2,62_58,22.9654,58.36834,17.06006,2.41986,5.2484,1.25404,0.06022,5.33709,13.75513,25.82159,2.0,3.19774,6.7690215,80.67323684
0,1,68_65,24.4809,52.47569,21.48879,2.27998,5.27244,1.15953,0.07009,8.87288,15.85058,32.07571,1.0,1.20289,6.980024695,80.81577353
0,1,61_69,24.2958,55.73014,19.0105,1.49084,5.37439,1.25011,0.06515,2.44511,14.21761,25.79908,1.0,3.59476,7.073414784,80.63127244
0,1,68_68,21.70761,56.25495,20.47913,2.12626,5.40108,1.20706,0.06429,10.4674,15.18603,30.93621,2.0,3.46189,7.039450973,80.81314871
0,1,57_58,20.46234,64.26971,13.42864,2.38117,5.08345,1.28424,0.05211,6.45104,11.37952,23.54299,1.0,5.3712,6.773823886,80.53245312
0,3,64_59,25.41077,53.16895,20.30541,2.29668,5.19346,1.18639,0.06859,2.75992,13.9644,26.6218,2.0,1.65023,6.817530414,80.7282026
0,3,64_66,25.99413,52.43691,20.88566,2.27946,5.26614,1.16782,0.06796,2.69135,15.42473,27.57226,2.0,3.36863,6.9904909,80.71242959
0,0,59_68,22.26094,60.24596,16.54911,1.60974,5.30375,1.23282,0.06012,0.98232,12.99351,21.91576,3.0,2.69496,7.044103277,80.58360451
0,2,57_61,21.0004,63.70777,13.72258,2.60528,4.9994,1.26089,0.05744,4.65003,13.32024,22.72887,4.0,1.81456,6.849146797,80.533604
0,3,57_59,20.71071,64.40446,13.17487,2.60069,5.08383,1.28152,0.0545,5.2191,11.94741,22.51201,2.0,2.71145,6.80578349,80.53246489
0,4,56_61,21.27452,63.45999,13.87618,2.32052,4.99125,1.26895,0.05522,3.9374,11.78555,22.93259,2.0,3.44213,6.87154093,80.49677989
0,3,67_62,27.17384,48.8773,23.20649,2.20481,5.2578,1.16555,0.07591,0.63781,14.69062,27.02211,1.0,1.53184,6.874885982,80.78309512
0,3,63_64,28.60106,49.38439,21.93054,2.33918,5.30338,1.14495,0.06727,0.65534,15.78344,28.4562,1.0,1.71265,6.943788202,80.69294102
0,2,65_69,24.21119,53.89065,20.59605,2.14651,5.3119,1.21151,0.0632,6.46576,15.30605,29.25677,1.0,3.92743,7.066505823,80.73817459
0,1,65_62,27.73078,49.83158,21.99047,2.2646,5.21293,1.16072,0.06941,0.92,14.5677,27.67087,2.0,3.96151,6.884516752,80.72959767
0,0,66_59,25.64965,51.45107,21.82532,2.23159,5.24412,1.18472,0.07374,1.7282,14.08702,26.18035,1.0,4.16749,6.814480647,80.76260517
0,0,68_70,20.35935,58.93922,19.09666,2.04312,5.52385,1.24585,0.05862,10.74157,15.17794,29.70775,2.0,3.52987,7.101915645,80.82941223
0,1,63_69,24.4269,55.12627,19.34567,1.51561,5.34438,1.24778,0.06128,4.54453,13.96636,27.72789,2.0,1.67486,7.081585951,80.69507841
0,4,59_58,21.50709,62.23249,14.32724,2.39675,5.13322,1.26694,0.05624,5.63764,12.09516,23.08966,2.0,6.17072,6.767966952,80.56855195
0,3,61_63,25.3213,55.00012,19.23076,2.21637,5.20424,1.19702,0.06376,0.7405,14.77237,24.68131,1.0,2.7212,6.905863654,80.64520026
0,3,57_59,20.54445,64.80499,12.97643,2.64519,4.99617,1.27969,0.05144,5.52254,11.65709,22.86377,1.0,4.33344,6.793593598,80.51760667
0,4,55_64,20.09123,64.64496,13.83901,2.04482,5.08314,1.25768,0.05944,3.22737,12.65724,21.57873,3.0,4.2176,6.943049196,80.46054302
0,3,67_62,27.07044,48.94204,23.11675,2.19168,5.26226,1.16709,0.07603,1.81411,14.69358,28.13273,2.0,2.33327,6.891607349,80.80658304
0,1,68_72,20.86991,59.917,17.76962,1.29725,5.67269,1.31141,0.05523,9.19944,13.58965,28.70561,3.0,1.894,7.168778403,80.81770697
0,0,55_65,19.98493,64.64713,13.95825,2.04224,5.09807,1.2586,0.05994,3.05423,12.658,21.33161,3.0,2.33375,6.95915579,80.47330542
0,4,58_61,20.58662,63.57827,14.2801,2.40033,5.06759,1.26616,0.05939,4.11565,13.24906,21.64641,2.0,0.41138,6.85366387,80.54935485
0,0,58_63,18.98237,65.91477,13.71179,2.16991,5.0797,1.2696,0.05977,3.06613,13.3901,20.00666,2.0,1.59367,6.914287224,80.53868985
0,0,61_59,22.89945,59.23461,16.13659,2.45078,5.17768,1.23987,0.05893,4.40487,13.68651,23.64975,2.0,1.1245,6.793744115,80.62928492
0,3,68_63,26.36672,49.99745,22.57003,2.14509,5.29316,1.14728,0.07585,3.97525,15.03464,29.52768,1.0,1.41336,6.923516903,80.81040046
0,0,56_58,21.02293,63.61519,13.655,2.63277,4.98654,1.27632,0.05019,5.93682,11.65314,24.10076,3.0,4.78639,6.790553102,80.50539316
0,4,58_61,21.32388,62.43114,14.71185,2.23519,5.04875,1.25397,0.06063,3.08247,14.11827,21.42225,2.0,1.66556,6.865530713,80.55560805
0,4,60_62,22.44407,59.79161,16.57329,2.19938,5.13835,1.22942,0.0628,2.29743,14.1157,22.18245,2.0,0.70716,6.874608078,80.60631334
0,2,71_74,13.87933,69.3812,15.33505,0.98116,5.86578,1.39475,0.05396,13.22579,13.48618,26.02831,,0.47251,7.200187888,80.91572565
0,3,64_67,25.18044,53.48036,20.38307,2.24145,5.29502,1.18451,0.06713,3.51482,15.42184,27.41614,2.0,0.74454,7.017944848,80.71358255
0,3,64_71,24.1491,54.85648,19.65586,1.53158,5.44415,1.25766,0.05802,5.77464,14.21756,28.46075,2.0,1.31004,7.118734355,80.70776127
0,0,66_66,25.83836,51.24469,21.75042,2.27499,5.28258,1.15016,0.06886,6.19597,15.84481,30.82228,2.0,1.13138,6.986486924,80.77791851
0,4,65_70,24.08044,54.37555,20.04518,1.53884,5.42006,1.25237,0.05783,7.19272,14.22098,29.60119,2.0,2.0249,7.104898548,80.73233675
0,4,67_60,26.9704,47.4548,25.0013,2.25377,5.22158,1.16466,0.07782,-2.95285,14.09284,23.50581,1.0,3.80147,6.833642096,80.79526149
0,1,65_68,24.56678,53.50716,20.89044,2.18507,5.27747,1.19456,0.0646,5.71589,15.30951,29.16711,1.0,2.73468,7.040138807,80.73436638
0,0,60_67,23.30285,57.85428,17.79266,2.21879,5.29302,1.21002,0.06694,1.93991,14.60911,23.80422,2.0,4.19799,7.031298348,80.61807599
0,0,67_64,28.02587,47.96839,23.20983,2.25607,5.30307,1.12529,0.07452,3.13747,15.6121,30.407,1.0,1.9237,6.935136034,80.79360965
0,4,66_62,28.81134,47.27894,23.34866,2.24694,5.24239,1.14388,0.07322,1.16196,14.85215,29.2589,2.0,2.78406,6.888890652,80.77984968
0,4,69_72,17.37537,64.20201,17.01421,1.25028,5.77026,1.34033,0.05375,12.46,13.51844,28.63618,4.0,3.41055,7.168969493,80.8600316
0,4,62_64,26.69607,52.9025,20.2699,2.30916,5.14092,1.15482,0.06569,0.56673,15.02288,26.34221,1.0,1.28578,6.948168784,80.65850893
0,0,66_66,25.8003,51.71691,21.28759,2.30483,5.31263,1.15903,0.06919,5.02968,15.79078,29.58377,2.0,1.9439,6.995854466,80.75651918
0,4,66_71,23.2693,55.3779,19.59217,1.50544,5.41909,1.26203,0.05786,8.24293,14.16227,29.56745,2.0,3.28521,7.12437419,80.76700404
0,2,66_64,28.68208,47.52849,23.24964,2.25202,5.30584,1.14888,0.07311,2.00169,15.60855,29.93876,1.0,2.21876,6.938044362,80.76387425
0,3,60_58,22.46939,60.24521,15.28105,2.44509,5.18333,1.24978,0.05742,4.71577,13.68201,22.7578,2.0,1.86074,6.788596377,80.60297044
0,4,65_72,23.10142,56.39024,19.02078,1.52133,5.49388,1.26234,0.05544,6.84135,14.2242,28.38492,2.0,4.81618,7.149195453,80.75289462
0,0,61_65,22.01347,59.83001,17.41478,2.32632,5.19324,1.19705,0.06335,1.26468,14.33429,21.94841,3.0,3.62851,6.967484776,80.62340494
0,3,64_67,25.40331,53.19602,20.52848,2.25405,5.28524,1.17903,0.0674,3.27057,15.42278,27.44769,1.0,1.35917,7.009991045,80.71285952
0,2,63_58,24.23985,55.77833,18.54133,2.26618,5.21526,1.21449,0.06367,4.03657,13.9542,26.08205,1.0,1.5075,6.781228831,80.68641747
0,1,70_71,18.03405,62.68843,17.68838,1.48653,5.63516,1.30059,0.05496,12.25289,14.41019,29.06831,3.0,6.48453,7.134179188,80.86820978
0,1,68_68,20.75477,57.39598,20.13863,2.11488,5.42139,1.2119,0.06366,12.08331,15.18663,31.57223,2.0,1.53333,7.053080893,80.83069175
0,1,65_76,31.05838,51.26968,15.94139,1.03517,5.7031,1.33657,0.05242,9.62608,12.77545,39.76093,,1.97757,7.263321066,80.75338659
0,1,71_66,18.20441,59.36907,19.85957,2.07241,5.44379,1.19194,0.06922,16.96593,15.66537,33.95866,2.0,1.57289,6.983339695,80.90494072
0,0,66_61,26.69787,49.18067,23.35288,2.21401,5.25845,1.16321,0.07657,-0.21301,14.68844,25.68488,3.0,2.22511,6.856342846,80.78054665
0,1,68_66,22.53476,55.06333,20.54661,2.20596,5.40111,1.16076,0.06938,10.79729,15.56038,31.98311,1.0,2.14845,6.984563821,80.8328703
0,4,69_68,19.87444,58.56624,19.39403,2.12559,5.48886,1.20149,0.06339,14.67843,15.38879,33.17221,2.0,2.41497,7.051429834,80.85421141
0,2,68_71,21.9061,57.87071,18.71964,1.52556,5.52596,1.27531,0.05602,9.44395,14.52701,29.84319,2.0,5.54393,7.131192026,80.8178333
0,0,67_59,25.44616,50.76412,22.67555,2.2352,5.25207,1.177,0.07629,0.79559,14.08953,25.33605,1.0,1.30614,6.81273327,80.8037749
0,0,66_59,24.58539,52.72267,21.40829,2.19216,5.33988,1.19208,0.07382,2.79441,14.70329,26.08869,1.0,2.91377,6.79595391,80.77544716
0,4,67_70,20.96276,58.25508,19.17179,2.02879,5.53451,1.25184,0.05795,9.80481,15.17527,29.24694,4.0,4.81888,7.112192256,80.80908727
0,4,65_70,24.08044,54.37555,20.04518,1.53884,5.42006,1.25237,0.05783,7.19272,14.22098,29.60119,2.0,2.09982,7.107006203,80.73233158
0,4,67_60,25.94165,49.54301,23.53042,2.2429,5.23252,1.16899,0.07783,-0.17476,14.09295,25.04312,1.0,3.44851,6.832712918,80.80985237
0,3,63_61,26.50779,52.43324,20.43446,2.24648,5.21603,1.1798,0.06568,1.36541,14.55806,26.38271,2.0,3.17345,6.864457854,80.69519588
0,2,64_62,27.73078,49.83158,21.99047,2.2646,5.21293,1.16072,0.06941,0.92,14.5677,27.67087,2.0,2.87774,6.875656007,80.7243635
0,4,65_65,27.211,50.04,21.94042,2.34125,5.28859,1.14312,0.07021,3.23417,15.79151,29.41936,1.0,1.86035,6.969530863,80.75007564
0,2,69_73,17.92328,63.76805,16.98062,1.24789,5.7784,1.33996,0.05328,11.30765,13.52049,28.03798,,1.72984,7.186495598,80.84507044
0,1,68_65,25.07357,51.66764,21.80024,2.21832,5.32033,1.13921,0.07351,6.96997,15.61451,30.93271,1.0,0.95667,6.961567544,80.81806492
0,1,71_66,16.97918,59.93501,20.09842,2.05515,5.45634,1.19512,0.06808,22.87146,15.66574,38.50022,1.0,3.37135,7.000501735,80.90741614
0,3,64_68,24.38394,53.90803,20.57409,2.15696,5.30458,1.20739,0.06358,5.66168,15.3056,28.80775,3.0,4.61289,7.061397726,80.72514055
0,3,71_73,14.01734,68.92993,15.49004,0.98456,5.84338,1.38747,0.05503,13.53173,13.49079,26.41548,2.0,2.12656,7.180929049,80.91752361
0,3,57_64,18.2603,67.08215,13.31972,2.256,5.09105,1.27851,0.06226,2.63761,13.40536,19.02807,2.0,1.87606,6.933696969,80.52469757
0,2,65_64,28.01188,48.99211,22.48662,2.22988,5.32127,1.13899,0.07077,2.0672,15.60452,29.20226,,4.08182,6.94191202,80.73926414
0,4,65_65,27.79836,49.63422,22.01079,2.34627,5.28905,1.14593,0.06949,2.16371,15.78917,29.01198,2.0,3.83132,6.958059142,80.73307934
0,3,64_65,27.84759,49.75966,21.9133,2.34192,5.29422,1.13728,0.06884,1.88437,15.78758,28.79405,4.0,3.86534,6.959590395,80.71862192
0,0,57_60,21.59851,62.42201,14.35196,2.61142,5.00416,1.25841,0.05662,4.83812,12.25183,23.4807,1.0,1.76389,6.844088164,80.52340012
0,3,65_66,25.41059,52.36899,21.46197,2.30742,5.27705,1.16271,0.06621,4.19848,15.65147,28.443,2.0,3.37961,6.993048906,80.73442431
0,2,69_73,17.92328,63.76805,16.98062,1.24789,5.7784,1.33996,0.05328,11.30765,13.52049,28.03798,,1.70072,7.18620508,80.84491881
0,0,72_70,15.33513,66.00468,16.7232,1.30184,5.68103,1.33085,0.05861,14.76188,13.7502,28.93313,2.0,10.9197,7.101753924,80.94004912
0,4,65_61,27.33324,50.37449,21.74871,2.26782,5.21241,1.16218,0.06952,1.02304,14.56667,27.28539,2.0,2.92885,6.87403007,80.73114529
0,0,70_73,15.57557,66.83942,16.1185,0.98927,5.81641,1.37464,0.05504,12.42585,13.50112,26.79443,2.0,4.36206,7.184964858,80.87015405
0,2,69_66,20.67212,57.04187,20.14717,2.18613,5.42076,1.17431,0.06756,14.2383,15.39553,33.70095,1.0,2.92157,7.003624836,80.85154392
0,0,69_65,22.49765,55.01713,20.60065,2.14008,5.45143,1.15729,0.0727,9.57265,15.32441,30.84089,3.0,2.33722,6.967902605,80.84104829
0,0,66_61,26.73398,49.78657,22.71532,2.20731,5.26017,1.15558,0.07483,0.45539,14.6869,26.22495,2.0,1.93906,6.849993787,80.76754488
0,3,65_58,24.96862,52.93966,20.76264,2.22903,5.34311,1.19422,0.07097,3.54845,14.8925,26.9516,2.0,3.84916,6.788822994,80.75070783
0,0,68_70,20.78938,58.12871,19.42764,2.0527,5.50156,1.24115,0.05954,10.67176,15.17856,29.99807,4.0,2.85728,7.095497592,80.82418947
0,1,68_67,20.97178,57.16527,19.87242,2.1505,5.45501,1.19012,0.06478,12.84912,15.38994,32.50625,1.0,2.37766,7.027931062,80.82857836
0,4,65_65,27.211,50.04,21.94042,2.34125,5.28859,1.14312,0.07021,3.23417,15.79151,29.41936,2.0,1.84767,6.960335531,80.7511916
0,4,64_63,29.3094,48.19432,22.55508,2.24084,5.21915,1.16523,0.06689,0.32774,14.56675,28.96624,2.0,3.15506,6.904947325,80.71366314
0,2,62_58,22.9654,58.36834,17.06006,2.41986,5.2484,1.25404,0.06022,5.33709,13.75513,25.82159,3.0,3.0862,6.769815949,80.67400519
0,2,55_67,20.76083,63.25043,14.5534,1.48169,5.15527,1.31073,0.06073,3.90912,12.29844,23.17018,2.0,1.51554,7.011313607,80.45938978
0,0,64_70,24.4737,53.97924,20.08068,2.10121,5.35739,1.22234,0.06119,6.51136,14.57799,29.31813,2.0,2.54924,7.100286182,80.72692369
0,4,58_61,21.16997,62.22136,15.01551,2.19661,5.05338,1.25672,0.06158,3.65054,13.29632,21.55348,3.0,1.13009,6.856427355,80.56508365
0,4,66_67,24.03682,53.76318,20.97667,2.25952,5.30796,1.18522,0.0646,6.60006,15.65069,29.157,3.0,3.95918,7.033348527,80.75839301
0,3,71_69,17.83798,61.78858,18.12434,2.16496,5.55107,1.23267,0.06134,16.38308,15.72788,32.94374,4.0,8.43028,7.073830178,80.91243773
0,0,66_59,26.00293,50.82946,22.18853,2.23685,5.23281,1.17793,0.07435,1.29431,14.08849,26.17533,2.0,3.77837,6.819692482,80.76578622
0,1,68_64,25.49281,51.17727,22.00747,2.15515,5.30117,1.12821,0.07561,5.73086,15.00814,30.25717,3.0,1.70212,6.941298726,80.8260939
0,3,72_69,17.54196,62.16093,17.99881,2.08429,5.56167,1.23793,0.06203,16.69944,15.40863,32.96,3.0,10.15212,7.080346029,80.92684659
0,4,57_63,18.98237,65.91477,13.71179,2.16991,5.0797,1.2696,0.05977,3.06613,13.3901,20.00666,1.0,1.41907,6.915234493,80.53632144
0,4,55_64,19.97943,64.67827,13.92873,2.05042,5.09242,1.25553,0.05968,3.0722,12.6586,21.29232,2.0,3.55775,6.946298156,80.47627488
0,4,73_70,15.11939,66.20889,16.74877,1.18119,5.71919,1.33078,0.05877,14.79393,13.76648,28.75246,3.0,9.80044,7.111473156,80.94580471
0,0,61_65,22.77696,58.56517,17.93825,2.32432,5.19625,1.19652,0.06387,1.36275,14.33631,22.85985,1.0,4.37114,6.973993348,80.63511311
0,0,59_63,20.48227,63.06669,15.31613,2.20574,5.09638,1.24447,0.06115,2.46898,13.40322,21.03932,2.0,2.45959,6.917189281,80.58681219
0,0,61_61,23.87314,57.55599,17.39204,2.28876,5.08419,1.22271,0.06261,3.21111,13.43553,24.55569,1.0,0.83762,6.862617223,80.62830441
0,0,56_64,19.72739,64.81467,14.06301,2.07044,5.1049,1.24779,0.05994,2.79466,12.66205,20.67165,2.0,2.18979,6.937242293,80.49757616
0,0,61_59,23.74882,57.74386,16.91345,2.2974,5.10373,1.23016,0.06269,3.97828,13.43723,24.47181,2.0,2.47372,6.809743583,80.63564513
0,4,65_72,22.93425,57.21753,18.41122,1.51177,5.53771,1.26803,0.05487,5.20963,14.22252,26.72076,1.0,5.4834,7.168847946,80.74333782
0,1,68_72,21.42959,58.87029,18.29968,1.50328,5.57644,1.28661,0.0553,8.4199,14.857,28.54082,2.0,3.09482,7.15592854,80.81602179
0,2,72_73,13.43753,69.79969,15.14712,0.98237,5.85842,1.39304,0.05501,13.71135,13.4865,26.04282,2.0,2.34844,7.180332355,80.93802248
0,2,62_66,25.09241,54.69744,19.35935,2.28487,5.25364,1.18063,0.06683,2.54224,14.62257,26.27535,1.0,6.42946,7.007143113,80.65925667
0,0,67_59,24.90991,51.34812,22.50115,2.20309,5.32212,1.17896,0.07718,1.58224,14.70768,25.54195,1.0,1.4611,6.814675163,80.80962738
0,3,63_61,26.24552,52.99553,20.10074,2.24045,5.21788,1.18412,0.0648,1.44435,14.55605,26.08461,2.0,3.94801,6.857731755,80.67792328
0,1,58_58,20.92979,63.80444,13.41899,2.46924,5.10964,1.28262,0.05475,6.42786,11.78933,23.67219,1.0,5.21823,6.784333527,80.5421536
0,3,66_63,29.99749,45.90256,23.75689,2.22556,5.24616,1.13981,0.0714,1.25977,14.85285,30.667,1.0,4.19332,6.913601067,80.76935664
0,1,68_69,20.49058,58.36522,19.47021,2.06584,5.48798,1.23512,0.06033,11.32857,15.18075,30.43015,2.0,2.3325,7.09026149,80.83587041
0,4,59_58,21.81254,61.73824,14.37825,2.4131,5.12429,1.26178,0.05724,5.30919,13.02931,22.48523,2.0,5.16876,6.773450645,80.57609531
0,1,60_68,23.95614,57.11268,18.02974,1.49748,5.41318,1.2515,0.06569,0.3728,13.45322,22.94017,,3.55189,7.061482584,80.60627181
0,2,65_69,24.21119,53.89065,20.59605,2.14651,5.3119,1.21151,0.0632,6.46576,15.30605,29.25677,1.0,3.59941,7.069794311,80.73785808
0,1,60_68,24.04671,56.80483,18.21891,2.14072,5.355,1.23225,0.06706,0.61983,13.99248,23.28198,2.0,4.44016,7.053494415,80.61019173
0,4,59_59,21.56958,62.04807,14.4839,2.40125,5.10402,1.25743,0.05818,4.65404,13.0285,21.91694,3.0,1.9921,6.819242084,80.56780573
0,2,59_61,21.11591,62.07796,15.39931,2.17978,5.13274,1.24876,0.06158,2.73306,14.10766,21.07925,2.0,0.74953,6.873973483,80.57549456
0,1,66_68,23.67542,53.96085,20.90445,2.16907,5.28405,1.19972,0.06407,8.48923,15.3137,30.68421,3.0,5.25494,7.057564817,80.77408865
0,0,65_60,25.79927,52.31764,20.86609,2.30553,5.18514,1.17731,0.07003,2.2983,13.96734,26.71627,1.0,1.75715,6.824410625,80.73488219
0,0,56_65,18.44197,66.73738,13.59982,2.1668,5.14282,1.25932,0.06279,1.93576,12.79116,18.80842,2.0,1.16451,6.970691857,80.50948361
0,2,67_63,29.14354,46.41885,23.9425,2.16641,5.27833,1.14275,0.07581,1.03875,15.03132,29.65884,2.0,3.8341,6.90595457,80.79427287
0,4,69_71,18.37544,62.22065,17.81807,1.48789,5.62988,1.2983,0.055,11.9547,14.41181,29.07955,2.0,5.67232,7.139063177,80.86254823
0,0,61_62,24.18718,56.63303,18.32316,2.20487,5.23562,1.2061,0.06074,1.74896,14.54674,23.92997,3.0,1.66737,6.884379222,80.63556279
0,1,72_71,15.02914,66.53119,16.57215,1.17569,5.73631,1.33574,0.05814,14.49155,13.76373,28.37415,2.0,8.31056,7.125234927,80.94236556
0,2,59_62,21.58337,61.54567,15.67729,2.23646,5.07149,1.24145,0.06196,2.37843,14.12471,21.65473,2.0,1.6113,6.893109188,80.58636558
0,3,63_61,25.48956,54.23331,19.4243,2.2363,5.21978,1.18918,0.06397,1.8176,14.55304,25.41278,2.0,4.17483,6.8529329,80.67633481
0,4,60_62,22.11106,60.66133,16.11188,2.24383,5.07218,1.2364,0.06234,2.22464,14.12761,22.09269,2.0,1.1119,6.885171098,80.59373633
0,4,67_60,26.53325,49.07168,23.60878,2.24924,5.22142,1.16755,0.07679,-0.63867,14.09184,25.10639,1.0,4.12491,6.833185024,80.7870276
0,0,56_58,19.86475,65.41684,12.97646,2.82675,5.07456,1.27804,0.04977,6.94173,11.54884,23.96728,2.0,3.53829,6.779112542,80.50350448
0,1,58_60,21.17232,62.7339,14.35785,2.41434,5.07856,1.26394,0.05945,4.2294,13.25193,21.69103,,2.12982,6.829641823,80.55528144
0,1,68_59,24.10632,52.97787,21.45097,2.18364,5.35526,1.18363,0.07537,3.18391,14.70472,26.15077,1.0,1.03452,6.79305806,80.81153945
0,4,69_72,19.06071,61.82617,17.70336,1.25691,5.70178,1.32537,0.05623,9.93552,14.38577,27.76889,2.0,2.47448,7.159306896,80.84055112
0,1,68_64,24.93218,51.77291,21.79667,2.22895,5.3165,1.13585,0.07431,6.98302,15.61552,30.82906,1.0,2.01694,6.951839888,80.81829822
0,4,69_68,20.39261,57.87253,19.64136,2.13785,5.47118,1.19575,0.06412,13.88333,15.38945,32.91977,2.0,1.81535,7.042743894,80.83964168
0,2,65_69,23.95236,53.63439,20.79597,2.13764,5.31449,1.21478,0.06281,8.18301,15.30792,30.35406,2.0,1.98997,7.082162145,80.75237961
0,2,65_64,28.87911,48.20969,22.52894,2.27431,5.27624,1.15837,0.06723,2.01988,15.4533,30.08113,2.0,3.29396,6.932824665,80.72967495
0,2,69_66,20.08206,57.55273,20.07306,2.18461,5.4233,1.17487,0.06771,15.70769,15.39642,34.55177,1.0,3.46089,7.001850348,80.86369148
0,1,57_65,17.95798,67.28083,13.54654,2.17119,5.15324,1.25768,0.06273,1.84115,12.7925,18.25663,2.0,0.80733,6.977255381,80.51918683
0,3,65_59,24.89507,53.61979,20.21767,2.29586,5.21698,1.18844,0.06917,3.14759,13.9652,26.5642,2.0,4.727,6.795037739,80.74460763
0,0,62_60,24.82742,55.187,18.89614,2.23865,5.21973,1.19491,0.06382,2.31579,14.55106,24.98063,3.0,2.27765,6.828657578,80.67122714
0,3,65_58,24.5825,54.37577,19.69122,2.2861,5.22445,1.19709,0.06756,3.64488,13.96226,26.60705,2.0,4.06608,6.78630092,80.73624119
0,2,69_70,19.9362,59.32092,19.06709,2.08296,5.52194,1.24211,0.05955,11.55314,15.70192,30.22855,2.0,5.00009,7.10553245,80.85799325
0,2,62_59,23.64673,57.5992,17.35358,2.46112,5.1693,1.21326,0.06118,3.96179,13.69327,24.8561,1.0,1.27775,6.802074273,80.65416586
0,3,64_69,24.73131,53.79253,20.20345,2.1235,5.33435,1.2138,0.06208,5.90112,14.57846,29.17362,1.0,4.07035,7.080507812,80.71684346
0,2,64_58,24.7567,54.43895,19.50946,2.28334,5.2107,1.19967,0.06659,3.50048,13.96032,26.48258,4.0,2.80257,6.791389028,80.72265037
0,2,66_60,26.473,49.73177,22.99648,2.21334,5.26044,1.16728,0.0758,-0.06427,14.68644,25.50306,2.0,3.19473,6.844652415,80.77840664
0,0,61_57,22.5221,59.84136,15.87051,2.45076,5.18901,1.26989,0.05748,5.07268,13.68406,24.20092,1.0,3.04865,6.762859158,80.62258158
0,1,60_65,19.71003,63.36815,16.013,2.30899,5.20159,1.21169,0.06234,1.35831,14.32853,19.67959,2.0,2.89801,6.963337524,80.60468385
0,4,62_69,24.43941,55.20839,19.24538,1.49271,5.38624,1.24692,0.06445,3.19742,14.22261,26.55411,2.0,1.12007,7.088358514,80.66427298
0,2,67_71,21.47975,58.12506,18.8149,1.48595,5.53881,1.28072,0.05621,9.44333,14.33615,29.37267,3.0,6.0215,7.121502503,80.80008332
0,1,60_68,24.04671,56.80483,18.21891,2.14072,5.355,1.23225,0.06706,0.61983,13.99248,23.28198,3.0,3.98874,7.046432727,80.60456689
0,1,57_62,20.0857,64.72481,13.68067,2.18055,5.04793,1.24919,0.05877,3.54535,13.38822,21.239,2.0,2.28262,6.888533035,80.51789415
0,4,67_66,25.18258,51.95171,21.52571,2.26309,5.28812,1.15471,0.06854,7.3191,15.84555,31.20479,1.0,1.51065,6.991142004,80.78341913
0,3,64_61,26.36559,52.19886,20.70241,2.26019,5.21391,1.17421,0.06756,1.47846,14.56078,26.42241,2.0,1.0093,6.855387879,80.71262857
0,3,64_71,23.96585,54.68235,19.85273,1.53398,5.43585,1.25553,0.05759,6.91178,14.22067,29.2233,2.0,1.69936,7.11965968,80.72718384
0,3,63_61,26.04256,53.07931,20.11457,2.24821,5.21618,1.18053,0.06568,1.62823,14.55699,26.04104,2.0,2.82949,6.851860092,80.6944661
0,1,56_66,19.56452,65.18934,14.05407,2.13844,5.1455,1.29005,0.06411,1.84123,12.78923,19.93854,1.0,2.252,6.998303147,80.50054338
0,3,67_61,26.36742,49.53296,23.18094,2.20782,5.2619,1.16618,0.07719,0.6339,14.69038,26.22405,2.0,1.21762,6.859968376,80.80146689
0,1,54_63,19.93172,66.0974,12.55373,2.09573,4.94895,1.26461,0.05544,4.84769,11.59088,23.07804,2.0,3.12208,6.918640382,80.43363721
0,0,61_59,23.43484,58.0761,17.01081,2.45739,5.17061,1.2291,0.06051,4.04354,13.69126,24.48273,2.0,1.65699,6.803670964,80.64608839
0,3,64_60,25.70646,52.92936,20.43004,2.26752,5.21529,1.18085,0.06825,1.82235,14.56019,26.01336,3.0,0.48443,6.833991256,80.72180673
0,2,54_65,20.2801,64.4423,13.84384,2.02353,5.08521,1.26561,0.05986,3.36825,12.65482,22.01293,2.0,2.46069,6.966513132,80.45228655
0,0,66_66,25.65367,51.75705,21.31914,2.3073,5.30875,1.15743,0.06967,5.5127,15.79234,29.91033,2.0,1.23267,6.989651016,80.764417
0,2,64_62,28.36746,49.46313,21.97496,2.2497,5.21486,1.16633,0.06725,0.62223,14.56501,28.07425,1.0,4.12347,6.893196002,80.70600068
0,0,69_65,21.42739,56.08579,20.57178,2.08623,5.44103,1.16279,0.06967,11.72058,15.20961,32.08786,3.0,3.55008,6.971498727,80.85209464
0,4,67_66,25.57925,51.44259,21.72608,2.27683,5.27936,1.14898,0.06921,6.77082,15.84628,31.12574,1.0,1.56444,6.984666353,80.78336682
0,1,65_71,23.39241,55.37326,19.62269,1.52939,5.45594,1.2576,0.0563,7.90585,14.22461,29.54389,3.0,3.54178,7.131917536,80.75266921
0,1,55_63,20.2167,64.51026,13.83426,2.06897,5.06653,1.2923,0.05887,3.24723,12.65921,21.55692,2.0,2.75015,6.919610325,80.46717037
0,2,67_71,21.47975,58.12506,18.8149,1.48595,5.53881,1.28072,0.05621,9.44333,14.33615,29.37267,3.0,6.10583,7.122249542,80.80059057
0,3,67_62,29.01763,46.70685,23.81142,2.17343,5.27455,1.14259,0.07566,0.62551,15.02954,29.07355,2.0,3.47842,6.898813315,80.78365555
0,2,60_61,22.97111,59.22889,16.42787,2.29484,5.0669,1.23587,0.06342,3.0873,13.65611,23.23707,2.0,1.50373,6.864740761,80.60161143
0,0,57_60,20.67799,63.94312,13.72723,2.61089,5.00085,1.25515,0.05718,4.74471,13.32058,22.31593,3.0,1.36225,6.842435272,80.53339294
0,3,60_58,22.2872,60.82498,14.78954,2.41927,5.12601,1.2531,0.05869,4.8914,13.03445,22.26708,3.0,2.97767,6.787591332,80.59291585
0,2,58_62,20.47204,63.75516,14.32947,2.19999,5.06522,1.2588,0.05961,3.22503,13.39535,21.22768,3.0,2.40822,6.892500307,80.54954113
0,2,65_64,29.31049,47.00554,23.21932,2.29648,5.26083,1.14371,0.06976,1.8992,15.45695,30.4825,1.0,3.41254,6.931825815,80.75504066
0,2,61_66,21.88041,59.90199,17.34353,2.29519,5.2132,1.19172,0.06368,1.52317,14.33206,22.09661,2.0,3.16593,6.997195342,80.62581806
0,1,63_68,25.24577,53.86702,19.77216,2.20284,5.32659,1.19098,0.06561,3.72787,14.69305,27.46959,4.0,3.98493,7.037965744,80.68873243
0,1,65_68,24.42,53.6779,20.7784,2.17205,5.28862,1.20031,0.06414,5.98404,15.30834,29.19224,2.0,3.76527,7.050415463,80.73532111
0,0,59_60,21.94236,60.93743,15.49168,2.21033,5.06251,1.24707,0.06231,3.53535,13.3015,21.8904,4.0,1.53108,6.842253662,80.58587937
0,4,67_66,24.08013,53.0777,21.35916,2.26062,5.28529,1.15809,0.06778,8.98147,15.68237,31.99037,2.0,1.56928,7.004062047,80.80738543
0,4,65_70,23.8443,53.74532,20.4016,1.51182,5.38839,1.25827,0.05886,9.21977,14.1615,30.74665,2.0,1.25278,7.111070236,80.75241056
0,2,70_67,17.48499,59.92351,19.69461,2.14601,5.4709,1.19097,0.06557,22.76073,15.3951,38.82395,1.0,4.16132,7.031518696,80.88763577
0,2,64_62,27.76727,50.0282,21.80884,2.25896,5.21328,1.16414,0.0684,0.88795,14.56588,27.63841,2.0,3.07873,6.877804168,80.71855587
0,4,62_65,26.26457,52.97765,20.21572,2.31157,5.26181,1.16391,0.06588,1.81327,14.81161,26.87044,2.0,3.07359,6.977787012,80.6706643
0,2,68_71,21.9061,57.87071,18.71964,1.52556,5.52596,1.27531,0.05602,9.44395,14.52701,29.84319,1.0,5.44174,7.134271726,80.81176139
0,2,71_72,15.77222,65.61029,16.91206,1.30559,5.72756,1.3333,0.05611,13.59582,13.8641,28.196,4.0,6.13784,7.146830694,80.90404843
0,2,65_69,24.66517,53.62088,20.35505,2.12673,5.32931,1.21208,0.06209,6.52976,14.58031,29.64149,2.0,3.32486,7.076069671,80.73177718
0,0,61_59,22.89945,59.23461,16.13659,2.45078,5.17768,1.23987,0.05893,4.40487,13.68651,23.64975,2.0,0.4026,6.792898599,80.62225055
0,4,58_61,20.85565,63.07166,14.52194,2.40529,5.07138,1.26048,0.05985,3.98647,13.2516,21.69834,2.0,1.05684,6.853605089,80.55885596
0,0,66_61,26.89064,49.11591,23.22636,2.20958,5.25798,1.16576,0.07626,0.28474,14.68954,26.3701,2.0,1.57012,6.865126496,80.78229941
0,3,66_63,29.14389,47.02765,23.43438,2.265,5.27548,1.14158,0.07164,0.99449,15.34042,29.43865,2.0,5.28785,6.90731939,80.75842022
0,1,68_69,20.86211,57.85802,19.60596,2.06433,5.48391,1.23573,0.06037,10.8967,15.17994,30.30933,3.0,1.95248,7.087360496,80.82677689
0,3,68_61,25.94285,50.11548,22.89456,2.20361,5.26612,1.16822,0.07732,1.19455,14.6905,26.32548,1.0,2.09248,6.861329443,80.81544418
0,1,57_65,18.44197,66.73738,13.59982,2.1668,5.14282,1.25932,0.06279,1.93576,12.79116,18.80842,2.0,0.89414,6.976600793,80.51532616
0,3,72_67,17.04783,60.69407,19.44197,2.14853,5.46247,1.21353,0.06532,21.40631,15.84686,37.10652,2.0,5.36694,7.027460944,80.9198419
0,1,57_58,20.46234,64.26971,13.42864,2.38117,5.08345,1.28424,0.05211,6.45104,11.37952,23.54299,1.0,5.32863,6.775609119,80.53094784
0,1,56_66,18.66154,66.39464,13.73564,2.15857,5.14738,1.26177,0.06315,1.87638,12.7909,19.01501,3.0,1.9381,6.982719839,80.5079328
0,1,71_66,17.56574,60.06684,19.67696,2.05794,5.46105,1.19894,0.06834,18.45373,15.66378,34.76509,1.0,1.99213,6.992251961,80.9167817
0,0,63_66,25.62717,53.79531,19.81824,2.28875,5.27736,1.1808,0.06547,2.40272,14.80912,26.71626,3.0,4.42063,6.989669234,80.67495065
0,4,67_70,22.41323,55.42325,20.26598,2.04469,5.48563,1.24524,0.05973,9.96637,15.17498,30.37753,2.0,3.78246,7.095027607,80.78387836
0,3,64_59,24.7567,54.43895,19.50946,2.28334,5.2107,1.19967,0.06659,3.50048,13.96032,26.48258,3.0,2.20494,6.792974676,80.7151473
0,4,62_69,24.4701,55.47486,19.01796,1.50629,5.3558,1.25452,0.06207,3.59595,13.96212,26.90368,2.0,0.44657,7.082852328,80.67286173
0,2,61_58,23.11811,58.60891,16.6904,2.45732,5.17995,1.24204,0.05968,4.50768,13.68952,24.5823,2.0,2.55869,6.783793303,80.64194006
0,3,61_68,24.41435,56.05828,18.43232,2.20955,5.29682,1.21334,0.06692,2.31026,14.61136,25.27571,1.0,4.87812,7.049901032,80.63771774
0,0,66_75,26.55759,55.99815,15.7946,1.17574,5.63279,1.30392,0.05287,6.65672,13.69155,32.15155,2.0,2.0613,7.247195983,80.76154559
0,2,57_61,20.59982,64.03415,13.78758,2.19443,5.03753,1.24778,0.05843,3.7288,13.38992,21.67569,3.0,0.53989,6.870134599,80.52301979
0,1,60_63,22.13587,60.41122,16.52307,2.23713,5.08355,1.23237,0.06287,1.88627,14.12955,22.18387,2.0,2.06701,6.907909231,80.605735
0,0,60_67,21.61208,60.36926,17.04755,2.26777,5.22682,1.20353,0.06379,1.51995,14.32826,21.8127,3.0,3.65251,7.015685795,80.61761401
0,0,67_75,23.15988,60.97512,14.87191,0.95069,5.81734,1.37852,0.05217,5.46274,12.46853,27.85455,,0.57222,7.245751841,80.78295879
0,1,66_68,23.77803,53.87485,20.98336,2.1824,5.2728,1.19375,0.06466,8.17772,15.31498,30.60233,2.0,5.42431,7.050250901,80.77460435
0,1,68_72,20.86991,59.917,17.76962,1.29725,5.67269,1.31141,0.05523,9.19944,13.58965,28.70561,3.0,2.55318,7.170001659,80.80998755
0,2,59_61,21.33386,61.81475,15.36473,2.18463,5.12948,1.25195,0.06155,2.85583,14.10776,21.17335,3.0,0.52211,6.858144087,80.57850489
0,2,66_60,26.1289,49.84677,23.12329,2.24424,5.23303,1.17243,0.07621,-0.01918,14.09036,25.22615,2.0,3.5844,6.821133032,80.78184203
0,3,64_68,24.55216,53.89422,20.56803,2.16705,5.29752,1.20354,0.06389,4.94932,15.30506,28.41368,2.0,2.88301,7.045974366,80.71774932
0,2,70_72,16.92379,64.22079,17.25094,1.30549,5.72112,1.32846,0.05568,12.44019,13.8687,28.12328,3.0,5.04045,7.158046259,80.87126274
0,2,56_59,21.24643,63.46776,13.69047,2.63556,4.99063,1.27493,0.05112,5.20841,11.65499,23.4879,2.0,3.60728,6.806734157,80.50880199
0,1,72_68,16.89113,62.62784,18.13708,2.02749,5.54527,1.24836,0.06272,16.25704,15.51543,31.91845,2.0,8.80027,7.058473686,80.94324691
0,0,61_61,23.9239,57.46097,17.50499,2.26296,5.17809,1.22143,0.06203,2.44639,14.24572,24.02283,3.0,0.99059,6.872613578,80.62142664
0,0,72_70,16.81124,63.62009,17.20684,1.9625,5.61034,1.28239,0.06175,15.40879,14.52122,30.89767,3.0,11.18727,7.099055282,80.93671449
0,1,56_66,19.2528,65.66554,13.87663,2.14636,5.14136,1.28765,0.06363,1.91497,12.78936,19.6661,3.0,2.47842,6.989208843,80.49940586
0,4,58_61,20.58662,63.57827,14.2801,2.40033,5.06759,1.26616,0.05939,4.11565,13.24906,21.64641,2.0,0.10041,6.849450186,80.55072309
0,1,60_65,19.69478,63.35779,16.01563,2.29897,5.20771,1.19454,0.06244,1.399,14.32778,19.73924,2.0,1.28628,6.977606972,80.60163716
0,3,64_66,25.71358,52.61302,20.84979,2.27064,5.27035,1.17533,0.06806,3.31857,15.42556,27.85246,1.0,1.87792,7.003097686,80.71835226
0,4,59_58,21.70216,62.02941,14.12987,2.40855,5.11872,1.26253,0.05718,5.2163,13.02746,22.0351,1.0,5.53247,6.786747937,80.56709949
0,3,64_61,26.46433,51.8283,20.9741,2.26618,5.21327,1.1703,0.06854,1.39902,14.56262,26.53032,2.0,0.37448,6.853264325,80.72090207
0,3,65_58,23.94449,54.98656,19.6437,2.24788,5.30794,1.20285,0.06796,4.18445,14.57879,26.45218,2.0,4.30186,6.777806766,80.73885614
0,2,65_64,27.70698,49.38393,22.21099,2.35425,5.27984,1.14173,0.07076,2.72781,15.79226,29.47746,1.0,2.54387,6.951648509,80.74922707
0,0,67_75,23.15988,60.97512,14.87191,0.95069,5.81734,1.37852,0.05217,5.46274,12.46853,27.85455,,0.78616,7.243590098,80.78307919
0,0,63_60,24.76595,55.11141,18.98267,2.24463,5.21881,1.19415,0.06444,2.46495,14.55185,25.12148,3.0,2.50275,6.823714563,80.67775235
0,3,59_64,16.67616,68.38617,13.77337,2.28391,5.13526,1.22014,0.063,2.0231,13.41847,17.13614,2.0,3.11495,6.946269723,80.58201473
0,0,61_65,21.86887,59.99451,17.34843,2.31584,5.20016,1.1836,0.0634,1.36333,14.33348,21.91786,2.0,2.8506,6.978700049,80.62216933
0,1,70_68,18.99436,59.41279,19.24099,2.12493,5.49557,1.20179,0.06358,16.77963,15.39028,34.39874,2.0,3.24505,7.052227237,80.8691783
0,0,68_60,25.94165,49.54301,23.53042,2.2429,5.23252,1.16899,0.07783,-0.17476,14.09295,25.04312,1.0,3.70746,6.83472281,80.81291784
0,1,66_74,21.30236,61.04059,16.34868,1.0618,5.78616,1.33968,0.05427,6.81816,13.63362,27.01331,2.0,3.32709,7.219922782,80.78077134
0,0,66_66,24.15436,53.35084,21.32482,2.29151,5.27428,1.16772,0.06648,6.94729,15.65571,29.76159,2.0,0.83615,7.008752288,80.77453842
0,0,61_61,23.9239,57.46097,17.50499,2.26296,5.17809,1.22143,0.06203,2.44639,14.24572,24.02283,1.0,0.26667,6.868148817,80.62845354
0,1,63_59,24.79879,55.05374,18.90261,2.3646,5.13664,1.20504,0.0644,3.31806,14.0175,25.93457,2.0,2.88278,6.810683439,80.683754
0,4,62_65,24.20063,56.17354,18.99143,2.2337,5.18917,1.18707,0.0662,1.18004,14.58743,24.17655,2.0,2.90002,6.971269234,80.65464568
0,0,65_60,26.39025,50.54404,22.23615,2.20423,5.26391,1.16991,0.07386,0.77319,14.68471,26.05848,2.0,0.97546,6.841952241,80.75361434
0,1,68_65,24.93218,51.77291,21.79667,2.22895,5.3165,1.13585,0.07431,6.98302,15.61552,30.82906,2.0,1.49659,6.956637699,80.82215003
0,2,69_73,17.12081,64.94932,16.72215,1.24036,5.79708,1.34914,0.05258,11.93668,13.51466,27.94719,,3.75482,7.19162839,80.86280932
0,3,65_59,25.16251,53.36406,20.28349,2.29711,5.20463,1.18778,0.06897,2.92328,13.96492,26.57332,2.0,3.07995,6.808050298,80.73715413
0,1,71_71,15.57568,65.71875,16.92564,1.30912,5.7183,1.33111,0.0567,14.00979,13.86476,28.41444,2.0,7.56296,7.131727361,80.9159499
0,1,58_58,20.92038,63.84272,13.40606,2.47083,5.11242,1.28197,0.0544,6.61871,11.7893,23.95581,3.0,5.76132,6.779888081,80.54462928
0,1,57_58,20.77968,64.36818,13.12222,2.37995,5.08099,1.28283,0.05251,5.55427,11.37969,22.9236,1.0,4.78223,6.787239273,80.52717518
0,2,69_66,21.54622,55.81065,20.58794,2.1343,5.38572,1.16698,0.06899,13.41469,15.38286,33.81466,1.0,3.74857,6.996115571,80.8490084
0,0,57_60,21.20552,63.29966,13.8775,2.61683,5.00564,1.27121,0.05634,5.45517,12.25224,23.71065,1.0,0.68876,6.832634538,80.52562071
0,0,63_60,24.76595,55.11141,18.98267,2.24463,5.21881,1.19415,0.06444,2.46495,14.55185,25.12148,3.0,2.73604,6.828114621,80.6774173
0,0,61_65,22.6517,58.69883,17.87173,2.31367,5.2034,1.18257,0.06396,1.48346,14.33552,22.85175,2.0,4.45946,6.980840038,80.63799657
0,1,63_59,24.96685,54.62908,19.19956,2.27648,5.19088,1.20125,0.06505,3.22549,13.95709,26.16123,2.0,3.34386,6.81721944,80.68774446
0,2,62_59,24.08393,56.46159,18.11393,2.35443,5.13752,1.20618,0.0629,2.88001,14.01378,24.4121,1.0,0.34076,6.809975386,80.65798657
0,0,72_70,16.25105,64.26355,17.54633,1.95501,5.61397,1.28281,0.06115,14.19403,14.52154,29.24908,1.0,9.89735,7.11050831,80.92139178
0,2,64_57,23.66888,55.62055,19.21435,2.23783,5.31748,1.22356,0.06653,4.59903,14.57629,26.46668,1.0,3.315,6.763774874,80.72521764
0,2,72_73,13.51358,69.54941,15.25525,0.98424,5.84607,1.38921,0.05555,13.90144,13.48893,26.28435,2.0,2.97087,7.174303071,80.93784826
0,0,69_65,22.49765,55.01713,20.60065,2.14008,5.45143,1.15729,0.0727,9.57265,15.32441,30.84089,1.0,2.20985,6.963149307,80.83878798
0,2,60_61,22.97111,59.22889,16.42787,2.29484,5.0669,1.23587,0.06342,3.0873,13.65611,23.23707,2.0,2.03335,6.861511916,80.6085486
0,0,63_70,24.31084,55.19719,19.2534,1.50715,5.36625,1.25342,0.06087,4.83198,13.96722,27.76784,2.0,3.13229,7.10051521,80.69955199
0,4,67_70,22.53132,55.78422,19.81817,1.49265,5.49282,1.27539,0.05778,9.97567,14.33553,30.52788,3.0,3.92198,7.106046127,80.78498588
0,3,54_66,20.35971,64.12559,14.06157,1.49304,5.12824,1.27296,0.0588,4.18209,12.29702,22.97084,2.0,2.95141,6.98294417,80.44345133
0,3,64_68,24.9371,53.48006,20.44538,2.1499,5.30926,1.20287,0.06287,5.73035,14.5809,29.34924,2.0,4.47309,7.061029188,80.71576277
0,0,73_71,15.02914,66.53119,16.57215,1.17569,5.73631,1.33574,0.05814,14.49155,13.76373,28.37415,3.0,8.14634,7.126387228,80.94714778
0,2,70_72,15.01318,67.20124,16.10577,0.99077,5.80057,1.37265,0.05625,13.4965,13.50142,27.26128,3.0,6.01694,7.158372655,80.88491605
0,0,66_66,25.65367,51.75705,21.31914,2.3073,5.30875,1.15743,0.06967,5.5127,15.79234,29.91033,2.0,1.45864,6.991441711,80.76343071
0,0,65_60,26.28859,51.30491,21.57262,2.28512,5.21432,1.16587,0.07155,1.13772,14.56672,26.26334,2.0,1.13007,6.842409705,80.74315341
0,0,64_70,24.5575,54.15459,19.92108,2.09842,5.36224,1.22373,0.06126,5.82532,14.5762,28.83279,2.0,3.05932,7.096442658,80.72253421
0,1,68_66,24.13154,52.9104,21.33104,2.26673,5.28038,1.15182,0.06939,9.47479,15.84994,32.26796,2.0,2.23664,6.989382093,80.81421258
0,3,64_60,25.2506,53.82907,19.87639,2.26144,5.21686,1.18864,0.06704,2.17846,14.55717,25.72157,2.0,1.86526,6.822161243,80.7050567
0,3,60_66,20.91145,61.45698,16.74077,2.29729,5.21008,1.19296,0.06307,1.43254,14.32994,21.01846,2.0,2.29201,6.985965135,80.61897812
0,2,63_58,23.74994,56.72782,17.92801,2.25388,5.22945,1.25079,0.06181,4.63705,13.95057,26.01407,2.0,2.70491,6.769092162,80.67809713
0,3,57_64,18.2603,67.08215,13.31972,2.256,5.09105,1.27851,0.06226,2.63761,13.40536,19.02807,2.0,1.62582,6.935297612,80.5199651
0,0,61_57,22.66939,59.47932,16.1507,2.45343,5.18879,1.26681,0.05804,5.0297,13.68584,24.53045,1.0,3.42659,6.763738582,80.63571916
0,3,64_61,26.68887,51.97011,20.73022,2.25249,5.21458,1.17565,0.06661,1.3081,14.56,26.60463,2.0,2.3948,6.862614975,80.70238695
0,4,59_58,21.97304,61.58833,14.18334,2.41209,5.1225,1.25947,0.05776,5.06027,13.02984,21.6975,2.0,5.05772,6.785403962,80.57422399
0,2,72_73,13.43753,69.79969,15.14712,0.98237,5.85842,1.39304,0.05501,13.71135,13.4865,26.04282,2.0,2.186,7.181736531,80.93757439
0,0,61_62,24.32234,56.5511,18.35894,2.2205,5.20112,1.21184,0.06317,1.23943,14.76952,23.72697,2.0,1.95738,6.890857551,80.63601146
0,2,64_58,23.90478,55.21912,19.44335,2.24509,5.30477,1.20562,0.06718,4.259,14.57716,26.39219,1.0,2.82884,6.781068866,80.72556969
0,3,64_66,26.41563,51.70311,21.26188,2.29665,5.25132,1.15404,0.06871,2.63694,15.42755,27.99755,2.0,3.81347,6.985813744,80.71546023
0,2,59_61,21.51546,61.38119,15.7558,2.18609,5.13541,1.24432,0.06197,2.5996,14.11029,21.3869,2.0,1.66237,6.867363902,80.59082098
0,1,60_63,22.13587,60.41122,16.52307,2.23713,5.08355,1.23237,0.06287,1.88627,14.12955,22.18387,3.0,2.52721,6.904924242,80.60281204
0,4,70_70,17.54582,62.92961,17.79133,1.49542,5.6112,1.29487,0.05621,13.52947,14.41209,29.87591,2.0,7.79831,7.111158095,80.88810004
0,4,59_65,16.45416,68.4999,13.92214,2.27221,5.14994,1.22367,0.06329,1.92101,13.41946,17.00532,2.0,2.88516,6.964465689,80.58897701
0,0,66_73,22.65279,58.0047,18.02919,1.52726,5.628,1.28332,0.05336,6.5174,14.58359,27.86571,2.0,5.80794,7.18531153,80.77875753
0,1,55_63,20.18177,64.43037,13.95618,2.075,5.07557,1.2904,0.05918,3.10816,12.66065,21.34617,2.0,2.30938,6.917544506,80.4711323
0,2,56_60,20.91897,63.78073,13.74148,2.60572,4.99962,1.25922,0.0562,5.45612,12.25016,23.68082,2.0,2.64743,6.837928968,80.50869211
0,1,66_68,24.31252,53.49489,21.03017,2.19045,5.2691,1.19119,0.06492,6.7683,15.31286,29.88148,2.0,5.01129,7.044725977,80.76153775
0,0,62_61,25.4746,54.42345,19.31492,2.22842,5.22264,1.19424,0.06314,1.67821,14.55191,25.26703,2.0,2.40897,6.865110807,80.6659119
0,0,66_75,26.55759,55.99815,15.7946,1.17574,5.63279,1.30392,0.05287,6.65672,13.69155,32.15155,,2.15835,7.24783112,80.76057531
0,4,62_65,23.75323,57.01651,18.61806,2.23703,5.18546,1.18695,0.06564,0.98096,14.58529,23.50142,2.0,2.96849,6.964167909,80.64718105
0,3,64_69,24.87112,53.80461,20.18465,2.13303,5.32627,1.21042,0.06245,5.30105,14.57775,28.8518,2.0,3.21807,7.065223918,80.70509676
0,2,65_64,28.42321,48.45002,22.71257,2.24118,5.31565,1.15578,0.07125,1.61168,15.60467,29.20779,1.0,4.20035,6.932746433,80.73791225
0,1,71_71,15.93139,64.99501,17.23083,1.31546,5.6949,1.32374,0.05748,14.26712,13.86894,28.98564,2.0,8.12348,7.127068455,80.91118371
0,4,60_59,23.03944,59.33023,15.66178,2.28227,5.10074,1.24227,0.06136,4.2328,13.42986,22.88193,2.0,3.1009,6.813105333,80.60342291
0,4,67_60,26.1289,49.84677,23.12329,2.24424,5.23303,1.17243,0.07621,-0.01918,14.09036,25.22615,1.0,3.05121,6.821186447,80.7882779
0,3,70_66,19.33759,58.17067,20.095,2.05388,5.40819,1.18403,0.0696,15.73375,15.18639,33.87902,2.0,2.37379,6.982970766,80.8828813
0,1,68_68,20.81198,57.46539,19.71756,2.138,5.46911,1.19592,0.06395,12.90821,15.38853,32.35997,1.0,2.56471,7.037111422,80.82790342
0,2,56_63,20.45905,64.07007,14.10212,2.0715,5.05122,1.2567,0.05776,2.58239,12.63669,21.07731,2.0,1.38439,6.913649783,80.50454976
0,0,62_61,24.7229,55.64573,18.63156,2.22458,5.22438,1.20943,0.0624,2.06089,14.54898,24.56709,2.0,2.98104,6.85335675,80.65411062
0,2,71_72,14.07877,68.6933,15.58741,0.98634,5.83124,1.38376,0.0556,13.73785,13.49313,26.65462,2.0,3.47195,7.169250703,80.91364717
0,0,67_64,26.62692,49.74299,22.52632,2.24313,5.30911,1.13035,0.07429,4.75077,15.61325,30.45748,1.0,1.07489,6.945530307,80.80651112
0,2,56_63,20.58853,64.0108,14.02293,2.06595,5.04116,1.28629,0.05756,2.68951,12.63529,21.33765,2.0,0.1,6.918068663,80.49290876
0,3,63_61,26.68887,51.97011,20.73022,2.25249,5.21458,1.17565,0.06661,1.3081,14.56,26.60463,2.0,2.75783,6.858981829,80.69672105
0,2,65_67,24.23524,53.82277,20.82675,2.25446,5.32109,1.18875,0.06399,5.60284,15.6477,28.39375,2.0,2.20147,7.029982888,80.73724026
0,3,60_66,20.60207,61.97569,16.43814,2.27014,5.22294,1.20471,0.06315,1.44776,14.32613,20.72695,3.0,1.37322,6.998802538,80.60577644
0,1,67_68,22.08761,55.85072,20.56201,2.12532,5.39912,1.20772,0.06418,9.76292,15.18499,30.60099,1.0,3.36366,7.043196467,80.8056043
0,0,69_65,21.42739,56.08579,20.57178,2.08623,5.44103,1.16279,0.06967,11.72058,15.20961,32.08786,3.0,3.92539,6.971789935,80.85548124
0,4,66_69,23.80171,53.63593,20.87103,2.13991,5.31033,1.21339,0.06286,8.82163,15.30947,30.77548,3.0,3.2702,7.077589614,80.76931624
0,2,64_62,27.82201,50.43233,21.44918,2.24739,5.21494,1.17145,0.06644,0.77669,14.56211,27.50355,2.0,3.78576,6.880596659,80.70463191
0,0,63_60,25.41041,54.16718,19.49655,2.24354,5.21797,1.18766,0.06475,1.97161,14.55399,25.49422,2.0,3.84941,6.8387827,80.68123587
0,3,64_65,27.28416,50.66552,21.50527,2.32535,5.30906,1.14552,0.06779,2.04097,15.78513,28.32332,2.0,3.72254,6.960767148,80.71367101
0,0,67_59,25.66061,50.82706,22.46525,2.23685,5.24571,1.18015,0.07535,0.92586,14.08864,25.57995,1.0,2.75172,6.818319174,80.78928263
0,3,70_66,18.26717,59.03696,20.02216,2.03962,5.42137,1.18954,0.06893,18.95098,15.18614,35.9423,1.0,2.68675,6.989999251,80.88619166
0,2,70_72,16.60061,64.64917,17.14214,1.30443,5.72578,1.33068,0.05562,12.71596,13.86702,28.10155,3.0,5.68877,7.157340513,80.87748397
0,2,61_66,21.88041,59.90199,17.34353,2.29519,5.2132,1.19172,0.06368,1.52317,14.33206,22.09661,2.0,3.31406,6.993876098,80.62798651
0,0,62_60,24.2522,56.34704,18.1771,2.22752,5.22314,1.21458,0.0623,2.52018,14.54726,24.24703,2.0,2.26247,6.831675003,80.64930713
0,3,64_69,24.66517,53.62088,20.35505,2.12673,5.32931,1.21208,0.06209,6.52976,14.58031,29.64149,2.0,3.81793,7.074698582,80.72648291
0,3,62_63,28.14967,50.87825,21.10301,2.22479,5.19972,1.18525,0.06488,-0.17376,14.77792,27.15282,1.0,1.16847,6.91944525,80.65949685
0,3,64_67,25.11898,53.74479,20.2207,2.23795,5.30013,1.18714,0.06682,3.17643,15.42006,27.03317,1.0,1.87731,7.0237107,80.70341855
0,0,61_61,24.08506,56.79729,18.15611,2.20804,5.23303,1.2161,0.06083,1.93303,14.54615,23.82812,1.0,0.24965,6.872224929,80.63038315
0,4,67_73,22.50388,57.88047,18.29725,1.53249,5.61086,1.28102,0.05344,7.4878,14.58487,28.64483,2.0,4.86537,7.17399997,80.78733015
0,2,59_62,21.12618,62.32982,15.28474,2.22938,5.06985,1.24622,0.06159,2.51917,14.12188,21.29437,2.0,0.92811,6.887907777,80.57718575
0,1,70_71,16.76531,64.01817,17.45708,1.31407,5.69365,1.32168,0.05701,13.35028,13.87146,28.84503,4.0,6.68776,7.138616374,80.87559216
0,2,70_72,14.97538,67.43537,16.00085,0.98913,5.81313,1.37613,0.05564,13.22383,13.49924,26.98649,,4.66635,7.170915139,80.88938731
0,0,66_73,21.72487,59.44564,17.40407,1.34666,5.69788,1.3098,0.05435,6.86555,13.88259,27.29808,2.0,5.64599,7.19153127,80.78133202
0,0,60_64,20.7807,62.12273,16.18024,2.21653,5.12416,1.20692,0.06559,1.49464,13.6737,20.66762,1.0,1.32508,6.941030554,80.60967004
0,4,62_65,25.05748,54.699,19.62947,2.30956,5.2367,1.17304,0.06794,1.61019,15.3464,25.50813,4.0,3.32874,6.979887545,80.66640741
0,3,64_65,26.71678,51.69568,21.16384,2.30015,5.25342,1.15945,0.06808,1.75542,15.42489,27.48352,2.0,4.19679,6.969691448,80.70246943
0,2,65_64,28.42321,48.45002,22.71257,2.24118,5.31565,1.15578,0.07125,1.61168,15.60467,29.20779,2.0,4.15759,6.937692711,80.74268782
0,4,64_63,29.2344,47.78932,22.85389,2.24055,5.29194,1.15315,0.06817,0.85061,15.33657,29.35392,2.0,2.90396,6.91363986,80.72055671
0,4,66_62,28.26527,47.97005,23.11727,2.25218,5.24304,1.14424,0.07361,1.16403,14.85143,28.64506,1.0,2.71332,6.883613362,80.77580021
0,0,59_60,21.94236,60.93743,15.49168,2.21033,5.06251,1.24707,0.06231,3.53535,13.3015,21.8904,3.0,1.42789,6.842379118,80.58477566
0,2,70_72,16.37316,64.76108,17.17562,1.30807,5.71523,1.32846,0.05625,13.24792,13.86757,28.40299,2.0,6.60272,7.148642359,80.88950645
0,0,56_64,19.72739,64.81467,14.06301,2.07044,5.1049,1.24779,0.05994,2.79466,12.66205,20.67165,2.0,1.72758,6.933550418,80.49510159
0,1,60_68,24.13259,56.79574,18.17083,1.49912,5.41489,1.24929,0.06529,0.45027,13.45426,23.18767,2.0,4.88205,7.055628278,80.61684955
0,4,60_59,23.21381,58.91938,15.95758,2.28704,5.10515,1.24082,0.06158,4.32747,13.43208,23.43602,2.0,1.74141,6.806003661,80.61884534
0,4,66_71,22.84628,56.61651,18.86903,1.45333,5.55469,1.28285,0.05543,8.03994,13.60734,29.1036,2.0,4.02461,7.130048178,80.7705584
0,3,61_68,24.10011,56.65901,18.1471,1.57335,5.3548,1.21718,0.06561,2.16959,14.07381,24.80771,,4.79173,7.057872981,80.63270536
0,3,67_61,26.36742,49.53296,23.18094,2.20782,5.2619,1.16618,0.07719,0.6339,14.69038,26.22405,1.0,1.43206,6.857494919,80.80085852
0,0,67_64,28.02587,47.96839,23.20983,2.25607,5.30307,1.12529,0.07452,3.13747,15.6121,30.407,1.0,2.14505,6.932395444,80.79691854
0,4,58_61,20.90556,63.33526,14.20124,2.20753,5.04917,1.26152,0.05907,3.53162,13.39463,21.66351,3.0,0.88681,6.872490653,80.53856968
0,1,63_59,24.57932,55.07101,19.01153,2.2745,5.20808,1.20643,0.06496,3.68154,13.95693,26.24487,4.0,1.81675,6.796398299,80.70100998
0,0,61_62,24.32234,56.5511,18.35894,2.2205,5.20112,1.21184,0.06317,1.23943,14.76952,23.72697,2.0,2.16645,6.890635824,80.63353651
0,1,67_67,23.54609,53.78101,21.06616,2.23486,5.3042,1.16919,0.0664,9.77249,15.68039,32.1076,4.0,2.52634,7.023320188,80.80179021
0,3,64_65,27.31113,50.44638,21.63654,2.32966,5.3033,1.14281,0.0684,2.31184,15.78677,28.61454,2.0,4.18274,6.962054646,80.72009607
0,0,57_60,21.20552,63.29966,13.8775,2.61683,5.00564,1.27121,0.05634,5.45517,12.25224,23.71065,1.0,0.66811,6.830732356,80.52536213
0,0,66_61,27.92042,48.58974,22.8173,2.25362,5.24494,1.14107,0.07322,1.09135,14.8496,28.12983,4.0,2.80728,6.866866748,80.77056579
0,1,57_62,20.47202,64.05925,13.93963,2.19391,5.0489,1.26022,0.05889,3.53523,13.3914,21.4395,2.0,1.32078,6.883256949,80.53511837
0,2,61_66,21.88041,59.90199,17.34353,2.29519,5.2132,1.19172,0.06368,1.52317,14.33206,22.09661,4.0,2.46966,6.993652073,80.62024295
0,1,67_68,22.29405,55.68369,20.50967,2.11075,5.41179,1.21463,0.06333,9.35489,15.18259,30.29974,1.0,3.29439,7.049868872,80.79801729
0,3,60_66,20.91145,61.45698,16.74077,2.29729,5.21008,1.19296,0.06307,1.43254,14.32994,21.01846,3.0,1.53941,6.988283357,80.6123508
0,1,65_62,28.44716,48.17393,22.90623,2.2712,5.27376,1.14464,0.07145,0.94123,15.33717,28.5332,4.0,4.36934,6.889300477,80.74590626
0,1,67_67,23.33944,54.06302,20.93786,2.22215,5.31421,1.17482,0.06571,10.06014,15.67934,32.11715,2.0,3.90707,7.034996981,80.80621992
0,3,60_58,22.2872,60.82498,14.78954,2.41927,5.12601,1.2531,0.05869,4.8914,13.03445,22.26708,2.0,2.15733,6.784257861,80.60115589
0,1,58_58,20.92979,63.80444,13.41899,2.46924,5.10964,1.28262,0.05475,6.42786,11.78933,23.67219,3.0,4.54734,6.790404718,80.54144483
0,2,56_63,20.60088,63.76338,14.26056,2.08452,5.05522,1.25357,0.05768,2.54354,12.63891,21.06329,2.0,1.36574,6.906946167,80.50911877
0,2,67_71,21.47975,58.12506,18.8149,1.48595,5.53881,1.28072,0.05621,9.44333,14.33615,29.37267,3.0,6.37078,7.125298168,80.80181775
0,3,60_60,23.34697,58.58636,16.46271,2.28648,5.09462,1.23577,0.062,3.83575,13.4326,23.74434,1.0,4.26544,6.830049406,80.61139777
0,1,68_64,24.44076,52.47713,21.5518,2.17968,5.33946,1.12974,0.0749,6.55944,15.46527,29.93735,1.0,1.29132,6.936927632,80.82760877
0,4,60_59,23.04185,59.25548,15.86599,2.2819,5.0971,1.24201,0.06147,4.09149,13.42996,23.09352,2.0,3.5185,6.818926855,80.60586547
0,2,71_72,14.66914,67.85294,15.87454,0.98825,5.81855,1.3786,0.05562,13.43348,13.49723,26.90752,,4.03574,7.169525134,80.89989458
0,1,65_76,27.27611,54.60398,16.60029,1.03865,5.69763,1.33796,0.05276,5.97598,12.7747,32.40489,,2.07201,7.274653241,80.75182305
0,0,56_64,19.81183,64.77433,14.01731,2.04779,5.10731,1.25649,0.06014,2.89845,12.65934,20.99309,2.0,3.51859,6.95370483,80.48793072
0,3,64_69,24.83978,54.10171,19.92893,2.1169,5.34313,1.21749,0.06212,4.82191,14.57467,28.35735,3.0,2.45489,7.081308101,80.70218433
0,4,64_63,28.97593,48.15744,22.66543,2.25093,5.21622,1.16237,0.06807,0.73397,14.56775,28.86525,1.0,3.98715,6.902665032,80.72352942
0,2,63_58,24.03292,56.12061,18.34116,2.26196,5.22325,1.2417,0.06309,4.31583,13.95317,26.12762,1.0,1.27704,6.775137521,80.68952089
0,0,68_60,25.51218,50.55276,22.7415,2.23541,5.22973,1.17038,0.07768,1.52517,14.09388,26.1974,1.0,4.19739,6.84594473,80.82750771
0,4,63_67,24.95571,53.95312,20.10188,2.22574,5.3099,1.19239,0.06659,3.36603,15.41917,27.0151,3.0,2.91829,7.03507558,80.69831926
0,0,63_62,29.62619,48.50833,22.15853,2.22875,5.22041,1.17645,0.06422,-0.24748,14.55999,28.65401,1.0,3.81071,6.898424139,80.67914051
0,3,54_64,20.30989,64.70388,13.53019,2.02095,5.06092,1.26684,0.05901,3.72494,12.65269,22.41059,1.0,4.53415,6.952181717,80.43985398
0,0,67_64,26.06553,50.48616,22.22519,2.23094,5.31431,1.13463,0.07373,5.53127,15.6133,30.59453,2.0,0.44927,6.953964142,80.80236362
0,0,55_66,19.49656,65.50261,13.61031,1.56036,5.20334,1.30811,0.06124,3.54352,12.12531,21.51803,2.0,1.05215,7.009077006,80.47527422
0,3,64_66,26.41563,51.70311,21.26188,2.29665,5.25132,1.15404,0.06871,2.63694,15.42755,27.99755,2.0,4.11149,6.982828093,80.72081502
0,3,54_64,20.18436,64.80878,13.56217,2.04171,5.05881,1.2589,0.05864,3.54433,12.6551,21.99965,1.0,5.24352,6.938889874,80.44635177
0,4,60_59,22.57508,60.09766,15.30142,2.44447,5.18003,1.2471,0.05784,4.50507,13.68269,22.464,2.0,1.49865,6.795117468,80.60705482
0,0,68_60,25.94165,49.54301,23.53042,2.2429,5.23252,1.16899,0.07783,-0.17476,14.09295,25.04312,1.0,3.47422,6.832936118,80.8099922
0,3,61_68,24.19933,56.48424,18.23062,2.20399,5.29898,1.21621,0.06709,2.09128,14.6094,24.85036,2.0,5.48173,7.045760575,80.62319784
0,0,58_59,21.19671,62.85843,14.01442,2.47132,5.1121,1.26712,0.05565,5.35799,11.79105,22.43731,2.0,4.36508,6.794528052,80.5481311
0,4,67_60,25.94165,49.54301,23.53042,2.2429,5.23252,1.16899,0.07783,-0.17476,14.09295,25.04312,1.0,3.80732,6.837507137,80.80873471
0,3,64_66,26.41563,51.70311,21.26188,2.29665,5.25132,1.15404,0.06871,2.63694,15.42755,27.99755,1.0,3.77166,6.985994469,80.71735913
0,1,65_68,24.45697,53.47311,20.96989,2.18777,5.27318,1.19287,0.06476,6.23482,15.31119,29.53032,1.0,3.65628,7.043405491,80.74337622
0,3,72_69,17.29941,62.55858,17.78825,2.09055,5.56434,1.23962,0.06255,16.61306,15.40776,32.65384,2.0,9.39323,7.067879959,80.9438962
0,3,60_60,22.73225,59.78432,15.68708,2.27604,5.09152,1.24433,0.06105,4.06986,13.42741,22.89533,2.0,2.29436,6.83453657,80.59400594
0,0,66_66,26.05529,51.23493,21.53895,2.32059,5.29922,1.15153,0.0702,5.04756,15.79309,29.91969,2.0,1.09119,6.988236845,80.76456155
0,0,67_74,20.91897,60.67743,16.93714,1.06243,5.76249,1.33725,0.05533,7.55581,13.63486,27.19206,2.0,5.24117,7.202921425,80.7854864
0,3,57_59,20.71071,64.40446,13.17487,2.60069,5.08383,1.28152,0.0545,5.2191,11.94741,22.51201,2.0,2.92679,6.803813915,80.53112681
0,3,64_65,27.19264,50.96903,21.34227,2.32084,5.31533,1.14847,0.06719,1.80035,15.78344,27.99217,4.0,3.80904,6.964298411,80.70318607
0,3,61_63,23.79791,57.7951,17.71883,2.25323,5.08011,1.22059,0.0637,1.47327,14.1359,23.63777,4.0,1.57646,6.906491564,80.62455952
0,1,71_71,16.22029,64.57332,17.36729,1.31676,5.68847,1.32135,0.05756,14.13411,13.8706,29.11654,2.0,8.2802,7.128310406,80.89835447
0,3,71_67,16.81083,60.59413,19.64061,2.15855,5.44703,1.20872,0.06622,22.72208,15.84845,38.16788,,4.82386,7.020113791,80.91284358
0,2,73_72,13.14684,69.85617,15.16166,0.98602,5.83555,1.3869,0.05659,14.36763,13.48979,26.37076,4.0,5.43971,7.151137923,80.95569089
0,3,71_73,14.25298,68.73453,15.56094,0.98394,5.84814,1.38837,0.05447,13.21381,13.49065,26.35034,,1.7948,7.195056191,80.90452064
0,1,72_68,17.49511,61.63957,18.38329,2.10743,5.52643,1.22556,0.06383,18.11475,15.41474,34.30149,2.0,9.00237,7.061396507,80.92854298
0,2,62_58,23.67903,57.10041,17.59594,2.25039,5.21984,1.25204,0.06112,4.46377,13.9483,25.44461,1.0,4.28985,6.774315399,80.65992809
0,2,70_67,18.28763,58.94856,19.99414,2.16986,5.43989,1.18031,0.0672,21.01882,15.39716,37.94783,4.0,4.18109,7.012254608,80.88341775
0,3,57_59,20.75447,64.37431,13.14439,2.46376,5.10111,1.28154,0.05451,5.38469,11.78756,22.70112,2.0,3.84487,6.795644065,80.53443951
0,3,57_59,20.61024,63.88137,13.7722,2.63301,5.01264,1.27811,0.05621,5.20263,12.25467,22.41713,2.0,1.37634,6.817945475,80.52972351
0,4,62_62,26.34684,53.22498,19.95235,2.22316,5.2248,1.19039,0.06297,1.11186,14.55363,25.93567,1.0,1.81797,6.87945736,80.66644126
0,1,67_67,23.33944,54.06302,20.93786,2.22215,5.31421,1.17482,0.06571,10.06014,15.67934,32.11715,2.0,2.91113,7.027079138,80.80163776
0,0,65_60,25.79804,52.56084,20.71558,2.2734,5.21524,1.177,0.06925,1.68986,14.56194,26.07144,1.0,1.24377,6.83668418,80.72905066
0,0,57_60,21.59851,62.42201,14.35196,2.61142,5.00416,1.25841,0.05662,4.83812,12.25183,23.4807,1.0,1.66709,6.842105426,80.52203442
0,0,66_72,23.11629,55.98436,19.35516,1.52724,5.46965,1.25859,0.05563,7.91034,14.22581,29.37105,1.0,5.37579,7.146515021,80.76414626
0,1,58_60,20.7575,63.38289,14.23176,2.405,5.07089,1.2664,0.05918,4.23251,13.24926,21.70748,4.0,1.32568,6.838833642,80.54563506
0,2,58_62,20.81761,63.29689,14.39811,2.20738,5.05936,1.25822,0.05951,3.32399,13.39623,21.50365,2.0,1.93749,6.881092705,80.5456673
0,2,66_64,27.9893,48.47383,22.85465,2.23971,5.31161,1.13356,0.07255,2.75194,15.60848,29.90152,2.0,1.84265,6.944835756,80.76414512
0,3,61_63,23.11343,58.54383,17.67268,2.18442,5.14037,1.22286,0.06255,1.06555,14.11709,22.67996,1.0,0.87806,6.926298446,80.62483864
0,4,67_60,26.68992,48.40922,24.2089,2.22036,5.25959,1.1628,0.07761,-1.73174,14.68792,24.32012,2.0,2.92726,6.843147184,80.79896728
0,3,64_61,27.28777,50.92126,21.30863,2.25615,5.21351,1.16949,0.06752,1.04743,14.56299,27.15081,2.0,3.01991,6.873263525,80.70568715
0,3,65_58,23.82425,54.71538,19.97718,2.24248,5.37715,1.21752,0.06826,4.09468,15.24256,26.26292,1.0,3.26556,6.769667571,80.75045962
0,0,72_70,15.51119,65.91168,16.69829,1.29835,5.69014,1.33303,0.05805,14.41915,13.74943,28.75885,2.0,9.26993,7.116171523,80.93014099
0,2,62_66,24.75844,55.33546,19.1122,2.28938,5.2531,1.18185,0.06677,2.18986,14.62147,25.60126,2.0,5.24834,6.994012915,80.65222443
0,0,59_68,22.26094,60.24596,16.54911,1.60974,5.30375,1.23282,0.06012,0.98232,12.99351,21.91576,3.0,2.8019,7.044982673,80.58423162
0,3,66_63,29.17242,46.98114,23.44832,2.25853,5.27924,1.14232,0.07131,1.23167,15.34138,29.71526,1.0,4.11936,6.918967354,80.75937695
0,3,71_73,14.31485,68.50558,15.64231,0.9856,5.83667,1.38478,0.05503,13.39009,13.49291,26.55747,3.0,2.4761,7.1828978,80.90552818
0,0,61_59,23.4197,58.42872,16.37345,2.29189,5.10622,1.23697,0.06199,4.25684,13.43445,23.98661,2.0,1.23353,6.800802633,80.62342438
0,2,59_61,20.99921,62.41286,15.0604,2.17856,5.12585,1.2533,0.06115,2.97349,14.10524,20.95444,3.0,0.79161,6.857596577,80.56791533
0,4,56_61,21.33213,63.26228,14.01327,2.21497,4.94741,1.26366,0.05666,3.82733,11.972,22.80466,2.0,2.34561,6.869921551,80.50663585
0,2,67_63,27.38861,48.70121,23.05848,2.14746,5.2899,1.14632,0.07554,3.07646,15.03376,29.74961,1.0,2.48061,6.922917168,80.80069629
0,1,68_64,26.25116,50.23866,22.35708,2.15769,5.29856,1.12693,0.07539,4.94957,15.00728,30.30112,1.0,1.81667,6.937470098,80.81089612
0,3,57_59,20.49533,64.84497,13.00078,2.64187,4.99548,1.27237,0.05176,5.36086,11.65699,22.67229,2.0,3.34458,6.803800368,80.51676727
0,3,64_61,27.21361,51.25242,21.0703,2.25021,5.21459,1.17339,0.06655,1.0531,14.56107,27.01516,2.0,2.54489,6.866430486,80.70387631
0,4,55_64,20.08281,64.56347,13.92941,2.06682,5.08113,1.24908,0.05929,3.09821,12.65993,21.30338,2.0,2.21117,6.931832775,80.47734891
0,2,66_60,26.473,49.73177,22.99648,2.21334,5.26044,1.16728,0.0758,-0.06427,14.68644,25.50306,2.0,2.46606,6.844880028,80.77171706
0,0,72_70,15.11939,66.20889,16.74877,1.18119,5.71919,1.33078,0.05877,14.79393,13.76648,28.75246,2.0,9.56447,7.113724577,80.94387465
0,0,61_60,24.31064,56.70487,17.66997,2.30306,5.09646,1.21916,0.06356,3.46488,13.44048,25.05777,2.0,2.8155,6.834431498,80.64394928
0,1,71_66,16.97918,59.93501,20.09842,2.05515,5.45634,1.19512,0.06808,22.87146,15.66574,38.50022,1.0,3.03269,6.999336973,80.91053591
0,2,69_66,21.81663,55.60557,20.6023,2.12261,5.39248,1.17107,0.06817,12.90454,15.38101,33.55426,2.0,2.73106,7.006613243,80.84205429
0,0,72_70,16.81124,63.62009,17.20684,1.9625,5.61034,1.28239,0.06175,15.40879,14.52122,30.89767,2.0,11.63494,7.094996805,80.93669017
0,0,72_70,15.3528,65.80903,16.90955,1.18258,5.71144,1.32748,0.0589,14.8726,13.76854,29.04301,2.0,9.18163,7.117342811,80.93786992
0,4,67_73,21.75862,59.05998,17.69304,1.35043,5.68113,1.30737,0.05499,7.2651,13.88331,27.65882,1.0,4.82626,7.179603407,80.78733048
0,2,65_67,24.50494,53.66256,20.85161,2.26474,5.31671,1.18482,0.0642,4.85552,15.64712,28.0042,2.0,1.3472,7.025020998,80.73111033
0,0,56_58,20.8594,63.56607,13.86897,2.63601,4.9875,1.27709,0.04985,6.41272,11.65323,24.43334,3.0,4.39314,6.787582775,80.50315518
0,2,58_62,21.06402,62.81201,14.66852,2.21455,5.06335,1.25433,0.05984,3.21174,13.39875,21.62171,2.0,2.29071,6.884293336,80.55499691
0,4,65_70,24.08044,54.37555,20.04518,1.53884,5.42006,1.25237,0.05783,7.19272,14.22098,29.60119,2.0,2.22529,7.103192828,80.73010974
0,0,64_70,24.153,54.52665,19.91718,1.53764,5.42501,1.2534,0.058,6.56363,14.21945,29.16031,2.0,2.21307,7.110156065,80.72270043
0,4,65_65,27.211,50.04,21.94042,2.34125,5.28859,1.14312,0.07021,3.23417,15.79151,29.41936,2.0,2.35325,6.965072254,80.74542887
0,4,61_64,22.79537,58.77642,17.77783,2.25256,5.17264,1.21599,0.06467,0.748,14.58192,22.08835,1.0,1.65233,6.93435577,80.62414825
0,0,60_57,22.10155,60.7323,15.30194,2.44553,5.19197,1.28812,0.0558,5.37441,13.6797,23.86421,3.0,3.52358,6.760675824,80.60792831
0,4,66_69,23.8622,53.21467,21.00169,2.12679,5.322,1.21933,0.0623,9.5747,15.30818,31.26452,2.0,2.29161,7.086346477,80.76560633
0,0,62_60,24.41389,56.4093,17.84601,2.3086,5.10115,1.2175,0.06397,3.56007,13.44266,25.33408,2.0,1.71792,6.827427703,80.65189219
0,1,63_69,24.4269,55.12627,19.34567,1.51561,5.34438,1.24778,0.06128,4.54453,13.96636,27.72789,2.0,1.26254,7.079995621,80.69142921
0,1,68_59,24.2149,52.65482,21.65472,2.18712,5.34549,1.17949,0.07626,3.02733,14.70616,26.1634,2.0,1.54684,6.805149522,80.82125879
0,0,61_60,23.66719,57.96212,16.86805,2.29189,5.09547,1.22823,0.0625,3.71502,13.43522,24.19693,1.0,3.98067,6.830000702,80.62600725
0,1,65_68,24.4999,53.76762,20.67881,2.16957,5.29307,1.2019,0.06401,5.45328,15.3067,28.80257,2.0,4.02143,7.053984055,80.73295819
0,4,64_64,28.08359,49.09323,22.39209,2.22595,5.32525,1.14118,0.07012,1.81693,15.60315,29.03054,2.0,3.39126,6.947893419,80.72492485
0,4,67_70,21.59369,57.70157,19.06381,1.49034,5.52158,1.27731,0.05678,9.828,14.33682,29.8141,4.0,4.95843,7.112950836,80.80710894
0,0,72_70,15.3528,65.80903,16.90955,1.18258,5.71144,1.32748,0.0589,14.8726,13.76854,29.04301,2.0,9.08998,7.117819772,80.93186325
0,3,65_59,25.52536,52.51696,20.8617,2.30668,5.19644,1.17924,0.07053,2.38984,13.96791,26.5611,2.0,3.48957,6.811865524,80.74583848
0,4,65_61,27.35147,50.09843,21.9758,2.27349,5.21232,1.15872,0.07054,0.97955,14.56846,27.31504,3.0,2.13775,6.8663445,80.73966995
0,1,60_68,23.05511,59.00482,17.00907,1.60751,5.31118,1.23259,0.0606,0.97173,12.9951,22.70744,2.0,3.30365,7.046559534,80.5936921
0,0,68_70,21.06736,57.89305,19.38773,2.03964,5.51572,1.24701,0.05878,10.10238,15.17648,29.62573,4.0,4.62246,7.110739916,80.81062941
0,0,66_66,25.43598,51.76109,21.54505,2.26122,5.29153,1.15599,0.0682,6.72541,15.84406,30.87529,1.0,1.19829,6.990378372,80.77671171
0,2,64_58,24.25245,55.30177,19.00518,2.27315,5.22891,1.2315,0.06526,4.14368,13.95788,26.53806,2.0,2.44459,6.777691297,80.72199471
0,2,56_63,20.45905,64.07007,14.10212,2.0715,5.05122,1.2567,0.05776,2.58239,12.63669,21.07731,2.0,0.79192,6.920273893,80.49888883
0,3,64_69,24.73131,53.79253,20.20345,2.1235,5.33435,1.2138,0.06208,5.90112,14.57846,29.17362,2.0,4.06283,7.074341746,80.7163399
0,0,62_60,24.54941,55.60054,18.6596,2.23913,5.21995,1.19813,0.06365,2.55621,14.55003,24.83306,2.0,2.06443,6.826099507,80.67113722
0,0,58_59,21.4658,62.4231,14.05968,2.40352,5.11142,1.26813,0.05694,5.19794,13.02542,22.07499,2.0,4.42659,6.798455833,80.56053975
0,4,58_61,21.1506,63.0146,14.22436,2.21428,5.0442,1.26139,0.05896,3.63551,13.39546,21.83652,2.0,1.4337,6.861138172,80.54336035
0,4,66_69,23.95236,53.63439,20.79597,2.13764,5.31449,1.21478,0.06281,8.18301,15.30792,30.35406,1.0,2.21995,7.082631873,80.76007879
0,1,65_68,24.56678,53.50716,20.89044,2.18507,5.27747,1.19456,0.0646,5.71589,15.30951,29.16711,1.0,3.24393,7.041643079,80.73982101
0,2,70_67,18.94257,58.68364,19.83526,2.15972,5.44997,1.18484,0.06626,18.64302,15.39502,36.24318,1.0,2.40701,7.019385265,80.86902077
0,3,59_64,15.83847,69.71491,13.21665,2.27607,5.13356,1.22495,0.0627,2.11701,13.4156,16.3798,3.0,3.99806,6.945353142,80.57226646
0,3,54_64,20.16832,64.66626,13.73027,2.03932,5.07381,1.2598,0.05919,3.38627,12.65588,21.83862,1.0,4.13369,6.945985917,80.45448329
0,3,70_66,19.06714,58.1772,20.30081,2.0844,5.42575,1.18246,0.06966,16.60968,15.66818,34.48188,1.0,2.04457,6.985926576,80.89060074
0,2,55_67,19.98132,64.70232,13.93577,1.55249,5.21338,1.32773,0.06251,3.425,12.1259,21.9362,2.0,0.88956,7.027786397,80.47202243
0,4,64_63,29.86692,47.37048,22.76468,2.27306,5.27814,1.16159,0.06594,0.94606,15.45044,30.14243,1.0,1.64012,6.924764537,80.71388696
0,3,68_61,25.38932,50.83287,22.58844,2.20143,5.27278,1.16865,0.07746,1.46786,14.68917,26.00178,1.0,3.0671,6.852078168,80.81922393
0,3,67_61,26.32801,49.29214,23.50535,2.21328,5.26207,1.16292,0.07759,-0.19216,14.68931,25.40562,2.0,2.28474,6.850919928,80.80501517
0,2,59_61,21.82198,61.04682,15.62054,2.20804,5.05944,1.24597,0.06242,3.40427,13.30133,21.97966,1.0,1.92617,6.851132905,80.58910175
0,1,68_67,21.37599,56.7789,19.94522,2.1507,5.45349,1.1903,0.06457,11.91178,15.38899,31.97446,1.0,3.29156,7.032738226,80.82033247
0,2,56_62,21.15278,63.1184,14.3,2.09244,5.03547,1.25405,0.05693,2.78836,12.63897,21.69291,3.0,2.84198,6.89338089,80.49856638
0,3,65_58,24.5825,54.37577,19.69122,2.2861,5.22445,1.19709,0.06756,3.64488,13.96226,26.60705,3.0,4.51544,6.786140852,80.74247657
0,0,61_62,24.9052,55.50318,18.86044,2.21088,5.23206,1.20087,0.06146,1.54397,14.54904,24.59989,2.0,0.7504,6.881036877,80.64328964
0,0,68_70,20.78938,58.12871,19.42764,2.0527,5.50156,1.24115,0.05954,10.67176,15.17856,29.99807,4.0,2.90276,7.096233914,80.81907981
0,2,65_67,24.7373,53.21476,21.10423,2.28078,5.29869,1.17696,0.06509,4.95975,15.64958,28.39351,3.0,2.38929,7.013180925,80.74052092
0,0,68_60,25.58074,50.29746,23.02772,2.23771,5.24464,1.17534,0.07721,0.4754,14.09137,25.24057,1.0,2.20774,6.821282247,80.81107241
0,4,69_72,17.33959,63.45859,17.51792,1.3112,5.70097,1.32213,0.05643,12.44368,13.87238,28.47931,2.0,4.61592,7.148729428,80.85920188
0,0,59_60,21.85755,61.53765,14.67542,2.40526,5.10713,1.25378,0.05876,4.49815,13.03103,21.85466,2.0,2.04999,6.819992151,80.58198207
0,3,60_58,22.37268,60.20495,15.58634,2.44815,5.18917,1.28066,0.05693,5.1142,13.68228,23.85629,2.0,2.49634,6.769188417,80.61166878
0,3,65_58,24.08183,54.11242,20.38495,2.27236,5.36892,1.21885,0.07083,3.67908,15.08734,26.22221,1.0,3.06733,6.780934254,80.75449753
0,2,55_67,19.99261,64.57443,14.07886,1.55377,5.22066,1.32568,0.06252,3.22086,12.12705,21.75217,2.0,1.5574,7.029720783,80.48020034
0,3,64_65,27.28416,50.66552,21.50527,2.32535,5.30906,1.14552,0.06779,2.04097,15.78513,28.32332,2.0,4.33721,6.968089741,80.70936378
0,0,61_59,23.43484,58.0761,17.01081,2.45739,5.17061,1.2291,0.06051,4.04354,13.69126,24.48273,3.0,2.38718,6.800371329,80.64029979
0,0,67_59,25.61656,50.62388,22.70676,2.23743,5.24803,1.1766,0.07596,0.63151,14.08923,25.31777,1.0,2.31729,6.813510772,80.7904726
0,4,58_61,20.90556,63.33526,14.20124,2.20753,5.04917,1.26152,0.05907,3.53162,13.39463,21.66351,3.0,0.93763,6.872487402,80.53902989
0,2,61_58,23.27523,58.34506,16.84268,2.4575,5.17538,1.23239,0.06013,4.2737,13.6904,24.51006,1.0,2.35813,6.791445696,80.64102211
0,1,65_71,23.8222,54.3185,20.14801,1.53635,5.4248,1.25365,0.05725,8.34165,14.22363,30.24156,3.0,2.21055,7.11986511,80.74776404
0,4,66_70,23.49126,54.51701,20.06623,1.50915,5.40093,1.25979,0.05834,9.0978,14.16273,30.41148,2.0,2.12247,7.111255323,80.76556435
0,3,64_60,25.70646,52.92936,20.43004,2.26752,5.21529,1.18085,0.06825,1.82235,14.56019,26.01336,3.0,0.6169,6.835558248,80.71952124
0,0,61_65,23.75323,57.01651,18.61806,2.23703,5.18546,1.18695,0.06564,0.98096,14.58529,23.50142,1.0,3.28321,6.964925763,80.64431397
0,0,62_61,24.99699,55.24994,18.87817,2.22247,5.22537,1.20723,0.06237,1.82312,14.54979,24.77431,3.0,2.31147,6.859184482,80.65191234
0,4,69_72,17.16229,64.1234,17.19297,1.30191,5.73279,1.33051,0.05505,11.84856,13.86828,27.7799,4.0,3.47905,7.167093575,80.85995074
0,3,67_72,22.50388,57.88047,18.29725,1.53249,5.61086,1.28102,0.05344,7.4878,14.58487,28.64483,2.0,4.79388,7.170522445,80.7885784
0,3,64_60,25.2506,53.82907,19.87639,2.26144,5.21686,1.18864,0.06704,2.17846,14.55717,25.72157,1.0,1.29765,6.827089546,80.7086261
0,3,65_58,23.82425,54.71538,19.97718,2.24248,5.37715,1.21752,0.06826,4.09468,15.24256,26.26292,3.0,3.51971,6.767928645,80.74822603
0,0,61_65,21.86887,59.99451,17.34843,2.31584,5.20016,1.1836,0.0634,1.36333,14.33348,21.91786,3.0,3.94383,6.970488031,80.62906391
0,1,72_72,13.23888,69.98606,15.07276,0.98313,5.85414,1.39201,0.05552,13.93641,13.48682,26.05989,3.0,3.41928,7.169440809,80.94527964
0,3,66_63,29.14389,47.02765,23.43438,2.265,5.27548,1.14158,0.07164,0.99449,15.34042,29.43865,1.0,5.43676,6.907231947,80.75573084
0,4,55_64,20.09123,64.64496,13.83901,2.04482,5.08314,1.25768,0.05944,3.22737,12.65724,21.57873,2.0,3.84981,6.945656233,80.46429272
0,4,62_64,25.51614,54.52722,19.64637,2.26672,5.16552,1.15383,0.06611,0.44469,14.59016,24.85163,1.0,1.93253,6.949369224,80.65252203
0,2,70_72,17.00961,63.89761,17.41,1.31023,5.70514,1.32411,0.05637,12.74544,13.87083,28.48254,3.0,5.11027,7.148692448,80.86546145
0,1,60_68,23.78581,57.41691,17.89268,1.49587,5.41135,1.27055,0.0661,0.3064,13.45222,22.70608,2.0,2.8724,7.060238557,80.59687559
0,4,59_59,22.21627,61.35857,13.89017,2.40932,5.11723,1.25533,0.05856,4.60332,13.03067,20.38991,2.0,3.35287,6.806080612,80.57415564
0,1,56_66,19.2528,65.66554,13.87663,2.14636,5.14136,1.28765,0.06363,1.91497,12.78936,19.6661,1.0,2.69727,6.995993191,80.50423137
0,2,57_61,20.65001,64.31456,13.51451,2.42211,5.01201,1.24835,0.05714,4.65518,12.53778,22.62585,2.0,1.35211,6.862396604,80.51784913
0,4,66_62,29.01763,46.70685,23.81142,2.17343,5.27455,1.14259,0.07566,0.62551,15.02954,29.07355,1.0,3.33109,6.896016051,80.7816578
0,3,71_73,14.25298,68.73453,15.56094,0.98394,5.84814,1.38837,0.05447,13.21381,13.49065,26.35034,,1.6132,7.190088839,80.9092816
0,0,61_62,25.1695,55.24476,18.96267,2.22757,5.19822,1.1999,0.06375,1.01635,14.77201,24.50884,2.0,1.43898,6.890234477,80.64195803
0,3,68_61,25.38932,50.83287,22.58844,2.20143,5.27278,1.16865,0.07746,1.46786,14.68917,26.00178,1.0,3.60642,6.847785655,80.82179792
0,2,69_73,18.93659,62.15958,17.57079,1.26383,5.72645,1.33455,0.05446,10.95233,13.8202,28.6992,2.0,1.17542,7.176749306,80.84129302
0,1,58_60,21.33346,62.04383,14.9271,2.19904,5.05604,1.25505,0.06146,3.76823,13.29658,21.52492,2.0,1.21255,6.842549758,80.56425361
0,1,65_62,27.35147,50.09843,21.9758,2.27349,5.21232,1.15872,0.07054,0.97955,14.56846,27.31504,2.0,3.16289,6.874686533,80.73445428
0,0,61_61,23.8126,57.67641,17.22541,2.29015,5.08785,1.22429,0.0626,3.37468,13.43548,24.44423,2.0,2.1721,6.850586452,80.62700687
0,3,67_58,23.83687,53.93616,20.74818,2.17258,5.37376,1.1958,0.07259,3.90212,14.7011,26.37808,1.0,1.22167,6.778379345,80.78720285
0,1,57_58,20.77968,64.36818,13.12222,2.37995,5.08099,1.28283,0.05251,5.55427,11.37969,22.9236,1.0,5.13915,6.783937981,80.53489328
0,3,68_61,25.54139,50.81371,22.44775,2.19329,5.27073,1.17104,0.07701,2.30767,14.69168,26.97829,1.0,2.49408,6.872104309,80.822167
0,1,63_69,24.39865,55.21444,19.24539,1.51038,5.35533,1.25136,0.06129,4.46045,13.96586,27.58138,1.0,1.43701,7.085787303,80.69164736
0,2,68_71,21.33151,58.48115,18.67602,1.51338,5.54526,1.27971,0.05628,9.49698,14.85997,29.46081,2.0,5.61302,7.130132781,80.81947591
0,2,61_66,21.88041,59.90199,17.34353,2.29519,5.2132,1.19172,0.06368,1.52317,14.33206,22.09661,3.0,3.46794,6.993130332,80.62951233
0,3,65_58,23.82425,54.71538,19.97718,2.24248,5.37715,1.21752,0.06826,4.09468,15.24256,26.26292,3.0,3.50877,6.768828538,80.74827913
0,0,61_61,24.69545,55.80742,18.64583,2.21394,5.2299,1.20219,0.06156,1.75746,14.54837,24.42297,4.0,1.25597,6.87153781,80.64125997
0,3,63_61,26.22921,52.61003,20.4187,2.25419,5.21487,1.17823,0.0666,1.55165,14.5589,26.26128,3.0,2.20375,6.854642783,80.70060875
0,2,56_63,20.83581,63.79691,13.96736,2.06731,5.02603,1.28723,0.057,2.86068,12.63458,21.71068,1.0,1.17086,6.908790771,80.48722777
0,3,57_64,18.2603,67.08215,13.31972,2.256,5.09105,1.27851,0.06226,2.63761,13.40536,19.02807,2.0,1.08803,6.940168681,80.52039267
0,3,72_67,17.04783,60.69407,19.44197,2.14853,5.46247,1.21353,0.06532,21.40631,15.84686,37.10652,2.0,5.25698,7.026600489,80.92058954
0,4,67_66,24.54327,52.63778,21.31378,2.25108,5.29399,1.15922,0.06816,8.47186,15.84629,31.638,1.0,0.68023,7.004166833,80.7991171
0,4,67_60,26.9704,47.4548,25.0013,2.25377,5.22158,1.16466,0.07782,-2.95285,14.09284,23.50581,1.0,3.86313,6.834788426,80.79134206
0,0,59_68,22.53066,59.92351,16.59834,1.60363,5.30252,1.23767,0.06084,0.87049,12.99267,22.08962,2.0,3.13591,7.051650939,80.57927567
0,2,61_58,23.11811,58.60891,16.6904,2.45732,5.17995,1.24204,0.05968,4.50768,13.68952,24.5823,2.0,2.37994,6.788290606,80.64115901
0,4,58_64,17.29034,67.99171,13.43539,2.27299,5.11465,1.27001,0.06253,2.3484,13.41191,17.84581,1.0,3.54732,6.934262886,80.54797405
0,2,63_58,23.92848,56.43058,18.10243,2.25811,5.2219,1.24515,0.06241,4.3674,13.95156,25.93054,1.0,2.42322,6.77334154,80.67911425
0,1,68_68,20.75477,57.39598,20.13863,2.11488,5.42139,1.2119,0.06366,12.08331,15.18663,31.57223,2.0,1.73225,7.051036402,80.83350749
0,3,64_59,24.7567,54.43895,19.50946,2.28334,5.2107,1.19967,0.06659,3.50048,13.96032,26.48258,3.0,2.99544,6.793179825,80.72367562
0,3,72_67,16.94326,61.51273,18.91936,2.05637,5.4899,1.2276,0.06504,19.23073,15.52406,34.87078,2.0,6.28589,7.03636533,80.9226309
0,3,71_67,16.97676,60.01421,20.00168,2.15746,5.44164,1.20461,0.06585,24.28684,15.84972,39.84424,3.0,5.18148,7.034302025,80.89670256
0,4,64_63,29.20984,47.84135,22.81355,2.24629,5.28791,1.15277,0.0684,0.73247,15.33566,29.17385,1.0,3.7049,6.904727073,80.7220107
0,2,58_62,20.81761,63.29689,14.39811,2.20738,5.05936,1.25822,0.05951,3.32399,13.39623,21.50365,3.0,1.99809,6.882629273,80.54532831
0,1,57_62,20.73747,63.70574,13.9863,2.20085,5.04368,1.25979,0.05874,3.63179,13.39225,21.65265,3.0,0.40657,6.874628024,80.53332996
0,2,66_60,26.473,49.73177,22.99648,2.21334,5.26044,1.16728,0.0758,-0.06427,14.68644,25.50306,2.0,2.69588,6.842609169,80.77324457
0,1,67_67,23.85615,53.50291,21.11535,2.2332,5.30691,1.1706,0.06613,9.04595,15.67885,31.70338,2.0,1.88883,7.018687719,80.79739711
0,0,61_57,22.41188,59.66501,16.15653,2.41094,5.25359,1.26865,0.05774,5.74212,13.74857,25.21545,1.0,4.65006,6.756666766,80.64499778
0,1,68_67,22.32307,55.30405,20.54164,2.09696,5.40992,1.18132,0.06643,11.59146,15.37681,32.67901,2.0,2.97157,7.025883175,80.82342025
0,4,67_66,25.26453,51.7178,21.67226,2.27827,5.27662,1.14801,0.06954,7.40707,15.84773,31.43202,1.0,1.63533,6.987605623,80.79038084
0,3,64_61,27.21361,51.25242,21.0703,2.25021,5.21459,1.17339,0.06655,1.0531,14.56107,27.01516,2.0,3.15632,6.873693175,80.70407389
0,2,66_60,26.00293,50.82946,22.18853,2.23685,5.23281,1.17793,0.07435,1.29431,14.08849,26.17533,2.0,3.09131,6.82732951,80.76636557
0,0,56_64,20.24782,64.35335,14.04482,2.06433,5.05661,1.27531,0.0581,2.51492,12.63597,20.88299,2.0,1.82867,6.929354041,80.50604625
0,3,54_64,20.18231,64.83184,13.53996,2.04949,5.05333,1.26321,0.0584,3.53682,12.65572,21.94536,1.0,4.43746,6.931592206,80.44301024
0,1,71_66,17.56574,60.06684,19.67696,2.05794,5.46105,1.19894,0.06834,18.45373,15.66378,34.76509,2.0,2.393,6.995294929,80.91467818
0,2,69_66,19.8038,57.88145,19.97547,2.17271,5.43484,1.17959,0.06693,16.37817,15.39534,34.90256,1.0,2.81139,7.008197576,80.86308942
0,3,64_60,25.2506,53.82907,19.87639,2.26144,5.21686,1.18864,0.06704,2.17846,14.55717,25.72157,1.0,0.98979,6.825968198,80.71200456
0,3,63_61,26.50779,52.43324,20.43446,2.24648,5.21603,1.1798,0.06568,1.36541,14.55806,26.38271,1.0,3.53559,6.86145422,80.69013248
0,0,61_60,23.86837,57.54023,17.08677,2.29759,5.09997,1.22625,0.06288,3.78302,13.43756,24.53725,1.0,3.37291,6.826360626,80.63032247
0,1,60_68,23.95614,57.11268,18.02974,1.49748,5.41318,1.2515,0.06569,0.3728,13.45322,22.94017,,3.98541,7.059388806,80.60959511
0,3,64_71,23.56691,55.82398,19.15741,1.52077,5.48849,1.26355,0.05669,5.69382,14.22002,27.73713,2.0,1.92537,7.142783337,80.72444416
0,0,66_66,25.08284,52.20882,21.36527,2.24753,5.30074,1.16184,0.06755,7.20183,15.84329,30.92571,3.0,0.55523,7.00510934,80.77101311
0,4,65_63,29.08532,47.73343,22.7893,2.2876,5.2673,1.15357,0.06831,1.81625,15.45439,30.11076,2.0,4.36655,6.925850791,80.73929677
0,3,62_63,26.59725,53.24107,20.06244,2.27888,5.13045,1.18833,0.0635,0.28736,15.04422,25.90013,1.0,0.78084,6.922944903,80.64970474
0,4,62_65,24.55708,55.73567,19.17297,2.24475,5.1813,1.18207,0.06613,0.95554,14.5883,24.34047,1.0,2.09252,6.963852922,80.65709907
0,1,63_69,24.90173,53.97401,20.04659,2.12944,5.33067,1.21249,0.06244,4.80972,14.57581,28.45559,2.0,1.98136,7.073126958,80.69656415
0,3,61_68,24.10011,56.65901,18.1471,1.57335,5.3548,1.21718,0.06561,2.16959,14.07381,24.80771,,4.3109,7.058885992,80.63719554
0,3,65_66,25.41059,52.36899,21.46197,2.30742,5.27705,1.16271,0.06621,4.19848,15.65147,28.443,1.0,3.39366,6.993980634,80.74265708
0,0,65_60,26.22944,51.6673,21.26967,2.27916,5.21396,1.16376,0.07049,1.33151,14.56498,26.31256,2.0,1.58469,6.845689769,80.73367447
0,0,67_74,21.30236,61.04059,16.34868,1.0618,5.78616,1.33968,0.05427,6.81816,13.63362,27.01331,2.0,3.09377,7.223475403,80.78891014
0,4,62_65,25.38687,54.28104,19.81686,2.32046,5.23025,1.16811,0.06805,1.3568,15.34732,25.62009,2.0,2.31114,6.969870721,80.66351677
0,4,67_66,24.52839,52.53154,21.41568,2.26584,5.28258,1.15263,0.06913,8.68826,15.84848,31.89363,2.0,1.51499,6.997443678,80.80621409
0,3,64_68,24.9371,53.48006,20.44538,2.1499,5.30926,1.20287,0.06287,5.73035,14.5809,29.34924,2.0,4.12197,7.057275089,80.71980759
0,3,64_59,25.33088,53.50548,20.0349,2.29162,5.19241,1.19005,0.06766,2.90001,13.96261,26.57583,1.0,1.62295,6.815800524,80.72371401
0,2,69_66,20.08206,57.55273,20.07306,2.18461,5.4233,1.17487,0.06771,15.70769,15.39642,34.55177,1.0,3.55395,6.998576226,80.85674808
0,0,63_70,24.25963,55.35853,19.11577,1.50216,5.37909,1.25675,0.06078,4.65188,13.96678,27.51883,4.0,2.97849,7.105543909,80.7003605
0,4,65_72,23.20773,56.32878,18.98099,1.51962,5.49901,1.26358,0.05572,6.27909,14.2228,27.94528,2.0,4.43343,7.153848435,80.74560984
0,2,67_71,21.96456,57.07444,19.26019,1.48932,5.51593,1.27792,0.05702,9.61303,14.33592,29.85373,3.0,5.72347,7.119882523,80.79783963
0,4,63_67,25.11898,53.74479,20.2207,2.23795,5.30013,1.18714,0.06682,3.17643,15.42006,27.03317,1.0,2.41623,7.023612864,80.69843077
0,0,66_59,25.27325,51.89183,21.66361,2.22738,5.25682,1.18574,0.07373,1.99582,14.08619,26.07876,1.0,4.025,6.806996872,80.77170948
0,0,59_68,22.26094,60.24596,16.54911,1.60974,5.30375,1.23282,0.06012,0.98232,12.99351,21.91576,2.0,2.85219,7.044455564,80.58820448
0,0,72_70,15.3528,65.80903,16.90955,1.18258,5.71144,1.32748,0.0589,14.8726,13.76854,29.04301,2.0,9.6576,7.112853171,80.93572699
0,1,60_68,23.95614,57.11268,18.02974,1.49748,5.41318,1.2515,0.06569,0.3728,13.45322,22.94017,,3.71251,7.063686859,80.60937276
0,2,66_60,26.56121,49.1431,23.53955,2.21744,5.25951,1.16469,0.07676,-0.78279,14.68724,24.99669,2.0,3.48275,6.841237734,80.78179555
0,3,60_66,21.08047,61.18322,16.8162,2.28735,5.21583,1.19664,0.06327,1.47635,14.32932,21.23771,2.0,1.77567,6.992371029,80.61409311
0,3,64_60,25.79804,52.56084,20.71558,2.2734,5.21524,1.177,0.06925,1.68986,14.56194,26.07144,1.0,0.93687,6.836053207,80.72593084
0,1,69_69,21.13511,57.07788,19.78923,2.20105,5.45637,1.20725,0.06271,13.64751,16.03979,33.41517,2.0,2.34761,7.072650905,80.8536994
0,4,65_61,27.00591,50.30552,22.01002,2.28187,5.2126,1.15701,0.07164,0.95249,14.56912,26.93021,3.0,1.27143,6.861293526,80.747841
0,1,60_65,18.37939,65.61128,14.96508,2.27169,5.15325,1.22147,0.06388,1.87209,13.422,18.8972,2.0,1.66066,6.974075232,80.59541442
0,2,62_57,22.8318,58.71852,16.80313,2.41773,5.24781,1.25727,0.05956,5.39117,13.75332,25.58074,1.0,4.05816,6.762534061,80.66301369
0,3,67_62,28.36959,47.46501,23.5488,2.17321,5.27637,1.14241,0.07613,1.1776,15.03047,28.9286,1.0,2.79365,6.896491699,80.7947727
0,0,57_60,20.91897,63.78073,13.74148,2.60572,4.99962,1.25922,0.0562,5.45612,12.25016,23.68082,1.0,2.41727,6.841399814,80.51256027
0,3,57_59,20.74676,63.5607,13.95328,2.49175,5.06584,1.2681,0.05759,4.95001,13.0528,22.18932,2.0,1.29983,6.819748881,80.53661423
0,2,72_73,13.43753,69.79969,15.14712,0.98237,5.85842,1.39304,0.05501,13.71135,13.4865,26.04282,2.0,2.32582,7.181179223,80.9405993
0,1,66_74,21.63501,61.144,15.99702,1.06149,5.79592,1.34091,0.0538,6.54038,13.63293,27.16804,2.0,2.61693,7.226400003,80.78175615
0,2,64_62,27.73078,49.83158,21.99047,2.2646,5.21293,1.16072,0.06941,0.92,14.5677,27.67087,2.0,3.3753,6.879947698,80.72590459
0,1,72_66,17.01264,60.78026,19.50923,2.10973,5.45898,1.20516,0.06817,19.26007,15.75774,35.00782,2.0,3.2978,7.008962405,80.92288359
0,2,66_60,26.56121,49.1431,23.53955,2.21744,5.25951,1.16469,0.07676,-0.78279,14.68724,24.99669,2.0,3.67965,6.839335591,80.78163787
0,3,66_63,29.74675,45.71689,24.17025,2.14988,5.28554,1.14571,0.07472,1.10355,15.03181,30.37457,1.0,2.39512,6.928344534,80.78042177
0,3,63_64,29.65449,47.91983,22.45278,2.24229,5.26506,1.16687,0.0658,0.72837,15.7632,29.71723,1.0,0.24177,6.932161843,80.70032707
0,0,61_65,23.75323,57.01651,18.61806,2.23703,5.18546,1.18695,0.06564,0.98096,14.58529,23.50142,1.0,3.77307,6.964927368,80.63929435
0,3,64_65,27.28416,50.66552,21.50527,2.32535,5.30906,1.14552,0.06779,2.04097,15.78513,28.32332,2.0,3.58927,6.960752601,80.71039179
0,0,61_59,22.89945,59.23461,16.13659,2.45078,5.17768,1.23987,0.05893,4.40487,13.68651,23.64975,2.0,0.86102,6.796866378,80.62387479
0,4,62_62,28.7133,49.90223,21.51615,2.22255,5.22411,1.18154,0.06342,0.03818,14.55767,27.85361,1.0,2.9844,6.897471783,80.67058265
0,4,69_68,19.4395,58.98867,19.31613,2.12533,5.49198,1.20155,0.0635,15.70486,15.38957,33.7682,2.0,2.77394,7.052994807,80.86003456
0,0,59_63,19.87396,64.06834,14.84975,2.19769,5.0956,1.24945,0.0608,2.59767,13.40035,20.51797,2.0,2.66633,6.920820842,80.58216875
0,2,62_59,24.38399,55.84861,18.38936,2.35806,5.14164,1.21268,0.06329,3.65611,14.01494,25.61739,2.0,1.57335,6.808392025,80.67123029
0,1,70_71,18.47695,61.86024,18.01438,1.49379,5.61163,1.29325,0.05566,12.30905,14.41426,29.51221,2.0,6.64848,7.129779776,80.86478127
0,1,54_63,19.93834,66.12024,12.52143,2.10214,4.94602,1.2618,0.05505,4.86565,11.59146,23.05908,1.0,2.251,6.911845947,80.44091233
0,3,64_60,26.15976,52.02441,20.98224,2.27319,5.21389,1.16756,0.06945,1.48148,14.56322,26.30541,2.0,1.136,6.841315738,80.7254911
0,2,62_58,23.11811,58.60891,16.6904,2.45732,5.17995,1.24204,0.05968,4.50768,13.68952,24.5823,2.0,3.04609,6.787116462,80.64709551
0,2,71_72,14.41916,68.03527,15.8425,0.98909,5.81198,1.37747,0.05621,13.85597,13.4975,27.06665,3.0,3.95037,7.167129571,80.90599284
0,3,65_58,25.24105,52.28065,21.22919,2.23952,5.32943,1.19597,0.07234,3.00375,14.89463,26.82146,1.0,3.62518,6.79080231,80.75465198
0,3,65_58,24.54761,54.61833,19.4761,2.28236,5.22197,1.20008,0.06675,3.73482,13.9607,26.56594,2.0,3.28126,6.787528819,80.72871376
0,4,69_72,19.34558,61.11978,18.07371,1.49432,5.61557,1.29892,0.05466,10.7614,14.71069,28.88795,2.0,3.94224,7.147713286,80.84706638
0,3,67_58,24.06571,53.34605,21.15637,2.1807,5.36157,1.18872,0.07393,3.39412,14.70286,26.20568,1.0,1.74203,6.785043268,80.79532106
0,1,65_62,28.10341,48.854,22.53543,2.27046,5.27565,1.14872,0.07084,0.97598,15.33487,28.10826,2.0,3.45385,6.87765813,80.73548008
0,3,64_60,25.96309,52.77342,20.419,2.26126,5.21462,1.17537,0.06747,1.70127,14.55962,26.13797,2.0,1.11796,6.837987959,80.71379978
0,4,63_67,25.11898,53.74479,20.2207,2.23795,5.30013,1.18714,0.06682,3.17643,15.42006,27.03317,1.0,2.36136,7.018440126,80.69868361
0,2,61_66,24.18834,56.27498,18.71008,2.28196,5.2594,1.18193,0.06665,2.06644,14.61923,24.8835,2.0,4.77228,6.990278503,80.64159407
0,2,65_69,24.56893,53.77953,20.22975,2.11374,5.34289,1.21738,0.06165,6.56641,14.57912,29.51311,2.0,2.53541,7.086203188,80.73166807
0,3,61_63,23.79791,57.7951,17.71883,2.25323,5.08011,1.22059,0.0637,1.47327,14.1359,23.63777,2.0,1.19895,6.911272307,80.62643732
0,4,62_65,24.22966,55.81346,19.24387,2.26618,5.26442,1.17724,0.06867,1.18344,14.91236,24.11889,1.0,3.79312,6.979827456,80.6530474
0,2,56_62,21.37918,62.80222,14.36429,2.20911,4.94909,1.26231,0.05692,2.86008,11.97097,21.88853,2.0,2.9447,6.880380968,80.50356494
0,2,70_72,16.60061,64.64917,17.14214,1.30443,5.72578,1.33068,0.05562,12.71596,13.86702,28.10155,2.0,6.04791,7.150259768,80.87726585
0,1,67_68,22.08761,55.85072,20.56201,2.12532,5.39912,1.20772,0.06418,9.76292,15.18499,30.60099,1.0,3.99255,7.038292916,80.80271329
0,2,59_61,20.99921,62.41286,15.0604,2.17856,5.12585,1.2533,0.06115,2.97349,14.10524,20.95444,3.0,0.24193,6.859775909,80.5723926
0,4,57_63,18.98237,65.91477,13.71179,2.16991,5.0797,1.2696,0.05977,3.06613,13.3901,20.00666,2.0,1.90922,6.921842511,80.53604707
0,0,56_64,19.72739,64.81467,14.06301,2.07044,5.1049,1.24779,0.05994,2.79466,12.66205,20.67165,2.0,2.34013,6.939353999,80.49067956
0,2,59_61,20.99921,62.41286,15.0604,2.17856,5.12585,1.2533,0.06115,2.97349,14.10524,20.95444,2.0,0.69653,6.859131564,80.56829949
0,3,57_59,20.71071,64.40446,13.17487,2.60069,5.08383,1.28152,0.0545,5.2191,11.94741,22.51201,2.0,2.74073,6.805667383,80.52847205
0,0,60_67,22.96401,58.33702,17.66828,2.22897,5.28931,1.20681,0.06678,1.9339,14.60992,23.46072,3.0,3.38895,7.017311579,80.61366819
0,0,63_70,24.20205,55.55069,18.96078,1.49737,5.39271,1.25988,0.06065,4.41797,13.96637,27.21975,3.0,2.2439,7.113665949,80.70063581
0,4,68_73,17.97347,63.98199,16.74041,1.00988,5.79264,1.37354,0.05409,11.00582,13.24177,27.79823,3.0,0.84527,7.18714871,80.83008978
0,3,64_68,24.64336,53.59086,20.7945,2.18235,5.28189,1.19629,0.06444,5.21743,15.30783,28.79609,2.0,2.64536,7.043234519,80.72570084
0,0,68_70,20.42829,58.63983,19.28799,2.0543,5.50573,1.24059,0.05948,11.04698,15.17933,30.07825,3.0,3.37667,7.100512976,80.82882297
0,2,66_60,26.39025,50.54404,22.23615,2.20423,5.26391,1.16991,0.07386,0.77319,14.68471,26.05848,2.0,1.14516,6.841932755,80.75649695
0,2,66_60,26.04706,50.40537,22.59734,2.24072,5.23266,1.17505,0.07528,0.75142,14.08945,25.78708,1.0,4.08983,6.824280941,80.77849423
0,4,69_72,17.33959,63.45859,17.51792,1.3112,5.70097,1.32213,0.05643,12.44368,13.87238,28.47931,1.0,4.8428,7.145510484,80.85860163
0,2,56_63,20.60088,63.76338,14.26056,2.08452,5.05522,1.25357,0.05768,2.54354,12.63891,21.06329,2.0,1.17839,6.909784172,80.50858722
0,3,71_73,14.56094,68.31605,15.7019,0.98499,5.842,1.38565,0.05445,13.02781,13.4928,26.4611,,2.59229,7.189495005,80.89901622
0,3,60_66,19.85871,63.17258,15.94613,2.26295,5.22405,1.20914,0.0628,1.40236,14.32354,19.93552,,1.64426,7.006419674,80.59375248
0,3,71_69,18.31291,61.28818,18.26514,2.15775,5.5516,1.23371,0.06066,15.58039,15.72744,32.59526,2.0,7.21659,7.088199691,80.89498105
0,0,58_59,21.4658,62.4231,14.05968,2.40352,5.11142,1.26813,0.05694,5.19794,13.02542,22.07499,2.0,4.20474,6.799810225,80.56294413
0,4,62_65,24.20063,56.17354,18.99143,2.2337,5.18917,1.18707,0.0662,1.18004,14.58743,24.17655,1.0,3.26876,6.974260791,80.65309876
0,0,64_70,24.18138,55.24214,19.24007,1.50385,5.37816,1.25555,0.06037,5.20271,13.96856,27.91051,2.0,2.56354,7.105462687,80.71149574
0,0,66_66,24.67615,52.82965,21.47223,2.30275,5.26915,1.16334,0.06679,5.97745,15.65515,29.39382,1.0,1.12515,7.003148365,80.7635436
0,0,61_65,22.01347,59.83001,17.41478,2.32632,5.19324,1.19705,0.06335,1.26468,14.33429,21.94841,3.0,3.65594,6.968094263,80.62423211
0,3,64_61,26.46433,51.8283,20.9741,2.26618,5.21327,1.1703,0.06854,1.39902,14.56262,26.53032,2.0,0.40776,6.851801638,80.71678091
0,2,61_66,22.00472,59.69191,17.39137,2.28502,5.21945,1.19553,0.06388,1.5792,14.33144,22.27353,2.0,3.13545,7.000218583,80.62439743
0,4,62_62,26.34684,53.22498,19.95235,2.22316,5.2248,1.19039,0.06297,1.11186,14.55363,25.93567,2.0,1.70211,6.877090263,80.66512409
0,1,66_65,27.2113,49.36278,22.53472,2.22925,5.3159,1.13526,0.07251,3.82686,15.60966,30.10894,2.0,0.70457,6.956163322,80.77838303
0,2,62_66,25.09241,54.69744,19.35935,2.28487,5.25364,1.18063,0.06683,2.54224,14.62257,26.27535,1.0,5.67863,7.000206968,80.65920402
0,4,62_65,24.55708,55.73567,19.17297,2.24475,5.1813,1.18207,0.06613,0.95554,14.5883,24.34047,1.0,2.72365,6.964962954,80.6504205
0,2,64_57,23.40467,56.48909,18.60596,2.29039,5.2568,1.22651,0.06376,4.13298,14.31067,25.6596,1.0,2.56052,6.76522563,80.71783631
0,3,67_62,28.18457,47.81001,23.4094,2.17963,5.27333,1.14269,0.07597,0.80183,15.02867,28.31381,1.0,2.39968,6.888358609,80.78521166
0,2,68_71,20.98376,58.97023,18.54925,1.51274,5.55312,1.2805,0.056,9.81549,14.85984,29.48142,2.0,5.47944,7.130029557,80.82969335
0,1,57_58,20.35046,65.21468,12.80339,2.6389,4.99147,1.27394,0.0508,5.65709,11.6551,23.00363,1.0,4.66174,6.792138532,80.51342548
0,1,55_63,20.55093,64.33626,13.64737,2.09221,4.97846,1.29121,0.05576,4.21155,11.99345,22.85966,1.0,2.7401,6.912075752,80.46800143
0,4,65_61,26.59563,51.14173,21.51556,2.27811,5.21291,1.16275,0.0706,1.18072,14.56621,26.604,2.0,1.51786,6.847778504,80.73644731
0,0,68_60,25.51218,50.55276,22.7415,2.23541,5.22973,1.17038,0.07768,1.52517,14.09388,26.1974,3.0,4.12642,6.84023653,80.81968771
0,0,60_67,23.30285,57.85428,17.79266,2.21879,5.29302,1.21002,0.06694,1.93991,14.60911,23.80422,2.0,3.88839,7.032790975,80.61429412
0,4,59_65,18.37939,65.61128,14.96508,2.27169,5.15325,1.22147,0.06388,1.87209,13.422,18.8972,1.0,1.44832,6.977109739,80.59249275
0,4,62_62,25.63654,54.3523,19.40971,2.21699,5.2284,1.1956,0.0622,1.32691,14.55134,25.27768,2.0,0.42638,6.883775173,80.65078513
0,3,64_61,26.68887,51.97011,20.73022,2.25249,5.21458,1.17565,0.06661,1.3081,14.56,26.60463,2.0,2.04568,6.857331621,80.70300598
0,4,66_70,23.52437,53.72973,20.73549,2.10655,5.34821,1.22718,0.06106,9.99856,15.30763,31.24725,2.0,2.5686,7.108142678,80.77177796
0,0,61_62,24.9052,55.50318,18.86044,2.21088,5.23206,1.20087,0.06146,1.54397,14.54904,24.59989,3.0,1.04952,6.877878126,80.64074367
0,3,64_59,25.64635,53.01444,20.30092,2.29486,5.18335,1.18482,0.06807,2.62667,13.96366,26.69042,1.0,1.21482,6.819158174,80.7182258
0,3,60_60,23.03461,59.19635,16.06433,2.2812,5.09337,1.24011,0.06153,3.95336,13.43,23.29928,2.0,3.35295,6.829052875,80.6027651
0,0,61_62,24.32187,56.52981,18.46206,2.21504,5.20418,1.21149,0.06318,1.10714,14.76965,23.7509,2.0,2.69815,6.899856339,80.63377815
0,1,67_67,23.85615,53.50291,21.11535,2.2332,5.30691,1.1706,0.06613,9.04595,15.67885,31.70338,4.0,2.65485,7.025773982,80.7973142
0,0,66_61,27.00354,49.21248,23.05106,2.20764,5.25805,1.15154,0.07553,0.38947,14.68888,26.53569,2.0,2.24808,6.865241846,80.77593259
0,0,72_70,15.33513,66.00468,16.7232,1.30184,5.68103,1.33085,0.05861,14.76188,13.7502,28.93313,2.0,10.20536,7.108126043,80.9387404
0,4,63_67,25.35372,53.72046,19.87806,2.21582,5.31664,1.19499,0.0658,3.59661,14.69417,27.48681,1.0,3.07611,7.028572227,80.69351174
0,0,63_66,25.62717,53.79531,19.81824,2.28875,5.27736,1.1808,0.06547,2.40272,14.80912,26.71626,3.0,4.40272,6.98946691,80.67525416
0,1,67_68,22.08761,55.85072,20.56201,2.12532,5.39912,1.20772,0.06418,9.76292,15.18499,30.60099,2.0,3.67633,7.043830429,80.79947549
0,4,65_61,27.74208,49.09582,22.54466,2.27927,5.27246,1.14696,0.07191,0.96483,15.33486,27.71517,2.0,2.56177,6.873164942,80.75028363
0,1,60_65,20.93502,61.49475,16.74511,2.31763,5.19747,1.18493,0.06285,1.30816,14.33141,20.87691,2.0,3.30881,6.965975969,80.61780622
0,3,67_58,23.72821,53.98181,20.77633,2.17067,5.37771,1.19566,0.07299,3.97408,14.70143,26.3861,1.0,1.31661,6.777319066,80.79060526
0,4,66_67,24.53339,53.15903,21.25618,2.28646,5.28581,1.17092,0.06581,5.88564,15.65266,29.09348,1.0,2.1576,7.010092078,80.75630885
0,2,56_59,21.02293,63.61519,13.655,2.63277,4.98654,1.27632,0.05019,5.93682,11.65314,24.10076,1.0,4.8753,6.793260251,80.49892555
0,4,70_70,18.53765,61.41718,18.35241,2.06088,5.57031,1.25448,0.05867,12.31937,15.3953,29.61149,2.0,6.90856,7.115786363,80.87255096
0,0,64_70,24.25963,55.35853,19.11577,1.50216,5.37909,1.25675,0.06078,4.65188,13.96678,27.51883,2.0,2.96848,7.104957998,80.70154048
0,1,60_63,21.74807,60.91861,16.4288,2.22951,5.08994,1.23351,0.06297,1.83388,14.12899,21.87639,2.0,1.1709,6.919409877,80.60552397
0,3,57_59,20.49533,64.84497,13.00078,2.64187,4.99548,1.27237,0.05176,5.36086,11.65699,22.67229,1.0,3.03624,6.805676813,80.5191949
0,2,56_59,20.7405,64.09052,13.52527,2.42853,4.968,1.26428,0.0516,5.74798,11.99724,23.83666,2.0,4.65324,6.817999195,80.49112237
0,2,59_61,21.48376,61.6561,15.29971,2.20224,5.05684,1.25277,0.062,3.53063,13.29881,21.7326,3.0,0.76847,6.854982653,80.57860144
0,0,64_72,23.41561,56.23968,18.90466,1.51667,5.50731,1.26591,0.05634,5.20079,14.21989,27.1377,2.0,2.74351,7.151023528,80.72484817
0,3,63_61,27.05643,51.68513,20.79351,2.24422,5.21613,1.1775,0.06562,1.07989,14.55909,26.80212,2.0,4.10754,6.873259696,80.6865505
0,2,54_65,20.2801,64.4423,13.84384,2.02353,5.08521,1.26561,0.05986,3.36825,12.65482,22.01293,3.0,2.46385,6.967716771,80.45139599
0,2,56_60,21.39132,63.68542,13.36612,2.42638,4.97127,1.26159,0.05294,4.97327,11.99872,23.62189,3.0,3.3663,6.829178317,80.50095286
0,1,69_69,19.78634,59.0644,19.40492,2.07994,5.47902,1.22874,0.06111,12.67945,15.18376,31.17307,2.0,2.21401,7.073741792,80.85206147
0,1,68_67,23.19649,54.10439,21.00541,2.23635,5.30176,1.16785,0.06665,10.57071,15.68193,32.54519,2.0,3.00701,7.019938513,80.81386052
0,2,57_61,20.73747,63.70574,13.9863,2.20085,5.04368,1.25979,0.05874,3.63179,13.39225,21.65265,2.0,0.58562,6.869470228,80.53507869
0,0,64_70,24.05241,54.78998,19.74372,1.53279,5.44039,1.25655,0.05779,6.3104,14.21914,28.81163,2.0,1.11935,7.118335422,80.71511995
0,2,54_65,20.2801,64.4423,13.84384,2.02353,5.08521,1.26561,0.05986,3.36825,12.65482,22.01293,2.0,2.42295,6.967772283,80.45180383
0,2,69_66,20.51442,57.0258,20.33314,2.07272,5.45254,1.16795,0.06908,13.76578,15.20992,33.13895,1.0,4.60305,6.983036571,80.86043585
0,1,63_59,24.96685,54.62908,19.19956,2.27648,5.19088,1.20125,0.06505,3.22549,13.95709,26.16123,2.0,3.18899,6.816305371,80.69460791
0,3,64_59,25.11099,54.23114,19.48551,2.28151,5.19113,1.19748,0.06588,3.1275,13.95895,26.34426,2.0,2.88111,6.811156624,80.70199783
0,3,61_63,23.42108,58.14822,17.75846,2.193,5.13379,1.22154,0.06242,1.05448,14.11801,22.88502,1.0,0.38622,6.921840699,80.62297026
0,3,61_68,24.19933,56.48424,18.23062,2.20399,5.29898,1.21621,0.06709,2.09128,14.6094,24.85036,2.0,5.81558,7.048290143,80.62508542
0,0,58_59,21.19671,62.85843,14.01442,2.47132,5.1121,1.26712,0.05565,5.35799,11.79105,22.43731,2.0,4.51468,6.794079918,80.55027712
0,3,64_66,26.41563,51.70311,21.26188,2.29665,5.25132,1.15404,0.06871,2.63694,15.42755,27.99755,2.0,3.58277,6.987994934,80.71495504
0,0,61_59,23.0855,58.7899,16.50004,2.4541,5.17651,1.23615,0.05951,4.34187,13.68846,24.10776,2.0,1.52888,6.793035224,80.63327437
0,3,63_64,28.60106,49.38439,21.93054,2.33918,5.30338,1.14495,0.06727,0.65534,15.78344,28.4562,,2.00327,6.947040809,80.68788603
0,4,69_72,19.78981,60.48601,18.35297,1.44869,5.64329,1.29312,0.05474,9.96575,15.04472,28.54408,2.0,2.98839,7.153840821,80.83932833
0,2,59_62,21.12618,62.32982,15.28474,2.22938,5.06985,1.24622,0.06159,2.51917,14.12188,21.29437,2.0,0.79814,6.886719866,80.57736414
0,3,64_66,26.03965,52.19153,21.04392,2.28363,5.26076,1.16947,0.06838,2.99235,15.42655,27.9136,1.0,3.45342,6.988810114,80.71841957
0,0,60_67,21.02215,61.35253,16.6271,2.26074,5.22763,1.20778,0.06348,1.43881,14.32569,21.1389,2.0,3.00367,7.013338973,80.61005852
0,0,66_59,25.65883,51.14043,22.14063,2.23462,5.24454,1.1822,0.07457,1.34548,14.08788,25.90337,1.0,4.11549,6.815243792,80.77308025
0,3,57_59,20.49533,64.84497,13.00078,2.64187,4.99548,1.27237,0.05176,5.36086,11.65699,22.67229,2.0,3.46495,6.800448858,80.52179776
0,3,68_61,25.54139,50.81371,22.44775,2.19329,5.27073,1.17104,0.07701,2.30767,14.69168,26.97829,1.0,2.15476,6.867131352,80.81855844
0,2,61_58,22.96382,58.86767,16.55196,2.45685,5.18434,1.25884,0.05918,4.74504,13.68859,24.69438,1.0,3.43299,6.773182613,80.64564343
0,2,69_73,17.45835,64.55608,16.77597,1.24173,5.79406,1.34658,0.05263,11.49203,13.51672,27.82726,,2.18721,7.190289404,80.84766871
0,3,64_61,27.31763,50.64157,21.52935,2.26203,5.2128,1.16577,0.06851,1.04269,14.56485,27.23437,2.0,1.98304,6.867734044,80.72266551
0,2,70_67,18.94257,58.68364,19.83526,2.15972,5.44997,1.18484,0.06626,18.64302,15.39502,36.24318,1.0,3.06829,7.017094134,80.87458538
0,3,57_59,20.54445,64.80499,12.97643,2.64519,4.99617,1.27969,0.05144,5.52254,11.65709,22.86377,3.0,3.91757,6.796864905,80.51961524
0,2,65_69,24.11242,53.7841,20.70942,2.14851,5.30724,1.21028,0.06327,7.11986,15.30759,29.71806,2.0,3.40645,7.069198819,80.74951334
0,4,67_73,21.72487,59.44564,17.40407,1.34666,5.69788,1.3098,0.05435,6.86555,13.88259,27.29808,2.0,5.08787,7.193111356,80.78700372
0,0,61_61,24.69545,55.80742,18.64583,2.21394,5.2299,1.20219,0.06156,1.75746,14.54837,24.42297,4.0,1.12418,6.871758087,80.64404478
0,2,62_59,23.64673,57.5992,17.35358,2.46112,5.1693,1.21326,0.06118,3.96179,13.69327,24.8561,1.0,0.75572,6.80637098,80.65633138
0,0,55_65,20.0331,64.55154,14.00893,2.0341,5.10364,1.26154,0.06026,3.03167,12.65746,21.40395,2.0,1.21317,6.96942554,80.47292433
0,0,56_64,19.88995,64.70162,14.00116,2.06447,5.0959,1.25009,0.05971,2.93933,12.66064,20.99331,1.0,1.91769,6.934389807,80.48571054
0,4,67_66,24.87963,52.20982,21.4818,2.26463,5.28515,1.15359,0.06885,7.97157,15.84702,31.54203,1.0,1.17736,6.991485664,80.79248299
0,1,57_62,20.17237,64.45999,13.87486,2.18674,5.05445,1.26084,0.05904,3.44179,13.39053,21.18793,2.0,1.65629,6.893072259,80.52681262
0,2,62_66,25.62717,53.79531,19.81824,2.28875,5.27736,1.1808,0.06547,2.40272,14.80912,26.71626,4.0,4.66805,6.99220829,80.67069296
0,2,57_61,21.56922,62.26855,14.63154,2.22183,4.95396,1.25039,0.05701,4.15634,11.97342,23.19842,1.0,1.45271,6.868176855,80.51476985
0,4,58_61,21.07797,62.74205,14.71538,2.22912,5.05324,1.25402,0.06071,2.97094,14.11771,21.28484,2.0,1.74418,6.872360097,80.55439556
0,3,66_58,24.94646,52.79922,20.92377,2.23181,5.34405,1.20195,0.07163,3.45144,14.89359,26.91705,1.0,2.56753,6.782629681,80.76050899
0,1,67_67,24.39439,52.93116,21.29801,2.24445,5.30008,1.16626,0.06651,8.00359,15.67835,31.29514,2.0,1.76199,7.014769749,80.78364694
0,3,71_73,14.37048,68.27178,15.73669,0.98732,5.8246,1.38114,0.05561,13.60432,13.4952,26.79655,3.0,3.08927,7.176550837,80.90479564
0,0,70_73,14.97538,67.43537,16.00085,0.98913,5.81313,1.37613,0.05564,13.22383,13.49924,26.98649,,4.48004,7.174399375,80.88856031
0,3,60_66,21.02215,61.35253,16.6271,2.26074,5.22763,1.20778,0.06348,1.43881,14.32569,21.1389,3.0,2.35422,7.007944417,80.60772359
0,4,68_73,17.97347,63.98199,16.74041,1.00988,5.79264,1.37354,0.05409,11.00582,13.24177,27.79823,,1.21709,7.190422028,80.82923531
0,0,65_60,26.28859,51.30491,21.57262,2.28512,5.21432,1.16587,0.07155,1.13772,14.56672,26.26334,3.0,1.12494,6.840032171,80.74796555
0,4,63_67,25.01489,54.06325,20.04028,2.23435,5.30532,1.18989,0.06653,2.8689,15.41825,26.63585,2.0,3.73772,7.022385058,80.68625276
0,1,56_66,18.99537,66.06401,13.72324,2.15438,5.137,1.28511,0.0632,1.98106,12.78955,19.43513,3.0,2.73661,6.988200746,80.50321826
0,3,57_64,18.2603,67.08215,13.31972,2.256,5.09105,1.27851,0.06226,2.63761,13.40536,19.02807,2.0,1.514,6.937571634,80.5257477
0,2,59_61,21.33386,61.81475,15.36473,2.18463,5.12948,1.25195,0.06155,2.85583,14.10776,21.17335,,0.81582,6.864567997,80.58063097
0,2,56_59,21.04246,63.80059,13.56089,2.43108,4.97254,1.2619,0.05255,5.86524,11.99888,24.1802,2.0,3.78429,6.818852907,80.49911657
0,4,69_71,19.34558,61.11978,18.07371,1.49432,5.61557,1.29892,0.05466,10.7614,14.71069,28.88795,2.0,4.49182,7.145316763,80.8529013
0,3,65_58,24.96862,52.93966,20.76264,2.22903,5.34311,1.19422,0.07097,3.54845,14.8925,26.9516,2.0,4.30645,6.786338565,80.74463495
0,2,69_70,20.28859,58.84006,19.20545,2.08358,5.5146,1.24128,0.05969,11.22105,15.70223,30.21093,2.0,4.96034,7.107255706,80.85500966
0,4,69_72,19.78981,60.48601,18.35297,1.44869,5.64329,1.29312,0.05474,9.96575,15.04472,28.54408,1.0,3.26121,7.154192587,80.84608495
0,0,61_65,22.6517,58.69883,17.87173,2.31367,5.2034,1.18257,0.06396,1.48346,14.33552,22.85175,1.0,4.26086,6.981670744,80.63632721
0,3,71_69,18.24514,60.73822,18.68918,2.18071,5.51539,1.22083,0.06256,17.20444,15.73281,34.12456,1.0,7.05184,7.070064154,80.89966246
0,3,65_59,25.47446,52.84196,20.57912,2.30171,5.1948,1.18278,0.06955,2.59293,13.96617,26.6182,2.0,2.70402,6.810515509,80.73478229
0,1,55_63,20.54411,64.21862,13.77752,2.09848,4.98512,1.28927,0.05609,4.08262,11.9947,22.6809,1.0,2.2025,6.909069445,80.47432369
0,1,68_59,24.55306,51.98131,22.08091,2.19569,5.32938,1.17359,0.07704,2.41336,14.70756,25.96399,1.0,2.05489,6.81331582,80.82215315
0,1,65_62,27.74208,49.09582,22.54466,2.27927,5.27246,1.14696,0.07191,0.96483,15.33486,27.71517,2.0,2.68533,6.87424266,80.75141752
0,0,61_57,22.81341,59.12094,16.42434,2.45615,5.18857,1.26367,0.05862,4.98502,13.68763,24.83869,1.0,3.61151,6.76468333,80.64001257
0,3,64_65,27.31113,50.44638,21.63654,2.32966,5.3033,1.14281,0.0684,2.31184,15.78677,28.61454,1.0,4.76263,6.96780922,80.72357835
0,4,57_63,19.45738,65.4211,13.68519,2.17174,5.06651,1.2714,0.05938,3.26349,13.38873,20.5549,3.0,0.41633,6.909216799,80.52927703
0,2,58_62,20.47204,63.75516,14.32947,2.19999,5.06522,1.2588,0.05961,3.22503,13.39535,21.22768,3.0,2.22227,6.886002404,80.54518441
0,4,61_67,24.01341,56.60726,18.34331,2.23091,5.28613,1.20542,0.06675,2.28364,14.61315,24.86103,4.0,6.12654,7.027552803,80.63804481
0,0,61_59,23.27523,58.34506,16.84268,2.4575,5.17538,1.23239,0.06013,4.2737,13.6904,24.51006,2.0,2.09214,6.797690505,80.64672782
0,2,69_66,22.12114,55.23886,20.72195,2.13551,5.38152,1.16627,0.06891,12.25272,15.38197,33.25744,1.0,3.6599,6.991603168,80.84509494
0,1,63_69,24.39865,55.21444,19.24539,1.51038,5.35533,1.25136,0.06129,4.46045,13.96586,27.58138,2.0,1.75291,7.088495557,80.69339707
0,3,66_63,29.99749,45.90256,23.75689,2.22556,5.24616,1.13981,0.0714,1.25977,14.85285,30.667,1.0,3.60776,6.918851316,80.77028774
0,3,65_59,25.20406,53.07111,20.5419,2.30162,5.20666,1.18444,0.06989,2.75501,13.96659,26.5404,3.0,4.43927,6.804616342,80.75111646
0,3,54_64,20.27246,64.61993,13.6622,2.02614,5.0702,1.26481,0.05926,3.54971,12.654,22.17145,1.0,3.81738,6.951919943,80.44990453
0,1,67_67,23.00489,54.3779,20.87988,2.22383,5.3117,1.17333,0.06594,10.83006,15.68088,32.54914,2.0,3.93021,7.034056557,80.80888779
0,1,60_63,22.13587,60.41122,16.52307,2.23713,5.08355,1.23237,0.06287,1.88627,14.12955,22.18387,3.0,2.23784,6.910026974,80.60167369
0,3,60_66,21.08047,61.18322,16.8162,2.28735,5.21583,1.19664,0.06327,1.47635,14.32932,21.23771,3.0,2.08146,6.997638664,80.6150536
0,0,72_70,15.33513,66.00468,16.7232,1.30184,5.68103,1.33085,0.05861,14.76188,13.7502,28.93313,4.0,10.37829,7.106500767,80.93813499
0,0,62_61,25.30185,54.81839,19.13804,2.21994,5.22669,1.19716,0.0623,1.57822,14.55058,25.01215,2.0,1.43668,6.867097315,80.64847689
0,1,70_71,18.13021,62.33661,17.87991,1.49242,5.61707,1.29544,0.05563,12.61465,14.41271,29.50483,3.0,7.1736,7.125084081,80.8662913
0,4,62_62,26.9768,52.19738,20.45703,2.22933,5.22148,1.18533,0.06376,0.92472,14.55587,26.52922,1.0,1.96738,6.87921987,80.66778505
0,2,61_58,22.89945,59.23461,16.13659,2.45078,5.17768,1.23987,0.05893,4.40487,13.68651,23.64975,2.0,0.91668,6.790734704,80.62800074
0,2,63_58,24.12218,55.82872,18.57096,2.26577,5.22485,1.23826,0.06379,4.26152,13.95476,26.2943,1.0,0.45914,6.776034696,80.69876795
0,4,66_62,29.33823,46.78018,23.44391,2.23848,5.24347,1.139,0.07217,1.0958,14.85174,29.75195,1.0,4.83053,6.898225021,80.76296432
0,2,62_59,23.98984,57.22065,17.28864,2.30266,5.10453,1.22599,0.0632,3.88165,13.4397,24.8875,2.0,1.23718,6.818193175,80.6478395
0,2,62_59,24.01181,56.57575,17.90525,2.25676,5.20582,1.22016,0.06206,3.97542,13.94993,25.3231,2.0,1.90546,6.796247431,80.66160251
0,2,64_58,23.40467,56.48909,18.60596,2.29039,5.2568,1.22651,0.06376,4.13298,14.31067,25.6596,1.0,2.12289,6.771673773,80.71730491
0,4,58_64,18.30019,66.69504,13.65711,2.1678,5.0931,1.26796,0.06013,2.86697,13.39147,19.26811,2.0,3.57496,6.93131788,80.5481265
0,3,71_73,14.61859,68.08608,15.78157,0.98659,5.83057,1.38214,0.05503,13.21053,13.495,26.66755,,3.38274,7.181997316,80.89523621
0,1,68_68,20.81198,57.46539,19.71756,2.138,5.46911,1.19592,0.06395,12.90821,15.38853,32.35997,2.0,2.45883,7.041310588,80.830838
0,2,62_58,23.28582,58.20172,16.9982,2.46057,5.17919,1.22742,0.06031,4.44456,13.69142,24.91744,2.0,3.13807,6.785660972,80.65034921
0,3,60_60,23.37431,58.49665,16.63932,2.28562,5.0909,1.23391,0.06205,3.68164,13.43268,23.88376,1.0,3.52176,6.841842241,80.61511112
0,4,62_64,26.69607,52.9025,20.2699,2.30916,5.14092,1.15482,0.06569,0.56673,15.02288,26.34221,1.0,0.53609,6.946765835,80.66638586
0,1,63_63,31.55657,46.13897,22.98762,2.33536,5.18526,1.16442,0.06163,-0.58812,15.30352,30.67209,1.0,1.98337,6.927807571,80.68218588
0,4,73_70,15.11939,66.20889,16.74877,1.18119,5.71919,1.33078,0.05877,14.79393,13.76648,28.75246,2.0,9.261,7.116335418,80.94626202
0,3,60_58,22.61769,59.84382,15.66919,2.44801,5.18255,1.24639,0.05795,4.67273,13.68386,23.30629,2.0,0.14622,6.790352169,80.61839912
0,3,66_58,24.08183,54.11242,20.38495,2.27236,5.36892,1.21885,0.07083,3.67908,15.08734,26.22221,1.0,2.74427,6.780583197,80.75754396
0,1,58_58,21.1936,62.86795,14.0189,2.47297,5.11488,1.28,0.05532,5.51607,11.79105,22.67912,3.0,4.76876,6.790203812,80.54732326
0,0,62_60,24.5527,55.75156,18.54435,2.23305,5.22136,1.21,0.06304,2.41594,14.54917,24.63333,2.0,2.7118,6.836553268,80.6647828
0,4,67_60,26.63665,48.31851,24.28625,2.25098,5.21606,1.16328,0.07816,-1.32701,14.0942,24.70304,2.0,3.23366,6.841074796,80.8029769
0,1,68_64,25.97817,50.50678,22.25715,2.24201,5.31053,1.13111,0.07459,5.48775,15.61433,30.49008,1.0,2.12416,6.948458508,80.8179316
0,2,63_65,26.71678,51.69568,21.16384,2.30015,5.25342,1.15945,0.06808,1.75542,15.42489,27.48352,2.0,4.16816,6.974147156,80.69896576
0,3,60_66,19.88191,63.05956,16.10695,2.2892,5.21318,1.19816,0.06262,1.42772,14.32714,19.97439,3.0,1.16672,6.982795416,80.60711821
0,0,63_60,24.76595,55.11141,18.98267,2.24463,5.21881,1.19415,0.06444,2.46495,14.55185,25.12148,3.0,3.2042,6.823414944,80.68485193
0,0,67_74,20.51575,61.15055,16.93338,1.06134,5.76464,1.33884,0.05493,8.12481,13.63465,27.38669,1.0,5.03506,7.201538196,80.79110019
0,4,66_67,24.15436,53.35084,21.32482,2.29151,5.27428,1.16772,0.06648,6.94729,15.65571,29.76159,3.0,1.22629,7.011193999,80.77897687
0,4,66_67,23.87727,53.8243,21.0211,2.26197,5.30189,1.1835,0.06489,7.13146,15.6522,29.51872,1.0,3.30827,7.028446305,80.76179926
0,2,58_62,20.7097,63.27957,14.60339,2.20709,5.06929,1.2549,0.05992,3.1103,13.39787,21.34613,3.0,1.7605,6.886751836,80.56116569
0,0,61_65,22.77696,58.56517,17.93825,2.32432,5.19625,1.19652,0.06387,1.36275,14.33631,22.85985,1.0,3.9552,6.975180958,80.63153247
0,0,63_62,27.21361,51.25242,21.0703,2.25021,5.21459,1.17339,0.06655,1.0531,14.56107,27.01516,2.0,3.40402,6.874462336,80.70130234
0,4,64_63,29.20984,47.84135,22.81355,2.24629,5.28791,1.15277,0.0684,0.73247,15.33566,29.17385,1.0,2.63556,6.913036014,80.71675307
0,2,71_72,14.66914,67.85294,15.87454,0.98825,5.81855,1.3786,0.05562,13.43348,13.49723,26.90752,,4.37775,7.169778623,80.89439592
0,2,59_62,21.58337,61.54567,15.67729,2.23646,5.07149,1.24145,0.06196,2.37843,14.12471,21.65473,2.0,1.4449,6.888090174,80.59026694
0,3,68_63,26.66375,49.61793,22.71053,2.15365,5.28892,1.14583,0.07615,3.40334,15.03382,29.29034,2.0,1.02306,6.922362728,80.81449141
0,0,66_61,27.92042,48.58974,22.8173,2.25362,5.24494,1.14107,0.07322,1.09135,14.8496,28.12983,1.0,3.1364,6.873852338,80.76535587
0,3,64_65,26.81122,51.08382,21.37749,2.3173,5.31273,1.14842,0.06797,2.72003,15.78597,28.45301,2.0,5.00399,6.972425819,80.71575336
0,4,66_67,24.15436,53.35084,21.32482,2.29151,5.27428,1.16772,0.06648,6.94729,15.65571,29.76159,2.0,1.49773,7.014656624,80.77262758
0,2,70_67,18.94257,58.68364,19.83526,2.15972,5.44997,1.18484,0.06626,18.64302,15.39502,36.24318,1.0,2.69237,7.022744037,80.87326255
0,2,65_69,24.11242,53.7841,20.70942,2.14851,5.30724,1.21028,0.06327,7.11986,15.30759,29.71806,2.0,3.29467,7.070206838,80.75023603
0,1,68_67,21.1712,56.8385,20.02554,2.16311,5.44154,1.18443,0.06559,12.66331,15.39127,32.56833,3.0,2.25654,7.021382593,80.83148554
0,1,56_66,19.2528,65.66554,13.87663,2.14636,5.14136,1.28765,0.06363,1.91497,12.78936,19.6661,1.0,2.61154,6.989217322,80.50626179
0,2,62_59,24.08393,56.46159,18.11393,2.35443,5.13752,1.20618,0.0629,2.88001,14.01378,24.4121,2.0,0.34714,6.815335213,80.65993335
0,1,71_71,16.22029,64.57332,17.36729,1.31676,5.68847,1.32135,0.05756,14.13411,13.8706,29.11654,2.0,8.22853,7.128752347,80.89850726
0,0,67_59,24.8641,51.77712,22.14422,2.20107,5.32878,1.18347,0.07583,1.87178,14.70578,25.65837,1.0,1.4622,6.809297449,80.79696581
0,2,71_72,14.41916,68.03527,15.8425,0.98909,5.81198,1.37747,0.05621,13.85597,13.4975,27.06665,2.0,4.52042,7.161195942,80.90712718
0,0,68_60,25.94165,49.54301,23.53042,2.2429,5.23252,1.16899,0.07783,-0.17476,14.09295,25.04312,1.0,3.63991,6.834310545,80.81140053
0,1,68_59,24.10632,52.97787,21.45097,2.18364,5.35526,1.18363,0.07537,3.18391,14.70472,26.15077,2.0,1.23394,6.796538686,80.81767152
0,3,64_65,26.75268,51.33839,21.23345,2.31323,5.31859,1.15111,0.0674,2.43938,15.78432,28.11731,3.0,4.68851,6.978520849,80.71120902
0,3,54_64,20.27246,64.61993,13.6622,2.02614,5.0702,1.26481,0.05926,3.54971,12.654,22.17145,1.0,4.39039,6.950844073,80.44303029
0,0,60_64,21.82103,60.51346,16.85585,2.22491,5.1219,1.19238,0.06603,1.34248,13.67719,21.61855,1.0,1.4121,6.941382742,80.61078267
0,0,65_60,26.15976,52.02441,20.98224,2.27319,5.21389,1.16756,0.06945,1.48148,14.56322,26.30541,2.0,1.31275,6.845180519,80.73085499
0,0,61_59,23.50613,58.27303,16.52021,2.29224,5.10288,1.23427,0.06222,4.07039,13.43476,24.00626,2.0,2.87249,6.815952765,80.62368286
0,2,54_65,20.2801,64.4423,13.84384,2.02353,5.08521,1.26561,0.05986,3.36825,12.65482,22.01293,2.0,2.40831,6.964825801,80.45436554
0,1,66_65,27.45078,49.36946,22.43042,2.22471,5.3207,1.13993,0.07148,3.11695,15.60707,29.63404,1.0,1.69315,6.955836648,80.75583457
0,2,61_70,24.63181,55.22204,19.10671,1.48404,5.39303,1.25351,0.06534,2.47159,14.2188,26.09335,1.0,1.10855,7.095551637,80.64100661
0,4,65_63,28.69579,48.06644,22.86482,2.26146,5.27853,1.14707,0.07035,0.97386,15.33706,28.83597,2.0,5.54165,6.902308702,80.74179731
0,0,70_73,15.19801,67.49242,15.93791,0.98697,5.83181,1.38038,0.05442,12.52668,13.49703,26.57457,3.0,4.76952,7.188191934,80.87846317
0,1,66_74,22.4195,59.95578,16.14925,1.09581,5.72112,1.33774,0.05414,6.53074,13.38624,27.77944,,3.61727,7.218415317,80.77147761
0,2,63_58,24.23985,55.77833,18.54133,2.26618,5.21526,1.21449,0.06367,4.03657,13.9542,26.08205,1.0,1.67893,6.787321141,80.68669342
0,2,65_67,24.53339,53.15903,21.25618,2.28646,5.28581,1.17092,0.06581,5.88564,15.65266,29.09348,1.0,2.48734,7.011322659,80.75358174
0,0,61_62,23.9239,57.46097,17.50499,2.26296,5.17809,1.22143,0.06203,2.44639,14.24572,24.02283,3.0,0.98343,6.875056728,80.6226799
0,4,65_73,22.93425,57.21753,18.41122,1.51177,5.53771,1.26803,0.05487,5.20963,14.22252,26.72076,1.0,6.28865,7.173070972,80.74984821
0,3,67_58,24.06571,53.34605,21.15637,2.1807,5.36157,1.18872,0.07393,3.39412,14.70286,26.20568,1.0,1.62124,6.782920693,80.7930684
0,4,68_73,17.97347,63.98199,16.74041,1.00988,5.79264,1.37354,0.05409,11.00582,13.24177,27.79823,3.0,0.9942,7.187881381,80.8276151
0,0,67_75,22.07332,61.21569,15.57588,1.06116,5.80423,1.34218,0.05338,6.31417,13.63218,27.49205,3.0,1.82808,7.23430719,80.78520586
0,3,64_60,25.64635,53.01444,20.30092,2.29486,5.18335,1.18482,0.06807,2.62667,13.96366,26.69042,1.0,0.20886,6.828208393,80.72059828
0,1,58_60,20.90426,63.22278,14.16704,2.40944,5.0744,1.26732,0.05895,4.35341,13.24941,21.73771,2.0,1.9909,6.831996488,80.54986861
0,0,65_60,25.93927,51.82728,21.31912,2.2852,5.216,1.16944,0.07133,1.31381,14.56539,26.02233,1.0,1.58724,6.835770673,80.7518871
0,2,63_58,24.12112,56.1162,18.2863,2.26202,5.21426,1.21773,0.06296,4.10012,13.95252,25.87754,2.0,2.52331,6.785465645,80.67783649
0,0,61_65,23.15258,58.05869,18.15895,2.23984,5.18243,1.18731,0.0651,0.8725,14.58312,22.72733,2.0,3.14068,6.955816802,80.63815278
0,3,64_60,25.2506,53.82907,19.87639,2.26144,5.21686,1.18864,0.06704,2.17846,14.55717,25.72157,1.0,1.24079,6.826984691,80.70918658
0,0,58_59,20.83965,63.46163,13.9069,2.36592,5.09381,1.26932,0.05749,5.08241,11.893,22.26939,2.0,1.886,6.814811743,80.5385782
0,4,62_65,26.39335,52.78386,20.47168,2.33812,5.21698,1.1587,0.06841,1.11978,15.35042,26.48638,2.0,1.48571,6.963391272,80.67109061
0,0,61_62,24.18718,56.63303,18.32316,2.20487,5.23562,1.2061,0.06074,1.74896,14.54674,23.92997,2.0,1.01261,6.877716975,80.63493267
0,2,61_66,21.88041,59.90199,17.34353,2.29519,5.2132,1.19172,0.06368,1.52317,14.33206,22.09661,2.0,3.04213,6.990020682,80.62593302
0,2,63_57,23.74994,56.72782,17.92801,2.25388,5.22945,1.25079,0.06181,4.63705,13.95057,26.01407,2.0,2.43585,6.764101882,80.68474686
0,3,65_59,25.47446,52.84196,20.57912,2.30171,5.1948,1.18278,0.06955,2.59293,13.96617,26.6182,2.0,2.52022,6.812495437,80.73460211
0,0,66_61,27.37996,49.31493,22.59425,2.28757,5.27037,1.1455,0.07297,0.8628,15.33478,27.24988,2.0,1.06943,6.856843157,80.75683761
0,2,60_61,23.39013,58.38576,16.94939,2.28291,5.08386,1.23099,0.06207,3.38614,13.43267,24.09431,1.0,1.86355,6.858821462,80.6173815
0,2,66_60,26.473,49.73177,22.99648,2.21334,5.26044,1.16728,0.0758,-0.06427,14.68644,25.50306,2.0,3.22372,6.843573263,80.77845079
0,1,68_67,21.37599,56.7789,19.94522,2.1507,5.45349,1.1903,0.06457,11.91178,15.38899,31.97446,3.0,2.89903,7.030985586,80.82377777
0,1,65_71,23.65907,54.8535,19.84867,1.53197,5.44261,1.25634,0.0569,7.83148,14.22338,29.68166,3.0,2.86874,7.125476525,80.74510047
0,3,67_62,27.43186,48.4866,23.25795,2.18616,5.26298,1.16768,0.07567,2.0051,14.69461,28.72235,2.0,2.66756,6.895574647,80.80301547
0,1,60_63,21.20968,61.89845,15.84244,2.21417,5.09602,1.23914,0.06153,2.32927,13.40619,21.68081,3.0,1.05998,6.922040947,80.59965131
0,1,56_66,18.66154,66.39464,13.73564,2.15857,5.14738,1.26177,0.06315,1.87638,12.7909,19.01501,3.0,1.98048,6.983873983,80.50866521
0,4,72_74,13.2759,70.26759,14.97121,0.97876,5.88114,1.40055,0.05401,13.42229,13.48171,25.64081,2.0,0.68531,7.200008546,80.93620542
0,2,62_58,22.9654,58.36834,17.06006,2.41986,5.2484,1.25404,0.06022,5.33709,13.75513,25.82159,2.0,3.2208,6.770578979,80.67242869
0,4,61_64,22.44874,59.22891,17.63743,2.24224,5.17977,1.18802,0.0646,0.84821,14.58096,21.89677,1.0,2.7146,6.943364948,80.62753596
0,3,64_59,24.94457,54.3115,19.5104,2.28301,5.20044,1.19825,0.0663,3.30228,13.95973,26.41186,2.0,2.64838,6.808139526,80.71021168
0,4,63_67,25.33195,53.93521,19.78017,2.22371,5.31257,1.19278,0.0657,3.14178,14.69325,27.05951,4.0,4.19666,7.024521042,80.68228481
0,1,60_65,19.69478,63.35779,16.01563,2.29897,5.20771,1.19454,0.06244,1.399,14.32778,19.73924,3.0,1.60129,6.975795768,80.60482705
0,3,71_73,14.56094,68.31605,15.7019,0.98499,5.842,1.38565,0.05445,13.02781,13.4928,26.4611,,3.1532,7.187519874,80.89432849
0,2,65_67,24.46581,53.54747,20.9559,2.26757,5.30979,1.18287,0.06454,5.29508,15.64864,28.38776,1.0,2.24252,7.019330688,80.7402868
0,2,63_58,24.46321,55.41686,18.75084,2.27004,5.20718,1.20985,0.06419,3.76117,13.9552,26.07023,1.0,1.50255,6.792032231,80.69368428
0,0,61_60,24.48647,56.42818,17.87716,2.3027,5.09226,1.21666,0.06367,3.25776,13.44079,25.19078,2.0,3.32702,6.839466116,80.64337101
0,4,66_62,28.12186,48.3739,22.9326,2.28025,5.27039,1.14265,0.07254,0.8903,15.33718,28.14274,2.0,3.0532,6.876290938,80.7584392
0,0,67_59,24.43901,52.62458,21.6022,2.19084,5.34525,1.18174,0.07488,2.71142,14.70431,25.97398,1.0,1.72166,6.795998326,80.79318916
0,3,57_59,20.42897,64.90752,13.02939,2.62713,5.00861,1.27166,0.05574,5.20289,12.25298,22.5019,1.0,2.77679,6.8100936,80.51644743
0,3,63_61,26.04256,53.07931,20.11457,2.24821,5.21618,1.18053,0.06568,1.62823,14.55699,26.04104,2.0,3.17077,6.854861535,80.69172569
0,4,63_67,25.11898,53.74479,20.2207,2.23795,5.30013,1.18714,0.06682,3.17643,15.42006,27.03317,2.0,2.66772,7.019266338,80.69586472
0,2,69_73,18.93659,62.15958,17.57079,1.26383,5.72645,1.33455,0.05446,10.95233,13.8202,28.6992,2.0,1.64993,7.173782194,80.84480224
0,2,62_58,22.8318,58.71852,16.80313,2.41773,5.24781,1.25727,0.05956,5.39117,13.75332,25.58074,1.0,4.57857,6.77167339,80.65931537
0,2,61_58,22.81341,59.12094,16.42434,2.45615,5.18857,1.26367,0.05862,4.98502,13.68763,24.83869,1.0,3.64734,6.769502071,80.64534659
0,1,68_69,20.54911,58.11116,19.6444,2.07769,5.47065,1.22948,0.06117,11.58126,15.18221,30.76032,2.0,0.66732,7.074338582,80.83419879
0,1,68_66,22.53476,55.06333,20.54661,2.20596,5.40111,1.16076,0.06938,10.79729,15.56038,31.98311,1.0,2.0233,6.985245943,80.83012481
0,0,63_62,29.62619,48.50833,22.15853,2.22875,5.22041,1.17645,0.06422,-0.24748,14.55999,28.65401,1.0,3.90472,6.900305848,80.67912149
0,4,59_58,21.99155,61.36061,14.59066,2.41651,5.12676,1.2588,0.05772,5.20938,13.03159,22.56389,4.0,3.88823,6.776574939,80.58732575
0,0,64_70,24.18138,55.24214,19.24007,1.50385,5.37816,1.25555,0.06037,5.20271,13.96856,27.91051,2.0,2.73369,7.104321019,80.70914053
0,1,60_63,22.93229,59.15041,17.09945,2.24507,5.08218,1.22659,0.06328,1.69423,14.1327,22.88076,2.0,0.79938,6.912809077,80.61925928
0,0,66_75,24.97457,57.74622,15.76812,1.17446,5.6238,1.32002,0.05289,6.66534,13.69296,30.567,,1.85737,7.241094634,80.76573874
0,1,68_69,20.54911,58.11116,19.6444,2.07769,5.47065,1.22948,0.06117,11.58126,15.18221,30.76032,3.0,0.96493,7.078718936,80.82964838
0,2,56_63,20.45905,64.07007,14.10212,2.0715,5.05122,1.2567,0.05776,2.58239,12.63669,21.07731,2.0,1.2584,6.914698931,80.50284332
0,0,56_64,19.58634,64.97937,14.05149,2.05343,5.11652,1.25437,0.06033,2.74726,12.6607,20.61258,3.0,3.41938,6.950965446,80.4890699
0,4,68_73,19.28525,61.72568,17.63925,1.26507,5.72185,1.33286,0.05462,10.49741,13.82155,28.56831,3.0,0.51548,7.175352051,80.82902724
0,2,69_73,17.70248,63.79292,17.09105,1.25156,5.76683,1.33805,0.05381,12.05914,13.52036,28.54007,2.0,2.18365,7.176670902,80.85058838
0,2,56_59,20.7405,64.09052,13.52527,2.42853,4.968,1.26428,0.0516,5.74798,11.99724,23.83666,4.0,4.66649,6.813217798,80.4927748
0,3,60_60,22.674,59.79366,15.87033,2.27488,5.08792,1.24283,0.06106,3.94945,13.42733,23.09673,2.0,2.54474,6.846460857,80.59403272
0,0,61_60,23.74259,57.81389,17.04912,2.29119,5.09163,1.22613,0.06257,3.54311,13.43538,24.32148,2.0,2.94216,6.84413327,80.62376621
0,4,59_59,22.46346,60.94609,13.96867,2.41462,5.12322,1.25401,0.05878,4.62173,13.03272,20.3663,2.0,3.52895,6.798418099,80.58884899
0,4,59_59,21.78572,61.94733,14.03059,2.40714,5.11624,1.26053,0.05759,5.01059,13.02786,21.51651,2.0,4.62158,6.795218514,80.56614109
0,0,65_60,25.85569,51.96958,21.166,2.31087,5.18644,1.17362,0.07105,2.07176,13.96914,26.64064,2.0,3.32112,6.819999067,80.74859715
0,4,61_64,22.79537,58.77642,17.77783,2.25256,5.17264,1.21599,0.06467,0.748,14.58192,22.08835,1.0,1.77124,6.934938786,80.62578311
0,0,66_72,22.98356,56.48026,19.05632,1.52323,5.4884,1.261,0.05517,7.39557,14.22557,28.81889,2.0,6.41679,7.157581588,80.76479906
0,4,58_64,18.33708,66.49251,13.86116,2.17431,5.09814,1.26422,0.06033,2.75287,13.39392,19.21636,2.0,3.50887,6.93012591,80.56002847
0,2,69_73,17.45835,64.55608,16.77597,1.24173,5.79406,1.34658,0.05263,11.49203,13.51672,27.82726,1.0,2.07305,7.189017672,80.84723819
0,3,64_60,25.70646,52.92936,20.43004,2.26752,5.21529,1.18085,0.06825,1.82235,14.56019,26.01336,3.0,0.13582,6.831070047,80.71939678
0,2,71_72,14.13392,68.45266,15.69603,0.98817,5.81854,1.38001,0.05619,13.97929,13.49549,26.92322,2.0,3.68119,7.167533175,80.91263686
0,2,62_58,23.67903,57.10041,17.59594,2.25039,5.21984,1.25204,0.06112,4.46377,13.9483,25.44461,3.0,4.06542,6.776413447,80.66084618
0,3,57_66,18.97252,65.92151,13.91181,2.15048,5.15158,1.26401,0.06358,1.80852,12.79072,19.29714,1.0,2.69935,6.99281923,80.51132378
0,3,71_73,13.95054,69.16007,15.40547,0.98284,5.85491,1.39114,0.05448,13.36102,13.48848,26.20649,,0.65192,7.195158075,80.91663241
0,1,65_62,28.12186,48.3739,22.9326,2.28025,5.27039,1.14265,0.07254,0.8903,15.33718,28.14274,1.0,3.51677,6.881713848,80.75237972
0,3,54_64,20.15817,64.7048,13.7,2.04724,5.0682,1.25675,0.05892,3.38898,12.65647,21.78498,1.0,4.74337,6.939434207,80.45470301
0,1,60_65,18.71509,64.8562,15.41366,2.28121,5.21602,1.20331,0.06217,1.43549,14.32437,18.81577,2.0,0.86612,6.980955763,80.59847395
0,3,72_67,17.01264,60.78026,19.50923,2.10973,5.45898,1.20516,0.06817,19.26007,15.75774,35.00782,1.0,4.00592,7.016050731,80.92643709
0,3,63_64,29.58379,48.68611,21.9157,2.32644,5.19503,1.17349,0.06157,0.52855,15.30322,29.51112,1.0,1.63186,6.933765685,80.68572111
0,2,71_72,14.7121,67.61853,15.97908,0.98996,5.80597,1.37501,0.05623,13.69538,13.49948,27.17961,2.0,4.89056,7.161667383,80.89791487
0,4,65_70,24.4737,53.97924,20.08068,2.10121,5.35739,1.22234,0.06119,6.51136,14.57799,29.31813,3.0,2.12593,7.100527686,80.73076133
0,4,62_62,24.9052,55.50318,18.86044,2.21088,5.23206,1.20087,0.06146,1.54397,14.54904,24.59989,2.0,0.3872,6.877849746,80.64723481
0,2,55_67,19.49656,65.50261,13.61031,1.56036,5.20334,1.30811,0.06124,3.54352,12.12531,21.51803,4.0,0.72912,7.014202996,80.47314415
0,2,62_66,24.18834,56.27498,18.71008,2.28196,5.2594,1.18193,0.06665,2.06644,14.61923,24.8835,2.0,5.48608,6.995692507,80.64759739
0,2,61_58,22.81341,59.12094,16.42434,2.45615,5.18857,1.26367,0.05862,4.98502,13.68763,24.83869,2.0,3.36319,6.76828467,80.64073357
0,1,66_74,22.95646,59.81126,15.81668,1.09582,5.72788,1.33869,0.05369,6.4764,13.38548,28.3506,4.0,2.78162,7.224845712,80.77991634
0,2,58_69,23.22537,59.05436,16.78639,1.59235,5.29749,1.28326,0.06244,0.59523,12.99119,22.55227,2.0,2.4759,7.067108507,80.56167522
0,0,65_60,25.87365,52.19793,21.00867,2.2793,5.21548,1.1732,0.07027,1.52534,14.56368,26.07658,3.0,1.75106,6.829932055,80.735843
0,1,70_69,18.92707,60.12581,18.78394,2.17306,5.51831,1.22294,0.06178,15.66859,15.73193,33.25009,2.0,5.71467,7.082660077,80.88250272
0,3,60_66,21.61208,60.36926,17.04755,2.26777,5.22682,1.20353,0.06379,1.51995,14.32826,21.8127,3.0,2.75288,7.008205029,80.61402014
0,3,65_58,23.66888,55.62055,19.21435,2.23783,5.31748,1.22356,0.06653,4.59903,14.57629,26.46668,1.0,3.69012,6.766698283,80.73061661
0,3,59_64,15.83847,69.71491,13.21665,2.27607,5.13356,1.22495,0.0627,2.11701,13.4156,16.3798,2.0,4.58094,6.945637099,80.56663334
0,1,65_62,28.10341,48.854,22.53543,2.27046,5.27565,1.14872,0.07084,0.97598,15.33487,28.10826,2.0,3.25337,6.876182735,80.73657394
0,3,60_66,21.32438,60.80568,16.92311,2.27752,5.22136,1.20015,0.06351,1.50582,14.32877,21.51229,3.0,1.99006,7.001671073,80.61100355
0,2,69_73,17.58407,64.17291,16.9272,1.24659,5.78079,1.34233,0.05322,11.75953,13.51853,28.17031,1.0,1.71696,7.178699449,80.84655191
0,4,56_61,21.50602,63.03009,14.04438,2.33376,4.99803,1.2632,0.05529,3.92739,11.78782,22.97864,1.0,2.80516,6.863075864,80.50328236
0,3,67_62,27.22724,48.76208,23.22417,2.19928,5.25926,1.16565,0.07605,1.12611,14.69216,27.59931,3.0,1.00309,6.878650152,80.79377782
0,3,64_65,26.81122,51.08382,21.37749,2.3173,5.31273,1.14842,0.06797,2.72003,15.78597,28.45301,3.0,4.60339,6.978736092,80.71449233
0,1,55_63,20.22622,64.63383,13.69559,2.06306,5.05735,1.25802,0.05855,3.38716,12.65778,21.74693,1.0,3.11471,6.91416634,80.45813347
0,0,65_60,26.39025,50.54404,22.23615,2.20423,5.26391,1.16991,0.07386,0.77319,14.68471,26.05848,2.0,0.60024,6.845200621,80.75253723
0,2,66_64,27.9893,48.47383,22.85465,2.23971,5.31161,1.13356,0.07255,2.75194,15.60848,29.90152,1.0,1.84318,6.943387742,80.764688
0,0,70_73,15.61252,66.59798,16.21899,0.99071,5.80433,1.37143,0.05566,12.68639,13.50314,27.04774,2.0,4.82399,7.172954452,80.87420415
0,2,62_59,23.64673,57.5992,17.35358,2.46112,5.1693,1.21326,0.06118,3.96179,13.69327,24.8561,1.0,0.80101,6.806043522,80.6559404
0,4,60_59,22.82509,59.84957,15.19174,2.27746,5.09918,1.24613,0.06096,4.30029,13.42743,22.21127,2.0,3.59992,6.814848348,80.59775034
0,1,55_63,20.17791,64.6937,13.68836,2.05516,5.0627,1.25352,0.05871,3.38892,12.65711,21.75446,1.0,3.67685,6.924969017,80.4594357
0,1,57_62,19.91995,64.6482,13.99396,2.18568,5.06636,1.26321,0.05945,3.24255,13.39199,20.85535,2.0,1.99483,6.894660345,80.53784986
0,1,65_71,23.88933,54.52661,19.98666,1.53515,5.4306,1.25458,0.05741,7.58729,14.22217,29.69966,3.0,2.45264,7.119598583,80.7396045
0,3,64_60,25.82042,53.191,20.12797,2.25532,5.21543,1.17938,0.06652,1.79145,14.55777,25.97739,2.0,2.24793,6.839688171,80.70211945
0,3,67_62,27.22724,48.76208,23.22417,2.19928,5.25926,1.16565,0.07605,1.12611,14.69216,27.59931,1.0,1.44574,6.884668503,80.79799446
0,4,60_62,21.76971,60.84576,16.18389,2.18752,5.14082,1.23927,0.0624,2.33257,14.11292,21.66127,2.0,0.46005,6.878341751,80.59694718
0,4,59_58,21.70216,62.02941,14.12987,2.40855,5.11872,1.26253,0.05718,5.2163,13.02746,22.0351,2.0,5.22841,6.789153334,80.57127215
0,0,55_66,20.1943,63.98786,14.4169,1.49268,5.16239,1.26957,0.05963,3.59846,12.29998,22.23118,2.0,1.29653,6.990276753,80.47564857
0,1,67_68,22.08761,55.85072,20.56201,2.12532,5.39912,1.20772,0.06418,9.76292,15.18499,30.60099,2.0,3.6688,7.040947423,80.80396253
0,2,73_69,16.72683,63.63618,17.20791,1.91511,5.64215,1.26685,0.06258,15.65827,14.70946,31.06608,4.0,10.31573,7.091052929,80.94939737
0,0,58_63,18.99812,65.74322,13.8994,2.17622,5.0855,1.2661,0.05998,2.95261,13.39249,19.92093,2.0,2.63429,6.918749975,80.54698652
0,3,57_64,18.2603,67.08215,13.31972,2.256,5.09105,1.27851,0.06226,2.63761,13.40536,19.02807,2.0,1.61309,6.935672829,80.52274474
0,4,67_73,21.75862,59.05998,17.69304,1.35043,5.68113,1.30737,0.05499,7.2651,13.88331,27.65882,1.0,4.62782,7.17800596,80.78915635
0,3,67_61,27.17384,48.8773,23.20649,2.20481,5.2578,1.16555,0.07591,0.63781,14.69062,27.02211,1.0,0.87194,6.871748414,80.7882951
0,4,67_60,26.53325,49.07168,23.60878,2.24924,5.22142,1.16755,0.07679,-0.63867,14.09184,25.10639,1.0,4.01309,6.83434039,80.78658406
0,1,56_67,19.62916,64.91001,14.14933,1.56044,5.23111,1.32033,0.06184,2.91287,12.12906,21.07783,1.0,3.14172,7.022985029,80.49838179
0,0,60_57,22.37268,60.20495,15.58634,2.44815,5.18917,1.28066,0.05693,5.1142,13.68228,23.85629,2.0,3.02416,6.763549827,80.61393694
0,2,65_69,24.76967,53.47635,20.4693,2.14007,5.31648,1.20651,0.06252,6.42763,14.58155,29.72633,1.0,4.38058,7.065207753,80.73103859
0,4,68_73,19.04444,62.95234,16.72284,1.02312,5.74726,1.36185,0.05526,10.12404,13.38311,27.99873,3.0,1.29019,7.189678376,80.82520868
0,1,73_73,12.8724,70.70813,14.75248,0.98004,5.87525,1.39877,0.05496,13.76877,13.48217,25.56292,2.0,2.5014,7.177617283,80.95327384
0,2,54_65,20.27246,64.61993,13.6622,2.02614,5.0702,1.26481,0.05926,3.54971,12.654,22.17145,2.0,3.38539,6.957755096,80.44895009
0,0,63_60,25.82042,53.191,20.12797,2.25532,5.21543,1.17938,0.06652,1.79145,14.55777,25.97739,2.0,2.74747,6.84214892,80.69641452
0,3,62_63,30.69577,47.30192,22.63549,2.29027,5.2369,1.16839,0.06223,-0.84787,15.16308,29.42318,1.0,2.1312,6.916749445,80.67400495
0,2,69_67,20.93286,56.92164,20.09828,2.17496,5.4305,1.17904,0.06659,13.47243,15.39348,33.1726,3.0,1.70184,7.015830479,80.84398822
0,1,68_69,20.54911,58.11116,19.6444,2.07769,5.47065,1.22948,0.06117,11.58126,15.18221,30.76032,3.0,1.24316,7.080257098,80.8346065
0,3,57_64,17.97389,67.47136,13.22519,2.24715,5.09699,1.23908,0.06233,2.5826,13.40444,18.77691,2.0,0.9371,6.943704863,80.52567746
0,1,65_62,28.77503,48.18956,22.7335,2.25649,5.28174,1.15004,0.0695,0.89282,15.33587,28.81794,2.0,5.09343,6.894435231,80.73213673
0,0,59_60,22.43938,60.34299,15.35146,2.27098,5.0889,1.24842,0.06057,4.18912,13.42483,22.58157,2.0,1.91501,6.83675679,80.59065277
0,0,68_60,26.05676,49.49089,23.46795,2.2439,5.22239,1.16641,0.07799,0.19345,14.09412,25.51952,1.0,3.89795,6.837739074,80.81127382
0,2,59_62,21.12618,62.32982,15.28474,2.22938,5.06985,1.24622,0.06159,2.51917,14.12188,21.29437,2.0,0.87934,6.887706832,80.58196078
0,3,64_67,25.0061,53.51484,20.39478,2.23211,5.30015,1.19252,0.06715,4.12241,15.42266,27.77302,2.0,1.61942,7.034594921,80.72120716
0,3,64_66,26.41563,51.70311,21.26188,2.29665,5.25132,1.15404,0.06871,2.63694,15.42755,27.99755,2.0,3.76528,6.986206449,80.71582473
0,2,56_62,21.15278,63.1184,14.3,2.09244,5.03547,1.25405,0.05693,2.78836,12.63897,21.69291,1.0,2.97027,6.891809621,80.50426919
0,4,65_63,28.90101,47.55399,23.15212,2.25429,5.28223,1.14495,0.07057,1.31718,15.34021,29.47151,2.0,5.09434,6.919286727,80.74483753
0,3,71_73,14.61859,68.08608,15.78157,0.98659,5.83057,1.38214,0.05503,13.21053,13.495,26.66755,,2.81999,7.183606734,80.90044082
0,2,58_62,20.81761,63.29689,14.39811,2.20738,5.05936,1.25822,0.05951,3.32399,13.39623,21.50365,3.0,2.18664,6.877209812,80.55157616
0,2,61_66,21.88041,59.90199,17.34353,2.29519,5.2132,1.19172,0.06368,1.52317,14.33206,22.09661,2.0,3.09675,6.993947046,80.62597545
0,0,66_66,25.43598,51.76109,21.54505,2.26122,5.29153,1.15599,0.0682,6.72541,15.84406,30.87529,1.0,0.60043,6.995503802,80.77498428
0,3,61_68,24.22938,56.35013,18.30842,1.57565,5.35448,1.21446,0.06534,2.41673,14.07566,25.16836,,3.49116,7.063608952,80.64298985
0,3,71_70,17.11611,62.94528,18.15499,2.12244,5.54105,1.25707,0.06012,14.74615,15.21957,30.71985,3.0,8.43921,7.094434755,80.90447283
0,2,57_61,20.65001,64.31456,13.51451,2.42211,5.01201,1.24835,0.05714,4.65518,12.53778,22.62585,2.0,1.49301,6.861746787,80.51674811
0,0,56_64,19.72739,64.81467,14.06301,2.07044,5.1049,1.24779,0.05994,2.79466,12.66205,20.67165,2.0,2.22112,6.937998142,80.48843416
0,4,66_70,23.65824,53.28076,20.9945,2.11743,5.33229,1.22285,0.0617,10.37313,15.30861,31.68323,3.0,2.41468,7.095891883,80.7714695
0,4,66_69,23.80171,53.63593,20.87103,2.13991,5.31033,1.21339,0.06286,8.82163,15.30947,30.77548,4.0,3.48971,7.074481388,80.76858581
0,0,65_60,26.22944,51.6673,21.26967,2.27916,5.21396,1.16376,0.07049,1.33151,14.56498,26.31256,2.0,1.34084,6.842032924,80.74085436
0,4,66_69,23.8622,53.21467,21.00169,2.12679,5.322,1.21933,0.0623,9.5747,15.30818,31.26452,2.0,2.37173,7.085244763,80.76558244
0,4,65_65,26.79678,50.75272,21.59974,2.32481,5.30231,1.15091,0.06912,3.35909,15.78918,29.06562,2.0,3.416,6.971008819,80.73605751
0,4,57_63,19.45738,65.4211,13.68519,2.17174,5.06651,1.2714,0.05938,3.26349,13.38873,20.5549,2.0,0.63086,6.911388995,80.53030783
0,0,65_60,26.28859,51.30491,21.57262,2.28512,5.21432,1.16587,0.07155,1.13772,14.56672,26.26334,3.0,1.17674,6.839732772,80.74720084
0,0,58_63,20.59222,63.27052,14.81676,2.20668,5.0789,1.25152,0.06033,2.89327,13.39956,21.19386,2.0,0.6723,6.902891778,80.56464854
0,4,69_71,18.37544,62.22065,17.81807,1.48789,5.62988,1.2983,0.055,11.9547,14.41181,29.07955,2.0,6.03673,7.135289154,80.86300594
0,1,57_58,20.25096,64.6669,13.28128,2.3768,5.07704,1.28641,0.05148,6.61899,11.37751,23.69869,1.0,4.81533,6.776252349,80.52487796
0,0,61_57,22.39443,60.04388,15.8014,2.4503,5.19248,1.27447,0.0569,5.30084,13.68317,24.44219,1.0,3.37623,6.760015656,80.62375522
0,3,60_60,22.78086,59.80455,15.46199,2.2769,5.09533,1.24606,0.06102,4.18751,13.42744,22.60328,2.0,2.8269,6.821413181,80.59405796
0,3,72_67,17.04783,60.69407,19.44197,2.14853,5.46247,1.21353,0.06532,21.40631,15.84686,37.10652,2.0,5.886,7.032519122,80.92133529
0,0,66_72,22.98356,56.48026,19.05632,1.52323,5.4884,1.261,0.05517,7.39557,14.22557,28.81889,2.0,6.20927,7.153631824,80.76664957
0,4,64_63,30.64085,46.69306,23.0686,2.30819,5.22962,1.1559,0.06487,-0.2788,15.16962,29.91937,1.0,1.28243,6.919208403,80.70425015
0,4,65_70,24.49373,53.55787,20.4127,2.11665,5.33737,1.21594,0.06164,7.32508,14.5809,30.06295,2.0,1.62036,7.091803924,80.73784037
0,0,55_65,20.12474,64.39114,14.08056,2.02602,5.10912,1.26436,0.06063,3.00364,12.65696,21.50939,2.0,1.10603,6.971304813,80.47494689
0,0,66_59,24.58539,52.72267,21.40829,2.19216,5.33988,1.19208,0.07382,2.79441,14.70329,26.08869,2.0,2.90767,6.795294515,80.77281372
0,0,63_60,25.63784,53.65303,19.82198,2.24941,5.21655,1.18348,0.06562,1.87958,14.5559,25.76311,2.0,2.80321,6.845395927,80.69505815
0,0,61_62,23.9239,57.46097,17.50499,2.26296,5.17809,1.22143,0.06203,2.44639,14.24572,24.02283,2.0,1.15007,6.874569822,80.62065191
0,3,67_61,25.94285,50.11548,22.89456,2.20361,5.26612,1.16822,0.07732,1.19455,14.6905,26.32548,1.0,1.98041,6.856736233,80.80945848
0,1,55_63,20.18177,64.43037,13.95618,2.075,5.07557,1.2904,0.05918,3.10816,12.66065,21.34617,3.0,1.54344,6.918885753,80.47806731
0,2,73_72,13.06086,70.14366,15.01705,0.98399,5.84929,1.39089,0.05602,14.14361,13.48723,26.08229,3.0,4.46626,7.160564031,80.95873152
0,1,65_76,27.79932,51.6452,18.78191,1.0377,5.70452,1.33735,0.05294,3.63944,12.77567,30.60726,,2.13196,7.27059821,80.75070161
0,3,64_59,24.94457,54.3115,19.5104,2.28301,5.20044,1.19825,0.0663,3.30228,13.95973,26.41186,1.0,2.49013,6.809024863,80.71180206
0,2,72_73,13.57652,69.81747,15.1608,0.97997,5.87319,1.39763,0.05399,13.34,13.48395,25.84911,1.0,0.46416,7.196980963,80.92291996
0,0,66_59,25.64965,51.45107,21.82532,2.23159,5.24412,1.18472,0.07374,1.7282,14.08702,26.18035,3.0,4.04034,6.817938046,80.76753137
0,1,54_63,20.01602,65.8443,12.72109,2.109,4.95355,1.25944,0.05554,4.72814,11.59293,22.94522,1.0,2.30221,6.912313911,80.44161964
0,3,66_63,30.15665,45.50613,23.95776,2.22045,5.24742,1.14685,0.0716,1.61823,14.85445,31.2287,1.0,2.52612,6.928219524,80.77310517
0,0,66_59,24.58539,52.72267,21.40829,2.19216,5.33988,1.19208,0.07382,2.79441,14.70329,26.08869,1.0,3.02578,6.799780516,80.780408
0,0,58_68,21.47122,61.72232,15.75764,1.62482,5.25195,1.28036,0.06314,1.27027,12.57471,21.42111,4.0,2.08628,7.044431913,80.56216313
0,1,66_68,23.88611,53.80209,20.89389,2.16635,5.28748,1.20147,0.06397,7.96812,15.31203,30.38024,2.0,4.64087,7.06267678,80.76921095
0,0,66_66,24.83581,52.39276,21.35018,2.24944,5.29716,1.16047,0.06787,7.80852,15.84479,31.27639,1.0,0.78418,7.002860654,80.78106694
0,0,62_60,24.47615,56.00974,18.39795,2.22626,5.22365,1.21188,0.06238,2.29273,14.54813,24.39113,2.0,2.84107,6.838508983,80.65432293
0,1,68_66,24.13154,52.9104,21.33104,2.26673,5.28038,1.15182,0.06939,9.47479,15.84994,32.26796,2.0,2.1575,6.988901432,80.81515849
0,2,55_67,19.73267,65.11097,13.77078,1.55641,5.20837,1.30975,0.06186,3.48806,12.12559,21.72582,4.0,0.14835,7.021340783,80.46995419
0,3,68_61,25.88826,49.98887,23.1018,2.20829,5.26679,1.16527,0.07762,0.56185,14.68933,25.66755,1.0,2.21342,6.856362827,80.81247984
0,0,60_67,21.02215,61.35253,16.6271,2.26074,5.22763,1.20778,0.06348,1.43881,14.32569,21.1389,3.0,2.47454,7.013772463,80.60520515
0,4,69_68,20.39261,57.87253,19.64136,2.13785,5.47118,1.19575,0.06412,13.88333,15.38945,32.91977,2.0,1.38228,7.041348237,80.84475378
0,2,56_63,20.68685,63.7606,14.16652,2.0786,5.04585,1.25574,0.05746,2.64995,12.63744,21.28269,4.0,1.57469,6.910290479,80.50397537
0,4,68_73,20.44406,60.54408,17.6947,1.27519,5.68088,1.32146,0.05565,9.50033,13.96468,28.72697,3.0,1.48222,7.174645628,80.81854479
0,0,72_70,15.7216,65.10877,17.25704,1.31913,5.68507,1.32136,0.05807,14.7397,13.86972,29.25469,2.0,9.07116,7.117969348,80.91971429
0,1,63_63,31.4397,45.92647,23.33185,2.23048,5.21967,1.17111,0.06488,-0.93789,14.56306,30.16773,1.0,2.45121,6.908456482,80.69477688
0,0,68_60,25.35856,50.76711,22.65342,2.23369,5.24034,1.17325,0.07743,1.42567,14.09261,25.92622,3.0,4.13986,6.836978152,80.81997423
0,3,64_65,26.37231,51.94827,21.10298,2.29223,5.25678,1.16211,0.06826,2.35573,15.42572,27.67607,2.0,4.54771,6.979306836,80.71404593
0,1,57_62,19.83501,64.91278,13.79039,2.17935,5.06033,1.26165,0.0592,3.35131,13.38963,20.89399,2.0,1.30454,6.900964175,80.53517697
0,4,67_60,26.94661,47.11832,25.37293,2.25245,5.22494,1.16479,0.07825,-3.49714,14.09327,23.02992,2.0,3.69603,6.834188515,80.80029212
0,3,61_68,24.22938,56.35013,18.30842,1.57565,5.35448,1.21446,0.06534,2.41673,14.07566,25.16836,,4.0779,7.057822985,80.64050675
0,4,57_63,18.58784,66.59489,13.41599,2.15603,5.07955,1.27431,0.05981,3.09403,13.38691,19.74685,2.0,1.6834,6.926358893,80.52847466
0,0,72_70,16.81124,63.62009,17.20684,1.9625,5.61034,1.28239,0.06175,15.40879,14.52122,30.89767,3.0,10.96911,7.100990718,80.93606587
0,2,73_72,13.14684,69.85617,15.16166,0.98602,5.83555,1.3869,0.05659,14.36763,13.48979,26.37076,4.0,5.25291,7.15290586,80.9562219
0,0,61_60,23.66719,57.96212,16.86805,2.29189,5.09547,1.22823,0.0625,3.71502,13.43522,24.19693,2.0,3.77044,6.836049088,80.62684721
0,3,67_62,26.51939,49.5075,23.04799,2.20243,5.26184,1.1664,0.07679,1.17686,14.69146,26.90698,1.0,0.48666,6.874784511,80.80273777
0,2,66_64,29.58545,46.49131,23.48271,2.21745,5.24961,1.14136,0.07099,1.92076,14.85328,30.85467,2.0,2.42375,6.930685046,80.76963141
0,3,62_70,24.43941,55.20839,19.24538,1.49271,5.38624,1.24692,0.06445,3.19742,14.22261,26.55411,2.0,1.41048,7.091738522,80.66500477
0,2,57_61,20.59982,64.03415,13.78758,2.19443,5.03753,1.24778,0.05843,3.7288,13.38992,21.67569,3.0,0.88918,6.866001121,80.52057847
0,2,68_71,20.98376,58.97023,18.54925,1.51274,5.55312,1.2805,0.056,9.81549,14.85984,29.48142,2.0,4.61598,7.137890241,80.82860503
0,0,61_59,23.4197,58.42872,16.37345,2.29189,5.10622,1.23697,0.06199,4.25684,13.43445,23.98661,2.0,1.5484,6.803643392,80.6239038
0,4,67_73,21.72487,59.44564,17.40407,1.34666,5.69788,1.3098,0.05435,6.86555,13.88259,27.29808,1.0,5.27339,7.191077711,80.7846943
0,0,66_66,25.43598,51.76109,21.54505,2.26122,5.29153,1.15599,0.0682,6.72541,15.84406,30.87529,1.0,0.82298,6.993685704,80.77590058
0,2,54_65,20.23894,64.36539,13.94346,1.49724,5.12222,1.27034,0.05823,4.19153,12.29694,22.82915,3.0,2.92006,6.978429536,80.44361889
0,4,65_65,26.79678,50.75272,21.59974,2.32481,5.30231,1.15091,0.06912,3.35909,15.78918,29.06562,2.0,3.36967,6.971093281,80.73649332
0,2,69_66,20.08206,57.55273,20.07306,2.18461,5.4233,1.17487,0.06771,15.70769,15.39642,34.55177,1.0,3.06587,7.005875853,80.86367647
0,2,66_64,28.52406,47.9238,23.03683,2.24881,5.30872,1.15097,0.07253,1.90684,15.60728,29.64411,2.0,3.11764,6.932988035,80.75750098
0,2,59_62,21.58337,61.54567,15.67729,2.23646,5.07149,1.24145,0.06196,2.37843,14.12471,21.65473,,1.16358,6.885764611,80.58880833
0,1,56_66,19.34635,65.35863,14.11568,2.14251,5.1555,1.26607,0.06406,1.73279,12.79061,19.62855,1.0,3.14103,7.001488747,80.50876861
0,3,57_59,20.9079,63.39043,13.87175,2.46551,5.10358,1.26853,0.05533,5.22308,11.7892,22.38617,3.0,3.11024,6.80291212,80.53788087
0,2,70_67,17.18146,59.37653,20.36976,2.17255,5.41843,1.19612,0.0669,25.09139,15.85228,40.84464,2.0,4.16266,7.017831895,80.8856553
0,3,67_61,26.90079,49.08806,23.19108,2.20452,5.25916,1.16547,0.07644,0.82019,14.69112,26.94378,1.0,0.59328,6.872176185,80.79122336
0,3,54_66,20.58202,63.57098,14.4111,1.48589,5.14943,1.30898,0.06009,3.94353,12.29825,23.00072,2.0,2.5553,6.998629225,80.4563168
0,0,61_57,22.5221,59.84136,15.87051,2.45076,5.18901,1.26989,0.05748,5.07268,13.68406,24.20092,1.0,3.03448,6.763168224,80.62396255
0,4,59_58,21.70216,62.02941,14.12987,2.40855,5.11872,1.26253,0.05718,5.2163,13.02746,22.0351,2.0,5.10199,6.790270292,80.57202358
0,0,59_67,21.61583,61.51334,15.91278,2.15607,5.2446,1.23325,0.06224,0.266,13.35017,20.56647,3.0,1.40602,7.032714474,80.57990678
0,4,73_70,16.64799,63.95815,17.03153,1.90376,5.65929,1.27272,0.06168,15.25522,14.70628,30.59772,3.0,10.59401,7.093632167,80.948311
0,4,67_69,21.62123,56.74612,19.92033,2.06085,5.47619,1.23747,0.06042,10.19196,15.17815,30.19425,1.0,2.80082,7.090958119,80.80576289
0,4,65_61,26.59563,51.14173,21.51556,2.27811,5.21291,1.16275,0.0706,1.18072,14.56621,26.604,2.0,1.37555,6.848694281,80.73762262
0,2,59_61,21.70371,61.16051,15.70401,2.19091,5.13227,1.24768,0.06195,2.72803,14.11035,21.45419,,1.28685,6.858385863,80.58588064
0,3,71_73,14.87556,67.9027,15.82778,0.986,5.83654,1.38299,0.05443,12.79974,13.49493,26.53648,,3.09815,7.192666109,80.89292504
0,2,64_58,23.66888,55.62055,19.21435,2.23783,5.31748,1.22356,0.06653,4.59903,14.57629,26.46668,1.0,3.04406,6.768441554,80.72499358
0,1,63_59,24.32907,55.78335,18.48044,2.26558,5.20652,1.21329,0.06345,3.8359,13.95346,25.85847,1.0,2.85875,6.799189299,80.67961234
0,2,58_62,20.81761,63.29689,14.39811,2.20738,5.05936,1.25822,0.05951,3.32399,13.39623,21.50365,3.0,2.17002,6.879962704,80.54859248
0,0,59_68,22.53066,59.92351,16.59834,1.60363,5.30252,1.23767,0.06084,0.87049,12.99267,22.08962,2.0,3.17252,7.048686808,80.58038582
0,2,70_72,15.01318,67.20124,16.10577,0.99077,5.80057,1.37265,0.05625,13.4965,13.50142,27.26128,,4.94666,7.165968668,80.89093025
0,4,59_59,21.68801,61.97395,14.2761,2.40348,5.10857,1.25892,0.05807,4.74961,13.02836,21.63037,2.0,1.9906,6.818414923,80.57235693
0,0,55_65,20.0331,64.55154,14.00893,2.0341,5.10364,1.26154,0.06026,3.03167,12.65746,21.40395,2.0,1.86806,6.964518397,80.47676494
0,0,68_70,20.70867,58.43398,19.23504,2.04145,5.51971,1.24635,0.0587,10.40347,15.17724,29.65154,3.0,3.50703,7.101672706,80.82162975
0,1,63_59,24.46321,55.41686,18.75084,2.27004,5.20718,1.20985,0.06419,3.76117,13.9552,26.07023,1.0,1.92127,6.793247479,80.68875364
0,2,61_66,21.88041,59.90199,17.34353,2.29519,5.2132,1.19172,0.06368,1.52317,14.33206,22.09661,2.0,3.51774,6.996206965,80.6293876
0,4,65_65,27.45078,49.36946,22.43042,2.22471,5.3207,1.13993,0.07148,3.11695,15.60707,29.63404,1.0,1.47223,6.96017975,80.75503112
0,2,69_67,19.50097,58.46792,19.68857,2.14891,5.46145,1.19006,0.06527,16.58412,15.3927,34.74474,1.0,1.3042,7.027530427,80.86154333
0,0,58_59,21.38279,62.46643,14.20262,2.39966,5.10419,1.26658,0.05744,4.92488,13.02585,21.96448,,2.90349,6.814182379,80.55931463
0,0,61_62,24.32234,56.5511,18.35894,2.2205,5.20112,1.21184,0.06317,1.23943,14.76952,23.72697,2.0,2.27475,6.890620615,80.6323719
0,0,57_60,20.43376,64.10918,13.81316,2.61632,5.0024,1.25559,0.05692,4.58928,13.32089,21.87425,2.0,0.49317,6.828538477,80.52728226
0,4,67_66,25.18258,51.95171,21.52571,2.26309,5.28812,1.15471,0.06854,7.3191,15.84555,31.20479,2.0,1.70117,6.989182366,80.78377916
0,0,64_70,24.31084,55.19719,19.2534,1.50715,5.36625,1.25342,0.06087,4.83198,13.96722,27.76784,2.0,3.00863,7.093015278,80.70391759
0,2,65_69,24.59061,53.43622,20.51717,2.12993,5.32393,1.21041,0.06211,7.22244,14.58213,30.15183,2.0,2.56592,7.079481889,80.73915201
0,0,66_75,25.27857,58.62036,14.8587,0.9536,5.81158,1.37416,0.05271,6.87397,12.4694,31.26132,3.0,0.89564,7.243512668,80.77514411
0,1,60_68,24.04671,56.80483,18.21891,2.14072,5.355,1.23225,0.06706,0.61983,13.99248,23.28198,2.0,3.81799,7.053724055,80.6024202
0,4,62_68,24.5794,55.19591,19.24444,2.07847,5.30438,1.20901,0.06761,2.33169,14.58136,25.90984,,2.21247,7.060538782,80.66535139
0,3,64_59,25.2506,53.82907,19.87639,2.26144,5.21686,1.18864,0.06704,2.17846,14.55717,25.72157,2.0,1.492,6.819481464,80.71154554
0,4,59_59,22.46346,60.94609,13.96867,2.41462,5.12322,1.25401,0.05878,4.62173,13.03272,20.3663,2.0,3.68841,6.796803783,80.58699533
0,4,62_69,24.43685,55.47082,19.0893,1.51125,5.34595,1.25119,0.06199,3.69332,13.9626,26.99562,2.0,0.38186,7.081775217,80.67296502
0,0,67_59,25.44616,50.76412,22.67555,2.2352,5.25207,1.177,0.07629,0.79559,14.08953,25.33605,1.0,1.232,6.811124721,80.80193964
0,1,55_63,20.54411,64.21862,13.77752,2.09848,4.98512,1.28927,0.05609,4.08262,11.9947,22.6809,1.0,2.01905,6.909148902,80.47617105
0,1,68_59,23.64919,53.66551,21.02318,2.17136,5.36928,1.18833,0.07537,4.08892,14.7046,26.57259,1.0,1.9814,6.797900728,80.82920714
0,3,64_69,24.73131,53.79253,20.20345,2.1235,5.33435,1.2138,0.06208,5.90112,14.57846,29.17362,1.0,4.01679,7.076551981,80.72222815
0,4,66_62,28.18457,47.81001,23.4094,2.17963,5.27333,1.14269,0.07597,0.80183,15.02867,28.31381,1.0,2.95742,6.892729944,80.78269341
0,4,64_64,29.33102,48.04135,22.49353,2.26486,5.28421,1.16387,0.06572,1.39422,15.45057,29.98699,1.0,1.15082,6.937384321,80.70733867
0,0,67_74,20.91897,60.67743,16.93714,1.06243,5.76249,1.33725,0.05533,7.55581,13.63486,27.19206,1.0,5.38743,7.201487994,80.78449138
0,0,58_59,21.19671,62.85843,14.01442,2.47132,5.1121,1.26712,0.05565,5.35799,11.79105,22.43731,2.0,4.14874,6.797965316,80.5504604
0,2,58_62,20.81761,63.29689,14.39811,2.20738,5.05936,1.25822,0.05951,3.32399,13.39623,21.50365,2.0,1.80996,6.876006055,80.54648327
0,0,66_61,27.74062,48.85904,22.75803,2.28423,5.2701,1.14386,0.07278,0.87709,15.33601,27.68519,2.0,2.07199,6.867769013,80.75594932
0,1,67_67,23.85615,53.50291,21.11535,2.2332,5.30691,1.1706,0.06613,9.04595,15.67885,31.70338,2.0,2.53011,7.024195146,80.79926552
0,0,68_70,20.70867,58.43398,19.23504,2.04145,5.51971,1.24635,0.0587,10.40347,15.17724,29.65154,3.0,3.7142,7.103512139,80.82225889
0,4,58_64,17.29034,67.99171,13.43539,2.27299,5.11465,1.27001,0.06253,2.3484,13.41191,17.84581,2.0,3.60396,6.939107911,80.55073995
0,3,67_61,26.36742,49.53296,23.18094,2.20782,5.2619,1.16618,0.07719,0.6339,14.69038,26.22405,2.0,0.6619,6.865391115,80.80025427
0,4,55_64,20.10199,64.65062,13.81913,2.05288,5.07752,1.25457,0.0592,3.23639,12.65786,21.54708,3.0,4.28119,6.941346569,80.46093763
0,4,62_62,26.34684,53.22498,19.95235,2.22316,5.2248,1.19039,0.06297,1.11186,14.55363,25.93567,1.0,1.84092,6.879487782,80.66665003
0,4,69_72,19.78981,60.48601,18.35297,1.44869,5.64329,1.29312,0.05474,9.96575,15.04472,28.54408,1.0,3.39711,7.150778093,80.84177571
0,3,61_63,24.32187,56.52981,18.46206,2.21504,5.20418,1.21149,0.06318,1.10714,14.76965,23.7509,2.0,2.6083,6.901740143,80.6349411
0,0,61_61,24.69545,55.80742,18.64583,2.21394,5.2299,1.20219,0.06156,1.75746,14.54837,24.42297,3.0,0.91174,6.87377986,80.64458463
0,3,71_73,14.37048,68.27178,15.73669,0.98732,5.8246,1.38114,0.05561,13.60432,13.4952,26.79655,3.0,3.19951,7.175750667,80.90419665
0,3,68_61,26.05402,50.10442,22.78781,2.19858,5.26577,1.16831,0.07697,1.69247,14.69164,26.92355,1.0,1.23278,6.871486897,80.81075589
0,3,68_63,26.36672,49.99745,22.57003,2.14509,5.29316,1.14728,0.07585,3.97525,15.03464,29.52768,2.0,1.29243,6.925480818,80.81122569
0,0,70_73,14.87556,67.9027,15.82778,0.986,5.83654,1.38299,0.05443,12.79974,13.49493,26.53648,,3.91834,7.191291448,80.88560852
0,1,63_68,25.14734,54.18263,19.5866,2.19824,5.33154,1.19394,0.06539,3.39633,14.69102,27.05712,3.0,4.37189,7.040565867,80.68283308
0,3,65_59,25.20406,53.07111,20.5419,2.30162,5.20666,1.18444,0.06989,2.75501,13.96659,26.5404,2.0,4.4058,6.80284225,80.74916674
0,0,66_75,23.81279,59.41161,15.41263,1.09589,5.73253,1.33955,0.05329,6.74767,13.38465,29.56982,2.0,1.8828,7.234460503,80.77303182
0,0,59_60,21.33346,62.04383,14.9271,2.19904,5.05604,1.25505,0.06146,3.76823,13.29658,21.52492,2.0,0.87048,6.840653021,80.5667089
0,3,67_62,27.07044,48.94204,23.11675,2.19168,5.26226,1.16709,0.07603,1.81411,14.69358,28.13273,2.0,2.32859,6.89217785,80.80448777
0,0,67_74,20.91897,60.67743,16.93714,1.06243,5.76249,1.33725,0.05533,7.55581,13.63486,27.19206,2.0,5.42012,7.201116071,80.78358163
0,0,66_66,25.8003,51.71691,21.28759,2.30483,5.31263,1.15903,0.06919,5.02968,15.79078,29.58377,1.0,1.78086,6.994245061,80.75866568
0,1,63_63,30.64085,46.69306,23.0686,2.30819,5.22962,1.1559,0.06487,-0.2788,15.16962,29.91937,1.0,1.30172,6.918319676,80.69853503
0,2,70_72,16.92379,64.22079,17.25094,1.30549,5.72112,1.32846,0.05568,12.44019,13.8687,28.12328,2.0,5.20077,7.153441042,80.87018781
0,4,66_67,24.39439,52.93116,21.29801,2.24445,5.30008,1.16626,0.06651,8.00359,15.67835,31.29514,2.0,1.897,7.016340144,80.78224023
0,1,70_68,18.935,59.17779,19.45601,2.13647,5.47946,1.19591,0.0645,17.60239,15.39197,35.16771,2.0,2.84117,7.038575501,80.87424248
0,3,71_70,17.68187,62.36817,18.248,2.11406,5.54674,1.25831,0.05937,13.93118,15.2195,30.43309,4.0,7.97764,7.108399363,80.89223276
0,2,61_58,22.61769,59.84382,15.66919,2.44801,5.18255,1.24639,0.05795,4.67273,13.68386,23.30629,1.0,0.89266,6.78221009,80.61992643
0,0,66_61,27.33772,48.85862,23.11459,2.20353,5.25766,1.15034,0.07525,0.59645,14.68997,27.11097,2.0,2.12396,6.866936396,80.77678171
0,1,65_71,23.60442,55.39582,19.47567,1.52632,5.46591,1.25998,0.05676,6.71767,14.22169,28.68142,3.0,2.78283,7.136677838,80.73836623
0,3,64_65,26.81122,51.08382,21.37749,2.3173,5.31273,1.14842,0.06797,2.72003,15.78597,28.45301,1.0,4.99194,6.972430016,80.72185738
0,0,66_66,25.18258,51.95171,21.52571,2.26309,5.28812,1.15471,0.06854,7.3191,15.84555,31.20479,1.0,1.20571,6.993250998,80.7816362
0,4,69_72,17.25381,63.78908,17.35209,1.30649,5.71709,1.32636,0.05574,12.13183,13.87032,28.11672,2.0,4.10394,7.153295293,80.85727938
0,0,68_60,25.94165,49.54301,23.53042,2.2429,5.23252,1.16899,0.07783,-0.17476,14.09295,25.04312,1.0,3.51884,6.833110098,80.81216668
0,1,63_63,30.64085,46.69306,23.0686,2.30819,5.22962,1.1559,0.06487,-0.2788,15.16962,29.91937,1.0,1.00437,6.920961277,80.69910671
0,4,60_59,22.57508,60.09766,15.30142,2.44447,5.18003,1.2471,0.05784,4.50507,13.68269,22.464,2.0,2.19475,6.797954872,80.60140863
0,1,66_68,23.99103,53.72563,20.96835,2.1797,5.27629,1.19548,0.06453,7.6356,15.3133,30.28529,2.0,4.9279,7.045579779,80.77011744
0,0,59_60,21.33346,62.04383,14.9271,2.19904,5.05604,1.25505,0.06146,3.76823,13.29658,21.52492,2.0,0.84494,6.838440121,80.5659654
0,0,60_64,18.63042,65.31174,15.0455,2.29118,5.14107,1.21344,0.06372,1.83798,13.42368,19.0119,2.0,2.99233,6.95477767,80.59416301
0,1,65_68,24.4999,53.76762,20.67881,2.16957,5.29307,1.2019,0.06401,5.45328,15.3067,28.80257,2.0,3.82115,7.052117183,80.73276165
0,0,62_61,24.99699,55.24994,18.87817,2.22247,5.22537,1.20723,0.06237,1.82312,14.54979,24.77431,2.0,1.70098,6.864713747,80.65171757
0,1,58_58,20.92038,63.84272,13.40606,2.47083,5.11242,1.28197,0.0544,6.61871,11.7893,23.95581,2.0,5.81686,6.778434109,80.54028578
0,3,67_58,23.83687,53.93616,20.74818,2.17258,5.37376,1.1958,0.07259,3.90212,14.7011,26.37808,1.0,0.85208,6.774218964,80.78645034
0,3,67_62,26.21155,49.98166,22.76112,2.19337,5.2657,1.16857,0.07662,2.09019,14.69276,27.48192,3.0,1.54018,6.882217881,80.8087317
0,4,58_61,21.32487,62.69163,14.40849,2.25276,4.98608,1.25779,0.06028,3.62173,12.99716,21.95,2.0,1.24572,6.860724171,80.55345115
0,4,65_61,26.97131,50.61828,21.75004,2.27619,5.21235,1.16049,0.07061,1.06577,14.56737,26.9425,3.0,1.93789,6.862268845,80.73747933
0,0,70_73,15.61252,66.59798,16.21899,0.99071,5.80433,1.37143,0.05566,12.68639,13.50314,27.04774,2.0,4.22607,7.176980055,80.86920713
0,0,67_74,20.7499,62.11238,16.04521,1.06,5.79737,1.34336,0.05337,6.74886,13.63255,26.53826,4.0,3.22263,7.224969811,80.79494636
0,4,63_67,25.33195,53.93521,19.78017,2.22371,5.31257,1.19278,0.0657,3.14178,14.69325,27.05951,2.0,3.83527,7.025990538,80.68580709
0,2,62_57,22.9654,58.36834,17.06006,2.41986,5.2484,1.25404,0.06022,5.33709,13.75513,25.82159,1.0,3.82288,6.763397802,80.66966468
0,0,63_62,28.33633,50.19474,21.41774,2.2323,5.21942,1.17804,0.06444,0.36403,14.55902,27.68068,1.0,3.02221,6.885620743,80.67676258
0,0,62_61,25.48956,54.23331,19.4243,2.2363,5.21978,1.18918,0.06397,1.8176,14.55304,25.41278,3.0,3.96778,6.851531075,80.67185286
0,2,56_63,20.31368,64.15454,14.17449,2.07724,5.06093,1.25465,0.05795,2.47513,12.63812,20.80655,2.0,1.08189,6.914164659,80.50724412
0,2,57_61,20.81489,63.93995,13.72286,2.42826,5.0157,1.25956,0.05755,4.53675,12.54015,22.58523,2.0,0.6725,6.863435951,80.52684688
0,3,64_65,27.84759,49.75966,21.9133,2.34192,5.29422,1.13728,0.06884,1.88437,15.78758,28.79405,2.0,3.74501,6.959785207,80.71613037
0,1,68_67,23.19649,54.10439,21.00541,2.23635,5.30176,1.16785,0.06665,10.57071,15.68193,32.54519,3.0,3.57337,7.023375463,80.81766239
0,0,66_59,24.58539,52.72267,21.40829,2.19216,5.33988,1.19208,0.07382,2.79441,14.70329,26.08869,2.0,3.24854,6.79888121,80.77462138
0,3,68_62,26.21155,49.98166,22.76112,2.19337,5.2657,1.16857,0.07662,2.09019,14.69276,27.48192,1.0,1.68279,6.882286873,80.81053494
0,3,54_64,20.18215,64.96141,13.40522,2.03627,5.04939,1.2682,0.05834,3.70249,12.65374,22.19247,2.0,4.60182,6.932876626,80.43699874
0,4,66_69,23.96527,53.39435,20.84681,2.12482,5.32662,1.22048,0.06228,8.7202,15.3067,30.6611,2.0,1.56599,7.087154316,80.75596752
0,2,61_66,21.88041,59.90199,17.34353,2.29519,5.2132,1.19172,0.06368,1.52317,14.33206,22.09661,3.0,3.31972,6.989598189,80.62846212
0,1,60_68,22.8475,59.55416,16.67785,2.15768,5.25413,1.23,0.06286,0.2542,13.35308,21.7982,2.0,2.69317,7.038177921,80.59622341
0,0,63_60,25.27872,54.17362,19.54926,2.25007,5.21713,1.1867,0.06548,2.12661,14.55478,25.54024,2.0,3.52479,6.831657192,80.68815169
0,1,68_65,24.87164,51.98947,21.66307,2.29329,5.26489,1.14341,0.0708,8.2054,15.85118,31.8608,1.0,0.96408,6.971881133,80.81148022
0,4,60_59,22.82509,59.84957,15.19174,2.27746,5.09918,1.24613,0.06096,4.30029,13.42743,22.21127,3.0,3.64514,6.810058358,80.59333757
0,1,57_65,18.66154,66.39464,13.73564,2.15857,5.14738,1.26177,0.06315,1.87638,12.7909,19.01501,2.0,1.18381,6.979319638,80.51472814
0,0,61_60,24.48647,56.42818,17.87716,2.3027,5.09226,1.21666,0.06367,3.25776,13.44079,25.19078,2.0,3.43987,6.840193712,80.64257727
0,4,73_70,14.98741,66.279,16.76571,1.18521,5.70999,1.32922,0.05925,14.97649,13.76715,28.81105,2.0,9.78006,7.109814725,80.95511943
0,3,57_64,17.93882,67.38161,13.35633,2.26137,5.09965,1.27592,0.06234,2.5414,13.40747,18.62801,1.0,1.36315,6.94026414,80.52756682
0,2,68_71,21.21254,58.89898,18.44011,1.50789,5.56428,1.28373,0.05564,9.13379,14.85836,29.02526,1.0,4.2369,7.143204074,80.81892916
0,3,57_59,20.49533,64.84497,13.00078,2.64187,4.99548,1.27237,0.05176,5.36086,11.65699,22.67229,2.0,3.26419,6.80435928,80.5172602
0,4,66_62,28.33245,48.08626,22.97616,2.24897,5.24401,1.14006,0.07289,1.15329,14.85036,28.66102,1.0,3.02948,6.880364087,80.770701
0,0,59_67,20.74206,62.08124,16.21657,2.16679,5.2778,1.2358,0.06318,0.26764,13.7048,19.72002,2.0,1.51057,7.031555366,80.57270797
0,1,68_67,22.32307,55.30405,20.54164,2.09696,5.40992,1.18132,0.06643,11.59146,15.37681,32.67901,3.0,3.47198,7.020339813,80.81889722
0,2,59_61,21.70371,61.16051,15.70401,2.19091,5.13227,1.24768,0.06195,2.72803,14.11035,21.45419,,0.99727,6.86302039,80.5831185
0,3,60_60,22.674,59.79366,15.87033,2.27488,5.08792,1.24283,0.06106,3.94945,13.42733,23.09673,2.0,2.87198,6.845618367,80.59761969
0,0,58_59,21.0938,63.01401,14.03002,2.38331,5.08868,1.26975,0.05803,4.95381,12.84192,22.08408,3.0,2.63671,6.811103869,80.54556796
0,1,66_74,22.08882,59.92974,16.4441,1.09584,5.71247,1.33677,0.05464,6.78387,13.38693,27.61832,1.0,4.91778,7.205540888,80.77893254
0,4,66_67,24.36606,53.22366,21.30096,2.28907,5.27987,1.16927,0.06615,6.39762,15.65418,29.42985,1.0,1.53727,7.010782296,80.76384316
0,1,63_69,24.83978,54.10171,19.92893,2.1169,5.34313,1.21749,0.06212,4.82191,14.57467,28.35735,2.0,1.99407,7.080150457,80.69805077
0,3,66_58,24.95695,52.73284,21.04426,2.21816,5.2676,1.19384,0.07216,2.75193,14.0838,26.3634,2.0,2.85768,6.790786633,80.76463933
0,3,67_62,27.57023,48.441,23.29623,2.19992,5.25782,1.16551,0.07556,0.84681,14.69165,27.66511,1.0,1.53824,6.875567355,80.7833446
0,4,60_59,23.02163,59.41199,15.49052,2.2823,5.10398,1.24459,0.06119,4.38482,13.4297,22.75647,2.0,1.70811,6.800915409,80.60851289
0,0,66_59,25.65883,51.14043,22.14063,2.23462,5.24454,1.1822,0.07457,1.34548,14.08788,25.90337,1.0,4.20493,6.81852787,80.77135312
0,1,70_71,16.76531,64.01817,17.45708,1.31407,5.69365,1.32168,0.05701,13.35028,13.87146,28.84503,4.0,7.41607,7.133885372,80.88019309
0,1,61_69,24.50213,55.46775,19.04904,1.48641,5.38223,1.25276,0.06545,2.33438,14.21733,25.87997,2.0,1.82289,7.088293687,80.63838138
0,1,55_63,20.55093,64.33626,13.64737,2.09221,4.97846,1.29121,0.05576,4.21155,11.99345,22.85966,1.0,2.7925,6.909568386,80.4682838
0,4,65_70,23.88933,54.52661,19.98666,1.53515,5.4306,1.25458,0.05741,7.58729,14.22217,29.69966,3.0,1.9336,7.111761793,80.73704695
0,3,61_63,25.2855,55.25223,19.1097,2.20108,5.13012,1.20231,0.06359,0.61485,14.12305,24.66205,1.0,0.92294,6.925647023,80.64287369
0,2,72_73,13.06536,70.49926,14.85319,0.97935,5.87848,1.39972,0.05449,13.60038,13.48188,25.59653,2.0,1.17031,7.190756311,80.94483999
0,1,58_60,20.90426,63.22278,14.16704,2.40944,5.0744,1.26732,0.05895,4.35341,13.24941,21.73771,2.0,1.92835,6.830723654,80.54883147
0,0,56_64,19.88995,64.70162,14.00116,2.06447,5.0959,1.25009,0.05971,2.93933,12.66064,20.99331,2.0,2.08253,6.936433217,80.48717168
0,3,60_60,22.78086,59.80455,15.46199,2.2769,5.09533,1.24606,0.06102,4.18751,13.42744,22.60328,3.0,2.80951,6.828033462,80.59733544
0,3,65_59,24.81895,54.15011,19.74963,2.28767,5.21245,1.19637,0.06744,3.39512,13.96198,26.54579,3.0,3.65057,6.795963962,80.72890843
0,0,68_60,26.05676,49.49089,23.46795,2.2439,5.22239,1.16641,0.07799,0.19345,14.09412,25.51952,1.0,3.75446,6.840026874,80.81281754
0,4,58_61,20.58662,63.57827,14.2801,2.40033,5.06759,1.26616,0.05939,4.11565,13.24906,21.64641,2.0,0.38576,6.853203545,80.55138168
0,1,72_71,14.92678,66.86372,16.39669,1.17024,5.75326,1.34068,0.05753,14.21771,13.76097,28.01333,3.0,7.67931,7.130879426,80.94329295
0,4,67_60,26.63665,48.31851,24.28625,2.25098,5.21606,1.16328,0.07816,-1.32701,14.0942,24.70304,2.0,3.37818,6.839946958,80.80383051
0,3,57_59,20.54445,64.80499,12.97643,2.64519,4.99617,1.27969,0.05144,5.52254,11.65709,22.86377,2.0,3.78631,6.79889648,80.51769179
0,4,63_67,24.95571,53.95312,20.10188,2.22574,5.3099,1.19239,0.06659,3.36603,15.41917,27.0151,2.0,2.90816,7.032253996,80.69670897
0,2,56_59,21.16487,63.55533,13.70466,2.51904,4.98551,1.27429,0.05341,5.06137,11.77652,23.30396,1.0,2.6812,6.81718813,80.5109719
0,0,66_66,25.65367,51.75705,21.31914,2.3073,5.30875,1.15743,0.06967,5.5127,15.79234,29.91033,2.0,1.01842,6.99211653,80.77010617
0,1,71_66,17.99727,59.08806,20.18834,2.06956,5.44006,1.18862,0.0689,19.74859,15.6671,36.47018,2.0,2.69717,6.994030352,80.89581792
0,4,67_73,21.72487,59.44564,17.40407,1.34666,5.69788,1.3098,0.05435,6.86555,13.88259,27.29808,1.0,5.25878,7.188533452,80.78426859
0,2,56_59,21.02747,63.86071,13.56834,2.51252,4.98021,1.26233,0.05286,5.19044,11.77456,23.4625,2.0,3.2699,6.816193884,80.5053778
0,2,73_69,16.68141,63.63454,17.19802,1.924,5.63457,1.26471,0.06323,15.7622,14.71061,31.12868,4.0,8.99056,7.075801197,80.95276037
0,0,72_70,16.81124,63.62009,17.20684,1.9625,5.61034,1.28239,0.06175,15.40879,14.52122,30.89767,2.0,11.36153,7.094893986,80.93220243
0,0,59_63,21.03981,62.31809,15.4849,2.21426,5.08895,1.24315,0.06108,2.54235,13.40417,21.52606,2.0,1.99881,6.912574712,80.58299329
0,4,60_59,23.03944,59.33023,15.66178,2.28227,5.10074,1.24227,0.06136,4.2328,13.42986,22.88193,4.0,3.24641,6.815850774,80.60529062
0,3,64_60,25.70646,52.92936,20.43004,2.26752,5.21529,1.18085,0.06825,1.82235,14.56019,26.01336,3.0,0.25415,6.831960202,80.72120063
0,2,62_58,23.98719,56.47244,18.02098,2.25787,5.21347,1.22097,0.06227,4.16058,13.95083,25.63909,1.0,3.13517,6.783491671,80.67185256
0,2,59_61,22.18277,60.39571,15.97787,2.214,5.06122,1.24158,0.06284,3.27083,13.30388,22.2931,,2.07403,6.855023636,80.59237317
0,4,72_74,13.2759,70.26759,14.97121,0.97876,5.88114,1.40055,0.05401,13.42229,13.48171,25.64081,,1.08626,7.202509887,80.93950948
0,2,56_63,20.83581,63.79691,13.96736,2.06731,5.02603,1.28723,0.057,2.86068,12.63458,21.71068,1.0,0.88921,6.911458199,80.48768686
0,0,63_62,29.75282,48.11873,22.39427,2.2346,5.21813,1.17221,0.06512,-0.17765,14.56211,28.8923,1.0,3.44301,6.900655791,80.68958353
0,2,65_67,24.27627,53.93668,20.72387,2.25184,5.32806,1.19059,0.06367,5.13997,15.64621,27.99438,2.0,1.47401,7.029972433,80.72885292
0,2,61_66,22.00472,59.69191,17.39137,2.28502,5.21945,1.19553,0.06388,1.5792,14.33144,22.27353,2.0,3.14569,7.000131127,80.62453693
0,3,54_66,20.56313,63.86937,14.09569,1.48761,5.1251,1.30971,0.05929,4.36866,12.29622,23.4001,2.0,4.08029,6.991085722,80.43477715
0,3,60_66,20.60207,61.97569,16.43814,2.27014,5.22294,1.20471,0.06315,1.44776,14.32613,20.72695,2.0,1.90037,7.005415162,80.6027752
0,1,67_68,22.43383,55.48604,20.63463,2.12425,5.39758,1.20845,0.06405,9.1166,15.18394,30.29205,4.0,4.21426,7.040203339,80.79259343
0,3,63_61,26.24552,52.99553,20.10074,2.24045,5.21788,1.18412,0.0648,1.44435,14.55605,26.08461,2.0,3.88384,6.857049061,80.68557334
0,4,60_59,23.26772,58.80323,16.10487,2.28719,5.10192,1.23831,0.06178,4.15597,13.4323,23.48088,2.0,2.95393,6.816976876,80.61879115
0,1,60_68,24.13259,56.79574,18.17083,1.49912,5.41489,1.24929,0.06529,0.45027,13.45426,23.18767,,4.47468,7.056124352,80.61270372
0,0,63_60,24.95505,54.65394,19.29176,2.25019,5.2179,1.19021,0.06527,2.37375,14.55364,25.36661,3.0,3.1927,6.823824378,80.69178194
0,0,61_57,22.26818,60.01541,15.90096,2.40912,5.25301,1.27159,0.05715,5.78117,13.7468,24.93075,1.0,3.89706,6.757070074,80.63151834
0,3,64_66,26.03965,52.19153,21.04392,2.28363,5.26076,1.16947,0.06838,2.99235,15.42655,27.9136,2.0,2.73574,6.995268807,80.71934864
0,1,71_71,15.93139,64.99501,17.23083,1.31546,5.6949,1.32374,0.05748,14.26712,13.86894,28.98564,4.0,8.44465,7.124465373,80.90875131
0,3,63_61,26.68887,51.97011,20.73022,2.25249,5.21458,1.17565,0.06661,1.3081,14.56,26.60463,2.0,2.46932,6.860649956,80.70036181
0,3,71_70,15.9932,64.69542,17.39927,1.32054,5.67817,1.31885,0.05817,14.67353,13.8714,29.43582,1.0,9.42104,7.111477281,80.9058563
0,4,57_63,18.58784,66.59489,13.41599,2.15603,5.07955,1.27431,0.05981,3.09403,13.38691,19.74685,2.0,2.07172,6.927451255,80.53205353
0,0,59_60,21.85755,61.53765,14.67542,2.40526,5.10713,1.25378,0.05876,4.49815,13.03103,21.85466,2.0,1.54774,6.822422733,80.57423483
0,3,67_61,26.89064,49.11591,23.22636,2.20958,5.25798,1.16576,0.07626,0.28474,14.68954,26.3701,3.0,1.8417,6.85719207,80.78453769
0,1,66_65,27.13216,49.97375,22.01589,2.34451,5.28454,1.14137,0.07078,3.58337,15.79304,29.68754,1.0,1.15594,6.962540532,80.75705453
0,1,55_63,20.08281,64.56347,13.92941,2.06682,5.08113,1.24908,0.05929,3.09821,12.65993,21.30338,2.0,1.63175,6.923357793,80.47817158
0,4,65_57,23.82611,54.85516,19.83409,2.2406,5.37614,1.22071,0.06764,4.13004,15.24172,26.2135,1.0,4.34585,6.7642253,80.74111163
0,0,60_64,21.36745,60.88669,16.9543,2.2342,5.18416,1.19339,0.06408,0.96244,14.5779,20.86384,1.0,2.26145,6.946511787,80.61707351
0,2,56_59,20.7405,64.09052,13.52527,2.42853,4.968,1.26428,0.0516,5.74798,11.99724,23.83666,2.0,4.50739,6.81333015,80.49430249
0,0,66_66,25.65367,51.75705,21.31914,2.3073,5.30875,1.15743,0.06967,5.5127,15.79234,29.91033,1.0,1.18934,6.991820394,80.76736558
0,0,66_72,22.75632,57.54754,18.34003,1.53215,5.60834,1.28037,0.05392,6.94114,14.58456,28.32658,2.0,5.804,7.169613779,80.77943084
0,0,63_60,25.27872,54.17362,19.54926,2.25007,5.21713,1.1867,0.06548,2.12661,14.55478,25.54024,2.0,3.06575,6.831884332,80.69232595
0,3,64_68,25.20955,53.73055,19.841,2.19428,5.33209,1.20194,0.06562,4.21186,14.69392,27.85275,1.0,3.82955,7.050986128,80.70452005
0,3,62_63,27.03952,52.76945,20.00893,2.274,5.1371,1.18679,0.06448,0.39695,14.78768,26.35606,1.0,1.34302,6.918570051,80.65410924
0,2,65_67,24.64336,53.59086,20.7945,2.18235,5.28189,1.19629,0.06444,5.21743,15.30783,28.79609,1.0,2.36365,7.036848573,80.73316557
0,3,67_72,21.93691,58.88275,17.83949,1.46808,5.62071,1.29048,0.05314,7.90685,14.13038,28.51885,2.0,2.84226,7.168854541,80.80763466
0,4,65_70,24.4737,53.97924,20.08068,2.10121,5.35739,1.22234,0.06119,6.51136,14.57799,29.31813,2.0,2.15537,7.093442371,80.73162516
0,1,67_67,23.79217,53.45375,21.20608,2.24769,5.29456,1.16362,0.06709,9.4137,15.6814,32.06514,1.0,1.41397,7.011500138,80.80199401
0,2,67_63,27.38861,48.70121,23.05848,2.14746,5.2899,1.14632,0.07554,3.07646,15.03376,29.74961,1.0,2.02465,6.927730797,80.80463533
0,1,68_72,21.30556,59.31649,18.04717,1.49812,5.59545,1.29025,0.05466,8.06358,14.8555,28.11977,1.0,2.31769,7.166083593,80.81495996
0,1,68_65,24.39047,52.49621,21.51733,2.2933,5.26377,1.155,0.07103,9.00346,15.85254,32.14968,2.0,0.98282,6.976723182,80.82581782
0,0,55_65,20.17453,64.46976,13.9354,2.02877,5.09442,1.26358,0.06007,3.19716,12.65613,21.72142,2.0,2.17281,6.961143915,80.46447054
0,2,61_66,21.88041,59.90199,17.34353,2.29519,5.2132,1.19172,0.06368,1.52317,14.33206,22.09661,3.0,2.82217,6.98892074,80.62396955
0,4,69_68,20.29086,58.15002,19.47604,2.12569,5.48614,1.20158,0.06327,13.72879,15.38795,32.63026,2.0,2.19926,7.046581639,80.83900815
0,4,60_59,23.02163,59.41199,15.49052,2.2823,5.10398,1.24459,0.06119,4.38482,13.4297,22.75647,2.0,1.88305,6.804185803,80.60988678
0,0,59_67,20.92652,62.48877,15.61585,2.16491,5.2422,1.2311,0.06178,0.35263,13.35035,19.95712,2.0,0.65927,7.025578239,80.57789413
0,3,61_68,23.92797,56.85671,18.14993,2.21436,5.29425,1.21252,0.06696,2.10712,14.61025,24.59555,2.0,5.41604,7.044917319,80.62307002
0,3,54_66,20.58202,63.57098,14.4111,1.48589,5.14943,1.30898,0.06009,3.94353,12.29825,23.00072,1.0,2.14221,7.006678256,80.45592305
0,3,54_64,20.16832,64.66626,13.73027,2.03932,5.07381,1.2598,0.05919,3.38627,12.65588,21.83862,1.0,3.89997,6.95048208,80.45068463
0,3,72_67,16.8371,61.34152,19.09455,2.06676,5.47377,1.22259,0.06591,20.07616,15.52609,35.59878,4.0,5.97893,7.034059068,80.92900571
0,2,62_59,23.46267,57.90524,17.16917,2.461,5.17433,1.22358,0.06078,4.20161,13.69236,24.86669,2.0,1.6592,6.799873532,80.65059934
0,2,62_59,24.08393,56.46159,18.11393,2.35443,5.13752,1.20618,0.0629,2.88001,14.01378,24.4121,1.0,0.13725,6.811812605,80.65787693
0,4,69_71,20.12626,59.52358,18.79207,2.05907,5.55466,1.25267,0.05791,10.45939,15.69767,29.31851,2.0,6.40192,7.126379359,80.85392974
0,0,67_59,25.44616,50.76412,22.67555,2.2352,5.25207,1.177,0.07629,0.79559,14.08953,25.33605,1.0,1.16196,6.811260352,80.80358596
0,4,65_63,29.14389,47.02765,23.43438,2.265,5.27548,1.14158,0.07164,0.99449,15.34042,29.43865,1.0,5.50478,6.907604781,80.75388988
0,2,57_61,20.73747,63.70574,13.9863,2.20085,5.04368,1.25979,0.05874,3.63179,13.39225,21.65265,4.0,0.18537,6.873742222,80.53125252
0,1,56_67,19.62916,64.91001,14.14933,1.56044,5.23111,1.32033,0.06184,2.91287,12.12906,21.07783,1.0,3.52464,7.023956878,80.50249725
0,1,68_68,20.75477,57.39598,20.13863,2.11488,5.42139,1.2119,0.06366,12.08331,15.18663,31.57223,2.0,2.36929,7.045683373,80.82912863
0,2,70_67,18.39733,59.62553,19.4117,2.13571,5.48313,1.19629,0.06457,19.08104,15.39268,36.09597,2.0,3.67501,7.036130378,80.88269388
0,2,57_61,21.0004,63.70777,13.72258,2.60528,4.9994,1.26089,0.05744,4.65003,13.32024,22.72887,3.0,2.13245,6.850246646,80.5297892
0,3,63_61,26.22921,52.61003,20.4187,2.25419,5.21487,1.17823,0.0666,1.55165,14.5589,26.26128,2.0,2.5476,6.856360412,80.69784475
0,1,68_67,21.1712,56.8385,20.02554,2.16311,5.44154,1.18443,0.06559,12.66331,15.39127,32.56833,2.0,2.16921,7.017998189,80.83446925
0,3,67_61,26.69787,49.18067,23.35288,2.21401,5.25845,1.16321,0.07657,-0.21301,14.68844,25.68488,2.0,1.77067,6.856009494,80.78710302
0,1,68_67,22.32307,55.30405,20.54164,2.09696,5.40992,1.18132,0.06643,11.59146,15.37681,32.67901,3.0,2.78677,7.020540285,80.82662014
0,1,65_71,23.74872,54.95229,19.73706,1.53063,5.44787,1.25739,0.0571,7.17426,14.22191,29.21159,3.0,2.53494,7.126467943,80.73742372
0,3,64_67,24.27627,53.93668,20.72387,2.25184,5.32806,1.19059,0.06367,5.13997,15.64621,27.99438,2.0,1.22958,7.03010432,80.72464542
0,4,65_57,23.80538,54.60093,20.10617,2.24397,5.37876,1.22598,0.06887,4.07042,15.24336,26.29832,2.0,2.92198,6.762695747,80.75459613
0,4,67_60,26.07837,49.26952,23.76161,2.24454,5.23816,1.17247,0.07736,-0.90061,14.09148,24.46713,1.0,2.28172,6.822226752,80.80716939
0,2,56_59,21.02747,63.86071,13.56834,2.51252,4.98021,1.26233,0.05286,5.19044,11.77456,23.4625,2.0,3.69558,6.815469538,80.50141673
0,1,54_63,20.01602,65.8443,12.72109,2.109,4.95355,1.25944,0.05554,4.72814,11.59293,22.94522,1.0,2.37743,6.912718255,80.44484911
0,4,64_63,30.64085,46.69306,23.0686,2.30819,5.22962,1.1559,0.06487,-0.2788,15.16962,29.91937,1.0,1.32077,6.918473933,80.70313391
0,2,69_67,19.61024,58.18623,19.84732,2.1608,5.44756,1.18466,0.06612,16.67046,15.3941,34.967,2.0,1.87853,7.018968173,80.86293029
0,3,65_58,24.86478,53.87736,19.98557,2.29186,5.21454,1.19315,0.0683,3.27761,13.96362,26.57252,2.0,4.75583,6.791598604,80.7414315
0,1,58_60,20.90426,63.22278,14.16704,2.40944,5.0744,1.26732,0.05895,4.35341,13.24941,21.73771,2.0,1.79407,6.832793843,80.54742615
0,0,61_65,21.86887,59.99451,17.34843,2.31584,5.20016,1.1836,0.0634,1.36333,14.33348,21.91786,2.0,3.752,6.974490952,80.62922313
0,2,71_72,14.41916,68.03527,15.8425,0.98909,5.81198,1.37747,0.05621,13.85597,13.4975,27.06665,2.0,4.56702,7.160956299,80.9065195
0,3,64_65,27.79836,49.63422,22.01079,2.34627,5.28905,1.14593,0.06949,2.16371,15.78917,29.01198,2.0,4.33669,6.959198605,80.72813661
0,0,59_60,21.33346,62.04383,14.9271,2.19904,5.05604,1.25505,0.06146,3.76823,13.29658,21.52492,2.0,0.48883,6.84061369,80.57202489
0,0,63_66,25.4312,53.53566,20.31182,2.25849,5.28681,1.17935,0.06694,2.44378,15.42004,26.71222,3.0,3.58878,7.000292495,80.69419212
0,4,65_70,24.4737,53.97924,20.08068,2.10121,5.35739,1.22234,0.06119,6.51136,14.57799,29.31813,2.0,2.25556,7.093735466,80.73056762
0,0,63_62,29.75282,48.11873,22.39427,2.2346,5.21813,1.17221,0.06512,-0.17765,14.56211,28.8923,3.0,3.94258,6.895636658,80.69048924
0,3,67_61,26.68704,49.19637,23.29156,2.20981,5.25918,1.16536,0.07684,0.33068,14.69006,26.24286,2.0,0.72106,6.864466566,80.79160989
0,1,68_72,20.86991,59.917,17.76962,1.29725,5.67269,1.31141,0.05523,9.19944,13.58965,28.70561,3.0,2.42369,7.171727326,80.81053495
0,2,64_57,23.56702,55.55558,19.31922,2.22873,5.38788,1.23312,0.06572,4.50424,15.23924,26.11469,3.0,3.22622,6.758925694,80.72018377
0,4,69_68,19.87444,58.56624,19.39403,2.12559,5.48886,1.20149,0.06339,14.67843,15.38879,33.17221,2.0,2.35712,7.05076223,80.85483073
0,0,68_60,25.35856,50.76711,22.65342,2.23369,5.24034,1.17325,0.07743,1.42567,14.09261,25.92622,1.0,3.98839,6.835751007,80.81932969
0,4,65_70,24.2863,54.02452,20.08314,2.0918,5.36765,1.22569,0.06064,7.13447,14.57866,29.59565,2.0,1.95851,7.106258383,80.73341348
0,2,64_58,24.42772,55.16009,19.02424,2.27442,5.21802,1.20807,0.06517,3.89686,13.9575,26.39002,1.0,1.14355,6.782572911,80.7100202
0,3,67_61,26.90079,49.08806,23.19108,2.20452,5.25916,1.16547,0.07644,0.82019,14.69112,26.94378,4.0,0.27788,6.866923753,80.79571004
0,2,70_72,16.92379,64.22079,17.25094,1.30549,5.72112,1.32846,0.05568,12.44019,13.8687,28.12328,2.0,4.78647,7.15724966,80.86816575
0,0,66_75,24.97457,57.74622,15.76812,1.17446,5.6238,1.32002,0.05289,6.66534,13.69296,30.567,,1.89037,7.235550627,80.77085234
0,1,56_66,18.97252,65.92151,13.91181,2.15048,5.15158,1.26401,0.06358,1.80852,12.79072,19.29714,1.0,3.01653,6.994118956,80.50724564
0,3,57_59,20.71071,64.40446,13.17487,2.60069,5.08383,1.28152,0.0545,5.2191,11.94741,22.51201,2.0,2.62954,6.806662388,80.53415991
0,3,67_61,26.68704,49.19637,23.29156,2.20981,5.25918,1.16536,0.07684,0.33068,14.69006,26.24286,3.0,0.52681,6.864710599,80.79646231
0,0,72_70,16.05529,64.35467,17.59042,1.96471,5.60267,1.27945,0.06193,14.6181,14.52296,29.4886,2.0,11.12846,7.092845605,80.93058125
0,3,65_59,25.47446,52.84196,20.57912,2.30171,5.1948,1.18278,0.06955,2.59293,13.96617,26.6182,1.0,2.48717,6.818296104,80.73921641
0,0,66_61,27.33772,48.85862,23.11459,2.20353,5.25766,1.15034,0.07525,0.59645,14.68997,27.11097,2.0,2.09514,6.870440464,80.77690613
0,2,62_59,24.01181,56.57575,17.90525,2.25676,5.20582,1.22016,0.06206,3.97542,13.94993,25.3231,1.0,1.95806,6.797674672,80.66656704
0,2,61_58,22.96382,58.86767,16.55196,2.45685,5.18434,1.25884,0.05918,4.74504,13.68859,24.69438,1.0,2.94631,6.77726261,80.64297705
0,4,69_68,20.70352,57.3457,19.83476,2.2124,5.44673,1.2016,0.06353,14.9228,16.04194,34.28411,1.0,3.24793,7.059037388,80.86168276
0,3,64_65,27.19264,50.96903,21.34227,2.32084,5.31533,1.14847,0.06719,1.80035,15.78344,27.99217,4.0,3.69315,6.963362152,80.70154386
0,1,65_71,23.65907,54.8535,19.84867,1.53197,5.44261,1.25634,0.0569,7.83148,14.22338,29.68166,2.0,2.85957,7.12508673,80.74371885
0,0,57_60,20.74676,63.5607,13.95328,2.49175,5.06584,1.2681,0.05759,4.95001,13.0528,22.18932,2.0,1.13637,6.822652821,80.5382803
0,4,66_70,23.26308,54.84448,20.00308,1.51113,5.39772,1.25821,0.05821,9.40262,14.16452,30.5572,2.0,3.61624,7.11822947,80.77717986
0,0,59_60,21.6308,61.50778,15.18799,2.20461,5.05972,1.25115,0.06189,3.65465,13.29903,21.66743,2.0,0.75048,6.843170724,80.57361605
0,0,64_70,24.25963,55.35853,19.11577,1.50216,5.37909,1.25675,0.06078,4.65188,13.96678,27.51883,2.0,2.71948,7.107315482,80.70195706
0,1,54_63,20.18231,64.83184,13.53996,2.04949,5.05333,1.26321,0.0584,3.53682,12.65572,21.94536,2.0,3.5865,6.923891421,80.44296726
0,0,56_58,20.8594,63.56607,13.86897,2.63601,4.9875,1.27709,0.04985,6.41272,11.65323,24.43334,2.0,3.6337,6.781305263,80.5002788
0,3,64_61,27.28777,50.92126,21.30863,2.25615,5.21351,1.16949,0.06752,1.04743,14.56299,27.15081,2.0,2.69882,6.871334091,80.70813961
0,4,63_67,25.14734,54.18263,19.5866,2.19824,5.33154,1.19394,0.06539,3.39633,14.69102,27.05712,2.0,4.47601,7.036642785,80.68306836
0,3,68_62,25.63469,50.74421,22.42751,2.18845,5.27038,1.17116,0.07671,2.69147,14.69287,27.45595,1.0,2.21517,6.876821774,80.81897922
0,3,66_58,24.94646,52.79922,20.92377,2.23181,5.34405,1.20195,0.07163,3.45144,14.89359,26.91705,1.0,2.99332,6.789078016,80.7607889
0,3,63_61,27.05643,51.68513,20.79351,2.24422,5.21613,1.1775,0.06562,1.07989,14.55909,26.80212,2.0,3.89773,6.869629174,80.69070699
0,2,59_62,21.8767,61.1704,15.6987,2.24319,5.06614,1.24106,0.0619,2.48289,14.12526,21.85536,3.0,1.16708,6.876783041,80.59005791
0,3,54_64,20.16832,64.66626,13.73027,2.03932,5.07381,1.2598,0.05919,3.38627,12.65588,21.83862,2.0,4.15401,6.945237262,80.45575247
0,3,63_61,26.78272,52.2628,20.46019,2.23818,5.21816,1.18186,0.06473,1.14559,14.55705,26.49023,3.0,4.10883,6.86865702,80.68540428
0,0,61_60,24.14568,56.96877,17.47285,2.30304,5.10057,1.22189,0.06341,3.67241,13.44011,24.95417,2.0,1.93901,6.822051823,80.64272494
0,4,66_62,28.33245,48.08626,22.97616,2.24897,5.24401,1.14006,0.07289,1.15329,14.85036,28.66102,1.0,3.41717,6.876758424,80.76579797
0,4,67_73,21.75862,59.05998,17.69304,1.35043,5.68113,1.30737,0.05499,7.2651,13.88331,27.65882,2.0,5.10556,7.184010322,80.78501637
0,4,67_65,25.56429,51.14092,21.96073,2.21873,5.32001,1.13901,0.07319,6.25775,15.61332,30.74296,,1.37798,6.96613559,80.80814357
0,0,63_62,29.62619,48.50833,22.15853,2.22875,5.22041,1.17645,0.06422,-0.24748,14.55999,28.65401,1.0,3.81053,6.89466864,80.6812008
0,4,59_59,21.68801,61.97395,14.2761,2.40348,5.10857,1.25892,0.05807,4.74961,13.02836,21.63037,2.0,2.97212,6.810192925,80.56731793
0,4,58_61,20.85565,63.07166,14.52194,2.40529,5.07138,1.26048,0.05985,3.98647,13.2516,21.69834,2.0,0.77093,6.849180859,80.55692706
0,4,69_68,20.39261,57.87253,19.64136,2.13785,5.47118,1.19575,0.06412,13.88333,15.38945,32.91977,1.0,1.25685,7.037597842,80.84153887
0,3,63_64,28.60106,49.38439,21.93054,2.33918,5.30338,1.14495,0.06727,0.65534,15.78344,28.4562,1.0,1.89859,6.94379781,80.68977461
0,1,71_71,15.93139,64.99501,17.23083,1.31546,5.6949,1.32374,0.05748,14.26712,13.86894,28.98564,2.0,8.15223,7.126885088,80.91055318
0,4,66_70,23.52437,53.72973,20.73549,2.10655,5.34821,1.22718,0.06106,9.99856,15.30763,31.24725,3.0,2.92647,7.102314735,80.77639167
0,0,59_63,20.06853,63.97451,14.66751,2.19853,5.08595,1.25263,0.0604,2.80348,13.3986,20.73853,3.0,0.61271,6.905506355,80.57061773
0,3,66_63,29.99749,45.90256,23.75689,2.22556,5.24616,1.13981,0.0714,1.25977,14.85285,30.667,1.0,4.109,6.914013409,80.77073484
0,1,71_66,17.11635,60.29111,19.75341,2.0495,5.46845,1.20077,0.06773,20.68916,15.6638,36.49783,1.0,3.43414,7.005880159,80.9128199
0,1,71_66,17.99727,59.08806,20.18834,2.06956,5.44006,1.18862,0.0689,19.74859,15.6671,36.47018,2.0,2.51089,6.992328791,80.89587285
0,1,60_63,22.11196,60.07957,17.01316,2.17632,5.14489,1.22899,0.06201,1.23345,14.11417,21.75105,1.0,0.74554,6.924420368,80.61490578
0,4,67_70,22.41323,55.42325,20.26598,2.04469,5.48563,1.24524,0.05973,9.96637,15.17498,30.37753,3.0,3.83747,7.094556988,80.78431013
0,4,66_62,28.12186,48.3739,22.9326,2.28025,5.27039,1.14265,0.07254,0.8903,15.33718,28.14274,2.0,3.89693,6.883555409,80.76077423
0,4,65_61,27.74208,49.09582,22.54466,2.27927,5.27246,1.14696,0.07191,0.96483,15.33486,27.71517,3.0,1.99351,6.866686973,80.74317387
0,3,64_67,24.27627,53.93668,20.72387,2.25184,5.32806,1.19059,0.06367,5.13997,15.64621,27.99438,2.0,1.54589,7.033135365,80.72478932
0,3,72_69,17.53543,61.88809,18.18971,2.09583,5.54396,1.23174,0.06293,17.35993,15.41169,33.6005,4.0,9.02742,7.066945211,80.92286838
0,4,65_61,27.74208,49.09582,22.54466,2.27927,5.27246,1.14696,0.07191,0.96483,15.33486,27.71517,2.0,2.13917,6.869318417,80.74898572
0,4,68_73,19.28525,61.72568,17.63925,1.26507,5.72185,1.33286,0.05462,10.49741,13.82155,28.56831,2.0,0.51668,7.174983771,80.83196058
0,1,62_67,24.93161,54.89503,19.18403,2.26124,5.26727,1.19058,0.0667,2.85939,14.62041,26.37011,2.0,6.32084,7.018483778,80.66280803
0,0,73_71,14.92678,66.86372,16.39669,1.17024,5.75326,1.34068,0.05753,14.21771,13.76097,28.01333,3.0,7.71985,7.130308398,80.94591281
0,1,66_74,21.89639,59.78557,16.71841,1.09592,5.70217,1.3109,0.05517,7.16364,13.38757,27.72618,1.0,4.94302,7.205299899,80.78002097
0,3,64_61,26.68887,51.97011,20.73022,2.25249,5.21458,1.17565,0.06661,1.3081,14.56,26.60463,2.0,2.01267,6.857336796,80.70333404
0,1,68_69,21.3853,56.90232,20.05205,2.08729,5.44689,1.22506,0.06198,10.66423,15.18183,30.61858,4.0,0.66053,7.072604175,80.81461882
0,3,60_58,22.72511,59.67316,15.74336,2.44757,5.17887,1.24352,0.05837,4.46058,13.68459,23.11601,2.0,0.30775,6.79143935,80.61718892
0,3,67_62,27.07044,48.94204,23.11675,2.19168,5.26226,1.16709,0.07603,1.81411,14.69358,28.13273,1.0,1.5054,6.885299808,80.80005314
0,3,64_67,25.40331,53.19602,20.52848,2.25405,5.28524,1.17903,0.0674,3.27057,15.42278,27.44769,1.0,1.36711,7.016093249,80.70825993
0,3,72_69,17.51803,62.45615,17.81035,2.07285,5.57947,1.24411,0.06113,16.12362,15.40556,32.37397,4.0,10.61083,7.091176383,80.92617693
0,0,63_66,25.48869,53.65641,20.2387,2.26609,5.2839,1.17726,0.06678,1.97944,15.41907,26.34579,3.0,4.96807,6.992917035,80.68412224
0,2,65_67,24.38566,53.48986,21.041,2.27031,5.30314,1.18101,0.06487,5.76233,15.65016,28.75961,1.0,2.76506,7.019360134,80.74501933
0,1,61_69,24.47917,55.39514,19.10595,1.48853,5.38398,1.25082,0.0651,2.59823,14.21908,26.08218,2.0,1.69276,7.087195889,80.64160148
0,3,64_66,26.03965,52.19153,21.04392,2.28363,5.26076,1.16947,0.06838,2.99235,15.42655,27.9136,2.0,2.96138,6.993531871,80.71592007
0,2,54_65,20.23894,64.36539,13.94346,1.49724,5.12222,1.27034,0.05823,4.19153,12.29694,22.82915,3.0,2.62492,6.972799578,80.4473628
0,3,72_69,17.54196,62.16093,17.99881,2.08429,5.56167,1.23793,0.06203,16.69944,15.40863,32.96,4.0,9.45677,7.074438126,80.92313803
0,0,61_57,22.41188,59.66501,16.15653,2.41094,5.25359,1.26865,0.05774,5.74212,13.74857,25.21545,1.0,4.30089,6.758165923,80.64166972
0,4,66_67,24.36606,53.22366,21.30096,2.28907,5.27987,1.16927,0.06615,6.39762,15.65418,29.42985,3.0,1.28916,7.010714952,80.76742447
0,4,62_64,26.05765,53.72818,19.93302,2.29821,5.14821,1.15973,0.06563,0.93764,15.02215,26.01704,1.0,1.13026,6.955219166,80.66120514
0,2,62_59,24.2235,56.70873,17.64804,2.34946,5.13819,1.2218,0.06221,3.78208,14.01191,25.25882,2.0,0.39039,6.81654977,80.65731575
0,2,67_71,22.57463,56.87734,18.97255,1.52468,5.51353,1.27485,0.05673,8.77819,14.52574,29.71412,3.0,6.05998,7.13349762,80.79341995
0,4,62_62,25.9877,53.86845,19.68567,2.21362,5.23059,1.19437,0.06208,1.07577,14.55207,25.55989,2.0,1.41647,6.891261265,80.65610827
0,2,59_61,21.37393,62.19217,15.00335,2.23568,5.05684,1.24992,0.06108,2.85649,14.12033,21.45265,2.0,0.27003,6.872358751,80.57063221
0,0,55_66,20.1943,63.98786,14.4169,1.49268,5.16239,1.26957,0.05963,3.59846,12.29998,22.23118,1.0,1.17854,6.99087343,80.47708709
0,2,64_62,28.53448,49.48292,21.87811,2.24404,5.21571,1.16985,0.06627,0.46807,14.56311,28.08185,3.0,4.61064,6.888210364,80.70330367
0,4,67_60,26.68992,48.40922,24.2089,2.22036,5.25959,1.1628,0.07761,-1.73174,14.68792,24.32012,1.0,2.80425,6.844093556,80.79683252
0,4,66_67,24.03682,53.76318,20.97667,2.25952,5.30796,1.18522,0.0646,6.60006,15.65069,29.157,2.0,3.5474,7.028041471,80.75658261
0,4,56_61,21.50602,63.03009,14.04438,2.33376,4.99803,1.2632,0.05529,3.92739,11.78782,22.97864,1.0,2.55364,6.865852971,80.50502744
0,2,66_64,28.52406,47.9238,23.03683,2.24881,5.30872,1.15097,0.07253,1.90684,15.60728,29.64411,2.0,2.82394,6.933325734,80.7606433
0,2,62_59,24.01181,56.57575,17.90525,2.25676,5.20582,1.22016,0.06206,3.97542,13.94993,25.3231,1.0,1.49968,6.799676797,80.66003554
0,2,63_57,22.9654,58.36834,17.06006,2.41986,5.2484,1.25404,0.06022,5.33709,13.75513,25.82159,3.0,3.25856,6.765572788,80.67429559
0,0,63_60,25.07049,54.65998,19.23108,2.24433,5.21831,1.19078,0.06463,2.21982,14.55293,25.28407,3.0,3.51977,6.831610882,80.68365065
0,1,68_59,23.88431,53.30004,21.25778,2.17797,5.36187,1.18571,0.07542,3.60746,14.70471,26.3445,1.0,1.62665,6.798128895,80.82202328
0,4,69_72,19.06071,61.82617,17.70336,1.25691,5.70178,1.32537,0.05623,9.93552,14.38577,27.76889,2.0,2.45265,7.158435923,80.83779041
0,3,71_73,14.61859,68.08608,15.78157,0.98659,5.83057,1.38214,0.05503,13.21053,13.495,26.66755,,2.78812,7.186050418,80.89897024
0,0,72_70,15.56912,65.59981,16.88597,1.30356,5.67339,1.32789,0.05874,14.84143,13.75203,29.22359,4.0,10.74826,7.102806625,80.93087023
0,1,65_62,28.44716,48.17393,22.90623,2.2712,5.27376,1.14464,0.07145,0.94123,15.33717,28.5332,4.0,4.437,6.889581584,80.74341661
0,3,67_61,26.90079,49.08806,23.19108,2.20452,5.25916,1.16547,0.07644,0.82019,14.69112,26.94378,1.0,0.43512,6.872479143,80.79334426
0,2,63_57,22.97416,57.62119,17.79566,2.27552,5.25951,1.24172,0.06095,4.48472,14.30562,25.23137,2.0,2.30816,6.7611762,80.69097683
0,0,62_61,25.8766,53.86618,19.61756,2.226,5.22356,1.19218,0.06307,1.40624,14.55278,25.57247,1.0,2.20625,6.868951206,80.66662279
0,2,65_64,28.42321,48.45002,22.71257,2.24118,5.31565,1.15578,0.07125,1.61168,15.60467,29.20779,1.0,4.46314,6.934064524,80.74018466
0,0,58_59,21.38279,62.46643,14.20262,2.39966,5.10419,1.26658,0.05744,4.92488,13.02585,21.96448,,3.09068,6.813243639,80.55765637
0,4,66_70,23.8443,53.74532,20.4016,1.51182,5.38839,1.25827,0.05886,9.21977,14.1615,30.74665,2.0,0.98481,7.106771045,80.75579128
0,0,55_65,20.17453,64.46976,13.9354,2.02877,5.09442,1.26358,0.06007,3.19716,12.65613,21.72142,1.0,1.97393,6.962166131,80.46923188
0,2,64_62,27.73078,49.83158,21.99047,2.2646,5.21293,1.16072,0.06941,0.92,14.5677,27.67087,2.0,3.46065,6.881045304,80.72395092
0,2,73_72,13.06086,70.14366,15.01705,0.98399,5.84929,1.39089,0.05602,14.14361,13.48723,26.08229,3.0,3.80232,7.165837946,80.95391013
0,1,68_68,21.17733,56.93526,20.23665,2.11405,5.41851,1.21245,0.0636,11.3019,15.18565,31.19533,3.0,2.1044,7.051009323,80.81876993
0,1,70_68,18.99436,59.41279,19.24099,2.12493,5.49557,1.20179,0.06358,16.77963,15.39028,34.39874,4.0,2.59711,7.045217496,80.86790607
0,2,56_63,20.60088,63.76338,14.26056,2.08452,5.05522,1.25357,0.05768,2.54354,12.63891,21.06329,2.0,1.19459,6.910929051,80.50756166
0,0,63_66,25.90185,53.44394,19.9965,2.30014,5.2696,1.16902,0.06567,2.12574,14.81035,26.7638,2.0,3.8664,6.984635803,80.67478658
0,2,63_58,24.03292,56.12061,18.34116,2.26196,5.22325,1.2417,0.06309,4.31583,13.95317,26.12762,1.0,1.72597,6.771952262,80.68662112
0,3,67_62,26.75755,49.29814,23.0373,2.19706,5.26193,1.16669,0.07641,1.55232,14.69253,27.53111,1.0,1.05397,6.878344705,80.80643403
0,1,69_69,19.78634,59.0644,19.40492,2.07994,5.47902,1.22874,0.06111,12.67945,15.18376,31.17307,2.0,1.79141,7.075028274,80.84720947
0,2,59_61,21.70371,61.16051,15.70401,2.19091,5.13227,1.24768,0.06195,2.72803,14.11035,21.45419,,1.56392,6.860126759,80.58858443
0,3,57_59,20.75447,64.37431,13.14439,2.46376,5.10111,1.28154,0.05451,5.38469,11.78756,22.70112,2.0,3.67547,6.797336892,80.5269713
0,4,65_70,24.39558,53.739,20.27525,2.10391,5.35187,1.22107,0.06115,7.31206,14.57974,29.89069,3.0,1.4921,7.093578161,80.7381201
0,2,62_66,25.25858,54.48837,19.48376,2.29679,5.24687,1.17785,0.06691,2.3397,14.62369,26.27405,1.0,4.95477,6.99365564,80.65990081
0,2,63_58,24.34225,55.45955,18.78702,2.27032,5.2165,1.21127,0.06441,3.96912,13.95586,26.2528,1.0,0.45123,6.783405888,80.69775159
0,1,71_71,16.06807,65.18711,17.04767,1.30687,5.72113,1.33082,0.05618,13.44198,13.86586,28.31585,4.0,6.56197,7.144755122,80.89831006
0,1,58_60,20.90426,63.22278,14.16704,2.40944,5.0744,1.26732,0.05895,4.35341,13.24941,21.73771,,2.15062,6.830571062,80.55086973
0,2,56_59,20.96237,63.6939,13.65507,2.6294,4.98553,1.26289,0.0505,5.76852,11.65302,23.89186,2.0,3.83064,6.805816929,80.50685167
0,3,57_59,20.75447,64.37431,13.14439,2.46376,5.10111,1.28154,0.05451,5.38469,11.78756,22.70112,2.0,3.74837,6.796578067,80.52775638
0,0,66_75,22.95646,59.81126,15.81668,1.09582,5.72788,1.33869,0.05369,6.4764,13.38548,28.3506,2.0,1.89437,7.23327061,80.77630743
0,0,63_70,24.25963,55.35853,19.11577,1.50216,5.37909,1.25675,0.06078,4.65188,13.96678,27.51883,3.0,3.12637,7.102605668,80.69699745
0,3,66_58,25.24105,52.28065,21.22919,2.23952,5.32943,1.19597,0.07234,3.00375,14.89463,26.82146,1.0,3.21551,6.790898992,80.7597732
0,4,59_58,22.17338,61.18331,14.39383,2.41567,5.12496,1.25633,0.05827,4.949,13.03217,21.75104,4.0,3.39766,6.78837674,80.5890406
0,3,57_64,18.2603,67.08215,13.31972,2.256,5.09105,1.27851,0.06226,2.63761,13.40536,19.02807,2.0,1.88668,6.932355498,80.52348698
0,4,59_58,21.97304,61.58833,14.18334,2.41209,5.1225,1.25947,0.05776,5.06027,13.02984,21.6975,4.0,4.37219,6.787334149,80.58027498
0,1,54_63,20.18231,64.83184,13.53996,2.04949,5.05333,1.26321,0.0584,3.53682,12.65572,21.94536,2.0,3.93235,6.926193128,80.44920054
0,3,64_66,25.40331,53.19602,20.52848,2.25405,5.28524,1.17903,0.0674,3.27057,15.42278,27.44769,2.0,1.83959,7.007794845,80.70868592
0,1,68_59,24.4865,52.21976,21.93043,2.19349,5.33865,1.17697,0.07629,2.45647,14.70621,25.8883,1.0,0.50913,6.805287586,80.81048024
0,4,59_59,21.56958,62.04807,14.4839,2.40125,5.10402,1.25743,0.05818,4.65404,13.0285,21.91694,3.0,1.96677,6.819178929,80.56884261
0,0,61_65,21.86887,59.99451,17.34843,2.31584,5.20016,1.1836,0.0634,1.36333,14.33348,21.91786,3.0,3.33843,6.972800381,80.62405732
0,1,68_59,24.10632,52.97787,21.45097,2.18364,5.35526,1.18363,0.07537,3.18391,14.70472,26.15077,2.0,1.11119,6.79751255,80.8169061
0,1,63_63,30.13979,47.36147,22.81959,2.23569,5.21928,1.16809,0.06588,-0.18855,14.56493,29.40746,1.0,2.81065,6.904803099,80.6966581
0,1,57_65,18.44197,66.73738,13.59982,2.1668,5.14282,1.25932,0.06279,1.93576,12.79116,18.80842,3.0,0.52562,6.972537557,80.51597754
0,1,67_67,24.11448,53.16576,21.26014,2.24618,5.29715,1.16489,0.06681,8.67754,15.67988,31.66943,2.0,1.00047,7.010923602,80.79531997
0,1,63_59,24.76595,55.11141,18.98267,2.24463,5.21881,1.19415,0.06444,2.46495,14.55185,25.12148,2.0,2.55431,6.81882987,80.68015493
0,2,57_61,20.73747,63.70574,13.9863,2.20085,5.04368,1.25979,0.05874,3.63179,13.39225,21.65265,2.0,0.24703,6.868449794,80.52986111
0,4,58_61,21.11095,62.91237,14.43735,2.21448,5.05393,1.25789,0.05941,3.42763,13.39708,21.71831,3.0,1.67867,6.869948815,80.54556836
0,4,66_70,23.60691,53.60836,20.90875,2.12982,5.31922,1.21741,0.06231,9.78291,15.30983,31.31804,2.0,2.50428,7.091561646,80.77103822
0,2,59_61,21.70371,61.16051,15.70401,2.19091,5.13227,1.24768,0.06195,2.72803,14.11035,21.45419,,1.55844,6.863913587,80.5881337
0,2,62_58,23.46267,57.90524,17.16917,2.461,5.17433,1.22358,0.06078,4.20161,13.69236,24.86669,1.0,2.27471,6.792491259,80.65707787
0,2,56_63,20.88336,63.37661,14.34348,2.09168,5.04964,1.25259,0.05744,2.61389,12.6397,21.3115,2.0,1.74631,6.902092294,80.51069551
0,1,60_68,23.95614,57.11268,18.02974,1.49748,5.41318,1.2515,0.06569,0.3728,13.45322,22.94017,,4.23644,7.056272733,80.61010889
0,0,68_70,20.35935,58.93922,19.09666,2.04312,5.52385,1.24585,0.05862,10.74157,15.17794,29.70775,2.0,3.5947,7.102495378,80.82911877
0,2,63_57,23.16214,57.30595,17.97194,2.28099,5.25123,1.24753,0.06162,4.24342,14.30645,25.1774,2.0,2.19147,6.762752342,80.69023565
0,0,63_62,27.45193,51.36487,20.88474,2.23545,5.21867,1.17984,0.06461,0.79859,14.55804,27.00341,1.0,3.30734,6.8757067,80.67961702
0,0,66_66,25.65367,51.75705,21.31914,2.3073,5.30875,1.15743,0.06967,5.5127,15.79234,29.91033,1.0,1.21977,6.995591321,80.76364867
0,3,68_61,25.38932,50.83287,22.58844,2.20143,5.27278,1.16865,0.07746,1.46786,14.68917,26.00178,1.0,3.53945,6.853095145,80.82566798
0,0,64_70,24.1491,54.85648,19.65586,1.53158,5.44415,1.25766,0.05802,5.77464,14.21756,28.46075,2.0,1.29307,7.117405542,80.71069124
0,1,65_68,24.4999,53.76762,20.67881,2.16957,5.29307,1.2019,0.06401,5.45328,15.3067,28.80257,1.0,3.27759,7.04789695,80.73002315
0,3,65_59,25.52536,52.51696,20.8617,2.30668,5.19644,1.17924,0.07053,2.38984,13.96791,26.5611,2.0,3.8924,6.809990092,80.74897306
0,3,64_66,25.08778,52.94385,21.16395,2.29081,5.29463,1.17309,0.06525,4.19922,15.64896,28.06141,1.0,1.65008,7.006001138,80.72517135
0,4,65_72,23.06815,56.78013,18.69754,1.51566,5.51831,1.26583,0.0553,5.7516,14.22265,27.34209,1.0,5.03281,7.163521929,80.74358968
0,1,72_68,16.92782,61.85801,18.66695,2.0518,5.50133,1.23321,0.06474,18.06777,15.52178,33.7236,2.0,6.83097,7.041749942,80.93170186
0,1,65_68,24.45697,53.47311,20.96989,2.18777,5.27318,1.19287,0.06476,6.23482,15.31119,29.53032,2.0,3.82039,7.044860013,80.74401341
0,4,67_66,24.08013,53.0777,21.35916,2.26062,5.28529,1.15809,0.06778,8.98147,15.68237,31.99037,2.0,1.50822,7.000639972,80.80689069
0,3,68_63,25.5001,51.0932,22.15457,2.14224,5.29681,1.14851,0.0761,4.77475,15.03547,29.38191,2.0,0.42402,6.924062929,80.819739
0,4,59_59,22.21627,61.35857,13.89017,2.40932,5.11723,1.25533,0.05856,4.60332,13.03067,20.38991,2.0,4.04799,6.800757592,80.58172346
0,2,60_69,24.20091,56.81391,18.0862,1.49133,5.41395,1.27232,0.06654,0.22378,13.45231,23.06122,1.0,2.53132,7.065976908,80.59811131
0,1,68_59,24.10632,52.97787,21.45097,2.18364,5.35526,1.18363,0.07537,3.18391,14.70472,26.15077,1.0,0.88948,6.794553374,80.81160305
0,4,69_72,19.06071,61.82617,17.70336,1.25691,5.70178,1.32537,0.05623,9.93552,14.38577,27.76889,2.0,2.84338,7.158574062,80.84590186
0,0,67_59,24.10632,52.97787,21.45097,2.18364,5.35526,1.18363,0.07537,3.18391,14.70472,26.15077,1.0,0.23143,6.799947799,80.80900751
0,4,69_72,17.33959,63.45859,17.51792,1.3112,5.70097,1.32213,0.05643,12.44368,13.87238,28.47931,1.0,4.8417,7.145576546,80.85866741
0,0,64_70,24.31084,55.19719,19.2534,1.50715,5.36625,1.25342,0.06087,4.83198,13.96722,27.76784,2.0,2.76728,7.092365231,80.70177938
0,4,62_64,26.06374,53.82893,19.90937,2.27752,5.15782,1.19838,0.06617,0.1809,14.59111,25.15779,1.0,0.88044,6.936760053,80.65579038
0,1,68_66,24.02366,52.9377,21.36944,2.28029,5.27091,1.16006,0.07032,9.70404,15.85198,32.42769,2.0,1.67448,6.985080262,80.81862616
0,0,67_64,26.55634,49.95542,22.39268,2.23108,5.31409,1.13448,0.07337,4.87469,15.61213,30.46472,2.0,0.78915,6.953109805,80.79196365
0,2,61_58,22.81341,59.12094,16.42434,2.45615,5.18857,1.26367,0.05862,4.98502,13.68763,24.83869,2.0,3.15227,6.770283366,80.64004464
0,2,69_66,20.93286,56.92164,20.09828,2.17496,5.4305,1.17904,0.06659,13.47243,15.39348,33.1726,2.0,2.66961,7.008569748,80.83887402
0,2,59_61,21.11591,62.07796,15.39931,2.17978,5.13274,1.24876,0.06158,2.73306,14.10766,21.07925,2.0,0.61151,6.873885552,80.57393715
0,1,54_63,19.99024,65.8501,12.74575,2.10248,4.95648,1.26042,0.05591,4.70341,11.59232,22.94364,1.0,3.12301,6.918855965,80.44841295
0,0,55_66,20.58202,63.57098,14.4111,1.48589,5.14943,1.30898,0.06009,3.94353,12.29825,23.00072,2.0,2.29724,7.002909675,80.45817929
0,3,67_61,26.36742,49.53296,23.18094,2.20782,5.2619,1.16618,0.07719,0.6339,14.69038,26.22405,2.0,1.16895,6.861460661,80.80278251
0,4,73_70,14.98741,66.279,16.76571,1.18521,5.70999,1.32922,0.05925,14.97649,13.76715,28.81105,2.0,10.01073,7.10949014,80.95179778
0,0,56_65,18.44197,66.73738,13.59982,2.1668,5.14282,1.25932,0.06279,1.93576,12.79116,18.80842,3.0,1.20044,6.972077102,80.50933638
0,1,70_68,18.935,59.17779,19.45601,2.13647,5.47946,1.19591,0.0645,17.60239,15.39197,35.16771,2.0,2.53735,7.043299336,80.86871598
0,0,73_71,14.6916,66.9709,16.42831,1.17827,5.73522,1.33751,0.0585,14.55619,13.76232,28.12667,2.0,8.42894,7.118386302,80.96384445
0,4,65_70,24.4737,53.97924,20.08068,2.10121,5.35739,1.22234,0.06119,6.51136,14.57799,29.31813,2.0,2.0439,7.094873987,80.73222262
0,4,63_67,25.11898,53.74479,20.2207,2.23795,5.30013,1.18714,0.06682,3.17643,15.42006,27.03317,1.0,2.6915,7.025214181,80.69620371
0,0,60_64,20.30488,62.76257,15.99922,2.20647,5.13129,1.21125,0.06552,1.53186,13.67261,20.31339,1.0,1.63411,6.943826577,80.61020019
0,2,59_61,21.51546,61.38119,15.7558,2.18609,5.13541,1.24432,0.06197,2.5996,14.11029,21.3869,3.0,1.46633,6.869926889,80.59084612
0,2,56_63,20.99253,63.57951,14.01098,2.07398,5.02133,1.28612,0.05667,2.92374,12.63529,21.85266,3.0,1.88146,6.902180754,80.48637955
0,1,57_65,17.95798,67.28083,13.54654,2.17119,5.15324,1.25768,0.06273,1.84115,12.7925,18.25663,3.0,0.5593,6.974254924,80.51726339
0,4,67_60,26.9704,47.4548,25.0013,2.25377,5.22158,1.16466,0.07782,-2.95285,14.09284,23.50581,2.0,3.90001,6.834247851,80.79341807
0,1,68_67,23.19649,54.10439,21.00541,2.23635,5.30176,1.16785,0.06665,10.57071,15.68193,32.54519,2.0,2.83988,7.020721943,80.81101899
0,4,65_65,27.211,50.04,21.94042,2.34125,5.28859,1.14312,0.07021,3.23417,15.79151,29.41936,1.0,1.87073,6.967181335,80.74974375
0,3,66_58,23.91958,53.94732,20.67817,2.17355,5.37068,1.21527,0.07212,3.89029,14.70067,26.39268,3.0,0.99703,6.779015439,80.77987108
0,3,62_63,28.00367,51.11077,20.91267,2.29876,5.18133,1.18221,0.0638,0.11427,15.40485,27.29208,1.0,0.36,6.926867392,80.65911313
0,3,64_65,27.87882,49.91006,21.80808,2.33737,5.29981,1.13996,0.06819,1.61297,15.78596,28.56834,3.0,3.33659,6.957317985,80.71282209
0,3,66_58,24.23936,53.36178,21.02446,2.18292,5.35531,1.1897,0.07298,3.36777,14.70198,26.24743,3.0,1.42422,6.782877713,80.78022141
0,1,57_62,19.83501,64.91278,13.79039,2.17935,5.06033,1.26165,0.0592,3.35131,13.38963,20.89399,2.0,1.43728,6.895245774,80.52816352
0,1,72_68,16.94326,61.51273,18.91936,2.05637,5.4899,1.2276,0.06504,19.23073,15.52406,34.87078,2.0,7.03514,7.043226611,80.92293254
0,1,71_66,17.68892,59.6141,19.95509,2.06382,5.4498,1.19349,0.06866,19.49903,15.66557,35.91512,1.0,2.91001,6.997606414,80.91042532
0,0,69_65,21.42739,56.08579,20.57178,2.08623,5.44103,1.16279,0.06967,11.72058,15.20961,32.08786,2.0,3.71315,6.976262773,80.85301607
0,1,63_69,24.35981,55.06183,19.37528,1.51233,5.35418,1.2499,0.06093,4.95821,13.9677,27.9714,2.0,2.43909,7.08618435,80.70119444
0,3,66_63,28.88238,47.38021,23.30129,2.27068,5.27291,1.14146,0.07195,0.9124,15.33939,29.05039,1.0,5.25248,6.902024596,80.76126149
0,3,63_64,29.58379,48.68611,21.9157,2.32644,5.19503,1.17349,0.06157,0.52855,15.30322,29.51112,1.0,1.81205,6.935779278,80.68465518
0,0,62_61,25.48956,54.23331,19.4243,2.2363,5.21978,1.18918,0.06397,1.8176,14.55304,25.41278,3.0,4.05276,6.852351875,80.67407207
0,2,72_73,13.2759,70.26759,14.97121,0.97876,5.88114,1.40055,0.05401,13.42229,13.48171,25.64081,2.0,0.49514,7.196823702,80.93316001
0,1,72_71,15.27241,66.12372,16.73498,1.17703,5.72857,1.33246,0.05826,14.53834,13.7658,28.64354,2.0,8.68266,7.121905937,80.93815693
0,3,64_67,24.27627,53.93668,20.72387,2.25184,5.32806,1.19059,0.06367,5.13997,15.64621,27.99438,2.0,1.66473,7.032860877,80.72783229
0,0,58_59,21.0938,63.01401,14.03002,2.38331,5.08868,1.26975,0.05803,4.95381,12.84192,22.08408,4.0,2.74389,6.81139979,80.54749883
0,4,65_65,27.45078,49.36946,22.43042,2.22471,5.3207,1.13993,0.07148,3.11695,15.60707,29.63404,1.0,1.86306,6.956197526,80.75345592
0,0,64_72,23.41561,56.23968,18.90466,1.51667,5.50731,1.26591,0.05634,5.20079,14.21989,27.1377,2.0,2.98544,7.15303896,80.7257022
0,3,66_63,28.88238,47.38021,23.30129,2.27068,5.27291,1.14146,0.07195,0.9124,15.33939,29.05039,2.0,5.71675,6.902683518,80.7562262
0,0,62_61,25.89765,53.66324,19.72594,2.23443,5.2201,1.18955,0.06395,1.54947,14.554,25.70949,2.0,2.99768,6.864392899,80.6721782
0,1,58_58,21.1936,62.86795,14.0189,2.47297,5.11488,1.28,0.05532,5.51607,11.79105,22.67912,1.0,5.52523,6.783304833,80.54842376
0,3,64_67,25.43507,52.97076,20.6782,2.25771,5.2801,1.18113,0.06775,3.6154,15.42457,27.8111,1.0,0.93633,7.013020258,80.71520193
0,4,65_65,27.26484,50.1449,21.84998,2.33765,5.29309,1.14507,0.06962,2.90989,15.78996,29.15257,3.0,2.92221,6.968005841,80.74025364
0,3,60_58,22.37268,60.20495,15.58634,2.44815,5.18917,1.28066,0.05693,5.1142,13.68228,23.85629,2.0,2.5683,6.768528645,80.61157366
0,0,56_58,20.8594,63.56607,13.86897,2.63601,4.9875,1.27709,0.04985,6.41272,11.65323,24.43334,3.0,4.75308,6.790223843,80.50541179
0,0,58_59,21.19671,62.85843,14.01442,2.47132,5.1121,1.26712,0.05565,5.35799,11.79105,22.43731,2.0,4.38132,6.794963311,80.54935811
0,2,66_64,27.45078,49.36946,22.43042,2.22471,5.3207,1.13993,0.07148,3.11695,15.60707,29.63404,2.0,1.83105,6.953343153,80.75682699
0,3,68_61,25.94285,50.11548,22.89456,2.20361,5.26612,1.16822,0.07732,1.19455,14.6905,26.32548,1.0,1.80999,6.863069666,80.81352309
0,3,57_64,18.58784,66.59489,13.41599,2.15603,5.07955,1.27431,0.05981,3.09403,13.38691,19.74685,2.0,1.9432,6.930620128,80.52743246
0,3,70_66,19.42849,58.08323,20.02096,2.18293,5.42612,1.17551,0.06783,17.45563,15.39727,35.61278,1.0,4.22793,6.998055621,80.87400325
0,2,60_61,23.39013,58.38576,16.94939,2.28291,5.08386,1.23099,0.06207,3.38614,13.43267,24.09431,2.0,1.96267,6.857019421,80.61788833
0,3,64_68,24.9371,53.48006,20.44538,2.1499,5.30926,1.20287,0.06287,5.73035,14.5809,29.34924,3.0,4.60016,7.061576618,80.72139247
0,2,69_73,17.25196,64.57477,16.86126,1.24526,5.78401,1.34476,0.05316,12.17957,13.51655,28.27602,4.0,3.55298,7.183066457,80.86300842
0,1,71_66,16.97918,59.93501,20.09842,2.05515,5.45634,1.19512,0.06808,22.87146,15.66574,38.50022,1.0,3.23477,6.998974524,80.90402684
0,3,67_58,24.16845,53.31817,21.1169,2.18236,5.35796,1.18892,0.0735,3.34137,14.70248,26.2097,1.0,2.28788,6.788407792,80.78944946
0,0,59_60,21.94236,60.93743,15.49168,2.21033,5.06251,1.24707,0.06231,3.53535,13.3015,21.8904,2.0,1.74827,6.846906555,80.58514108
0,3,64_60,25.59299,53.31476,20.14444,2.26167,5.21561,1.17873,0.06729,1.93383,14.55841,25.9051,2.0,1.46741,6.834009676,80.70734381
0,4,67_60,26.68992,48.40922,24.2089,2.22036,5.25959,1.1628,0.07761,-1.73174,14.68792,24.32012,1.0,3.45394,6.838278667,80.79807076
0,2,73_72,13.39433,69.44552,15.33503,0.98709,5.82751,1.38414,0.05665,14.38362,13.49183,26.61694,3.0,5.42078,7.151043125,80.9475019
0,2,69_70,20.07419,59.12546,19.15768,2.05576,5.51009,1.2402,0.05941,11.44622,15.18003,30.17734,2.0,3.2649,7.097110582,80.84170561
0,2,58_62,21.06402,62.81201,14.66852,2.21455,5.06335,1.25433,0.05984,3.21174,13.39875,21.62171,2.0,1.73162,6.882441624,80.56048532
0,2,63_58,23.16214,57.30595,17.97194,2.28099,5.25123,1.24753,0.06162,4.24342,14.30645,25.1774,1.0,1.54561,6.76695941,80.6949672
0,2,64_58,23.33874,56.74328,18.40299,2.28737,5.25463,1.22953,0.06304,4.17045,14.30929,25.52407,2.0,1.37269,6.77073907,80.70826949
0,0,63_60,24.82742,55.187,18.89614,2.23865,5.21973,1.19491,0.06382,2.31579,14.55106,24.98063,3.0,2.71414,6.830873193,80.67466327
0,3,64_61,26.93092,50.92927,21.49799,2.27036,5.21243,1.1641,0.06958,1.15119,14.56558,26.92006,2.0,1.0597,6.856869089,80.72668585
0,2,62_66,25.42672,54.05011,19.67369,2.27741,5.28512,1.18592,0.06528,2.64737,14.80793,26.71547,3.0,5.76579,7.002386958,80.67088038
0,3,71_73,14.61859,68.08608,15.78157,0.98659,5.83057,1.38214,0.05503,13.21053,13.495,26.66755,,3.3654,7.179344636,80.8976206
0,4,62_62,25.9877,53.86845,19.68567,2.21362,5.23059,1.19437,0.06208,1.07577,14.55207,25.55989,1.0,1.58131,6.893439206,80.65488976
0,1,68_67,22.56197,54.96486,20.6871,2.11029,5.39739,1.17585,0.06718,11.25178,15.37796,32.63565,3.0,3.41546,7.010021677,80.82642353
0,4,58_61,21.32487,62.69163,14.40849,2.25276,4.98608,1.25779,0.06028,3.62173,12.99716,21.95,2.0,1.1041,6.859186852,80.5460873
0,4,65_61,27.35147,50.09843,21.9758,2.27349,5.21232,1.15872,0.07054,0.97955,14.56846,27.31504,2.0,2.23298,6.867229891,80.73946308
0,4,59_57,22.12202,61.50723,14.34635,2.37297,5.15455,1.26421,0.05684,5.20028,12.29836,23.12745,4.0,5.08177,6.765262587,80.58115579
0,2,58_62,21.11095,62.91237,14.43735,2.21448,5.05393,1.25789,0.05941,3.42763,13.39708,21.71831,2.0,2.11286,6.875213703,80.54943206
0,4,62_62,25.9877,53.86845,19.68567,2.21362,5.23059,1.19437,0.06208,1.07577,14.55207,25.55989,1.0,1.55925,6.893408962,80.65436475
0,2,55_67,19.73267,65.11097,13.77078,1.55641,5.20837,1.30975,0.06186,3.48806,12.12559,21.72582,3.0,0.66872,7.023509649,80.47492909
0,1,68_59,24.90991,51.34812,22.50115,2.20309,5.32212,1.17896,0.07718,1.58224,14.70768,25.54195,1.0,1.0993,6.811260115,80.81007086
0,1,60_65,18.31621,65.72698,14.92587,2.28125,5.14773,1.21768,0.06374,1.85517,13.42276,18.77837,3.0,2.81577,6.963348947,80.59731371
0,1,68_64,25.49281,51.17727,22.00747,2.15515,5.30117,1.12821,0.07561,5.73086,15.00814,30.25717,1.0,1.04512,6.935682949,80.82247111
0,4,65_70,23.8222,54.3185,20.14801,1.53635,5.4248,1.25365,0.05725,8.34165,14.22363,30.24156,3.0,1.88701,7.116755547,80.74676401
0,2,71_68,17.60564,60.03266,19.64561,2.14672,5.45969,1.2107,0.06484,21.0075,15.84769,37.24513,1.0,5.17458,7.043050016,80.89498032
0,2,65_64,27.70698,49.38393,22.21099,2.35425,5.27984,1.14173,0.07076,2.72781,15.79226,29.47746,1.0,2.69036,6.953512892,80.74618375
0,3,64_67,24.27627,53.93668,20.72387,2.25184,5.32806,1.19059,0.06367,5.13997,15.64621,27.99438,2.0,1.53066,7.032172483,80.72659629
0,1,70_71,18.03405,62.68843,17.68838,1.48653,5.63516,1.30059,0.05496,12.25289,14.41019,29.06831,2.0,6.09143,7.138375395,80.86765292
0,3,62_70,24.50457,55.16409,19.19654,1.48797,5.39682,1.24983,0.06462,3.07319,14.22232,26.47538,2.0,1.34869,7.099977611,80.66220958
0,1,55_63,20.83581,63.79691,13.96736,2.06731,5.02603,1.28723,0.057,2.86068,12.63458,21.71068,1.0,1.83127,6.905703321,80.4811852
0,3,67_62,28.18457,47.81001,23.4094,2.17963,5.27333,1.14269,0.07597,0.80183,15.02867,28.31381,1.0,2.69089,6.893014586,80.78786671
0,2,66_60,26.39025,50.54404,22.23615,2.20423,5.26391,1.16991,0.07386,0.77319,14.68471,26.05848,2.0,1.01501,6.846967654,80.75866826
0,1,57_65,17.95798,67.28083,13.54654,2.17119,5.15324,1.25768,0.06273,1.84115,12.7925,18.25663,2.0,0.64132,6.974912952,80.52308433
0,4,69_72,17.16229,64.1234,17.19297,1.30191,5.73279,1.33051,0.05505,11.84856,13.86828,27.7799,2.0,3.66483,7.161635598,80.85893854
0,2,62_58,23.80999,56.75763,17.85423,2.25425,5.22078,1.2486,0.06175,4.4166,13.94993,25.70291,1.0,3.14316,6.777440862,80.67168004
0,0,62_60,24.82338,55.35276,18.78252,2.23195,5.22158,1.20712,0.06313,2.17841,14.5501,24.80217,3.0,3.65814,6.846045197,80.66016673
0,2,61_58,22.77908,59.43425,16.0297,2.45103,5.18168,1.24293,0.05851,4.62278,13.68574,23.7849,2.0,0.80253,6.784721735,80.62438839
0,3,64_59,24.94457,54.3115,19.5104,2.28301,5.20044,1.19825,0.0663,3.30228,13.95973,26.41186,2.0,2.77401,6.807421245,80.70906287
0,3,62_70,24.50457,55.16409,19.19654,1.48797,5.39682,1.24983,0.06462,3.07319,14.22232,26.47538,1.0,0.91412,7.098816656,80.6581902
0,0,66_75,22.95646,59.81126,15.81668,1.09582,5.72788,1.33869,0.05369,6.4764,13.38548,28.3506,2.0,2.50295,7.227367,80.77974983
0,2,63_65,27.19264,50.96903,21.34227,2.32084,5.31533,1.14847,0.06719,1.80035,15.78344,27.99217,2.0,3.47864,6.965518752,80.69738484
0,2,61_58,22.5221,59.84136,15.87051,2.45076,5.18901,1.26989,0.05748,5.07268,13.68406,24.20092,1.0,2.73877,6.766097504,80.62507248
0,2,62_66,25.62717,53.79531,19.81824,2.28875,5.27736,1.1808,0.06547,2.40272,14.80912,26.71626,2.0,5.02046,6.995347539,80.66779992
0,3,72_69,16.78935,63.33146,17.3824,1.92651,5.62514,1.261,0.06347,16.08927,14.71261,31.5473,4.0,9.89684,7.07362564,80.94177829
0,0,60_67,20.43313,62.33094,16.20936,2.25391,5.22793,1.21188,0.06318,1.37131,14.32318,20.47996,3.0,1.88444,7.011922691,80.59937255
0,0,61_62,23.92213,57.43102,17.63153,2.25874,5.18138,1.21817,0.06192,2.28962,14.24592,24.05571,2.0,1.30328,6.876772176,80.62034838
0,4,69_68,19.87444,58.56624,19.39403,2.12559,5.48886,1.20149,0.06339,14.67843,15.38879,33.17221,2.0,2.13268,7.048928621,80.85369981
0,0,58_59,21.38279,62.46643,14.20262,2.39966,5.10419,1.26658,0.05744,4.92488,13.02585,21.96448,,3.07843,6.812258401,80.55944294
0,4,59_58,21.81254,61.73824,14.37825,2.4131,5.12429,1.26178,0.05724,5.30919,13.02931,22.48523,4.0,4.28824,6.781022812,80.58204642
0,2,73_72,12.96877,70.42934,14.87966,0.982,5.86256,1.39485,0.05548,13.94358,13.48469,25.81208,3.0,3.05573,7.172504131,80.95275438
0,3,63_61,26.50779,52.43324,20.43446,2.24648,5.21603,1.1798,0.06568,1.36541,14.55806,26.38271,1.0,3.88564,6.862503936,80.68714308
0,4,59_59,22.49448,60.87458,14.03764,2.41321,5.11968,1.25186,0.0591,4.45021,13.03311,20.2437,3.0,3.83343,6.802500842,80.58726512
0,0,68_60,26.05676,49.49089,23.46795,2.2439,5.22239,1.16641,0.07799,0.19345,14.09412,25.51952,1.0,3.79634,6.840693327,80.81462603
0,4,67_65,26.55634,49.95542,22.39268,2.23108,5.31409,1.13448,0.07337,4.87469,15.61213,30.46472,1.0,0.89333,6.959350084,80.79629532
0,4,56_61,21.33213,63.26228,14.01327,2.21497,4.94741,1.26366,0.05666,3.82733,11.972,22.80466,2.0,2.51874,6.872335837,80.50524943
0,2,56_59,21.24643,63.46776,13.69047,2.63556,4.99063,1.27493,0.05112,5.20841,11.65499,23.4879,2.0,4.00238,6.801814598,80.50902478
0,1,57_65,16.36016,69.41782,12.91352,2.24815,5.12153,1.23876,0.06242,2.34522,13.40756,17.09198,3.0,1.27245,6.960114872,80.53788246
0,3,71_65,18.5715,58.79918,20.09488,2.07848,5.43415,1.18695,0.06947,17.06385,15.66688,34.42636,1.0,1.15438,6.980438648,80.89989134
0,2,59_61,21.16997,62.22136,15.01551,2.19661,5.05338,1.25672,0.06158,3.65054,13.29632,21.55348,2.0,0.97598,6.85189077,80.57273177
0,1,68_65,25.51297,51.10752,22.02016,2.2302,5.31515,1.13511,0.07404,6.24269,15.61443,30.71197,1.0,1.52004,6.956871767,80.81592215
0,2,69_67,20.03966,58.01386,19.73794,2.1496,5.45903,1.19001,0.06512,15.14329,15.3918,33.85586,2.0,0.28372,7.030298979,80.85255065
0,4,62_68,24.5375,55.22623,19.30339,2.09044,5.29483,1.20459,0.06763,2.3204,14.58238,25.89546,1.0,3.18183,7.05367245,80.65837848
0,3,65_59,25.52536,52.51696,20.8617,2.30668,5.19644,1.17924,0.07053,2.38984,13.96791,26.5611,1.0,3.51199,6.818290259,80.75178211
0,4,63_67,25.3157,53.58308,19.94857,2.2074,5.32155,1.19752,0.06585,4.09427,14.69505,27.88494,3.0,2.93927,7.036623153,80.69924004
0,4,67_66,24.83581,52.39276,21.35018,2.24944,5.29716,1.16047,0.06787,7.80852,15.84479,31.27639,3.0,1.09893,7.006629793,80.78446508
0,3,66_63,30.15665,45.50613,23.95776,2.22045,5.24742,1.14685,0.0716,1.61823,14.85445,31.2287,1.0,2.90912,6.92381456,80.77746426
0,1,57_65,17.84112,67.47664,13.45638,2.17972,5.14821,1.25491,0.06245,1.89135,12.79286,18.13348,3.0,0.20409,6.968312555,80.5192518
0,2,56_59,20.7405,64.09052,13.52527,2.42853,4.968,1.26428,0.0516,5.74798,11.99724,23.83666,2.0,4.34052,6.815502804,80.49500827
0,0,67_75,21.63501,61.144,15.99702,1.06149,5.79592,1.34091,0.0538,6.54038,13.63293,27.16804,1.0,2.61005,7.227952214,80.78843743
0,0,56_64,19.72739,64.81467,14.06301,2.07044,5.1049,1.24779,0.05994,2.79466,12.66205,20.67165,2.0,1.77339,6.93415342,80.49396125
0,3,64_59,24.83486,54.66211,19.24436,2.27825,5.19962,1.20182,0.06546,3.40051,13.95796,26.27413,2.0,2.97241,6.806726005,80.7028762
0,2,66_60,26.04706,50.40537,22.59734,2.24072,5.23266,1.17505,0.07528,0.75142,14.08945,25.78708,2.0,3.84364,6.827215835,80.77626363
0,2,56_59,20.96237,63.6939,13.65507,2.6294,4.98553,1.26289,0.0505,5.76852,11.65302,23.89186,2.0,4.47098,6.805374729,80.49952445
0,2,55_67,19.49656,65.50261,13.61031,1.56036,5.20334,1.30811,0.06124,3.54352,12.12531,21.51803,4.0,0.56928,7.015111981,80.47161668
0,2,59_62,21.58337,61.54567,15.67729,2.23646,5.07149,1.24145,0.06196,2.37843,14.12471,21.65473,2.0,1.11716,6.886535095,80.58770905
0,0,67_59,24.8641,51.77712,22.14422,2.20107,5.32878,1.18347,0.07583,1.87178,14.70578,25.65837,1.0,1.87727,6.806898512,80.79158647
0,1,68_67,22.56197,54.96486,20.6871,2.11029,5.39739,1.17585,0.06718,11.25178,15.37796,32.63565,2.0,3.17702,7.012711613,80.82703265
0,2,62_66,25.09241,54.69744,19.35935,2.28487,5.25364,1.18063,0.06683,2.54224,14.62257,26.27535,1.0,5.52612,6.99977992,80.66560065
0,2,63_58,24.57932,55.07101,19.01153,2.2745,5.20808,1.20643,0.06496,3.68154,13.95693,26.24487,1.0,1.31409,6.791809214,80.69867193
0,3,64_66,25.99413,52.43691,20.88566,2.27946,5.26614,1.16782,0.06796,2.69135,15.42473,27.57226,2.0,3.53362,6.98866426,80.71373371
0,3,63_61,26.24552,52.99553,20.10074,2.24045,5.21788,1.18412,0.0648,1.44435,14.55605,26.08461,2.0,3.77336,6.860902264,80.67829502
0,0,58_63,20.28311,63.8491,14.49927,2.19933,5.07574,1.25573,0.06001,3.01451,13.39695,20.98922,2.0,1.20481,6.901410202,80.55918931
0,2,58_69,23.58283,58.60663,16.88764,1.5871,5.29413,1.28598,0.06331,0.44561,12.9905,22.78416,2.0,2.6806,7.076589102,80.55335204
0,3,63_64,28.60106,49.38439,21.93054,2.33918,5.30338,1.14495,0.06727,0.65534,15.78344,28.4562,,1.91323,6.945201301,80.69173154
0,3,64_66,26.41563,51.70311,21.26188,2.29665,5.25132,1.15404,0.06871,2.63694,15.42755,27.99755,1.0,3.86871,6.985059275,80.72176874
0,0,55_66,20.49494,63.59892,14.48957,1.48713,5.15855,1.30769,0.06017,3.74875,12.29919,22.715,1.0,1.5963,7.00698539,80.46374942
0,4,65_65,27.79836,49.63422,22.01079,2.34627,5.28905,1.14593,0.06949,2.16371,15.78917,29.01198,2.0,4.04342,6.957907822,80.73113805
0,2,60_69,24.31898,56.58553,18.19382,1.4928,5.41647,1.25378,0.0661,0.30235,13.45329,23.25142,1.0,2.80809,7.066337113,80.60142685
0,0,58_63,18.98237,65.91477,13.71179,2.16991,5.0797,1.2696,0.05977,3.06613,13.3901,20.00666,2.0,2.13272,6.921260401,80.53973176
0,4,55_64,20.09123,64.64496,13.83901,2.04482,5.08314,1.25768,0.05944,3.22737,12.65724,21.57873,1.0,3.47977,6.94909403,80.46407609
0,1,65_71,23.56175,54.78026,19.95299,1.5335,5.43723,1.25516,0.05671,8.489,14.22484,30.15769,2.0,3.03571,7.127128969,80.75420575
0,1,55_63,20.18177,64.43037,13.95618,2.075,5.07557,1.2904,0.05918,3.10816,12.66065,21.34617,2.0,2.22488,6.917383216,80.4719036
0,3,70_66,18.28763,58.94856,19.99414,2.16986,5.43989,1.18031,0.0672,21.01882,15.39716,37.94783,4.0,3.89281,7.008230725,80.8776903
0,3,57_64,17.89675,67.42727,13.44196,2.18847,5.14257,1.24249,0.06225,1.93114,12.79332,18.16021,2.0,0.25874,6.951470163,80.51817834
0,3,64_65,27.79836,49.63422,22.01079,2.34627,5.28905,1.14593,0.06949,2.16371,15.78917,29.01198,3.0,4.25249,6.958360261,80.72599171
0,2,66_60,26.473,49.73177,22.99648,2.21334,5.26044,1.16728,0.0758,-0.06427,14.68644,25.50306,2.0,2.80762,6.843262826,80.77449291
0,1,63_59,24.57932,55.07101,19.01153,2.2745,5.20808,1.20643,0.06496,3.68154,13.95693,26.24487,3.0,2.02702,6.798267194,80.69847342
0,2,65_69,24.49373,53.55787,20.4127,2.11665,5.33737,1.21594,0.06164,7.32508,14.5809,30.06295,3.0,1.66667,7.088820261,80.73988094
0,2,65_64,28.87911,48.20969,22.52894,2.27431,5.27624,1.15837,0.06723,2.01988,15.4533,30.08113,1.0,3.55198,6.938643873,80.73095867
0,4,58_61,21.32487,62.69163,14.40849,2.25276,4.98608,1.25779,0.06028,3.62173,12.99716,21.95,2.0,1.00408,6.85907502,80.54969846
0,1,54_63,19.95474,66.02316,12.60622,2.0893,4.95204,1.2655,0.05589,4.83559,11.59033,23.12906,1.0,3.84698,6.926130689,80.4381376
0,1,58_60,21.28473,62.54121,14.33172,2.39736,5.10006,1.26516,0.05758,4.81481,13.02597,22.06855,3.0,2.01101,6.821207714,80.56331371
0,3,64_65,27.19264,50.96903,21.34227,2.32084,5.31533,1.14847,0.06719,1.80035,15.78344,27.99217,2.0,4.04954,6.96631982,80.70468815
0,2,56_62,21.15419,63.00399,14.42032,2.09868,5.04425,1.25172,0.05721,2.68674,12.6405,21.54537,2.0,2.66802,6.886339942,80.51063074
0,2,67_71,21.47975,58.12506,18.8149,1.48595,5.53881,1.28072,0.05621,9.44333,14.33615,29.37267,2.0,6.49505,7.12887866,80.8012028
0,1,70_71,16.76531,64.01817,17.45708,1.31407,5.69365,1.32168,0.05701,13.35028,13.87146,28.84503,4.0,6.61744,7.139030819,80.87510888
0,2,72_73,13.15354,70.24828,14.95639,0.98122,5.86664,1.39589,0.05499,13.75424,13.48433,25.81555,3.0,1.79172,7.185424968,80.94291326
0,4,58_61,21.32388,62.43114,14.71185,2.23519,5.04875,1.25397,0.06063,3.08247,14.11827,21.42225,2.0,1.03831,6.865857767,80.56156861
0,2,63_58,24.03292,56.12061,18.34116,2.26196,5.22325,1.2417,0.06309,4.31583,13.95317,26.12762,2.0,1.49249,6.777831234,80.68667324
0,0,64_70,24.31084,55.19719,19.2534,1.50715,5.36625,1.25342,0.06087,4.83198,13.96722,27.76784,2.0,2.89833,7.093568392,80.7024482
0,1,57_62,20.62306,63.70853,14.15696,2.2005,5.05452,1.26186,0.05919,3.43152,13.39378,21.44654,2.0,0.85565,6.878221986,80.53543648
0,3,64_60,25.59299,53.31476,20.14444,2.26167,5.21561,1.17873,0.06729,1.93383,14.55841,25.9051,2.0,1.41306,6.829101279,80.70724663
0,1,68_69,20.93077,57.61498,19.77222,2.07633,5.4668,1.2301,0.06119,11.07531,15.18134,30.58448,3.0,1.25506,7.080283205,80.82480806
0,1,54_63,20.06741,65.61387,12.90307,2.11599,4.96094,1.29656,0.05602,4.58482,11.5944,22.80231,1.0,2.29337,6.909175297,80.45225621
0,3,64_69,24.78943,53.952,20.06184,2.12023,5.33897,1.2156,0.06209,5.33362,14.57658,28.74669,2.0,3.13529,7.079832023,80.70838177
0,2,57_61,21.1506,63.0146,14.22436,2.21428,5.0442,1.26139,0.05896,3.63551,13.39546,21.83652,2.0,1.61635,6.858868662,80.53796145
0,0,66_66,26.05529,51.23493,21.53895,2.32059,5.29922,1.15153,0.0702,5.04756,15.79309,29.91969,1.0,0.4006,6.983413457,80.76878558
0,3,57_64,17.97389,67.47136,13.22519,2.24715,5.09699,1.23908,0.06233,2.5826,13.40444,18.77691,2.0,0.40162,6.946971181,80.52200576
0,0,66_59,26.04706,50.40537,22.59734,2.24072,5.23266,1.17505,0.07528,0.75142,14.08945,25.78708,2.0,3.8036,6.818965866,80.77801738
0,3,63_61,25.89765,53.66324,19.72594,2.23443,5.2201,1.18955,0.06395,1.54947,14.554,25.70949,3.0,3.60478,6.860781873,80.67634678
0,1,57_65,17.95798,67.28083,13.54654,2.17119,5.15324,1.25768,0.06273,1.84115,12.7925,18.25663,2.0,0.64971,6.975833677,80.52069949
0,3,59_69,24.08477,57.0367,17.97909,1.48991,5.41136,1.27386,0.06699,0.15709,13.45135,22.88018,1.0,1.42867,7.069128217,80.58698722
0,2,60_69,24.43865,56.35093,18.30314,1.4943,5.41889,1.25173,0.06567,0.39294,13.45431,23.45119,4.0,3.83184,7.064407401,80.61097691
0,1,67_67,23.79217,53.45375,21.20608,2.24769,5.29456,1.16362,0.06709,9.4137,15.6814,32.06514,1.0,1.89659,7.012665576,80.80684055
0,1,62_67,24.93161,54.89503,19.18403,2.26124,5.26727,1.19058,0.0667,2.85939,14.62041,26.37011,1.0,6.66454,7.016990501,80.65975227
0,3,71_70,17.29214,63.0627,17.83711,1.49981,5.59983,1.29196,0.05684,14.18343,14.41314,30.28739,2.0,8.49892,7.109613512,80.89712786
0,4,67_60,26.68992,48.40922,24.2089,2.22036,5.25959,1.1628,0.07761,-1.73174,14.68792,24.32012,2.0,3.18182,6.840684964,80.79462973
0,0,68_60,25.94165,49.54301,23.53042,2.2429,5.23252,1.16899,0.07783,-0.17476,14.09295,25.04312,1.0,3.1372,6.82921994,80.81420747
0,2,69_73,17.45835,64.55608,16.77597,1.24173,5.79406,1.34658,0.05263,11.49203,13.51672,27.82726,,2.61444,7.190775457,80.85187084
0,3,65_59,24.86478,53.87736,19.98557,2.29186,5.21454,1.19315,0.0683,3.27761,13.96362,26.57252,1.0,4.02889,6.797936359,80.73731055
0,0,57_60,21.59851,62.42201,14.35196,2.61142,5.00416,1.25841,0.05662,4.83812,12.25183,23.4807,1.0,1.33518,6.839087185,80.52312621
0,2,62_59,24.2235,56.70873,17.64804,2.34946,5.13819,1.2218,0.06221,3.78208,14.01191,25.25882,,0.65736,6.817187709,80.65350972
0,0,61_59,23.63096,57.94159,16.75786,2.29685,5.10725,1.23306,0.06245,4.17801,13.43685,24.45548,2.0,2.14884,6.806723505,80.63007976
0,1,57_62,19.83501,64.91278,13.79039,2.17935,5.06033,1.26165,0.0592,3.35131,13.38963,20.89399,4.0,1.15774,6.899140433,80.5312755
0,3,64_59,25.41077,53.16895,20.30541,2.29668,5.19346,1.18639,0.06859,2.75992,13.9644,26.6218,1.0,2.26451,6.811159335,80.72802871
0,3,64_65,27.19264,50.96903,21.34227,2.32084,5.31533,1.14847,0.06719,1.80035,15.78344,27.99217,2.0,4.25,6.969400232,80.70320352
0,4,67_60,26.63665,48.31851,24.28625,2.25098,5.21606,1.16328,0.07816,-1.32701,14.0942,24.70304,2.0,2.95133,6.843384329,80.80165157
0,2,56_62,20.92051,63.44,14.23348,2.08559,5.04059,1.25484,0.05718,2.71842,12.6382,21.48987,4.0,2.15574,6.901154476,80.50142303
0,3,64_65,26.75268,51.33839,21.23345,2.31323,5.31859,1.15111,0.0674,2.43938,15.78432,28.11731,3.0,4.83689,6.974736508,80.70610271
0,3,64_69,24.73131,53.79253,20.20345,2.1235,5.33435,1.2138,0.06208,5.90112,14.57846,29.17362,2.0,4.25417,7.076225785,80.71972227
0,0,60_64,22.11196,60.07957,17.01316,2.17632,5.14489,1.22899,0.06201,1.23345,14.11417,21.75105,1.0,0.66364,6.929431517,80.61099723
0,2,68_71,20.87202,59.3669,18.3276,1.50721,5.57174,1.28467,0.05534,9.46318,14.85818,29.05678,2.0,4.04077,7.143244543,80.83506464
0,4,59_59,22.20358,61.4027,13.83229,2.41088,5.12068,1.25732,0.05825,4.76687,13.03033,20.52085,4.0,4.3352,6.79753405,80.58117659
0,2,54_65,20.35971,64.12559,14.06157,1.49304,5.12824,1.27296,0.0588,4.18209,12.29702,22.97084,3.0,2.8393,6.979361778,80.44431094
0,1,69_69,19.78634,59.0644,19.40492,2.07994,5.47902,1.22874,0.06111,12.67945,15.18376,31.17307,2.0,2.57708,7.079451053,80.85282713
0,2,59_61,21.16997,62.22136,15.01551,2.19661,5.05338,1.25672,0.06158,3.65054,13.29632,21.55348,3.0,0.87028,6.856499452,80.56768851
0,0,64_70,24.153,54.52665,19.91718,1.53764,5.42501,1.2534,0.058,6.56363,14.21945,29.16031,2.0,2.21679,7.109620504,80.72146662
0,3,63_64,27.71274,50.5059,21.48534,2.32772,5.31272,1.14614,0.06694,1.1683,15.78256,27.96201,2.0,2.42449,6.951216865,80.69446837
0,2,62_59,23.64673,57.5992,17.35358,2.46112,5.1693,1.21326,0.06118,3.96179,13.69327,24.8561,1.0,1.17204,6.802451377,80.65769019
0,2,59_61,21.70371,61.16051,15.70401,2.19091,5.13227,1.24768,0.06195,2.72803,14.11035,21.45419,,1.28279,6.862966932,80.58579233
0,4,68_73,20.31473,60.98535,17.47139,1.27041,5.69668,1.325,0.05503,9.15297,13.96345,28.31055,3.0,0.79093,7.179172742,80.82387895
0,4,62_65,26.05765,53.72818,19.93302,2.29821,5.14821,1.15973,0.06563,0.93764,15.02215,26.01704,1.0,1.21642,6.957656476,80.66209557
0,2,70_72,16.92379,64.22079,17.25094,1.30549,5.72112,1.32846,0.05568,12.44019,13.8687,28.12328,2.0,5.02124,7.152535765,80.8675629
0,1,68_72,19.28525,61.72568,17.63925,1.26507,5.72185,1.33286,0.05462,10.49741,13.82155,28.56831,2.0,0.97428,7.172316702,80.83604818
0,0,61_59,23.98984,57.22065,17.28864,2.30266,5.10453,1.22599,0.0632,3.88165,13.4397,24.8875,1.0,1.51778,6.810409321,80.64430463
0,4,57_63,20.31368,64.15454,14.17449,2.07724,5.06093,1.25465,0.05795,2.47513,12.63812,20.80655,3.0,0.46675,6.916548496,80.51247897
0,4,66_71,22.84628,56.61651,18.86903,1.45333,5.55469,1.28285,0.05543,8.03994,13.60734,29.1036,3.0,3.92195,7.132306622,80.76465072
0,3,66_63,29.33823,46.78018,23.44391,2.23848,5.24347,1.139,0.07217,1.0958,14.85174,29.75195,1.0,5.07426,6.903245266,80.76479486
0,4,67_65,25.56429,51.14092,21.96073,2.21873,5.32001,1.13901,0.07319,6.25775,15.61332,30.74296,1.0,1.54284,6.964935377,80.80490724
0,4,57_63,18.7853,66.47104,13.32325,2.15061,5.07156,1.27709,0.05967,3.20572,13.38475,20.0485,2.0,1.00313,6.924218971,80.52177845
0,1,67_67,23.33944,54.06302,20.93786,2.22215,5.31421,1.17482,0.06571,10.06014,15.67934,32.11715,2.0,3.60635,7.033318533,80.80276052
0,3,64_67,25.18044,53.48036,20.38307,2.24145,5.29502,1.18451,0.06713,3.51482,15.42184,27.41614,1.0,1.42155,7.025644638,80.70843973
0,1,66_68,24.05891,53.73086,20.84968,2.16382,5.29135,1.20307,0.06387,7.40976,15.3104,30.02828,3.0,4.69032,7.058514142,80.75883927
0,0,70_73,14.87556,67.9027,15.82778,0.986,5.83654,1.38299,0.05443,12.79974,13.49493,26.53648,,3.25569,7.194153704,80.8911074
0,3,60_66,19.85871,63.17258,15.94613,2.26295,5.22405,1.20914,0.0628,1.40236,14.32354,19.93552,2.0,1.56741,7.002377005,80.59439258
0,2,59_62,20.99697,62.55739,15.18366,2.2144,5.08099,1.24699,0.06066,2.7651,13.40227,21.50109,2.0,0.84097,6.89519932,80.57590206
0,2,56_63,20.76757,63.76815,14.0702,2.07287,5.0361,1.28506,0.05723,2.7554,12.636,21.50087,2.0,1.65958,6.903914431,80.49651333
0,3,59_64,18.59388,65.98182,14.16425,2.18133,5.1017,1.26001,0.06059,2.63921,13.39654,19.38733,2.0,3.19013,6.928713069,80.57279741
0,4,60_62,23.36608,58.38895,17.03335,2.25652,5.17821,1.22431,0.06148,2.63309,14.24282,23.5128,2.0,1.23321,6.874474281,80.61977878
0,2,62_66,25.25858,54.48837,19.48376,2.29679,5.24687,1.17785,0.06691,2.3397,14.62369,26.27405,1.0,5.118,6.995438225,80.6611909
0,1,65_68,24.3029,53.80333,20.68123,2.15919,5.30006,1.20597,0.06367,6.23428,15.30719,29.2236,2.0,4.51562,7.061748733,80.73568939
0,4,55_64,20.09123,64.64496,13.83901,2.04482,5.08314,1.25768,0.05944,3.22737,12.65724,21.57873,3.0,4.16649,6.943662782,80.46003119
0,3,71_73,14.25298,68.73453,15.56094,0.98394,5.84814,1.38837,0.05447,13.21381,13.49065,26.35034,,1.71108,7.186856244,80.91182439
0,4,69_68,19.93999,58.29633,19.57036,2.13754,5.47359,1.19568,0.06427,14.98163,15.39033,33.56547,2.0,1.54707,7.043189736,80.85466932
0,4,55_64,19.97943,64.67827,13.92873,2.05042,5.09242,1.25553,0.05968,3.0722,12.6586,21.29232,2.0,3.78604,6.945427857,80.47120232
0,2,68_71,21.9061,57.87071,18.71964,1.52556,5.52596,1.27531,0.05602,9.44395,14.52701,29.84319,2.0,4.81269,7.137994027,80.81812328
0,2,58_62,20.7097,63.27957,14.60339,2.20709,5.06929,1.2549,0.05992,3.1103,13.39787,21.34613,3.0,1.6877,6.888349887,80.56013431
0,3,57_64,18.2603,67.08215,13.31972,2.256,5.09105,1.27851,0.06226,2.63761,13.40536,19.02807,2.0,1.34596,6.937919326,80.51851385
0,2,61_58,22.77908,59.43425,16.0297,2.45103,5.18168,1.24293,0.05851,4.62278,13.68574,23.7849,2.0,0.99415,6.783118424,80.6251571
0,3,67_61,26.32801,49.29214,23.50535,2.21328,5.26207,1.16292,0.07759,-0.19216,14.68931,25.40562,2.0,1.78473,6.855076943,80.80321571
0,1,60_65,20.85372,61.57432,16.71304,2.30738,5.20399,1.18906,0.06293,1.37567,14.33063,20.88919,2.0,2.51227,6.975033085,80.61652367
0,4,59_59,22.00538,61.46117,14.36266,2.40742,5.11217,1.25541,0.05868,4.57222,13.03088,21.31995,3.0,2.44258,6.814955752,80.57866944
0,1,67_67,23.54609,53.78101,21.06616,2.23486,5.3042,1.16919,0.0664,9.77249,15.68039,32.1076,2.0,2.51282,7.019980073,80.80735471
0,1,68_68,21.57667,56.49071,20.33357,2.11307,5.4159,1.2131,0.06352,10.59415,15.18465,30.86561,2.0,2.74717,7.045481868,80.81599115
0,3,65_59,25.52536,52.51696,20.8617,2.30668,5.19644,1.17924,0.07053,2.38984,13.96791,26.5611,1.0,3.6543,6.812687516,80.74816247
0,2,70_67,16.92919,59.6867,20.27417,2.01909,5.44002,1.1947,0.06761,24.94984,15.18564,40.45547,3.0,4.42202,7.010959529,80.88519697
0,4,62_68,24.5794,55.19591,19.24444,2.07847,5.30438,1.20901,0.06761,2.33169,14.58136,25.90984,,2.48217,7.057756127,80.66698738
0,3,57_64,17.17702,68.42248,13.08653,2.24322,5.11217,1.24036,0.06244,2.43454,13.40556,17.94728,2.0,1.29663,6.951433516,80.53204632
0,2,63_58,23.98719,56.47244,18.02098,2.25787,5.21347,1.22097,0.06227,4.16058,13.95083,25.63909,2.0,2.88927,6.786981724,80.67481163
0,0,62_60,24.82742,55.187,18.89614,2.23865,5.21973,1.19491,0.06382,2.31579,14.55106,24.98063,3.0,2.47144,6.833241801,80.66736597
0,1,70_68,18.39733,59.62553,19.4117,2.13571,5.48313,1.19629,0.06457,19.08104,15.39268,36.09597,2.0,3.02781,7.037183276,80.87644661
0,2,60_69,24.31898,56.58553,18.19382,1.4928,5.41647,1.25378,0.0661,0.30235,13.45329,23.25142,2.0,2.72502,7.071821178,80.60326968
0,3,64_60,25.79804,52.56084,20.71558,2.2734,5.21524,1.177,0.06925,1.68986,14.56194,26.07144,1.0,1.04048,6.83499205,80.72797991
0,0,69_65,22.39719,55.16449,20.53145,2.21718,5.39329,1.16104,0.07032,10.90772,15.56192,31.98328,1.0,2.22897,6.975149259,80.83950385
0,3,60_60,23.04185,59.25548,15.86599,2.2819,5.0971,1.24201,0.06147,4.09149,13.42996,23.09352,2.0,4.04543,6.825298994,80.60913063
0,3,61_68,24.41435,56.05828,18.43232,2.20955,5.29682,1.21334,0.06692,2.31026,14.61136,25.27571,2.0,5.06021,7.049855253,80.63553742
0,0,58_63,18.30019,66.69504,13.65711,2.1678,5.0931,1.26796,0.06013,2.86697,13.39147,19.26811,2.0,3.04425,6.925657317,80.54685188
0,0,58_63,19.48438,65.23521,13.86929,2.1779,5.07286,1.26808,0.0596,3.15306,13.39106,20.46692,3.0,1.89214,6.905526613,80.54264948
0,4,58_61,20.85565,63.07166,14.52194,2.40529,5.07138,1.26048,0.05985,3.98647,13.2516,21.69834,2.0,0.96055,6.854566314,80.55739342
0,0,67_74,21.06917,60.88558,16.6563,1.06211,5.77497,1.33846,0.05479,7.15821,13.63426,27.02934,2.0,4.26605,7.212681589,80.78979189
0,0,62_61,24.7229,55.64573,18.63156,2.22458,5.22438,1.20943,0.0624,2.06089,14.54898,24.56709,3.0,3.60947,6.847579019,80.65378716
0,3,61_68,24.41435,56.05828,18.43232,2.20955,5.29682,1.21334,0.06692,2.31026,14.61136,25.27571,2.0,4.86664,7.054054318,80.63441601
0,0,56_58,20.8594,63.56607,13.86897,2.63601,4.9875,1.27709,0.04985,6.41272,11.65323,24.43334,2.0,3.69652,6.782284009,80.49900094
0,3,57_64,17.93882,67.38161,13.35633,2.26137,5.09965,1.27592,0.06234,2.5414,13.40747,18.62801,2.0,2.13348,6.935264047,80.53246244
0,3,66_58,24.23936,53.36178,21.02446,2.18292,5.35531,1.1897,0.07298,3.36777,14.70198,26.24743,1.0,2.11499,6.787584914,80.77247452
0,0,61_61,24.48802,56.11291,18.42793,2.21659,5.22818,1.21242,0.06163,1.97543,14.54766,24.25066,2.0,1.86914,6.857289447,80.64114878
0,0,55_66,19.44413,65.4583,13.73009,1.56166,5.21119,1.29724,0.06125,3.34835,12.12644,21.27729,1.0,0.70663,7.007383775,80.4797387
0,4,58_64,17.15355,68.0343,13.56157,2.27947,5.12034,1.26646,0.06268,2.25011,13.41432,17.646,4.0,4.07815,6.936257923,80.55424859
0,0,56_64,20.03379,64.5332,14.09048,2.06987,5.06669,1.25578,0.05826,2.40778,12.63736,20.55187,3.0,1.68071,6.92928152,80.50816697
0,3,60_58,22.497,60.02276,15.62293,2.44819,5.18594,1.24942,0.05747,4.89186,13.68309,23.56707,2.0,1.62424,6.778360579,80.61113312
0,0,59_60,21.94236,60.93743,15.49168,2.21033,5.06251,1.24707,0.06231,3.53535,13.3015,21.8904,3.0,1.35002,6.84202326,80.58416673
0,3,60_58,22.61769,59.84382,15.66919,2.44801,5.18255,1.24639,0.05795,4.67273,13.68386,23.30629,1.0,0.92273,6.782988733,80.61566043
0,4,67_65,25.26453,51.7178,21.67226,2.27827,5.27662,1.14801,0.06954,7.40707,15.84773,31.43202,1.0,1.1501,6.980975854,80.79148175
0,3,60_58,22.46939,60.24521,15.28105,2.44509,5.18333,1.24978,0.05742,4.71577,13.68201,22.7578,2.0,2.11999,6.782709633,80.60209932
0,0,67_74,20.51575,61.15055,16.93338,1.06134,5.76464,1.33884,0.05493,8.12481,13.63465,27.38669,1.0,5.17486,7.202121017,80.78997643
0,2,67_71,22.57463,56.87734,18.97255,1.52468,5.51353,1.27485,0.05673,8.77819,14.52574,29.71412,3.0,6.09682,7.13380663,80.79360222
0,2,64_58,24.42772,55.16009,19.02424,2.27442,5.21802,1.20807,0.06517,3.89686,13.9575,26.39002,2.0,1.039,6.787321852,80.7058908
0,0,58_59,21.19671,62.85843,14.01442,2.47132,5.1121,1.26712,0.05565,5.35799,11.79105,22.43731,2.0,4.55247,6.795234902,80.55300341
0,1,56_66,19.56452,65.18934,14.05407,2.13844,5.1455,1.29005,0.06411,1.84123,12.78923,19.93854,1.0,2.87,7.00089573,80.5063191
0,3,72_67,16.81083,60.59413,19.64061,2.15855,5.44703,1.20872,0.06622,22.72208,15.84845,38.16788,1.0,4.53419,7.019512632,80.91903525
0,4,66_57,23.80538,54.60093,20.10617,2.24397,5.37876,1.22598,0.06887,4.07042,15.24336,26.29832,4.0,2.67518,6.76372325,80.75662753
0,1,57_62,20.47202,64.05925,13.93963,2.19391,5.0489,1.26022,0.05889,3.53523,13.3914,21.4395,4.0,0.98472,6.880689201,80.52779679
0,2,70_72,16.68718,64.33151,17.2962,1.30919,5.7099,1.32622,0.05631,13.01485,13.86923,28.45799,4.0,6.29535,7.14627398,80.87726871
0,0,62_61,24.99699,55.24994,18.87817,2.22247,5.22537,1.20723,0.06237,1.82312,14.54979,24.77431,2.0,2.07806,6.862392067,80.65656982
0,2,65_69,24.76967,53.47635,20.4693,2.14007,5.31648,1.20651,0.06252,6.42763,14.58155,29.72633,2.0,3.60445,7.072802828,80.73201489
0,3,65_58,24.54761,54.61833,19.4761,2.28236,5.22197,1.20008,0.06675,3.73482,13.9607,26.56594,2.0,3.65579,6.787941919,80.73210505
0,3,65_58,24.08863,54.25708,20.23607,2.25082,5.36371,1.21977,0.06905,3.73355,15.24346,26.20151,1.0,3.35876,6.780858356,80.75162214
0,3,60_58,22.22053,60.56878,15.30424,2.44559,5.18915,1.28398,0.05638,5.15511,13.6805,23.51057,2.0,2.82437,6.766719385,80.60985421
0,0,66_73,21.72487,59.44564,17.40407,1.34666,5.69788,1.3098,0.05435,6.86555,13.88259,27.29808,2.0,5.55756,7.18773054,80.78137746
0,4,59_58,22.13411,61.00025,14.88565,2.41996,5.12828,1.25574,0.05816,5.13239,13.03384,22.84544,3.0,3.49296,6.775041507,80.59204016
0,3,68_61,25.94285,50.11548,22.89456,2.20361,5.26612,1.16822,0.07732,1.19455,14.6905,26.32548,1.0,2.03344,6.865180531,80.81680979
0,2,66_64,29.74675,45.71689,24.17025,2.14988,5.28554,1.14571,0.07472,1.10355,15.03181,30.37457,1.0,2.17642,6.930381619,80.78157963
0,0,67_74,21.06917,60.88558,16.6563,1.06211,5.77497,1.33846,0.05479,7.15821,13.63426,27.02934,2.0,4.04896,7.214542932,80.78914803
0,3,66_63,30.15665,45.50613,23.95776,2.22045,5.24742,1.14685,0.0716,1.61823,14.85445,31.2287,1.0,2.94872,6.924465309,80.77231022
0,3,63_61,25.79665,53.6193,19.78384,2.24224,5.21782,1.1848,0.06481,1.71563,14.55503,25.75791,1.0,3.8822,6.84888543,80.68489118
0,4,59_58,21.99155,61.36061,14.59066,2.41651,5.12676,1.2588,0.05772,5.20938,13.03159,22.56389,4.0,3.91135,6.772026653,80.58941058
0,4,64_63,30.13979,47.36147,22.81959,2.23569,5.21928,1.16809,0.06588,-0.18855,14.56493,29.40746,1.0,2.40475,6.908358292,80.70213484
0,2,61_66,21.88041,59.90199,17.34353,2.29519,5.2132,1.19172,0.06368,1.52317,14.33206,22.09661,2.0,3.05643,6.99341945,80.62569907
0,0,62_61,25.89765,53.66324,19.72594,2.23443,5.2201,1.18955,0.06395,1.54947,14.554,25.70949,2.0,3.03102,6.864431384,80.6725728
0,2,70_67,18.22246,59.42658,19.66469,2.14712,5.46718,1.19047,0.0655,20.38507,15.3944,37.21996,1.0,3.47037,7.032126778,80.88134007
0,1,65_71,23.65907,54.8535,19.84867,1.53197,5.44261,1.25634,0.0569,7.83148,14.22338,29.68166,2.0,2.83162,7.125605761,80.74978379
0,2,58_62,19.91995,64.6482,13.99396,2.18568,5.06636,1.26321,0.05945,3.24255,13.39199,20.85535,2.0,1.72831,6.900056319,80.53917171
0,2,70_67,18.28763,58.94856,19.99414,2.16986,5.43989,1.18031,0.0672,21.01882,15.39716,37.94783,4.0,4.00335,7.016588966,80.88365807
0,0,68_60,25.35856,50.76711,22.65342,2.23369,5.24034,1.17325,0.07743,1.42567,14.09261,25.92622,4.0,3.84601,6.833027036,80.82262951
0,0,61_62,25.1695,55.24476,18.96267,2.22757,5.19822,1.1999,0.06375,1.01635,14.77201,24.50884,3.0,1.74121,6.891626612,80.63937455
0,0,58_63,19.48438,65.23521,13.86929,2.1779,5.07286,1.26808,0.0596,3.15306,13.39106,20.46692,2.0,1.73676,6.904662585,80.54106363
0,2,63_58,24.12218,55.82872,18.57096,2.26577,5.22485,1.23826,0.06379,4.26152,13.95476,26.2943,2.0,0.76982,6.77303923,80.70011088
0,0,56_64,19.58634,64.97937,14.05149,2.05343,5.11652,1.25437,0.06033,2.74726,12.6607,20.61258,1.0,2.92102,6.954271486,80.4939128
0,4,62_62,25.8766,53.86618,19.61756,2.226,5.22356,1.19218,0.06307,1.40624,14.55278,25.57247,2.0,1.19537,6.874266781,80.65916991
0,3,64_67,25.18044,53.48036,20.38307,2.24145,5.29502,1.18451,0.06713,3.51482,15.42184,27.41614,2.0,1.19092,7.019171946,80.70925251
0,0,55_66,20.1943,63.98786,14.4169,1.49268,5.16239,1.26957,0.05963,3.59846,12.29998,22.23118,2.0,1.26552,6.991946608,80.47336591
0,4,66_62,28.26527,47.97005,23.11727,2.25218,5.24304,1.14424,0.07361,1.16403,14.85143,28.64506,1.0,2.14307,6.879994243,80.77957749
0,4,66_62,28.88238,47.38021,23.30129,2.27068,5.27291,1.14146,0.07195,0.9124,15.33939,29.05039,2.0,5.17608,6.898910424,80.75945371
0,0,55_66,20.58202,63.57098,14.4111,1.48589,5.14943,1.30898,0.06009,3.94353,12.29825,23.00072,3.0,2.0043,7.005103494,80.45966574
0,2,60_61,23.36608,58.38895,17.03335,2.25652,5.17821,1.22431,0.06148,2.63309,14.24282,23.5128,2.0,1.3165,6.866000437,80.61878003
0,2,60_69,24.20091,56.81391,18.0862,1.49133,5.41395,1.27232,0.06654,0.22378,13.45231,23.06122,1.0,2.18694,7.068855009,80.5963541
0,3,68_63,26.66375,49.61793,22.71053,2.15365,5.28892,1.14583,0.07615,3.40334,15.03382,29.29034,2.0,0.93515,6.922000983,80.81557486
0,3,64_65,26.82231,50.8929,21.49796,2.32117,5.30731,1.15305,0.06855,3.0274,15.7876,28.76566,2.0,4.73415,6.970518212,80.72399456
0,2,57_61,20.73747,63.70574,13.9863,2.20085,5.04368,1.25979,0.05874,3.63179,13.39225,21.65265,2.0,0.09586,6.870244684,80.52754836
0,3,71_69,17.83798,61.78858,18.12434,2.16496,5.55107,1.23267,0.06134,16.38308,15.72788,32.94374,4.0,9.07578,7.077397258,80.91706988
0,0,69_65,20.87195,56.69032,20.39597,2.08339,5.44558,1.16472,0.06974,12.6319,15.21008,32.41226,3.0,4.12417,6.978901562,80.86375301
0,4,65_61,26.59563,51.14173,21.51556,2.27811,5.21291,1.16275,0.0706,1.18072,14.56621,26.604,3.0,1.12282,6.854419921,80.74085355
0,3,71_73,13.87933,69.3812,15.33505,0.98116,5.86578,1.39475,0.05396,13.22579,13.48618,26.02831,,0.7769,7.196064454,80.91417266
0,4,59_65,16.45416,68.4999,13.92214,2.27221,5.14994,1.22367,0.06329,1.92101,13.41946,17.00532,1.0,3.46911,6.960262428,80.58536026
0,0,69_65,22.01841,55.59333,20.41076,2.20428,5.40332,1.16162,0.06955,11.74838,15.56118,32.39954,1.0,2.1977,6.97993398,80.8372273
0,0,66_61,27.92042,48.58974,22.8173,2.25362,5.24494,1.14107,0.07322,1.09135,14.8496,28.12983,2.0,2.57839,6.868990504,80.76353686
0,2,65_69,24.59061,53.43622,20.51717,2.12993,5.32393,1.21041,0.06211,7.22244,14.58213,30.15183,2.0,2.68668,7.081377791,80.73437865
0,3,67_61,26.69787,49.18067,23.35288,2.21401,5.25845,1.16321,0.07657,-0.21301,14.68844,25.68488,2.0,2.16262,6.851205333,80.78874718
0,1,60_65,20.85372,61.57432,16.71304,2.30738,5.20399,1.18906,0.06293,1.37567,14.33063,20.88919,3.0,2.70676,6.971900661,80.61616085
0,1,63_59,24.55409,55.43013,18.68561,2.26875,5.19872,1.20905,0.06388,3.5752,13.95436,25.8765,1.0,2.89358,6.800959505,80.68432732
0,4,55_64,20.14487,64.60448,13.8178,2.06093,5.07197,1.25127,0.05901,3.24269,12.65851,21.54047,3.0,2.91232,6.928401772,80.46770766
0,1,65_68,24.19616,53.73794,20.77587,2.16145,5.2956,1.20455,0.06377,6.82417,15.30879,29.63642,2.0,4.0561,7.063475492,80.74662444
0,2,64_57,23.25762,57.016,18.19155,2.28422,5.25279,1.24429,0.06232,4.2074,14.30788,25.36346,2.0,1.87969,6.763123476,80.70203338
0,2,60_69,24.74384,55.91243,18.43282,1.48953,5.42314,1.25415,0.06603,0.32313,13.45437,23.70489,1.0,3.74744,7.074561883,80.61348381
0,4,66_67,23.89437,53.67936,21.1749,2.27789,5.28513,1.17362,0.06582,7.33597,15.65472,29.81498,3.0,1.9452,7.01833482,80.77814904
0,2,58_62,20.81761,63.29689,14.39811,2.20738,5.05936,1.25822,0.05951,3.32399,13.39623,21.50365,3.0,2.27412,6.87972247,80.55186738
0,3,65_66,25.41059,52.36899,21.46197,2.30742,5.27705,1.16271,0.06621,4.19848,15.65147,28.443,1.0,3.53292,6.991118826,80.7400235
0,4,66_70,23.85994,53.06759,20.82336,1.51285,5.3829,1.25753,0.0588,10.53665,14.1632,31.75993,3.0,2.11395,7.102542347,80.76896747
0,3,60_60,23.03461,59.19635,16.06433,2.2812,5.09337,1.24011,0.06153,3.95336,13.43,23.29928,2.0,3.31329,6.835104849,80.60328042
0,0,57_60,20.51802,63.98701,13.79908,2.62797,5.0112,1.26596,0.05651,5.07109,12.25433,22.30202,2.0,0.53938,6.825404369,80.53153058
0,0,66_61,27.33772,48.85862,23.11459,2.20353,5.25766,1.15034,0.07525,0.59645,14.68997,27.11097,1.0,1.76728,6.870857205,80.77990949
0,3,57_64,18.2603,67.08215,13.31972,2.256,5.09105,1.27851,0.06226,2.63761,13.40536,19.02807,2.0,1.19803,6.940297087,80.52482303
0,0,59_68,22.78191,59.47935,16.80025,1.60551,5.30702,1.23522,0.06072,0.91545,12.99386,22.38365,3.0,3.28176,7.04909913,80.58583505
0,3,62_70,24.56482,55.20371,19.1458,1.48602,5.39517,1.25167,0.06496,2.76033,14.22056,26.27063,2.0,0.82503,7.092541875,80.64980012
0,0,66_75,26.55759,55.99815,15.7946,1.17574,5.63279,1.30392,0.05287,6.65672,13.69155,32.15155,,2.49531,7.246433378,80.75768688
0,3,68_61,25.38932,50.83287,22.58844,2.20143,5.27278,1.16865,0.07746,1.46786,14.68917,26.00178,1.0,3.06724,6.851372784,80.8184935
0,0,66_59,24.58539,52.72267,21.40829,2.19216,5.33988,1.19208,0.07382,2.79441,14.70329,26.08869,1.0,3.29849,6.799465845,80.77535746
0,1,58_60,21.0251,62.88512,14.45185,2.40994,5.07485,1.26292,0.05966,4.10604,13.25179,21.71865,2.0,0.96047,6.845975586,80.55770125
0,4,62_65,26.39335,52.78386,20.47168,2.33812,5.21698,1.1587,0.06841,1.11978,15.35042,26.48638,2.0,1.37034,6.961924894,80.67337347
0,4,69_68,19.93999,58.29633,19.57036,2.13754,5.47359,1.19568,0.06427,14.98163,15.39033,33.56547,1.0,0.84505,7.037326259,80.85217564
0,0,60_57,22.22053,60.56878,15.30424,2.44559,5.18915,1.28398,0.05638,5.15511,13.6805,23.51057,3.0,3.25273,6.764940781,80.60477521
0,1,67_67,23.33944,54.06302,20.93786,2.22215,5.31421,1.17482,0.06571,10.06014,15.67934,32.11715,2.0,3.40031,7.031262547,80.80307798
0,3,59_64,17.9156,66.49275,14.50908,2.29244,5.135,1.21469,0.06338,1.92624,13.42154,18.28462,2.0,3.08656,6.94792296,80.58361537
0,1,57_58,20.46234,64.26971,13.42864,2.38117,5.08345,1.28424,0.05211,6.45104,11.37952,23.54299,1.0,4.99456,6.774629124,80.52798968
0,1,65_68,24.56678,53.50716,20.89044,2.18507,5.27747,1.19456,0.0646,5.71589,15.30951,29.16711,1.0,3.2147,7.039787776,80.74131691
0,4,64_63,30.15616,47.01314,22.90089,2.28072,5.27331,1.15588,0.06619,0.64431,15.45023,30.1469,1.0,2.14575,6.914610104,80.71182699
0,0,66_66,26.05529,51.23493,21.53895,2.32059,5.29922,1.15153,0.0702,5.04756,15.79309,29.91969,1.0,0.42944,6.983831766,80.77063232
0,2,72_73,14.01734,68.92993,15.49004,0.98456,5.84338,1.38747,0.05503,13.53173,13.49079,26.41548,3.0,1.68952,7.184722229,80.91985639
0,4,66_69,23.8622,53.21467,21.00169,2.12679,5.322,1.21933,0.0623,9.5747,15.30818,31.26452,2.0,2.76031,7.086160339,80.77079614
0,0,64_70,24.05241,54.78998,19.74372,1.53279,5.44039,1.25655,0.05779,6.3104,14.21914,28.81163,2.0,1.2013,7.117846313,80.71695776
0,0,63_60,25.63784,53.65303,19.82198,2.24941,5.21655,1.18348,0.06562,1.87958,14.5559,25.76311,2.0,3.58511,6.838970262,80.68882881
0,2,69_66,22.01841,55.59333,20.41076,2.20428,5.40332,1.16162,0.06955,11.74838,15.56118,32.39954,1.0,3.06366,6.986142418,80.84253506
0,4,58_61,21.37393,62.19217,15.00335,2.23568,5.05684,1.24992,0.06108,2.85649,14.12033,21.45265,3.0,0.5596,6.868163236,80.56528176
0,1,71_71,15.93139,64.99501,17.23083,1.31546,5.6949,1.32374,0.05748,14.26712,13.86894,28.98564,4.0,8.61393,7.122946941,80.90855435
0,3,60_60,23.04185,59.25548,15.86599,2.2819,5.0971,1.24201,0.06147,4.09149,13.42996,23.09352,3.0,3.34005,6.826233256,80.60179013
0,0,58_59,21.16879,62.87737,14.04426,2.47689,5.09727,1.26944,0.05601,5.21494,12.8131,22.28974,2.0,3.85838,6.800818175,80.55009236
0,2,61_58,22.77908,59.43425,16.0297,2.45103,5.18168,1.24293,0.05851,4.62278,13.68574,23.7849,2.0,0.83771,6.787265091,80.62667268
0,4,65_63,28.69579,48.06644,22.86482,2.26146,5.27853,1.14707,0.07035,0.97386,15.33706,28.83597,2.0,5.46529,6.902485002,80.74108442
0,4,60_62,22.89677,58.97604,17.11473,2.20136,5.14192,1.22362,0.06324,1.98899,14.11855,22.64748,2.0,1.95418,6.88370497,80.61883658
0,2,66_64,29.31049,47.00554,23.21932,2.29648,5.26083,1.14371,0.06976,1.8992,15.45695,30.4825,2.0,3.35137,6.930603319,80.75669582
0,3,67_62,26.75755,49.29814,23.0373,2.19706,5.26193,1.16669,0.07641,1.55232,14.69253,27.53111,3.0,0.83038,6.879197537,80.79931812
0,3,64_60,25.45198,53.72686,19.85252,2.25585,5.21623,1.18269,0.06637,2.03297,14.55661,25.7474,2.0,1.75508,6.829058656,80.70414848
0,0,61_61,24.08506,56.79729,18.15611,2.20804,5.23303,1.2161,0.06083,1.93303,14.54615,23.82812,1.0,0.45631,6.866673405,80.63244306
0,4,65_70,24.33044,53.38299,20.53008,2.10651,5.3457,1.21992,0.06112,8.29121,14.58144,30.59633,2.0,0.32794,7.101471415,80.74742233
0,2,65_69,24.01669,53.74351,20.62159,2.12339,5.33206,1.22124,0.06225,7.70506,15.3053,29.91491,2.0,1.13562,7.089977363,80.74775936
0,4,69_72,17.16229,64.1234,17.19297,1.30191,5.73279,1.33051,0.05505,11.84856,13.86828,27.7799,2.0,3.307,7.164434857,80.85685886
0,3,63_64,27.71274,50.5059,21.48534,2.32772,5.31272,1.14614,0.06694,1.1683,15.78256,27.96201,2.0,2.35055,6.952435902,80.69113242
0,1,60_65,20.93502,61.49475,16.74511,2.31763,5.19747,1.18493,0.06285,1.30816,14.33141,20.87691,2.0,2.75287,6.969406064,80.61406296
0,2,56_63,20.12266,64.3912,14.06318,2.08117,5.08443,1.2884,0.05948,2.96995,12.6621,21.11622,,0.91552,6.922312582,80.48480918
0,2,62_66,24.75844,55.33546,19.1122,2.28938,5.2531,1.18185,0.06677,2.18986,14.62147,25.60126,1.0,5.06002,6.993952367,80.65726037
0,0,68_60,26.05676,49.49089,23.46795,2.2439,5.22239,1.16641,0.07799,0.19345,14.09412,25.51952,1.0,3.58238,6.842173174,80.81335101
0,4,62_62,25.1695,55.24476,18.96267,2.22757,5.19822,1.1999,0.06375,1.01635,14.77201,24.50884,3.0,1.33559,6.891824081,80.64753495
0,2,65_64,28.52406,47.9238,23.03683,2.24881,5.30872,1.15097,0.07253,1.90684,15.60728,29.64411,1.0,3.26606,6.933474337,80.75550228
0,2,70_67,17.18146,59.37653,20.36976,2.17255,5.41843,1.19612,0.0669,25.09139,15.85228,40.84464,2.0,4.18402,7.019973,80.88651743
0,4,67_60,26.63665,48.31851,24.28625,2.25098,5.21606,1.16328,0.07816,-1.32701,14.0942,24.70304,2.0,2.74514,6.846287523,80.80481649
0,4,60_62,22.89677,58.97604,17.11473,2.20136,5.14192,1.22362,0.06324,1.98899,14.11855,22.64748,2.0,1.95086,6.884781706,80.61753994
0,3,61_68,24.61947,55.6382,18.63402,2.21519,5.29439,1.21043,0.06677,2.55315,14.61336,25.71222,1.0,4.42877,7.05274362,80.64062607
0,4,66_70,23.85994,53.06759,20.82336,1.51285,5.3829,1.25753,0.0588,10.53665,14.1632,31.75993,2.0,2.5026,7.108748805,80.77089468
0,1,66_68,23.49982,54.15549,20.93441,2.25096,5.30746,1.18777,0.06453,8.00834,15.65268,29.92957,2.0,4.80196,7.044616368,80.7750294
0,3,71_70,15.9932,64.69542,17.39927,1.32054,5.67817,1.31885,0.05817,14.67353,13.8714,29.43582,3.0,9.24283,7.116983021,80.91027245
0,1,58_58,21.4658,62.4231,14.05968,2.40352,5.11142,1.26813,0.05694,5.19794,13.02542,22.07499,2.0,5.21909,6.791381178,80.55911858
0,1,58_60,21.28473,62.54121,14.33172,2.39736,5.10006,1.26516,0.05758,4.81481,13.02597,22.06855,3.0,1.92458,6.822888017,80.56234243
0,0,66_66,25.65367,51.75705,21.31914,2.3073,5.30875,1.15743,0.06967,5.5127,15.79234,29.91033,1.0,1.08471,6.992073986,80.76876773
0,2,62_66,25.09241,54.69744,19.35935,2.28487,5.25364,1.18063,0.06683,2.54224,14.62257,26.27535,1.0,5.62878,7.000205149,80.66159939
0,3,64_69,24.71556,54.10906,19.93037,2.10773,5.35232,1.22055,0.06172,5.31042,14.57545,28.60399,1.0,3.49588,7.087123017,80.71083302
0,1,68_65,23.39372,53.67582,21.2793,2.23249,5.3332,1.15542,0.0711,9.21706,15.67962,31.38673,2.0,1.71221,6.963952412,80.8342653
0,4,60_59,22.57508,60.09766,15.30142,2.44447,5.18003,1.2471,0.05784,4.50507,13.68269,22.464,2.0,1.36977,6.795686539,80.60857038
0,0,72_70,15.33513,66.00468,16.7232,1.30184,5.68103,1.33085,0.05861,14.76188,13.7502,28.93313,2.0,9.84559,7.111078621,80.93448898
0,1,62_67,25.12547,54.38983,19.54617,2.21846,5.31825,1.18709,0.06543,2.88469,14.69115,26.59798,4.0,5.30563,7.025052054,80.67224353
0,4,57_63,19.03956,65.98475,13.55944,2.16396,5.07295,1.27279,0.05958,3.17789,13.38781,20.17054,3.0,0.67367,6.91407031,80.5263262
0,2,59_61,21.70371,61.16051,15.70401,2.19091,5.13227,1.24768,0.06195,2.72803,14.11035,21.45419,2.0,1.855,6.864483598,80.59163451
0,0,72_70,16.81124,63.62009,17.20684,1.9625,5.61034,1.28239,0.06175,15.40879,14.52122,30.89767,3.0,11.41854,7.093995917,80.93298968
0,3,67_62,28.18457,47.81001,23.4094,2.17963,5.27333,1.14269,0.07597,0.80183,15.02867,28.31381,1.0,2.1268,6.886853495,80.78768014
0,2,59_62,21.08894,62.55677,14.98783,2.22929,5.06178,1.25017,0.06116,2.7483,14.11975,21.27101,2.0,1.3314,6.882277785,80.56817019
0,4,70_70,17.68187,62.36817,18.248,2.11406,5.54674,1.25831,0.05937,13.93118,15.2195,30.43309,2.0,7.82304,7.109636045,80.88958497
0,4,56_61,21.59015,62.80101,14.18349,2.34024,5.00355,1.25095,0.05569,3.8172,11.78931,22.86283,1.0,2.34745,6.862262347,80.50786239
0,4,66_67,24.03682,53.76318,20.97667,2.25952,5.30796,1.18522,0.0646,6.60006,15.65069,29.157,3.0,3.72653,7.032271933,80.76110889
0,3,64_60,25.59299,53.31476,20.14444,2.26167,5.21561,1.17873,0.06729,1.93383,14.55841,25.9051,2.0,1.32284,6.830590404,80.70804587
0,2,61_66,21.08047,61.18322,16.8162,2.28735,5.21583,1.19664,0.06327,1.47635,14.32932,21.23771,3.0,2.54515,6.996971328,80.61995768
0,1,55_63,20.18177,64.43037,13.95618,2.075,5.07557,1.2904,0.05918,3.10816,12.66065,21.34617,3.0,2.3499,6.919740163,80.47080767
0,2,59_61,21.16997,62.22136,15.01551,2.19661,5.05338,1.25672,0.06158,3.65054,13.29632,21.55348,2.0,1.47993,6.848369908,80.56736089
0,3,71_70,15.7216,65.10877,17.25704,1.31913,5.68507,1.32136,0.05807,14.7397,13.86972,29.25469,1.0,9.43724,7.114715622,80.91686905
0,0,61_60,24.48647,56.42818,17.87716,2.3027,5.09226,1.21666,0.06367,3.25776,13.44079,25.19078,2.0,3.48685,6.839154425,80.64008378
0,1,72_66,17.56574,60.06684,19.67696,2.05794,5.46105,1.19894,0.06834,18.45373,15.66378,34.76509,1.0,2.20869,6.997456731,80.92028598
0,0,66_66,25.57925,51.44259,21.72608,2.27683,5.27936,1.14898,0.06921,6.77082,15.84628,31.12574,1.0,1.56941,6.987537986,80.7820351
0,3,66_58,24.94646,52.79922,20.92377,2.23181,5.34405,1.20195,0.07163,3.45144,14.89359,26.91705,1.0,2.73485,6.783241137,80.75910315
0,0,63_66,25.82895,53.22478,20.4308,2.27802,5.27513,1.17187,0.06698,1.71002,15.42003,26.4643,3.0,4.17073,6.984182177,80.68595388
0,4,60_62,22.78232,59.10676,17.16996,2.19603,5.14561,1.22326,0.06325,1.86765,14.11859,22.59249,2.0,2.05761,6.890478534,80.61521288
0,4,64_63,30.5474,46.71407,22.98692,2.26805,5.28208,1.15725,0.06513,0.40121,15.4491,30.40418,1.0,0.84413,6.923851061,80.70452676
0,1,57_58,20.77968,64.36818,13.12222,2.37995,5.08099,1.28283,0.05251,5.55427,11.37969,22.9236,1.0,5.30232,6.782461763,80.53494036
0,1,57_62,21.15419,63.00399,14.42032,2.09868,5.04425,1.25172,0.05721,2.68674,12.6405,21.54537,2.0,2.55225,6.886998165,80.5128106
0,2,60_69,24.20091,56.81391,18.0862,1.49133,5.41395,1.27232,0.06654,0.22378,13.45231,23.06122,2.0,2.53473,7.070880617,80.60105126
0,0,68_70,21.06736,57.89305,19.38773,2.03964,5.51572,1.24701,0.05878,10.10238,15.17648,29.62573,4.0,4.16627,7.107591602,80.81747583
0,2,69_73,17.25196,64.57477,16.86126,1.24526,5.78401,1.34476,0.05316,12.17957,13.51655,28.27602,4.0,3.33117,7.18045424,80.86117862
0,1,67_68,22.08761,55.85072,20.56201,2.12532,5.39912,1.20772,0.06418,9.76292,15.18499,30.60099,2.0,3.57697,7.040587266,80.80652475
0,3,65_58,24.94646,52.79922,20.92377,2.23181,5.34405,1.20195,0.07163,3.45144,14.89359,26.91705,1.0,3.49606,6.788441084,80.75430956
0,2,61_58,23.0855,58.7899,16.50004,2.4541,5.17651,1.23615,0.05951,4.34187,13.68846,24.10776,3.0,1.74305,6.790615988,80.63548572
0,3,64_61,26.46433,51.8283,20.9741,2.26618,5.21327,1.1703,0.06854,1.39902,14.56262,26.53032,1.0,0.50966,6.854567706,80.71938442
0,3,65_58,23.90478,55.21912,19.44335,2.24509,5.30477,1.20562,0.06718,4.259,14.57716,26.39219,2.0,3.26631,6.776268804,80.72931286
0,0,61_62,23.4967,57.96305,17.71854,2.20331,5.14492,1.21763,0.06368,1.65859,14.12154,23.22191,4.0,2.65954,6.892835414,80.62244674
0,3,64_65,26.71678,51.69568,21.16384,2.30015,5.25342,1.15945,0.06808,1.75542,15.42489,27.48352,2.0,4.38111,6.971582695,80.70325036
0,4,67_70,21.43989,57.29916,19.5629,2.0377,5.51182,1.24786,0.05885,9.86238,15.17566,29.6523,4.0,4.7388,7.110379297,80.80563415
0,2,62_58,22.8318,58.71852,16.80313,2.41773,5.24781,1.25727,0.05956,5.39117,13.75332,25.58074,1.0,4.14099,6.769129416,80.66415085
0,2,73_69,16.78935,63.33146,17.3824,1.92651,5.62514,1.261,0.06347,16.08927,14.71261,31.5473,2.0,9.74047,7.079630209,80.94715746
0,3,65_66,24.77448,53.33288,20.99778,2.27773,5.30557,1.17898,0.06472,4.54231,15.64803,28.02576,1.0,1.63506,7.008013434,80.72866513
0,3,71_73,14.56094,68.31605,15.7019,0.98499,5.842,1.38565,0.05445,13.02781,13.4928,26.4611,,2.46107,7.189882857,80.90015123
0,3,60_60,23.03461,59.19635,16.06433,2.2812,5.09337,1.24011,0.06153,3.95336,13.43,23.29928,2.0,3.49271,6.828491538,80.60392714
0,0,67_75,20.7499,62.11238,16.04521,1.06,5.79737,1.34336,0.05337,6.74886,13.63255,26.53826,3.0,2.52493,7.231962271,80.79401927
0,2,71_72,14.41916,68.03527,15.8425,0.98909,5.81198,1.37747,0.05621,13.85597,13.4975,27.06665,3.0,4.14044,7.165592271,80.90521533
0,2,66_60,26.00293,50.82946,22.18853,2.23685,5.23281,1.17793,0.07435,1.29431,14.08849,26.17533,1.0,3.81971,6.820015663,80.76715874
0,0,66_59,25.97547,51.17612,21.85184,2.23283,5.23338,1.18095,0.07343,1.68899,14.08749,26.44095,2.0,3.57982,6.819125826,80.75974161
0,3,61_63,25.3213,55.00012,19.23076,2.21637,5.20424,1.19702,0.06376,0.7405,14.77237,24.68131,1.0,2.62276,6.908180172,80.64057696
0,2,63_65,26.71678,51.69568,21.16384,2.30015,5.25342,1.15945,0.06808,1.75542,15.42489,27.48352,3.0,4.25017,6.978368907,80.69595207
0,0,61_62,24.9052,55.50318,18.86044,2.21088,5.23206,1.20087,0.06146,1.54397,14.54904,24.59989,2.0,1.18808,6.877254084,80.63960656
0,0,61_62,24.32187,56.52981,18.46206,2.21504,5.20418,1.21149,0.06318,1.10714,14.76965,23.7509,3.0,2.1111,6.894864518,80.63801282
0,2,56_60,21.05656,63.62704,13.72397,2.61112,5.00116,1.25942,0.05591,5.59227,12.25058,23.85338,1.0,2.51452,6.833706526,80.50889917
0,0,62_60,24.41389,56.4093,17.84601,2.3086,5.10115,1.2175,0.06397,3.56007,13.44266,25.33408,2.0,0.9313,6.821470389,80.65761893
0,1,65_71,23.61613,54.59821,19.93385,1.50779,5.40553,1.26081,0.05844,8.39416,14.161,29.92016,3.0,2.2116,7.119874931,80.75223321
0,0,66_72,22.97451,56.84822,18.73044,1.51738,5.51294,1.26464,0.055,6.32832,14.22402,27.81883,2.0,5.72126,7.158596256,80.75665095
0,1,66_68,23.67542,53.96085,20.90445,2.16907,5.28405,1.19972,0.06407,8.48923,15.3137,30.68421,2.0,5.11728,7.055152475,80.77612636
0,3,67_61,26.36742,49.53296,23.18094,2.20782,5.2619,1.16618,0.07719,0.6339,14.69038,26.22405,1.0,1.65462,6.857111468,80.80433095
0,0,62_60,24.54941,55.60054,18.6596,2.23913,5.21995,1.19813,0.06365,2.55621,14.55003,24.83306,3.0,2.39089,6.827253024,80.67408985
0,1,68_59,24.2149,52.65482,21.65472,2.18712,5.34549,1.17949,0.07626,3.02733,14.70616,26.1634,2.0,1.78035,6.801875587,80.82382705
0,1,57_62,19.79073,65.12128,13.60773,2.1733,5.05355,1.25013,0.05896,3.45741,13.38735,20.97818,2.0,1.40546,6.896593986,80.52011722
0,0,66_61,27.92042,48.58974,22.8173,2.25362,5.24494,1.14107,0.07322,1.09135,14.8496,28.12983,2.0,3.01316,6.872742797,80.76877433
0,4,61_67,23.69771,57.06379,18.2786,2.25258,5.27593,1.19713,0.06661,2.16643,14.615,24.44837,2.0,4.93055,7.014194232,80.63510014
0,2,55_67,19.73267,65.11097,13.77078,1.55641,5.20837,1.30975,0.06186,3.48806,12.12559,21.72582,3.0,0.5678,7.020794657,80.47507738
0,1,71_66,17.99727,59.08806,20.18834,2.06956,5.44006,1.18862,0.0689,19.74859,15.6671,36.47018,2.0,2.39375,6.991464887,80.89719554
0,3,64_60,25.59299,53.31476,20.14444,2.26167,5.21561,1.17873,0.06729,1.93383,14.55841,25.9051,2.0,1.47423,6.832689735,80.70693582
0,4,60_59,22.57508,60.09766,15.30142,2.44447,5.18003,1.2471,0.05784,4.50507,13.68269,22.464,2.0,1.79468,6.79893542,80.60598513
0,0,64_70,24.25131,55.05009,19.38866,1.50892,5.36485,1.25215,0.0605,5.38718,13.96901,28.18166,2.0,3.19983,7.100064892,80.70889218
0,1,68_68,20.81198,57.46539,19.71756,2.138,5.46911,1.19592,0.06395,12.90821,15.38853,32.35997,2.0,2.47994,7.044283199,80.83264221
0,1,70_71,17.00961,63.89761,17.41,1.31023,5.70514,1.32411,0.05637,12.74544,13.87083,28.48254,2.0,6.13133,7.143363607,80.87307991
0,0,69_65,22.39719,55.16449,20.53145,2.21718,5.39329,1.16104,0.07032,10.90772,15.56192,31.98328,3.0,2.25159,6.972753949,80.84019064
0,2,61_66,22.6517,58.69883,17.87173,2.31367,5.2034,1.18257,0.06396,1.48346,14.33552,22.85175,1.0,4.25189,6.982890656,80.63645434
0,4,66_67,23.89437,53.67936,21.1749,2.27789,5.28513,1.17362,0.06582,7.33597,15.65472,29.81498,4.0,2.36792,7.022612605,80.77436048
0,1,70_69,20.33629,58.31325,19.31201,2.18749,5.48952,1.21463,0.06151,14.33414,16.03778,33.33722,2.0,4.19597,7.077364631,80.86975236
0,3,64_59,24.94457,54.3115,19.5104,2.28301,5.20044,1.19825,0.0663,3.30228,13.95973,26.41186,1.0,2.54406,6.808641687,80.71144486
0,4,67_70,21.59369,57.70157,19.06381,1.49034,5.52158,1.27731,0.05678,9.828,14.33682,29.8141,4.0,5.39442,7.11742806,80.80857255
0,1,68_59,24.90991,51.34812,22.50115,2.20309,5.32212,1.17896,0.07718,1.58224,14.70768,25.54195,1.0,1.7935,6.816709189,80.81362151
0,4,66_62,29.33823,46.78018,23.44391,2.23848,5.24347,1.139,0.07217,1.0958,14.85174,29.75195,1.0,4.31666,6.895955522,80.76717658
0,1,57_65,17.89675,67.42727,13.44196,2.18847,5.14257,1.24249,0.06225,1.93114,12.79332,18.16021,2.0,0.54266,6.958797756,80.52256806
0,1,68_68,21.70761,56.25495,20.47913,2.12626,5.40108,1.20706,0.06429,10.4674,15.18603,30.93621,1.0,3.10851,7.042206907,80.81578187
0,2,55_67,19.49656,65.50261,13.61031,1.56036,5.20334,1.30811,0.06124,3.54352,12.12531,21.51803,2.0,0.99482,7.01193359,80.47398656
0,1,66_65,27.45078,49.36946,22.43042,2.22471,5.3207,1.13993,0.07148,3.11695,15.60707,29.63404,1.0,1.2248,6.959052267,80.75861668
0,2,60_61,22.98428,59.15078,16.39786,2.27886,5.08624,1.23702,0.06156,3.68258,13.42994,23.59013,2.0,2.79565,6.854209243,80.60868726
0,0,60_64,20.35393,62.89574,15.7426,2.21836,5.11829,1.24065,0.0653,1.62392,13.67143,20.21,2.0,1.27754,6.930408009,80.5934637
0,2,66_64,28.68208,47.52849,23.24964,2.25202,5.30584,1.14888,0.07311,2.00169,15.60855,29.93876,1.0,1.98594,6.936147114,80.7685621
0,0,66_66,24.36606,53.22366,21.30096,2.28907,5.27987,1.16927,0.06615,6.39762,15.65418,29.42985,3.0,1.37047,7.00937187,80.76456141
0,4,56_61,21.59015,62.80101,14.18349,2.34024,5.00355,1.25095,0.05569,3.8172,11.78931,22.86283,2.0,2.07234,6.86515883,80.50959737
0,1,66_74,21.30236,61.04059,16.34868,1.0618,5.78616,1.33968,0.05427,6.81816,13.63362,27.01331,2.0,3.54389,7.217963775,80.78085675
0,3,64_65,26.81122,51.08382,21.37749,2.3173,5.31273,1.14842,0.06797,2.72003,15.78597,28.45301,1.0,5.01414,6.974696654,80.71808647
0,0,66_61,26.73398,49.78657,22.71532,2.20731,5.26017,1.15558,0.07483,0.45539,14.6869,26.22495,2.0,1.88248,6.850719846,80.76701767
0,3,64_69,24.78943,53.952,20.06184,2.12023,5.33897,1.2156,0.06209,5.33362,14.57658,28.74669,2.0,3.19589,7.081167857,80.70890729
0,0,66_61,27.92042,48.58974,22.8173,2.25362,5.24494,1.14107,0.07322,1.09135,14.8496,28.12983,2.0,2.89906,6.872382626,80.76977152
0,0,62_61,24.7229,55.64573,18.63156,2.22458,5.22438,1.20943,0.0624,2.06089,14.54898,24.56709,2.0,2.95914,6.853260476,80.65105049
0,2,60_61,22.97111,59.22889,16.42787,2.29484,5.0669,1.23587,0.06342,3.0873,13.65611,23.23707,2.0,2.30077,6.858093269,80.60594745
0,2,60_61,22.98428,59.15078,16.39786,2.27886,5.08624,1.23702,0.06156,3.68258,13.42994,23.59013,2.0,2.73909,6.854614816,80.60826571
0,1,56_66,19.34635,65.35863,14.11568,2.14251,5.1555,1.26607,0.06406,1.73279,12.79061,19.62855,2.0,3.27591,7.001149933,80.50999294
0,0,63_70,24.25963,55.35853,19.11577,1.50216,5.37909,1.25675,0.06078,4.65188,13.96678,27.51883,3.0,3.21414,7.103622277,80.6969536
0,0,55_66,20.16934,64.18245,14.22724,1.49565,5.14735,1.26902,0.05898,3.80954,12.29892,22.38671,2.0,0.85814,6.987540326,80.46816436
0,0,60_67,21.61208,60.36926,17.04755,2.26777,5.22682,1.20353,0.06379,1.51995,14.32826,21.8127,2.0,2.93427,7.010002911,80.6143794
0,3,67_61,26.32801,49.29214,23.50535,2.21328,5.26207,1.16292,0.07759,-0.19216,14.68931,25.40562,2.0,1.54934,6.856321012,80.80077686
0,1,68_64,25.97817,50.50678,22.25715,2.24201,5.31053,1.13111,0.07459,5.48775,15.61433,30.49008,1.0,1.36218,6.94730032,80.81050162
0,2,66_60,26.37721,50.63686,22.03033,2.21854,5.31468,1.17669,0.07324,1.21734,14.93992,26.41257,1.0,1.8197,6.835118547,80.75702801
0,0,63_60,25.11614,54.22758,19.58867,2.25579,5.21724,1.1925,0.06614,2.27969,14.55542,25.56694,3.0,2.61581,6.820141426,80.69848636
0,3,72_67,16.92804,60.94291,19.44519,2.09994,5.47243,1.20864,0.06739,19.52951,15.75665,35.18129,2.0,4.87241,7.023304063,80.92185612
0,3,71_69,17.79936,61.52478,18.32832,2.17611,5.53329,1.2264,0.06229,17.17769,15.73056,33.68459,2.0,8.24898,7.068275392,80.9140907
0,2,67_71,22.57463,56.87734,18.97255,1.52468,5.51353,1.27485,0.05673,8.77819,14.52574,29.71412,3.0,6.22979,7.132096631,80.79635122
0,4,67_60,26.24045,49.1801,23.74361,2.24655,5.23437,1.17053,0.07701,-0.97791,14.09113,24.52046,2.0,3.10136,6.824466288,80.79147498
0,0,58_63,18.30019,66.69504,13.65711,2.1678,5.0931,1.26796,0.06013,2.86697,13.39147,19.26811,3.0,3.47955,6.928056983,80.54997822
0,4,70_70,17.54582,62.92961,17.79133,1.49542,5.6112,1.29487,0.05621,13.52947,14.41209,29.87591,4.0,8.25754,7.113778542,80.89132542
0,3,67_62,27.07044,48.94204,23.11675,2.19168,5.26226,1.16709,0.07603,1.81411,14.69358,28.13273,2.0,2.01493,6.888070652,80.80759615
0,1,60_68,23.78581,57.41691,17.89268,1.49587,5.41135,1.27055,0.0661,0.3064,13.45222,22.70608,2.0,3.27804,7.056178336,80.59766076
0,3,68_61,25.88826,49.98887,23.1018,2.20829,5.26679,1.16527,0.07762,0.56185,14.68933,25.66755,1.0,2.89892,6.851991295,80.81690662
0,2,56_62,20.99253,63.57951,14.01098,2.07398,5.02133,1.28612,0.05667,2.92374,12.63529,21.85266,1.0,2.53783,6.896145318,80.48578889
0,1,57_58,20.25979,64.65477,13.28832,2.64836,4.99673,1.28511,0.05108,6.43606,11.65714,23.48011,1.0,4.99916,6.786122701,80.52169478
0,1,62_67,25.12547,54.38983,19.54617,2.21846,5.31825,1.18709,0.06543,2.88469,14.69115,26.59798,,5.62207,7.021190871,80.66912651
0,0,66_73,21.75862,59.05998,17.69304,1.35043,5.68113,1.30737,0.05499,7.2651,13.88331,27.65882,1.0,5.42918,7.185570094,80.78224039
0,3,59_64,15.0455,70.65791,13.09573,2.27335,5.14424,1.22515,0.06285,2.00398,13.41722,15.62912,2.0,3.8607,6.952686326,80.57847189
0,3,66_63,29.84068,46.10449,23.69846,2.2325,5.24421,1.13907,0.07179,1.04531,14.85234,30.27482,1.0,4.92545,6.907376165,80.76706114
0,1,58_58,20.92038,63.84272,13.40606,2.47083,5.11242,1.28197,0.0544,6.61871,11.7893,23.95581,2.0,5.60148,6.780170318,80.5388067
0,3,64_61,26.87993,51.24534,21.24998,2.26444,5.21282,1.16782,0.06856,1.21355,14.56376,26.86137,2.0,0.87041,6.85690158,80.723787
0,3,67_58,24.29625,52.74166,21.57331,2.18801,5.34967,1.18227,0.0752,2.87158,14.7046,26.0201,1.0,1.16262,6.792796133,80.80197224
0,0,66_61,27.92042,48.58974,22.8173,2.25362,5.24494,1.14107,0.07322,1.09135,14.8496,28.12983,4.0,2.78378,6.868148751,80.76745595
0,0,66_59,25.22581,51.73236,21.86192,2.22856,5.25867,1.18419,0.07438,1.79552,14.08683,25.90498,1.0,2.92175,6.80554218,80.78158428
0,2,56_60,21.05656,63.62704,13.72397,2.61112,5.00116,1.25942,0.05591,5.59227,12.25058,23.85338,3.0,2.549,6.829184826,80.50835353
0,2,62_58,22.9654,58.36834,17.06006,2.41986,5.2484,1.25404,0.06022,5.33709,13.75513,25.82159,2.0,3.27777,6.765946042,80.67389191
0,4,67_66,25.57925,51.44259,21.72608,2.27683,5.27936,1.14898,0.06921,6.77082,15.84628,31.12574,1.0,1.7766,6.98626314,80.78858204
0,1,66_74,21.06917,60.88558,16.6563,1.06211,5.77497,1.33846,0.05479,7.15821,13.63426,27.02934,2.0,4.7149,7.207395034,80.78166037
0,3,57_59,20.61024,63.88137,13.7722,2.63301,5.01264,1.27811,0.05621,5.20263,12.25467,22.41713,2.0,1.41639,6.817471733,80.531486
0,4,63_67,25.35372,53.72046,19.87806,2.21582,5.31664,1.19499,0.0658,3.59661,14.69417,27.48681,2.0,3.73963,7.034363298,80.68935544
0,3,64_59,25.33088,53.50548,20.0349,2.29162,5.19241,1.19005,0.06766,2.90001,13.96261,26.57583,1.0,1.36449,6.818285858,80.71612006
0,3,70_66,18.26717,59.03696,20.02216,2.03962,5.42137,1.18954,0.06893,18.95098,15.18614,35.9423,1.0,2.98188,6.995226681,80.8904655
0,3,63_61,26.78272,52.2628,20.46019,2.23818,5.21816,1.18186,0.06473,1.14559,14.55705,26.49023,2.0,3.2438,6.873032879,80.67851198
0,2,62_59,24.41389,56.4093,17.84601,2.3086,5.10115,1.2175,0.06397,3.56007,13.44266,25.33408,2.0,0.87313,6.818969849,80.65255257
0,0,61_60,23.66719,57.96212,16.86805,2.29189,5.09547,1.22823,0.0625,3.71502,13.43522,24.19693,1.0,4.05188,6.828954295,80.6247537
0,3,65_58,23.82425,54.71538,19.97718,2.24248,5.37715,1.21752,0.06826,4.09468,15.24256,26.26292,1.0,3.83981,6.7669522,80.74539686
0,4,65_61,26.93092,50.92927,21.49799,2.27036,5.21243,1.1641,0.06958,1.15119,14.56558,26.92006,1.0,2.07321,6.865129496,80.73107882
0,1,66_68,23.49982,54.15549,20.93441,2.25096,5.30746,1.18777,0.06453,8.00834,15.65268,29.92957,2.0,4.59464,7.04273769,80.77315144
0,4,67_70,21.59369,57.70157,19.06381,1.49034,5.52158,1.27731,0.05678,9.828,14.33682,29.8141,2.0,5.49509,7.115668874,80.80038998
0,4,59_65,18.37939,65.61128,14.96508,2.27169,5.15325,1.22147,0.06388,1.87209,13.422,18.8972,1.0,1.49991,6.976877721,80.59193142
0,4,68_73,20.31473,60.98535,17.47139,1.27041,5.69668,1.325,0.05503,9.15297,13.96345,28.31055,3.0,1.27512,7.17860643,80.81952406
0,1,62_67,25.12547,54.38983,19.54617,2.21846,5.31825,1.18709,0.06543,2.88469,14.69115,26.59798,,5.45548,7.018740291,80.67063663
0,3,71_73,14.56094,68.31605,15.7019,0.98499,5.842,1.38565,0.05445,13.02781,13.4928,26.4611,,2.61594,7.189511132,80.89876889
0,2,63_65,26.26751,52.27438,20.9149,2.28764,5.26256,1.16514,0.06781,2.10549,15.42387,27.31989,3.0,4.7487,6.981929038,80.70011515
0,1,58_60,20.7575,63.38289,14.23176,2.405,5.07089,1.2664,0.05918,4.23251,13.24926,21.70748,4.0,0.70783,6.845165962,80.54580188
0,0,66_75,24.97457,57.74622,15.76812,1.17446,5.6238,1.32002,0.05289,6.66534,13.69296,30.567,,2.07667,7.240933198,80.76353118
0,3,57_64,17.93882,67.38161,13.35633,2.26137,5.09965,1.27592,0.06234,2.5414,13.40747,18.62801,1.0,1.98643,6.937559,80.53296752
0,4,57_63,20.31368,64.15454,14.17449,2.07724,5.06093,1.25465,0.05795,2.47513,12.63812,20.80655,4.0,0.4357,6.918213976,80.51305988
0,3,57_59,20.71071,64.40446,13.17487,2.60069,5.08383,1.28152,0.0545,5.2191,11.94741,22.51201,2.0,2.46699,6.808213766,80.52810344
0,1,71_66,17.99727,59.08806,20.18834,2.06956,5.44006,1.18862,0.0689,19.74859,15.6671,36.47018,1.0,2.34084,6.99064115,80.89530036
0,4,59_59,21.78572,61.94733,14.03059,2.40714,5.11624,1.26053,0.05759,5.01059,13.02786,21.51651,1.0,4.67113,6.794633602,80.56694095
0,2,69_66,22.12114,55.23886,20.72195,2.13551,5.38152,1.16627,0.06891,12.25272,15.38197,33.25744,1.0,3.82985,6.99300631,80.84591003
0,4,60_59,23.02163,59.41199,15.49052,2.2823,5.10398,1.24459,0.06119,4.38482,13.4297,22.75647,2.0,2.37597,6.804519717,80.60362287
0,0,61_62,24.32234,56.5511,18.35894,2.2205,5.20112,1.21184,0.06317,1.23943,14.76952,23.72697,2.0,2.14176,6.892229325,80.63497155
0,1,65_71,23.65907,54.8535,19.84867,1.53197,5.44261,1.25634,0.0569,7.83148,14.22338,29.68166,3.0,2.56897,7.122498468,80.74420369
0,2,69_73,17.57668,64.44074,16.69604,1.00881,5.79621,1.37583,0.05393,11.5464,13.23984,27.95531,2.0,1.66482,7.191912911,80.83965062
0,4,55_64,20.16832,64.66626,13.73027,2.03932,5.07381,1.2598,0.05919,3.38627,12.65588,21.83862,3.0,4.13631,6.944015199,80.45978312
0,2,61_58,22.66939,59.47932,16.1507,2.45343,5.18879,1.26681,0.05804,5.0297,13.68584,24.53045,1.0,2.82888,6.767455739,80.63127873
0,4,65_61,27.00591,50.30552,22.01002,2.28187,5.2126,1.15701,0.07164,0.95249,14.56912,26.93021,3.0,1.49685,6.863327933,80.74763227
0,4,61_64,24.93539,55.52464,19.1712,2.26913,5.16296,1.20429,0.06568,0.40006,14.58804,24.10382,1.0,0.83366,6.932463535,80.64286983
0,4,65_65,26.73848,50.65952,21.68395,2.32819,5.29774,1.14896,0.06968,3.71662,15.79075,29.35907,2.0,2.1895,6.97158859,80.74747282
0,3,72_69,17.40559,62.23448,17.98809,2.09319,5.55402,1.23564,0.06275,17.00958,15.40975,33.13875,4.0,9.56689,7.066058695,80.93887739
0,3,66_76,30.54626,53.60898,14.28855,1.03078,5.70543,1.33812,0.05208,11.05854,12.77542,40.62941,2.0,1.32557,7.258168661,80.76807045
0,3,59_64,18.73085,65.30419,14.8664,2.20045,5.12652,1.21795,0.06474,1.76125,13.6669,18.80479,2.0,1.69719,6.932799327,80.58991851
0,0,66_59,24.58539,52.72267,21.40829,2.19216,5.33988,1.19208,0.07382,2.79441,14.70329,26.08869,1.0,2.92264,6.796410514,80.77898082
0,2,64_58,24.49611,54.87977,19.25377,2.27845,5.21983,1.20491,0.06595,3.81892,13.95912,26.49412,1.0,2.46594,6.781980667,80.72222077
0,0,62_60,24.5527,55.75156,18.54435,2.23305,5.22136,1.21,0.06304,2.41594,14.54917,24.63333,2.0,1.98801,6.830547318,80.66191165
0,4,58_61,21.32487,62.69163,14.40849,2.25276,4.98608,1.25779,0.06028,3.62173,12.99716,21.95,2.0,1.1675,6.86042558,80.55166718
0,2,63_58,24.03292,56.12061,18.34116,2.26196,5.22325,1.2417,0.06309,4.31583,13.95317,26.12762,1.0,1.53266,6.773228478,80.68790185
0,3,67_58,24.16845,53.31817,21.1169,2.18236,5.35796,1.18892,0.0735,3.34137,14.70248,26.2097,1.0,1.73387,6.783610039,80.78778915
0,3,65_58,24.08183,54.11242,20.38495,2.27236,5.36892,1.21885,0.07083,3.67908,15.08734,26.22221,1.0,2.96825,6.779751604,80.75498179
0,1,70_68,19.4395,58.98867,19.31613,2.12533,5.49198,1.20155,0.0635,15.70486,15.38957,33.7682,2.0,2.35365,7.045663236,80.86442507
0,2,62_58,24.17798,56.17007,18.19901,2.26115,5.20608,1.21673,0.06274,3.90702,13.9517,25.60954,2.0,2.78813,6.791802195,80.67136019
0,4,67_69,21.23809,57.32239,19.75404,2.06267,5.47999,1.23651,0.0604,10.51138,15.17907,30.22499,3.0,2.12575,7.085817501,80.80906402
0,3,71_67,16.97676,60.01421,20.00168,2.15746,5.44164,1.20461,0.06585,24.28684,15.84972,39.84424,3.0,5.4995,7.032349507,80.89972351
0,2,69_67,19.50097,58.46792,19.68857,2.14891,5.46145,1.19006,0.06527,16.58412,15.3927,34.74474,1.0,0.787,7.028731105,80.85700946
0,0,55_65,20.0331,64.55154,14.00893,2.0341,5.10364,1.26154,0.06026,3.03167,12.65746,21.40395,2.0,1.27134,6.96889252,80.47296875
0,2,70_72,15.28973,67.01754,16.11561,0.98994,5.80838,1.37374,0.05565,12.97466,13.50121,27.03307,,5.30841,7.170466113,80.8821079
0,0,56_58,20.8729,63.91135,13.53346,2.62678,4.98139,1.26272,0.04959,6.07822,11.65121,24.24438,1.0,4.53048,6.790934843,80.49300141
0,0,58_59,21.44876,62.42429,14.09864,2.40172,5.10806,1.26639,0.05723,5.04879,13.02567,21.93313,4.0,4.01845,6.801530915,80.56305827
0,4,68_73,20.31473,60.98535,17.47139,1.27041,5.69668,1.325,0.05503,9.15297,13.96345,28.31055,4.0,0.86839,7.180134386,80.82318784
0,0,58_63,18.99812,65.74322,13.8994,2.17622,5.0855,1.2661,0.05998,2.95261,13.39249,19.92093,2.0,2.46639,6.91719159,80.54604843
0,4,67_73,21.01364,60.38503,17.28808,1.28908,5.69973,1.31641,0.05434,7.95221,13.5876,27.71525,3.0,3.59383,7.187879765,80.79957279
0,4,66_62,27.57023,48.441,23.29623,2.19992,5.25782,1.16551,0.07556,0.84681,14.69165,27.66511,2.0,2.39539,6.884792116,80.78055205
0,4,65_63,29.08532,47.73343,22.7893,2.2876,5.2673,1.15357,0.06831,1.81625,15.45439,30.11076,2.0,3.92618,6.924452138,80.73509383
0,3,63_64,28.16702,50.47755,21.27128,2.42385,5.22264,1.14266,0.06337,0.87674,15.32303,28.25356,1.0,1.52149,6.950610091,80.68375601
0,3,65_66,24.65696,53.15646,21.19049,2.28369,5.29209,1.17504,0.06546,5.40718,15.65112,28.74883,1.0,2.92485,7.007906002,80.743544
0,4,66_70,22.53132,55.78422,19.81817,1.49265,5.49282,1.27539,0.05778,9.97567,14.33553,30.52788,2.0,3.39512,7.103137312,80.78057501
0,2,58_62,20.81761,63.29689,14.39811,2.20738,5.05936,1.25822,0.05951,3.32399,13.39623,21.50365,2.0,1.94639,6.880678406,80.5459951
0,0,66_66,25.43598,51.76109,21.54505,2.26122,5.29153,1.15599,0.0682,6.72541,15.84406,30.87529,1.0,0.6989,6.994608417,80.77509146
0,0,61_59,23.98984,57.22065,17.28864,2.30266,5.10453,1.22599,0.0632,3.88165,13.4397,24.8875,1.0,1.98047,6.811578722,80.63992242
0,3,64_69,24.35981,55.06183,19.37528,1.51233,5.35418,1.2499,0.06093,4.95821,13.9677,27.9714,2.0,2.48303,7.084998786,80.70191378
0,3,67_62,27.22724,48.76208,23.22417,2.19928,5.25926,1.16565,0.07605,1.12611,14.69216,27.59931,3.0,1.13438,6.881317779,80.79604966
0,2,59_61,20.99921,62.41286,15.0604,2.17856,5.12585,1.2533,0.06115,2.97349,14.10524,20.95444,3.0,0.6375,6.861645958,80.56877691
0,2,64_62,28.53448,49.48292,21.87811,2.24404,5.21571,1.16985,0.06627,0.46807,14.56311,28.08185,1.0,4.2178,6.892004918,80.70335163
0,1,68_65,23.39372,53.67582,21.2793,2.23249,5.3332,1.15542,0.0711,9.21706,15.67962,31.38673,3.0,1.23061,6.967583661,80.83087178
0,0,57_60,20.91897,63.78073,13.74148,2.60572,4.99962,1.25922,0.0562,5.45612,12.25016,23.68082,1.0,2.26063,6.837739976,80.51234689
0,3,66_58,23.83687,53.93616,20.74818,2.17258,5.37376,1.1958,0.07259,3.90212,14.7011,26.37808,2.0,1.19176,6.780617395,80.78185073
0,1,57_62,19.79073,65.12128,13.60773,2.1733,5.05355,1.25013,0.05896,3.45741,13.38735,20.97818,2.0,1.53275,6.896467017,80.51802937
0,0,65_60,25.73108,52.66224,20.58053,2.30019,5.18411,1.18105,0.06903,2.4787,13.96551,26.73067,1.0,1.20471,6.825469659,80.72991271
0,3,61_63,24.43841,56.59807,18.44329,2.20132,5.12894,1.20682,0.06294,0.83242,14.12094,23.81058,1.0,1.33441,6.916806462,80.63164502
0,3,63_61,26.78272,52.2628,20.46019,2.23818,5.21816,1.18186,0.06473,1.14559,14.55705,26.49023,2.0,3.84801,6.868910421,80.68300364
0,4,60_59,22.48274,60.55842,14.78278,2.41708,5.11972,1.24828,0.05947,4.47586,13.03546,21.60475,2.0,2.88955,6.801404627,80.59606538
0,0,72_70,15.19654,65.89847,16.92567,1.18672,5.70198,1.32582,0.0594,15.12579,13.76922,29.14825,2.0,10.52168,7.105253637,80.9412542
0,3,64_71,23.94178,55.09402,19.5493,1.52817,5.45669,1.25946,0.05756,5.99174,14.21888,28.40225,3.0,0.7402,7.126145539,80.72085358
0,4,70_70,17.68187,62.36817,18.248,2.11406,5.54674,1.25831,0.05937,13.93118,15.2195,30.43309,2.0,7.69033,7.109514293,80.88816115
0,2,64_58,23.90478,55.21912,19.44335,2.24509,5.30477,1.20562,0.06718,4.259,14.57716,26.39219,2.0,2.95202,6.776331499,80.72645286
0,3,64_69,24.64329,53.95913,20.07106,2.11077,5.34789,1.21891,0.06168,5.9006,14.57731,29.03072,1.0,3.42727,7.085076169,80.72280741
